date,temperature_2m_max,temperature_2m_min,temperature_2m_mean,precipitation_sum,wind_speed_10m_max,shortwave_radiation_sum,relative_humidity_2m_mean,surface_pressure_mean,cloud_cover_mean,dew_point_2m_mean,city
2000-01-01,30.7,13.6,22.3,0.0,10.0,20.91,25,957.1,3,0.3,Kano
2000-01-02,31.3,15.3,23.0,0.0,11.2,20.97,24,957.1,11,0.7,Kano
2000-01-03,29.7,15.6,22.6,0.0,14.7,20.95,19,957.6,24,-2.7,Kano
2000-01-04,27.8,15.2,21.4,0.0,15.3,20.93,30,958.5,23,2.7,Kano
2000-01-05,27.1,14.6,20.8,0.0,15.1,20.86,34,958.7,38,3.8,Kano
2000-01-06,28.0,14.5,21.1,0.0,14.3,20.95,34,958.7,4,4.1,Kano
2000-01-07,28.1,14.9,21.4,0.0,14.1,21.07,31,959.0,61,3.3,Kano
2000-01-08,28.6,15.1,21.8,0.0,16.4,21.16,30,959.8,79,3.1,Kano
2000-01-09,28.2,15.4,21.5,0.0,15.3,21.35,29,959.6,71,2.2,Kano
2000-01-10,28.3,15.0,21.4,0.0,13.4,20.55,29,959.3,98,2.4,Kano
2000-01-11,29.0,15.2,21.9,0.0,14.2,21.43,26,959.3,16,1.2,Kano
2000-01-12,29.6,15.2,22.0,0.0,14.3,21.65,22,958.2,3,-1.0,Kano
2000-01-13,30.9,13.8,22.4,0.0,9.3,21.65,26,956.7,17,1.3,Kano
2000-01-14,32.6,13.9,23.9,0.0,10.3,21.51,31,955.7,42,4.5,Kano
2000-01-15,32.1,16.6,24.3,0.0,10.5,21.55,27,957.0,50,3.1,Kano
2000-01-16,31.8,16.6,24.0,0.0,14.6,21.78,23,958.7,20,1.0,Kano
2000-01-17,30.6,16.2,23.4,0.0,16.1,21.83,25,959.0,18,2.1,Kano
2000-01-18,30.9,14.8,23.0,0.0,12.9,21.94,30,958.5,29,3.4,Kano
2000-01-19,31.5,14.1,23.0,0.0,10.9,22.19,29,958.7,33,2.9,Kano
2000-01-20,33.2,15.3,24.2,0.0,11.6,21.93,26,959.0,39,2.5,Kano
2000-01-21,33.2,16.6,24.8,0.0,15.0,21.97,20,958.8,24,-0.6,Kano
2000-01-22,33.4,16.4,24.8,0.0,11.1,22.09,20,957.7,0,-1.0,Kano
2000-01-23,34.4,16.4,25.5,0.0,11.0,22.25,18,956.7,11,-1.8,Kano
2000-01-24,35.3,16.6,25.9,0.0,10.8,22.36,19,957.1,55,-1.1,Kano
2000-01-25,35.0,15.7,25.6,0.0,10.9,22.67,18,958.5,47,-2.2,Kano
2000-01-26,34.1,17.0,25.6,0.0,16.3,22.82,14,959.9,10,-4.9,Kano
2000-01-27,33.9,17.6,25.8,0.0,19.0,22.74,14,960.5,0,-3.9,Kano
2000-01-28,31.7,19.2,25.4,0.0,23.7,22.7,14,960.6,0,-3.9,Kano
2000-01-29,28.0,16.3,22.0,0.0,18.5,22.72,16,962.1,0,-5.6,Kano
2000-01-30,26.8,13.1,19.9,0.0,15.9,23.19,14,962.4,0,-8.5,Kano
2000-01-31,25.1,12.6,18.9,0.0,20.1,23.09,18,963.8,2,-6.7,Kano
2000-02-01,24.9,12.1,18.5,0.0,19.9,23.01,18,965.0,31,-6.3,Kano
2000-02-02,24.7,12.7,18.6,0.0,20.6,23.04,19,964.7,76,-6.0,Kano
2000-02-03,25.4,12.2,18.7,0.0,17.9,23.18,19,963.4,65,-5.7,Kano
2000-02-04,26.7,12.0,19.3,0.0,15.0,23.19,24,962.5,16,-2.4,Kano
2000-02-05,27.4,12.3,20.0,0.0,13.2,23.09,21,962.3,74,-3.5,Kano
2000-02-06,27.8,12.5,20.0,0.0,13.0,23.55,17,962.3,32,-6.6,Kano
2000-02-07,26.9,12.3,19.7,0.0,18.2,23.68,17,962.8,15,-6.4,Kano
2000-02-08,26.6,12.4,19.6,0.0,15.1,23.49,23,962.7,79,-2.8,Kano
2000-02-09,26.4,12.0,19.4,0.0,14.2,23.39,25,962.4,80,-2.0,Kano
2000-02-10,25.3,12.4,18.9,0.0,16.2,23.77,21,962.2,1,-4.4,Kano
2000-02-11,25.9,11.2,18.5,0.0,14.2,23.82,20,961.9,0,-5.5,Kano
2000-02-12,25.9,11.3,18.6,0.0,17.6,24.25,17,961.8,19,-7.5,Kano
2000-02-13,26.3,11.3,18.9,0.0,14.4,24.03,16,961.6,36,-8.5,Kano
2000-02-14,27.8,11.6,19.9,0.0,13.9,23.86,17,960.7,1,-6.7,Kano
2000-02-15,27.9,13.4,20.7,0.0,14.6,23.84,14,961.2,0,-7.8,Kano
2000-02-16,28.4,12.9,20.8,0.0,14.8,24.01,15,960.9,0,-7.5,Kano
2000-02-17,28.8,13.7,21.3,0.0,15.9,24.04,16,960.9,3,-5.8,Kano
2000-02-18,29.4,13.7,21.7,0.0,15.5,24.1,17,960.8,0,-4.9,Kano
2000-02-19,30.8,14.8,22.8,0.0,14.8,24.16,17,960.9,14,-4.1,Kano
2000-02-20,33.0,15.4,24.2,0.0,11.9,24.43,17,959.5,23,-2.9,Kano
2000-02-21,33.8,17.6,25.6,0.0,12.5,24.27,17,959.6,6,-2.1,Kano
2000-02-22,34.4,18.2,26.1,0.0,14.8,24.32,16,959.9,2,-2.2,Kano
2000-02-23,33.2,17.2,25.3,0.0,15.3,24.9,12,959.0,2,-6.5,Kano
2000-02-24,32.6,15.9,24.1,0.0,13.9,25.29,10,959.0,24,-10.1,Kano
2000-02-25,32.4,14.9,23.9,0.0,16.8,25.19,12,959.7,21,-8.5,Kano
2000-02-26,27.1,16.8,21.8,0.0,21.1,25.14,16,962.4,6,-5.7,Kano
2000-02-27,27.3,12.6,20.1,0.0,19.8,25.25,20,961.9,39,-4.5,Kano
2000-02-28,26.7,13.9,20.0,0.0,20.1,25.48,19,962.0,40,-4.4,Kano
2000-02-29,28.3,13.8,20.8,0.0,16.9,25.41,20,962.9,6,-3.5,Kano
2000-03-01,29.2,14.7,21.6,0.0,18.4,25.53,16,962.8,4,-5.5,Kano
2000-03-02,30.0,14.1,22.0,0.0,17.4,26.1,16,961.5,0,-5.6,Kano
2000-03-03,31.3,14.5,22.8,0.0,17.4,26.32,13,961.0,5,-8.2,Kano
2000-03-04,32.2,14.9,23.5,0.0,17.9,26.65,10,960.7,4,-10.7,Kano
2000-03-05,32.0,16.0,23.9,0.0,17.9,26.52,8,960.7,0,-12.9,Kano
2000-03-06,32.1,15.6,23.9,0.0,18.7,26.49,9,960.5,0,-12.1,Kano
2000-03-07,32.1,15.8,24.0,0.0,22.1,26.8,10,960.7,9,-11.4,Kano
2000-03-08,31.2,15.9,23.5,0.0,21.1,26.85,10,961.3,0,-10.1,Kano
2000-03-09,30.2,16.0,23.0,0.0,19.2,26.82,14,961.9,0,-6.5,Kano
2000-03-10,30.1,14.5,22.2,0.0,16.4,26.92,14,960.5,62,-7.7,Kano
2000-03-11,30.4,14.2,22.3,0.0,16.7,26.69,11,960.2,29,-11.1,Kano
2000-03-12,31.3,16.1,23.7,0.0,18.3,26.21,10,960.3,38,-10.3,Kano
2000-03-13,32.3,16.8,24.5,0.0,17.6,26.2,10,959.6,93,-9.5,Kano
2000-03-14,33.2,17.6,25.4,0.0,16.4,26.36,11,958.5,87,-8.1,Kano
2000-03-15,34.0,17.2,25.8,0.0,12.8,26.29,10,957.3,100,-8.4,Kano
2000-03-16,35.0,17.0,26.4,0.0,10.1,26.49,10,956.5,66,-8.2,Kano
2000-03-17,36.6,17.5,27.8,0.0,10.7,26.57,11,955.2,77,-6.0,Kano
2000-03-18,37.1,16.3,28.4,0.0,9.0,26.11,18,954.4,61,1.1,Kano
2000-03-19,37.5,18.8,28.7,0.0,14.0,24.43,31,953.8,48,7.9,Kano
2000-03-20,37.6,21.6,29.4,0.0,15.5,25.23,27,954.1,94,5.2,Kano
2000-03-21,36.5,20.5,28.8,0.0,12.0,25.93,12,955.2,92,-4.6,Kano
2000-03-22,37.2,18.7,28.5,0.0,10.8,26.83,11,955.1,28,-5.7,Kano
2000-03-23,36.5,18.9,28.2,0.0,10.5,26.72,13,956.2,74,-3.5,Kano
2000-03-24,36.0,18.3,27.4,0.0,12.2,25.76,16,956.8,98,-1.7,Kano
2000-03-25,35.6,19.7,27.7,0.0,13.7,27.18,12,957.9,31,-4.7,Kano
2000-03-26,35.2,19.1,27.1,0.0,15.9,26.95,10,957.6,67,-8.3,Kano
2000-03-27,34.7,18.5,26.7,0.0,13.0,23.89,10,956.7,90,-8.6,Kano
2000-03-28,36.0,16.9,27.0,0.0,11.3,27.72,9,956.4,41,-8.8,Kano
2000-03-29,37.6,19.7,28.7,0.0,11.3,27.19,9,956.5,34,-7.2,Kano
2000-03-30,37.4,19.5,28.8,0.0,12.8,27.7,7,956.5,4,-10.7,Kano
2000-03-31,38.0,19.6,29.1,0.0,12.2,28.04,6,954.8,8,-12.0,Kano
2000-04-01,38.3,18.6,28.8,0.0,10.4,28.22,9,953.8,34,-9.2,Kano
2000-04-02,38.0,17.8,27.9,0.0,11.6,28.29,10,954.3,5,-8.3,Kano
2000-04-03,38.5,16.3,28.4,0.0,12.9,27.31,22,955.9,0,2.6,Kano
2000-04-04,39.2,17.3,30.1,0.0,12.1,28.01,14,956.5,0,-1.7,Kano
2000-04-05,38.1,19.2,28.8,0.0,13.4,27.73,17,956.1,18,0.0,Kano
2000-04-06,38.2,16.9,29.1,0.0,11.7,28.16,16,955.7,11,-1.8,Kano
2000-04-07,37.5,18.0,28.6,0.0,9.7,28.43,14,955.2,0,-3.9,Kano
2000-04-08,38.6,18.2,28.8,0.0,9.8,28.0,16,955.2,0,-1.1,Kano
2000-04-09,39.5,19.4,30.1,0.0,13.1,27.72,18,954.9,0,1.7,Kano
2000-04-10,40.0,21.0,30.9,0.0,16.5,27.71,17,954.0,0,1.2,Kano
2000-04-11,40.1,20.2,31.3,0.0,10.9,27.69,17,954.2,0,2.2,Kano
2000-04-12,39.5,22.2,30.9,0.0,14.7,27.36,29,955.0,48,8.6,Kano
2000-04-13,39.5,19.5,30.5,0.0,12.3,27.71,26,954.7,15,5.9,Kano
2000-04-14,40.4,21.3,31.4,0.0,15.9,27.69,24,955.2,13,4.8,Kano
2000-04-15,39.9,20.4,31.1,0.0,11.2,27.59,23,955.2,1,5.4,Kano
2000-04-16,40.0,22.6,32.1,0.0,10.8,27.98,16,955.4,0,2.1,Kano
2000-04-17,40.7,20.2,31.2,0.0,14.6,27.91,19,954.8,1,2.4,Kano
2000-04-18,39.9,19.5,30.7,0.0,15.6,27.76,25,955.0,35,6.1,Kano
2000-04-19,40.2,22.4,31.5,0.0,19.4,27.46,27,955.1,41,8.5,Kano
2000-04-20,38.5,22.3,31.0,0.0,9.4,25.81,27,955.7,44,8.2,Kano
2000-04-21,38.1,20.0,30.0,0.0,9.9,26.67,26,957.3,91,5.9,Kano
2000-04-22,38.6,22.7,31.1,0.0,15.5,27.64,14,958.5,27,-0.5,Kano
2000-04-23,38.6,21.8,30.4,0.0,14.1,28.15,13,957.9,6,-2.5,Kano
2000-04-24,38.6,20.8,29.9,0.0,11.7,28.58,10,956.6,23,-6.5,Kano
2000-04-25,38.5,20.9,30.3,0.0,11.3,28.22,10,956.1,30,-4.7,Kano
2000-04-26,39.2,20.4,30.3,0.0,10.5,28.03,14,955.9,71,-1.1,Kano
2000-04-27,39.5,20.8,30.5,0.0,9.0,27.93,17,955.6,1,1.0,Kano
2000-04-28,39.1,20.7,31.0,0.0,10.9,26.32,26,956.0,7,8.2,Kano
2000-04-29,38.6,25.5,31.7,0.0,14.3,25.55,41,957.1,11,15.4,Kano
2000-04-30,39.1,24.6,31.9,0.0,14.0,26.29,41,957.3,60,14.3,Kano
2000-05-01,37.9,24.8,31.6,0.0,15.5,24.91,37,956.8,47,13.7,Kano
2000-05-02,39.1,25.0,32.1,0.0,12.4,25.58,36,956.3,39,13.6,Kano
2000-05-03,39.8,24.9,32.5,0.0,11.6,25.53,34,956.4,8,12.6,Kano
2000-05-04,40.7,23.2,32.1,0.0,13.4,27.53,34,956.5,1,9.9,Kano
2000-05-05,40.8,21.9,31.6,0.0,15.6,27.24,28,955.1,0,7.6,Kano
2000-05-06,39.6,20.0,30.9,0.0,12.8,27.89,24,955.7,0,5.1,Kano
2000-05-07,38.5,20.8,30.3,0.0,12.0,28.22,14,955.9,0,-1.5,Kano
2000-05-08,38.5,20.7,30.2,0.0,11.2,28.02,15,957.4,29,-0.0,Kano
2000-05-09,39.4,22.9,31.5,0.0,14.9,27.86,13,956.6,48,-1.0,Kano
2000-05-10,38.7,20.9,30.7,0.0,10.8,28.35,11,957.2,3,-5.0,Kano
2000-05-11,37.7,18.4,29.5,0.0,10.6,28.49,12,957.4,0,-5.0,Kano
2000-05-12,37.6,19.0,29.6,0.0,10.8,28.33,12,957.1,7,-3.5,Kano
2000-05-13,37.8,18.1,29.1,0.0,10.2,27.97,20,956.8,0,1.9,Kano
2000-05-14,38.7,19.4,30.2,0.0,13.4,27.18,21,957.1,0,3.6,Kano
2000-05-15,39.0,20.1,30.6,0.0,11.3,27.19,24,957.4,1,5.5,Kano
2000-05-16,39.5,20.3,30.8,0.0,14.0,27.37,25,957.4,29,7.2,Kano
2000-05-17,37.5,24.7,30.4,0.4,20.6,22.96,49,958.2,60,17.5,Kano
2000-05-18,37.4,23.9,30.7,0.4,15.1,25.68,53,958.1,58,18.8,Kano
2000-05-19,38.0,25.1,31.8,0.1,10.5,25.21,46,957.9,43,17.6,Kano
2000-05-20,40.0,26.0,33.2,0.0,12.4,25.69,37,956.4,63,15.4,Kano
2000-05-21,40.2,26.0,33.1,0.0,17.4,25.47,40,956.1,15,15.4,Kano
2000-05-22,40.2,26.5,33.3,0.0,18.4,24.81,43,957.8,33,17.1,Kano
2000-05-23,37.9,25.0,31.0,1.8,19.6,24.97,55,959.4,20,19.8,Kano
2000-05-24,37.9,23.9,30.5,0.0,18.5,25.88,55,959.4,13,18.7,Kano
2000-05-25,36.7,25.6,30.0,2.7,17.6,25.51,53,959.1,20,18.9,Kano
2000-05-26,36.2,24.4,29.3,1.0,17.4,23.4,58,958.4,71,19.5,Kano
2000-05-27,35.8,24.5,28.9,2.5,13.7,23.8,63,957.8,43,20.4,Kano
2000-05-28,35.5,25.1,29.6,1.1,17.4,23.94,59,958.4,40,20.0,Kano
2000-05-29,37.1,24.6,30.2,0.0,15.5,24.53,58,957.4,40,19.6,Kano
2000-05-30,37.0,24.5,30.7,0.0,12.5,24.62,55,956.9,40,19.6,Kano
2000-05-31,37.6,25.3,31.5,0.0,15.5,23.55,51,956.8,60,18.7,Kano
2000-06-01,38.5,24.8,31.4,0.0,16.6,24.83,49,957.3,70,17.4,Kano
2000-06-02,38.4,23.8,31.0,0.0,19.3,24.96,49,957.0,73,16.9,Kano
2000-06-03,37.2,24.2,30.4,0.0,19.2,24.65,55,956.5,60,18.9,Kano
2000-06-04,35.8,25.1,29.9,1.2,17.7,23.76,58,958.1,61,20.0,Kano
2000-06-05,34.9,23.6,28.4,2.0,9.8,19.34,61,960.0,95,19.0,Kano
2000-06-06,33.6,23.2,28.0,1.0,14.0,22.05,63,960.6,80,19.8,Kano
2000-06-07,32.4,23.4,27.3,2.9,13.6,17.59,67,960.1,67,20.1,Kano
2000-06-08,36.5,24.3,29.7,0.0,14.8,24.38,58,959.6,35,19.6,Kano
2000-06-09,37.1,24.8,29.9,1.1,15.3,25.05,59,960.1,42,20.0,Kano
2000-06-10,37.0,23.7,29.5,1.1,14.3,24.57,60,959.9,33,20.0,Kano
2000-06-11,36.4,24.1,30.0,0.0,20.4,25.68,56,959.3,23,19.3,Kano
2000-06-12,36.1,24.8,30.2,0.0,14.2,24.66,57,959.3,22,19.8,Kano
2000-06-13,36.2,24.7,30.3,0.0,16.4,23.22,55,958.2,36,19.5,Kano
2000-06-14,36.5,24.4,30.3,0.1,18.6,24.35,57,957.5,22,19.5,Kano
2000-06-15,35.3,23.9,29.2,0.0,20.1,23.86,60,957.7,42,20.0,Kano
2000-06-16,35.6,24.0,29.3,0.0,13.5,22.22,60,957.3,78,19.7,Kano
2000-06-17,33.3,23.6,28.3,1.4,15.1,21.75,65,958.9,70,20.5,Kano
2000-06-18,29.0,21.9,24.7,25.7,9.7,9.89,82,960.3,82,21.3,Kano
2000-06-19,32.2,22.5,26.9,0.0,12.2,21.05,71,959.1,83,20.9,Kano
2000-06-20,32.5,23.8,28.0,0.4,13.2,22.36,68,959.1,80,21.1,Kano
2000-06-21,34.4,24.1,28.8,0.3,12.6,23.14,66,958.2,81,21.1,Kano
2000-06-22,32.5,23.9,27.8,0.0,14.3,18.09,67,959.1,69,20.8,Kano
2000-06-23,33.1,23.7,27.8,0.6,18.8,19.97,66,959.5,93,20.6,Kano
2000-06-24,31.8,23.3,26.1,5.5,18.8,17.82,73,959.6,82,20.6,Kano
2000-06-25,32.5,21.7,26.3,2.5,13.7,23.39,71,959.4,49,20.3,Kano
2000-06-26,32.5,22.5,27.2,1.4,14.5,24.04,66,960.3,33,19.9,Kano
2000-06-27,34.4,23.4,28.6,1.7,14.0,24.72,60,960.0,27,19.6,Kano
2000-06-28,35.8,23.1,29.1,0.0,16.8,25.48,58,958.1,36,18.9,Kano
2000-06-29,34.2,23.6,27.9,2.4,16.3,24.47,68,957.7,64,21.0,Kano
2000-06-30,34.5,24.0,28.5,0.0,16.6,24.02,63,957.3,48,20.2,Kano
2000-07-01,33.5,23.4,27.8,0.0,18.6,23.69,64,957.8,58,19.6,Kano
2000-07-02,30.7,24.0,26.6,0.6,14.6,17.94,71,958.2,86,20.7,Kano
2000-07-03,33.7,23.7,28.1,0.6,11.8,23.78,63,957.2,66,19.5,Kano
2000-07-04,30.9,22.3,26.6,2.1,15.3,14.89,68,957.8,80,20.0,Kano
2000-07-05,32.4,22.3,26.6,5.5,15.0,23.51,73,958.9,62,20.7,Kano
2000-07-06,32.3,22.2,27.0,2.1,9.7,23.49,72,960.6,86,20.8,Kano
2000-07-07,33.7,22.8,28.2,1.0,17.6,24.33,64,959.5,46,20.3,Kano
2000-07-08,34.8,23.2,28.2,0.0,16.9,24.92,64,958.0,69,20.2,Kano
2000-07-09,33.7,23.9,27.9,2.6,17.1,24.53,66,958.5,61,20.7,Kano
2000-07-10,32.5,22.2,27.0,11.4,15.4,20.89,72,959.1,93,21.0,Kano
2000-07-11,31.6,22.4,26.7,2.7,14.2,21.46,73,959.4,85,21.2,Kano
2000-07-12,33.7,23.3,28.0,0.2,10.6,24.92,69,959.4,38,21.2,Kano
2000-07-13,32.7,24.0,27.4,4.6,14.8,23.34,73,958.5,51,21.9,Kano
2000-07-14,33.0,23.2,27.5,0.4,22.4,25.1,68,958.0,41,20.7,Kano
2000-07-15,31.7,23.9,27.2,3.6,20.6,21.71,67,958.3,75,20.3,Kano
2000-07-16,28.6,23.4,25.5,10.3,15.5,15.78,78,958.9,95,21.3,Kano
2000-07-17,27.7,22.4,24.8,12.8,16.3,14.81,82,960.1,85,21.4,Kano
2000-07-18,31.0,22.1,25.9,4.8,12.6,23.52,78,960.0,72,21.4,Kano
2000-07-19,29.3,21.8,25.1,6.1,15.6,19.04,79,958.2,82,21.0,Kano
2000-07-20,25.2,21.6,23.1,22.3,14.5,8.03,89,958.4,99,21.1,Kano
2000-07-21,29.2,20.8,24.2,8.5,12.7,20.05,81,958.2,64,20.5,Kano
2000-07-22,30.6,20.7,25.1,1.6,13.6,23.91,79,958.3,40,20.8,Kano
2000-07-23,28.7,21.9,24.4,12.0,16.0,16.07,83,959.0,92,21.1,Kano
2000-07-24,27.5,20.7,23.4,12.5,14.1,14.8,83,959.6,90,20.1,Kano
2000-07-25,29.4,20.9,24.5,10.5,13.7,21.83,79,959.3,93,20.4,Kano
2000-07-26,28.9,21.4,24.4,19.5,12.3,20.7,82,959.5,77,20.9,Kano
2000-07-27,27.5,21.7,24.3,6.6,11.9,13.09,84,958.3,98,21.3,Kano
2000-07-28,25.1,21.8,23.3,36.9,12.6,9.45,87,957.3,95,21.0,Kano
2000-07-29,28.1,20.7,23.4,9.3,12.2,16.7,86,958.4,84,20.7,Kano
2000-07-30,28.7,21.2,24.0,1.6,14.8,20.48,78,960.9,73,19.8,Kano
2000-07-31,26.2,21.1,23.4,7.6,12.8,10.97,84,959.3,98,20.6,Kano
2000-08-01,29.3,21.2,24.7,9.6,14.8,17.83,80,958.1,72,20.7,Kano
2000-08-02,30.1,21.0,25.2,0.3,14.1,23.66,77,959.9,63,20.5,Kano
2000-08-03,29.3,21.9,25.9,3.5,19.4,20.25,77,959.6,86,21.4,Kano
2000-08-04,28.8,21.2,23.5,12.5,17.2,12.43,83,960.5,100,20.2,Kano
2000-08-05,29.3,21.8,25.0,0.6,18.8,18.13,78,960.7,80,20.6,Kano
2000-08-06,30.2,20.9,25.3,0.3,9.6,25.08,76,960.3,24,20.5,Kano
2000-08-07,30.0,22.0,26.0,0.2,12.9,24.43,75,959.8,41,21.1,Kano
2000-08-08,29.0,23.4,25.7,5.7,13.0,19.32,78,959.6,72,21.5,Kano
2000-08-09,29.8,22.0,25.7,0.9,10.1,23.57,78,961.1,89,21.4,Kano
2000-08-10,29.6,22.1,25.3,4.2,13.2,21.36,78,961.6,56,21.0,Kano
2000-08-11,31.1,21.6,25.7,3.3,12.2,24.35,78,960.2,56,21.2,Kano
2000-08-12,32.0,21.8,26.4,0.3,18.7,22.91,73,958.4,65,20.9,Kano
2000-08-13,29.6,22.7,25.2,15.0,17.8,19.65,81,959.6,90,21.5,Kano
2000-08-14,29.4,21.4,25.0,0.8,11.8,21.7,80,960.5,62,21.0,Kano
2000-08-15,29.9,22.0,25.3,5.1,15.9,21.2,78,959.8,89,21.1,Kano
2000-08-16,29.4,21.6,24.1,17.6,17.0,15.78,84,959.3,94,21.2,Kano
2000-08-17,28.2,21.0,23.8,21.7,12.5,19.93,85,960.1,85,21.0,Kano
2000-08-18,26.3,21.0,22.9,5.1,12.1,11.52,88,960.6,85,20.7,Kano
2000-08-19,25.5,20.6,22.8,8.2,12.2,10.23,89,962.0,97,20.9,Kano
2000-08-20,29.1,19.9,24.2,11.9,8.2,20.48,84,961.5,76,21.1,Kano
2000-08-21,30.2,21.3,25.8,0.9,11.1,24.43,79,959.8,34,21.6,Kano
2000-08-22,29.7,22.0,25.8,0.6,14.4,22.02,78,959.5,88,21.4,Kano
2000-08-23,29.9,22.1,25.4,6.6,17.0,22.45,80,960.9,82,21.4,Kano
2000-08-24,31.7,21.8,25.9,0.0,12.4,24.66,74,961.7,76,20.4,Kano
2000-08-25,29.9,22.0,25.3,6.6,10.9,19.96,79,959.7,77,21.3,Kano
2000-08-26,31.3,21.5,26.1,0.0,12.0,25.28,76,958.4,60,21.3,Kano
2000-08-27,31.0,22.6,26.4,4.5,11.7,24.6,80,958.5,48,22.4,Kano
2000-08-28,31.8,22.1,26.6,2.0,8.7,24.08,80,958.6,63,22.7,Kano
2000-08-29,31.6,23.3,27.0,1.6,10.7,23.54,79,958.7,51,22.8,Kano
2000-08-30,30.2,23.0,26.2,9.4,10.0,22.01,82,958.1,72,22.7,Kano
2000-08-31,32.4,22.9,26.8,0.1,16.8,22.08,71,958.3,61,20.3,Kano
2000-09-01,31.7,23.0,27.2,0.0,11.7,24.27,73,958.5,41,21.6,Kano
2000-09-02,34.6,23.4,28.5,0.0,14.0,26.04,68,957.4,32,21.6,Kano
2000-09-03,33.9,23.1,27.9,1.2,16.1,24.87,72,957.0,66,22.1,Kano
2000-09-04,31.3,23.7,26.9,2.9,16.1,22.47,77,957.8,68,22.3,Kano
2000-09-05,28.1,23.3,25.5,5.0,10.2,13.86,83,958.4,97,22.4,Kano
2000-09-06,29.8,22.3,25.1,10.9,12.1,17.78,84,958.2,98,22.0,Kano
2000-09-07,29.9,22.4,25.5,6.3,11.6,20.31,82,957.4,98,22.1,Kano
2000-09-08,30.1,21.1,25.1,11.1,15.0,21.24,82,956.8,82,21.6,Kano
2000-09-09,31.7,21.7,26.4,0.2,16.8,23.92,77,957.7,60,21.8,Kano
2000-09-10,30.7,22.9,25.4,18.1,16.6,22.25,81,958.3,84,21.8,Kano
2000-09-11,30.1,22.3,25.8,0.1,14.3,21.22,80,957.2,98,21.8,Kano
2000-09-12,30.0,21.6,25.6,0.0,11.8,24.32,75,958.5,67,20.6,Kano
2000-09-13,30.3,22.0,25.9,0.4,12.3,24.32,73,959.3,32,20.6,Kano
2000-09-14,30.6,22.7,26.1,0.5,11.0,22.57,76,959.6,86,21.3,Kano
2000-09-15,29.8,21.9,25.8,0.0,14.0,21.86,78,959.8,45,21.3,Kano
2000-09-16,27.3,21.1,23.8,13.3,16.8,10.81,84,960.2,97,20.9,Kano
2000-09-17,30.8,21.2,25.7,0.2,7.0,24.58,78,959.9,45,21.2,Kano
2000-09-18,31.5,22.0,26.4,0.1,8.7,24.62,76,960.1,29,21.4,Kano
2000-09-19,32.0,22.8,27.1,0.3,9.7,23.7,75,959.2,64,22.0,Kano
2000-09-20,31.3,22.0,26.1,4.7,11.4,23.18,79,958.7,39,21.8,Kano
2000-09-21,33.3,22.3,27.2,0.0,16.4,24.99,72,958.4,46,20.9,Kano
2000-09-22,32.5,22.3,26.8,0.0,13.6,23.71,73,958.4,34,21.3,Kano
2000-09-23,30.2,23.0,25.9,9.1,12.4,22.14,79,958.4,79,21.9,Kano
2000-09-24,30.0,22.1,25.4,5.9,8.5,21.91,82,959.2,93,21.8,Kano
2000-09-25,33.2,21.8,26.9,0.0,8.0,25.34,70,959.0,45,20.4,Kano
2000-09-26,34.3,22.4,27.5,0.0,12.6,25.3,67,958.3,57,20.2,Kano
2000-09-27,30.3,23.2,25.9,5.9,10.2,17.87,80,959.0,99,22.0,Kano
2000-09-28,32.0,22.4,26.7,0.3,10.0,24.46,75,959.0,65,21.5,Kano
2000-09-29,32.5,22.7,27.1,0.0,12.4,23.75,71,958.5,60,21.0,Kano
2000-09-30,32.4,22.4,27.0,0.0,12.2,23.33,72,959.5,80,20.9,Kano
2000-10-01,32.0,22.4,27.0,0.0,10.2,23.93,74,960.2,34,21.7,Kano
2000-10-02,33.6,22.8,27.5,0.0,13.0,24.15,68,959.1,76,20.3,Kano
2000-10-03,31.9,22.3,26.8,0.4,16.6,22.25,72,957.8,69,20.9,Kano
2000-10-04,32.2,22.7,27.0,0.5,15.5,23.97,71,957.4,27,20.9,Kano
2000-10-05,29.3,23.1,25.6,9.2,13.8,19.92,79,958.6,78,21.6,Kano
2000-10-06,31.5,21.9,26.3,0.0,8.7,20.88,73,959.1,84,20.6,Kano
2000-10-07,30.2,22.5,26.1,1.6,8.7,20.63,79,959.5,82,22.0,Kano
2000-10-08,30.1,22.3,25.2,12.6,16.1,20.58,83,959.4,87,21.8,Kano
2000-10-09,27.3,21.2,23.7,9.4,11.5,10.56,85,959.8,74,20.9,Kano
2000-10-10,31.7,21.4,26.0,0.0,11.1,23.39,73,959.3,40,20.4,Kano
2000-10-11,32.9,21.8,27.0,0.0,10.6,24.06,70,959.4,17,20.6,Kano
2000-10-12,33.9,22.7,27.8,0.0,8.7,24.25,67,959.3,26,20.3,Kano
2000-10-13,33.8,22.3,27.4,0.0,9.5,24.11,66,958.9,12,19.8,Kano
2000-10-14,34.0,21.6,27.4,0.0,10.3,24.2,65,957.6,63,19.4,Kano
2000-10-15,33.2,22.2,27.4,0.0,11.2,23.09,65,958.1,56,19.5,Kano
2000-10-16,33.7,21.9,27.7,0.0,10.3,23.4,59,960.0,12,17.8,Kano
2000-10-17,33.3,18.5,26.5,0.0,8.7,24.57,56,960.5,65,16.2,Kano
2000-10-18,33.6,18.2,25.7,0.0,7.9,24.81,56,959.5,31,14.8,Kano
2000-10-19,32.5,17.4,25.0,0.0,10.7,23.95,63,958.8,75,16.6,Kano
2000-10-20,32.7,20.4,26.0,0.0,11.0,23.36,62,958.9,48,17.1,Kano
2000-10-21,33.4,18.9,26.2,0.0,7.6,24.03,56,959.2,27,15.7,Kano
2000-10-22,34.3,17.4,26.3,0.0,11.6,24.43,51,959.0,41,13.5,Kano
2000-10-23,34.2,18.7,27.2,0.0,14.1,24.5,39,959.0,56,10.9,Kano
2000-10-24,33.9,18.1,26.8,0.0,14.2,24.63,34,958.1,14,8.3,Kano
2000-10-25,33.8,18.5,25.7,0.0,13.3,24.37,36,958.6,25,8.7,Kano
2000-10-26,33.8,20.7,26.6,0.0,15.4,24.05,30,959.3,46,7.0,Kano
2000-10-27,33.4,19.9,26.1,0.0,14.9,24.18,30,959.6,48,6.6,Kano
2000-10-28,32.7,17.1,24.7,0.0,11.3,23.49,29,959.5,84,4.7,Kano
2000-10-29,32.8,16.6,24.4,0.0,9.1,23.25,33,959.7,63,6.0,Kano
2000-10-30,33.1,16.2,24.8,0.0,9.3,23.65,33,959.2,73,6.4,Kano
2000-10-31,33.6,18.5,25.7,0.0,10.6,23.61,30,958.6,49,5.9,Kano
2000-11-01,33.3,17.5,25.2,0.0,10.2,21.83,34,957.6,44,6.6,Kano
2000-11-02,34.0,17.7,25.8,0.0,9.5,23.8,30,957.3,22,5.8,Kano
2000-11-03,34.3,16.8,25.7,0.0,10.7,23.74,32,956.8,1,6.6,Kano
2000-11-04,34.1,18.4,26.0,0.0,13.8,23.7,22,958.0,36,1.8,Kano
2000-11-05,32.9,18.9,25.6,0.0,15.2,23.63,21,958.7,60,1.5,Kano
2000-11-06,32.6,18.3,25.3,0.0,11.2,23.1,25,958.0,93,2.8,Kano
2000-11-07,32.4,15.9,24.0,0.0,9.4,23.55,26,956.8,52,2.2,Kano
2000-11-08,32.8,15.4,24.0,0.0,11.6,23.74,26,955.8,19,2.5,Kano
2000-11-09,33.1,15.8,24.4,0.0,11.3,23.41,23,956.7,6,0.8,Kano
2000-11-10,32.9,18.5,25.2,0.0,12.4,20.72,21,956.9,13,0.9,Kano
2000-11-11,33.1,17.6,25.1,0.0,13.3,23.12,19,957.8,1,-0.6,Kano
2000-11-12,32.5,17.6,24.8,0.0,13.7,23.31,20,958.2,74,-0.3,Kano
2000-11-13,31.6,16.0,23.8,0.0,10.5,23.77,23,957.4,23,0.5,Kano
2000-11-14,32.9,14.8,24.3,0.0,11.0,22.93,27,956.8,4,3.2,Kano
2000-11-15,33.7,16.7,25.3,0.0,10.3,22.47,32,958.2,68,6.3,Kano
2000-11-16,33.1,17.0,24.9,0.0,10.7,22.72,27,959.1,75,3.1,Kano
2000-11-17,32.4,16.8,24.6,0.0,12.2,22.96,24,959.1,24,1.9,Kano
2000-11-18,31.7,15.0,23.4,0.0,11.5,23.07,26,958.1,48,1.8,Kano
2000-11-19,32.3,13.8,23.9,0.0,8.3,22.9,29,958.2,16,3.4,Kano
2000-11-20,33.2,14.4,24.4,0.0,10.2,22.8,28,959.2,27,3.3,Kano
2000-11-21,33.6,14.9,24.4,0.0,10.6,22.92,28,959.6,0,3.1,Kano
2000-11-22,33.7,14.1,24.1,0.0,10.5,22.99,26,959.2,0,1.1,Kano
2000-11-23,33.0,15.1,24.1,0.0,10.9,23.07,20,959.6,0,-1.6,Kano
2000-11-24,33.0,14.3,23.7,0.0,10.1,22.99,23,959.0,1,-0.0,Kano
2000-11-25,33.3,13.2,24.4,0.0,10.5,22.77,24,959.2,31,0.8,Kano
2000-11-26,34.1,15.6,24.9,0.0,11.9,22.08,20,960.2,8,-0.6,Kano
2000-11-27,33.7,18.8,25.9,0.0,17.8,22.0,17,961.8,3,-2.0,Kano
2000-11-28,32.1,18.2,25.0,0.0,18.6,22.05,20,961.7,68,0.0,Kano
2000-11-29,31.3,17.1,24.0,0.0,16.1,21.96,23,961.5,45,0.7,Kano
2000-11-30,30.6,15.8,23.1,0.0,13.4,21.95,23,961.6,87,0.3,Kano
2000-12-01,29.8,15.5,22.5,0.0,14.8,21.71,20,961.8,54,-1.9,Kano
2000-12-02,29.5,15.3,22.3,0.0,15.0,21.9,25,962.2,32,0.3,Kano
2000-12-03,28.8,15.2,21.9,0.0,14.4,21.84,23,962.0,37,-1.1,Kano
2000-12-04,28.5,14.6,21.3,0.0,13.6,21.7,22,961.7,75,-1.5,Kano
2000-12-05,27.7,13.7,20.7,0.0,14.7,21.59,26,961.7,75,-0.2,Kano
2000-12-06,28.1,14.2,21.1,0.0,14.4,21.18,28,961.8,63,1.2,Kano
2000-12-07,27.6,14.6,21.0,0.0,15.9,21.12,27,962.0,81,0.7,Kano
2000-12-08,27.4,14.2,20.6,0.0,16.7,21.43,24,961.9,83,-1.2,Kano
2000-12-09,26.8,15.0,20.3,0.0,15.4,19.2,25,962.2,58,-0.8,Kano
2000-12-10,27.0,13.5,20.0,0.0,15.8,21.32,30,962.1,17,1.3,Kano
2000-12-11,25.7,14.5,19.9,0.0,16.7,17.34,29,962.6,96,0.9,Kano
2000-12-12,25.6,13.2,19.3,0.0,16.1,20.43,26,962.2,64,-1.1,Kano
2000-12-13,25.3,11.8,18.5,0.0,16.9,21.65,24,961.5,51,-3.2,Kano
2000-12-14,25.4,11.9,18.6,0.0,17.3,21.35,27,961.5,46,-1.0,Kano
2000-12-15,26.3,12.5,19.2,0.0,16.1,21.48,33,960.9,13,1.7,Kano
2000-12-16,27.1,12.1,19.4,0.0,12.9,21.44,30,960.0,26,0.4,Kano
2000-12-17,27.8,12.4,20.0,0.0,13.1,21.49,26,959.7,29,-0.4,Kano
2000-12-18,28.7,12.5,20.7,0.0,10.7,21.16,27,959.5,84,0.3,Kano
2000-12-19,29.6,12.7,21.3,0.0,10.4,21.32,27,959.0,16,0.8,Kano
2000-12-20,31.1,11.5,21.5,0.0,10.2,21.17,29,957.9,71,1.6,Kano
2000-12-21,31.9,12.9,22.8,0.0,11.1,21.3,27,958.7,47,1.7,Kano
2000-12-22,31.6,12.6,23.1,0.0,10.9,21.37,27,959.5,79,1.4,Kano
2000-12-23,31.5,12.2,22.5,0.0,11.5,21.39,25,959.8,56,0.0,Kano
2000-12-24,31.4,13.6,22.7,0.0,10.4,21.39,21,960.3,21,-2.4,Kano
2000-12-25,31.1,13.1,22.3,0.0,10.0,21.51,19,960.3,0,-3.3,Kano
2000-12-26,31.0,13.6,22.4,0.0,10.6,21.64,19,960.7,27,-3.2,Kano
2000-12-27,31.0,13.3,22.3,0.0,10.2,21.52,18,960.7,38,-4.2,Kano
2000-12-28,31.5,13.3,22.6,0.0,11.4,21.39,18,960.5,14,-4.0,Kano
2000-12-29,30.4,13.2,21.8,0.0,12.0,21.72,16,960.1,0,-6.5,Kano
2000-12-30,28.3,12.3,20.4,0.0,13.1,21.94,15,960.0,0,-7.5,Kano
2000-12-31,28.2,10.7,19.6,0.0,10.8,21.98,18,960.1,21,-6.0,Kano
2001-01-01,28.2,11.0,19.6,0.0,11.6,22.13,19,960.5,64,-6.1,Kano
2001-01-02,28.3,10.7,19.6,0.0,13.4,22.13,17,960.8,48,-7.2,Kano
2001-01-03,27.7,10.9,19.3,0.0,14.2,22.08,18,961.7,12,-6.6,Kano
2001-01-04,26.9,11.0,19.0,0.0,14.0,22.02,21,961.9,10,-4.6,Kano
2001-01-05,26.9,11.5,19.1,0.0,16.0,21.92,25,962.1,13,-2.2,Kano
2001-01-06,26.2,10.8,18.6,0.0,15.4,22.04,24,962.2,28,-2.8,Kano
2001-01-07,26.7,10.4,18.8,0.0,13.3,22.06,27,961.9,68,-1.4,Kano
2001-01-08,26.7,11.3,18.9,0.0,12.9,21.02,25,961.4,51,-2.5,Kano
2001-01-09,27.6,11.1,19.3,0.0,13.0,22.04,25,960.9,60,-2.2,Kano
2001-01-10,27.6,11.5,19.6,0.0,12.9,22.09,26,960.4,42,-1.3,Kano
2001-01-11,28.2,12.1,20.1,0.0,13.6,22.16,27,960.4,15,-0.5,Kano
2001-01-12,28.2,11.4,19.9,0.0,12.1,22.38,23,960.3,1,-2.6,Kano
2001-01-13,29.5,10.7,20.2,0.0,9.9,22.36,22,959.3,17,-3.3,Kano
2001-01-14,31.2,10.9,21.5,0.0,10.3,22.27,22,957.9,37,-2.3,Kano
2001-01-15,32.1,13.7,22.7,0.0,10.7,22.26,20,958.0,42,-2.6,Kano
2001-01-16,32.3,12.0,22.7,0.0,11.2,22.36,17,959.3,4,-4.8,Kano
2001-01-17,31.8,12.7,22.4,0.0,11.4,22.76,17,959.7,16,-4.9,Kano
2001-01-18,29.5,13.8,21.6,0.0,17.4,22.87,16,960.7,28,-6.3,Kano
2001-01-19,28.0,11.6,20.0,0.0,15.3,22.86,18,961.7,12,-5.8,Kano
2001-01-20,28.4,12.1,20.1,0.0,14.5,22.49,19,962.1,27,-4.6,Kano
2001-01-21,27.5,11.8,19.6,0.0,15.0,22.98,20,962.2,66,-5.1,Kano
2001-01-22,26.8,11.0,19.0,0.0,15.6,22.88,19,962.4,45,-6.1,Kano
2001-01-23,26.6,11.4,18.9,0.0,17.7,22.74,19,963.5,84,-5.9,Kano
2001-01-24,26.0,11.9,18.8,0.0,18.6,22.81,18,964.0,40,-6.6,Kano
2001-01-25,26.4,11.7,18.9,0.0,15.5,22.79,21,963.6,24,-5.1,Kano
2001-01-26,26.8,11.0,18.8,0.0,12.9,23.0,20,962.3,9,-5.4,Kano
2001-01-27,27.0,10.3,18.7,0.0,13.4,23.34,18,961.5,21,-6.8,Kano
2001-01-28,27.6,9.5,18.7,0.0,10.9,23.42,18,960.5,60,-6.8,Kano
2001-01-29,29.1,9.2,19.5,0.0,11.6,23.58,18,959.0,26,-6.2,Kano
2001-01-30,30.6,10.0,20.8,0.0,10.8,23.42,19,958.9,45,-4.6,Kano
2001-01-31,30.9,11.0,21.3,0.0,11.1,23.58,17,958.4,0,-5.8,Kano
2001-02-01,31.1,12.0,21.6,0.0,12.0,23.54,17,957.8,0,-5.5,Kano
2001-02-02,32.4,12.5,22.6,0.0,12.8,23.45,16,957.7,4,-6.0,Kano
2001-02-03,29.9,15.0,22.4,0.0,15.6,23.64,13,960.2,67,-7.8,Kano
2001-02-04,28.7,12.1,20.5,0.0,16.0,23.37,15,961.4,64,-7.3,Kano
2001-02-05,27.9,12.4,20.2,0.0,15.6,24.11,16,961.5,0,-6.8,Kano
2001-02-06,27.8,11.8,19.8,0.0,14.8,24.07,21,962.0,13,-4.0,Kano
2001-02-07,27.8,11.8,19.7,0.0,15.2,23.82,17,961.8,62,-6.9,Kano
2001-02-08,27.9,10.8,19.6,0.0,12.3,24.17,19,960.4,4,-5.5,Kano
2001-02-09,28.3,11.3,20.0,0.0,14.0,24.24,20,960.3,41,-4.3,Kano
2001-02-10,27.8,11.9,20.0,0.0,19.3,24.39,17,961.5,45,-6.7,Kano
2001-02-11,27.5,11.4,19.6,0.0,18.0,24.45,17,961.6,26,-7.2,Kano
2001-02-12,26.4,11.0,18.8,0.0,17.4,24.46,17,961.7,13,-7.4,Kano
2001-02-13,24.1,10.1,17.1,0.0,18.2,24.57,18,962.7,1,-7.9,Kano
2001-02-14,25.0,9.5,17.3,0.0,17.4,24.35,25,961.7,0,-3.9,Kano
2001-02-15,27.8,10.8,19.5,0.0,16.2,23.77,22,960.8,54,-3.7,Kano
2001-02-16,29.8,14.1,21.9,0.0,14.6,23.34,21,961.1,75,-2.1,Kano
2001-02-17,31.1,15.7,23.3,0.0,12.4,23.19,21,961.0,100,-1.0,Kano
2001-02-18,32.2,16.3,24.2,0.0,10.5,23.78,19,959.7,51,-1.8,Kano
2001-02-19,32.7,16.0,24.5,0.0,9.4,23.63,20,959.5,46,-0.6,Kano
2001-02-20,33.8,16.6,25.2,0.0,10.3,23.71,19,959.9,80,-1.1,Kano
2001-02-21,32.4,17.0,24.8,0.0,14.0,23.32,15,960.8,76,-4.5,Kano
2001-02-22,31.4,17.1,24.4,0.0,13.9,24.61,13,960.5,28,-6.2,Kano
2001-02-23,31.0,15.3,23.3,0.0,13.4,24.44,12,959.6,23,-8.2,Kano
2001-02-24,31.7,15.6,23.6,0.0,13.2,24.65,14,958.7,18,-6.3,Kano
2001-02-25,33.3,16.5,24.8,0.0,11.9,24.54,14,957.9,55,-5.1,Kano
2001-02-26,35.3,17.1,26.2,0.0,10.9,24.79,14,956.7,0,-3.9,Kano
2001-02-27,36.1,15.9,26.8,0.0,11.0,24.88,19,955.2,46,-0.9,Kano
2001-02-28,37.3,16.6,28.0,0.0,10.0,24.34,21,955.1,88,2.0,Kano
2001-03-01,36.9,19.5,28.1,0.0,11.0,24.46,15,957.3,54,-1.8,Kano
2001-03-02,37.4,19.3,28.3,0.0,14.8,25.13,13,959.2,59,-3.8,Kano
2001-03-03,36.8,20.0,28.4,0.0,17.2,25.3,14,959.4,7,-2.4,Kano
2001-03-04,37.1,20.8,29.1,0.0,20.3,25.14,16,959.0,5,0.2,Kano
2001-03-05,36.7,21.0,28.8,0.0,18.6,25.58,10,959.8,12,-6.9,Kano
2001-03-06,33.7,17.4,25.8,0.0,16.1,26.37,9,960.3,17,-10.8,Kano
2001-03-07,32.7,14.9,24.2,0.0,15.5,26.83,11,959.6,18,-9.1,Kano
2001-03-08,33.4,14.5,24.4,0.0,12.6,26.49,13,958.9,8,-6.3,Kano
2001-03-09,33.9,15.3,25.0,0.0,11.2,26.34,13,958.4,31,-6.4,Kano
2001-03-10,35.0,15.5,25.8,0.0,10.6,26.55,14,958.1,59,-5.5,Kano
2001-03-11,35.8,13.9,26.1,0.0,10.5,26.28,16,958.3,75,-3.8,Kano
2001-03-12,36.3,19.2,27.7,0.0,11.2,26.4,13,958.5,30,-3.7,Kano
2001-03-13,34.4,18.2,26.4,0.0,15.8,26.29,16,958.8,22,-2.4,Kano
2001-03-14,33.7,16.5,25.4,0.0,13.3,26.77,16,958.0,23,-4.1,Kano
2001-03-15,34.4,17.9,26.2,0.0,14.2,26.3,15,958.0,53,-3.3,Kano
2001-03-16,34.8,17.9,26.7,0.0,12.6,26.07,15,957.9,51,-2.2,Kano
2001-03-17,35.4,18.6,27.4,0.0,12.7,26.25,14,956.5,28,-3.0,Kano
2001-03-18,35.5,18.3,27.4,0.0,11.8,26.5,11,956.9,40,-6.9,Kano
2001-03-19,35.8,18.2,27.3,0.0,11.1,26.55,12,957.9,53,-6.0,Kano
2001-03-20,36.3,17.8,27.7,0.0,11.6,26.6,13,958.1,54,-4.9,Kano
2001-03-21,36.2,17.7,27.4,0.0,13.4,26.83,11,957.3,50,-7.4,Kano
2001-03-22,36.3,19.2,28.0,0.0,17.3,26.25,8,956.9,99,-9.7,Kano
2001-03-23,36.0,18.8,27.8,0.0,14.5,26.89,10,958.2,72,-7.0,Kano
2001-03-24,36.6,19.7,28.3,0.0,14.8,26.37,13,958.6,90,-4.1,Kano
2001-03-25,37.2,19.5,28.8,0.0,14.4,27.04,11,957.4,18,-4.7,Kano
2001-03-26,37.8,20.8,29.6,0.0,11.8,27.15,9,956.4,32,-6.9,Kano
2001-03-27,37.3,19.4,28.8,0.0,10.4,27.47,11,956.1,14,-5.7,Kano
2001-03-28,36.1,17.1,27.4,0.0,13.0,28.09,11,956.8,39,-7.3,Kano
2001-03-29,36.7,15.8,27.4,0.0,11.0,28.11,11,956.9,21,-7.2,Kano
2001-03-30,38.3,14.4,27.9,0.0,12.2,27.83,16,955.3,60,-2.5,Kano
2001-03-31,38.7,16.1,28.2,0.0,14.2,27.29,24,953.5,49,3.9,Kano
2001-04-01,38.8,21.4,30.5,0.0,16.5,25.39,32,955.2,15,10.8,Kano
2001-04-02,38.7,25.0,32.1,0.0,13.0,23.31,36,955.4,33,14.0,Kano
2001-04-03,37.6,24.9,31.3,0.0,14.8,24.43,40,955.6,84,15.1,Kano
2001-04-04,36.4,22.2,29.8,0.0,13.9,26.67,29,957.7,68,5.2,Kano
2001-04-05,34.9,20.0,27.8,0.0,14.6,24.86,12,959.4,97,-5.5,Kano
2001-04-06,35.6,18.3,27.6,0.0,11.8,26.95,13,959.4,80,-4.3,Kano
2001-04-07,36.0,18.6,28.0,0.0,14.5,28.07,14,959.2,2,-3.4,Kano
2001-04-08,36.6,18.6,28.2,0.0,13.9,28.24,11,958.7,5,-5.9,Kano
2001-04-09,37.3,19.2,28.7,0.0,15.5,28.39,9,957.6,52,-8.4,Kano
2001-04-10,37.8,19.5,29.2,0.0,13.3,27.96,8,956.7,69,-9.4,Kano
2001-04-11,38.4,20.2,29.9,0.0,13.5,26.76,9,956.4,54,-7.5,Kano
2001-04-12,39.3,20.5,30.6,0.0,12.2,27.55,11,956.0,37,-3.6,Kano
2001-04-13,39.9,22.3,31.7,0.0,9.5,26.89,14,955.0,67,0.1,Kano
2001-04-14,39.5,24.3,32.0,0.0,11.0,25.95,28,955.0,95,9.0,Kano
2001-04-15,39.5,20.4,30.9,0.0,12.2,27.18,22,956.3,69,2.6,Kano
2001-04-16,39.0,19.6,30.9,0.0,14.3,25.89,24,956.7,94,7.2,Kano
2001-04-17,40.1,25.1,32.9,0.0,14.5,25.46,40,956.3,92,15.2,Kano
2001-04-18,37.3,26.3,31.0,0.1,19.2,22.84,47,956.5,100,17.7,Kano
2001-04-19,39.1,23.5,31.4,0.0,14.8,25.82,46,956.5,84,15.7,Kano
2001-04-20,39.7,25.8,32.6,0.0,17.8,26.24,39,956.5,45,15.0,Kano
2001-04-21,39.5,26.4,32.9,0.0,17.3,25.03,39,956.0,12,15.9,Kano
2001-04-22,39.2,26.2,32.4,0.0,19.9,24.12,44,954.9,32,16.8,Kano
2001-04-23,38.3,25.1,31.8,0.0,18.8,25.02,48,955.8,77,17.9,Kano
2001-04-24,38.8,25.8,32.2,0.0,12.7,23.75,44,956.9,73,17.3,Kano
2001-04-25,40.5,24.9,32.8,0.0,17.4,25.82,40,955.7,45,15.1,Kano
2001-04-26,39.1,26.2,32.5,0.0,17.1,24.86,44,957.3,89,17.3,Kano
2001-04-27,40.3,25.8,33.2,0.0,15.3,25.86,42,956.3,36,16.7,Kano
2001-04-28,38.9,26.7,32.2,2.5,17.8,24.23,46,955.2,53,18.5,Kano
2001-04-29,38.8,25.1,30.5,3.2,18.4,23.82,57,955.9,76,19.8,Kano
2001-04-30,37.3,25.4,30.4,1.3,16.3,24.78,56,957.2,91,19.7,Kano
2001-05-01,38.1,25.8,31.4,0.4,14.3,24.49,51,958.0,49,19.2,Kano
2001-05-02,39.7,25.1,32.2,0.0,11.8,25.69,46,957.0,26,16.7,Kano
2001-05-03,40.3,25.8,32.6,0.0,16.5,26.63,36,954.3,22,14.2,Kano
2001-05-04,38.2,26.3,31.9,0.2,18.1,25.0,47,955.1,65,18.3,Kano
2001-05-05,39.0,26.4,31.8,0.0,18.0,24.85,50,957.1,69,18.9,Kano
2001-05-06,39.1,25.9,32.1,0.0,14.0,24.91,47,957.5,78,17.5,Kano
2001-05-07,39.5,26.1,32.9,0.0,13.1,25.31,41,956.7,57,16.4,Kano
2001-05-08,40.0,26.7,33.3,0.0,13.6,25.64,39,955.9,35,16.3,Kano
2001-05-09,40.8,26.0,33.3,0.0,17.1,26.53,41,955.7,23,16.3,Kano
2001-05-10,40.5,27.5,33.8,0.0,18.6,25.75,41,955.6,27,16.8,Kano
2001-05-11,40.7,27.7,33.6,0.9,16.8,25.84,42,956.3,69,17.5,Kano
2001-05-12,39.4,27.3,32.3,0.2,18.4,24.7,48,956.6,66,19.2,Kano
2001-05-13,37.8,25.0,30.3,3.1,19.0,23.31,59,957.6,93,20.3,Kano
2001-05-14,36.4,23.9,29.9,19.2,15.0,23.8,61,957.1,77,20.8,Kano
2001-05-15,33.3,22.9,27.9,10.9,16.6,23.86,67,958.9,76,20.5,Kano
2001-05-16,34.6,23.7,28.9,0.3,8.4,25.05,60,959.8,18,19.9,Kano
2001-05-17,35.6,23.3,29.3,0.0,14.8,24.92,57,959.4,50,18.8,Kano
2001-05-18,37.2,22.6,29.8,0.0,16.1,27.39,43,958.1,25,12.8,Kano
2001-05-19,36.4,20.0,28.2,0.0,10.7,27.87,35,957.5,24,9.9,Kano
2001-05-20,36.0,18.9,27.5,0.0,8.7,27.17,49,958.1,72,14.3,Kano
2001-05-21,36.3,19.6,28.0,0.0,8.2,27.2,47,957.8,30,14.0,Kano
2001-05-22,37.2,20.3,28.8,0.0,11.0,26.45,45,957.5,7,14.3,Kano
2001-05-23,37.5,21.3,29.5,0.0,11.3,26.26,42,958.1,6,13.4,Kano
2001-05-24,37.8,23.7,30.0,0.0,14.2,26.42,44,958.1,46,14.9,Kano
2001-05-25,36.2,24.4,30.0,0.0,19.6,26.28,48,957.6,34,17.0,Kano
2001-05-26,36.4,25.1,30.5,0.0,18.7,25.72,47,957.3,42,17.1,Kano
2001-05-27,35.9,24.9,30.3,0.0,17.3,24.79,50,958.8,51,18.2,Kano
2001-05-28,36.2,24.8,29.9,0.2,13.4,23.89,54,960.0,57,19.1,Kano
2001-05-29,35.0,24.9,29.4,0.0,14.6,22.57,58,959.6,93,19.5,Kano
2001-05-30,36.3,24.0,30.0,0.0,16.6,24.49,54,957.8,46,18.7,Kano
2001-05-31,38.5,24.8,31.2,0.0,16.9,25.19,46,956.6,14,16.4,Kano
2001-06-01,36.4,25.0,30.0,1.3,18.5,25.53,53,957.1,28,18.6,Kano
2001-06-02,35.3,24.5,29.3,1.5,14.3,23.62,55,958.4,89,18.8,Kano
2001-06-03,36.8,24.5,30.7,0.0,12.7,25.15,47,957.6,40,17.1,Kano
2001-06-04,36.4,25.2,30.5,0.0,15.9,25.0,49,958.3,22,17.6,Kano
2001-06-05,35.7,24.8,30.1,0.0,14.9,21.28,50,959.3,54,17.7,Kano
2001-06-06,35.4,24.0,29.1,2.8,15.6,24.41,58,959.8,35,19.4,Kano
2001-06-07,37.6,24.2,30.5,0.0,15.5,24.84,50,957.7,21,17.0,Kano
2001-06-08,36.4,23.9,29.6,0.5,18.4,24.89,55,957.3,13,18.8,Kano
2001-06-09,35.4,25.1,30.0,0.2,18.0,24.22,55,958.1,23,19.1,Kano
2001-06-10,33.8,24.3,28.2,3.6,18.7,23.32,63,958.8,41,20.1,Kano
2001-06-11,32.9,23.1,27.1,10.4,14.2,21.86,70,958.7,49,20.8,Kano
2001-06-12,32.0,23.2,27.0,7.1,12.4,23.5,73,958.6,82,21.4,Kano
2001-06-13,34.4,23.4,28.4,0.0,15.9,24.75,65,958.0,57,20.5,Kano
2001-06-14,34.2,23.7,28.5,0.2,16.0,24.11,64,957.5,40,20.5,Kano
2001-06-15,34.1,24.5,28.7,1.2,15.5,23.97,61,957.8,69,20.0,Kano
2001-06-16,30.6,24.2,27.2,9.0,13.9,18.95,71,958.2,82,21.3,Kano
2001-06-17,32.3,23.5,27.2,4.0,13.5,23.18,72,957.5,49,21.4,Kano
2001-06-18,33.2,22.4,27.2,2.9,17.8,24.7,69,958.0,32,20.7,Kano
2001-06-19,33.1,23.8,27.7,0.7,17.4,23.64,64,959.2,40,19.9,Kano
2001-06-20,32.2,23.1,27.0,8.3,13.7,23.33,72,959.8,82,21.1,Kano
2001-06-21,30.9,23.2,26.7,5.4,10.0,22.02,77,959.2,62,22.2,Kano
2001-06-22,30.9,23.0,26.4,7.5,15.3,21.19,76,960.6,75,21.7,Kano
2001-06-23,32.0,23.2,27.1,0.5,10.6,23.49,73,961.0,86,21.5,Kano
2001-06-24,31.7,22.7,27.1,0.0,18.1,22.27,70,961.8,94,20.8,Kano
2001-06-25,33.3,23.6,28.1,0.6,10.0,24.27,64,961.4,47,20.3,Kano
2001-06-26,33.7,23.9,28.3,4.1,15.1,24.45,66,960.7,25,20.9,Kano
2001-06-27,32.6,23.6,27.4,4.2,16.1,24.41,72,960.0,54,21.5,Kano
2001-06-28,30.7,22.9,26.3,2.1,17.3,17.31,74,960.1,90,21.0,Kano
2001-06-29,30.4,22.2,25.7,0.6,20.9,18.82,76,960.3,95,20.9,Kano
2001-06-30,32.7,22.2,27.2,0.0,11.5,25.22,69,959.5,40,20.6,Kano
2001-07-01,32.4,22.7,26.7,10.4,13.9,23.83,74,960.1,50,21.3,Kano
2001-07-02,33.3,22.5,27.4,2.9,10.5,25.27,71,960.4,63,21.0,Kano
2001-07-03,31.7,23.0,26.9,19.5,14.8,22.9,75,959.5,52,21.8,Kano
2001-07-04,30.8,23.2,26.5,1.5,20.4,20.42,73,959.7,82,21.1,Kano
2001-07-05,31.8,23.4,26.8,1.8,13.0,22.8,72,960.3,57,21.2,Kano
2001-07-06,31.1,22.7,26.1,9.4,13.2,23.31,78,959.8,38,21.8,Kano
2001-07-07,30.6,23.0,26.1,6.6,13.8,22.36,79,960.4,57,22.0,Kano
2001-07-08,30.8,22.0,26.2,3.5,13.2,23.6,75,960.3,50,21.2,Kano
2001-07-09,31.3,23.4,27.1,0.2,13.0,22.94,74,959.0,54,21.8,Kano
2001-07-10,32.2,22.9,26.9,6.8,12.2,24.48,74,958.8,74,21.7,Kano
2001-07-11,30.9,22.8,26.6,8.5,12.6,18.8,77,959.4,74,22.1,Kano
2001-07-12,34.5,22.5,28.2,0.0,17.6,25.57,65,958.8,41,20.4,Kano
2001-07-13,33.0,23.1,27.7,0.3,17.3,25.06,68,957.4,21,21.0,Kano
2001-07-14,32.9,23.6,27.8,0.6,16.9,24.12,70,956.8,37,21.5,Kano
2001-07-15,31.9,22.6,27.0,13.7,16.8,23.47,73,958.4,65,21.6,Kano
2001-07-16,30.3,22.3,25.3,4.4,15.4,17.21,77,960.2,99,20.7,Kano
2001-07-17,29.0,22.0,25.1,0.7,20.6,17.68,75,961.4,75,20.3,Kano
2001-07-18,30.2,22.2,25.2,5.1,16.9,18.84,78,960.0,77,20.9,Kano
2001-07-19,30.7,22.5,25.6,14.4,14.4,22.06,79,958.2,67,21.6,Kano
2001-07-20,26.9,22.9,24.6,14.9,22.1,10.63,83,957.4,99,21.5,Kano
2001-07-21,25.2,21.7,23.2,32.0,15.4,9.7,88,958.1,100,21.0,Kano
2001-07-22,27.1,20.9,23.8,0.6,17.0,17.82,82,959.1,84,20.4,Kano
2001-07-23,29.1,21.0,24.9,0.0,21.8,16.16,75,958.9,76,19.9,Kano
2001-07-24,27.4,21.4,23.7,14.8,18.0,14.08,85,958.8,96,20.8,Kano
2001-07-25,27.6,20.5,23.2,16.9,10.7,15.52,88,959.1,92,20.9,Kano
2001-07-26,29.5,20.2,24.6,0.0,17.1,20.11,76,959.6,57,19.6,Kano
2001-07-27,30.6,21.8,26.0,0.7,16.7,22.46,73,959.2,89,20.5,Kano
2001-07-28,28.1,21.6,24.5,4.5,24.2,12.22,80,958.0,90,20.7,Kano
2001-07-29,25.9,21.6,23.7,39.8,14.8,11.84,84,958.9,93,20.7,Kano
2001-07-30,27.9,21.2,24.0,9.3,16.6,19.78,81,961.6,87,20.5,Kano
2001-07-31,29.3,20.9,24.2,10.4,16.8,22.84,83,962.1,69,21.0,Kano
2001-08-01,28.4,21.9,24.3,8.6,13.2,15.0,84,960.7,84,21.4,Kano
2001-08-02,28.1,21.4,24.8,0.6,18.3,17.78,76,959.5,87,20.1,Kano
2001-08-03,27.8,21.9,24.3,10.9,18.8,16.39,81,959.6,85,20.7,Kano
2001-08-04,29.3,21.2,24.7,0.8,8.0,19.27,79,960.8,59,20.6,Kano
2001-08-05,30.3,21.0,25.3,1.9,9.5,23.07,78,961.7,49,20.9,Kano
2001-08-06,30.2,22.1,25.6,7.8,16.9,20.9,79,960.4,78,21.4,Kano
2001-08-07,28.2,21.1,23.5,26.0,16.3,12.89,87,960.2,99,21.1,Kano
2001-08-08,28.2,20.6,23.8,6.7,16.8,19.11,82,961.0,73,20.5,Kano
2001-08-09,28.9,21.5,25.0,2.0,14.3,19.61,80,960.9,72,21.1,Kano
2001-08-10,32.2,22.3,26.8,1.2,14.2,24.3,72,960.3,93,21.1,Kano
2001-08-11,29.7,22.9,26.4,1.0,17.6,19.22,77,960.2,75,21.9,Kano
2001-08-12,27.9,21.8,24.6,15.6,15.3,13.29,86,959.9,98,21.9,Kano
2001-08-13,29.3,21.1,24.5,2.3,12.0,20.24,83,960.1,78,21.3,Kano
2001-08-14,28.6,21.8,24.3,7.5,21.9,15.28,82,960.4,98,21.0,Kano
2001-08-15,28.5,21.8,24.5,5.3,16.8,18.51,83,961.8,81,21.3,Kano
2001-08-16,29.7,20.4,24.9,0.7,15.6,20.55,75,962.3,87,19.9,Kano
2001-08-17,28.8,22.3,25.0,8.3,14.9,19.61,79,961.1,64,21.1,Kano
2001-08-18,27.4,22.3,24.3,11.1,16.9,13.24,84,960.1,87,21.3,Kano
2001-08-19,29.4,21.4,25.4,0.2,13.3,16.85,78,960.5,83,21.0,Kano
2001-08-20,29.2,22.8,25.4,0.5,15.3,13.19,80,960.8,99,21.5,Kano
2001-08-21,27.5,21.7,24.0,37.8,10.8,11.57,84,961.7,79,21.0,Kano
2001-08-22,30.6,21.0,25.4,0.0,17.2,22.72,74,961.7,43,20.0,Kano
2001-08-23,31.5,22.4,26.4,0.3,17.1,24.72,74,960.7,71,21.2,Kano
2001-08-24,29.6,22.7,25.3,18.6,14.0,20.23,83,959.5,83,22.1,Kano
2001-08-25,28.7,22.4,24.8,22.3,14.3,17.46,87,959.9,96,22.3,Kano
2001-08-26,26.7,21.4,23.4,10.6,9.7,8.78,90,960.7,100,21.5,Kano
2001-08-27,30.5,21.4,25.8,0.0,10.3,22.24,77,959.3,33,21.0,Kano
2001-08-28,31.4,21.9,26.2,5.7,19.5,25.67,74,959.3,62,20.9,Kano
2001-08-29,28.4,22.4,24.4,11.7,18.6,14.14,85,960.4,99,21.6,Kano
2001-08-30,28.4,21.8,24.5,10.1,15.4,18.3,84,960.5,66,21.5,Kano
2001-08-31,30.0,21.9,25.7,0.1,16.5,21.47,78,959.6,68,21.3,Kano
2001-09-01,29.2,22.4,25.1,17.1,15.5,19.85,81,958.9,82,21.5,Kano
2001-09-02,27.7,21.7,23.9,12.7,12.6,14.53,86,958.6,83,21.4,Kano
2001-09-03,28.8,20.8,24.0,17.7,7.5,19.86,87,958.9,79,21.6,Kano
2001-09-04,29.2,21.3,24.6,6.6,9.7,19.18,85,959.7,69,21.6,Kano
2001-09-05,30.5,21.7,25.2,7.5,16.1,21.49,83,959.2,85,21.9,Kano
2001-09-06,29.4,21.4,25.3,1.3,8.4,17.48,80,959.0,87,21.2,Kano
2001-09-07,31.4,21.7,26.3,2.1,10.7,24.95,76,958.9,66,21.3,Kano
2001-09-08,32.6,23.0,27.0,0.7,20.8,23.87,75,957.7,91,22.0,Kano
2001-09-09,30.5,22.9,26.0,0.1,9.8,19.14,78,958.9,98,21.7,Kano
2001-09-10,31.1,22.3,26.4,0.0,8.9,24.39,78,959.9,61,21.9,Kano
2001-09-11,34.2,22.0,27.5,1.7,22.0,25.33,70,957.8,71,21.2,Kano
2001-09-12,30.3,22.4,26.4,0.0,13.5,21.12,76,958.4,54,21.6,Kano
2001-09-13,30.5,20.7,25.4,14.7,13.4,21.5,78,959.9,91,20.8,Kano
2001-09-14,28.3,21.4,24.1,13.2,8.9,16.88,84,958.9,74,21.2,Kano
2001-09-15,30.8,20.3,25.6,0.0,8.9,24.53,76,958.6,28,20.8,Kano
2001-09-16,31.5,22.4,26.7,0.0,11.5,23.9,73,959.1,73,21.1,Kano
2001-09-17,32.8,22.6,26.7,2.2,14.6,25.68,76,957.6,66,21.8,Kano
2001-09-18,29.9,22.2,25.6,0.1,12.7,22.11,80,958.3,64,21.7,Kano
2001-09-19,30.2,21.7,25.8,0.6,11.8,22.91,77,959.5,79,21.2,Kano
2001-09-20,30.2,21.1,24.9,13.6,14.0,22.56,82,960.5,82,21.4,Kano
2001-09-21,31.5,21.5,26.1,0.0,9.0,23.43,77,959.0,69,21.3,Kano
2001-09-22,32.4,22.2,26.9,0.0,9.8,25.13,73,958.1,22,21.1,Kano
2001-09-23,30.8,22.0,26.2,0.4,17.0,22.9,76,959.4,58,21.4,Kano
2001-09-24,31.9,22.2,26.4,0.1,15.8,23.27,76,959.5,47,21.4,Kano
2001-09-25,32.0,21.9,26.3,2.0,14.7,24.14,77,959.4,69,21.6,Kano
2001-09-26,30.5,22.3,25.7,2.9,13.2,22.45,80,959.8,87,21.8,Kano
2001-09-27,30.9,22.6,26.4,0.0,14.4,22.35,74,959.4,85,21.2,Kano
2001-09-28,32.9,22.2,27.2,0.1,11.7,24.44,71,958.8,29,21.0,Kano
2001-09-29,33.7,22.1,27.4,0.0,13.2,25.31,65,959.6,42,19.3,Kano
2001-09-30,33.8,21.1,26.8,0.0,11.8,24.11,68,958.9,25,19.8,Kano
2001-10-01,32.9,22.5,27.2,0.0,11.2,23.07,69,960.1,61,20.5,Kano
2001-10-02,33.7,22.4,27.7,0.0,8.7,24.62,67,960.2,39,20.1,Kano
2001-10-03,33.8,22.7,28.0,0.0,9.8,24.07,60,960.0,23,18.8,Kano
2001-10-04,34.3,21.6,27.4,0.0,9.8,25.25,56,959.9,5,16.2,Kano
2001-10-05,34.4,18.4,26.2,0.0,10.0,25.54,54,959.8,4,14.9,Kano
2001-10-06,32.9,21.1,26.8,0.0,9.0,23.71,66,960.1,39,19.5,Kano
2001-10-07,34.1,22.2,28.0,0.0,12.3,23.17,66,959.0,33,20.2,Kano
2001-10-08,34.5,23.1,28.3,0.0,14.0,23.43,62,958.7,22,19.4,Kano
2001-10-09,34.9,21.8,28.2,0.0,9.5,23.34,57,958.3,51,17.8,Kano
2001-10-10,34.8,22.2,28.6,0.0,15.6,22.53,53,958.6,81,17.2,Kano
2001-10-11,35.6,19.9,28.2,0.0,16.4,25.3,39,958.5,16,11.0,Kano
2001-10-12,35.2,20.0,27.3,0.0,16.2,25.42,35,958.6,13,9.3,Kano
2001-10-13,34.6,18.2,26.6,0.0,11.4,25.56,36,958.5,3,9.0,Kano
2001-10-14,34.1,17.6,26.2,0.0,10.9,25.26,37,958.1,31,8.6,Kano
2001-10-15,34.6,18.2,26.7,0.0,12.1,25.08,36,958.3,17,9.0,Kano
2001-10-16,31.6,21.9,26.1,0.1,10.0,14.11,52,960.2,84,14.8,Kano
2001-10-17,33.3,20.4,27.2,0.0,8.8,17.45,50,960.5,92,15.1,Kano
2001-10-18,36.0,21.6,28.9,0.0,18.8,23.93,37,959.3,50,10.5,Kano
2001-10-19,35.3,22.0,28.4,0.0,16.8,23.47,26,958.5,53,6.6,Kano
2001-10-20,35.2,21.4,28.1,0.0,16.6,24.67,24,958.8,1,5.1,Kano
2001-10-21,34.9,20.9,27.7,0.0,15.9,24.77,24,958.5,0,5.1,Kano
2001-10-22,35.1,20.6,27.7,0.0,15.8,24.65,23,958.5,0,3.9,Kano
2001-10-23,34.3,20.0,27.1,0.0,15.3,24.64,23,959.4,5,3.4,Kano
2001-10-24,33.7,18.9,26.2,0.0,14.8,24.8,24,960.2,9,3.6,Kano
2001-10-25,32.6,18.4,25.4,0.0,16.5,24.96,21,959.5,15,0.7,Kano
2001-10-26,32.8,16.0,24.8,0.0,14.0,24.61,26,958.8,73,2.9,Kano
2001-10-27,33.3,16.2,25.1,0.0,13.8,24.41,26,959.5,50,3.7,Kano
2001-10-28,33.4,17.7,25.5,0.0,14.5,23.82,28,960.6,83,4.7,Kano
2001-10-29,33.2,18.1,25.7,0.0,14.7,24.2,26,960.8,28,4.2,Kano
2001-10-30,32.5,17.9,25.3,0.0,14.3,24.35,24,960.9,22,3.0,Kano
2001-10-31,31.8,17.5,24.6,0.0,13.2,24.32,26,961.4,0,3.2,Kano
2001-11-01,31.9,17.8,24.7,0.0,14.1,23.68,26,961.2,0,3.3,Kano
2001-11-02,32.7,18.4,25.5,0.0,14.3,23.73,27,960.6,9,4.8,Kano
2001-11-03,33.2,18.8,25.9,0.0,13.7,23.7,26,959.6,58,4.4,Kano
2001-11-04,33.3,18.1,25.6,0.0,12.2,23.86,25,959.2,40,3.5,Kano
2001-11-05,33.5,17.5,25.6,0.0,13.2,23.74,23,959.9,10,2.4,Kano
2001-11-06,34.0,18.8,26.2,0.0,13.4,23.39,24,960.6,1,3.7,Kano
2001-11-07,33.9,19.5,26.4,0.0,13.5,23.26,22,961.0,63,2.4,Kano
2001-11-08,33.3,18.5,25.7,0.0,13.0,23.39,25,960.6,24,3.4,Kano
2001-11-09,33.2,15.4,24.6,0.0,10.3,23.54,29,959.0,25,4.2,Kano
2001-11-10,33.7,15.6,25.5,0.0,10.6,23.53,28,959.3,3,4.5,Kano
2001-11-11,34.3,17.0,25.9,0.0,11.8,23.09,27,960.4,32,4.4,Kano
2001-11-12,34.7,17.9,26.4,0.0,14.2,23.06,23,960.6,73,2.5,Kano
2001-11-13,32.5,15.9,24.5,0.0,11.4,23.7,20,959.2,53,-0.4,Kano
2001-11-14,32.9,13.7,23.6,0.0,10.5,23.61,26,958.2,9,1.6,Kano
2001-11-15,32.7,15.0,23.9,0.0,10.8,23.59,22,960.0,5,-0.2,Kano
2001-11-16,33.2,15.1,24.2,0.0,10.5,23.36,23,960.9,0,0.6,Kano
2001-11-17,33.1,16.1,24.7,0.0,13.2,23.25,23,960.7,0,1.1,Kano
2001-11-18,32.2,16.2,24.2,0.0,15.3,23.13,24,960.2,31,1.9,Kano
2001-11-19,32.8,17.5,24.9,0.0,14.6,21.69,23,960.4,94,1.6,Kano
2001-11-20,31.9,18.0,24.7,0.0,14.5,22.93,21,960.6,39,0.4,Kano
2001-11-21,31.1,16.0,23.4,0.0,13.4,23.01,22,961.4,9,-0.3,Kano
2001-11-22,30.6,14.6,22.7,0.0,11.9,22.82,21,960.9,46,-1.4,Kano
2001-11-23,31.8,14.9,23.7,0.0,10.4,21.68,21,959.3,46,-0.3,Kano
2001-11-24,33.1,16.5,24.9,0.0,10.4,22.09,20,958.7,21,-0.2,Kano
2001-11-25,32.8,17.5,25.2,0.0,12.0,22.02,22,958.1,14,1.1,Kano
2001-11-26,33.7,17.3,25.5,0.0,9.4,21.93,21,957.4,5,0.9,Kano
2001-11-27,34.1,17.5,25.9,0.0,10.5,21.82,21,957.7,33,0.8,Kano
2001-11-28,33.9,17.5,25.7,0.0,11.3,22.0,20,958.4,17,0.5,Kano
2001-11-29,33.4,16.8,25.1,0.0,11.1,21.98,21,958.0,64,0.2,Kano
2001-11-30,32.7,15.5,24.4,0.0,10.4,21.9,22,958.1,36,0.6,Kano
2001-12-01,31.9,15.6,23.7,0.0,10.5,22.06,21,958.6,24,-0.9,Kano
2001-12-02,31.1,14.5,23.0,0.0,10.8,22.28,22,958.9,3,-0.6,Kano
2001-12-03,30.4,14.6,22.7,0.0,12.5,21.47,26,959.6,39,1.3,Kano
2001-12-04,29.8,14.8,22.3,0.0,15.2,21.9,25,959.8,24,0.8,Kano
2001-12-05,29.6,15.1,22.3,0.0,16.1,21.79,24,960.3,60,0.2,Kano
2001-12-06,28.5,14.7,21.6,0.0,16.9,21.81,23,961.5,22,-0.8,Kano
2001-12-07,26.9,13.4,20.2,0.0,15.8,21.48,26,960.0,89,-0.5,Kano
2001-12-08,27.6,13.0,20.3,0.0,13.1,21.39,26,958.8,34,-0.2,Kano
2001-12-09,29.7,13.2,21.6,0.0,10.2,21.28,28,959.0,0,1.7,Kano
2001-12-10,31.4,15.2,23.4,0.0,10.4,21.1,25,960.5,0,1.6,Kano
2001-12-11,32.6,16.9,24.5,0.0,12.6,21.13,24,959.8,2,2.0,Kano
2001-12-12,32.4,16.0,24.3,0.0,12.2,21.28,27,958.1,6,3.0,Kano
2001-12-13,31.4,16.1,24.0,0.0,11.4,16.99,29,957.9,64,4.3,Kano
2001-12-14,33.4,16.5,25.0,0.0,12.1,21.02,28,959.2,20,4.2,Kano
2001-12-15,33.2,17.8,25.4,0.0,13.7,21.37,20,960.1,10,-0.2,Kano
2001-12-16,32.7,17.2,25.0,0.0,12.8,20.8,18,959.7,41,-1.8,Kano
2001-12-17,31.7,18.2,24.6,0.0,14.0,19.38,19,959.3,66,-1.1,Kano
2001-12-18,32.5,15.1,23.8,0.0,10.5,21.42,22,958.9,11,-0.5,Kano
2001-12-19,32.1,15.3,23.7,0.0,12.0,21.34,17,959.2,35,-3.6,Kano
2001-12-20,31.7,14.6,23.3,0.0,12.4,21.35,21,959.5,3,-0.9,Kano
2001-12-21,32.0,14.8,23.6,0.0,12.4,21.05,22,960.4,37,-0.4,Kano
2001-12-22,31.5,16.0,23.7,0.0,12.6,21.16,21,960.6,10,-0.6,Kano
2001-12-23,31.0,15.4,23.2,0.0,13.6,21.43,19,961.2,4,-2.8,Kano
2001-12-24,30.7,14.5,22.6,0.0,13.7,21.61,18,961.6,12,-3.7,Kano
2001-12-25,30.2,13.9,22.1,0.0,12.6,21.46,18,961.1,53,-4.4,Kano
2001-12-26,30.3,13.4,22.0,0.0,11.3,21.54,18,959.9,0,-4.6,Kano
2001-12-27,31.2,13.1,22.2,0.0,11.3,21.72,18,959.9,0,-4.9,Kano
2001-12-28,32.0,12.4,22.2,0.0,11.5,21.89,20,959.8,0,-3.3,Kano
2001-12-29,32.9,14.0,23.5,0.0,12.7,21.58,18,959.6,0,-3.6,Kano
2001-12-30,29.7,14.4,22.3,0.0,13.1,21.47,25,960.6,5,-0.0,Kano
2001-12-31,29.1,14.2,21.6,0.0,15.2,21.38,25,960.8,8,0.4,Kano
2002-01-01,27.8,13.7,20.7,0.0,15.2,21.53,25,961.1,0,-0.9,Kano
2002-01-02,26.7,12.4,19.5,0.0,14.5,21.59,20,961.7,0,-4.5,Kano
2002-01-03,26.4,11.8,19.0,0.0,15.3,21.6,19,961.7,0,-5.9,Kano
2002-01-04,27.0,11.4,19.2,0.0,11.4,21.3,20,960.5,1,-4.5,Kano
2002-01-05,28.2,11.4,20.0,0.0,9.9,21.27,26,959.2,14,-0.6,Kano
2002-01-06,28.2,13.3,20.8,0.0,12.4,20.94,24,959.2,40,-1.1,Kano
2002-01-07,27.9,14.2,21.0,0.0,13.8,19.69,22,959.6,55,-1.8,Kano
2002-01-08,27.8,14.4,20.9,0.0,15.8,21.06,23,961.5,9,-1.4,Kano
2002-01-09,27.4,14.5,20.8,0.0,17.7,21.18,20,963.0,1,-3.5,Kano
2002-01-10,26.2,14.3,20.1,0.0,20.9,21.58,17,963.7,5,-5.9,Kano
2002-01-11,24.5,12.8,18.5,0.0,20.4,21.74,18,964.9,45,-6.2,Kano
2002-01-12,23.0,11.2,16.9,0.0,19.1,21.92,23,964.7,7,-5.3,Kano
2002-01-13,23.1,9.9,16.5,0.0,15.3,21.63,23,963.7,19,-5.4,Kano
2002-01-14,24.1,10.2,17.2,0.0,15.7,21.44,22,962.5,73,-5.6,Kano
2002-01-15,25.0,10.5,17.8,0.0,14.8,21.8,19,961.5,62,-6.5,Kano
2002-01-16,26.4,11.1,18.7,0.0,13.5,21.78,21,961.0,10,-4.4,Kano
2002-01-17,27.7,11.9,19.9,0.0,11.5,21.78,22,960.2,10,-3.0,Kano
2002-01-18,29.1,13.3,21.2,0.0,11.0,21.81,21,959.5,20,-2.6,Kano
2002-01-19,30.0,14.0,22.0,0.0,11.4,21.95,19,959.5,20,-3.3,Kano
2002-01-20,30.3,14.9,22.4,0.0,14.7,22.12,17,960.9,17,-4.6,Kano
2002-01-21,29.7,13.8,21.6,0.0,15.0,22.7,16,961.3,53,-5.5,Kano
2002-01-22,28.4,13.5,20.8,0.0,16.6,22.7,18,962.3,64,-5.6,Kano
2002-01-23,27.6,12.5,20.1,0.0,16.6,22.54,20,962.8,65,-4.4,Kano
2002-01-24,27.3,13.0,20.0,0.0,16.9,22.67,23,963.0,38,-2.5,Kano
2002-01-25,27.4,11.9,19.6,0.0,14.7,22.69,23,963.1,0,-2.9,Kano
2002-01-26,27.2,12.5,19.7,0.0,15.9,22.71,19,963.3,0,-5.0,Kano
2002-01-27,26.3,11.7,19.0,0.0,17.4,23.07,18,963.3,0,-6.4,Kano
2002-01-28,26.3,11.7,18.8,0.0,19.3,23.13,20,963.3,0,-5.4,Kano
2002-01-29,25.7,12.2,18.8,0.0,18.8,23.26,22,964.0,19,-4.2,Kano
2002-01-30,26.2,12.1,19.0,0.0,18.9,23.01,22,963.9,1,-3.8,Kano
2002-01-31,26.5,12.5,19.5,0.0,18.0,22.36,22,963.6,58,-3.4,Kano
2002-02-01,27.0,13.2,20.0,0.0,19.3,22.74,20,962.5,67,-4.4,Kano
2002-02-02,28.2,13.8,20.9,0.0,18.1,22.98,19,962.7,19,-4.5,Kano
2002-02-03,29.4,14.2,21.6,0.0,15.8,23.12,17,962.1,0,-5.1,Kano
2002-02-04,30.0,13.9,21.9,0.0,12.0,23.21,15,960.4,17,-6.2,Kano
2002-02-05,30.4,13.6,22.0,0.0,11.3,23.25,18,959.5,3,-4.1,Kano
2002-02-06,30.0,13.8,22.0,0.0,11.5,23.36,17,959.7,0,-4.7,Kano
2002-02-07,30.4,13.4,22.0,0.0,10.8,23.24,17,959.9,2,-4.4,Kano
2002-02-08,31.4,13.9,22.9,0.0,10.5,23.17,18,959.4,2,-3.4,Kano
2002-02-09,31.4,14.4,23.2,0.0,17.1,23.03,18,958.7,22,-3.7,Kano
2002-02-10,26.7,14.7,20.6,0.0,19.2,23.36,17,961.7,12,-5.9,Kano
2002-02-11,26.7,12.4,19.5,0.0,15.5,23.57,21,962.0,36,-4.0,Kano
2002-02-12,27.9,12.6,20.2,0.0,16.5,23.71,20,962.7,37,-4.2,Kano
2002-02-13,27.9,13.2,20.5,0.0,16.0,23.99,20,961.9,16,-4.2,Kano
2002-02-14,29.0,13.0,21.1,0.0,14.2,23.88,19,961.2,0,-3.7,Kano
2002-02-15,29.8,13.9,21.8,0.0,12.8,24.07,18,961.5,0,-3.8,Kano
2002-02-16,30.2,13.4,21.9,0.0,12.2,24.5,16,961.6,0,-5.9,Kano
2002-02-17,31.4,13.7,22.8,0.0,11.7,24.42,15,961.4,0,-6.1,Kano
2002-02-18,32.8,14.3,23.7,0.0,10.8,24.61,15,960.9,0,-5.1,Kano
2002-02-19,32.9,14.3,23.7,0.0,10.5,24.98,15,960.6,32,-5.5,Kano
2002-02-20,32.6,15.1,23.9,0.0,11.6,24.52,15,959.9,0,-4.7,Kano
2002-02-21,34.1,15.5,25.0,0.0,9.9,24.59,17,957.3,0,-2.6,Kano
2002-02-22,36.1,16.1,26.7,0.0,10.8,24.39,18,956.1,44,-0.6,Kano
2002-02-23,36.4,16.9,27.2,0.0,12.3,23.48,18,956.9,2,-1.3,Kano
2002-02-24,34.6,19.1,26.7,0.0,14.5,24.5,12,958.1,21,-5.5,Kano
2002-02-25,33.8,18.0,25.9,0.0,11.3,24.49,14,957.8,65,-4.4,Kano
2002-02-26,33.8,16.3,25.8,0.0,12.7,24.49,17,957.5,83,-1.9,Kano
2002-02-27,33.9,18.8,26.5,0.0,10.2,24.8,21,957.7,41,1.1,Kano
2002-02-28,34.1,18.9,26.4,0.0,13.2,23.67,21,957.7,74,1.7,Kano
2002-03-01,34.5,19.9,27.1,0.0,12.6,23.73,27,958.6,83,5.5,Kano
2002-03-02,35.0,19.0,27.3,0.0,12.4,24.85,25,958.5,42,4.7,Kano
2002-03-03,35.1,19.8,27.5,0.0,13.5,25.2,16,958.1,38,-1.3,Kano
2002-03-04,34.6,19.1,27.1,0.0,12.5,25.44,15,957.0,0,-2.0,Kano
2002-03-05,34.3,16.6,26.0,0.0,12.2,25.76,14,956.5,0,-4.4,Kano
2002-03-06,35.0,15.4,25.7,0.0,12.0,26.03,13,956.7,6,-5.4,Kano
2002-03-07,36.1,15.4,26.6,0.0,11.1,25.8,16,957.1,1,-2.8,Kano
2002-03-08,37.4,17.7,28.5,0.0,11.0,25.34,27,956.3,28,6.8,Kano
2002-03-09,37.2,21.9,29.6,0.0,14.0,22.22,40,956.3,70,13.2,Kano
2002-03-10,36.2,24.0,30.2,0.0,13.4,20.43,51,958.2,97,17.7,Kano
2002-03-11,37.1,21.5,29.6,0.0,12.8,24.13,36,958.4,17,8.2,Kano
2002-03-12,36.5,20.7,28.8,0.0,12.1,25.8,18,959.2,64,0.8,Kano
2002-03-13,37.0,20.4,29.0,0.0,14.7,24.66,18,958.4,95,1.1,Kano
2002-03-14,38.3,20.1,29.6,0.0,14.1,26.37,16,957.4,28,0.1,Kano
2002-03-15,38.2,19.9,29.5,0.0,11.6,26.62,15,956.9,0,-1.1,Kano
2002-03-16,38.9,18.3,29.3,0.0,11.3,26.8,14,955.5,3,-2.8,Kano
2002-03-17,37.5,16.7,28.8,0.0,13.2,24.54,24,954.9,91,5.1,Kano
2002-03-18,37.9,20.8,29.5,0.0,15.6,25.47,34,955.0,47,10.2,Kano
2002-03-19,35.6,20.7,28.2,0.0,13.1,26.42,12,957.8,34,-4.8,Kano
2002-03-20,34.5,18.8,26.9,0.0,14.7,26.33,14,960.2,62,-3.7,Kano
2002-03-21,34.0,19.2,26.8,0.0,17.6,26.54,15,959.8,50,-2.9,Kano
2002-03-22,34.5,19.3,27.2,0.0,15.0,26.18,13,958.3,34,-3.6,Kano
2002-03-23,35.2,20.6,28.0,0.0,12.0,22.04,12,957.8,89,-4.1,Kano
2002-03-24,37.3,19.7,29.0,0.0,9.2,26.38,13,956.5,34,-2.9,Kano
2002-03-25,37.2,19.1,28.9,0.0,10.2,26.76,15,956.3,31,-2.0,Kano
2002-03-26,37.3,18.9,28.5,0.0,9.7,26.82,17,956.5,67,-0.6,Kano
2002-03-27,36.7,20.7,29.4,0.0,12.8,26.83,13,957.3,55,-3.0,Kano
2002-03-28,36.5,18.1,27.7,0.0,12.6,27.23,14,957.9,60,-3.5,Kano
2002-03-29,36.1,20.2,28.2,0.0,16.8,27.47,11,958.7,58,-5.8,Kano
2002-03-30,37.0,19.3,28.3,0.0,15.9,27.36,11,958.0,1,-6.0,Kano
2002-03-31,38.8,19.7,29.5,0.0,17.8,27.77,10,956.3,0,-6.1,Kano
2002-04-01,38.0,18.7,28.8,0.0,13.5,27.43,15,956.5,41,-1.8,Kano
2002-04-02,36.9,20.7,29.0,0.0,14.2,27.3,13,958.3,86,-2.8,Kano
2002-04-03,38.1,20.0,29.5,0.0,11.3,27.47,15,957.8,49,-1.0,Kano
2002-04-04,38.5,18.4,30.6,0.0,10.5,26.96,21,955.9,18,4.7,Kano
2002-04-05,38.9,22.0,31.5,0.0,14.3,25.54,25,953.9,68,8.4,Kano
2002-04-06,39.5,23.4,31.8,0.0,9.8,25.71,35,953.4,62,11.7,Kano
2002-04-07,40.0,22.8,31.4,0.0,13.4,25.61,33,952.9,65,11.4,Kano
2002-04-08,40.0,26.3,32.6,0.0,13.4,25.6,37,953.5,74,13.8,Kano
2002-04-09,40.8,24.3,32.2,0.0,14.0,26.75,35,953.3,95,10.1,Kano
2002-04-10,39.8,21.5,31.2,0.0,14.8,26.78,25,952.7,97,6.7,Kano
2002-04-11,39.3,24.2,31.8,0.0,18.6,25.84,33,953.3,93,11.6,Kano
2002-04-12,38.4,26.4,32.2,0.0,18.1,24.78,43,955.1,89,16.8,Kano
2002-04-13,38.9,26.4,32.3,0.0,13.2,24.39,47,955.5,45,18.1,Kano
2002-04-14,38.1,25.9,31.9,0.0,15.8,23.82,47,955.2,64,17.8,Kano
2002-04-15,39.2,25.9,32.1,0.0,17.3,22.61,47,954.2,57,17.8,Kano
2002-04-16,38.5,25.8,31.9,0.0,21.0,24.63,49,954.8,97,18.4,Kano
2002-04-17,38.3,25.5,31.7,0.0,17.8,23.66,47,955.9,57,17.4,Kano
2002-04-18,39.1,26.0,32.5,0.0,16.6,24.7,39,955.4,79,14.9,Kano
2002-04-19,38.3,24.2,31.5,0.0,18.9,23.8,44,955.7,95,15.7,Kano
2002-04-20,39.5,26.0,32.7,0.0,15.9,24.65,35,956.3,58,12.6,Kano
2002-04-21,39.8,24.7,32.5,0.0,13.1,26.42,31,955.3,47,11.1,Kano
2002-04-22,37.8,26.0,31.9,0.0,17.4,23.19,41,955.9,64,15.4,Kano
2002-04-23,40.1,25.6,32.9,0.0,11.4,23.81,38,954.6,53,14.2,Kano
2002-04-24,39.7,26.4,33.0,0.0,15.9,23.88,38,953.7,91,15.6,Kano
2002-04-25,39.5,27.3,33.5,0.0,13.6,22.96,35,953.6,55,13.9,Kano
2002-04-26,40.7,21.9,32.4,0.0,9.5,27.44,19,953.1,80,3.7,Kano
2002-04-27,39.9,20.3,31.1,0.0,12.6,27.64,25,954.7,48,5.6,Kano
2002-04-28,39.4,21.8,31.1,0.0,10.8,27.75,16,956.0,89,1.6,Kano
2002-04-29,37.9,19.9,30.2,0.0,9.4,26.54,15,957.3,99,-0.9,Kano
2002-04-30,38.1,18.8,29.8,0.0,9.5,27.99,17,956.9,42,0.6,Kano
2002-05-01,38.5,20.2,30.7,0.0,10.5,28.04,15,956.1,15,-0.1,Kano
2002-05-02,38.0,19.9,30.3,0.0,12.3,26.84,29,955.6,46,8.4,Kano
2002-05-03,38.3,26.2,32.1,0.0,15.4,25.04,38,956.7,40,14.6,Kano
2002-05-04,38.5,25.0,32.0,0.0,12.3,25.07,43,957.8,16,16.4,Kano
2002-05-05,39.0,25.0,32.3,0.0,12.2,26.08,36,956.9,3,13.3,Kano
2002-05-06,39.2,25.1,32.2,0.0,17.0,26.43,39,956.2,59,14.5,Kano
2002-05-07,39.6,26.5,33.1,0.0,18.0,25.76,39,956.7,39,15.6,Kano
2002-05-08,40.9,26.1,33.5,0.0,15.1,26.8,35,957.0,5,12.8,Kano
2002-05-09,39.8,26.2,32.9,0.0,18.6,25.01,39,958.4,12,15.1,Kano
2002-05-10,40.3,26.6,33.2,0.0,14.3,26.28,41,958.2,11,16.0,Kano
2002-05-11,41.4,26.4,33.8,0.0,16.3,26.69,37,957.2,23,14.3,Kano
2002-05-12,40.8,26.6,33.4,0.0,17.7,26.91,39,956.6,21,14.9,Kano
2002-05-13,39.1,26.1,32.4,0.2,16.7,25.83,40,957.5,55,15.6,Kano
2002-05-14,38.6,26.8,32.6,0.0,15.6,22.68,44,958.8,95,17.6,Kano
2002-05-15,40.8,26.1,33.4,0.0,14.2,26.07,38,958.1,33,14.0,Kano
2002-05-16,40.6,21.6,32.7,0.0,16.9,27.39,25,957.1,7,7.4,Kano
2002-05-17,40.2,20.3,31.4,0.0,13.3,26.1,28,956.1,36,9.2,Kano
2002-05-18,39.1,25.5,32.6,0.0,12.8,24.93,35,957.1,20,13.3,Kano
2002-05-19,39.2,23.6,32.1,0.0,10.7,26.1,31,957.1,33,9.5,Kano
2002-05-20,38.7,20.5,30.8,0.0,10.4,27.32,20,956.8,28,3.1,Kano
2002-05-21,38.7,20.2,30.7,0.0,14.9,26.36,28,956.8,49,7.4,Kano
2002-05-22,38.8,27.1,32.0,1.5,19.2,24.67,33,957.4,73,13.0,Kano
2002-05-23,39.1,26.2,32.9,0.0,15.0,23.0,37,956.8,68,14.9,Kano
2002-05-24,39.1,23.8,31.7,0.0,12.6,27.48,32,956.7,46,7.9,Kano
2002-05-25,40.2,20.2,31.0,0.0,14.3,27.52,27,955.7,9,6.2,Kano
2002-05-26,41.1,23.7,32.3,0.0,15.0,27.37,28,955.3,1,8.2,Kano
2002-05-27,41.0,24.7,32.8,0.0,15.7,26.63,29,955.3,47,9.2,Kano
2002-05-28,39.3,25.8,32.5,0.0,18.4,25.3,37,956.2,64,14.0,Kano
2002-05-29,39.7,26.8,33.0,0.0,15.8,25.15,38,957.5,80,14.8,Kano
2002-05-30,39.7,25.5,32.5,0.0,17.1,24.87,38,957.9,63,14.0,Kano
2002-05-31,40.6,25.5,32.8,0.0,16.6,25.23,36,956.3,47,13.2,Kano
2002-06-01,39.5,26.1,32.7,0.0,18.6,25.32,38,956.3,49,14.6,Kano
2002-06-02,36.1,26.0,29.8,3.6,16.8,20.48,56,958.2,86,19.3,Kano
2002-06-03,36.1,24.1,29.2,6.0,11.1,24.3,61,958.5,68,19.8,Kano
2002-06-04,35.9,23.6,29.3,0.3,12.3,24.25,60,958.5,61,19.8,Kano
2002-06-05,37.1,24.6,30.2,0.1,16.8,24.98,56,957.6,91,19.3,Kano
2002-06-06,34.8,24.0,28.4,0.4,22.7,23.73,65,957.7,95,20.6,Kano
2002-06-07,35.5,23.6,28.9,6.9,17.8,24.34,61,958.7,66,19.9,Kano
2002-06-08,36.0,23.7,29.1,0.1,12.6,22.62,62,958.6,98,20.0,Kano
2002-06-09,35.9,25.1,30.2,0.0,11.5,24.97,54,957.3,26,19.1,Kano
2002-06-10,36.2,24.1,29.3,0.4,17.2,24.45,62,958.3,20,20.4,Kano
2002-06-11,35.6,24.9,29.2,0.2,15.8,23.89,60,959.2,53,20.1,Kano
2002-06-12,38.0,24.2,30.0,0.0,16.5,25.38,58,958.7,52,19.6,Kano
2002-06-13,35.8,24.2,29.8,0.0,16.3,25.37,58,958.8,55,19.8,Kano
2002-06-14,35.6,24.4,29.6,0.1,15.0,24.29,59,958.9,47,20.1,Kano
2002-06-15,36.1,24.6,29.9,0.2,15.6,24.95,57,959.3,25,19.6,Kano
2002-06-16,37.0,24.3,30.4,0.0,15.8,24.57,52,958.5,72,18.3,Kano
2002-06-17,36.4,24.1,29.9,0.2,17.6,23.07,54,958.3,24,18.6,Kano
2002-06-18,37.0,24.7,30.3,0.0,17.3,23.02,55,958.1,55,18.9,Kano
2002-06-19,36.8,23.6,29.6,0.2,16.1,23.62,58,958.4,44,19.4,Kano
2002-06-20,35.8,24.1,29.4,1.7,13.7,22.59,58,959.8,82,19.4,Kano
2002-06-21,35.2,24.5,28.9,1.4,14.5,21.87,62,960.3,56,20.3,Kano
2002-06-22,35.4,24.9,29.9,0.0,15.6,23.43,56,959.6,33,19.7,Kano
2002-06-23,34.8,24.9,28.8,4.2,13.7,22.72,65,960.0,58,21.1,Kano
2002-06-24,32.7,24.7,27.9,1.7,12.7,21.24,70,961.0,81,21.7,Kano
2002-06-25,34.9,23.3,28.8,0.9,13.6,23.62,65,960.7,84,20.7,Kano
2002-06-26,35.9,24.8,29.6,0.8,16.3,22.59,60,960.1,33,20.3,Kano
2002-06-27,36.0,23.9,29.1,0.2,15.9,24.47,63,959.2,25,20.6,Kano
2002-06-28,34.6,24.0,29.1,0.1,18.1,24.35,61,960.3,25,20.2,Kano
2002-06-29,35.6,24.6,29.9,0.0,15.8,23.76,55,960.8,25,19.4,Kano
2002-06-30,35.0,25.0,29.3,0.6,14.6,22.65,59,960.9,33,20.0,Kano
2002-07-01,31.8,23.1,27.1,4.7,15.9,17.4,72,960.8,70,21.2,Kano
2002-07-02,34.2,24.2,28.0,9.3,12.5,23.89,69,960.2,33,21.3,Kano
2002-07-03,33.4,23.0,27.1,12.6,12.3,23.59,74,960.9,60,21.5,Kano
2002-07-04,33.2,23.1,27.8,0.0,8.4,24.21,69,961.4,45,21.1,Kano
2002-07-05,35.2,24.8,29.5,0.1,16.4,24.81,61,959.7,27,20.6,Kano
2002-07-06,35.3,23.6,29.0,0.0,15.1,24.58,64,958.9,39,20.9,Kano
2002-07-07,36.7,24.6,30.0,0.0,17.7,24.66,61,958.8,66,20.7,Kano
2002-07-08,34.9,24.9,29.1,0.3,18.4,23.81,63,959.6,81,20.9,Kano
2002-07-09,34.5,24.7,28.8,0.4,16.1,22.02,63,959.9,71,20.6,Kano
2002-07-10,33.2,24.0,28.1,4.8,15.7,22.88,68,960.3,94,21.4,Kano
2002-07-11,32.8,24.2,28.2,4.3,13.6,22.94,68,960.3,90,21.3,Kano
2002-07-12,34.2,23.4,28.6,0.0,12.2,25.12,65,959.1,50,20.7,Kano
2002-07-13,34.7,24.8,28.8,1.9,16.9,24.16,65,959.3,45,21.1,Kano
2002-07-14,34.8,24.7,28.6,2.6,14.2,23.97,65,959.5,73,20.8,Kano
2002-07-15,30.1,23.9,26.6,11.3,13.2,20.86,77,959.6,80,22.1,Kano
2002-07-16,32.0,22.8,26.2,17.5,13.0,22.31,79,959.6,85,21.8,Kano
2002-07-17,31.6,22.7,26.1,4.5,12.8,21.69,79,959.9,77,22.0,Kano
2002-07-18,32.1,22.5,27.0,1.3,12.6,24.75,74,959.3,44,21.7,Kano
2002-07-19,32.9,23.1,27.5,2.3,13.6,24.75,69,959.3,50,21.1,Kano
2002-07-20,28.7,22.7,25.3,15.3,12.8,14.5,82,959.1,69,21.9,Kano
2002-07-21,31.1,22.9,26.8,3.8,10.9,22.66,77,959.0,63,22.1,Kano
2002-07-22,30.2,22.9,26.1,2.4,13.8,19.09,77,959.6,98,21.5,Kano
2002-07-23,31.8,23.2,26.7,1.1,15.3,23.66,74,960.6,90,21.4,Kano
2002-07-24,32.7,23.5,27.4,1.4,17.0,25.19,70,960.5,55,21.1,Kano
2002-07-25,31.3,23.6,26.7,0.7,17.7,13.98,69,960.6,96,20.3,Kano
2002-07-26,30.8,22.6,26.2,0.6,11.5,21.81,74,960.9,72,20.8,Kano
2002-07-27,30.7,22.5,26.2,0.3,14.9,20.42,74,960.8,72,20.8,Kano
2002-07-28,29.4,22.7,25.6,8.0,12.3,16.97,77,961.1,78,21.1,Kano
2002-07-29,31.0,23.3,26.2,7.7,10.5,21.45,77,961.4,93,21.6,Kano
2002-07-30,30.3,22.8,26.1,3.7,10.5,22.34,78,959.7,87,21.8,Kano
2002-07-31,25.6,21.6,23.7,14.7,16.7,9.0,86,958.0,99,21.1,Kano
2002-08-01,29.4,21.5,24.9,2.0,16.7,20.6,79,959.4,71,20.7,Kano
2002-08-02,30.2,21.9,25.9,0.2,16.1,16.73,72,960.8,67,20.0,Kano
2002-08-03,29.7,21.9,25.4,6.3,13.4,20.1,75,959.3,60,20.7,Kano
2002-08-04,29.5,22.6,25.3,8.8,17.8,17.29,80,957.3,85,21.5,Kano
2002-08-05,30.0,22.3,25.4,16.9,17.1,21.15,80,958.0,90,21.5,Kano
2002-08-06,25.7,21.9,23.2,6.1,18.2,10.84,84,961.5,94,20.3,Kano
2002-08-07,29.5,21.7,25.1,0.6,14.0,22.0,76,961.9,60,20.4,Kano
2002-08-08,30.8,21.7,26.2,0.4,10.6,23.74,73,960.1,37,20.7,Kano
2002-08-09,31.5,22.5,26.4,9.5,11.4,23.14,78,959.2,84,21.9,Kano
2002-08-10,32.0,22.4,26.5,0.8,13.2,25.3,75,959.3,41,21.5,Kano
2002-08-11,30.3,22.7,25.7,7.0,13.5,20.52,80,960.5,93,21.8,Kano
2002-08-12,31.8,22.0,26.4,0.9,11.7,23.97,77,960.2,80,21.9,Kano
2002-08-13,31.5,22.5,26.3,7.2,14.3,24.33,79,960.4,54,22.0,Kano
2002-08-14,29.9,22.6,25.8,1.1,17.1,20.79,79,961.0,56,21.7,Kano
2002-08-15,30.2,22.2,25.7,2.2,18.6,21.2,75,962.1,92,20.7,Kano
2002-08-16,29.0,22.3,24.6,15.7,17.3,15.79,84,961.2,99,21.5,Kano
2002-08-17,29.1,21.2,24.7,4.4,10.4,19.9,83,959.6,76,21.3,Kano
2002-08-18,29.9,21.6,25.5,3.9,9.9,21.57,79,959.7,64,21.3,Kano
2002-08-19,30.9,22.3,25.9,7.1,9.7,20.36,79,959.3,49,21.8,Kano
2002-08-20,31.1,22.6,25.8,4.8,12.7,21.88,82,959.1,79,22.3,Kano
2002-08-21,31.9,22.4,26.5,0.7,18.1,23.29,76,959.3,83,21.5,Kano
2002-08-22,31.4,22.5,26.5,3.8,15.9,22.38,75,959.8,67,21.4,Kano
2002-08-23,29.8,22.0,24.9,9.0,14.8,18.03,82,959.8,84,21.5,Kano
2002-08-24,30.9,22.1,25.7,10.4,8.7,23.25,82,959.7,84,22.3,Kano
2002-08-25,30.4,22.3,25.2,9.9,13.2,19.56,84,959.4,89,22.2,Kano
2002-08-26,31.0,22.4,26.0,2.6,15.3,23.09,78,958.8,43,21.6,Kano
2002-08-27,30.7,22.4,26.1,3.4,13.6,23.77,77,959.4,55,21.5,Kano
2002-08-28,30.7,22.5,25.8,2.4,10.9,21.91,80,958.3,80,21.9,Kano
2002-08-29,32.2,22.3,26.8,1.4,11.6,24.75,77,959.2,78,22.0,Kano
2002-08-30,32.1,22.5,26.2,3.7,14.3,21.92,77,961.1,96,21.5,Kano
2002-08-31,30.3,22.4,26.3,0.4,10.2,22.78,78,960.0,93,21.9,Kano
2002-09-01,32.9,22.6,27.4,0.0,11.2,25.41,74,958.3,28,21.9,Kano
2002-09-02,32.7,23.2,27.2,9.5,13.7,24.99,75,958.4,52,22.1,Kano
2002-09-03,26.1,21.3,23.5,28.9,11.9,7.65,90,959.1,100,21.7,Kano
2002-09-04,31.4,20.8,25.6,0.0,12.2,20.88,78,959.4,85,20.9,Kano
2002-09-05,30.3,22.8,26.0,2.4,18.8,19.14,78,958.7,94,21.6,Kano
2002-09-06,28.8,21.8,24.3,12.5,11.1,16.43,85,958.9,87,21.5,Kano
2002-09-07,30.2,21.1,25.4,0.0,9.7,19.98,75,960.5,53,20.3,Kano
2002-09-08,30.4,22.3,25.5,9.8,12.1,17.92,80,960.2,77,21.6,Kano
2002-09-09,30.4,21.6,25.7,1.1,8.0,21.17,81,960.1,58,21.9,Kano
2002-09-10,32.2,22.2,26.8,0.9,16.6,24.39,75,959.2,61,21.8,Kano
2002-09-11,30.5,22.9,26.1,5.6,15.6,22.95,79,958.6,67,22.0,Kano
2002-09-12,28.4,22.6,24.9,4.9,9.8,15.76,83,959.5,94,21.8,Kano
2002-09-13,28.7,22.2,25.2,0.7,8.8,14.82,81,960.8,88,21.4,Kano
2002-09-14,31.1,22.1,26.3,0.7,12.3,24.17,76,961.2,91,21.4,Kano
2002-09-15,32.1,22.5,26.9,0.4,13.0,24.12,75,960.5,66,22.0,Kano
2002-09-16,32.9,23.0,27.3,0.3,12.6,25.09,73,960.4,16,21.7,Kano
2002-09-17,30.9,21.8,25.7,18.4,15.0,23.36,81,959.8,40,22.0,Kano
2002-09-18,29.1,21.7,24.8,2.2,11.9,18.26,84,959.1,97,21.7,Kano
2002-09-19,31.6,21.4,26.2,0.3,9.7,24.56,76,959.8,65,21.1,Kano
2002-09-20,32.3,22.2,26.8,0.4,11.8,24.4,75,959.6,82,21.7,Kano
2002-09-21,33.9,23.3,28.4,0.0,10.7,25.04,72,958.9,67,22.4,Kano
2002-09-22,32.0,23.7,27.6,0.8,9.2,22.15,76,959.1,75,22.6,Kano
2002-09-23,30.7,23.1,26.3,1.4,10.7,21.81,79,959.3,22,22.3,Kano
2002-09-24,31.0,22.6,26.6,0.4,9.7,22.37,78,959.9,19,22.2,Kano
2002-09-25,33.2,22.7,27.6,0.0,8.7,24.9,73,959.8,10,21.9,Kano
2002-09-26,35.7,23.1,28.9,0.0,11.9,25.08,65,958.2,16,21.0,Kano
2002-09-27,34.4,23.4,28.1,2.0,15.0,25.43,70,957.6,29,21.7,Kano
2002-09-28,33.5,23.7,27.6,3.3,15.5,24.44,73,957.7,42,21.9,Kano
2002-09-29,30.6,22.9,26.0,6.0,16.9,21.52,78,958.5,48,21.6,Kano
2002-09-30,31.2,22.1,25.4,12.1,14.3,21.93,81,958.4,78,21.7,Kano
2002-10-01,28.9,21.5,24.2,19.7,8.9,17.39,86,959.4,90,21.6,Kano
2002-10-02,28.7,21.2,24.1,11.0,10.6,17.42,83,959.4,93,20.9,Kano
2002-10-03,29.8,21.4,25.1,0.3,10.7,21.89,80,959.9,75,21.1,Kano
2002-10-04,31.0,22.1,25.7,4.3,13.2,23.25,76,959.5,28,20.8,Kano
2002-10-05,28.0,22.3,24.7,2.2,16.6,16.09,83,959.6,93,21.5,Kano
2002-10-06,28.9,21.4,24.8,2.3,9.7,19.53,79,959.9,65,20.8,Kano
2002-10-07,29.7,21.0,25.4,0.1,8.0,21.44,76,960.2,48,20.7,Kano
2002-10-08,33.4,21.6,27.0,0.0,9.2,24.24,70,958.8,27,20.3,Kano
2002-10-09,33.4,22.0,27.5,0.0,8.7,23.56,68,957.7,40,20.4,Kano
2002-10-10,32.2,23.0,27.5,0.0,9.4,22.62,73,959.3,73,21.9,Kano
2002-10-11,33.6,23.3,27.9,0.0,8.7,22.27,70,959.6,99,21.4,Kano
2002-10-12,34.6,22.2,27.7,0.0,9.8,23.24,65,957.9,91,19.7,Kano
2002-10-13,33.3,23.2,27.7,0.3,17.3,23.08,69,957.7,56,20.9,Kano
2002-10-14,33.9,23.4,28.0,1.2,12.0,23.36,68,958.7,41,21.0,Kano
2002-10-15,32.3,22.2,27.1,0.8,13.2,19.95,71,958.7,89,20.9,Kano
2002-10-16,34.3,22.5,28.0,0.0,8.6,22.62,63,958.1,73,19.5,Kano
2002-10-17,32.2,22.9,26.5,2.7,9.9,19.47,72,958.8,98,20.7,Kano
2002-10-18,30.3,22.5,26.1,2.1,8.7,16.0,79,958.7,79,21.9,Kano
2002-10-19,33.9,21.8,27.2,0.0,9.1,23.71,63,958.3,54,18.0,Kano
2002-10-20,33.6,19.7,26.6,0.0,11.3,24.35,48,957.8,29,13.0,Kano
2002-10-21,33.3,18.6,25.8,0.0,13.1,23.55,44,958.0,63,11.6,Kano
2002-10-22,33.0,18.4,25.5,0.0,12.9,23.97,44,958.8,89,11.2,Kano
2002-10-23,33.1,17.7,25.5,0.0,12.4,24.36,43,959.0,58,10.8,Kano
2002-10-24,33.0,17.0,25.3,0.0,10.7,24.15,47,958.7,59,11.2,Kano
2002-10-25,33.3,18.1,25.7,0.0,14.3,23.98,40,958.1,31,9.9,Kano
2002-10-26,33.5,18.7,25.6,0.0,12.8,23.91,36,958.1,73,8.3,Kano
2002-10-27,33.6,17.6,25.7,0.0,14.9,23.9,29,957.9,11,5.4,Kano
2002-10-28,33.1,18.4,25.9,0.0,15.5,22.47,26,957.8,91,4.1,Kano
2002-10-29,33.2,19.1,25.8,0.0,12.4,23.66,30,958.2,81,6.2,Kano
2002-10-30,32.7,18.4,25.2,0.0,12.2,23.86,33,958.8,0,7.2,Kano
2002-10-31,32.4,16.9,24.8,0.0,11.3,23.81,35,959.2,69,7.2,Kano
2002-11-01,32.8,17.0,25.1,0.0,11.8,23.71,37,958.7,34,8.2,Kano
2002-11-02,32.9,17.3,25.3,0.0,12.4,23.51,35,958.7,53,7.8,Kano
2002-11-03,33.4,17.6,25.9,0.0,9.8,23.42,36,957.8,13,8.7,Kano
2002-11-04,33.4,18.4,26.0,0.0,10.8,21.71,41,959.1,93,10.5,Kano
2002-11-05,31.4,22.2,26.5,0.4,10.9,18.16,54,960.3,77,15.9,Kano
2002-11-06,33.0,20.8,26.5,0.0,8.8,17.73,39,960.5,90,10.1,Kano
2002-11-07,34.7,18.7,26.7,0.0,12.0,22.98,34,959.5,50,7.2,Kano
2002-11-08,35.1,18.1,26.8,0.0,10.2,23.07,32,959.3,48,6.8,Kano
2002-11-09,33.2,19.2,26.1,0.0,8.7,20.28,38,959.9,85,9.4,Kano
2002-11-10,31.1,20.1,25.2,0.0,10.2,14.91,32,959.7,65,6.4,Kano
2002-11-11,32.9,19.2,25.8,0.0,14.0,22.59,21,960.1,65,0.9,Kano
2002-11-12,32.4,19.0,25.5,0.0,14.0,22.88,19,961.4,59,-0.4,Kano
2002-11-13,32.6,17.6,25.1,0.0,12.3,22.86,24,960.8,3,2.6,Kano
2002-11-14,33.3,17.1,25.4,0.0,9.1,22.77,29,959.7,34,4.8,Kano
2002-11-15,33.4,17.0,25.1,0.0,11.0,22.8,30,959.5,14,4.9,Kano
2002-11-16,33.3,18.1,25.6,0.0,12.7,22.87,23,959.6,0,2.2,Kano
2002-11-17,33.1,17.8,25.3,0.0,11.9,22.98,24,960.2,0,2.3,Kano
2002-11-18,32.6,15.9,24.4,0.0,10.1,22.93,27,959.2,0,3.1,Kano
2002-11-19,32.5,15.2,24.0,0.0,9.8,22.95,27,958.8,1,2.5,Kano
2002-11-20,32.2,15.4,23.9,0.0,11.2,22.89,27,959.6,0,2.9,Kano
2002-11-21,31.6,14.5,23.3,0.0,9.9,22.96,27,959.6,61,1.9,Kano
2002-11-22,31.9,14.7,23.5,0.0,10.5,22.77,27,960.1,18,2.1,Kano
2002-11-23,32.4,15.8,24.2,0.0,13.8,22.44,25,960.5,2,2.1,Kano
2002-11-24,31.9,16.6,24.1,0.0,13.2,22.58,22,961.1,2,0.5,Kano
2002-11-25,30.6,14.8,22.9,0.0,11.8,22.73,20,960.9,9,-2.0,Kano
2002-11-26,30.4,13.2,22.0,0.0,9.7,22.74,22,960.4,36,-1.5,Kano
2002-11-27,30.9,12.9,22.2,0.0,10.4,22.65,23,959.7,4,-1.0,Kano
2002-11-28,31.1,13.1,22.2,0.0,10.3,21.77,22,959.6,51,-1.7,Kano
2002-11-29,31.1,14.2,22.8,0.0,11.1,21.99,20,960.1,25,-2.3,Kano
2002-11-30,30.5,15.4,22.9,0.0,10.8,22.02,21,960.7,0,-1.1,Kano
2002-12-01,31.3,15.2,23.3,0.0,9.8,21.54,25,959.7,60,1.2,Kano
2002-12-02,31.2,15.4,23.5,0.0,10.3,21.3,27,958.5,80,2.7,Kano
2002-12-03,31.3,16.2,23.8,0.0,11.4,21.22,27,959.8,36,3.1,Kano
2002-12-04,32.1,15.5,24.0,0.0,9.9,21.28,29,959.4,48,3.7,Kano
2002-12-05,32.4,17.0,24.5,0.0,9.2,20.57,24,957.9,62,1.8,Kano
2002-12-06,32.6,17.1,24.8,0.0,9.3,20.53,24,957.2,46,1.9,Kano
2002-12-07,33.7,16.1,25.0,0.0,10.2,20.67,24,957.0,63,1.9,Kano
2002-12-08,34.2,18.4,26.1,0.0,11.5,21.02,24,957.9,52,2.8,Kano
2002-12-09,35.2,16.7,26.2,0.0,10.6,21.16,27,958.9,4,4.3,Kano
2002-12-10,34.0,17.4,25.9,0.0,11.3,21.18,24,960.3,0,2.5,Kano
2002-12-11,33.7,17.7,25.6,0.0,12.1,21.12,21,960.9,52,1.0,Kano
2002-12-12,34.2,19.0,26.2,0.0,14.7,21.16,23,961.0,24,2.9,Kano
2002-12-13,33.3,18.8,25.8,0.0,13.7,21.27,20,963.0,12,0.5,Kano
2002-12-14,33.5,18.2,25.7,0.0,16.3,21.18,22,963.0,22,1.6,Kano
2002-12-15,31.5,18.4,24.9,0.0,20.6,21.06,22,962.7,0,1.1,Kano
2002-12-16,28.5,16.2,22.3,0.0,17.9,21.71,20,962.0,0,-2.7,Kano
2002-12-17,27.9,13.6,20.8,0.0,14.8,21.5,20,962.6,0,-3.6,Kano
2002-12-18,28.9,14.0,21.4,0.0,14.0,21.27,21,962.9,14,-2.0,Kano
2002-12-19,28.6,15.6,21.8,0.0,16.3,20.35,21,962.3,94,-2.1,Kano
2002-12-20,28.1,14.4,21.0,0.0,13.0,20.26,19,961.7,93,-4.2,Kano
2002-12-21,27.8,13.4,20.6,0.0,10.3,18.39,21,961.0,93,-3.6,Kano
2002-12-22,27.9,12.7,20.2,0.0,11.8,21.54,19,961.6,54,-5.5,Kano
2002-12-23,26.8,11.0,19.1,0.0,16.9,21.96,19,963.6,20,-6.0,Kano
2002-12-24,26.2,12.0,19.1,0.0,15.8,21.8,26,964.4,3,-1.9,Kano
2002-12-25,25.7,11.2,18.4,0.0,14.2,21.84,23,964.6,16,-4.1,Kano
2002-12-26,24.9,10.0,17.4,0.0,16.6,22.18,19,963.8,17,-7.3,Kano
2002-12-27,25.7,9.7,17.5,0.0,16.9,22.11,22,963.3,3,-5.2,Kano
2002-12-28,26.2,9.8,17.8,0.0,14.5,22.05,19,963.6,0,-7.3,Kano
2002-12-29,27.1,10.8,18.7,0.0,13.9,21.72,19,964.2,6,-6.3,Kano
2002-12-30,26.9,11.4,19.0,0.0,15.0,21.92,22,964.0,0,-4.2,Kano
2002-12-31,27.1,10.6,18.8,0.0,14.8,22.18,21,963.1,0,-4.9,Kano
2003-01-01,26.8,10.8,18.8,0.0,14.0,22.06,21,962.8,42,-5.1,Kano
2003-01-02,26.5,11.0,18.9,0.0,15.5,21.94,21,963.4,19,-4.9,Kano
2003-01-03,26.7,11.5,19.2,0.0,15.9,21.62,19,963.9,71,-5.8,Kano
2003-01-04,27.1,12.0,19.3,0.0,15.7,22.21,18,962.9,2,-6.4,Kano
2003-01-05,27.2,10.4,18.8,0.0,10.8,22.14,21,960.8,0,-5.0,Kano
2003-01-06,29.0,9.9,19.5,0.0,10.0,22.12,23,961.0,0,-3.3,Kano
2003-01-07,29.7,10.8,20.3,0.0,9.9,22.17,22,961.4,7,-3.0,Kano
2003-01-08,29.8,11.2,20.7,0.0,10.0,21.87,20,961.4,33,-3.9,Kano
2003-01-09,30.8,12.0,21.7,0.0,10.0,21.76,19,960.6,25,-3.8,Kano
2003-01-10,33.1,15.3,23.9,0.0,10.8,21.77,22,958.8,5,-0.3,Kano
2003-01-11,34.5,12.8,24.1,0.0,10.1,21.54,30,958.1,6,3.7,Kano
2003-01-12,34.5,16.2,25.2,0.0,10.9,19.75,25,959.2,55,1.6,Kano
2003-01-13,33.5,16.7,24.8,0.0,12.3,21.81,15,959.9,31,-5.0,Kano
2003-01-14,32.7,15.5,24.0,0.0,11.9,21.81,18,960.0,1,-2.1,Kano
2003-01-15,32.1,16.8,24.3,0.0,16.0,22.19,19,960.7,3,-1.4,Kano
2003-01-16,32.0,15.6,23.8,0.0,13.4,21.85,19,960.8,0,-2.3,Kano
2003-01-17,31.6,16.7,24.0,0.0,13.2,22.06,14,960.6,12,-5.7,Kano
2003-01-18,30.5,15.3,22.8,0.0,12.7,21.97,18,961.5,58,-3.9,Kano
2003-01-19,30.8,13.3,22.1,0.0,10.4,22.7,16,960.7,10,-5.5,Kano
2003-01-20,30.4,13.7,22.2,0.0,11.3,22.3,15,960.4,49,-6.3,Kano
2003-01-21,30.5,13.6,22.2,0.0,10.2,22.52,16,959.4,14,-6.2,Kano
2003-01-22,30.6,13.6,22.3,0.0,12.8,22.5,16,960.0,0,-5.4,Kano
2003-01-23,30.8,14.3,22.7,0.0,11.9,22.27,21,960.4,40,-1.6,Kano
2003-01-24,31.9,15.0,23.5,0.0,10.0,22.44,21,959.5,31,-1.1,Kano
2003-01-25,32.9,16.0,24.3,0.0,10.3,22.25,21,958.8,49,-0.4,Kano
2003-01-26,32.5,16.8,24.4,0.0,10.8,21.97,20,959.3,64,-2.1,Kano
2003-01-27,30.6,15.8,23.1,0.0,10.6,22.36,20,960.4,26,-1.5,Kano
2003-01-28,29.0,14.0,21.7,0.0,15.9,22.55,15,961.3,34,-6.2,Kano
2003-01-29,25.6,13.2,19.4,0.0,16.3,22.63,17,962.3,42,-6.6,Kano
2003-01-30,28.2,11.7,19.9,0.0,10.4,22.62,22,961.8,47,-2.9,Kano
2003-01-31,30.5,12.6,21.6,0.0,11.2,23.0,21,960.5,77,-2.9,Kano
2003-02-01,32.1,13.9,23.2,0.0,10.9,22.71,17,960.0,31,-4.3,Kano
2003-02-02,33.4,15.7,24.6,0.0,12.1,22.91,13,960.3,11,-6.6,Kano
2003-02-03,32.5,17.8,24.9,0.0,16.8,23.0,11,961.1,18,-8.2,Kano
2003-02-04,29.4,14.8,22.1,0.0,14.4,23.49,10,961.6,40,-11.2,Kano
2003-02-05,29.7,13.1,21.5,0.0,11.6,23.7,12,960.9,54,-9.5,Kano
2003-02-06,30.7,13.2,21.9,0.0,10.5,23.67,14,959.9,1,-7.6,Kano
2003-02-07,32.0,13.8,22.8,0.0,11.0,23.85,12,958.9,0,-9.0,Kano
2003-02-08,32.5,14.1,23.3,0.0,15.3,24.03,10,957.5,3,-10.4,Kano
2003-02-09,33.1,15.0,23.9,0.0,13.4,24.24,12,957.5,0,-7.7,Kano
2003-02-10,33.6,15.2,24.2,0.0,14.8,24.04,17,957.7,0,-3.3,Kano
2003-02-11,34.5,14.2,24.5,0.0,11.1,24.06,20,957.6,0,-1.6,Kano
2003-02-12,35.0,14.3,26.2,0.0,11.2,23.88,17,958.0,6,-2.1,Kano
2003-02-13,32.3,16.9,24.7,0.0,12.4,23.56,19,959.4,24,-1.3,Kano
2003-02-14,33.7,15.6,24.8,0.0,10.6,23.58,18,958.1,80,-2.0,Kano
2003-02-15,34.5,16.5,25.8,0.0,10.7,23.5,20,957.1,98,-0.2,Kano
2003-02-16,37.0,17.6,27.8,0.0,11.5,23.7,21,956.4,70,2.3,Kano
2003-02-17,35.8,18.1,27.4,0.0,9.4,21.37,27,957.0,97,6.0,Kano
2003-02-18,35.6,21.6,28.5,0.0,10.9,23.61,17,958.5,70,0.3,Kano
2003-02-19,34.1,18.5,26.4,0.0,11.6,23.14,19,958.2,85,0.6,Kano
2003-02-20,33.2,18.0,25.7,0.0,10.7,23.81,17,957.6,79,-1.5,Kano
2003-02-21,34.6,17.9,26.5,0.0,10.2,23.89,16,958.1,13,-1.7,Kano
2003-02-22,35.0,18.8,26.8,0.0,10.5,23.08,15,959.6,9,-2.8,Kano
2003-02-23,34.6,18.2,26.4,0.0,12.1,24.37,11,960.1,10,-7.0,Kano
2003-02-24,35.0,17.2,26.4,0.0,11.8,24.72,12,958.4,50,-6.6,Kano
2003-02-25,35.0,19.2,26.7,0.0,11.2,24.57,14,958.8,82,-4.0,Kano
2003-02-26,35.2,16.2,25.8,0.0,11.4,24.76,19,959.8,55,-1.2,Kano
2003-02-27,35.0,18.0,26.7,0.0,14.5,25.18,13,959.9,67,-5.1,Kano
2003-02-28,35.6,17.9,27.0,0.0,12.1,25.25,12,959.4,59,-6.8,Kano
2003-03-01,36.8,16.9,27.3,0.0,15.5,25.23,12,957.9,26,-5.9,Kano
2003-03-02,32.7,19.6,26.0,0.0,18.8,25.25,14,960.0,5,-4.4,Kano
2003-03-03,31.6,16.0,23.9,0.0,14.6,25.3,16,960.6,5,-4.3,Kano
2003-03-04,32.3,16.3,24.4,0.0,13.4,25.02,17,959.6,1,-3.4,Kano
2003-03-05,32.7,16.5,24.9,0.0,12.7,25.24,15,957.7,28,-3.8,Kano
2003-03-06,34.2,16.5,25.8,0.0,12.4,25.24,15,956.8,50,-3.8,Kano
2003-03-07,35.3,18.6,27.1,0.0,12.0,25.42,12,958.1,38,-5.1,Kano
2003-03-08,34.9,19.3,27.1,0.0,15.2,25.32,16,958.9,32,-1.5,Kano
2003-03-09,34.2,18.8,26.7,0.0,15.3,25.69,14,959.2,60,-3.5,Kano
2003-03-10,34.3,18.1,26.3,0.0,10.8,25.53,13,958.5,75,-4.6,Kano
2003-03-11,34.4,18.1,26.4,0.0,14.7,25.92,13,959.4,45,-4.9,Kano
2003-03-12,33.3,18.5,26.1,0.0,16.6,26.04,11,960.4,30,-7.0,Kano
2003-03-13,32.0,19.6,25.5,0.0,17.3,24.54,14,960.7,58,-3.9,Kano
2003-03-14,32.5,16.7,24.8,0.0,13.4,26.01,15,960.3,15,-4.8,Kano
2003-03-15,33.1,16.5,25.0,0.0,13.2,26.12,12,959.8,39,-7.5,Kano
2003-03-16,34.3,16.9,26.0,0.0,14.7,26.3,9,958.6,10,-10.5,Kano
2003-03-17,35.7,18.0,27.1,0.0,12.2,26.44,8,957.7,5,-10.5,Kano
2003-03-18,36.8,19.6,28.4,0.0,13.8,26.55,9,957.6,7,-8.3,Kano
2003-03-19,36.7,19.8,28.6,0.0,14.8,25.83,10,957.9,36,-7.2,Kano
2003-03-20,37.2,19.8,28.6,0.0,12.3,26.28,10,956.8,38,-7.9,Kano
2003-03-21,37.0,16.7,27.9,0.0,12.2,26.09,10,956.5,76,-7.5,Kano
2003-03-22,38.5,17.8,28.7,0.0,11.8,27.16,10,956.8,52,-7.2,Kano
2003-03-23,37.8,17.4,29.1,0.0,11.8,26.98,11,957.6,29,-4.9,Kano
2003-03-24,38.5,21.6,30.3,0.0,13.5,26.14,20,957.2,36,4.1,Kano
2003-03-25,38.2,22.3,30.6,0.0,12.2,25.32,17,956.4,98,1.7,Kano
2003-03-26,37.3,22.0,30.1,0.0,11.9,26.21,14,957.2,84,-0.4,Kano
2003-03-27,35.8,22.4,29.1,0.0,13.1,23.48,16,959.8,94,0.6,Kano
2003-03-28,36.4,21.2,28.8,0.0,12.6,26.47,10,960.3,94,-6.4,Kano
2003-03-29,36.3,19.8,28.3,0.0,13.2,27.02,8,958.9,28,-9.4,Kano
2003-03-30,36.2,18.7,28.0,0.0,10.7,27.53,9,957.8,15,-9.4,Kano
2003-03-31,37.1,18.1,28.1,0.0,11.5,28.16,9,957.5,0,-9.0,Kano
2003-04-01,38.1,18.6,28.8,0.0,12.5,27.77,10,956.3,0,-6.8,Kano
2003-04-02,38.4,17.6,29.1,0.0,10.2,27.97,13,954.9,0,-3.8,Kano
2003-04-03,38.9,22.4,30.7,0.0,18.1,26.04,28,954.4,11,8.3,Kano
2003-04-04,37.6,26.4,31.4,0.0,16.1,21.66,37,956.1,83,14.6,Kano
2003-04-05,38.5,26.1,31.7,0.0,13.6,24.18,43,957.0,61,16.5,Kano
2003-04-06,38.0,25.4,31.3,0.0,14.0,22.77,45,956.2,89,16.3,Kano
2003-04-07,39.4,24.6,31.9,0.0,14.4,26.25,35,954.9,52,12.2,Kano
2003-04-08,41.3,23.3,32.6,0.0,15.0,27.39,17,955.1,13,2.3,Kano
2003-04-09,40.2,22.2,32.1,0.0,12.3,27.68,12,955.2,8,-2.1,Kano
2003-04-10,39.7,23.1,31.9,0.0,15.8,26.44,29,955.6,21,10.0,Kano
2003-04-11,40.0,26.2,32.8,0.0,13.2,24.06,37,957.0,54,14.3,Kano
2003-04-12,40.3,22.9,31.9,0.0,15.3,25.53,31,956.9,76,10.2,Kano
2003-04-13,39.8,23.7,31.9,0.0,15.0,26.35,32,956.5,42,11.0,Kano
2003-04-14,39.5,23.3,31.9,0.0,18.9,25.94,34,954.3,29,12.3,Kano
2003-04-15,34.3,25.7,30.2,0.0,21.5,17.33,50,955.8,95,18.1,Kano
2003-04-16,32.1,23.4,28.1,6.2,11.0,16.07,62,958.0,90,19.7,Kano
2003-04-17,32.1,24.4,28.0,0.2,8.7,14.17,63,959.5,86,19.9,Kano
2003-04-18,36.6,22.9,29.9,0.0,8.5,24.76,52,957.2,27,17.5,Kano
2003-04-19,36.8,25.7,30.5,0.0,19.0,23.34,49,956.6,94,17.9,Kano
2003-04-20,36.5,24.6,30.1,0.0,17.9,24.25,55,957.6,64,19.0,Kano
2003-04-21,38.2,25.3,31.3,0.0,14.3,25.33,45,957.5,44,16.6,Kano
2003-04-22,38.8,24.5,31.3,0.0,11.8,26.41,40,956.8,69,14.3,Kano
2003-04-23,38.7,20.2,30.3,0.0,8.9,27.5,33,955.6,65,9.9,Kano
2003-04-24,39.8,20.4,30.3,0.0,13.0,27.73,29,955.5,26,8.7,Kano
2003-04-25,39.8,22.7,31.5,0.0,14.0,25.97,34,956.1,61,12.0,Kano
2003-04-26,40.6,22.5,32.4,0.0,13.5,27.66,29,956.7,56,8.2,Kano
2003-04-27,37.8,20.8,29.9,0.0,11.8,24.29,33,957.1,95,10.4,Kano
2003-04-28,37.7,19.8,29.9,0.0,9.0,27.5,26,956.8,41,5.4,Kano
2003-04-29,37.5,19.1,28.7,0.0,10.9,28.48,16,958.2,9,-1.0,Kano
2003-04-30,37.7,19.1,28.6,0.0,12.0,28.87,12,959.1,0,-4.6,Kano
2003-05-01,37.6,17.7,28.1,0.0,13.0,28.95,12,958.9,0,-6.2,Kano
2003-05-02,36.0,18.3,27.8,0.0,12.0,29.42,11,958.4,10,-7.1,Kano
2003-05-03,36.8,15.4,26.9,0.0,12.0,29.11,16,958.3,2,-4.2,Kano
2003-05-04,36.8,17.0,27.2,0.0,9.8,29.02,14,958.0,4,-4.9,Kano
2003-05-05,36.9,17.1,27.4,0.0,11.3,28.94,13,957.6,0,-5.1,Kano
2003-05-06,37.3,17.7,28.2,0.0,10.5,28.56,13,957.3,11,-4.9,Kano
2003-05-07,37.7,18.2,29.0,0.0,9.7,27.33,15,957.5,44,-1.2,Kano
2003-05-08,38.5,20.7,30.5,0.0,11.4,27.63,17,957.5,1,1.4,Kano
2003-05-09,40.1,20.3,30.9,0.0,9.3,28.35,16,956.4,0,-0.7,Kano
2003-05-10,40.2,18.2,30.4,0.0,10.9,27.88,22,956.2,30,3.9,Kano
2003-05-11,39.9,19.3,30.5,0.0,12.0,27.74,21,956.5,10,3.5,Kano
2003-05-12,39.4,18.7,30.3,0.0,12.4,27.51,26,956.5,3,6.5,Kano
2003-05-13,38.8,22.9,31.3,0.0,17.5,26.55,32,957.5,3,10.8,Kano
2003-05-14,39.1,25.0,32.2,0.0,17.9,26.11,33,958.3,9,12.5,Kano
2003-05-15,39.6,25.0,32.4,0.0,14.3,26.85,33,957.4,6,12.2,Kano
2003-05-16,39.7,25.0,32.8,0.0,17.3,26.52,32,956.5,16,12.5,Kano
2003-05-17,38.5,25.3,32.4,0.0,20.3,24.63,37,956.6,22,14.8,Kano
2003-05-18,40.7,25.5,33.2,0.0,14.3,26.51,41,956.1,56,15.0,Kano
2003-05-19,40.8,25.9,33.1,0.0,15.9,26.05,36,955.5,86,13.3,Kano
2003-05-20,39.8,26.2,32.9,0.0,17.1,25.11,42,956.4,84,15.9,Kano
2003-05-21,39.3,26.0,32.7,0.0,16.3,24.99,39,957.7,90,15.1,Kano
2003-05-22,39.6,25.0,32.4,0.0,12.7,25.59,36,957.8,67,12.6,Kano
2003-05-23,38.7,23.4,31.7,0.0,15.3,23.62,33,957.4,93,11.8,Kano
2003-05-24,39.0,25.4,32.1,0.0,14.5,24.78,41,956.5,37,15.3,Kano
2003-05-25,38.6,26.8,31.7,0.2,21.7,24.8,48,957.2,61,18.2,Kano
2003-05-26,37.3,25.4,31.1,0.0,20.4,24.12,53,958.4,97,19.5,Kano
2003-05-27,39.5,25.2,31.4,0.0,15.4,24.14,53,957.8,79,19.2,Kano
2003-05-28,36.3,26.0,30.0,4.1,14.2,23.62,61,957.6,79,20.9,Kano
2003-05-29,31.6,22.9,26.6,27.1,14.8,15.63,78,959.2,99,22.2,Kano
2003-05-30,31.6,23.5,26.7,0.8,8.3,14.72,77,959.3,99,22.1,Kano
2003-05-31,32.8,23.9,28.3,0.0,15.0,23.99,69,959.1,41,21.7,Kano
2003-06-01,34.4,24.7,28.8,1.0,13.7,24.08,65,959.6,41,21.3,Kano
2003-06-02,32.3,22.1,27.4,8.3,16.3,21.51,70,959.4,79,21.0,Kano
2003-06-03,29.1,23.5,25.9,4.1,13.4,16.65,78,960.1,92,21.6,Kano
2003-06-04,33.3,22.7,27.7,0.0,6.9,25.12,71,958.9,52,21.3,Kano
2003-06-05,34.9,24.2,28.8,2.0,9.1,24.02,64,958.0,67,20.8,Kano
2003-06-06,33.6,23.8,28.5,1.0,13.8,24.34,67,958.3,71,21.4,Kano
2003-06-07,35.8,22.9,29.1,0.2,12.0,25.19,63,958.3,21,20.6,Kano
2003-06-08,36.0,24.7,30.2,0.2,12.4,24.83,60,957.8,32,20.6,Kano
2003-06-09,36.4,25.0,30.2,0.0,15.5,25.46,60,957.5,13,20.8,Kano
2003-06-10,34.4,25.1,28.8,3.8,21.5,23.98,66,957.5,71,21.4,Kano
2003-06-11,32.5,24.1,27.4,1.2,12.5,20.98,71,958.9,80,21.3,Kano
2003-06-12,32.2,24.3,27.8,0.6,15.5,21.56,71,959.3,87,21.8,Kano
2003-06-13,34.6,23.3,28.4,0.2,15.9,24.61,67,959.5,72,21.0,Kano
2003-06-14,35.1,23.0,28.9,0.0,11.8,25.42,62,959.5,22,20.1,Kano
2003-06-15,35.9,24.0,29.4,0.0,18.1,24.31,61,958.1,60,20.4,Kano
2003-06-16,35.8,24.5,29.7,0.5,16.5,25.33,63,956.9,45,21.2,Kano
2003-06-17,34.7,25.0,29.0,1.1,15.8,24.29,66,957.6,76,21.4,Kano
2003-06-18,34.8,24.6,28.3,6.8,12.0,23.87,69,958.8,85,21.5,Kano
2003-06-19,31.7,24.1,27.4,2.2,16.4,21.38,73,959.7,79,22.0,Kano
2003-06-20,33.9,23.7,28.3,0.1,12.9,24.54,67,958.3,51,21.2,Kano
2003-06-21,33.8,24.1,28.5,0.1,15.0,24.22,65,958.3,55,20.8,Kano
2003-06-22,32.6,23.6,26.6,19.0,16.1,19.79,75,958.0,92,21.7,Kano
2003-06-23,30.6,22.7,25.7,17.9,14.5,19.29,79,959.5,79,21.5,Kano
2003-06-24,29.3,21.3,24.6,33.4,9.3,19.49,84,960.5,97,21.6,Kano
2003-06-25,31.2,21.8,26.3,0.0,13.0,25.16,73,959.3,25,20.8,Kano
2003-06-26,31.1,22.5,26.6,0.2,20.4,24.57,70,959.5,25,20.4,Kano
2003-06-27,31.6,22.9,27.0,0.0,13.8,23.4,70,959.9,62,20.8,Kano
2003-06-28,31.6,23.0,26.9,18.3,16.4,24.09,74,959.2,36,21.5,Kano
2003-06-29,31.5,22.6,26.3,1.8,14.2,23.38,76,959.1,81,21.6,Kano
2003-06-30,30.9,23.2,26.5,0.1,16.9,22.56,73,959.7,85,21.0,Kano
2003-07-01,32.3,23.1,26.8,4.6,14.8,24.12,72,959.0,56,21.0,Kano
2003-07-02,32.3,23.1,26.9,2.0,16.6,24.78,74,958.7,38,21.7,Kano
2003-07-03,30.6,23.0,26.0,2.4,21.2,20.76,75,959.7,77,20.9,Kano
2003-07-04,30.9,22.3,26.0,2.2,15.0,22.78,75,960.3,69,20.9,Kano
2003-07-05,31.5,22.4,26.6,0.2,15.3,25.03,68,958.9,37,19.9,Kano
2003-07-06,32.0,22.8,27.2,0.0,15.3,24.45,66,958.1,66,19.9,Kano
2003-07-07,30.3,23.0,26.0,3.1,13.4,18.41,75,959.0,95,20.9,Kano
2003-07-08,29.6,22.0,25.6,0.1,16.6,19.77,76,959.1,83,20.7,Kano
2003-07-09,28.9,22.4,25.4,3.9,15.4,17.95,79,959.3,94,21.4,Kano
2003-07-10,27.7,21.1,23.9,12.7,11.0,16.48,85,959.5,83,21.3,Kano
2003-07-11,30.2,20.7,25.6,0.4,7.9,21.36,77,959.8,45,20.8,Kano
2003-07-12,30.9,22.4,26.7,0.0,13.2,22.86,72,959.9,62,21.0,Kano
2003-07-13,29.2,22.4,25.5,1.5,10.0,12.48,79,960.6,90,21.5,Kano
2003-07-14,30.2,22.5,26.2,0.4,10.0,20.46,76,960.0,77,21.5,Kano
2003-07-15,31.9,22.8,27.0,2.1,10.1,24.53,74,959.8,50,21.6,Kano
2003-07-16,30.9,23.0,26.3,7.4,12.3,22.59,79,958.9,70,22.1,Kano
2003-07-17,31.0,22.7,26.5,0.6,14.2,21.25,74,960.2,94,21.3,Kano
2003-07-18,29.6,22.8,25.7,0.8,14.8,13.55,74,961.8,96,20.4,Kano
2003-07-19,30.5,22.0,25.4,11.1,13.4,22.57,79,960.9,72,21.3,Kano
2003-07-20,27.7,21.9,24.4,2.6,16.0,14.04,81,960.1,89,20.9,Kano
2003-07-21,29.0,22.4,25.4,1.4,14.9,17.13,76,961.1,82,20.5,Kano
2003-07-22,30.7,21.8,25.8,2.1,13.0,24.36,75,961.4,36,20.7,Kano
2003-07-23,31.2,22.1,26.0,0.1,16.0,23.48,77,961.2,71,21.2,Kano
2003-07-24,28.7,22.4,24.6,16.0,11.8,14.93,84,960.8,97,21.7,Kano
2003-07-25,30.6,21.5,25.5,3.7,10.0,22.72,81,961.2,77,21.8,Kano
2003-07-26,31.2,22.5,26.1,6.7,10.2,23.98,81,960.2,52,22.2,Kano
2003-07-27,30.4,22.7,26.2,1.7,16.9,19.63,77,959.8,62,21.7,Kano
2003-07-28,31.9,23.5,26.4,6.6,16.0,23.18,77,959.8,68,21.9,Kano
2003-07-29,32.6,23.2,27.2,0.1,13.5,24.51,74,959.6,27,22.0,Kano
2003-07-30,32.1,23.5,27.2,1.4,15.5,24.37,73,958.7,59,21.7,Kano
2003-07-31,31.2,23.7,26.6,2.6,22.3,20.57,73,959.5,80,21.2,Kano
2003-08-01,29.4,22.8,25.6,8.9,20.6,18.63,77,960.0,96,21.1,Kano
2003-08-02,29.4,22.1,25.4,0.8,17.9,18.77,78,960.2,76,21.2,Kano
2003-08-03,31.1,22.5,26.2,1.3,15.5,23.45,75,959.4,28,21.1,Kano
2003-08-04,31.5,22.5,26.4,2.9,15.0,24.27,75,958.3,73,21.4,Kano
2003-08-05,26.3,22.1,23.8,25.9,13.4,7.05,88,957.9,100,21.6,Kano
2003-08-06,27.1,21.4,23.3,24.5,13.3,9.7,87,959.5,79,20.9,Kano
2003-08-07,29.8,20.4,24.7,2.5,14.8,21.95,79,961.1,45,20.5,Kano
2003-08-08,28.3,21.3,24.0,8.8,9.0,15.4,86,961.5,80,21.4,Kano
2003-08-09,30.6,20.6,25.6,0.0,6.9,22.92,79,960.7,77,21.5,Kano
2003-08-10,30.2,22.7,25.5,15.6,10.5,21.82,82,959.5,90,22.0,Kano
2003-08-11,30.1,22.1,25.3,6.2,13.0,22.51,82,959.0,71,21.8,Kano
2003-08-12,29.8,22.4,25.0,14.4,15.7,18.66,83,960.2,90,21.8,Kano
2003-08-13,29.0,22.2,25.3,2.8,10.2,17.04,81,960.9,74,21.4,Kano
2003-08-14,30.7,21.9,25.6,6.8,10.2,23.64,80,960.6,42,21.7,Kano
2003-08-15,30.0,22.2,25.2,11.4,12.0,20.57,84,960.1,87,22.0,Kano
2003-08-16,30.0,22.3,25.5,8.7,18.2,18.02,81,959.7,87,21.6,Kano
2003-08-17,29.5,22.1,25.2,6.6,16.7,19.36,81,960.2,86,21.6,Kano
2003-08-18,29.4,22.6,24.8,28.0,16.9,15.37,85,960.6,87,21.9,Kano
2003-08-19,30.9,22.0,25.7,21.3,10.4,23.93,80,959.3,65,21.6,Kano
2003-08-20,30.5,21.5,25.7,5.5,14.3,22.42,76,959.7,80,20.7,Kano
2003-08-21,29.4,22.9,26.0,0.8,18.7,20.02,73,959.4,87,20.6,Kano
2003-08-22,27.5,21.6,23.8,47.5,11.7,15.36,87,959.3,100,21.5,Kano
2003-08-23,29.8,21.9,25.5,1.8,10.4,19.11,77,960.4,73,20.8,Kano
2003-08-24,31.0,22.6,26.5,2.4,15.9,22.65,73,960.2,86,21.0,Kano
2003-08-25,29.6,22.3,25.2,1.4,19.5,18.86,78,959.6,94,21.0,Kano
2003-08-26,28.9,22.8,25.1,8.4,18.5,17.91,80,959.3,75,21.3,Kano
2003-08-27,28.9,21.8,24.5,13.5,15.6,17.01,86,959.7,86,21.9,Kano
2003-08-28,28.0,21.8,24.7,3.3,10.9,16.15,80,959.4,90,20.8,Kano
2003-08-29,25.1,22.1,23.3,15.9,11.3,6.8,89,960.3,82,21.2,Kano
2003-08-30,29.8,20.9,24.8,7.7,8.3,22.32,83,960.1,73,21.5,Kano
2003-08-31,29.9,21.8,25.4,5.6,15.3,23.05,81,960.3,79,21.7,Kano
2003-09-01,30.5,22.5,26.0,0.4,12.1,23.94,75,960.2,80,21.0,Kano
2003-09-02,30.6,22.3,25.3,4.2,13.7,14.88,78,960.7,94,21.0,Kano
2003-09-03,29.4,20.6,24.1,15.9,14.7,19.84,86,960.6,69,21.5,Kano
2003-09-04,30.7,21.5,25.2,9.3,10.7,24.24,81,960.0,57,21.6,Kano
2003-09-05,26.8,22.2,23.7,21.5,11.1,11.7,89,960.0,99,21.7,Kano
2003-09-06,28.0,20.8,23.7,15.2,9.2,16.85,86,960.9,98,21.0,Kano
2003-09-07,30.0,21.3,25.4,2.8,13.9,24.45,79,960.9,61,21.3,Kano
2003-09-08,29.8,21.7,25.4,0.3,14.8,20.85,80,960.8,39,21.6,Kano
2003-09-09,31.5,22.0,26.1,0.9,10.8,24.75,78,960.6,22,21.6,Kano
2003-09-10,31.6,22.2,26.4,1.2,11.2,25.17,77,960.3,36,21.7,Kano
2003-09-11,31.8,23.4,26.3,2.4,13.7,21.84,78,960.2,85,22.0,Kano
2003-09-12,29.5,21.7,24.5,23.0,14.9,18.84,85,959.9,88,21.6,Kano
2003-09-13,30.8,21.1,25.3,1.8,14.3,25.2,79,960.4,86,21.1,Kano
2003-09-14,30.9,22.0,26.0,0.3,14.5,23.72,76,960.0,76,21.3,Kano
2003-09-15,30.7,22.3,26.0,2.6,11.7,22.15,78,960.0,32,21.8,Kano
2003-09-16,31.3,22.4,26.6,0.1,12.4,24.4,75,959.7,10,21.6,Kano
2003-09-17,32.2,23.1,27.0,2.0,14.4,24.25,75,958.2,68,22.0,Kano
2003-09-18,29.4,23.4,25.3,13.2,13.8,16.61,82,958.2,96,21.8,Kano
2003-09-19,28.1,21.2,24.3,12.5,9.7,15.15,84,958.8,88,21.3,Kano
2003-09-20,29.8,22.3,25.6,0.2,11.2,22.82,79,961.0,53,21.5,Kano
2003-09-21,30.5,22.0,26.3,4.1,12.3,20.89,80,961.0,90,22.2,Kano
2003-09-22,33.9,22.8,27.3,0.0,14.2,24.85,73,958.5,58,21.7,Kano
2003-09-23,32.6,22.0,27.1,0.0,9.3,24.87,75,958.4,63,21.8,Kano
2003-09-24,32.6,23.2,27.7,0.0,8.2,24.06,73,959.0,61,22.1,Kano
2003-09-25,34.4,23.3,28.2,0.0,11.6,24.52,66,958.1,60,20.2,Kano
2003-09-26,33.5,21.3,26.8,0.3,11.5,25.5,66,957.4,6,19.4,Kano
2003-09-27,31.7,22.2,26.6,0.0,13.8,23.21,72,958.9,69,20.9,Kano
2003-09-28,32.7,23.0,27.0,0.2,11.8,23.48,72,959.7,45,21.1,Kano
2003-09-29,33.8,22.1,27.5,0.0,10.6,24.79,68,959.1,40,20.3,Kano
2003-09-30,33.2,23.1,27.7,0.0,15.3,24.25,70,958.3,37,21.4,Kano
2003-10-01,33.2,22.6,27.0,7.3,13.5,23.86,73,958.4,65,21.3,Kano
2003-10-02,31.0,21.9,26.4,0.3,7.9,19.39,79,958.4,87,22.2,Kano
2003-10-03,34.0,24.0,28.2,0.3,12.2,24.23,67,957.7,78,20.9,Kano
2003-10-04,33.4,22.9,27.7,0.0,12.8,23.9,66,957.8,22,20.1,Kano
2003-10-05,31.9,22.3,26.6,0.9,10.2,22.44,73,958.3,71,21.0,Kano
2003-10-06,31.8,22.7,27.3,0.1,9.1,21.43,73,958.7,90,21.6,Kano
2003-10-07,35.0,23.5,28.6,0.0,9.2,24.03,64,958.7,30,20.3,Kano
2003-10-08,35.8,22.9,28.4,0.0,10.7,24.38,57,957.1,42,17.6,Kano
2003-10-09,35.1,21.4,27.6,0.0,11.8,24.2,61,956.1,36,18.6,Kano
2003-10-10,36.2,22.8,28.5,0.0,11.4,23.36,56,956.3,54,17.7,Kano
2003-10-11,34.9,21.6,28.1,0.0,14.4,23.48,61,957.0,60,19.1,Kano
2003-10-12,32.6,23.5,27.4,3.7,11.5,21.36,72,957.9,47,21.6,Kano
2003-10-13,29.6,21.9,25.4,13.8,10.7,17.04,81,957.9,70,21.6,Kano
2003-10-14,30.1,21.7,25.4,8.9,13.2,18.14,80,957.6,98,21.4,Kano
2003-10-15,31.1,22.2,26.3,1.4,8.8,19.78,75,958.8,96,21.2,Kano
2003-10-16,32.3,22.6,26.8,2.4,10.7,21.77,74,959.5,75,21.5,Kano
2003-10-17,33.4,22.4,27.1,0.0,8.0,23.79,64,959.4,37,18.6,Kano
2003-10-18,33.9,20.9,26.6,0.0,9.9,23.75,60,959.1,8,17.1,Kano
2003-10-19,34.7,19.5,26.6,0.0,9.5,24.51,50,958.8,27,14.0,Kano
2003-10-20,34.4,19.9,26.7,0.0,7.6,24.44,50,958.5,30,14.2,Kano
2003-10-21,34.4,18.1,26.3,0.0,8.1,24.52,51,958.4,13,14.2,Kano
2003-10-22,34.9,18.8,26.6,0.0,9.2,23.89,53,958.2,2,14.9,Kano
2003-10-23,35.4,19.0,26.7,0.0,8.8,24.16,51,958.2,14,14.3,Kano
2003-10-24,34.6,18.6,26.6,0.0,8.3,22.19,57,957.9,24,16.3,Kano
2003-10-25,34.0,21.6,27.4,0.0,12.7,22.18,57,958.7,10,17.2,Kano
2003-10-26,33.9,21.8,27.8,0.0,8.9,22.91,51,957.9,11,15.9,Kano
2003-10-27,31.3,22.1,27.0,0.3,7.9,17.64,56,958.7,49,17.0,Kano
2003-10-28,36.7,21.8,29.3,0.0,15.9,23.88,40,957.2,37,11.9,Kano
2003-10-29,35.4,19.1,27.5,0.0,8.3,23.7,37,957.6,30,10.4,Kano
2003-10-30,35.0,18.7,26.5,0.0,10.7,23.84,46,957.4,38,12.1,Kano
2003-10-31,34.7,17.8,26.4,0.0,7.5,22.95,47,956.8,35,13.1,Kano
2003-11-01,34.6,20.7,27.5,0.0,10.1,20.51,51,956.4,12,15.1,Kano
2003-11-02,35.5,19.4,27.3,0.0,13.0,23.68,39,956.7,25,10.0,Kano
2003-11-03,34.8,18.1,27.0,0.0,13.2,23.17,34,957.2,20,8.3,Kano
2003-11-04,35.6,18.9,27.0,0.0,15.8,23.65,34,956.8,1,8.2,Kano
2003-11-05,34.6,17.9,26.1,0.0,10.3,23.37,34,957.0,14,8.0,Kano
2003-11-06,35.3,18.5,26.8,0.0,12.7,23.21,34,956.9,2,8.5,Kano
2003-11-07,34.7,18.9,27.0,0.0,13.6,22.41,38,958.4,31,9.6,Kano
2003-11-08,35.2,22.0,28.4,0.0,14.8,21.67,33,959.6,60,9.0,Kano
2003-11-09,34.9,24.0,28.6,0.0,18.5,20.58,21,958.8,49,3.4,Kano
2003-11-10,33.5,19.3,26.4,0.0,11.1,22.99,23,958.0,70,2.4,Kano
2003-11-11,33.1,17.1,25.4,0.0,10.4,23.18,27,958.3,37,3.8,Kano
2003-11-12,33.9,15.8,25.7,0.0,9.8,22.9,28,958.8,49,4.5,Kano
2003-11-13,34.0,18.5,26.4,0.0,9.1,22.44,31,960.3,43,6.8,Kano
2003-11-14,33.7,19.2,26.7,0.0,13.5,19.76,32,960.5,33,7.6,Kano
2003-11-15,33.6,22.3,27.6,0.0,17.6,20.76,29,961.0,61,7.7,Kano
2003-11-16,33.9,20.8,27.1,0.0,16.6,22.47,24,959.2,37,3.9,Kano
2003-11-17,33.8,19.6,26.4,0.0,14.3,22.72,21,958.5,36,1.7,Kano
2003-11-18,33.9,19.3,26.3,0.0,15.4,22.55,24,958.4,15,3.6,Kano
2003-11-19,33.3,19.1,26.0,0.0,19.2,22.73,20,958.9,75,0.8,Kano
2003-11-20,31.9,17.8,24.8,0.0,14.7,22.79,20,959.1,51,-0.0,Kano
2003-11-21,30.1,14.7,22.7,0.0,10.6,23.0,24,959.7,42,0.5,Kano
2003-11-22,30.3,13.3,22.1,0.0,9.9,22.93,26,959.6,28,0.8,Kano
2003-11-23,32.0,15.9,24.0,0.0,9.6,21.97,27,959.9,56,3.1,Kano
2003-11-24,32.9,17.5,25.2,0.0,10.5,21.88,29,959.6,48,5.3,Kano
2003-11-25,32.4,17.0,24.8,0.0,11.6,21.58,29,958.9,93,4.7,Kano
2003-11-26,31.6,16.3,23.9,0.0,9.2,22.33,26,959.2,63,2.2,Kano
2003-11-27,31.3,14.7,23.3,0.0,9.4,22.13,28,958.9,1,3.2,Kano
2003-11-28,32.1,15.3,23.9,0.0,10.8,21.99,28,958.2,41,3.6,Kano
2003-11-29,32.3,16.2,24.2,0.0,10.8,22.03,25,958.5,33,1.9,Kano
2003-11-30,31.3,14.6,23.2,0.0,9.8,22.1,24,958.0,0,0.4,Kano
2003-12-01,31.9,15.6,23.7,0.0,9.4,21.71,23,958.2,11,0.8,Kano
2003-12-02,33.0,17.0,24.8,0.0,10.8,21.51,23,958.8,40,1.7,Kano
2003-12-03,32.4,17.0,24.6,0.0,10.5,21.44,26,958.6,66,2.9,Kano
2003-12-04,31.1,17.1,23.8,0.0,13.0,21.31,23,959.2,57,0.9,Kano
2003-12-05,30.1,15.5,22.6,0.0,14.9,21.75,19,960.2,58,-2.6,Kano
2003-12-06,30.1,14.3,22.3,0.0,15.1,21.95,23,961.4,38,-0.3,Kano
2003-12-07,30.1,15.8,22.6,0.0,19.3,22.03,20,961.7,0,-2.5,Kano
2003-12-08,27.9,13.8,20.8,0.0,16.7,22.34,20,961.7,12,-3.7,Kano
2003-12-09,27.9,10.4,19.7,0.0,10.2,20.97,23,960.9,66,-3.4,Kano
2003-12-10,30.4,9.8,20.4,0.0,10.4,22.29,26,959.3,6,-1.9,Kano
2003-12-11,32.5,11.2,22.1,0.0,11.5,21.79,28,959.2,14,1.3,Kano
2003-12-12,33.1,12.3,23.6,0.0,10.7,21.12,30,958.5,56,2.6,Kano
2003-12-13,33.3,14.6,25.3,0.0,9.6,21.12,24,958.6,37,1.9,Kano
2003-12-14,32.2,15.8,24.1,0.0,10.0,21.08,24,959.8,20,1.2,Kano
2003-12-15,29.3,15.7,22.5,0.0,13.4,21.1,26,960.2,20,1.4,Kano
2003-12-16,28.0,14.2,21.1,0.0,12.2,21.17,30,960.5,14,2.3,Kano
2003-12-17,29.6,13.3,21.5,0.0,10.2,20.97,27,961.1,28,0.9,Kano
2003-12-18,30.3,14.6,22.3,0.0,12.7,20.82,25,961.7,41,0.7,Kano
2003-12-19,29.8,15.8,22.7,0.0,14.2,20.78,25,961.7,19,1.4,Kano
2003-12-20,28.1,17.1,22.1,0.0,15.5,18.06,27,962.6,41,1.7,Kano
2003-12-21,27.1,17.0,21.5,0.0,13.8,17.91,24,962.6,18,-0.3,Kano
2003-12-22,26.9,14.0,20.3,0.0,14.6,21.11,20,962.6,0,-4.2,Kano
2003-12-23,28.8,12.9,20.7,0.0,10.5,21.06,22,961.5,1,-2.3,Kano
2003-12-24,29.6,12.7,21.3,0.0,10.3,20.62,26,960.6,78,0.1,Kano
2003-12-25,28.8,14.4,21.5,0.0,10.7,18.16,25,960.7,84,-0.6,Kano
2003-12-26,26.1,14.4,20.2,0.0,14.5,20.47,19,962.1,37,-4.7,Kano
2003-12-27,25.2,12.5,18.7,0.0,14.0,20.64,17,961.0,15,-6.9,Kano
2003-12-28,27.1,12.5,19.5,0.0,12.6,20.93,19,958.9,3,-5.2,Kano
2003-12-29,28.4,12.8,20.5,0.0,11.6,20.9,26,959.0,8,-0.4,Kano
2003-12-30,29.2,14.5,21.6,0.0,13.4,20.75,27,960.5,90,1.2,Kano
2003-12-31,30.4,14.5,22.2,0.0,10.3,20.95,26,961.9,81,0.8,Kano
2004-01-01,31.4,14.5,22.8,0.0,9.6,21.18,25,960.5,7,0.9,Kano
2004-01-02,31.8,14.2,23.0,0.0,10.2,21.28,27,959.1,0,2.0,Kano
2004-01-03,32.3,14.0,23.4,0.0,10.0,21.1,31,957.8,0,3.6,Kano
2004-01-04,34.7,14.6,25.6,0.0,10.4,21.12,29,956.8,0,4.8,Kano
2004-01-05,35.2,15.8,25.9,0.0,10.9,21.13,29,957.1,0,4.7,Kano
2004-01-06,34.2,16.8,25.9,0.0,10.8,20.92,26,957.7,20,3.1,Kano
2004-01-07,30.5,17.4,23.9,0.0,16.6,21.07,19,958.8,42,-1.7,Kano
2004-01-08,28.7,15.5,22.0,0.0,15.6,21.09,24,959.8,39,-0.2,Kano
2004-01-09,28.2,15.0,21.4,0.0,14.7,21.21,18,960.4,1,-4.0,Kano
2004-01-10,26.8,14.3,20.5,0.0,15.5,21.33,18,960.4,34,-5.2,Kano
2004-01-11,27.2,13.3,20.1,0.0,13.0,21.26,19,960.8,7,-4.4,Kano
2004-01-12,27.0,13.8,20.3,0.0,15.7,21.47,19,962.1,30,-4.3,Kano
2004-01-13,27.4,13.6,20.3,0.0,15.7,20.86,21,962.2,89,-3.2,Kano
2004-01-14,27.1,13.2,19.9,0.0,14.5,21.87,19,961.2,50,-4.9,Kano
2004-01-15,28.1,11.7,20.0,0.0,10.4,21.73,23,958.9,10,-2.5,Kano
2004-01-16,29.6,12.6,21.2,0.0,10.0,21.97,20,958.8,6,-3.9,Kano
2004-01-17,28.5,14.5,21.5,0.0,13.2,17.64,16,959.1,57,-6.2,Kano
2004-01-18,30.3,15.6,22.8,0.0,10.1,18.05,16,958.0,80,-5.3,Kano
2004-01-19,31.3,16.6,23.9,0.0,11.9,21.63,15,958.3,49,-5.0,Kano
2004-01-20,33.0,14.8,24.4,0.0,10.4,20.2,21,957.1,93,-0.4,Kano
2004-01-21,31.9,18.9,25.5,0.0,9.7,16.33,22,958.1,99,1.5,Kano
2004-01-22,32.3,17.8,25.0,0.0,13.9,21.58,26,959.2,35,2.1,Kano
2004-01-23,29.4,15.9,22.6,0.0,11.3,21.65,15,960.2,29,-5.5,Kano
2004-01-24,29.3,14.9,22.0,0.0,10.7,21.72,19,959.2,7,-3.3,Kano
2004-01-25,29.9,14.6,22.3,0.0,11.5,21.91,18,958.6,34,-4.0,Kano
2004-01-26,29.2,14.6,21.8,0.0,13.6,22.4,16,959.9,51,-6.0,Kano
2004-01-27,30.4,13.6,22.1,0.0,11.9,22.34,18,960.5,25,-4.3,Kano
2004-01-28,31.3,13.6,23.0,0.0,11.0,22.29,22,959.7,52,-1.0,Kano
2004-01-29,31.0,14.4,22.9,0.0,12.6,22.5,23,959.3,43,-0.7,Kano
2004-01-30,30.8,14.3,22.7,0.0,11.8,22.71,21,960.0,14,-1.6,Kano
2004-01-31,31.5,15.0,23.3,0.0,11.1,22.58,16,960.9,29,-4.3,Kano
2004-02-01,32.4,16.2,24.2,0.0,13.7,22.46,18,960.9,22,-2.2,Kano
2004-02-02,29.2,16.6,22.9,0.0,20.8,23.04,18,962.1,5,-3.2,Kano
2004-02-03,26.9,14.3,20.6,0.0,20.8,23.33,21,963.6,1,-3.6,Kano
2004-02-04,25.8,13.3,19.5,0.0,20.0,23.27,17,964.0,30,-7.0,Kano
2004-02-05,26.4,12.8,19.6,0.0,18.2,23.21,17,962.7,5,-6.8,Kano
2004-02-06,27.3,13.7,20.4,0.0,19.3,23.25,19,962.3,0,-4.6,Kano
2004-02-07,27.1,13.6,20.2,0.0,17.8,23.51,19,962.1,0,-4.7,Kano
2004-02-08,28.3,12.2,20.2,0.0,14.2,23.66,17,961.2,0,-6.0,Kano
2004-02-09,29.5,12.5,21.1,0.0,10.8,23.67,19,959.8,1,-4.0,Kano
2004-02-10,30.5,14.1,22.4,0.0,14.3,23.61,17,960.5,0,-4.6,Kano
2004-02-11,31.9,15.4,23.6,0.0,14.8,23.7,12,960.1,0,-7.6,Kano
2004-02-12,33.1,16.3,24.7,0.0,12.6,23.52,14,959.8,0,-5.0,Kano
2004-02-13,33.5,16.7,25.0,0.0,15.1,23.86,13,960.7,10,-5.6,Kano
2004-02-14,33.2,16.5,24.7,0.0,15.9,24.08,14,961.4,22,-5.6,Kano
2004-02-15,31.5,16.4,23.9,0.0,15.5,23.8,18,961.6,4,-2.5,Kano
2004-02-16,31.4,14.8,23.2,0.0,11.5,23.26,18,960.6,61,-3.3,Kano
2004-02-17,31.4,16.0,23.5,0.0,15.9,22.66,14,961.0,63,-6.1,Kano
2004-02-18,31.8,16.5,24.1,0.0,15.7,24.13,14,960.2,10,-4.9,Kano
2004-02-19,31.8,15.4,23.5,0.0,13.3,24.39,14,958.9,29,-5.5,Kano
2004-02-20,32.5,16.1,24.1,0.0,14.0,24.19,14,959.2,40,-5.4,Kano
2004-02-21,32.2,16.4,24.1,0.0,16.4,24.84,12,960.4,26,-7.6,Kano
2004-02-22,31.0,14.5,22.7,0.0,14.5,25.7,11,960.4,26,-10.2,Kano
2004-02-23,31.4,13.3,22.3,0.0,14.2,25.66,12,959.2,8,-9.7,Kano
2004-02-24,32.3,13.9,23.1,0.0,15.3,25.49,12,958.8,0,-9.2,Kano
2004-02-25,33.5,14.9,24.3,0.0,10.5,25.12,15,959.6,0,-4.8,Kano
2004-02-26,35.1,15.9,25.7,0.0,11.5,25.03,15,959.9,0,-3.7,Kano
2004-02-27,35.8,15.6,26.3,0.0,10.9,25.21,18,958.7,21,-1.5,Kano
2004-02-28,35.9,15.1,26.8,0.0,11.7,25.43,17,957.9,6,-2.0,Kano
2004-02-29,35.6,16.0,26.4,0.0,11.9,25.61,16,957.3,0,-3.0,Kano
2004-03-01,36.3,16.4,28.2,0.0,11.0,25.72,13,956.3,0,-3.6,Kano
2004-03-02,36.5,16.7,28.1,0.0,14.4,22.59,28,955.1,43,7.3,Kano
2004-03-03,36.1,23.6,29.3,0.0,19.5,21.51,45,956.9,75,14.8,Kano
2004-03-04,33.6,21.6,27.2,0.0,16.2,24.1,24,959.5,43,0.2,Kano
2004-03-05,27.5,16.8,22.2,0.0,18.2,24.17,15,962.8,61,-6.4,Kano
2004-03-06,25.8,13.3,19.5,0.0,19.1,25.81,16,963.3,1,-7.9,Kano
2004-03-07,29.0,13.9,21.4,0.0,19.9,25.53,17,962.5,50,-5.4,Kano
2004-03-08,30.3,15.3,22.9,0.0,20.3,25.93,15,963.1,10,-6.6,Kano
2004-03-09,31.1,15.7,23.6,0.0,19.0,26.01,13,962.9,50,-7.8,Kano
2004-03-10,31.8,16.1,24.0,0.0,17.4,26.12,13,961.8,78,-7.4,Kano
2004-03-11,32.3,15.5,24.1,0.0,14.5,26.68,10,961.0,59,-10.8,Kano
2004-03-12,32.3,14.1,23.6,0.0,11.9,27.17,10,960.5,22,-10.8,Kano
2004-03-13,33.2,13.6,24.2,0.0,11.7,27.06,11,959.7,0,-9.4,Kano
2004-03-14,35.2,15.9,26.0,0.0,10.5,26.6,11,959.1,0,-7.7,Kano
2004-03-15,35.9,18.3,27.3,0.0,14.7,26.92,10,959.2,0,-7.5,Kano
2004-03-16,34.8,18.6,26.8,0.0,15.3,26.6,10,959.9,4,-8.1,Kano
2004-03-17,34.5,17.9,26.4,0.0,15.7,26.06,10,958.7,65,-8.9,Kano
2004-03-18,34.6,18.7,26.8,0.0,17.4,26.97,8,958.8,41,-10.4,Kano
2004-03-19,34.3,17.9,26.2,0.0,17.1,26.59,8,958.8,19,-11.5,Kano
2004-03-20,34.2,18.6,26.4,0.0,17.4,26.97,10,958.6,1,-8.7,Kano
2004-03-21,34.3,18.0,26.2,0.0,17.1,26.97,10,958.5,0,-8.7,Kano
2004-03-22,35.0,17.4,26.5,0.0,14.1,27.05,11,957.9,22,-7.0,Kano
2004-03-23,35.6,17.9,27.2,0.0,15.7,27.03,10,957.8,31,-8.4,Kano
2004-03-24,37.1,18.8,28.5,0.0,16.5,27.1,10,957.7,21,-7.3,Kano
2004-03-25,38.0,20.9,29.7,0.0,18.0,26.68,8,957.4,61,-8.4,Kano
2004-03-26,38.3,21.0,30.2,0.0,18.5,27.12,10,955.8,32,-6.0,Kano
2004-03-27,38.9,20.8,30.4,0.0,13.6,27.18,10,954.4,3,-5.1,Kano
2004-03-28,38.7,20.9,30.1,0.0,12.6,27.47,7,954.8,5,-9.8,Kano
2004-03-29,39.1,20.1,29.8,0.0,10.5,27.57,8,954.9,35,-8.9,Kano
2004-03-30,39.3,18.2,29.8,0.0,9.6,27.89,10,955.6,33,-6.7,Kano
2004-03-31,39.5,17.6,30.5,0.0,12.6,27.69,12,955.7,23,-3.6,Kano
2004-04-01,39.4,18.4,31.1,0.0,11.2,27.47,13,955.5,67,-1.8,Kano
2004-04-02,39.1,17.9,30.2,0.0,8.2,27.39,15,956.0,81,-1.4,Kano
2004-04-03,39.5,18.4,30.1,0.0,14.0,27.36,16,956.6,91,0.5,Kano
2004-04-04,39.2,21.2,30.2,0.0,18.2,26.8,27,957.2,68,7.6,Kano
2004-04-05,38.5,23.8,30.8,0.0,18.2,25.09,31,957.4,62,10.6,Kano
2004-04-06,38.3,19.3,29.7,0.0,9.6,26.85,22,957.1,58,3.5,Kano
2004-04-07,38.4,19.7,30.3,0.0,12.9,26.9,18,957.9,85,2.2,Kano
2004-04-08,38.9,22.5,31.6,0.0,9.7,26.96,16,958.6,82,1.9,Kano
2004-04-09,38.4,19.7,30.0,0.0,11.0,26.55,27,957.3,53,5.7,Kano
2004-04-10,39.6,20.0,31.2,0.0,9.0,27.64,16,955.4,2,0.7,Kano
2004-04-11,39.3,20.7,30.8,0.0,11.0,28.07,12,955.1,0,-3.4,Kano
2004-04-12,39.9,21.0,31.0,0.0,13.4,27.01,19,955.1,6,4.4,Kano
2004-04-13,39.4,22.8,31.8,0.0,13.3,28.08,12,955.2,17,-3.7,Kano
2004-04-14,37.7,19.1,29.3,0.0,11.2,28.56,10,953.8,66,-7.8,Kano
2004-04-15,38.3,16.7,28.8,0.0,10.8,28.34,11,955.2,40,-6.9,Kano
2004-04-16,39.1,18.7,29.8,0.0,13.3,27.08,17,956.6,30,-0.1,Kano
2004-04-17,39.4,20.9,30.8,0.0,11.3,28.05,12,957.4,5,-3.3,Kano
2004-04-18,38.4,18.2,29.5,0.0,12.5,27.79,17,956.5,0,1.4,Kano
2004-04-19,39.0,25.0,32.0,0.0,17.1,26.26,35,956.5,8,12.4,Kano
2004-04-20,39.1,25.6,32.4,0.0,18.9,26.56,40,956.4,4,15.3,Kano
2004-04-21,38.7,26.7,32.7,0.0,17.6,24.35,41,957.3,18,16.1,Kano
2004-04-22,39.5,25.9,32.8,0.0,14.3,26.12,34,956.3,81,13.1,Kano
2004-04-23,39.3,22.3,31.7,0.0,11.2,27.54,26,954.5,25,7.4,Kano
2004-04-24,39.0,20.4,31.2,0.0,10.5,27.5,25,954.6,37,7.3,Kano
2004-04-25,40.4,21.6,31.6,0.0,12.5,27.44,29,954.4,29,8.7,Kano
2004-04-26,40.7,21.0,32.1,0.0,14.4,27.68,24,953.9,23,6.9,Kano
2004-04-27,39.4,24.3,31.5,0.0,17.6,26.75,36,955.2,45,12.8,Kano
2004-04-28,38.6,26.4,32.2,0.0,17.3,25.08,37,956.6,15,14.4,Kano
2004-04-29,39.4,25.5,32.1,0.0,17.8,26.04,43,957.0,83,15.6,Kano
2004-04-30,39.2,24.8,31.9,0.0,16.9,26.09,35,957.1,57,12.5,Kano
2004-05-01,39.4,23.3,32.0,0.0,17.1,25.39,32,956.3,47,11.4,Kano
2004-05-02,38.9,25.1,31.7,0.0,18.6,25.28,36,956.7,37,13.5,Kano
2004-05-03,40.2,25.5,32.5,0.0,14.1,25.47,35,956.0,38,13.7,Kano
2004-05-04,39.5,26.2,33.1,0.0,17.2,24.67,34,955.5,9,14.2,Kano
2004-05-05,39.2,28.2,33.2,0.7,16.5,23.63,41,956.2,49,17.8,Kano
2004-05-06,38.0,26.2,30.7,2.8,17.9,21.77,57,957.1,98,20.6,Kano
2004-05-07,38.9,25.6,31.9,0.0,16.8,24.31,50,957.7,37,18.6,Kano
2004-05-08,39.5,26.1,32.8,0.0,17.3,24.98,43,957.1,32,16.6,Kano
2004-05-09,38.7,27.4,33.1,0.0,17.6,24.45,39,956.7,21,16.5,Kano
2004-05-10,39.5,26.4,33.1,0.0,16.9,26.04,41,956.6,12,16.8,Kano
2004-05-11,39.3,27.0,32.6,1.2,15.9,24.97,45,957.0,24,18.3,Kano
2004-05-12,39.1,26.9,31.5,1.3,17.9,24.85,52,957.0,46,19.6,Kano
2004-05-13,36.8,24.7,30.5,0.2,12.9,24.77,56,956.8,23,19.7,Kano
2004-05-14,38.2,25.2,31.3,2.0,14.3,25.5,53,957.2,29,19.7,Kano
2004-05-15,37.1,26.0,31.3,0.0,15.5,24.73,53,957.4,25,19.6,Kano
2004-05-16,37.4,25.6,31.6,0.0,15.4,24.61,49,956.5,14,18.6,Kano
2004-05-17,38.2,26.1,31.6,0.3,15.0,24.21,50,956.0,21,19.1,Kano
2004-05-18,37.7,25.8,31.0,1.4,13.8,23.8,56,957.4,37,20.4,Kano
2004-05-19,37.9,25.2,30.8,1.2,14.0,25.02,55,958.7,60,19.7,Kano
2004-05-20,36.5,24.7,29.0,13.1,15.7,22.84,64,958.7,52,21.0,Kano
2004-05-21,34.3,23.6,28.5,0.1,15.8,23.6,68,959.4,92,21.5,Kano
2004-05-22,35.3,22.8,28.8,5.7,13.8,25.25,66,959.0,39,21.2,Kano
2004-05-23,32.7,24.4,28.4,1.6,12.1,21.91,69,959.6,69,21.9,Kano
2004-05-24,35.7,24.8,30.0,0.0,9.5,25.39,61,959.0,59,21.3,Kano
2004-05-25,37.2,25.0,30.5,0.7,16.1,25.38,57,958.1,52,20.3,Kano
2004-05-26,34.4,23.9,28.8,0.1,18.6,23.56,64,958.5,95,21.1,Kano
2004-05-27,32.6,24.0,28.3,0.2,16.8,20.57,64,961.1,94,20.4,Kano
2004-05-28,34.5,24.5,28.3,6.2,16.3,23.77,65,961.9,65,20.5,Kano
2004-05-29,34.8,23.4,28.8,0.0,10.6,25.22,63,960.1,44,20.4,Kano
2004-05-30,34.8,24.8,29.3,2.6,14.1,24.55,61,958.8,19,20.7,Kano
2004-05-31,34.1,22.2,27.4,8.8,18.1,24.83,69,958.1,57,20.6,Kano
2004-06-01,33.4,23.1,27.4,11.5,11.8,24.2,71,959.7,58,21.1,Kano
2004-06-02,34.1,22.9,27.9,1.6,16.9,23.25,69,960.6,91,21.0,Kano
2004-06-03,36.8,22.6,28.9,0.0,15.3,25.67,62,960.1,45,19.7,Kano
2004-06-04,34.2,23.7,28.4,0.5,15.6,23.64,66,960.2,95,20.9,Kano
2004-06-05,34.4,23.5,28.5,0.0,13.4,24.45,64,960.2,72,20.4,Kano
2004-06-06,35.4,24.3,29.4,0.0,14.0,24.81,59,959.6,43,20.0,Kano
2004-06-07,35.1,24.8,29.3,0.0,13.2,24.66,62,960.9,66,20.9,Kano
2004-06-08,35.1,24.6,29.2,1.1,13.5,24.9,63,961.2,44,21.1,Kano
2004-06-09,35.3,24.3,29.2,0.3,12.7,24.92,63,960.8,60,20.7,Kano
2004-06-10,35.2,23.8,29.2,0.5,12.2,24.56,62,960.4,44,20.3,Kano
2004-06-11,36.0,24.3,29.8,0.0,15.8,24.93,58,959.7,52,19.7,Kano
2004-06-12,35.5,23.7,28.9,1.2,15.3,24.28,63,960.1,36,20.3,Kano
2004-06-13,34.8,24.1,29.1,0.0,15.1,23.75,62,960.8,39,20.5,Kano
2004-06-14,35.4,24.2,29.6,0.0,19.6,24.68,58,960.1,45,19.6,Kano
2004-06-15,35.6,24.4,29.9,0.0,16.5,24.38,56,959.7,34,19.3,Kano
2004-06-16,35.3,24.5,29.2,0.5,17.8,23.75,61,959.4,52,20.4,Kano
2004-06-17,33.2,24.1,28.5,0.7,18.6,21.72,64,960.9,76,20.6,Kano
2004-06-18,34.8,23.7,29.1,0.1,13.0,24.55,62,961.2,40,20.3,Kano
2004-06-19,36.0,24.6,30.1,0.3,19.5,25.02,57,960.1,11,20.0,Kano
2004-06-20,36.6,25.1,30.2,0.4,18.7,25.24,55,958.3,12,19.6,Kano
2004-06-21,35.8,24.2,28.9,4.5,18.9,25.21,61,959.3,57,20.2,Kano
2004-06-22,33.8,24.1,27.9,0.2,14.8,24.58,66,961.6,65,20.6,Kano
2004-06-23,33.8,24.0,27.5,14.7,15.5,23.24,72,961.8,78,21.4,Kano
2004-06-24,32.3,23.7,27.1,2.1,18.7,21.9,71,959.6,87,21.0,Kano
2004-06-25,31.6,22.8,26.6,3.0,17.6,21.81,72,960.6,67,20.8,Kano
2004-06-26,31.8,22.6,27.1,0.7,13.3,22.87,73,960.2,35,21.5,Kano
2004-06-27,33.3,22.7,27.3,0.0,17.6,23.32,69,959.2,49,20.6,Kano
2004-06-28,31.4,23.1,27.0,0.0,12.9,21.34,71,960.3,92,20.9,Kano
2004-06-29,32.8,23.3,27.4,5.0,12.5,23.98,69,960.3,83,20.9,Kano
2004-06-30,29.7,22.4,25.8,13.2,15.3,20.09,80,960.3,91,21.8,Kano
2004-07-01,30.4,23.0,26.3,0.2,10.2,16.92,74,960.4,83,21.1,Kano
2004-07-02,31.1,22.7,26.7,0.1,13.6,23.35,73,959.7,50,21.2,Kano
2004-07-03,32.3,22.9,27.2,0.0,10.7,25.32,71,959.1,60,21.1,Kano
2004-07-04,32.3,23.4,27.2,4.2,10.5,22.72,72,960.1,87,21.5,Kano
2004-07-05,31.5,22.7,27.0,1.9,9.8,22.47,76,959.9,97,22.1,Kano
2004-07-06,32.7,23.1,27.2,8.4,17.5,24.58,74,958.3,52,21.8,Kano
2004-07-07,32.0,22.3,26.6,1.4,13.9,23.68,73,958.1,61,20.9,Kano
2004-07-08,31.2,22.9,26.5,2.1,11.5,23.5,74,958.6,45,21.3,Kano
2004-07-09,30.5,22.0,25.8,11.2,13.3,19.18,78,957.6,84,21.4,Kano
2004-07-10,30.7,22.6,25.4,7.5,13.7,20.2,79,959.1,92,21.4,Kano
2004-07-11,28.5,22.0,24.7,3.4,13.0,16.48,80,960.6,72,21.0,Kano
2004-07-12,32.7,21.5,26.9,0.0,10.4,26.09,70,959.4,6,20.4,Kano
2004-07-13,32.9,24.1,27.9,0.3,15.6,24.66,67,958.6,37,21.0,Kano
2004-07-14,32.1,23.3,27.1,0.3,20.7,23.81,69,958.1,87,20.7,Kano
2004-07-15,31.6,22.3,26.9,0.3,14.5,23.64,68,959.4,72,20.3,Kano
2004-07-16,31.1,23.3,26.5,5.4,13.4,23.69,74,958.9,62,21.2,Kano
2004-07-17,28.1,22.4,24.9,10.9,18.8,13.04,80,958.6,100,21.0,Kano
2004-07-18,30.0,22.6,25.6,1.2,12.2,19.09,77,959.7,80,21.1,Kano
2004-07-19,30.2,22.1,25.1,14.0,15.7,19.04,80,958.9,85,21.3,Kano
2004-07-20,27.1,21.4,24.0,19.1,16.7,14.68,85,958.0,81,21.3,Kano
2004-07-21,28.0,20.9,24.1,6.1,10.3,15.97,83,958.8,86,20.8,Kano
2004-07-22,29.9,20.9,24.7,13.1,13.0,21.04,80,960.5,75,20.8,Kano
2004-07-23,29.7,21.2,25.3,2.8,9.3,22.64,79,960.8,63,21.2,Kano
2004-07-24,31.0,21.9,26.1,0.1,11.2,24.99,74,961.2,60,20.7,Kano
2004-07-25,30.5,22.2,25.6,4.1,13.0,23.9,77,960.8,53,21.0,Kano
2004-07-26,29.0,22.0,25.4,0.1,15.7,18.21,76,959.9,84,20.6,Kano
2004-07-27,28.8,22.3,24.9,2.8,15.6,19.27,79,960.9,73,20.9,Kano
2004-07-28,29.2,21.2,24.9,4.4,13.0,22.88,82,960.9,68,21.4,Kano
2004-07-29,30.3,21.5,25.4,4.6,9.8,23.69,79,960.8,75,21.4,Kano
2004-07-30,27.4,22.1,24.2,12.1,9.8,11.13,86,961.4,81,21.5,Kano
2004-07-31,31.2,21.8,26.3,0.0,13.5,25.28,76,960.8,31,21.4,Kano
2004-08-01,32.1,23.0,26.7,3.7,15.9,24.8,74,959.9,74,21.3,Kano
2004-08-02,31.9,22.8,26.4,8.8,13.4,24.58,79,960.3,65,22.1,Kano
2004-08-03,31.2,21.9,26.0,0.6,11.0,24.22,76,960.1,46,21.3,Kano
2004-08-04,30.4,23.0,26.6,0.7,17.9,23.23,75,959.1,52,21.5,Kano
2004-08-05,31.4,23.7,26.9,0.2,20.4,21.0,73,958.7,74,21.5,Kano
2004-08-06,30.3,22.7,26.3,0.0,16.9,17.68,75,960.2,80,21.3,Kano
2004-08-07,30.5,22.9,26.4,0.7,19.6,19.65,74,960.4,59,21.2,Kano
2004-08-08,27.1,23.0,24.8,3.7,18.4,10.16,81,960.3,98,21.3,Kano
2004-08-09,29.7,22.7,25.9,0.7,14.8,19.9,76,959.9,91,21.1,Kano
2004-08-10,28.3,22.3,25.0,2.0,9.2,15.26,81,960.2,87,21.3,Kano
2004-08-11,30.5,21.8,25.6,0.1,18.9,20.06,75,961.0,66,20.5,Kano
2004-08-12,30.4,22.3,26.0,0.3,16.1,20.63,74,961.6,53,20.9,Kano
2004-08-13,30.3,22.3,26.0,2.7,13.1,18.89,79,960.7,82,21.8,Kano
2004-08-14,30.8,22.6,26.5,2.8,16.1,20.5,77,960.3,92,21.8,Kano
2004-08-15,27.4,23.0,24.8,10.4,24.8,12.25,83,961.1,90,21.6,Kano
2004-08-16,29.3,21.6,25.1,4.4,16.7,20.52,77,960.7,67,20.6,Kano
2004-08-17,29.8,21.6,25.4,0.2,16.8,19.07,75,960.5,76,20.4,Kano
2004-08-18,27.8,21.7,24.0,29.8,12.0,12.57,85,961.1,90,21.4,Kano
2004-08-19,28.8,21.2,24.8,5.8,9.5,16.6,80,961.3,89,20.9,Kano
2004-08-20,29.4,22.6,25.3,18.2,16.8,20.05,81,959.4,96,21.6,Kano
2004-08-21,26.9,21.6,23.6,22.2,16.2,12.98,90,958.4,100,21.7,Kano
2004-08-22,23.4,20.9,21.9,35.3,8.0,3.67,93,958.7,92,20.7,Kano
2004-08-23,28.4,20.7,24.1,0.6,16.5,18.72,81,960.8,49,20.5,Kano
2004-08-24,29.0,21.2,24.5,17.1,11.4,18.31,84,961.8,81,21.5,Kano
2004-08-25,30.0,21.0,24.7,15.3,9.3,21.4,82,961.5,69,21.2,Kano
2004-08-26,30.2,21.7,25.7,3.2,7.2,23.1,81,960.0,35,21.9,Kano
2004-08-27,30.3,22.5,26.0,1.4,12.2,23.81,80,959.1,56,22.1,Kano
2004-08-28,30.9,22.3,26.3,0.4,11.3,23.08,77,959.4,76,21.7,Kano
2004-08-29,31.9,22.2,26.4,2.5,10.9,24.64,77,959.3,49,21.7,Kano
2004-08-30,30.4,22.2,25.5,5.1,12.6,22.56,81,960.5,81,21.9,Kano
2004-08-31,30.5,22.5,26.1,1.4,8.7,19.94,79,960.4,55,22.1,Kano
2004-09-01,30.2,22.7,25.7,0.5,15.8,19.03,79,960.3,81,21.6,Kano
2004-09-02,31.1,21.6,26.0,0.0,10.0,23.91,77,959.1,94,21.4,Kano
2004-09-03,30.7,22.4,26.1,1.1,11.9,23.45,78,959.4,54,21.8,Kano
2004-09-04,31.8,22.0,26.5,1.7,13.7,24.98,76,959.0,22,21.7,Kano
2004-09-05,31.6,21.7,26.1,4.6,11.9,24.71,77,957.8,53,21.5,Kano
2004-09-06,27.6,23.0,24.7,8.2,15.2,17.74,84,957.4,84,21.7,Kano
2004-09-07,30.5,21.3,25.8,0.5,8.4,22.82,78,957.9,30,21.3,Kano
2004-09-08,33.2,22.4,26.6,4.0,11.6,24.97,74,958.0,80,21.0,Kano
2004-09-09,31.8,21.9,26.5,0.0,11.6,24.76,77,958.5,70,21.8,Kano
2004-09-10,31.8,22.7,26.4,1.0,10.8,23.92,77,958.5,74,21.7,Kano
2004-09-11,30.5,21.6,25.9,9.2,10.6,18.14,77,960.2,81,21.2,Kano
2004-09-12,32.1,23.0,27.3,0.0,14.8,25.05,74,960.2,62,22.0,Kano
2004-09-13,30.4,23.1,25.8,14.7,8.2,21.19,80,961.3,84,22.0,Kano
2004-09-14,32.4,23.1,27.1,0.3,8.0,24.71,74,960.1,61,21.8,Kano
2004-09-15,33.3,22.8,27.6,0.0,9.9,24.26,71,959.9,54,21.3,Kano
2004-09-16,33.4,22.1,27.4,0.1,9.2,24.85,71,959.4,46,21.0,Kano
2004-09-17,32.8,23.9,27.7,0.0,9.8,23.09,69,959.2,71,21.1,Kano
2004-09-18,33.2,22.9,27.7,0.0,13.7,24.79,68,958.8,65,20.8,Kano
2004-09-19,32.0,22.9,27.2,1.0,14.0,23.89,72,958.6,30,21.4,Kano
2004-09-20,31.7,23.5,27.3,1.5,12.6,23.05,76,959.3,61,22.5,Kano
2004-09-21,34.3,22.4,27.8,0.1,11.3,24.2,67,959.3,44,20.2,Kano
2004-09-22,32.6,22.9,27.2,0.2,20.1,22.17,69,959.4,75,20.6,Kano
2004-09-23,30.7,22.4,26.0,6.1,16.5,22.62,76,960.2,87,21.3,Kano
2004-09-24,32.2,22.6,27.1,0.0,12.0,23.9,69,960.0,57,20.6,Kano
2004-09-25,32.4,22.5,27.3,0.0,13.5,24.22,70,960.2,49,21.0,Kano
2004-09-26,33.8,22.4,27.8,0.1,13.5,24.93,69,959.4,21,21.0,Kano
2004-09-27,34.6,23.5,28.6,0.0,14.3,25.06,64,958.3,40,20.3,Kano
2004-09-28,34.5,23.1,28.4,0.0,14.7,24.89,65,956.9,28,20.4,Kano
2004-09-29,32.8,22.9,27.4,2.1,15.8,23.71,71,956.9,50,21.4,Kano
2004-09-30,33.0,22.9,27.0,1.5,12.2,23.85,72,957.7,77,21.2,Kano
2004-10-01,31.3,23.3,26.9,1.1,11.1,22.93,74,959.1,54,21.7,Kano
2004-10-02,34.4,23.7,28.3,0.0,14.7,24.52,67,958.6,53,21.0,Kano
2004-10-03,33.9,23.3,28.2,0.0,12.2,23.23,67,958.0,88,20.8,Kano
2004-10-04,34.7,23.4,28.4,0.6,11.0,23.1,65,958.1,47,20.7,Kano
2004-10-05,34.2,23.1,28.3,0.0,10.0,23.19,63,959.3,76,19.8,Kano
2004-10-06,35.3,22.5,28.6,0.0,11.7,25.38,50,959.5,39,14.8,Kano
2004-10-07,35.1,18.7,27.1,0.0,10.6,26.04,34,958.6,22,8.5,Kano
2004-10-08,35.3,18.9,27.2,0.0,8.2,24.38,48,958.4,41,14.0,Kano
2004-10-09,35.6,20.4,28.3,0.0,10.0,23.03,52,958.0,39,16.5,Kano
2004-10-10,35.5,23.6,29.2,0.0,14.2,21.93,52,958.4,24,17.0,Kano
2004-10-11,36.2,20.8,28.3,0.0,10.7,24.59,44,958.9,87,11.1,Kano
2004-10-12,34.9,19.7,27.9,0.0,10.0,23.23,38,958.7,53,12.0,Kano
2004-10-13,35.0,22.7,29.2,0.0,13.2,21.44,49,959.3,16,16.2,Kano
2004-10-14,36.0,20.3,29.0,0.0,13.7,24.6,31,958.7,49,8.3,Kano
2004-10-15,35.5,18.0,27.7,0.0,9.0,25.19,27,958.9,77,5.6,Kano
2004-10-16,35.6,17.3,26.8,0.0,9.4,24.68,38,959.2,19,9.1,Kano
2004-10-17,36.3,18.0,28.1,0.0,11.1,24.85,23,958.8,56,3.6,Kano
2004-10-18,36.8,19.3,28.2,0.0,10.2,25.1,23,958.5,32,3.4,Kano
2004-10-19,37.2,19.3,28.4,0.0,14.1,25.07,22,958.3,27,3.8,Kano
2004-10-20,36.5,18.9,28.3,0.0,11.0,24.39,27,957.7,70,6.2,Kano
2004-10-21,36.2,20.2,28.5,0.0,10.1,23.08,30,957.6,34,8.0,Kano
2004-10-22,36.9,18.6,28.2,0.0,11.6,24.58,31,957.7,48,7.6,Kano
2004-10-23,36.9,20.3,28.6,0.0,13.5,23.73,27,956.9,29,6.8,Kano
2004-10-24,35.1,21.5,28.5,0.0,10.0,21.41,39,958.2,49,12.9,Kano
2004-10-25,36.2,21.0,28.5,0.0,10.6,23.93,46,958.4,57,12.5,Kano
2004-10-26,36.3,20.0,27.8,0.0,10.1,23.75,28,957.6,21,6.3,Kano
2004-10-27,36.6,19.3,27.9,0.0,11.3,23.99,30,958.0,2,7.2,Kano
2004-10-28,37.0,19.8,28.5,0.0,8.9,23.52,31,958.7,47,8.6,Kano
2004-10-29,36.6,21.1,29.2,0.0,11.3,21.02,34,958.0,64,10.8,Kano
2004-10-30,36.6,21.2,28.8,0.0,11.7,21.14,40,957.9,74,11.5,Kano
2004-10-31,35.2,21.1,28.5,0.0,12.0,21.19,52,958.6,33,15.6,Kano
2004-11-01,36.1,20.2,28.4,0.0,10.0,23.25,39,958.0,15,10.6,Kano
2004-11-02,35.7,18.3,28.4,0.0,10.2,23.57,26,957.5,42,5.6,Kano
2004-11-03,35.6,17.9,27.2,0.0,9.8,23.67,28,957.4,31,5.6,Kano
2004-11-04,35.6,16.9,26.7,0.0,7.4,23.56,29,957.2,5,5.2,Kano
2004-11-05,36.0,16.8,27.1,0.0,7.8,22.99,32,957.0,61,6.9,Kano
2004-11-06,36.5,18.7,27.8,0.0,9.4,23.24,30,957.4,40,6.7,Kano
2004-11-07,36.9,19.6,28.6,0.0,14.2,23.47,21,957.4,18,2.5,Kano
2004-11-08,35.8,18.0,27.6,0.0,10.4,23.5,22,957.7,35,1.6,Kano
2004-11-09,36.0,16.5,26.9,0.0,8.8,23.62,22,956.9,42,1.3,Kano
2004-11-10,35.9,16.6,26.9,0.0,9.7,23.48,23,956.1,8,1.9,Kano
2004-11-11,35.7,15.7,26.7,0.0,7.6,23.09,34,955.5,29,7.7,Kano
2004-11-12,36.1,18.9,28.2,0.0,10.8,22.24,41,956.6,1,11.8,Kano
2004-11-13,36.6,19.9,28.5,0.0,9.0,21.7,40,957.8,46,11.7,Kano
2004-11-14,37.6,19.0,29.7,0.0,11.7,23.03,21,957.7,17,3.4,Kano
2004-11-15,37.5,19.2,28.6,0.0,15.0,22.92,22,957.5,38,3.0,Kano
2004-11-16,36.4,19.9,28.2,0.0,11.8,22.52,22,958.2,72,3.3,Kano
2004-11-17,36.2,19.4,27.9,0.0,12.9,22.36,19,958.0,71,0.8,Kano
2004-11-18,34.8,19.7,27.2,0.0,13.6,21.65,17,958.8,64,-0.4,Kano
2004-11-19,34.0,18.9,26.6,0.0,12.0,22.67,23,960.2,40,3.1,Kano
2004-11-20,34.0,18.6,26.3,0.0,12.6,22.39,23,961.2,14,2.9,Kano
2004-11-21,33.1,19.0,26.1,0.0,14.7,22.15,21,961.3,35,1.2,Kano
2004-11-22,32.2,18.3,25.2,0.0,14.9,22.32,22,960.8,70,1.2,Kano
2004-11-23,31.0,17.7,24.2,0.0,14.6,21.64,21,960.5,67,-0.0,Kano
2004-11-24,30.3,16.4,23.4,0.0,11.6,20.7,22,960.6,78,-0.0,Kano
2004-11-25,31.0,15.8,23.5,0.0,10.2,21.86,25,960.4,49,1.6,Kano
2004-11-26,30.6,15.3,23.1,0.0,10.9,22.36,19,960.7,5,-2.2,Kano
2004-11-27,30.0,15.4,22.9,0.0,15.5,22.17,16,960.5,2,-4.6,Kano
2004-11-28,30.4,16.5,23.4,0.0,14.8,21.47,18,960.9,45,-2.5,Kano
2004-11-29,30.2,16.9,23.4,0.0,16.3,21.5,19,961.9,45,-2.2,Kano
2004-11-30,30.2,16.3,23.1,0.0,16.3,21.78,17,961.3,40,-3.5,Kano
2004-12-01,30.6,14.7,22.7,0.0,13.6,22.2,20,960.1,26,-2.3,Kano
2004-12-02,30.9,15.0,23.0,0.0,12.9,22.18,18,959.3,8,-2.9,Kano
2004-12-03,31.0,14.7,23.0,0.0,13.7,22.13,17,959.9,0,-3.8,Kano
2004-12-04,30.5,14.7,22.7,0.0,12.0,21.92,16,960.6,0,-5.4,Kano
2004-12-05,30.7,13.9,22.4,0.0,10.6,21.95,17,960.5,33,-4.2,Kano
2004-12-06,31.4,13.7,22.7,0.0,10.6,21.9,22,959.9,83,-1.0,Kano
2004-12-07,32.2,13.1,23.0,0.0,10.5,21.66,27,959.9,58,1.4,Kano
2004-12-08,32.9,12.8,23.3,0.0,11.3,22.07,24,958.8,0,-0.1,Kano
2004-12-09,33.3,15.4,24.4,0.0,10.2,21.64,19,958.9,0,-1.4,Kano
2004-12-10,33.5,14.4,24.4,0.0,10.1,21.52,22,957.6,0,0.1,Kano
2004-12-11,34.7,15.8,25.6,0.0,10.4,21.11,23,957.7,1,1.7,Kano
2004-12-12,35.1,16.8,26.4,0.0,9.7,21.01,23,958.8,0,2.2,Kano
2004-12-13,33.9,17.4,25.7,0.0,11.7,21.42,17,959.6,57,-3.3,Kano
2004-12-14,31.9,15.3,23.8,0.0,13.5,21.97,14,959.6,16,-7.0,Kano
2004-12-15,31.0,14.4,22.9,0.0,11.5,22.05,14,959.0,8,-6.9,Kano
2004-12-16,30.6,14.6,22.6,0.0,13.0,21.51,19,959.3,7,-3.0,Kano
2004-12-17,30.5,14.8,22.7,0.0,13.0,21.17,22,960.1,6,-0.8,Kano
2004-12-18,29.8,14.7,22.2,0.0,12.2,21.28,23,960.6,31,-0.4,Kano
2004-12-19,30.2,13.6,22.1,0.0,9.7,21.37,22,960.2,52,-1.3,Kano
2004-12-20,31.2,14.0,22.8,0.0,10.6,20.71,21,959.1,76,-1.9,Kano
2004-12-21,32.4,15.0,23.9,0.0,10.3,20.83,22,958.9,33,0.2,Kano
2004-12-22,32.1,16.3,24.4,0.0,11.3,21.0,24,958.9,4,1.6,Kano
2004-12-23,32.1,16.2,24.3,0.0,10.8,21.09,23,958.3,35,0.8,Kano
2004-12-24,32.4,14.5,23.8,0.0,11.6,21.1,25,957.6,5,1.2,Kano
2004-12-25,31.5,15.8,24.0,0.0,13.8,21.21,22,957.7,4,-0.1,Kano
2004-12-26,32.1,14.9,23.7,0.0,9.9,21.41,21,958.3,63,-0.9,Kano
2004-12-27,33.2,15.6,24.5,0.0,10.6,21.09,21,959.2,44,0.1,Kano
2004-12-28,32.3,16.2,24.1,0.0,10.9,20.52,23,959.8,84,1.1,Kano
2004-12-29,29.8,14.8,22.3,0.0,10.0,21.36,17,959.6,48,-5.0,Kano
2004-12-30,31.1,12.5,22.1,0.0,10.9,21.37,19,958.2,85,-4.1,Kano
2004-12-31,33.2,13.9,24.0,0.0,10.1,21.05,21,958.4,71,-0.7,Kano
2005-01-01,32.9,14.1,24.3,0.0,9.4,21.04,24,960.5,45,0.5,Kano
2005-01-02,31.2,16.2,23.7,0.0,12.3,21.24,18,962.0,3,-2.6,Kano
2005-01-03,30.0,14.7,22.5,0.0,13.0,21.29,19,962.1,4,-2.8,Kano
2005-01-04,29.3,14.9,22.1,0.0,13.8,21.25,21,962.3,0,-1.9,Kano
2005-01-05,27.6,15.6,21.6,0.0,20.0,21.32,23,963.9,16,-0.9,Kano
2005-01-06,26.7,15.0,20.6,0.0,20.1,21.46,23,964.5,0,-1.9,Kano
2005-01-07,24.0,12.9,18.3,0.0,20.6,21.5,20,964.3,56,-5.2,Kano
2005-01-08,23.6,11.9,17.5,0.0,20.9,22.15,23,963.9,33,-4.5,Kano
2005-01-09,23.9,11.6,17.5,0.0,21.8,22.13,27,962.8,0,-2.2,Kano
2005-01-10,25.1,12.0,18.3,0.0,19.5,21.96,26,963.1,10,-2.0,Kano
2005-01-11,25.4,12.0,18.4,0.0,18.1,22.04,27,963.4,57,-1.5,Kano
2005-01-12,26.1,12.4,18.9,0.0,16.1,21.13,23,963.4,96,-3.5,Kano
2005-01-13,26.6,11.0,18.9,0.0,12.3,22.29,21,961.9,61,-4.5,Kano
2005-01-14,27.1,10.4,19.0,0.0,12.5,22.27,22,960.7,45,-3.8,Kano
2005-01-15,27.8,11.5,19.7,0.0,11.0,22.36,21,959.7,56,-4.0,Kano
2005-01-16,27.7,12.0,19.8,0.0,17.8,22.58,21,959.6,6,-3.7,Kano
2005-01-17,27.5,12.6,19.9,0.0,15.9,22.2,23,960.8,45,-2.6,Kano
2005-01-18,27.0,13.1,19.9,0.0,16.6,22.2,23,961.7,0,-2.6,Kano
2005-01-19,27.0,12.7,19.7,0.0,14.1,22.15,19,959.9,12,-5.2,Kano
2005-01-20,28.7,11.1,20.3,0.0,9.7,21.51,18,957.7,70,-5.4,Kano
2005-01-21,29.2,11.5,21.1,0.0,18.9,21.67,17,959.0,35,-6.5,Kano
2005-01-22,25.2,13.2,19.0,0.0,18.0,22.16,16,961.8,44,-7.9,Kano
2005-01-23,26.7,12.1,19.4,0.0,11.7,18.74,18,962.0,93,-6.3,Kano
2005-01-24,28.7,12.8,20.8,0.0,10.4,21.77,18,961.2,86,-4.8,Kano
2005-01-25,30.7,12.3,21.9,0.0,10.8,21.95,19,960.3,91,-3.6,Kano
2005-01-26,33.4,13.5,23.8,0.0,11.4,22.18,20,959.7,46,-2.4,Kano
2005-01-27,35.1,15.2,25.6,0.0,11.2,21.99,19,958.0,89,-1.3,Kano
2005-01-28,35.6,16.0,26.4,0.0,11.0,22.32,21,957.1,51,0.8,Kano
2005-01-29,36.1,16.2,27.6,0.0,12.0,22.46,20,956.8,37,0.7,Kano
2005-01-30,35.8,19.2,27.3,0.0,17.1,22.71,18,957.3,0,-0.3,Kano
2005-01-31,36.0,19.0,27.4,0.0,16.6,22.67,17,957.2,25,-1.3,Kano
2005-02-01,34.7,19.9,27.0,0.0,20.9,22.91,14,957.8,11,-3.8,Kano
2005-02-02,35.3,18.5,26.8,0.0,16.4,23.05,14,957.3,0,-3.7,Kano
2005-02-03,35.4,18.7,27.1,0.0,13.8,23.11,16,957.5,0,-1.1,Kano
2005-02-04,35.5,18.1,26.9,0.0,12.5,23.11,17,957.4,3,-1.0,Kano
2005-02-05,36.4,18.4,27.5,0.0,10.0,22.14,16,956.0,47,-1.2,Kano
2005-02-06,37.0,18.1,28.0,0.0,10.2,22.63,17,955.9,79,-0.7,Kano
2005-02-07,36.5,17.7,27.4,0.0,10.5,23.16,19,956.6,27,0.3,Kano
2005-02-08,36.4,16.9,27.5,0.0,9.0,23.05,22,956.6,7,2.8,Kano
2005-02-09,36.5,21.0,28.6,0.0,11.0,23.13,16,956.9,49,-1.2,Kano
2005-02-10,36.9,20.3,28.5,0.0,12.3,23.01,15,957.0,53,-1.1,Kano
2005-02-11,36.6,22.6,29.4,0.0,21.0,23.43,13,958.2,27,-2.6,Kano
2005-02-12,34.3,22.4,28.0,0.0,24.1,23.82,14,960.0,0,-2.1,Kano
2005-02-13,31.2,18.2,24.8,0.0,19.8,23.82,18,960.1,0,-1.7,Kano
2005-02-14,30.1,16.2,23.0,0.0,14.7,23.86,17,958.2,0,-3.9,Kano
2005-02-15,32.3,14.8,23.5,0.0,9.7,23.86,16,957.4,15,-4.9,Kano
2005-02-16,34.7,15.4,25.2,0.0,10.5,24.03,12,956.9,81,-7.3,Kano
2005-02-17,36.4,18.2,27.5,0.0,10.4,23.93,11,957.2,72,-6.4,Kano
2005-02-18,37.6,18.7,28.6,0.0,11.2,23.45,19,956.3,63,1.8,Kano
2005-02-19,38.6,21.5,30.0,0.0,10.9,23.66,21,955.8,54,3.9,Kano
2005-02-20,38.5,21.2,30.0,0.0,11.3,23.56,20,955.5,3,3.5,Kano
2005-02-21,39.5,20.7,30.7,0.0,11.3,23.95,20,955.3,34,3.8,Kano
2005-02-22,37.1,24.3,30.2,0.0,16.5,20.6,22,957.3,67,4.4,Kano
2005-02-23,38.6,22.5,30.5,0.0,18.7,23.98,20,957.5,35,4.5,Kano
2005-02-24,39.2,23.5,31.4,0.0,14.1,24.34,19,957.0,8,3.8,Kano
2005-02-25,37.4,22.7,30.1,0.0,13.1,24.49,16,957.5,1,1.2,Kano
2005-02-26,37.6,21.3,29.8,0.0,16.7,24.13,16,958.6,57,0.6,Kano
2005-02-27,37.4,22.8,30.1,0.0,17.8,23.68,24,959.0,50,6.7,Kano
2005-02-28,38.3,21.6,30.3,0.0,12.7,24.69,17,957.7,13,1.1,Kano
2005-03-01,38.6,22.5,30.6,0.0,12.8,24.77,17,956.9,84,2.1,Kano
2005-03-02,39.3,20.1,30.1,0.0,13.8,25.08,16,957.0,15,0.4,Kano
2005-03-03,39.6,23.8,31.9,0.0,18.7,24.8,22,958.9,53,6.7,Kano
2005-03-04,39.2,25.3,32.2,0.0,19.4,24.36,21,959.2,75,6.5,Kano
2005-03-05,39.5,22.4,31.4,0.0,14.1,25.27,17,957.9,10,2.4,Kano
2005-03-06,39.1,21.5,30.6,0.0,10.3,25.25,17,957.7,52,2.0,Kano
2005-03-07,39.9,20.2,31.0,0.0,10.6,24.81,23,956.4,20,6.3,Kano
2005-03-08,39.6,21.3,31.6,0.0,11.8,24.43,15,955.8,27,1.1,Kano
2005-03-09,40.0,23.0,31.7,0.0,12.2,25.48,13,955.0,20,-0.8,Kano
2005-03-10,38.1,23.5,30.8,0.0,13.0,22.95,20,956.1,91,4.9,Kano
2005-03-11,36.5,22.9,29.8,0.0,11.1,25.48,22,957.5,42,4.8,Kano
2005-03-12,35.4,21.0,28.3,0.0,15.5,25.7,19,958.6,54,1.9,Kano
2005-03-13,35.5,19.6,28.1,0.0,10.8,25.51,19,958.3,72,1.7,Kano
2005-03-14,36.7,21.9,29.4,0.0,14.3,25.02,14,958.2,19,-1.4,Kano
2005-03-15,37.3,21.3,29.6,0.0,14.1,25.32,13,957.6,28,-2.6,Kano
2005-03-16,37.6,22.1,30.0,0.0,12.8,25.94,10,957.3,6,-5.8,Kano
2005-03-17,37.0,21.3,29.4,0.0,13.0,26.14,8,957.6,0,-8.7,Kano
2005-03-18,37.4,20.9,29.4,0.0,11.8,26.46,9,958.0,1,-7.0,Kano
2005-03-19,37.4,20.2,29.2,0.0,11.8,26.47,10,957.9,50,-6.7,Kano
2005-03-20,37.5,20.3,29.2,0.0,11.4,26.64,12,957.4,19,-4.1,Kano
2005-03-21,38.3,19.1,29.4,0.0,9.0,25.16,14,956.4,66,-2.4,Kano
2005-03-22,38.8,21.6,31.0,0.0,10.9,26.67,13,956.7,47,-2.1,Kano
2005-03-23,38.9,20.5,30.2,0.0,10.9,26.97,13,957.8,3,-2.6,Kano
2005-03-24,38.1,18.3,29.3,0.0,12.5,27.27,12,958.5,6,-5.4,Kano
2005-03-25,38.7,18.4,29.0,0.0,19.7,27.65,9,958.0,13,-9.0,Kano
2005-03-26,38.5,20.4,29.9,0.0,17.1,27.98,8,958.1,1,-8.8,Kano
2005-03-27,38.0,19.9,29.4,0.0,14.4,28.04,9,958.2,10,-8.3,Kano
2005-03-28,38.3,20.6,29.7,0.0,16.2,27.71,9,958.8,0,-7.0,Kano
2005-03-29,38.2,18.7,29.1,0.0,14.6,27.75,11,958.2,1,-5.7,Kano
2005-03-30,38.4,20.1,29.5,0.0,12.8,27.84,8,957.5,13,-9.0,Kano
2005-03-31,38.2,19.3,29.4,0.0,12.1,27.87,7,956.9,57,-12.3,Kano
2005-04-01,38.8,19.9,29.9,0.0,15.9,27.53,6,957.2,74,-12.1,Kano
2005-04-02,39.1,19.8,30.0,0.0,17.2,27.82,8,958.3,28,-9.0,Kano
2005-04-03,38.5,21.1,30.3,0.0,16.9,27.71,10,959.5,6,-5.3,Kano
2005-04-04,38.7,20.8,30.3,0.0,15.1,27.75,11,959.3,0,-4.1,Kano
2005-04-05,38.7,21.6,30.7,0.0,10.7,27.43,11,958.5,0,-4.5,Kano
2005-04-06,39.1,21.3,30.8,0.0,10.5,27.76,10,957.2,0,-5.9,Kano
2005-04-07,39.0,20.5,30.8,0.0,12.3,28.17,7,956.4,0,-10.2,Kano
2005-04-08,38.3,20.6,29.9,0.0,14.5,28.36,8,956.4,2,-8.3,Kano
2005-04-09,38.5,18.9,29.4,0.0,12.0,28.41,9,955.9,34,-7.7,Kano
2005-04-10,39.0,17.3,28.8,0.0,11.2,28.55,10,955.2,21,-7.8,Kano
2005-04-11,39.1,18.8,29.6,0.0,11.1,28.29,10,954.9,2,-6.7,Kano
2005-04-12,40.4,18.4,30.7,0.0,10.3,27.99,12,954.6,1,-3.9,Kano
2005-04-13,40.5,20.2,32.0,0.0,15.4,26.87,20,955.0,21,4.7,Kano
2005-04-14,41.2,20.2,32.0,0.0,11.4,27.64,18,955.0,39,2.8,Kano
2005-04-15,40.4,20.9,32.2,0.0,12.9,26.49,22,955.6,80,4.2,Kano
2005-04-16,40.7,23.0,31.9,0.0,14.6,27.04,24,955.7,39,6.1,Kano
2005-04-17,40.7,21.5,32.0,0.0,17.0,27.56,19,954.4,44,4.0,Kano
2005-04-18,40.3,24.8,32.9,0.0,18.2,25.51,30,953.8,68,11.6,Kano
2005-04-19,39.4,28.2,32.9,0.2,21.0,23.75,41,955.3,68,17.2,Kano
2005-04-20,37.8,26.4,31.7,0.0,17.9,22.89,47,955.7,78,17.7,Kano
2005-04-21,39.7,26.8,33.4,0.0,16.5,22.88,35,954.7,96,15.1,Kano
2005-04-22,39.6,27.3,33.4,0.0,19.0,22.32,37,954.4,95,14.7,Kano
2005-04-23,40.4,26.9,33.6,0.0,17.9,25.39,37,954.7,62,14.8,Kano
2005-04-24,40.0,26.7,32.9,0.0,14.8,23.69,35,955.4,83,11.8,Kano
2005-04-25,41.1,23.4,33.0,0.0,14.2,27.48,18,955.4,66,2.8,Kano
2005-04-26,39.8,22.7,31.9,0.0,16.3,25.25,28,955.6,82,9.4,Kano
2005-04-27,39.4,27.5,33.3,0.3,19.5,24.49,38,957.8,55,16.1,Kano
2005-04-28,40.4,25.9,33.3,0.0,15.8,26.0,40,957.7,75,15.6,Kano
2005-04-29,38.9,27.0,33.1,0.0,13.2,23.95,35,956.3,66,14.2,Kano
2005-04-30,38.8,26.1,32.3,0.0,20.7,25.49,43,955.4,38,16.4,Kano
2005-05-01,37.7,25.5,30.9,1.4,20.6,24.88,49,957.0,47,18.1,Kano
2005-05-02,36.8,24.1,29.5,3.3,17.1,24.58,56,959.0,36,19.1,Kano
2005-05-03,32.7,23.2,27.2,8.2,13.2,21.92,72,960.0,76,21.2,Kano
2005-05-04,33.6,24.0,28.2,0.5,13.4,21.25,64,959.4,99,20.2,Kano
2005-05-05,32.5,24.5,28.0,0.0,13.8,18.54,59,959.8,77,18.8,Kano
2005-05-06,32.5,23.6,27.8,0.6,11.4,17.51,62,961.0,76,19.5,Kano
2005-05-07,34.3,23.5,28.4,0.9,12.1,20.58,58,959.8,72,18.5,Kano
2005-05-08,36.7,24.7,29.1,0.6,14.5,23.46,58,958.7,78,19.4,Kano
2005-05-09,37.0,23.6,30.0,0.0,14.6,22.77,57,958.5,79,19.2,Kano
2005-05-10,38.4,25.4,31.1,0.0,13.3,24.07,49,958.0,57,17.1,Kano
2005-05-11,39.4,23.5,31.3,0.0,13.5,27.24,39,957.8,4,11.7,Kano
2005-05-12,39.7,19.7,30.6,0.0,13.3,27.78,26,956.9,1,6.8,Kano
2005-05-13,39.5,21.7,30.5,0.0,12.2,26.33,35,957.3,16,10.4,Kano
2005-05-14,39.5,21.9,30.8,0.0,12.9,27.47,34,957.2,7,9.5,Kano
2005-05-15,38.9,20.2,30.5,0.0,10.5,27.39,26,956.4,19,5.8,Kano
2005-05-16,38.8,18.3,29.9,0.0,9.8,28.13,21,955.5,33,2.1,Kano
2005-05-17,39.8,19.6,31.3,0.0,15.6,28.29,18,955.3,9,1.0,Kano
2005-05-18,40.2,20.4,31.2,0.0,14.5,28.29,14,955.3,5,-1.8,Kano
2005-05-19,40.3,19.2,31.3,0.0,18.2,28.12,15,955.1,6,-0.9,Kano
2005-05-20,40.2,20.3,31.6,0.0,12.7,27.59,25,955.7,18,5.3,Kano
2005-05-21,40.3,20.8,31.1,0.0,12.7,26.94,24,955.0,7,5.8,Kano
2005-05-22,39.2,21.5,31.0,0.0,15.5,22.84,33,955.5,60,9.8,Kano
2005-05-23,39.0,23.5,31.0,0.0,14.5,25.36,35,957.1,38,10.3,Kano
2005-05-24,40.5,23.6,32.0,0.0,15.1,27.09,34,956.7,19,10.1,Kano
2005-05-25,40.3,24.9,32.6,0.0,14.6,25.52,32,956.8,6,11.0,Kano
2005-05-26,38.8,25.4,32.3,0.0,15.9,23.62,39,956.9,64,14.4,Kano
2005-05-27,38.8,25.5,32.0,0.0,18.5,24.81,45,957.6,72,16.4,Kano
2005-05-28,39.3,24.6,31.7,0.0,19.0,26.29,43,957.8,79,15.0,Kano
2005-05-29,39.0,25.5,31.7,0.0,18.8,24.98,45,957.4,80,16.9,Kano
2005-05-30,37.2,24.9,30.0,1.6,16.1,24.37,55,958.8,79,19.2,Kano
2005-05-31,34.0,23.8,28.0,4.2,16.2,21.47,67,960.6,99,20.9,Kano
2005-06-01,30.8,21.8,26.4,17.1,7.4,12.23,75,959.4,67,21.2,Kano
2005-06-02,35.4,23.5,29.6,0.1,7.8,24.76,58,957.5,16,19.8,Kano
2005-06-03,35.7,25.0,29.5,1.5,11.8,23.63,61,957.3,65,20.8,Kano
2005-06-04,35.9,25.1,29.9,1.0,12.8,24.62,60,957.5,50,20.7,Kano
2005-06-05,35.3,25.3,29.7,0.1,15.6,25.05,59,957.4,29,20.5,Kano
2005-06-06,35.3,25.0,29.4,5.3,14.7,23.64,63,957.1,39,21.0,Kano
2005-06-07,32.9,23.8,27.3,7.4,15.5,23.84,74,958.6,69,21.9,Kano
2005-06-08,33.4,24.2,28.4,0.5,11.0,24.57,66,959.0,48,21.0,Kano
2005-06-09,35.7,24.6,29.8,0.0,14.0,24.31,58,958.9,25,20.0,Kano
2005-06-10,37.2,25.1,30.3,1.1,16.2,24.97,56,957.1,17,19.6,Kano
2005-06-11,36.8,24.9,30.2,1.0,19.4,25.64,58,957.4,73,20.1,Kano
2005-06-12,33.9,24.8,28.4,1.6,14.4,23.66,66,959.8,28,21.0,Kano
2005-06-13,34.4,24.4,29.2,0.0,12.8,25.08,60,959.1,25,20.2,Kano
2005-06-14,37.7,24.8,30.9,0.0,13.4,24.74,53,957.9,16,19.2,Kano
2005-06-15,38.1,25.1,31.3,0.0,18.6,24.55,53,957.8,9,19.3,Kano
2005-06-16,35.3,24.9,29.4,0.8,22.0,24.31,59,958.4,25,20.0,Kano
2005-06-17,35.4,25.2,29.0,3.4,18.2,23.11,62,959.3,73,20.6,Kano
2005-06-18,33.8,25.1,29.1,0.7,17.5,24.08,60,960.0,64,20.2,Kano
2005-06-19,27.4,22.8,25.2,6.0,13.7,7.15,80,961.1,98,21.3,Kano
2005-06-20,34.2,21.6,27.9,0.3,8.9,25.1,63,959.5,39,19.3,Kano
2005-06-21,36.2,24.1,29.8,0.4,13.0,24.94,57,958.7,23,19.5,Kano
2005-06-22,37.2,24.5,30.4,0.0,22.6,25.53,54,957.0,49,19.1,Kano
2005-06-23,36.2,23.6,29.5,0.2,17.7,25.25,58,957.2,16,19.5,Kano
2005-06-24,35.0,24.2,28.9,1.4,17.6,23.48,62,958.2,85,20.3,Kano
2005-06-25,32.3,22.5,26.6,5.8,15.6,18.03,74,959.0,100,21.1,Kano
2005-06-26,32.4,23.1,27.0,9.6,13.0,22.97,73,960.1,68,21.3,Kano
2005-06-27,31.5,22.7,27.0,0.0,16.9,19.85,69,960.4,67,20.2,Kano
2005-06-28,32.2,23.5,27.3,0.9,16.5,22.0,68,960.3,86,20.5,Kano
2005-06-29,33.3,23.8,28.1,0.1,15.5,22.79,66,958.7,53,20.7,Kano
2005-06-30,33.6,23.7,27.9,3.4,16.1,23.43,67,958.7,46,20.9,Kano
2005-07-01,32.6,23.3,26.9,16.9,14.0,22.64,74,959.6,69,21.5,Kano
2005-07-02,31.5,23.1,26.6,4.9,10.8,21.93,79,960.2,92,22.4,Kano
2005-07-03,31.0,23.1,26.1,4.3,19.5,17.96,77,960.9,95,21.5,Kano
2005-07-04,31.5,23.3,26.8,1.1,16.5,22.52,70,959.9,92,20.6,Kano
2005-07-05,31.7,23.7,27.1,5.2,19.8,22.05,70,959.1,55,21.1,Kano
2005-07-06,30.9,23.7,26.5,0.5,16.8,19.92,71,960.7,92,20.6,Kano
2005-07-07,29.5,22.3,25.9,0.8,18.7,18.81,72,961.4,85,20.2,Kano
2005-07-08,30.5,22.6,26.2,12.5,12.5,21.65,76,960.3,77,21.4,Kano
2005-07-09,30.9,21.7,25.3,4.2,15.3,20.58,78,960.4,83,20.9,Kano
2005-07-10,27.8,21.6,24.5,2.2,16.0,14.7,78,962.4,95,20.2,Kano
2005-07-11,30.7,21.2,25.9,0.6,11.7,22.95,74,962.0,55,20.7,Kano
2005-07-12,32.3,22.8,27.0,1.1,10.8,23.68,72,960.0,80,21.3,Kano
2005-07-13,30.5,23.1,25.6,16.9,14.9,19.47,79,959.9,97,21.6,Kano
2005-07-14,28.9,22.4,25.1,0.4,13.7,14.52,79,960.5,89,21.0,Kano
2005-07-15,31.4,21.4,26.3,1.3,8.0,24.22,74,961.6,51,20.9,Kano
2005-07-16,30.8,23.2,26.1,6.2,15.3,21.93,78,960.8,83,21.7,Kano
2005-07-17,30.8,22.8,26.0,3.1,17.1,21.65,76,959.6,67,21.3,Kano
2005-07-18,30.5,22.7,25.5,3.4,10.9,19.88,77,959.8,68,21.0,Kano
2005-07-19,32.3,21.3,26.6,0.6,8.0,24.74,73,960.1,46,20.9,Kano
2005-07-20,33.3,23.0,28.0,0.0,7.6,23.87,67,959.4,51,21.0,Kano
2005-07-21,30.6,21.6,25.5,9.2,19.2,20.63,80,959.9,96,21.6,Kano
2005-07-22,30.9,23.2,25.9,11.6,14.0,20.17,80,960.6,96,21.9,Kano
2005-07-23,31.0,22.7,27.0,0.7,9.2,22.89,77,960.2,61,22.3,Kano
2005-07-24,32.0,23.5,27.2,5.0,11.4,23.27,76,959.7,49,22.5,Kano
2005-07-25,32.3,23.4,27.4,0.4,15.5,24.04,74,959.3,75,22.1,Kano
2005-07-26,30.8,23.4,26.2,9.1,21.6,17.16,76,959.8,94,21.6,Kano
2005-07-27,30.6,22.6,26.0,0.8,22.5,18.51,76,959.7,60,21.2,Kano
2005-07-28,32.0,22.9,26.7,0.9,19.1,22.97,72,959.7,54,21.1,Kano
2005-07-29,29.5,22.7,26.1,2.3,19.5,18.93,74,960.3,78,20.9,Kano
2005-07-30,27.3,21.9,23.9,14.2,13.8,10.78,85,960.7,99,21.1,Kano
2005-07-31,30.2,21.2,25.2,2.7,17.3,21.0,77,959.7,69,20.6,Kano
2005-08-01,30.3,21.9,25.6,5.8,14.4,21.73,77,959.9,51,21.1,Kano
2005-08-02,30.4,22.7,26.1,4.7,15.9,21.37,76,959.9,49,21.4,Kano
2005-08-03,29.0,22.6,25.4,3.3,14.2,13.61,81,960.0,79,21.8,Kano
2005-08-04,30.4,23.1,26.3,4.7,15.2,21.32,78,959.4,82,22.1,Kano
2005-08-05,32.6,22.9,26.7,6.2,14.0,23.56,77,958.8,75,22.2,Kano
2005-08-06,29.6,23.6,26.1,3.9,18.7,17.66,79,959.3,98,22.1,Kano
2005-08-07,29.3,22.7,25.5,0.9,13.4,15.25,80,959.7,75,21.5,Kano
2005-08-08,24.1,21.6,22.7,33.6,8.4,4.75,93,960.8,100,21.6,Kano
2005-08-09,29.4,21.6,24.9,3.4,13.6,19.53,81,961.6,75,21.3,Kano
2005-08-10,30.1,21.1,25.7,0.6,7.9,21.34,78,960.8,71,21.2,Kano
2005-08-11,32.0,22.6,27.0,0.4,10.9,23.85,75,958.6,82,21.8,Kano
2005-08-12,30.7,23.5,26.0,13.4,18.5,20.6,79,957.5,94,21.9,Kano
2005-08-13,30.2,22.8,25.3,6.8,20.5,21.65,81,959.2,84,21.6,Kano
2005-08-14,26.8,22.1,24.1,4.8,16.1,11.44,84,960.7,96,21.2,Kano
2005-08-15,27.7,22.0,24.2,25.7,17.9,14.56,84,960.2,92,21.2,Kano
2005-08-16,22.4,21.4,22.0,66.0,15.8,2.05,95,958.7,99,21.1,Kano
2005-08-17,28.7,20.9,24.1,3.4,17.3,17.03,81,960.1,77,20.4,Kano
2005-08-18,29.0,20.9,24.2,22.4,12.2,20.35,84,960.7,87,21.1,Kano
2005-08-19,28.7,20.4,24.4,4.1,11.9,18.55,82,960.9,87,21.0,Kano
2005-08-20,31.2,22.2,25.6,13.9,7.8,23.68,80,960.3,70,21.5,Kano
2005-08-21,30.8,22.0,25.9,2.4,12.6,24.49,79,959.9,86,21.7,Kano
2005-08-22,32.2,22.5,26.9,0.6,12.5,23.74,77,959.4,73,22.0,Kano
2005-08-23,30.0,22.5,25.7,3.9,12.5,20.71,80,958.8,81,22.0,Kano
2005-08-24,28.6,22.9,25.6,0.1,19.0,15.48,78,959.5,97,21.3,Kano
2005-08-25,27.8,22.7,24.9,0.3,16.3,14.36,80,960.5,95,21.0,Kano
2005-08-26,29.2,22.0,25.0,8.5,11.2,20.4,80,960.6,87,21.2,Kano
2005-08-27,31.0,21.0,26.0,0.0,7.5,24.18,78,959.1,43,21.4,Kano
2005-08-28,29.0,23.2,24.9,11.3,13.8,13.06,83,957.2,98,21.8,Kano
2005-08-29,28.4,21.9,24.7,1.7,14.5,16.3,79,958.3,88,20.6,Kano
2005-08-30,30.3,21.4,25.5,0.2,11.5,23.67,74,960.3,89,20.3,Kano
2005-08-31,28.8,22.4,24.4,0.7,13.5,15.35,75,958.9,96,19.6,Kano
2005-09-01,29.5,20.7,24.7,4.1,13.6,21.2,76,957.7,77,20.0,Kano
2005-09-02,30.6,21.0,25.0,5.9,11.3,25.39,79,959.7,47,20.9,Kano
2005-09-03,29.4,21.8,24.4,17.4,10.2,20.56,86,960.7,81,21.7,Kano
2005-09-04,29.7,21.3,24.6,6.3,14.0,19.0,85,960.2,84,21.7,Kano
2005-09-05,30.0,21.2,25.2,0.6,8.2,22.14,81,959.1,68,21.3,Kano
2005-09-06,30.4,22.2,25.9,2.7,10.3,24.27,80,959.9,62,22.0,Kano
2005-09-07,30.5,21.6,25.9,17.6,12.5,22.4,81,961.3,76,22.1,Kano
2005-09-08,32.6,22.1,26.6,0.5,9.8,20.71,78,960.9,75,22.0,Kano
2005-09-09,32.6,22.5,27.3,0.9,10.0,24.45,76,960.3,10,22.5,Kano
2005-09-10,30.5,23.1,26.8,6.4,14.3,22.78,79,959.3,30,22.7,Kano
2005-09-11,31.4,22.2,26.3,2.2,12.7,24.13,78,959.0,22,21.9,Kano
2005-09-12,31.2,23.1,26.7,3.6,10.9,23.24,76,958.6,38,21.9,Kano
2005-09-13,31.4,22.6,27.0,1.7,11.8,23.57,77,959.5,44,22.5,Kano
2005-09-14,33.6,22.9,27.9,0.0,13.2,25.08,70,959.3,28,21.5,Kano
2005-09-15,33.5,23.0,27.9,0.0,13.8,25.35,70,959.4,14,21.3,Kano
2005-09-16,33.6,23.1,27.9,0.3,14.0,24.87,69,958.9,21,21.1,Kano
2005-09-17,33.2,23.3,27.8,0.4,14.7,24.57,69,958.7,15,21.4,Kano
2005-09-18,34.0,23.5,28.4,0.0,10.8,24.8,68,959.2,27,21.4,Kano
2005-09-19,34.0,23.9,28.2,0.3,12.8,23.14,68,960.0,82,21.2,Kano
2005-09-20,31.2,23.4,26.5,1.4,12.0,20.96,78,959.0,99,22.2,Kano
2005-09-21,30.7,22.4,26.2,0.5,14.5,20.87,75,958.8,89,21.2,Kano
2005-09-22,32.4,22.8,26.8,1.0,9.7,24.1,75,959.1,45,21.7,Kano
2005-09-23,31.7,22.9,27.0,0.4,14.4,19.58,70,959.6,84,20.5,Kano
2005-09-24,31.9,22.8,26.7,3.4,11.4,22.61,72,959.2,88,21.1,Kano
2005-09-25,33.0,22.8,26.8,2.4,14.4,23.27,73,958.9,69,21.1,Kano
2005-09-26,30.1,22.5,25.8,1.6,11.2,18.5,79,959.5,72,21.6,Kano
2005-09-27,32.6,21.5,27.0,0.0,10.9,23.85,73,959.8,64,21.3,Kano
2005-09-28,34.4,23.0,27.9,0.0,11.9,24.78,67,959.4,10,20.5,Kano
2005-09-29,33.5,22.5,27.6,0.0,16.3,22.58,68,958.9,13,20.7,Kano
2005-09-30,32.1,23.6,27.4,0.0,13.2,23.87,72,958.6,68,21.6,Kano
2005-10-01,31.2,21.5,25.7,15.7,14.8,21.59,80,959.4,83,21.9,Kano
2005-10-02,30.0,22.1,25.4,0.0,8.5,18.03,80,960.4,83,21.5,Kano
2005-10-03,32.2,21.9,26.4,6.1,7.8,23.5,78,959.7,38,21.9,Kano
2005-10-04,32.9,22.7,27.2,0.0,13.6,23.93,71,959.2,43,21.0,Kano
2005-10-05,33.5,22.3,27.3,0.1,15.2,24.69,70,959.1,28,20.8,Kano
2005-10-06,31.9,22.9,27.1,0.1,11.7,23.0,73,959.1,45,21.7,Kano
2005-10-07,32.9,22.9,27.7,0.0,11.0,23.33,67,959.2,38,20.5,Kano
2005-10-08,32.3,22.6,27.2,0.0,14.0,23.27,68,960.3,37,20.4,Kano
2005-10-09,33.0,22.9,27.4,0.0,11.2,23.14,68,959.9,44,20.3,Kano
2005-10-10,34.1,23.4,28.2,0.0,8.0,24.17,62,959.0,53,19.4,Kano
2005-10-11,34.2,21.9,27.6,0.0,12.2,23.4,61,959.2,27,18.3,Kano
2005-10-12,35.4,21.4,27.6,0.0,10.9,23.68,59,958.0,15,17.9,Kano
2005-10-13,35.2,21.4,28.1,0.0,10.8,23.4,56,957.6,40,17.3,Kano
2005-10-14,35.1,21.4,27.6,0.0,10.0,22.78,56,958.0,71,16.2,Kano
2005-10-15,34.6,20.6,27.2,0.0,11.2,22.95,57,958.4,77,17.0,Kano
2005-10-16,35.1,19.8,27.7,0.0,14.4,24.6,50,957.9,50,14.0,Kano
2005-10-17,33.9,18.6,27.1,0.0,11.1,24.93,41,958.2,5,11.6,Kano
2005-10-18,34.7,18.5,27.0,0.0,11.0,24.84,39,958.1,35,10.7,Kano
2005-10-19,32.5,21.8,27.2,0.0,7.7,17.42,56,960.1,77,17.4,Kano
2005-10-20,34.5,20.8,27.6,0.0,11.5,22.48,54,959.4,40,15.7,Kano
2005-10-21,34.7,19.2,27.3,0.0,17.4,24.85,34,958.2,24,8.7,Kano
2005-10-22,33.7,18.0,26.1,0.0,13.3,24.65,36,958.7,81,8.6,Kano
2005-10-23,33.6,17.5,25.8,0.0,15.5,24.84,34,959.4,35,7.2,Kano
2005-10-24,33.7,19.1,26.2,0.0,14.7,24.24,30,959.3,45,6.2,Kano
2005-10-25,33.5,19.4,26.2,0.0,13.7,23.38,27,959.0,80,4.8,Kano
2005-10-26,33.3,18.3,25.9,0.0,9.8,24.27,28,958.8,21,5.0,Kano
2005-10-27,33.4,18.2,26.0,0.0,10.8,24.25,27,959.0,10,4.5,Kano
2005-10-28,33.7,17.5,25.9,0.0,10.3,23.75,29,959.6,74,5.5,Kano
2005-10-29,34.3,17.9,26.3,0.0,10.8,23.95,28,960.7,26,5.3,Kano
2005-10-30,34.6,19.6,27.1,0.0,13.2,23.88,28,960.8,5,6.6,Kano
2005-10-31,34.7,19.7,27.3,0.0,12.3,23.68,27,960.7,13,6.0,Kano
2005-11-01,34.4,23.0,28.7,0.0,12.3,20.95,25,961.4,97,6.5,Kano
2005-11-02,33.5,23.0,28.3,0.0,15.9,18.96,24,961.5,89,5.4,Kano
2005-11-03,34.6,21.8,28.0,0.0,15.2,21.94,23,960.8,63,4.5,Kano
2005-11-04,33.3,20.6,26.9,0.0,13.6,22.75,23,960.7,69,3.3,Kano
2005-11-05,32.6,19.1,25.8,0.0,15.3,23.3,22,960.9,20,2.2,Kano
2005-11-06,32.0,18.8,25.3,0.0,16.6,23.47,24,961.0,30,2.6,Kano
2005-11-07,32.7,17.3,25.0,0.0,12.8,23.65,25,960.6,6,2.6,Kano
2005-11-08,33.1,19.2,25.9,0.0,15.9,23.1,24,960.3,2,3.2,Kano
2005-11-09,32.6,19.8,25.9,0.0,16.8,23.22,20,960.7,0,0.7,Kano
2005-11-10,31.5,18.4,24.7,0.0,15.5,23.43,20,960.6,31,-0.2,Kano
2005-11-11,30.8,16.4,23.6,0.0,14.8,23.3,22,960.0,86,0.5,Kano
2005-11-12,31.7,16.3,24.0,0.0,10.7,22.96,27,959.2,46,3.4,Kano
2005-11-13,32.8,17.2,25.0,0.0,11.8,22.91,26,959.0,5,3.4,Kano
2005-11-14,33.0,17.6,25.2,0.0,13.1,23.09,24,959.7,0,2.5,Kano
2005-11-15,31.7,17.8,24.5,0.0,13.7,23.11,22,959.6,0,0.8,Kano
2005-11-16,31.4,16.1,23.9,0.0,11.5,23.04,22,958.7,8,0.1,Kano
2005-11-17,32.1,15.4,23.9,0.0,11.3,23.05,22,958.6,0,0.4,Kano
2005-11-18,32.7,16.3,24.5,0.0,10.8,22.85,21,958.9,0,0.1,Kano
2005-11-19,32.7,16.2,24.5,0.0,10.9,22.77,22,959.1,2,0.5,Kano
2005-11-20,33.0,16.1,24.6,0.0,11.6,22.85,21,959.0,1,-0.1,Kano
2005-11-21,32.4,16.3,24.3,0.0,12.8,23.01,18,958.6,3,-1.9,Kano
2005-11-22,32.5,16.0,24.2,0.0,12.8,22.63,20,958.3,5,-0.9,Kano
2005-11-23,32.9,17.1,24.8,0.0,11.6,22.23,22,958.5,4,1.2,Kano
2005-11-24,32.7,17.1,24.8,0.0,10.5,22.04,25,958.3,69,3.0,Kano
2005-11-25,33.2,15.6,24.6,0.0,10.7,22.28,28,956.8,25,4.0,Kano
2005-11-26,34.5,17.6,26.2,0.0,10.5,22.04,26,957.1,79,4.3,Kano
2005-11-27,35.4,16.9,27.3,0.0,12.4,21.95,23,956.8,56,2.7,Kano
2005-11-28,35.6,17.2,26.5,0.0,12.1,21.77,25,956.5,88,3.3,Kano
2005-11-29,34.7,16.6,25.7,0.0,10.7,22.0,25,957.5,51,2.8,Kano
2005-11-30,34.3,14.6,25.1,0.0,10.4,22.29,26,956.7,41,2.4,Kano
2005-12-01,34.9,15.8,25.7,0.0,11.2,21.87,25,956.3,13,3.2,Kano
2005-12-02,34.5,16.0,26.3,0.0,11.3,21.82,25,957.6,27,3.1,Kano
2005-12-03,33.9,17.5,25.8,0.0,12.3,21.8,22,958.4,2,1.7,Kano
2005-12-04,34.2,17.6,25.8,0.0,14.0,21.89,21,957.8,0,0.9,Kano
2005-12-05,32.5,16.4,24.6,0.0,12.9,21.9,20,956.2,30,-0.3,Kano
2005-12-06,31.9,15.6,23.8,0.0,10.6,21.44,23,956.1,82,0.7,Kano
2005-12-07,32.1,14.3,23.5,0.0,10.1,21.84,24,956.9,6,0.5,Kano
2005-12-08,32.6,15.6,24.2,0.0,11.3,21.47,22,958.6,7,0.5,Kano
2005-12-09,32.8,17.3,24.9,0.0,11.0,21.27,22,958.7,11,1.5,Kano
2005-12-10,32.9,16.5,25.0,0.0,9.8,21.25,24,957.5,0,2.5,Kano
2005-12-11,33.6,16.4,25.4,0.0,10.5,20.85,27,958.2,2,3.7,Kano
2005-12-12,34.5,17.0,26.3,0.0,10.6,20.82,27,958.4,3,4.9,Kano
2005-12-13,33.9,19.4,26.6,0.0,13.1,20.91,23,958.0,1,2.5,Kano
2005-12-14,32.8,17.5,25.3,0.0,11.6,21.09,21,957.5,0,0.6,Kano
2005-12-15,32.6,17.5,25.0,0.0,10.8,21.07,19,958.1,0,-0.9,Kano
2005-12-16,32.4,17.7,24.9,0.0,12.1,21.09,18,958.8,20,-1.4,Kano
2005-12-17,32.3,17.1,24.5,0.0,11.8,21.21,20,959.4,21,-0.2,Kano
2005-12-18,32.4,16.1,24.4,0.0,9.7,21.16,23,959.0,0,1.0,Kano
2005-12-19,31.3,16.1,23.7,0.0,11.0,21.18,24,958.8,0,1.3,Kano
2005-12-20,31.3,15.4,23.3,0.0,10.0,21.18,23,958.6,0,0.2,Kano
2005-12-21,30.6,15.8,23.2,0.0,10.8,21.02,24,958.9,0,0.8,Kano
2005-12-22,30.4,16.1,23.1,0.0,13.1,20.84,23,960.3,67,0.1,Kano
2005-12-23,29.6,15.8,22.6,0.0,12.0,20.98,22,960.8,14,-0.5,Kano
2005-12-24,29.0,14.8,21.9,0.0,10.7,20.97,22,960.6,61,-1.6,Kano
2005-12-25,28.2,14.7,21.4,0.0,11.9,20.85,23,961.4,54,-0.9,Kano
2005-12-26,27.4,13.9,20.6,0.0,14.3,21.18,25,961.8,18,-0.6,Kano
2005-12-27,27.4,13.8,20.5,0.0,14.9,21.23,25,961.1,33,-0.8,Kano
2005-12-28,28.7,13.8,21.2,0.0,13.7,21.09,25,959.6,7,-0.3,Kano
2005-12-29,30.4,14.5,22.4,0.0,10.0,21.02,23,958.7,49,-0.4,Kano
2005-12-30,32.8,14.1,23.8,0.0,10.2,21.27,25,958.2,20,1.4,Kano
2005-12-31,33.9,15.2,24.7,0.0,9.4,21.33,23,957.9,1,0.9,Kano
2006-01-01,32.4,16.3,24.3,0.0,12.2,21.54,19,958.3,0,-1.4,Kano
2006-01-02,31.2,15.7,23.5,0.0,11.2,21.3,18,958.7,8,-2.6,Kano
2006-01-03,31.1,15.2,23.2,0.0,9.8,21.05,21,957.1,63,-1.1,Kano
2006-01-04,31.3,14.9,23.3,0.0,9.3,21.07,25,955.7,85,0.8,Kano
2006-01-05,31.3,15.0,23.2,0.0,10.1,21.05,21,956.0,98,-0.9,Kano
2006-01-06,31.7,15.3,23.3,0.0,9.6,21.34,23,956.8,20,0.3,Kano
2006-01-07,32.1,15.5,23.8,0.0,9.7,21.31,22,957.5,20,-0.4,Kano
2006-01-08,34.0,15.5,24.9,0.0,9.8,21.22,24,956.5,1,2.1,Kano
2006-01-09,34.4,17.4,26.0,0.0,9.7,20.02,26,957.2,54,4.2,Kano
2006-01-10,34.7,17.5,26.2,0.0,9.7,20.84,26,957.8,62,3.7,Kano
2006-01-11,33.3,17.7,25.5,0.0,9.9,21.3,24,958.4,46,2.7,Kano
2006-01-12,31.7,16.7,24.3,0.0,10.2,21.4,20,959.7,12,-1.1,Kano
2006-01-13,29.4,16.1,22.6,0.0,13.9,21.62,16,961.4,27,-4.8,Kano
2006-01-14,28.9,15.2,21.9,0.0,14.6,21.59,17,961.8,43,-4.8,Kano
2006-01-15,29.8,15.0,22.3,0.0,14.4,21.43,20,960.3,30,-2.2,Kano
2006-01-16,31.1,16.0,23.3,0.0,11.2,21.5,21,959.4,0,-0.6,Kano
2006-01-17,32.1,16.5,24.1,0.0,13.3,21.56,21,958.1,10,-0.0,Kano
2006-01-18,33.3,17.3,25.1,0.0,11.9,21.78,21,957.8,27,-0.1,Kano
2006-01-19,33.9,16.7,25.3,0.0,12.4,22.0,19,956.9,30,-1.2,Kano
2006-01-20,33.6,17.5,25.5,0.0,13.1,21.95,16,957.8,0,-3.2,Kano
2006-01-21,34.8,17.6,26.0,0.0,10.6,21.79,14,958.3,0,-4.5,Kano
2006-01-22,34.3,18.1,26.1,0.0,10.5,21.96,14,958.0,5,-4.4,Kano
2006-01-23,34.3,17.5,26.0,0.0,11.3,22.13,13,957.2,10,-5.3,Kano
2006-01-24,34.3,16.4,25.5,0.0,10.4,22.15,18,957.4,0,-1.2,Kano
2006-01-25,33.2,17.0,25.3,0.0,11.2,22.22,18,958.1,0,-1.4,Kano
2006-01-26,32.4,17.0,24.8,0.0,10.8,20.76,18,959.2,80,-1.9,Kano
2006-01-27,33.3,17.7,25.5,0.0,10.4,19.92,16,960.0,68,-2.5,Kano
2006-01-28,33.2,19.6,26.3,0.0,11.9,21.65,22,960.0,67,2.6,Kano
2006-01-29,33.5,18.6,26.1,0.0,13.0,22.13,21,959.7,31,0.5,Kano
2006-01-30,34.7,18.8,26.7,0.0,10.8,22.23,14,958.5,23,-3.1,Kano
2006-01-31,35.8,19.1,27.5,0.0,11.0,22.4,18,956.6,10,0.5,Kano
2006-02-01,36.2,17.3,27.5,0.0,9.7,22.53,21,955.6,7,1.8,Kano
2006-02-02,34.3,18.4,26.5,0.0,11.5,22.73,16,956.3,0,-2.2,Kano
2006-02-03,32.1,17.5,24.7,0.0,12.5,22.7,16,957.8,51,-3.3,Kano
2006-02-04,32.7,15.9,24.4,0.0,10.8,22.95,17,958.0,20,-3.0,Kano
2006-02-05,33.7,15.6,24.9,0.0,9.8,22.84,16,957.8,21,-3.4,Kano
2006-02-06,34.5,16.6,25.7,0.0,9.8,23.14,15,957.1,0,-3.8,Kano
2006-02-07,35.3,17.8,26.7,0.0,9.9,22.98,17,956.8,0,-1.2,Kano
2006-02-08,32.7,18.8,25.7,0.0,16.2,23.3,15,958.0,0,-3.2,Kano
2006-02-09,30.9,16.8,23.8,0.0,13.0,23.5,16,959.2,19,-3.9,Kano
2006-02-10,31.3,16.3,23.7,0.0,13.9,23.43,15,960.4,41,-5.0,Kano
2006-02-11,32.0,16.5,24.3,0.0,12.3,23.53,12,961.0,80,-7.3,Kano
2006-02-12,32.7,16.3,24.6,0.0,11.6,22.86,11,959.6,67,-8.7,Kano
2006-02-13,34.0,15.7,25.0,0.0,10.0,23.89,12,957.3,74,-7.9,Kano
2006-02-14,35.2,16.9,26.0,0.0,10.7,24.13,11,956.3,64,-7.5,Kano
2006-02-15,35.7,16.6,26.5,0.0,11.6,23.98,15,956.2,56,-3.7,Kano
2006-02-16,36.1,17.1,26.8,0.0,11.9,23.95,16,955.7,43,-2.2,Kano
2006-02-17,35.5,18.4,27.2,0.0,10.6,23.78,18,956.5,45,-0.3,Kano
2006-02-18,36.8,17.0,27.8,0.0,10.1,24.03,22,957.4,22,2.5,Kano
2006-02-19,37.3,21.3,29.1,0.0,10.5,23.91,20,957.0,60,2.5,Kano
2006-02-20,37.5,20.5,29.2,0.0,9.1,24.12,20,956.0,28,2.4,Kano
2006-02-21,37.2,19.5,29.3,0.0,10.2,22.48,23,956.1,52,5.3,Kano
2006-02-22,37.2,20.7,29.6,0.0,15.9,21.2,28,956.8,76,8.3,Kano
2006-02-23,38.1,19.6,29.7,0.0,9.0,24.17,27,956.3,26,6.3,Kano
2006-02-24,37.8,23.0,30.1,0.0,13.2,24.19,15,956.2,39,-0.1,Kano
2006-02-25,37.6,18.9,28.8,0.0,11.3,24.71,17,956.0,1,-0.4,Kano
2006-02-26,37.1,20.3,29.2,0.0,11.9,24.81,14,956.7,25,-1.9,Kano
2006-02-27,38.0,18.7,28.9,0.0,9.0,24.85,16,956.0,57,-0.6,Kano
2006-02-28,38.6,20.0,29.7,0.0,10.9,24.53,18,956.6,61,1.6,Kano
2006-03-01,39.2,21.4,30.4,0.0,13.1,25.19,14,957.0,42,-0.9,Kano
2006-03-02,39.2,21.2,30.2,0.0,11.5,25.46,10,958.2,13,-5.8,Kano
2006-03-03,38.3,19.3,29.1,0.0,12.0,26.0,9,958.1,30,-8.5,Kano
2006-03-04,38.3,19.5,29.1,0.0,12.0,25.86,13,957.5,39,-3.5,Kano
2006-03-05,37.2,18.5,28.5,0.0,10.5,23.67,15,957.2,99,-2.1,Kano
2006-03-06,37.9,17.9,28.8,0.0,10.5,26.06,13,956.7,80,-5.4,Kano
2006-03-07,38.6,17.1,28.8,0.0,13.4,25.92,16,955.5,29,-1.1,Kano
2006-03-08,33.1,20.5,26.6,0.0,16.6,26.28,11,957.9,51,-6.8,Kano
2006-03-09,30.8,15.4,23.4,0.0,16.4,26.23,10,959.9,55,-10.5,Kano
2006-03-10,31.3,16.5,23.9,0.0,16.3,26.24,10,960.3,45,-10.1,Kano
2006-03-11,32.6,16.4,24.6,0.0,12.3,26.15,12,959.6,33,-6.8,Kano
2006-03-12,34.2,19.0,26.1,0.0,8.9,23.01,12,958.1,76,-6.2,Kano
2006-03-13,35.4,16.7,27.1,0.0,10.7,25.93,11,956.5,79,-6.5,Kano
2006-03-14,36.3,18.4,27.9,0.0,11.4,24.36,11,956.9,30,-6.4,Kano
2006-03-15,37.7,18.6,28.9,0.0,11.1,25.99,11,957.2,53,-6.0,Kano
2006-03-16,37.4,19.5,28.7,0.0,10.6,26.55,11,956.9,42,-6.0,Kano
2006-03-17,37.5,18.4,28.3,0.0,12.0,26.73,11,956.0,11,-6.4,Kano
2006-03-18,37.5,19.1,28.4,0.0,11.5,26.34,11,955.9,45,-5.8,Kano
2006-03-19,37.5,18.5,28.8,0.0,10.2,26.78,11,956.2,20,-5.5,Kano
2006-03-20,38.1,18.7,28.7,0.0,10.5,26.81,13,956.6,5,-3.6,Kano
2006-03-21,38.8,21.4,30.3,0.0,13.7,26.15,12,956.9,52,-3.3,Kano
2006-03-22,38.4,19.9,30.0,0.0,10.3,25.86,11,957.4,77,-4.2,Kano
2006-03-23,38.2,19.5,29.3,0.0,12.2,27.03,9,956.7,62,-8.0,Kano
2006-03-24,37.9,19.0,29.0,0.0,11.5,27.34,8,956.1,0,-9.2,Kano
2006-03-25,37.6,20.2,29.4,0.0,18.8,27.48,8,957.0,0,-9.8,Kano
2006-03-26,37.2,19.4,28.8,0.0,15.9,27.55,8,958.6,3,-9.3,Kano
2006-03-27,36.5,18.7,27.9,0.0,16.3,27.64,9,958.9,39,-9.1,Kano
2006-03-28,35.4,18.4,27.4,0.0,13.5,27.9,10,958.8,16,-7.5,Kano
2006-03-29,35.7,17.2,27.1,0.0,13.0,27.53,13,959.5,28,-4.5,Kano
2006-03-30,36.0,19.1,27.9,0.0,13.4,27.36,12,959.7,29,-4.6,Kano
2006-03-31,36.9,20.6,28.8,0.0,15.8,27.27,12,959.0,23,-3.9,Kano
2006-04-01,36.8,21.4,29.2,0.0,15.6,23.4,10,958.3,82,-6.4,Kano
2006-04-02,37.2,20.9,29.2,0.0,15.9,27.34,11,958.2,54,-4.6,Kano
2006-04-03,37.2,19.7,29.0,0.0,12.8,27.3,10,957.8,54,-5.8,Kano
2006-04-04,36.8,19.1,28.5,0.0,11.0,27.82,9,957.2,21,-7.8,Kano
2006-04-05,36.6,19.1,28.3,0.0,12.9,28.07,8,957.4,37,-9.7,Kano
2006-04-06,37.7,19.3,28.7,0.0,14.8,28.37,8,957.6,35,-9.0,Kano
2006-04-07,38.2,20.5,29.6,0.0,16.1,28.15,9,957.6,25,-6.9,Kano
2006-04-08,38.1,20.7,29.5,0.0,16.0,28.47,7,957.1,1,-11.0,Kano
2006-04-09,36.7,18.4,28.1,0.0,18.5,29.3,7,955.5,17,-14.4,Kano
2006-04-10,36.8,16.4,27.2,0.0,11.9,29.79,5,955.0,0,-17.7,Kano
2006-04-11,38.5,19.8,29.3,0.0,17.4,28.8,5,956.2,3,-13.9,Kano
2006-04-12,38.7,19.9,29.9,0.0,20.1,28.65,8,955.8,1,-8.3,Kano
2006-04-13,37.7,20.7,29.9,0.0,11.0,28.55,10,955.3,14,-5.8,Kano
2006-04-14,37.7,17.2,28.4,0.0,10.5,28.96,11,955.1,2,-7.6,Kano
2006-04-15,38.1,18.5,29.1,0.0,12.2,28.98,8,957.1,1,-9.7,Kano
2006-04-16,38.3,19.0,29.3,0.0,12.9,28.34,8,957.7,68,-9.8,Kano
2006-04-17,37.7,20.4,29.5,0.0,12.1,27.49,11,956.3,97,-4.4,Kano
2006-04-18,38.0,19.6,29.3,0.0,10.2,28.26,11,955.9,56,-5.0,Kano
2006-04-19,39.1,19.7,30.2,0.0,10.7,28.27,12,956.7,60,-4.4,Kano
2006-04-20,39.5,19.5,30.5,0.0,11.2,28.31,12,957.0,17,-3.9,Kano
2006-04-21,39.2,19.4,30.7,0.0,12.6,28.0,14,956.7,13,-0.4,Kano
2006-04-22,39.4,21.0,31.2,0.0,11.8,27.51,19,956.6,17,2.9,Kano
2006-04-23,40.1,23.2,32.3,0.0,13.7,27.01,22,955.9,8,6.0,Kano
2006-04-24,40.2,22.9,32.6,0.0,13.7,26.14,22,955.0,25,6.6,Kano
2006-04-25,38.5,24.1,31.5,0.0,17.0,24.27,41,955.4,68,14.5,Kano
2006-04-26,37.4,25.9,31.3,1.1,19.3,22.9,48,955.0,90,17.9,Kano
2006-04-27,38.7,26.5,32.1,0.6,17.1,21.06,44,955.2,93,16.9,Kano
2006-04-28,39.2,26.3,33.0,0.0,11.2,25.15,28,955.1,79,10.2,Kano
2006-04-29,40.0,24.6,32.8,0.0,12.7,26.46,40,954.9,74,14.8,Kano
2006-04-30,40.0,26.2,33.5,0.0,13.6,24.65,35,955.1,36,14.0,Kano
2006-05-01,40.3,26.1,33.5,0.0,16.6,26.13,36,956.0,75,14.0,Kano
2006-05-02,39.7,26.8,33.5,0.0,14.3,22.9,34,956.8,38,13.8,Kano
2006-05-03,40.4,25.1,33.1,0.0,11.1,24.21,32,956.2,17,11.5,Kano
2006-05-04,40.3,25.1,33.3,0.0,16.3,25.11,31,955.2,8,11.6,Kano
2006-05-05,41.2,27.1,34.0,0.0,18.6,26.74,32,954.9,62,12.7,Kano
2006-05-06,40.2,26.8,33.9,0.0,17.6,23.62,33,954.5,63,13.7,Kano
2006-05-07,39.3,27.2,31.7,1.0,16.4,23.32,52,955.9,82,19.7,Kano
2006-05-08,39.6,25.9,31.7,0.6,14.8,23.92,50,955.2,55,18.8,Kano
2006-05-09,39.1,26.2,31.0,1.0,17.1,23.57,55,955.2,68,20.2,Kano
2006-05-10,37.5,25.0,29.5,10.6,18.1,23.79,61,955.6,83,20.5,Kano
2006-05-11,35.8,23.8,29.5,0.0,13.8,22.87,60,957.1,93,20.0,Kano
2006-05-12,38.0,24.5,31.0,0.0,14.8,25.79,49,958.3,19,17.7,Kano
2006-05-13,38.8,24.7,31.3,0.0,13.7,25.35,42,958.3,56,15.0,Kano
2006-05-14,38.5,23.8,30.9,0.0,12.8,26.06,43,958.4,59,15.1,Kano
2006-05-15,38.2,24.6,31.3,0.0,14.8,25.92,43,957.7,40,15.7,Kano
2006-05-16,34.9,25.1,29.8,0.0,14.8,14.37,51,958.2,95,17.6,Kano
2006-05-17,38.0,24.2,30.6,0.0,20.2,24.32,51,959.4,60,17.9,Kano
2006-05-18,36.8,25.2,30.6,0.0,16.3,21.23,48,959.8,85,17.1,Kano
2006-05-19,38.6,25.3,31.8,0.0,10.2,23.12,45,958.2,58,16.9,Kano
2006-05-20,35.5,25.9,29.3,7.2,18.2,19.04,58,957.4,99,19.5,Kano
2006-05-21,35.6,24.2,29.1,0.4,15.5,23.42,58,959.1,74,19.2,Kano
2006-05-22,35.6,24.4,30.0,0.0,11.9,23.89,56,960.0,84,19.5,Kano
2006-05-23,37.8,25.1,30.7,1.7,15.2,24.74,55,958.9,49,19.8,Kano
2006-05-24,37.0,24.5,30.1,0.4,18.7,25.75,57,958.4,28,19.9,Kano
2006-05-25,34.3,24.8,28.4,3.1,18.1,23.39,65,958.8,97,20.9,Kano
2006-05-26,35.5,23.5,29.2,0.2,11.2,24.65,60,959.0,61,19.8,Kano
2006-05-27,36.6,24.6,29.6,2.0,19.8,24.26,59,959.6,79,19.7,Kano
2006-05-28,37.7,23.8,29.5,0.9,13.6,23.41,61,959.2,83,20.1,Kano
2006-05-29,35.2,23.2,28.8,5.8,17.1,24.49,65,959.9,54,20.8,Kano
2006-05-30,34.0,24.0,28.7,4.2,16.0,22.19,65,959.5,82,20.9,Kano
2006-05-31,35.7,25.1,29.7,0.0,12.3,21.32,60,958.6,45,20.5,Kano
2006-06-01,36.4,25.1,30.5,0.0,15.1,22.91,56,959.0,31,20.0,Kano
2006-06-02,38.5,25.3,31.3,0.1,14.2,24.89,53,957.7,30,19.3,Kano
2006-06-03,37.0,25.3,29.7,1.2,17.1,24.7,62,956.7,94,20.9,Kano
2006-06-04,36.7,25.2,30.2,0.7,15.8,24.72,59,957.0,84,20.4,Kano
2006-06-05,36.2,25.0,29.2,1.7,19.7,23.74,62,957.5,52,20.7,Kano
2006-06-06,36.1,24.9,30.1,0.4,17.1,25.26,55,958.3,25,19.2,Kano
2006-06-07,37.8,24.9,31.2,0.0,13.4,25.21,50,957.4,40,18.0,Kano
2006-06-08,37.3,25.1,30.2,1.8,14.2,23.5,55,957.3,39,19.5,Kano
2006-06-09,37.6,25.9,30.9,0.0,19.4,25.57,52,956.4,33,18.9,Kano
2006-06-10,34.9,24.7,28.8,0.8,18.0,23.59,60,957.3,80,19.9,Kano
2006-06-11,33.3,23.8,27.8,6.4,14.4,21.53,68,959.0,80,20.8,Kano
2006-06-12,35.4,23.7,29.0,0.0,16.3,24.96,64,959.1,34,20.7,Kano
2006-06-13,37.2,23.7,30.2,0.0,14.0,25.72,55,958.2,11,19.0,Kano
2006-06-14,37.2,24.8,30.6,0.0,23.4,25.14,54,957.2,20,19.2,Kano
2006-06-15,35.8,25.2,28.7,6.3,14.0,21.54,65,958.5,82,20.9,Kano
2006-06-16,37.7,24.2,30.2,0.0,15.0,25.58,54,958.0,62,18.6,Kano
2006-06-17,36.3,24.2,29.5,0.0,22.1,25.34,56,958.3,37,18.9,Kano
2006-06-18,34.3,24.4,28.7,0.3,19.4,24.88,61,959.8,32,19.8,Kano
2006-06-19,33.3,23.1,27.9,0.6,12.2,21.8,65,960.5,81,20.3,Kano
2006-06-20,35.6,24.1,29.0,1.2,10.6,24.59,60,959.9,36,19.7,Kano
2006-06-21,36.7,24.3,30.0,0.0,16.5,24.21,52,958.8,45,17.9,Kano
2006-06-22,36.1,23.6,29.0,0.5,15.3,24.22,62,959.2,46,20.2,Kano
2006-06-23,34.1,23.5,27.8,3.1,12.6,21.48,68,960.7,95,20.7,Kano
2006-06-24,37.5,23.6,30.0,0.0,14.3,25.07,57,959.3,53,18.8,Kano
2006-06-25,38.1,24.5,30.8,0.0,14.8,24.79,49,958.1,9,17.5,Kano
2006-06-26,36.4,25.5,30.6,0.0,18.0,24.45,54,959.0,13,19.4,Kano
2006-06-27,36.2,25.7,30.3,0.0,17.9,23.29,56,960.9,44,19.8,Kano
2006-06-28,37.9,25.5,31.2,0.0,15.1,24.22,49,960.0,55,17.8,Kano
2006-06-29,36.6,26.5,30.1,1.6,16.6,24.02,55,959.4,39,19.7,Kano
2006-06-30,35.0,24.0,28.3,10.0,14.4,22.58,67,960.3,55,21.0,Kano
2006-07-01,33.1,22.9,27.9,3.1,10.7,23.81,70,961.4,70,21.5,Kano
2006-07-02,35.1,24.5,29.2,2.6,13.1,24.79,64,960.6,52,20.9,Kano
2006-07-03,34.8,25.2,28.9,5.4,16.3,23.85,68,959.6,34,22.1,Kano
2006-07-04,33.8,24.5,28.7,1.3,18.2,23.09,67,959.6,55,21.7,Kano
2006-07-05,34.6,25.0,29.2,0.5,17.1,24.32,65,959.7,73,21.6,Kano
2006-07-06,34.4,24.6,28.7,0.2,22.8,22.23,64,960.8,58,20.8,Kano
2006-07-07,30.9,23.8,27.6,0.0,21.0,14.55,66,960.5,55,20.5,Kano
2006-07-08,34.1,23.9,27.6,6.7,16.9,22.33,71,959.5,35,21.6,Kano
2006-07-09,29.3,24.2,26.3,12.5,16.8,17.77,75,960.7,80,21.5,Kano
2006-07-10,33.1,22.7,27.4,0.5,13.0,24.19,68,960.6,33,20.5,Kano
2006-07-11,33.8,23.3,28.2,0.3,14.9,24.31,65,959.6,20,20.6,Kano
2006-07-12,33.6,24.7,27.9,4.9,18.4,23.38,69,958.9,48,21.4,Kano
2006-07-13,34.0,24.5,28.1,1.6,13.8,23.13,66,958.6,63,20.6,Kano
2006-07-14,35.5,24.4,29.0,8.2,12.7,24.55,65,958.6,50,20.9,Kano
2006-07-15,33.5,23.9,27.8,0.8,15.6,24.38,71,960.0,82,21.5,Kano
2006-07-16,33.7,24.2,28.4,2.4,17.4,24.04,69,958.7,46,21.7,Kano
2006-07-17,33.5,23.7,27.5,1.9,17.8,23.06,71,958.4,95,21.5,Kano
2006-07-18,31.7,22.6,26.5,20.9,14.8,19.48,75,959.4,90,21.2,Kano
2006-07-19,30.7,22.4,25.8,7.8,16.0,19.68,78,960.0,81,21.3,Kano
2006-07-20,29.9,22.3,25.2,8.1,12.6,18.39,83,961.1,90,21.9,Kano
2006-07-21,30.7,22.8,25.7,5.1,16.9,20.92,79,960.5,69,21.7,Kano
2006-07-22,32.0,22.9,26.6,4.0,9.2,22.67,72,958.6,71,20.9,Kano
2006-07-23,29.8,22.1,26.0,5.9,16.4,20.76,75,959.2,83,21.0,Kano
2006-07-24,29.8,22.0,25.4,13.1,10.8,19.39,81,958.9,86,21.8,Kano
2006-07-25,28.3,21.6,24.3,22.8,11.9,17.95,86,959.7,80,21.7,Kano
2006-07-26,29.5,21.4,25.4,1.0,10.9,21.77,79,961.4,61,21.3,Kano
2006-07-27,32.7,22.1,27.3,0.7,9.8,24.84,71,961.1,31,21.1,Kano
2006-07-28,33.8,23.3,27.7,7.7,11.5,24.62,71,958.3,61,21.6,Kano
2006-07-29,31.6,23.8,27.1,2.6,15.5,23.17,74,957.3,91,22.0,Kano
2006-07-30,32.5,23.6,26.8,9.3,15.0,24.68,75,958.8,55,21.8,Kano
2006-07-31,31.1,23.1,26.2,13.5,17.7,22.49,80,959.4,82,22.3,Kano
2006-08-01,32.4,23.6,27.5,0.8,12.8,24.37,69,958.9,85,21.1,Kano
2006-08-02,30.8,23.6,27.1,0.2,15.6,21.85,72,958.9,85,21.5,Kano
2006-08-03,30.0,22.9,26.0,0.7,18.1,20.08,73,959.2,93,20.6,Kano
2006-08-04,28.9,21.9,25.5,0.0,18.8,16.91,71,959.8,69,19.7,Kano
2006-08-05,30.3,22.0,25.8,0.5,17.5,18.53,74,960.2,62,20.5,Kano
2006-08-06,30.0,22.5,25.5,7.3,16.4,20.33,78,960.5,62,21.3,Kano
2006-08-07,29.4,21.1,24.8,10.0,13.3,21.14,82,960.8,75,21.3,Kano
2006-08-08,29.5,22.5,25.2,12.9,13.9,20.89,82,960.4,88,21.7,Kano
2006-08-09,30.0,21.9,25.8,1.3,14.7,22.7,78,959.5,80,21.3,Kano
2006-08-10,30.0,22.7,25.5,10.4,12.2,17.02,81,959.3,65,21.9,Kano
2006-08-11,27.0,22.6,24.3,6.7,10.1,11.02,87,959.7,98,21.9,Kano
2006-08-12,30.4,21.9,25.7,0.0,8.9,21.52,74,959.6,65,20.3,Kano
2006-08-13,32.0,22.0,26.6,0.1,13.2,24.66,71,959.0,52,20.7,Kano
2006-08-14,31.6,22.9,26.1,5.1,13.9,21.04,80,958.8,94,22.1,Kano
2006-08-15,29.4,23.0,25.4,16.0,16.7,18.31,81,959.5,86,21.9,Kano
2006-08-16,30.6,22.2,26.2,0.0,12.9,21.16,76,959.0,68,21.3,Kano
2006-08-17,31.9,22.7,26.0,7.5,15.3,22.92,78,957.8,36,21.6,Kano
2006-08-18,31.2,22.8,26.2,0.9,19.9,22.89,77,957.7,60,21.6,Kano
2006-08-19,32.0,22.4,26.6,0.8,15.5,25.25,74,957.7,23,21.4,Kano
2006-08-20,32.8,23.3,26.9,2.3,12.5,24.89,74,958.7,37,21.5,Kano
2006-08-21,27.7,23.3,25.1,9.4,14.1,11.98,84,958.7,98,22.2,Kano
2006-08-22,28.6,21.8,24.5,18.4,12.9,14.44,84,959.3,100,21.5,Kano
2006-08-23,27.8,21.8,24.1,9.1,12.3,15.81,84,960.2,99,21.1,Kano
2006-08-24,28.7,21.4,24.9,1.3,14.8,19.35,75,960.7,83,20.1,Kano
2006-08-25,29.9,22.9,26.1,0.0,14.9,18.58,72,960.1,85,20.4,Kano
2006-08-26,31.8,22.5,26.5,6.8,16.0,23.94,75,958.4,55,21.6,Kano
2006-08-27,30.6,21.9,25.2,16.8,17.1,23.16,82,958.7,65,21.8,Kano
2006-08-28,26.4,21.7,23.5,21.4,11.2,11.19,90,959.5,90,21.7,Kano
2006-08-29,30.9,21.4,25.6,1.4,12.8,20.78,77,958.8,78,21.0,Kano
2006-08-30,25.3,22.3,23.7,18.3,12.0,11.81,89,958.7,99,21.6,Kano
2006-08-31,29.9,21.0,25.0,3.1,9.5,21.06,81,960.3,62,21.1,Kano
2006-09-01,31.6,21.3,26.3,1.4,10.2,25.26,76,959.4,26,21.3,Kano
2006-09-02,32.2,21.4,26.8,10.5,21.5,24.67,76,956.9,45,22.1,Kano
2006-09-03,31.5,21.9,25.7,3.6,15.8,23.25,79,957.2,80,21.5,Kano
2006-09-04,30.7,22.4,25.9,5.8,9.4,23.78,81,959.8,72,22.1,Kano
2006-09-05,30.4,21.5,25.4,2.6,13.9,18.47,79,960.4,88,21.4,Kano
2006-09-06,30.9,22.6,25.8,8.0,10.4,23.67,80,958.4,57,22.0,Kano
2006-09-07,29.5,22.3,25.3,5.5,15.9,19.96,82,957.6,95,21.9,Kano
2006-09-08,28.1,21.4,24.2,2.7,14.9,16.27,81,959.3,94,20.5,Kano
2006-09-09,27.0,21.2,23.3,15.7,10.4,12.99,85,961.1,94,20.5,Kano
2006-09-10,28.2,21.5,24.1,2.7,9.2,18.81,83,961.6,76,20.9,Kano
2006-09-11,30.0,21.4,25.4,0.6,9.3,23.59,78,960.9,73,21.1,Kano
2006-09-12,30.7,22.2,25.7,7.0,12.8,23.56,80,959.9,61,21.8,Kano
2006-09-13,31.1,20.3,25.7,0.0,7.4,24.31,78,961.0,46,21.2,Kano
2006-09-14,32.1,23.5,27.4,0.0,10.8,24.2,73,960.7,69,21.9,Kano
2006-09-15,31.6,23.4,26.6,8.7,11.5,21.54,79,959.6,82,22.5,Kano
2006-09-16,31.1,22.3,26.4,0.0,9.7,23.26,78,960.0,40,22.0,Kano
2006-09-17,32.3,23.0,27.1,0.2,11.6,24.66,76,960.6,22,22.1,Kano
2006-09-18,34.3,23.9,28.4,0.0,14.2,25.34,71,958.8,78,22.0,Kano
2006-09-19,31.5,23.7,27.1,1.4,13.2,23.26,77,958.6,50,22.6,Kano
2006-09-20,31.1,22.8,26.3,8.4,12.3,23.35,79,960.1,59,22.1,Kano
2006-09-21,30.7,22.5,26.4,0.6,11.6,20.68,79,959.8,86,22.1,Kano
2006-09-22,30.4,22.5,26.4,1.1,10.9,21.36,78,959.4,81,22.1,Kano
2006-09-23,31.4,22.8,26.5,4.3,11.4,23.51,79,958.9,92,22.3,Kano
2006-09-24,29.6,22.7,25.6,5.2,9.0,17.76,83,959.9,94,22.4,Kano
2006-09-25,33.0,22.1,27.3,0.0,7.6,23.48,76,960.6,72,22.1,Kano
2006-09-26,33.5,23.5,28.2,0.0,17.9,24.66,73,958.5,22,22.5,Kano
2006-09-27,32.7,23.1,27.0,2.8,17.6,23.35,76,957.4,50,22.1,Kano
2006-09-28,32.4,23.2,26.8,2.8,14.5,23.59,77,958.2,76,22.1,Kano
2006-09-29,29.5,22.4,25.3,9.1,16.0,17.27,81,959.6,90,21.6,Kano
2006-09-30,27.1,21.1,23.6,20.6,10.8,12.31,87,961.3,100,21.2,Kano
2006-10-01,29.8,21.7,25.4,0.5,7.1,19.47,79,961.0,92,21.2,Kano
2006-10-02,32.2,21.2,26.6,0.0,6.8,24.02,74,959.5,21,21.1,Kano
2006-10-03,33.7,23.1,28.0,0.0,9.0,24.21,67,958.6,11,20.7,Kano
2006-10-04,32.9,23.0,27.2,1.7,10.5,23.19,73,959.4,56,21.7,Kano
2006-10-05,31.0,22.3,26.6,1.0,7.8,20.17,78,960.1,75,22.2,Kano
2006-10-06,31.2,23.5,26.6,6.6,11.4,20.59,77,959.9,97,22.0,Kano
2006-10-07,32.6,22.2,27.0,0.0,10.6,22.14,73,959.8,95,21.5,Kano
2006-10-08,34.0,23.3,28.2,0.0,13.0,22.55,70,959.5,85,21.6,Kano
2006-10-09,34.1,23.6,28.3,0.0,12.2,23.39,70,959.2,59,21.8,Kano
2006-10-10,33.3,23.6,28.2,0.0,9.2,23.18,70,958.3,76,21.6,Kano
2006-10-11,34.0,24.1,28.6,0.0,8.5,23.27,68,957.6,85,21.7,Kano
2006-10-12,33.8,23.5,28.1,0.5,11.0,22.83,68,958.2,86,21.1,Kano
2006-10-13,35.1,23.4,28.8,0.0,14.3,23.37,59,958.8,79,18.4,Kano
2006-10-14,35.0,20.3,28.1,0.0,14.5,24.99,45,958.2,51,13.0,Kano
2006-10-15,33.4,20.8,26.8,0.0,10.9,22.94,59,958.2,94,17.8,Kano
2006-10-16,34.2,22.9,28.1,0.2,9.2,22.69,65,957.7,68,20.3,Kano
2006-10-17,35.6,22.7,28.9,0.0,9.5,23.21,57,957.1,35,18.7,Kano
2006-10-18,36.1,22.2,29.1,0.0,11.6,22.51,54,956.6,92,17.8,Kano
2006-10-19,35.2,23.2,28.8,0.0,14.3,21.83,53,958.0,98,17.3,Kano
2006-10-20,35.5,20.2,27.5,0.0,9.8,24.11,52,958.4,63,14.6,Kano
2006-10-21,35.6,21.1,28.0,0.0,10.1,24.38,39,958.2,55,12.2,Kano
2006-10-22,35.7,21.7,28.4,0.0,10.0,22.39,49,959.2,42,15.4,Kano
2006-10-23,36.1,20.9,28.4,0.0,13.0,24.25,42,959.1,11,12.1,Kano
2006-10-24,35.5,18.8,27.5,0.0,10.0,24.2,41,959.1,25,11.6,Kano
2006-10-25,35.1,19.0,26.8,0.0,9.9,24.36,42,958.4,14,10.9,Kano
2006-10-26,34.6,19.2,27.2,0.0,8.0,23.59,41,958.8,13,11.5,Kano
2006-10-27,34.6,18.5,27.0,0.0,11.9,23.61,35,958.8,29,8.7,Kano
2006-10-28,34.6,18.8,27.0,0.0,13.9,23.54,38,959.0,46,11.2,Kano
2006-10-29,34.4,21.2,27.7,0.0,16.6,23.59,28,957.9,60,6.7,Kano
2006-10-30,33.4,18.6,26.0,0.0,11.3,23.3,29,956.4,77,5.6,Kano
2006-10-31,33.3,18.0,25.8,0.0,13.2,24.0,28,956.8,22,5.1,Kano
2006-11-01,34.2,20.5,27.1,0.0,12.0,23.38,29,958.4,12,6.7,Kano
2006-11-02,34.8,19.9,27.3,0.0,12.3,23.23,28,958.9,74,6.2,Kano
2006-11-03,34.5,20.1,27.3,0.0,13.5,23.23,25,958.1,79,4.6,Kano
2006-11-04,34.4,20.3,27.3,0.0,12.0,22.13,24,958.4,24,4.2,Kano
2006-11-05,34.9,20.0,27.4,0.0,12.1,23.4,23,958.2,4,4.0,Kano
2006-11-06,34.5,19.5,27.0,0.0,14.4,23.49,23,958.0,10,3.5,Kano
2006-11-07,33.1,19.8,26.3,0.0,18.2,23.5,23,959.0,48,2.8,Kano
2006-11-08,32.1,19.9,25.7,0.0,16.9,22.27,25,960.8,98,3.7,Kano
2006-11-09,32.1,19.9,25.8,0.0,16.6,22.49,24,961.2,85,3.3,Kano
2006-11-10,32.7,19.8,26.2,0.0,16.1,22.44,23,960.8,96,3.2,Kano
2006-11-11,32.6,22.5,26.7,0.0,16.9,18.46,21,961.4,63,2.6,Kano
2006-11-12,31.5,19.8,25.5,0.0,15.3,19.26,25,960.8,84,3.6,Kano
2006-11-13,32.4,19.0,25.5,0.0,12.9,22.42,25,960.0,36,3.4,Kano
2006-11-14,32.0,19.1,25.2,0.0,16.3,22.51,24,960.5,38,2.7,Kano
2006-11-15,32.1,18.9,25.3,0.0,18.5,22.66,23,960.6,16,2.1,Kano
2006-11-16,32.3,18.8,25.4,0.0,17.8,22.67,21,960.8,7,1.3,Kano
2006-11-17,30.9,18.3,24.4,0.0,16.1,22.78,20,960.8,47,-1.0,Kano
2006-11-18,29.8,16.6,23.0,0.0,16.4,22.85,22,960.6,12,-0.5,Kano
2006-11-19,29.1,15.9,22.2,0.0,16.8,22.64,23,961.1,74,-0.3,Kano
2006-11-20,29.0,15.2,21.9,0.0,14.8,22.92,25,961.6,46,0.5,Kano
2006-11-21,29.4,14.2,21.8,0.0,11.6,22.69,27,961.4,68,1.6,Kano
2006-11-22,29.3,12.7,21.5,0.0,10.0,22.95,25,960.2,16,0.0,Kano
2006-11-23,29.8,12.4,21.6,0.0,10.7,22.64,25,959.9,54,0.0,Kano
2006-11-24,29.5,13.8,21.8,0.0,11.2,22.66,24,961.1,7,-0.3,Kano
2006-11-25,29.0,11.8,20.9,0.0,11.1,22.92,22,960.9,9,-2.4,Kano
2006-11-26,29.0,11.6,20.7,0.0,11.8,22.77,25,960.5,8,-1.2,Kano
2006-11-27,28.8,12.2,20.9,0.0,12.9,22.64,24,959.9,2,-1.6,Kano
2006-11-28,29.0,12.2,20.9,0.0,10.1,22.47,24,959.8,1,-1.1,Kano
2006-11-29,29.0,13.0,21.2,0.0,11.5,22.25,24,960.0,0,-0.7,Kano
2006-11-30,29.6,14.0,21.9,0.0,11.5,22.11,24,960.1,0,0.1,Kano
2006-12-01,30.3,14.2,22.2,0.0,10.7,21.47,26,960.1,27,1.3,Kano
2006-12-02,30.0,15.2,22.5,0.0,11.8,21.47,27,960.7,11,1.9,Kano
2006-12-03,27.8,16.3,21.7,0.0,15.5,18.79,24,962.3,93,0.1,Kano
2006-12-04,28.4,15.3,21.8,0.0,15.9,21.58,23,962.5,30,-1.0,Kano
2006-12-05,28.2,14.6,21.3,0.0,16.6,21.61,23,962.3,9,-1.3,Kano
2006-12-06,28.5,14.6,21.5,0.0,14.6,21.51,23,962.2,3,-1.2,Kano
2006-12-07,28.7,14.0,21.5,0.0,10.8,21.32,24,960.6,0,-0.3,Kano
2006-12-08,29.4,13.7,21.6,0.0,10.0,21.2,25,959.8,15,-0.0,Kano
2006-12-09,28.5,15.0,21.5,0.0,14.7,21.25,22,960.5,0,-1.5,Kano
2006-12-10,29.1,15.4,22.0,0.0,14.8,21.08,20,961.5,11,-2.2,Kano
2006-12-11,30.0,16.0,22.7,0.0,16.9,21.1,23,962.5,9,0.3,Kano
2006-12-12,29.8,15.9,22.5,0.0,14.1,21.36,21,961.6,0,-1.2,Kano
2006-12-13,28.6,12.8,20.6,0.0,11.0,22.05,22,961.1,50,-2.3,Kano
2006-12-14,27.8,10.5,19.5,0.0,11.0,22.34,23,960.4,1,-3.3,Kano
2006-12-15,28.3,10.7,19.8,0.0,11.7,21.57,24,961.4,42,-2.2,Kano
2006-12-16,29.3,13.4,21.2,0.0,13.0,21.42,22,961.9,0,-2.0,Kano
2006-12-17,28.3,12.9,20.7,0.0,12.6,21.67,27,961.6,23,0.4,Kano
2006-12-18,28.2,11.1,20.0,0.0,10.8,21.76,30,961.1,0,0.9,Kano
2006-12-19,28.9,10.8,20.2,0.0,10.5,21.66,28,961.3,0,-0.3,Kano
2006-12-20,29.5,11.9,20.9,0.0,10.8,21.92,23,962.1,1,-2.3,Kano
2006-12-21,29.6,12.4,21.1,0.0,12.6,21.88,19,962.3,8,-4.2,Kano
2006-12-22,28.9,12.3,20.7,0.0,15.1,22.2,15,961.8,25,-8.0,Kano
2006-12-23,28.7,11.6,20.4,0.0,12.1,21.93,18,961.2,82,-5.9,Kano
2006-12-24,28.7,11.6,20.1,0.0,12.1,21.87,18,960.8,53,-6.0,Kano
2006-12-25,28.6,11.1,19.9,0.0,10.2,21.9,19,960.5,0,-5.3,Kano
2006-12-26,28.0,10.9,19.7,0.0,10.0,22.03,22,961.3,0,-3.7,Kano
2006-12-27,26.5,11.5,19.0,0.0,15.1,21.94,23,962.9,15,-3.5,Kano
2006-12-28,26.6,11.4,19.0,0.0,14.0,21.73,24,964.3,0,-2.7,Kano
2006-12-29,25.4,11.9,18.5,0.0,16.8,21.74,26,965.3,1,-2.1,Kano
2006-12-30,24.4,11.6,17.7,0.0,18.3,21.88,24,965.7,0,-4.2,Kano
2006-12-31,24.5,10.4,17.2,0.0,17.3,21.9,20,965.6,0,-6.0,Kano
2007-01-01,24.0,11.4,17.5,0.0,18.6,21.62,21,965.9,0,-5.7,Kano
2007-01-02,24.7,11.8,18.0,0.0,16.8,21.41,26,965.5,0,-2.4,Kano
2007-01-03,25.6,11.0,18.3,0.0,13.6,21.35,25,963.8,28,-2.6,Kano
2007-01-04,26.3,11.9,19.1,0.0,14.5,21.14,22,963.4,63,-3.7,Kano
2007-01-05,27.0,13.0,19.9,0.0,17.6,21.45,18,963.4,6,-5.6,Kano
2007-01-06,27.3,14.1,20.3,0.0,17.3,21.46,18,963.9,25,-5.4,Kano
2007-01-07,27.1,13.9,20.0,0.0,16.9,21.63,15,963.6,0,-7.5,Kano
2007-01-08,27.1,13.2,19.8,0.0,16.9,21.93,16,962.7,25,-7.4,Kano
2007-01-09,27.7,13.3,20.2,0.0,19.3,21.86,20,962.5,0,-4.2,Kano
2007-01-10,27.7,14.2,20.8,0.0,18.9,21.68,22,962.9,39,-2.0,Kano
2007-01-11,26.4,14.2,20.1,0.0,19.8,21.87,23,963.5,1,-2.0,Kano
2007-01-12,25.0,12.7,18.7,0.0,19.7,22.2,24,964.3,0,-3.3,Kano
2007-01-13,23.9,11.2,17.5,0.0,20.5,22.33,25,964.2,62,-3.2,Kano
2007-01-14,24.4,11.0,17.6,0.0,19.5,22.33,25,963.8,21,-3.4,Kano
2007-01-15,25.4,11.3,18.1,0.0,20.2,22.32,24,962.7,3,-3.3,Kano
2007-01-16,25.9,12.3,18.8,0.0,17.9,22.12,26,962.9,1,-1.7,Kano
2007-01-17,25.9,12.5,18.9,0.0,17.3,22.06,26,963.8,0,-1.5,Kano
2007-01-18,26.1,12.4,19.0,0.0,17.9,22.27,25,964.0,0,-2.2,Kano
2007-01-19,26.2,12.8,19.2,0.0,18.4,22.3,26,963.5,3,-1.6,Kano
2007-01-20,26.2,12.2,19.0,0.0,16.2,22.23,24,962.4,21,-2.9,Kano
2007-01-21,27.0,11.6,19.3,0.0,14.7,22.28,21,960.9,5,-4.3,Kano
2007-01-22,28.5,12.3,20.5,0.0,10.8,20.8,20,960.9,68,-3.8,Kano
2007-01-23,30.3,13.4,21.7,0.0,9.4,22.07,20,961.9,6,-2.6,Kano
2007-01-24,31.3,14.4,22.8,0.0,10.0,22.12,21,962.2,0,-1.6,Kano
2007-01-25,32.0,15.1,23.5,0.0,10.3,22.13,20,960.9,45,-1.9,Kano
2007-01-26,32.1,14.6,23.2,0.0,10.4,22.91,15,960.2,19,-5.8,Kano
2007-01-27,31.7,14.0,22.8,0.0,13.8,23.15,15,960.6,0,-6.0,Kano
2007-01-28,32.2,14.7,23.2,0.0,15.2,23.18,14,961.8,0,-6.7,Kano
2007-01-29,30.8,13.4,22.2,0.0,14.1,23.76,11,961.1,0,-10.2,Kano
2007-01-30,30.4,13.5,22.0,0.0,15.6,23.8,11,960.8,12,-10.1,Kano
2007-01-31,31.1,14.3,22.4,0.0,16.5,23.14,17,961.4,10,-4.1,Kano
2007-02-01,32.6,15.4,23.7,0.0,16.0,23.28,18,962.2,0,-2.6,Kano
2007-02-02,33.6,16.0,24.7,0.0,18.4,23.37,17,961.8,14,-2.7,Kano
2007-02-03,33.5,15.4,24.5,0.0,19.0,23.52,17,961.0,52,-3.0,Kano
2007-02-04,32.7,16.0,24.5,0.0,13.4,23.66,17,960.3,63,-2.7,Kano
2007-02-05,33.8,13.7,24.2,0.0,9.9,23.42,23,958.8,24,0.3,Kano
2007-02-06,35.2,15.0,26.3,0.0,10.6,23.37,20,957.0,8,0.3,Kano
2007-02-07,36.3,17.8,27.3,0.0,11.2,23.23,20,956.7,5,1.4,Kano
2007-02-08,37.0,16.5,27.3,0.0,9.3,22.72,23,957.7,81,2.7,Kano
2007-02-09,36.6,18.2,28.2,0.0,13.5,23.05,20,958.5,72,1.2,Kano
2007-02-10,34.6,18.9,26.6,0.0,12.5,23.44,17,959.3,51,-1.3,Kano
2007-02-11,32.1,18.1,24.9,0.0,15.0,23.8,15,961.0,25,-4.8,Kano
2007-02-12,30.5,15.9,23.1,0.0,17.2,24.21,13,962.5,44,-8.1,Kano
2007-02-13,29.8,13.6,21.7,0.0,17.7,24.51,15,962.7,14,-6.7,Kano
2007-02-14,29.6,14.0,21.8,0.0,17.6,24.59,15,961.9,0,-6.7,Kano
2007-02-15,30.0,14.4,22.1,0.0,14.5,24.07,13,961.2,7,-8.5,Kano
2007-02-16,31.1,14.9,23.0,0.0,12.0,24.06,13,959.5,0,-7.0,Kano
2007-02-17,32.0,15.6,23.8,0.0,11.9,24.14,12,958.2,0,-7.8,Kano
2007-02-18,33.4,16.4,24.9,0.0,11.6,23.95,10,957.5,27,-9.0,Kano
2007-02-19,35.0,16.6,26.0,0.0,10.4,24.13,9,956.3,44,-9.6,Kano
2007-02-20,35.7,17.5,26.7,0.0,9.8,24.22,12,956.0,55,-6.2,Kano
2007-02-21,36.9,18.0,28.0,0.0,10.1,24.16,14,957.0,77,-3.4,Kano
2007-02-22,37.0,17.5,28.0,0.0,12.9,23.59,21,957.7,86,2.8,Kano
2007-02-23,33.8,19.2,26.6,0.0,13.1,22.11,12,958.6,63,-5.8,Kano
2007-02-24,31.9,16.7,24.4,0.0,14.0,24.79,13,959.6,23,-5.8,Kano
2007-02-25,31.3,16.4,23.8,0.0,14.3,24.95,16,961.2,3,-4.3,Kano
2007-02-26,31.8,15.7,23.9,0.0,12.2,24.03,16,961.0,60,-3.8,Kano
2007-02-27,32.0,16.8,24.5,0.0,14.2,24.79,15,960.7,58,-4.4,Kano
2007-02-28,31.5,16.7,24.1,0.0,16.3,25.19,11,960.4,68,-9.3,Kano
2007-03-01,31.3,16.3,23.9,0.0,16.6,25.29,12,960.4,38,-8.1,Kano
2007-03-02,31.3,17.4,24.1,0.0,18.5,25.48,12,960.5,0,-7.3,Kano
2007-03-03,31.2,16.3,23.6,0.0,19.2,26.23,12,960.8,0,-8.8,Kano
2007-03-04,31.2,15.1,23.2,0.0,19.5,26.31,12,960.2,0,-8.9,Kano
2007-03-05,32.0,15.1,23.7,0.0,15.7,26.15,11,959.4,21,-9.2,Kano
2007-03-06,33.6,16.5,25.1,0.0,15.1,25.6,12,959.4,4,-7.7,Kano
2007-03-07,34.1,18.3,26.1,0.0,13.0,24.42,10,959.5,54,-8.6,Kano
2007-03-08,34.2,18.9,26.9,0.0,10.2,23.57,9,957.7,53,-9.7,Kano
2007-03-09,35.5,15.8,26.1,0.0,10.2,25.78,11,956.8,22,-8.2,Kano
2007-03-10,34.3,16.1,26.1,0.0,10.0,26.04,10,957.8,29,-9.3,Kano
2007-03-11,33.9,18.2,26.2,0.0,10.6,24.96,10,959.0,40,-9.0,Kano
2007-03-12,35.2,17.8,26.6,0.0,11.2,25.86,12,958.2,74,-6.1,Kano
2007-03-13,35.6,18.3,27.2,0.0,11.2,26.1,11,958.0,16,-6.3,Kano
2007-03-14,35.7,18.7,27.4,0.0,13.5,26.09,12,958.0,31,-5.7,Kano
2007-03-15,35.4,19.2,27.4,0.0,15.5,26.13,11,958.7,50,-5.7,Kano
2007-03-16,35.5,19.3,27.6,0.0,15.1,26.16,15,958.7,33,-2.6,Kano
2007-03-17,34.1,19.9,27.0,0.0,19.7,26.18,12,959.2,67,-5.3,Kano
2007-03-18,34.4,19.1,26.5,0.0,15.6,25.61,9,959.5,83,-9.7,Kano
2007-03-19,35.2,17.0,26.5,0.0,11.5,27.06,8,958.5,41,-12.0,Kano
2007-03-20,37.1,17.4,27.5,0.0,11.5,27.33,7,956.8,0,-12.2,Kano
2007-03-21,38.9,17.9,29.0,0.0,14.9,27.13,10,955.7,7,-7.3,Kano
2007-03-22,39.4,16.8,29.3,0.0,12.6,27.18,15,955.4,36,-2.5,Kano
2007-03-23,41.0,21.9,31.2,0.0,11.7,27.12,12,955.0,36,-2.9,Kano
2007-03-24,40.6,21.3,31.2,0.0,13.3,27.09,12,955.6,65,-3.0,Kano
2007-03-25,39.1,20.0,31.1,0.0,11.8,27.05,13,957.0,59,-1.3,Kano
2007-03-26,39.2,19.4,29.9,0.0,10.9,25.83,16,956.2,96,-0.2,Kano
2007-03-27,39.5,22.0,31.4,0.0,10.2,26.11,17,956.4,92,1.7,Kano
2007-03-28,39.7,20.5,30.8,0.0,13.3,27.3,12,956.0,63,-2.8,Kano
2007-03-29,40.8,19.6,30.8,0.0,13.0,26.34,15,954.9,58,-1.0,Kano
2007-03-30,40.2,23.9,32.2,0.0,11.7,24.4,25,954.3,69,8.7,Kano
2007-03-31,41.3,22.6,32.4,0.0,20.2,26.56,30,953.4,63,7.0,Kano
2007-04-01,41.1,19.3,31.7,0.0,12.5,27.45,12,953.2,59,-3.6,Kano
2007-04-02,41.4,20.4,31.7,0.0,13.7,26.27,22,954.0,70,3.1,Kano
2007-04-03,41.1,20.7,32.3,0.0,10.8,27.04,13,953.5,49,-0.4,Kano
2007-04-04,40.9,21.3,32.2,0.0,11.3,26.23,20,953.7,8,4.0,Kano
2007-04-05,40.3,25.7,32.7,0.0,18.3,25.95,34,955.2,14,12.3,Kano
2007-04-06,40.1,26.3,32.9,0.3,15.5,24.88,36,956.7,32,14.4,Kano
2007-04-07,40.0,25.6,32.8,0.0,15.8,24.95,40,957.7,42,15.5,Kano
2007-04-08,41.1,25.5,33.4,0.0,17.6,26.49,31,956.8,15,11.1,Kano
2007-04-09,40.4,25.2,32.9,0.0,19.0,25.24,27,956.1,11,9.2,Kano
2007-04-10,41.7,22.1,32.1,0.0,13.1,26.31,26,955.6,53,7.1,Kano
2007-04-11,40.0,21.6,31.4,0.0,12.9,27.13,29,956.9,5,5.7,Kano
2007-04-12,37.9,19.6,30.0,0.0,11.8,28.54,11,957.1,25,-5.3,Kano
2007-04-13,37.7,18.3,28.7,0.0,11.5,28.41,10,957.2,79,-6.9,Kano
2007-04-14,38.0,21.4,29.9,0.0,12.4,26.83,8,957.5,65,-8.1,Kano
2007-04-15,38.1,19.3,29.7,0.0,10.8,28.56,9,957.1,53,-7.5,Kano
2007-04-16,38.9,18.6,29.9,0.0,9.4,28.21,12,956.1,63,-3.3,Kano
2007-04-17,39.7,20.3,31.4,0.0,14.3,27.72,18,955.7,37,2.2,Kano
2007-04-18,39.2,24.2,31.6,0.0,16.3,24.5,35,956.5,95,12.2,Kano
2007-04-19,40.4,25.6,33.2,0.0,15.5,25.32,33,956.6,59,12.7,Kano
2007-04-20,40.6,24.4,32.7,0.0,14.2,26.6,30,955.6,24,10.3,Kano
2007-04-21,40.8,24.8,33.0,0.0,16.4,26.41,29,954.8,40,10.0,Kano
2007-04-22,40.1,25.6,33.1,0.0,16.7,24.48,34,955.0,41,13.4,Kano
2007-04-23,40.4,26.5,33.1,0.0,20.4,24.52,40,955.1,96,14.9,Kano
2007-04-24,39.6,25.5,32.3,0.0,18.7,24.42,40,954.0,95,14.2,Kano
2007-04-25,39.2,28.1,33.1,0.0,21.1,25.02,38,953.4,72,15.9,Kano
2007-04-26,38.4,25.4,31.8,0.0,19.1,24.75,48,955.3,65,17.9,Kano
2007-04-27,34.0,25.1,29.4,0.0,17.7,17.23,55,958.8,83,19.1,Kano
2007-04-28,37.8,23.9,30.6,0.1,10.1,23.54,48,959.2,51,17.4,Kano
2007-04-29,38.5,25.5,32.1,0.0,11.1,24.39,42,958.5,87,16.0,Kano
2007-04-30,37.8,26.4,32.1,0.0,15.1,18.96,42,956.4,63,16.4,Kano
2007-05-01,38.4,25.9,31.8,0.4,17.4,24.13,47,956.2,93,18.4,Kano
2007-05-02,38.6,25.8,32.0,0.0,13.8,22.36,47,957.1,99,17.7,Kano
2007-05-03,39.6,26.6,32.4,0.0,14.1,24.21,45,956.0,73,18.0,Kano
2007-05-04,38.7,25.7,31.2,1.4,14.7,24.26,55,956.3,66,20.0,Kano
2007-05-05,39.0,25.0,31.7,0.0,14.5,25.17,53,956.1,81,19.1,Kano
2007-05-06,37.2,26.2,31.3,0.2,16.8,23.91,54,956.4,94,20.3,Kano
2007-05-07,35.0,25.2,29.6,2.0,22.5,21.65,62,958.0,95,21.2,Kano
2007-05-08,37.5,24.9,30.7,0.9,10.7,23.32,54,956.9,95,19.5,Kano
2007-05-09,38.5,25.5,32.1,0.0,14.9,23.8,46,956.3,46,17.9,Kano
2007-05-10,39.5,24.4,32.4,0.0,12.1,26.69,35,956.1,12,11.6,Kano
2007-05-11,39.6,22.9,32.3,0.0,13.3,27.24,19,956.6,93,4.7,Kano
2007-05-12,39.0,24.0,31.6,0.0,11.3,25.39,48,957.6,86,16.5,Kano
2007-05-13,38.8,27.9,33.0,0.0,16.3,23.08,38,958.3,88,15.8,Kano
2007-05-14,36.7,24.8,29.9,0.7,19.8,23.95,56,959.6,85,19.4,Kano
2007-05-15,36.6,25.8,29.7,2.4,15.5,22.96,56,959.6,48,19.3,Kano
2007-05-16,37.3,24.9,30.7,0.0,15.8,25.6,53,959.3,46,18.6,Kano
2007-05-17,38.0,25.5,31.8,0.0,12.6,25.61,46,959.2,16,17.3,Kano
2007-05-18,39.1,25.0,32.2,0.0,11.5,24.76,40,957.1,20,15.5,Kano
2007-05-19,39.0,25.8,32.6,0.0,15.3,23.85,46,956.9,45,17.8,Kano
2007-05-20,40.0,25.7,33.2,0.0,11.2,25.17,40,956.7,29,15.8,Kano
2007-05-21,39.7,25.0,32.6,0.0,13.4,25.49,34,955.8,44,13.3,Kano
2007-05-22,39.8,27.1,33.1,0.0,14.3,23.02,36,954.9,47,14.8,Kano
2007-05-23,40.0,26.1,32.6,0.0,16.1,25.43,43,955.5,81,15.9,Kano
2007-05-24,38.7,25.9,32.2,0.0,17.8,25.8,42,956.7,65,16.6,Kano
2007-05-25,39.1,26.3,32.8,0.0,17.1,25.5,42,958.3,52,16.6,Kano
2007-05-26,40.0,25.8,33.0,0.0,12.8,25.59,39,957.9,9,15.8,Kano
2007-05-27,40.0,24.8,32.5,0.0,15.2,25.28,38,957.1,7,14.5,Kano
2007-05-28,39.5,25.0,32.1,0.0,15.6,25.09,44,957.4,10,15.8,Kano
2007-05-29,39.1,26.0,32.2,0.0,18.1,25.46,46,957.6,17,17.4,Kano
2007-05-30,38.8,25.6,31.4,0.0,16.9,24.57,50,958.1,25,18.4,Kano
2007-05-31,39.2,25.9,32.5,0.0,15.5,24.87,44,957.7,10,17.4,Kano
2007-06-01,38.4,27.0,31.7,0.5,18.5,23.99,50,957.5,32,19.2,Kano
2007-06-02,36.0,24.2,29.9,0.0,17.5,21.58,60,956.7,98,20.7,Kano
2007-06-03,34.6,24.4,28.8,4.8,18.3,23.92,62,958.8,79,20.3,Kano
2007-06-04,32.7,23.7,28.0,0.5,13.8,20.7,67,960.1,91,20.9,Kano
2007-06-05,34.9,24.2,29.2,8.8,11.9,23.34,62,959.1,82,20.5,Kano
2007-06-06,34.0,23.3,27.7,5.6,12.9,23.45,70,958.4,87,21.3,Kano
2007-06-07,34.1,22.6,28.1,3.3,13.9,25.14,69,959.2,55,21.3,Kano
2007-06-08,34.0,24.6,28.5,0.8,15.9,23.33,65,959.2,33,20.8,Kano
2007-06-09,35.5,24.0,29.3,0.2,15.4,25.47,61,958.0,69,20.4,Kano
2007-06-10,35.4,24.9,29.8,0.1,17.2,23.68,59,958.1,68,20.3,Kano
2007-06-11,34.1,24.1,28.4,2.0,14.8,24.13,65,958.9,29,20.8,Kano
2007-06-12,33.5,23.7,28.1,0.4,17.1,23.62,65,959.0,15,20.5,Kano
2007-06-13,34.4,24.7,29.4,0.0,16.3,21.37,58,958.0,76,19.7,Kano
2007-06-14,35.7,24.3,29.7,0.0,18.4,25.96,57,957.4,3,19.7,Kano
2007-06-15,35.5,24.4,29.7,0.2,18.6,25.49,58,957.9,8,20.1,Kano
2007-06-16,34.7,24.6,29.2,0.8,17.6,23.79,61,958.2,51,20.7,Kano
2007-06-17,35.2,24.6,29.5,0.4,13.0,24.52,58,959.0,31,20.0,Kano
2007-06-18,36.3,24.4,30.3,0.0,13.3,24.15,50,958.6,17,17.5,Kano
2007-06-19,37.1,23.7,30.4,0.0,14.9,23.51,49,957.7,21,17.1,Kano
2007-06-20,36.1,24.2,29.4,1.3,18.9,24.36,59,958.3,33,19.7,Kano
2007-06-21,35.0,24.9,28.9,0.5,19.2,23.63,61,958.9,77,20.2,Kano
2007-06-22,35.9,24.5,29.5,0.0,17.3,24.79,57,956.6,37,19.3,Kano
2007-06-23,35.0,23.8,28.6,9.6,16.6,22.98,61,957.0,65,19.9,Kano
2007-06-24,33.2,23.5,27.8,3.4,16.3,24.79,68,959.1,52,20.9,Kano
2007-06-25,33.1,24.4,28.0,0.9,16.1,24.15,69,960.6,49,21.4,Kano
2007-06-26,33.7,24.7,27.9,8.1,19.8,23.0,69,959.1,61,21.4,Kano
2007-06-27,30.7,23.4,26.6,5.5,20.9,18.1,75,958.5,82,21.6,Kano
2007-06-28,31.8,23.8,27.2,3.8,16.3,20.57,72,959.6,70,21.4,Kano
2007-06-29,32.6,22.8,27.2,0.5,17.1,23.17,69,960.5,38,20.6,Kano
2007-06-30,32.0,23.7,27.4,4.8,14.5,22.68,72,960.6,32,21.7,Kano
2007-07-01,31.7,23.6,27.1,0.0,19.1,20.12,74,960.3,77,21.7,Kano
2007-07-02,33.2,23.7,27.6,3.6,20.0,23.31,69,960.7,55,21.1,Kano
2007-07-03,35.3,23.1,28.8,0.7,17.6,25.51,63,959.9,37,20.4,Kano
2007-07-04,35.1,23.3,28.4,2.0,21.4,25.95,66,959.7,29,20.8,Kano
2007-07-05,33.2,23.4,27.8,0.1,23.4,24.11,64,960.4,39,19.9,Kano
2007-07-06,33.7,23.5,28.1,0.1,19.6,25.72,60,959.4,23,19.3,Kano
2007-07-07,34.0,23.4,27.6,3.4,20.7,24.98,63,958.9,22,19.5,Kano
2007-07-08,29.6,23.2,25.7,5.5,15.3,17.48,74,960.3,62,20.6,Kano
2007-07-09,32.7,22.2,26.5,3.4,12.0,23.71,72,960.2,40,20.7,Kano
2007-07-10,32.1,22.8,26.8,2.4,13.7,22.31,74,959.1,71,21.5,Kano
2007-07-11,31.8,24.5,27.3,3.8,15.2,19.59,73,958.4,95,21.8,Kano
2007-07-12,32.9,24.0,27.6,0.7,20.1,21.92,70,957.3,85,21.4,Kano
2007-07-13,31.0,23.6,26.1,13.0,15.6,20.02,76,958.4,58,21.4,Kano
2007-07-14,29.8,21.6,25.1,8.7,13.8,18.02,78,959.4,67,20.8,Kano
2007-07-15,31.7,23.0,26.5,2.5,12.5,23.03,73,959.7,64,20.9,Kano
2007-07-16,29.6,21.9,24.6,17.1,9.6,15.67,84,960.0,79,21.5,Kano
2007-07-17,31.2,21.7,26.2,2.7,12.7,23.99,75,959.1,34,20.9,Kano
2007-07-18,31.1,23.4,26.9,0.2,17.8,22.93,72,958.2,61,21.3,Kano
2007-07-19,31.7,23.7,27.3,0.0,14.5,23.22,69,958.1,58,21.0,Kano
2007-07-20,32.6,23.9,26.9,6.4,14.3,22.39,73,957.7,74,21.5,Kano
2007-07-21,28.7,22.5,25.0,27.2,16.4,17.47,83,958.4,95,21.8,Kano
2007-07-22,25.7,21.1,23.1,14.1,12.8,7.97,90,959.1,89,21.3,Kano
2007-07-23,31.2,19.7,25.4,0.0,9.8,25.48,74,959.5,46,19.9,Kano
2007-07-24,32.2,22.7,26.8,0.2,15.1,23.17,71,959.1,85,20.8,Kano
2007-07-25,31.1,22.9,26.4,0.3,18.8,20.15,74,957.6,67,21.1,Kano
2007-07-26,30.9,22.3,26.0,0.3,17.7,25.55,71,957.5,28,20.1,Kano
2007-07-27,28.7,22.2,25.4,0.0,20.2,17.65,73,959.5,89,20.0,Kano
2007-07-28,26.7,21.1,23.3,16.5,13.0,12.13,86,959.7,96,20.7,Kano
2007-07-29,28.3,20.6,24.3,0.7,12.2,18.45,79,959.1,49,20.1,Kano
2007-07-30,29.6,21.8,25.3,0.3,15.9,21.0,75,959.4,59,20.4,Kano
2007-07-31,30.4,21.8,25.6,5.8,12.0,23.34,77,960.0,59,21.0,Kano
2007-08-01,30.3,22.3,26.3,1.4,12.6,23.7,76,960.0,51,21.5,Kano
2007-08-02,31.1,23.8,26.6,1.2,20.2,18.12,74,958.6,81,21.4,Kano
2007-08-03,30.3,22.6,25.6,6.8,18.3,16.61,78,958.3,98,21.3,Kano
2007-08-04,25.4,21.3,23.1,8.8,22.0,8.07,87,958.1,99,20.9,Kano
2007-08-05,28.7,21.1,24.0,6.2,16.3,16.71,82,959.5,85,20.6,Kano
2007-08-06,27.7,21.6,24.2,9.3,15.0,15.72,82,960.7,89,20.9,Kano
2007-08-07,30.0,21.4,24.8,5.8,11.7,20.26,82,960.3,78,21.4,Kano
2007-08-08,30.0,21.6,24.9,25.7,10.2,22.65,84,959.1,64,21.9,Kano
2007-08-09,30.8,21.6,25.1,3.9,13.4,23.49,82,958.2,56,21.6,Kano
2007-08-10,26.5,21.5,23.9,1.8,21.3,11.11,82,958.9,83,20.6,Kano
2007-08-11,30.2,22.1,25.2,2.8,11.1,22.89,80,959.0,55,21.2,Kano
2007-08-12,29.2,21.7,24.5,22.9,11.8,17.32,85,958.9,97,21.6,Kano
2007-08-13,28.3,21.3,24.0,7.0,9.5,13.38,86,958.5,95,21.3,Kano
2007-08-14,28.7,21.2,24.2,5.4,18.1,19.88,81,959.3,48,20.5,Kano
2007-08-15,31.0,21.0,25.7,0.0,15.6,21.53,72,959.3,30,20.0,Kano
2007-08-16,31.8,22.5,26.3,1.3,13.1,24.9,75,958.1,48,21.2,Kano
2007-08-17,29.3,21.4,25.2,5.9,13.6,22.26,81,958.5,42,21.5,Kano
2007-08-18,30.0,20.8,25.4,2.2,9.0,20.21,78,959.6,79,21.0,Kano
2007-08-19,29.6,22.7,25.3,13.8,10.5,21.21,82,958.8,54,21.8,Kano
2007-08-20,27.9,22.4,24.9,9.8,13.3,15.82,84,958.4,90,21.9,Kano
2007-08-21,29.2,21.8,25.2,0.4,18.4,20.24,75,959.7,70,20.3,Kano
2007-08-22,29.8,22.0,25.2,5.4,13.3,21.65,79,960.3,91,21.1,Kano
2007-08-23,28.4,22.2,24.3,25.9,9.3,14.23,86,957.5,77,21.8,Kano
2007-08-24,29.8,21.2,24.5,7.9,16.7,18.48,82,956.8,64,21.0,Kano
2007-08-25,27.8,21.5,24.0,6.8,14.1,16.75,84,958.3,98,21.0,Kano
2007-08-26,29.6,20.4,24.9,0.2,11.8,22.08,76,959.2,66,20.0,Kano
2007-08-27,29.5,22.0,25.3,2.0,13.0,22.32,77,958.7,58,20.8,Kano
2007-08-28,30.2,21.5,25.2,1.8,12.5,21.73,78,959.9,96,20.7,Kano
2007-08-29,27.7,21.9,24.4,4.1,7.6,14.41,85,959.8,78,21.6,Kano
2007-08-30,31.2,21.1,26.1,0.0,9.4,23.88,75,959.6,69,21.0,Kano
2007-08-31,30.1,22.5,25.8,16.4,11.3,22.49,81,958.5,68,22.0,Kano
2007-09-01,28.4,21.3,25.0,10.8,18.8,18.82,79,959.8,81,21.0,Kano
2007-09-02,28.2,21.9,25.0,0.0,17.1,14.2,76,960.6,99,20.4,Kano
2007-09-03,26.9,22.1,24.2,9.9,13.1,11.85,83,960.0,100,21.0,Kano
2007-09-04,27.4,21.4,23.7,22.9,9.8,14.34,87,959.0,96,21.3,Kano
2007-09-05,25.3,21.1,22.8,19.5,17.5,9.71,87,959.9,98,20.5,Kano
2007-09-06,28.4,21.7,24.7,0.5,17.9,18.61,77,962.3,71,20.4,Kano
2007-09-07,31.6,21.0,26.2,0.0,9.3,25.19,73,960.8,27,20.5,Kano
2007-09-08,31.0,22.7,25.8,5.3,11.8,18.45,78,959.0,98,21.4,Kano
2007-09-09,31.0,22.3,25.6,7.6,8.3,23.48,80,959.2,62,21.7,Kano
2007-09-10,31.2,21.7,26.0,0.4,13.2,24.63,75,960.5,34,20.8,Kano
2007-09-11,31.0,22.5,26.2,0.7,10.1,23.47,75,960.2,62,21.2,Kano
2007-09-12,32.9,21.7,27.0,0.4,9.0,25.42,73,958.8,18,21.3,Kano
2007-09-13,33.2,22.3,27.3,0.4,10.7,25.47,70,959.2,42,20.8,Kano
2007-09-14,30.9,23.2,26.8,1.0,11.7,22.89,77,958.8,27,22.2,Kano
2007-09-15,31.3,22.5,26.4,0.0,13.7,18.92,76,958.7,86,21.5,Kano
2007-09-16,32.0,22.5,26.9,1.3,9.4,23.18,73,958.4,59,21.2,Kano
2007-09-17,32.9,23.2,27.1,2.3,12.6,23.36,71,958.8,81,21.0,Kano
2007-09-18,33.6,23.5,28.0,0.0,8.4,23.36,67,958.5,44,20.5,Kano
2007-09-19,34.6,22.5,28.2,0.0,11.7,25.25,63,958.8,31,19.5,Kano
2007-09-20,34.2,21.8,27.4,0.0,10.0,25.21,64,958.9,59,19.2,Kano
2007-09-21,31.2,22.6,26.6,1.1,11.6,20.92,74,960.2,92,21.3,Kano
2007-09-22,33.2,22.4,27.5,0.0,13.3,24.89,67,960.1,42,20.1,Kano
2007-09-23,34.1,22.3,27.9,0.0,10.9,24.44,62,959.4,22,19.2,Kano
2007-09-24,34.4,22.4,28.0,0.0,9.5,24.67,60,959.2,17,18.7,Kano
2007-09-25,32.6,22.2,26.7,2.9,14.8,21.97,70,959.4,51,20.5,Kano
2007-09-26,34.1,23.2,28.4,0.0,11.5,23.89,63,960.8,72,19.9,Kano
2007-09-27,35.3,22.7,28.6,0.0,11.2,23.92,58,959.0,34,18.4,Kano
2007-09-28,34.5,21.9,27.9,0.0,13.4,22.32,58,959.1,51,17.8,Kano
2007-09-29,35.5,19.8,27.8,0.0,12.9,26.06,47,959.8,6,12.8,Kano
2007-09-30,35.7,19.0,26.9,0.0,11.5,25.62,47,960.2,29,12.4,Kano
2007-10-01,35.9,18.2,27.2,0.0,16.2,26.15,40,959.6,14,10.6,Kano
2007-10-02,35.4,19.6,27.6,0.0,16.3,25.96,42,959.2,26,11.0,Kano
2007-10-03,35.2,17.5,26.3,0.0,11.3,25.83,43,958.9,24,10.7,Kano
2007-10-04,35.8,17.4,26.9,0.0,12.5,26.18,39,958.6,34,9.4,Kano
2007-10-05,34.8,21.3,27.9,0.0,11.3,22.04,45,958.8,91,14.1,Kano
2007-10-06,34.5,23.2,28.6,0.0,11.5,22.21,54,958.7,68,17.4,Kano
2007-10-07,35.0,23.0,28.5,0.0,15.1,22.39,53,958.1,94,16.2,Kano
2007-10-08,34.8,23.7,28.7,0.0,13.8,23.32,56,959.2,51,18.0,Kano
2007-10-09,35.6,22.0,28.9,0.0,15.5,23.78,49,958.8,33,14.5,Kano
2007-10-10,36.2,18.9,28.0,0.0,14.0,25.65,31,957.3,1,7.4,Kano
2007-10-11,36.0,18.4,27.8,0.0,15.0,25.19,27,957.0,2,5.1,Kano
2007-10-12,36.2,19.5,28.1,0.0,19.2,25.5,22,957.1,36,3.5,Kano
2007-10-13,36.4,21.0,28.7,0.0,16.3,25.32,23,957.4,69,4.6,Kano
2007-10-14,35.8,18.5,27.8,0.0,13.8,25.25,31,958.1,57,7.6,Kano
2007-10-15,35.7,19.1,27.6,0.0,9.1,25.26,30,958.0,2,7.1,Kano
2007-10-16,35.7,18.4,27.3,0.0,11.5,25.08,29,958.7,18,6.4,Kano
2007-10-17,35.9,19.4,27.6,0.0,10.8,25.08,27,958.8,12,5.6,Kano
2007-10-18,36.2,19.0,27.5,0.0,12.8,24.66,29,958.2,85,6.2,Kano
2007-10-19,35.2,19.5,28.1,0.0,15.0,22.14,39,958.4,84,12.3,Kano
2007-10-20,35.4,22.4,28.8,0.1,12.1,19.97,54,959.0,88,17.2,Kano
2007-10-21,35.3,21.8,28.3,0.0,12.3,21.26,48,959.3,77,13.8,Kano
2007-10-22,36.3,17.9,28.0,0.0,10.4,24.7,28,958.5,41,5.6,Kano
2007-10-23,36.4,18.7,28.3,0.0,11.9,23.51,31,957.8,76,8.3,Kano
2007-10-24,35.6,20.0,27.6,0.0,9.8,22.2,26,957.6,92,4.6,Kano
2007-10-25,35.8,17.2,27.1,0.0,11.1,23.53,38,957.6,44,10.0,Kano
2007-10-26,36.4,19.3,28.4,0.0,8.7,22.57,34,957.6,93,9.9,Kano
2007-10-27,36.5,22.2,29.1,0.0,13.6,23.42,40,958.7,50,11.3,Kano
2007-10-28,35.8,18.6,27.9,0.0,14.1,22.72,32,958.3,76,8.4,Kano
2007-10-29,35.4,21.6,28.0,0.0,13.7,23.86,29,958.4,10,6.3,Kano
2007-10-30,35.2,17.3,26.7,0.0,9.4,24.36,27,956.7,10,4.7,Kano
2007-10-31,36.1,18.4,27.8,0.0,15.9,24.18,24,956.3,22,3.8,Kano
2007-11-01,35.9,20.2,28.2,0.0,20.1,23.73,21,957.4,1,2.7,Kano
2007-11-02,35.7,20.4,27.8,0.0,15.2,24.08,19,957.2,9,1.7,Kano
2007-11-03,34.5,18.2,26.8,0.0,10.1,23.95,22,956.6,49,2.7,Kano
2007-11-04,34.5,16.3,25.6,0.0,10.8,24.09,28,956.6,24,3.2,Kano
2007-11-05,34.6,15.2,25.7,0.0,10.0,24.12,24,957.7,6,1.6,Kano
2007-11-06,34.7,15.8,25.8,0.0,10.4,23.95,23,958.3,0,1.5,Kano
2007-11-07,34.6,17.5,26.3,0.0,10.5,23.7,21,958.1,0,1.2,Kano
2007-11-08,34.5,18.7,26.9,0.0,13.9,22.59,24,958.0,23,3.7,Kano
2007-11-09,32.7,21.1,27.2,0.0,17.4,17.94,24,958.4,72,4.6,Kano
2007-11-10,33.6,22.6,27.9,0.0,15.8,18.04,23,959.0,70,4.3,Kano
2007-11-11,34.1,22.7,28.2,0.0,22.8,22.62,18,958.3,61,1.7,Kano
2007-11-12,33.7,20.0,26.9,0.0,17.2,23.0,20,958.3,61,1.6,Kano
2007-11-13,34.0,19.5,26.6,0.0,12.8,22.87,21,958.5,61,1.8,Kano
2007-11-14,34.1,17.9,26.3,0.0,9.5,22.39,23,957.7,73,2.7,Kano
2007-11-15,34.4,18.8,26.7,0.0,9.2,21.84,25,957.9,61,4.3,Kano
2007-11-16,35.1,17.6,26.6,0.0,9.7,22.18,32,959.2,48,6.9,Kano
2007-11-17,36.0,18.4,27.7,0.0,11.7,22.49,25,958.6,4,4.6,Kano
2007-11-18,35.7,19.4,27.8,0.0,13.2,22.63,21,957.6,3,2.8,Kano
2007-11-19,35.2,18.1,26.7,0.0,12.3,22.97,21,957.5,12,0.7,Kano
2007-11-20,35.3,18.1,26.5,0.0,15.6,22.49,17,958.8,84,-1.7,Kano
2007-11-21,34.1,19.5,26.5,0.0,14.4,21.74,21,959.7,94,1.8,Kano
2007-11-22,33.4,18.5,25.8,0.0,13.1,22.32,21,960.0,88,1.3,Kano
2007-11-23,33.0,17.4,25.1,0.0,11.7,22.48,22,960.4,15,1.1,Kano
2007-11-24,32.5,17.4,24.7,0.0,12.7,22.55,20,960.0,13,-0.7,Kano
2007-11-25,31.9,16.6,24.2,0.0,12.4,22.38,17,960.1,3,-3.1,Kano
2007-11-26,32.2,15.6,24.0,0.0,11.8,22.08,16,960.3,41,-3.6,Kano
2007-11-27,32.8,15.8,24.3,0.0,9.4,21.93,18,959.4,61,-2.1,Kano
2007-11-28,33.4,15.7,24.8,0.0,10.0,22.04,23,957.9,9,1.2,Kano
2007-11-29,33.6,16.3,25.1,0.0,11.3,21.9,24,957.4,56,2.3,Kano
2007-11-30,34.1,16.1,25.2,0.0,11.5,21.93,25,957.5,68,2.8,Kano
2007-12-01,33.3,16.5,24.9,0.0,10.2,22.06,17,958.6,49,-3.3,Kano
2007-12-02,33.0,15.8,24.5,0.0,9.2,21.52,17,958.4,94,-3.3,Kano
2007-12-03,33.0,15.9,24.8,0.0,10.0,20.0,22,957.7,89,0.6,Kano
2007-12-04,32.9,17.2,24.9,0.0,10.7,21.39,21,957.6,61,0.7,Kano
2007-12-05,31.9,17.6,24.3,0.0,10.7,20.4,22,958.9,80,0.7,Kano
2007-12-06,31.3,16.6,24.0,0.0,10.6,21.16,22,959.8,64,0.4,Kano
2007-12-07,30.9,16.6,23.6,0.0,11.2,21.23,21,960.4,54,-0.2,Kano
2007-12-08,29.7,16.2,22.9,0.0,11.5,19.54,25,961.0,50,1.4,Kano
2007-12-09,30.2,16.9,23.3,0.0,17.4,20.96,25,961.2,46,1.9,Kano
2007-12-10,29.8,16.5,23.0,0.0,16.1,20.98,26,961.6,45,1.7,Kano
2007-12-11,30.5,16.1,23.2,0.0,13.0,20.97,24,960.8,12,1.1,Kano
2007-12-12,31.3,16.2,23.5,0.0,13.5,21.29,23,960.9,0,0.4,Kano
2007-12-13,30.9,16.5,23.6,0.0,14.0,21.2,21,960.7,2,-0.7,Kano
2007-12-14,30.1,15.7,22.8,0.0,12.5,21.32,20,958.7,0,-1.9,Kano
2007-12-15,29.9,14.7,22.2,0.0,12.7,21.45,20,957.3,0,-2.7,Kano
2007-12-16,30.6,14.9,22.6,0.0,11.9,21.16,19,958.4,34,-2.6,Kano
2007-12-17,31.4,15.4,23.4,0.0,15.3,21.16,19,959.7,28,-2.5,Kano
2007-12-18,32.0,15.9,23.8,0.0,15.8,21.57,17,960.6,0,-3.5,Kano
2007-12-19,30.7,15.0,22.9,0.0,15.0,21.73,17,961.5,13,-4.3,Kano
2007-12-20,29.1,14.6,21.9,0.0,16.7,21.76,16,961.6,19,-5.4,Kano
2007-12-21,27.8,14.0,20.8,0.0,16.7,21.64,19,961.9,8,-3.8,Kano
2007-12-22,26.7,13.8,20.0,0.0,16.2,21.79,20,962.8,2,-3.9,Kano
2007-12-23,26.0,12.5,19.0,0.0,16.4,21.71,21,962.5,54,-4.6,Kano
2007-12-24,26.6,11.5,18.9,0.0,15.1,21.81,24,961.9,1,-2.9,Kano
2007-12-25,27.6,10.6,19.3,0.0,10.6,21.87,25,960.4,0,-1.9,Kano
2007-12-26,29.3,10.4,20.2,0.0,10.1,21.59,25,959.6,19,-1.2,Kano
2007-12-27,30.4,12.4,21.8,0.0,9.8,21.24,23,959.5,2,-1.3,Kano
2007-12-28,31.0,14.4,22.7,0.0,11.3,21.29,18,959.6,13,-3.3,Kano
2007-12-29,31.3,14.6,22.9,0.0,10.5,21.36,18,958.9,14,-3.1,Kano
2007-12-30,32.2,14.3,23.4,0.0,10.2,21.21,22,957.1,22,-0.5,Kano
2007-12-31,32.8,15.7,24.3,0.0,11.0,21.14,24,957.3,42,1.5,Kano
2008-01-01,31.1,16.0,23.7,0.0,13.2,20.75,20,958.4,37,-0.8,Kano
2008-01-02,29.6,16.1,22.9,0.0,14.3,20.39,19,960.5,69,-2.3,Kano
2008-01-03,27.5,15.3,21.3,0.0,14.6,19.68,20,962.1,90,-3.1,Kano
2008-01-04,28.8,13.9,21.4,0.0,11.0,20.75,20,961.5,30,-2.7,Kano
2008-01-05,32.4,14.6,23.8,0.0,8.9,20.01,29,959.5,77,3.9,Kano
2008-01-06,33.3,19.1,26.2,0.0,11.1,19.77,34,959.1,80,8.8,Kano
2008-01-07,31.3,20.0,25.4,0.0,11.4,20.47,22,959.3,97,1.8,Kano
2008-01-08,29.2,17.0,23.1,0.0,11.2,20.46,21,959.2,87,-0.9,Kano
2008-01-09,29.7,16.6,23.4,0.0,10.5,19.72,19,958.6,42,-1.7,Kano
2008-01-10,29.2,16.8,22.8,0.0,12.8,20.64,22,959.0,96,-0.5,Kano
2008-01-11,28.3,15.4,21.7,0.0,12.4,20.49,25,959.4,47,-0.1,Kano
2008-01-12,29.6,15.1,22.1,0.0,11.8,21.15,24,959.3,37,-0.3,Kano
2008-01-13,29.7,15.8,22.6,0.0,13.4,21.14,22,960.1,31,-0.5,Kano
2008-01-14,29.1,15.7,22.3,0.0,14.3,21.26,23,961.0,42,-0.1,Kano
2008-01-15,28.8,15.7,22.0,0.0,13.2,21.5,19,960.5,28,-3.0,Kano
2008-01-16,29.3,14.1,21.7,0.0,11.0,21.65,17,959.8,1,-5.1,Kano
2008-01-17,27.6,14.2,20.9,0.0,15.5,21.9,15,960.6,3,-7.6,Kano
2008-01-18,26.8,13.9,20.2,0.0,16.1,21.88,18,960.4,0,-5.1,Kano
2008-01-19,26.2,12.6,19.3,0.0,14.2,21.85,14,960.2,7,-9.2,Kano
2008-01-20,24.2,12.9,18.3,0.0,18.4,21.84,20,962.0,36,-5.3,Kano
2008-01-21,22.8,10.8,16.6,0.0,20.1,22.29,26,963.6,48,-3.5,Kano
2008-01-22,23.5,9.4,16.4,0.0,18.5,22.54,29,962.8,56,-2.9,Kano
2008-01-23,24.0,10.0,17.0,0.0,16.6,22.52,23,961.9,51,-4.9,Kano
2008-01-24,25.2,9.7,17.4,0.0,12.9,22.85,22,961.4,0,-5.5,Kano
2008-01-25,24.5,9.2,17.0,0.0,15.6,23.24,19,962.5,0,-7.8,Kano
2008-01-26,22.9,10.5,16.5,0.0,19.7,23.19,25,963.5,0,-4.2,Kano
2008-01-27,23.9,10.0,16.9,0.0,23.1,22.95,25,963.4,0,-4.2,Kano
2008-01-28,23.7,10.6,17.0,0.0,20.3,23.51,21,962.6,0,-6.1,Kano
2008-01-29,24.2,10.0,17.1,0.0,19.9,23.39,23,962.6,0,-4.9,Kano
2008-01-30,25.6,11.3,18.2,0.0,19.7,23.01,18,963.2,0,-7.3,Kano
2008-01-31,25.9,12.5,19.0,0.0,18.3,22.2,20,961.9,12,-5.1,Kano
2008-02-01,27.3,12.9,19.8,0.0,15.4,22.8,18,960.9,0,-5.6,Kano
2008-02-02,28.6,13.0,20.6,0.0,12.9,22.76,15,959.3,14,-7.0,Kano
2008-02-03,30.4,14.0,22.1,0.0,12.1,22.86,15,960.2,22,-5.9,Kano
2008-02-04,31.8,15.2,23.3,0.0,13.0,23.1,14,960.8,39,-7.3,Kano
2008-02-05,31.6,15.0,23.2,0.0,14.5,23.37,11,961.5,30,-10.2,Kano
2008-02-06,30.8,14.6,22.7,0.0,14.3,23.43,10,961.9,21,-11.3,Kano
2008-02-07,28.6,13.9,21.3,0.0,14.2,23.46,12,961.9,3,-9.3,Kano
2008-02-08,28.3,13.1,20.8,0.0,12.9,23.39,16,960.6,30,-6.8,Kano
2008-02-09,28.6,13.4,21.0,0.0,12.1,23.46,16,960.9,3,-6.3,Kano
2008-02-10,28.8,13.3,21.2,0.0,12.8,23.55,17,962.1,0,-5.8,Kano
2008-02-11,28.5,13.7,21.0,0.0,15.0,23.74,16,962.3,28,-6.7,Kano
2008-02-12,28.1,13.1,20.6,0.0,18.3,24.27,14,962.0,12,-7.9,Kano
2008-02-13,28.0,13.8,20.8,0.0,20.1,24.22,18,961.8,0,-4.9,Kano
2008-02-14,28.9,14.7,21.4,0.0,17.6,23.96,18,961.7,8,-4.6,Kano
2008-02-15,28.8,15.4,21.7,0.0,18.4,24.07,16,961.7,51,-5.8,Kano
2008-02-16,28.2,14.1,21.0,0.0,18.0,24.43,16,961.5,25,-6.6,Kano
2008-02-17,28.9,12.5,20.9,0.0,17.7,24.78,15,961.2,0,-7.6,Kano
2008-02-18,29.0,14.3,21.7,0.0,22.9,24.7,17,962.2,0,-5.2,Kano
2008-02-19,27.9,14.4,21.0,0.0,19.2,24.64,20,962.7,0,-3.4,Kano
2008-02-20,27.0,13.1,19.8,0.0,17.4,24.65,15,963.4,0,-8.1,Kano
2008-02-21,27.6,13.3,20.1,0.0,17.6,24.65,10,962.8,0,-12.6,Kano
2008-02-22,29.0,13.9,21.2,0.0,17.8,24.74,11,962.2,17,-10.9,Kano
2008-02-23,30.9,14.6,22.5,0.0,16.3,24.75,12,961.3,5,-9.2,Kano
2008-02-24,31.2,15.2,23.1,0.0,14.7,24.98,11,960.9,1,-9.0,Kano
2008-02-25,31.7,15.6,23.4,0.0,16.3,25.08,12,960.9,0,-7.8,Kano
2008-02-26,31.6,15.2,23.3,0.0,14.2,25.11,15,961.1,0,-5.6,Kano
2008-02-27,32.3,15.0,23.7,0.0,11.4,25.13,17,960.6,0,-3.5,Kano
2008-02-28,33.7,14.9,24.4,0.0,11.2,25.19,16,959.7,17,-4.0,Kano
2008-02-29,35.4,15.6,25.6,0.0,11.0,25.28,13,958.6,19,-5.9,Kano
2008-03-01,35.2,16.8,26.1,0.0,11.0,25.24,10,957.7,40,-8.8,Kano
2008-03-02,35.5,17.3,26.5,0.0,13.4,25.62,10,957.3,10,-8.3,Kano
2008-03-03,36.2,18.3,27.1,0.0,12.1,25.62,10,957.9,8,-7.1,Kano
2008-03-04,36.7,18.6,27.7,0.0,10.9,25.54,12,957.1,29,-4.4,Kano
2008-03-05,37.4,18.3,28.2,0.0,11.3,25.74,13,954.9,4,-4.0,Kano
2008-03-06,37.0,18.4,27.7,0.0,10.6,25.8,13,954.7,0,-3.9,Kano
2008-03-07,37.8,18.0,28.2,0.0,10.8,25.89,12,954.9,13,-5.3,Kano
2008-03-08,36.6,15.8,27.2,0.0,9.5,24.87,20,955.1,61,1.2,Kano
2008-03-09,35.9,19.9,28.3,0.0,9.5,24.95,12,956.5,28,-4.6,Kano
2008-03-10,36.0,18.9,27.8,0.0,12.0,25.34,13,956.9,70,-4.5,Kano
2008-03-11,35.5,19.5,27.6,0.0,14.4,25.91,11,958.9,44,-6.9,Kano
2008-03-12,35.1,18.7,26.9,0.0,15.1,26.34,7,959.0,30,-12.8,Kano
2008-03-13,35.5,18.7,27.2,0.0,15.9,26.06,7,958.2,62,-12.6,Kano
2008-03-14,35.7,19.7,27.7,0.0,17.7,26.43,9,958.2,26,-8.4,Kano
2008-03-15,35.1,19.4,27.4,0.0,17.7,26.4,9,958.5,0,-8.8,Kano
2008-03-16,35.1,18.3,27.1,0.0,10.8,26.53,10,958.5,0,-7.7,Kano
2008-03-17,35.5,17.7,27.1,0.0,13.5,26.8,11,958.0,0,-6.7,Kano
2008-03-18,36.1,17.8,27.3,0.0,15.0,26.78,11,957.9,27,-6.3,Kano
2008-03-19,37.0,18.5,28.2,0.0,12.2,26.63,10,958.0,27,-7.4,Kano
2008-03-20,37.4,20.9,29.0,0.0,10.2,26.51,10,957.9,9,-6.3,Kano
2008-03-21,37.9,17.4,28.7,0.0,9.4,26.64,12,956.1,65,-5.9,Kano
2008-03-22,38.1,17.0,28.4,0.0,9.8,27.08,14,954.7,13,-3.5,Kano
2008-03-23,38.0,19.1,29.6,0.0,10.5,24.35,23,955.3,3,5.2,Kano
2008-03-24,39.3,19.7,30.3,0.0,10.8,26.89,21,956.2,0,2.5,Kano
2008-03-25,38.4,18.3,28.9,0.0,10.3,27.54,15,956.0,0,-2.6,Kano
2008-03-26,39.2,18.6,29.8,0.0,11.4,27.48,15,954.8,0,-1.6,Kano
2008-03-27,38.6,17.1,29.1,0.0,9.7,27.32,18,954.0,51,0.8,Kano
2008-03-28,39.0,19.1,29.4,0.0,12.2,27.22,23,953.4,4,4.4,Kano
2008-03-29,38.6,20.8,30.0,0.0,10.1,27.02,27,954.9,0,5.8,Kano
2008-03-30,36.7,19.9,29.1,0.0,11.7,27.46,10,955.8,1,-5.8,Kano
2008-03-31,36.7,19.6,28.4,0.0,11.3,27.69,12,955.3,34,-5.0,Kano
2008-04-01,36.3,18.6,27.9,0.0,13.5,27.75,11,954.2,5,-5.6,Kano
2008-04-02,37.2,19.3,29.1,0.0,12.4,27.1,11,954.8,35,-5.1,Kano
2008-04-03,37.6,22.4,30.1,0.0,8.7,26.55,15,955.0,62,0.4,Kano
2008-04-04,35.4,25.1,30.6,0.0,15.1,19.93,36,955.5,61,13.5,Kano
2008-04-05,35.8,25.2,29.9,1.4,13.3,18.61,46,955.6,87,16.6,Kano
2008-04-06,36.4,24.6,30.4,0.0,16.1,24.74,29,957.6,65,5.2,Kano
2008-04-07,35.2,23.6,29.0,0.0,18.0,26.17,10,959.8,54,-7.6,Kano
2008-04-08,34.5,18.9,27.0,0.0,16.6,27.66,9,959.3,83,-9.1,Kano
2008-04-09,34.6,20.0,27.3,0.0,19.7,27.67,10,958.7,96,-8.0,Kano
2008-04-10,36.4,18.9,27.9,0.0,16.9,28.25,9,957.1,46,-9.1,Kano
2008-04-11,37.5,20.9,29.3,0.0,18.2,27.79,9,956.4,2,-6.8,Kano
2008-04-12,37.6,21.0,29.3,0.0,11.5,28.71,7,956.4,0,-11.3,Kano
2008-04-13,37.6,20.2,29.0,0.0,16.6,28.59,9,955.9,0,-7.2,Kano
2008-04-14,37.8,18.6,28.7,0.0,15.9,28.64,11,955.3,2,-6.2,Kano
2008-04-15,37.7,17.9,28.6,0.0,10.5,28.6,11,955.8,30,-5.9,Kano
2008-04-16,39.0,19.1,29.7,0.0,15.0,28.38,12,956.6,26,-5.1,Kano
2008-04-17,39.2,25.8,32.0,0.0,13.2,25.45,11,957.1,31,-3.1,Kano
2008-04-18,38.5,22.7,30.7,0.0,8.8,23.91,22,957.4,71,4.3,Kano
2008-04-19,39.2,21.7,30.5,0.0,11.2,27.36,30,957.3,21,6.3,Kano
2008-04-20,39.4,19.9,31.4,0.0,11.2,28.25,15,956.7,1,-0.4,Kano
2008-04-21,40.3,19.1,31.2,0.0,11.6,28.13,18,955.2,5,1.3,Kano
2008-04-22,40.3,20.2,30.7,0.0,12.0,27.66,17,954.2,1,1.5,Kano
2008-04-23,38.7,22.0,30.6,0.0,13.2,24.65,35,955.0,43,12.0,Kano
2008-04-24,39.3,26.0,31.9,0.0,21.6,24.47,46,956.4,84,16.7,Kano
2008-04-25,39.0,25.1,31.7,0.0,11.3,25.0,43,955.4,57,14.8,Kano
2008-04-26,38.2,22.4,31.0,0.0,12.5,24.27,31,955.2,47,10.2,Kano
2008-04-27,37.2,22.6,30.7,0.0,14.3,22.43,17,957.1,83,2.1,Kano
2008-04-28,38.5,25.4,31.8,0.0,16.1,25.22,12,956.4,70,-2.3,Kano
2008-04-29,38.1,22.7,31.2,0.0,17.1,28.16,10,956.2,65,-7.3,Kano
2008-04-30,37.8,19.6,29.7,0.0,11.6,28.06,7,955.2,11,-10.7,Kano
2008-05-01,38.6,21.6,30.3,0.0,10.6,26.43,14,955.9,33,-1.3,Kano
2008-05-02,36.7,25.3,31.1,0.2,19.0,25.57,44,956.8,51,16.8,Kano
2008-05-03,38.1,25.4,31.9,0.0,13.0,22.99,22,956.3,53,4.2,Kano
2008-05-04,38.3,21.6,30.9,0.0,7.9,27.81,15,956.8,50,-0.5,Kano
2008-05-05,36.5,20.2,29.5,0.0,11.2,18.1,21,957.7,73,3.3,Kano
2008-05-06,38.9,20.0,30.0,0.0,9.8,27.79,22,957.6,38,3.7,Kano
2008-05-07,37.2,22.7,30.3,0.0,9.8,18.82,26,957.5,73,6.5,Kano
2008-05-08,37.4,24.6,30.5,0.0,17.4,18.96,31,956.9,95,10.9,Kano
2008-05-09,38.5,23.6,31.2,0.0,13.0,24.66,45,956.4,91,16.1,Kano
2008-05-10,38.7,25.9,32.5,0.3,11.2,25.66,39,957.6,74,15.3,Kano
2008-05-11,39.9,26.4,32.9,0.0,13.0,26.2,35,957.2,26,13.7,Kano
2008-05-12,40.4,26.0,33.0,0.0,15.3,26.13,36,955.9,40,14.1,Kano
2008-05-13,38.7,27.4,31.9,1.5,17.6,24.3,48,957.4,86,18.7,Kano
2008-05-14,36.0,25.5,30.3,0.3,14.3,23.04,55,958.7,87,19.5,Kano
2008-05-15,39.3,25.3,32.2,0.0,13.4,25.26,43,957.0,30,16.6,Kano
2008-05-16,40.2,26.8,32.5,0.0,19.1,23.44,46,956.9,93,17.3,Kano
2008-05-17,37.1,25.0,30.0,0.7,18.5,23.03,59,958.2,100,20.3,Kano
2008-05-18,37.0,25.5,30.5,0.5,12.6,20.92,56,957.9,92,20.0,Kano
2008-05-19,37.8,24.9,31.1,1.5,13.8,24.16,52,956.5,60,19.0,Kano
2008-05-20,37.7,25.1,31.2,0.8,15.8,23.95,50,956.3,21,18.6,Kano
2008-05-21,38.2,24.2,30.9,0.0,16.0,25.48,50,956.0,22,17.1,Kano
2008-05-22,39.4,24.3,31.6,0.0,17.8,25.7,47,955.7,5,16.5,Kano
2008-05-23,37.7,25.5,31.2,0.0,19.8,23.95,49,955.2,42,18.4,Kano
2008-05-24,38.0,25.2,30.9,0.9,15.6,24.85,53,956.4,48,19.0,Kano
2008-05-25,34.0,25.8,29.0,3.3,18.9,22.26,61,957.4,56,20.5,Kano
2008-05-26,37.7,24.9,30.7,0.0,18.0,24.84,50,956.1,75,17.7,Kano
2008-05-27,39.0,25.6,31.8,0.0,17.5,25.56,42,955.3,55,16.3,Kano
2008-05-28,36.6,25.2,30.7,0.0,13.2,25.41,49,957.4,33,17.8,Kano
2008-05-29,37.2,24.8,30.9,0.0,12.0,24.67,49,957.9,34,18.0,Kano
2008-05-30,38.4,25.5,31.7,0.5,13.5,24.83,47,957.5,26,17.7,Kano
2008-05-31,38.4,24.9,31.2,1.0,19.1,24.54,48,957.3,67,17.4,Kano
2008-06-01,38.1,24.7,31.1,0.0,16.6,25.09,48,957.3,45,17.4,Kano
2008-06-02,37.5,24.5,31.1,0.0,16.8,24.5,47,957.6,59,16.7,Kano
2008-06-03,38.2,24.3,31.1,0.0,17.6,25.01,46,958.4,38,15.9,Kano
2008-06-04,38.8,24.5,31.4,0.0,17.6,26.29,42,958.7,5,14.6,Kano
2008-06-05,38.6,24.5,31.4,0.0,18.3,25.45,42,958.3,6,15.0,Kano
2008-06-06,39.4,24.5,31.9,0.0,17.4,26.27,42,957.1,21,14.9,Kano
2008-06-07,38.8,25.6,31.7,0.6,19.2,25.94,46,957.0,10,17.5,Kano
2008-06-08,38.2,25.0,30.3,2.3,24.4,25.05,55,957.4,46,19.2,Kano
2008-06-09,34.9,24.6,29.4,0.2,13.4,23.23,57,958.5,75,19.5,Kano
2008-06-10,36.5,24.2,30.2,0.3,14.5,23.8,54,959.5,49,18.9,Kano
2008-06-11,38.6,24.0,31.5,0.0,11.4,25.56,48,958.4,13,17.6,Kano
2008-06-12,38.1,25.7,31.6,0.3,16.6,25.02,49,956.6,19,18.6,Kano
2008-06-13,36.4,23.9,29.2,0.6,16.8,24.25,60,957.4,23,20.1,Kano
2008-06-14,37.9,24.8,31.1,0.2,14.7,25.56,52,958.0,20,18.6,Kano
2008-06-15,39.3,24.7,31.6,0.0,15.9,25.93,44,956.5,7,15.5,Kano
2008-06-16,37.6,24.6,31.0,0.0,18.1,25.52,50,956.9,27,18.0,Kano
2008-06-17,37.2,25.0,30.6,0.0,17.1,23.49,52,958.3,53,18.3,Kano
2008-06-18,36.7,24.0,29.7,0.3,15.5,24.98,58,959.0,38,19.6,Kano
2008-06-19,36.3,24.2,28.6,6.3,17.4,24.59,61,958.5,20,19.5,Kano
2008-06-20,35.4,24.5,28.9,2.2,17.2,23.17,59,957.3,69,19.3,Kano
2008-06-21,32.9,23.2,27.5,17.0,14.0,22.9,70,957.2,63,21.1,Kano
2008-06-22,30.2,22.9,26.4,4.5,13.1,16.93,76,958.5,89,21.6,Kano
2008-06-23,30.9,24.0,26.5,9.8,9.5,19.47,75,958.5,93,21.7,Kano
2008-06-24,31.4,23.5,26.7,3.2,10.1,20.03,74,958.8,69,21.3,Kano
2008-06-25,32.3,22.6,27.1,0.0,15.3,24.51,68,960.0,26,20.1,Kano
2008-06-26,30.4,22.4,26.5,2.3,7.6,21.18,72,961.0,78,20.9,Kano
2008-06-27,33.7,22.3,28.2,0.0,10.2,24.59,62,960.1,34,19.6,Kano
2008-06-28,32.7,23.3,27.2,5.9,11.5,23.61,70,960.7,96,20.9,Kano
2008-06-29,32.9,22.8,27.7,0.1,10.3,24.24,70,960.5,27,21.1,Kano
2008-06-30,33.8,23.4,27.3,28.7,8.6,24.31,73,960.1,35,21.5,Kano
2008-07-01,31.5,22.2,26.7,9.3,14.8,22.61,75,960.8,88,21.5,Kano
2008-07-02,32.9,23.3,27.8,0.1,14.3,24.91,69,959.4,36,21.3,Kano
2008-07-03,32.9,23.8,27.7,6.1,16.1,25.25,70,958.7,22,21.4,Kano
2008-07-04,33.2,23.5,27.6,3.5,17.5,25.51,69,958.7,31,21.1,Kano
2008-07-05,31.7,23.5,26.6,5.8,16.6,21.12,74,959.4,66,21.2,Kano
2008-07-06,30.9,22.8,26.1,1.2,20.4,18.08,76,958.7,84,21.4,Kano
2008-07-07,30.9,22.3,26.3,0.4,13.8,20.7,74,958.8,72,20.9,Kano
2008-07-08,28.7,22.5,25.4,0.0,20.4,13.35,73,960.0,96,20.1,Kano
2008-07-09,31.6,22.3,26.4,1.5,19.3,23.71,70,960.7,66,20.3,Kano
2008-07-10,31.4,22.1,26.3,5.9,19.8,21.21,69,961.1,51,19.9,Kano
2008-07-11,32.0,22.1,26.1,4.2,13.8,22.78,76,960.5,74,21.2,Kano
2008-07-12,32.0,22.6,27.0,0.5,13.8,24.46,72,958.7,30,21.2,Kano
2008-07-13,32.2,23.6,27.3,1.4,14.1,23.39,72,957.4,41,21.5,Kano
2008-07-14,31.7,23.5,26.4,8.0,15.1,20.88,76,957.6,94,21.7,Kano
2008-07-15,31.1,22.7,26.6,0.0,13.4,21.44,71,959.3,74,20.4,Kano
2008-07-16,29.4,22.6,25.7,1.9,17.1,16.35,71,960.2,91,19.9,Kano
2008-07-17,26.1,21.4,23.8,15.6,17.1,10.67,82,959.0,99,20.5,Kano
2008-07-18,23.7,21.1,22.1,31.0,11.2,3.99,92,959.7,100,20.7,Kano
2008-07-19,28.8,19.9,24.4,0.0,14.8,17.26,76,960.4,87,19.6,Kano
2008-07-20,30.3,21.9,25.7,2.4,7.6,23.03,74,961.1,57,20.6,Kano
2008-07-21,30.5,22.2,25.8,5.0,13.2,22.51,77,959.5,70,21.3,Kano
2008-07-22,30.9,22.1,25.9,0.6,12.0,22.61,78,959.1,79,21.4,Kano
2008-07-23,30.1,22.1,25.5,10.9,14.0,23.49,79,959.9,60,21.4,Kano
2008-07-24,31.2,21.1,25.6,5.5,11.2,23.57,78,960.5,62,21.1,Kano
2008-07-25,28.9,22.3,25.1,3.8,11.7,15.22,82,960.1,97,21.7,Kano
2008-07-26,30.4,22.6,25.9,6.1,11.1,23.39,78,960.1,75,21.5,Kano
2008-07-27,30.3,21.5,25.4,2.1,15.3,22.75,77,961.5,79,20.7,Kano
2008-07-28,31.3,22.5,26.0,0.0,14.4,22.77,73,960.8,83,20.5,Kano
2008-07-29,30.2,22.5,25.8,0.9,12.3,20.33,76,959.2,64,21.1,Kano
2008-07-30,31.9,22.2,26.8,1.9,14.0,24.79,74,958.3,39,21.4,Kano
2008-07-31,28.5,22.7,24.5,12.1,19.3,12.65,82,958.3,86,21.2,Kano
2008-08-01,29.5,22.1,25.1,6.6,15.1,20.34,79,958.4,64,20.9,Kano
2008-08-02,30.2,22.3,25.3,8.2,15.8,22.02,80,958.9,71,21.5,Kano
2008-08-03,30.6,22.1,26.1,0.5,11.2,23.4,79,958.6,67,21.9,Kano
2008-08-04,31.5,22.4,26.1,6.3,11.2,25.15,78,959.2,73,21.6,Kano
2008-08-05,30.1,22.2,25.2,11.7,11.4,22.55,82,959.3,58,21.7,Kano
2008-08-06,29.7,22.7,25.5,5.8,11.5,19.68,79,958.5,74,21.5,Kano
2008-08-07,30.6,21.9,25.8,0.9,11.8,23.55,77,958.0,48,21.3,Kano
2008-08-08,30.9,22.1,26.1,0.3,16.1,22.3,74,958.5,77,21.0,Kano
2008-08-09,28.7,22.6,25.0,3.6,15.5,13.08,79,960.2,93,21.0,Kano
2008-08-10,28.9,21.3,24.7,3.0,15.2,16.88,82,959.4,73,21.3,Kano
2008-08-11,30.4,22.4,25.9,5.3,11.1,23.35,80,957.1,77,22.0,Kano
2008-08-12,29.6,22.9,25.7,2.6,16.7,18.3,79,957.1,65,21.5,Kano
2008-08-13,30.2,21.9,25.6,6.3,10.2,21.86,78,959.2,76,21.4,Kano
2008-08-14,30.9,22.4,26.0,2.9,15.3,21.95,78,959.0,75,21.6,Kano
2008-08-15,26.8,23.0,24.6,7.2,21.2,11.0,83,957.5,99,21.6,Kano
2008-08-16,27.2,21.6,24.0,10.1,13.0,13.17,84,956.6,99,21.2,Kano
2008-08-17,28.0,21.3,24.0,8.4,13.0,15.58,83,958.0,97,20.7,Kano
2008-08-18,27.6,21.5,23.5,18.0,9.0,12.82,87,958.3,98,21.1,Kano
2008-08-19,27.9,20.8,23.4,8.0,13.3,16.43,87,958.9,98,21.0,Kano
2008-08-20,25.6,21.3,23.0,23.8,7.2,10.66,91,958.4,95,21.4,Kano
2008-08-21,28.9,20.6,23.9,15.5,6.9,19.94,87,958.5,64,21.5,Kano
2008-08-22,28.2,21.1,24.0,9.2,11.6,16.19,85,959.2,87,21.1,Kano
2008-08-23,28.7,20.8,24.2,7.7,8.7,18.45,84,960.8,92,21.2,Kano
2008-08-24,30.0,21.1,25.2,4.6,10.2,23.59,81,959.8,75,21.4,Kano
2008-08-25,30.1,21.6,25.5,10.1,6.9,22.94,80,958.4,73,21.4,Kano
2008-08-26,29.8,21.6,25.1,11.4,10.4,23.53,82,958.4,89,21.6,Kano
2008-08-27,29.4,22.1,24.5,11.8,10.4,16.13,85,958.6,100,21.6,Kano
2008-08-28,28.9,20.4,24.1,16.6,13.3,15.6,84,957.6,72,21.0,Kano
2008-08-29,30.1,21.7,25.4,3.5,11.0,24.02,79,958.1,65,21.3,Kano
2008-08-30,30.0,21.6,24.9,17.5,12.0,22.18,83,959.3,75,21.7,Kano
2008-08-31,29.6,22.6,25.9,1.2,12.4,20.01,78,957.9,91,21.7,Kano
2008-09-01,29.3,22.4,25.2,0.8,15.9,15.24,82,958.4,85,21.7,Kano
2008-09-02,31.0,21.9,26.4,0.0,7.1,24.03,76,958.5,40,21.6,Kano
2008-09-03,31.4,22.5,26.4,23.5,17.7,23.66,80,957.6,65,22.4,Kano
2008-09-04,30.4,21.4,25.5,8.0,10.0,23.46,80,958.2,83,21.6,Kano
2008-09-05,30.8,21.7,26.0,0.5,11.8,24.28,76,960.1,72,21.2,Kano
2008-09-06,32.2,22.7,27.0,0.3,15.1,23.72,71,959.9,25,21.0,Kano
2008-09-07,33.1,22.7,27.0,0.6,19.1,25.37,72,957.9,85,21.1,Kano
2008-09-08,30.5,22.7,25.6,9.9,13.2,21.24,80,958.5,74,21.7,Kano
2008-09-09,28.7,22.3,25.1,11.7,12.7,20.01,84,960.5,84,22.0,Kano
2008-09-10,29.8,21.5,25.4,0.1,9.7,19.81,81,960.1,91,21.7,Kano
2008-09-11,29.1,22.7,25.0,17.7,12.7,20.8,82,959.0,72,21.7,Kano
2008-09-12,29.7,22.0,25.6,0.6,14.8,22.58,78,958.9,34,21.2,Kano
2008-09-13,30.2,22.1,25.5,11.4,10.1,20.42,80,959.4,93,21.5,Kano
2008-09-14,25.9,21.5,23.5,20.1,11.3,10.48,90,959.5,98,21.8,Kano
2008-09-15,29.1,20.2,24.8,0.6,14.7,21.14,80,960.7,71,20.8,Kano
2008-09-16,31.0,21.5,26.1,0.0,9.0,22.92,76,960.6,82,21.3,Kano
2008-09-17,33.7,22.7,27.6,0.0,11.5,25.69,69,958.6,21,21.0,Kano
2008-09-18,34.5,22.2,27.8,0.0,9.1,25.8,69,957.8,39,20.9,Kano
2008-09-19,31.5,23.3,26.8,2.9,14.8,24.59,74,959.3,36,21.8,Kano
2008-09-20,33.5,22.1,27.1,0.1,11.8,23.25,72,959.6,75,21.1,Kano
2008-09-21,33.4,23.2,27.8,0.4,10.4,24.65,69,958.4,31,21.1,Kano
2008-09-22,30.7,23.4,26.5,1.1,11.9,18.04,78,958.9,87,22.2,Kano
2008-09-23,29.9,22.5,25.6,7.1,13.0,21.39,81,959.4,90,22.0,Kano
2008-09-24,31.8,21.7,26.4,0.0,10.3,23.0,76,959.3,74,21.4,Kano
2008-09-25,33.6,22.5,27.4,1.2,8.7,24.13,73,958.6,15,21.7,Kano
2008-09-26,32.2,22.2,27.3,0.0,9.3,23.75,75,958.4,19,22.1,Kano
2008-09-27,33.5,22.9,27.8,0.0,14.0,24.78,71,957.9,30,21.5,Kano
2008-09-28,30.0,23.1,26.0,0.8,14.9,17.01,78,959.8,97,21.7,Kano
2008-09-29,30.9,23.5,26.4,4.8,9.5,19.99,77,960.6,89,21.8,Kano
2008-09-30,32.5,22.1,26.9,0.3,8.9,24.0,71,960.2,27,20.6,Kano
2008-10-01,34.3,22.6,27.9,0.0,11.6,24.59,65,959.1,10,20.2,Kano
2008-10-02,34.2,22.3,28.0,0.0,12.0,24.71,67,958.0,9,20.5,Kano
2008-10-03,34.0,23.4,27.6,2.5,17.9,22.82,69,957.1,64,21.0,Kano
2008-10-04,33.5,23.3,27.9,0.0,10.6,23.2,69,957.7,53,21.1,Kano
2008-10-05,33.8,23.8,28.2,0.0,11.5,23.43,67,957.1,21,20.9,Kano
2008-10-06,35.3,22.6,28.4,0.0,11.1,23.05,61,957.1,40,19.3,Kano
2008-10-07,34.9,22.1,27.9,0.0,14.3,23.84,62,957.0,34,19.1,Kano
2008-10-08,30.8,23.1,26.3,0.5,20.3,16.66,72,958.3,90,20.5,Kano
2008-10-09,31.4,21.1,25.7,2.2,10.0,21.28,74,957.6,41,20.4,Kano
2008-10-10,31.5,21.5,26.3,0.5,14.9,21.17,71,958.5,47,20.1,Kano
2008-10-11,33.0,22.2,27.2,0.9,13.0,22.71,68,960.1,32,20.2,Kano
2008-10-12,33.0,23.0,27.6,0.5,8.1,21.34,67,959.5,52,20.6,Kano
2008-10-13,34.6,20.7,27.2,0.0,15.5,24.99,51,958.2,37,14.0,Kano
2008-10-14,34.8,18.0,26.3,0.0,13.7,25.34,47,957.8,1,12.1,Kano
2008-10-15,32.6,19.2,26.6,0.0,13.0,20.93,53,960.1,81,15.8,Kano
2008-10-16,33.9,22.5,28.2,0.0,18.0,21.75,59,960.8,37,18.8,Kano
2008-10-17,34.9,20.6,27.7,0.0,17.4,24.62,38,958.8,22,10.5,Kano
2008-10-18,34.9,19.6,27.0,0.0,13.3,24.62,40,958.6,47,10.2,Kano
2008-10-19,33.5,18.8,26.3,0.0,11.9,24.94,39,959.6,6,9.6,Kano
2008-10-20,32.9,16.2,25.5,0.0,12.2,25.34,32,959.7,13,6.1,Kano
2008-10-21,33.5,19.7,26.7,0.0,9.4,25.08,28,959.2,5,5.4,Kano
2008-10-22,34.3,16.5,25.9,0.0,8.6,24.7,37,959.1,0,8.6,Kano
2008-10-23,34.3,18.7,26.6,0.0,11.9,23.53,39,960.0,11,9.8,Kano
2008-10-24,34.4,18.6,26.6,0.0,13.0,24.34,27,960.2,1,5.0,Kano
2008-10-25,33.8,20.0,26.5,0.0,16.6,24.78,25,959.6,2,4.0,Kano
2008-10-26,33.8,17.0,25.6,0.0,14.3,24.57,31,959.2,52,5.9,Kano
2008-10-27,34.6,17.1,26.7,0.0,13.8,24.33,30,959.2,1,6.7,Kano
2008-10-28,33.9,18.7,26.9,0.0,10.9,23.57,33,960.0,62,7.8,Kano
2008-10-29,34.6,18.8,26.7,0.0,12.6,23.8,29,959.9,45,6.2,Kano
2008-10-30,34.2,18.6,26.4,0.0,13.3,24.03,28,959.5,0,5.6,Kano
2008-10-31,34.3,17.9,26.3,0.0,12.2,23.76,30,959.1,0,6.0,Kano
2008-11-01,32.9,19.1,25.7,0.0,14.9,24.41,21,959.4,33,0.9,Kano
2008-11-02,32.8,16.6,24.7,0.0,15.1,24.72,21,959.5,61,-0.2,Kano
2008-11-03,32.7,15.6,24.7,0.0,14.7,24.44,24,959.0,5,1.7,Kano
2008-11-04,32.9,15.9,24.5,0.0,15.0,24.08,27,959.5,43,3.2,Kano
2008-11-05,32.8,15.8,24.4,0.0,12.6,24.05,26,959.4,12,2.6,Kano
2008-11-06,32.4,15.2,24.1,0.0,10.6,23.89,26,958.0,44,2.3,Kano
2008-11-07,33.1,14.2,24.2,0.0,8.9,23.84,32,956.7,17,4.1,Kano
2008-11-08,33.3,14.6,24.9,0.0,10.8,23.73,28,957.2,45,3.3,Kano
2008-11-09,33.1,15.8,25.1,0.0,10.4,22.77,27,958.7,89,3.4,Kano
2008-11-10,33.3,16.1,24.9,0.0,13.0,23.23,28,959.4,63,3.9,Kano
2008-11-11,32.3,17.4,24.9,0.0,18.6,22.54,22,960.9,76,0.7,Kano
2008-11-12,31.0,19.1,24.7,0.0,19.2,21.79,21,961.2,51,0.9,Kano
2008-11-13,31.1,17.5,24.2,0.0,17.6,22.78,24,960.3,0,2.0,Kano
2008-11-14,31.4,18.1,24.6,0.0,14.7,21.08,26,959.6,77,3.7,Kano
2008-11-15,32.4,18.1,25.0,0.0,15.2,22.76,25,958.9,0,3.0,Kano
2008-11-16,32.1,17.6,24.7,0.0,13.6,22.86,22,958.4,36,0.9,Kano
2008-11-17,31.4,17.2,24.2,0.0,12.9,22.56,22,958.0,45,0.9,Kano
2008-11-18,30.9,14.8,23.1,0.0,10.8,22.64,28,956.5,73,2.7,Kano
2008-11-19,32.4,15.0,24.3,0.0,9.7,21.95,31,957.2,78,4.9,Kano
2008-11-20,33.4,17.9,25.6,0.0,10.0,21.98,26,960.2,42,3.8,Kano
2008-11-21,33.4,17.4,25.5,0.0,11.9,21.88,20,961.5,29,0.3,Kano
2008-11-22,33.8,18.5,25.8,0.0,13.2,22.27,23,960.4,27,2.8,Kano
2008-11-23,33.4,17.9,25.6,0.0,11.4,22.32,25,958.7,0,3.2,Kano
2008-11-24,33.4,16.4,25.0,0.0,10.3,22.47,24,958.8,0,2.1,Kano
2008-11-25,34.3,15.4,25.5,0.0,10.6,22.31,27,959.2,21,4.3,Kano
2008-11-26,35.4,17.8,26.6,0.0,15.0,21.96,28,959.4,39,4.8,Kano
2008-11-27,34.2,16.6,25.4,0.0,11.8,22.33,24,958.8,21,2.0,Kano
2008-11-28,33.6,14.6,24.3,0.0,12.0,22.32,21,957.5,0,-0.5,Kano
2008-11-29,35.0,15.9,25.7,0.0,11.3,21.98,22,957.6,31,0.7,Kano
2008-11-30,35.1,16.7,25.6,0.0,13.2,22.27,20,958.7,5,-1.0,Kano
2008-12-01,34.5,16.2,25.3,0.0,12.0,22.29,19,958.9,0,-0.9,Kano
2008-12-02,34.0,14.5,24.6,0.0,10.8,22.23,24,958.1,0,1.2,Kano
2008-12-03,34.4,14.2,25.7,0.0,7.6,22.17,23,955.9,43,1.5,Kano
2008-12-04,34.0,15.3,25.6,0.0,13.0,19.93,37,955.2,74,9.2,Kano
2008-12-05,32.6,22.0,27.1,0.0,8.9,17.14,41,958.2,86,11.1,Kano
2008-12-06,31.8,19.0,25.5,0.0,9.8,18.04,30,959.8,63,3.9,Kano
2008-12-07,32.5,17.4,24.9,0.0,11.5,20.75,19,961.0,24,-1.1,Kano
2008-12-08,32.1,17.4,24.8,0.0,12.7,21.14,25,960.4,81,2.9,Kano
2008-12-09,32.4,16.9,24.8,0.0,10.6,21.23,26,959.6,40,3.4,Kano
2008-12-10,33.0,15.5,24.5,0.0,10.7,21.23,28,959.1,44,3.6,Kano
2008-12-11,34.0,15.4,25.3,0.0,9.7,20.88,27,959.8,81,2.8,Kano
2008-12-12,33.8,16.6,25.3,0.0,10.3,19.35,24,959.1,64,2.4,Kano
2008-12-13,34.2,18.1,26.0,0.0,12.9,21.27,22,958.8,61,1.6,Kano
2008-12-14,33.4,17.0,25.2,0.0,12.1,21.35,23,958.5,24,1.8,Kano
2008-12-15,33.7,14.7,24.4,0.0,11.2,21.23,24,957.3,25,1.2,Kano
2008-12-16,34.2,15.6,25.1,0.0,10.3,21.21,25,957.1,4,2.6,Kano
2008-12-17,34.0,16.3,25.3,0.0,9.7,20.62,23,957.4,63,1.6,Kano
2008-12-18,32.1,16.5,24.5,0.0,11.8,21.4,17,957.1,25,-3.5,Kano
2008-12-19,31.8,15.9,23.8,0.0,11.6,21.42,17,957.6,26,-2.9,Kano
2008-12-20,31.7,15.7,23.6,0.0,12.9,21.28,18,957.8,18,-3.0,Kano
2008-12-21,30.1,15.4,22.9,0.0,16.4,21.53,20,959.1,17,-1.9,Kano
2008-12-22,26.9,14.6,20.8,0.0,15.6,21.17,21,961.2,28,-3.1,Kano
2008-12-23,26.4,12.6,19.5,0.0,15.2,21.29,22,962.0,17,-3.1,Kano
2008-12-24,26.9,13.6,20.1,0.0,17.3,21.29,23,962.3,2,-2.0,Kano
2008-12-25,27.3,13.4,20.2,0.0,14.7,21.03,23,961.3,51,-2.1,Kano
2008-12-26,28.7,14.2,21.2,0.0,12.8,20.88,24,960.4,0,-0.6,Kano
2008-12-27,29.5,14.7,22.0,0.0,14.7,21.14,19,959.7,0,-3.1,Kano
2008-12-28,29.1,15.0,22.0,0.0,13.9,21.38,15,958.8,0,-6.1,Kano
2008-12-29,29.6,15.3,22.2,0.0,15.0,21.28,16,959.3,20,-5.4,Kano
2008-12-30,29.7,14.4,22.0,0.0,13.7,21.42,19,959.7,0,-3.0,Kano
2008-12-31,29.7,14.3,21.8,0.0,16.1,21.47,19,960.8,0,-3.7,Kano
2009-01-01,27.9,14.6,21.0,0.0,17.9,21.39,20,961.4,26,-3.5,Kano
2009-01-02,27.6,13.6,20.4,0.0,13.7,21.37,22,961.8,73,-2.6,Kano
2009-01-03,27.6,13.7,20.4,0.0,12.7,20.78,25,961.8,90,-1.1,Kano
2009-01-04,28.2,14.6,21.1,0.0,12.4,21.05,21,960.9,29,-2.5,Kano
2009-01-05,30.0,14.1,22.0,0.0,9.4,21.03,23,960.0,35,-0.5,Kano
2009-01-06,31.7,14.3,23.1,0.0,10.9,21.31,24,958.3,40,0.2,Kano
2009-01-07,32.4,14.0,23.4,0.0,11.9,21.37,22,957.2,79,-1.3,Kano
2009-01-08,31.9,16.0,23.8,0.0,10.9,20.74,17,957.4,96,-3.9,Kano
2009-01-09,33.3,13.8,23.8,0.0,11.4,21.51,19,958.8,75,-2.4,Kano
2009-01-10,33.8,14.5,24.4,0.0,11.9,21.61,19,959.3,10,-2.0,Kano
2009-01-11,34.6,16.8,26.3,0.0,11.2,21.62,20,958.2,16,0.6,Kano
2009-01-12,35.6,14.6,26.4,0.0,10.9,21.63,26,957.6,0,3.2,Kano
2009-01-13,35.0,15.5,25.8,0.0,10.8,21.54,27,958.3,22,3.4,Kano
2009-01-14,35.2,15.3,25.6,0.0,11.8,21.62,23,958.0,8,1.2,Kano
2009-01-15,34.9,17.4,25.9,0.0,13.1,22.02,16,957.9,12,-2.8,Kano
2009-01-16,33.6,15.8,24.6,0.0,12.3,22.12,18,957.5,21,-2.8,Kano
2009-01-17,33.0,16.7,24.7,0.0,10.4,21.87,18,958.2,21,-2.1,Kano
2009-01-18,32.9,16.7,24.7,0.0,11.2,21.87,19,958.7,51,-1.1,Kano
2009-01-19,33.0,14.5,24.5,0.0,10.6,21.41,22,958.6,85,0.0,Kano
2009-01-20,33.8,15.3,25.3,0.0,9.7,21.05,30,957.1,47,5.5,Kano
2009-01-21,33.3,18.3,26.2,0.0,10.0,21.05,28,957.9,45,5.6,Kano
2009-01-22,31.3,19.5,25.0,0.0,13.7,20.84,19,960.4,98,-1.1,Kano
2009-01-23,28.7,17.2,22.7,0.0,15.7,21.77,12,961.1,43,-9.1,Kano
2009-01-24,27.1,14.7,20.7,0.0,14.5,21.53,16,960.5,75,-6.7,Kano
2009-01-25,28.7,13.1,21.0,0.0,10.9,21.88,20,959.7,85,-3.8,Kano
2009-01-26,32.2,13.9,23.3,0.0,9.8,22.01,19,959.6,54,-2.1,Kano
2009-01-27,33.6,16.3,24.9,0.0,10.0,22.03,21,960.0,19,0.1,Kano
2009-01-28,33.2,15.7,24.8,0.0,10.8,22.23,23,959.0,40,0.1,Kano
2009-01-29,32.3,16.6,24.4,0.0,11.0,21.41,17,959.4,77,-3.2,Kano
2009-01-30,32.2,15.1,23.7,0.0,11.0,23.05,16,959.4,17,-4.3,Kano
2009-01-31,32.0,14.7,23.4,0.0,12.3,23.08,17,959.0,46,-4.4,Kano
2009-02-01,32.3,15.3,23.8,0.0,12.2,23.05,13,958.9,75,-6.8,Kano
2009-02-02,33.0,15.4,24.0,0.0,11.5,23.14,13,959.3,89,-7.0,Kano
2009-02-03,34.1,15.0,24.5,0.0,11.5,23.18,14,960.0,87,-5.4,Kano
2009-02-04,34.3,15.7,25.0,0.0,12.5,23.26,15,959.2,49,-4.7,Kano
2009-02-05,33.6,15.2,24.6,0.0,12.2,23.91,11,959.2,5,-9.6,Kano
2009-02-06,34.0,15.3,25.1,0.0,12.0,24.06,10,958.8,0,-9.8,Kano
2009-02-07,35.6,13.7,26.0,0.0,10.7,23.85,16,957.7,0,-3.8,Kano
2009-02-08,35.6,14.4,26.2,0.0,12.0,23.75,19,957.7,7,-1.0,Kano
2009-02-09,35.8,14.7,26.6,0.0,15.6,23.76,19,958.6,31,-0.8,Kano
2009-02-10,32.3,17.9,24.8,0.0,15.2,23.58,16,961.3,61,-3.9,Kano
2009-02-11,31.6,16.4,23.8,0.0,13.2,23.84,11,960.2,53,-8.7,Kano
2009-02-12,32.2,15.0,23.7,0.0,11.0,23.79,12,958.0,17,-7.8,Kano
2009-02-13,33.2,15.6,24.4,0.0,11.0,21.29,12,956.2,59,-7.7,Kano
2009-02-14,34.2,16.0,25.2,0.0,11.5,23.16,13,956.2,34,-6.3,Kano
2009-02-15,34.2,16.2,25.4,0.0,11.7,23.3,14,956.0,71,-5.8,Kano
2009-02-16,35.1,17.1,26.2,0.0,11.4,23.85,11,956.4,78,-7.7,Kano
2009-02-17,35.0,18.6,26.8,0.0,11.2,23.93,11,957.0,36,-6.6,Kano
2009-02-18,34.9,18.6,26.7,0.0,11.4,23.61,13,956.5,65,-4.3,Kano
2009-02-19,35.6,19.0,27.2,0.0,13.8,24.29,12,956.2,15,-5.6,Kano
2009-02-20,36.3,19.5,27.8,0.0,19.2,24.07,14,956.7,29,-3.3,Kano
2009-02-21,35.9,19.2,27.6,0.0,17.2,24.72,11,957.5,46,-6.3,Kano
2009-02-22,35.9,19.2,27.4,0.0,13.2,24.58,12,957.0,63,-5.2,Kano
2009-02-23,36.2,16.8,27.1,0.0,11.5,24.64,16,954.8,0,-1.7,Kano
2009-02-24,34.7,18.3,26.6,0.0,13.5,24.64,18,955.9,40,-0.3,Kano
2009-02-25,34.8,18.0,26.5,0.0,12.1,24.71,18,957.2,66,-0.7,Kano
2009-02-26,34.5,18.8,26.6,0.0,13.4,24.82,13,957.8,34,-5.3,Kano
2009-02-27,32.4,18.4,25.3,0.0,18.4,25.28,8,959.0,23,-11.1,Kano
2009-02-28,32.2,16.4,24.3,0.0,16.1,25.44,13,959.8,63,-6.2,Kano
2009-03-01,31.9,16.4,24.1,0.0,15.6,25.35,12,960.8,57,-7.0,Kano
2009-03-02,33.2,16.8,24.9,0.0,15.1,25.51,11,960.2,0,-8.5,Kano
2009-03-03,34.4,17.5,25.8,0.0,15.4,25.64,9,959.3,36,-9.4,Kano
2009-03-04,34.6,17.5,26.1,0.0,12.2,25.93,9,958.3,1,-9.7,Kano
2009-03-05,36.2,15.6,26.2,0.0,11.2,26.04,13,956.6,3,-5.6,Kano
2009-03-06,37.6,16.8,28.0,0.0,12.1,25.84,16,955.2,8,-1.3,Kano
2009-03-07,38.7,16.5,28.6,0.0,9.3,25.97,19,954.8,33,0.2,Kano
2009-03-08,37.6,20.4,28.9,0.0,10.7,25.74,12,956.1,50,-4.8,Kano
2009-03-09,34.5,19.7,27.0,0.0,17.4,26.04,10,958.3,6,-7.1,Kano
2009-03-10,34.1,18.2,26.2,0.0,15.9,25.98,10,958.5,2,-7.9,Kano
2009-03-11,34.0,18.2,26.2,0.0,16.5,26.11,10,957.7,18,-8.3,Kano
2009-03-12,34.8,17.9,26.6,0.0,13.7,25.87,10,957.0,45,-7.9,Kano
2009-03-13,36.1,20.2,28.0,0.0,16.0,25.82,10,957.3,44,-7.4,Kano
2009-03-14,36.4,20.7,28.5,0.0,20.0,26.17,11,958.1,12,-5.3,Kano
2009-03-15,36.2,21.8,28.9,0.0,19.4,26.23,10,958.9,3,-5.7,Kano
2009-03-16,36.0,20.1,28.3,0.0,14.5,26.21,13,957.7,61,-3.3,Kano
2009-03-17,36.5,19.2,28.4,0.0,11.5,26.36,13,956.7,37,-3.6,Kano
2009-03-18,37.8,17.7,28.7,0.0,10.9,26.6,13,955.7,46,-3.4,Kano
2009-03-19,37.3,17.9,28.2,0.0,9.7,22.38,18,956.2,87,-0.3,Kano
2009-03-20,37.4,22.6,29.8,0.0,20.0,25.02,11,958.0,82,-5.2,Kano
2009-03-21,37.0,20.4,29.0,0.0,15.4,26.3,9,958.2,68,-7.4,Kano
2009-03-22,38.1,20.2,29.6,0.0,10.7,26.42,9,957.1,38,-7.8,Kano
2009-03-23,39.2,20.5,30.3,0.0,18.1,26.87,11,955.8,9,-3.9,Kano
2009-03-24,38.8,23.1,31.2,0.0,19.3,26.08,13,955.7,41,-1.0,Kano
2009-03-25,37.4,22.3,30.1,0.0,18.6,26.85,13,956.3,38,-2.3,Kano
2009-03-26,36.2,21.0,28.8,0.0,18.4,27.45,10,957.2,37,-8.1,Kano
2009-03-27,36.6,20.3,28.6,0.0,16.4,26.91,8,956.5,11,-9.6,Kano
2009-03-28,37.7,21.4,29.7,0.0,14.5,26.9,7,955.3,1,-9.4,Kano
2009-03-29,38.2,21.7,30.1,0.0,13.8,27.11,8,955.2,2,-8.5,Kano
2009-03-30,38.1,21.3,30.0,0.0,12.8,27.3,9,955.0,0,-6.2,Kano
2009-03-31,37.0,20.4,29.2,0.0,10.6,27.48,8,955.0,29,-9.3,Kano
2009-04-01,37.3,18.4,28.8,0.0,10.3,27.74,8,954.7,55,-9.5,Kano
2009-04-02,37.9,17.5,28.9,0.0,11.6,27.97,10,954.4,44,-6.7,Kano
2009-04-03,38.6,21.2,29.9,0.0,17.6,26.36,37,955.1,56,10.5,Kano
2009-04-04,38.8,24.3,31.3,0.0,14.8,25.07,36,955.1,49,13.5,Kano
2009-04-05,39.1,25.9,32.1,0.0,17.3,26.38,36,956.0,63,12.8,Kano
2009-04-06,38.6,24.4,31.6,0.0,16.2,24.09,37,957.0,37,12.2,Kano
2009-04-07,39.6,22.5,31.1,0.0,9.8,25.86,30,956.2,39,7.7,Kano
2009-04-08,39.2,25.2,31.8,0.0,14.2,25.27,32,955.8,49,10.7,Kano
2009-04-09,40.0,24.5,31.7,0.0,13.0,27.4,21,954.9,73,3.2,Kano
2009-04-10,38.5,24.0,31.0,0.0,17.2,26.67,29,955.4,64,8.2,Kano
2009-04-11,39.4,23.7,31.3,0.0,16.2,27.34,28,956.0,31,7.4,Kano
2009-04-12,39.7,22.0,31.3,0.0,13.3,25.41,26,955.4,92,7.1,Kano
2009-04-13,38.0,24.4,30.7,0.0,14.1,20.74,39,956.6,97,13.2,Kano
2009-04-14,38.9,25.5,31.8,0.0,14.5,23.72,37,957.4,94,13.4,Kano
2009-04-15,40.4,27.6,33.8,0.0,14.6,25.39,34,958.0,63,13.6,Kano
2009-04-16,40.4,27.2,33.7,0.0,13.8,25.65,36,957.3,54,13.4,Kano
2009-04-17,39.1,25.7,32.3,0.0,17.1,25.25,41,956.4,22,15.6,Kano
2009-04-18,39.4,26.9,32.4,0.0,18.7,25.34,44,956.4,56,17.6,Kano
2009-04-19,39.2,25.6,32.2,0.0,17.6,25.28,47,957.3,82,17.9,Kano
2009-04-20,40.2,26.4,33.5,0.0,13.2,24.5,39,958.0,77,15.5,Kano
2009-04-21,40.9,28.8,34.4,0.0,14.9,24.61,32,956.5,60,14.3,Kano
2009-04-22,39.9,26.8,33.3,0.0,18.3,21.56,38,954.9,96,15.3,Kano
2009-04-23,39.8,26.7,33.3,0.0,17.3,25.43,39,954.2,36,15.9,Kano
2009-04-24,38.6,28.3,32.7,0.0,16.7,21.97,44,956.1,53,17.7,Kano
2009-04-25,39.1,27.2,31.9,0.6,22.1,21.24,44,957.3,87,17.4,Kano
2009-04-26,38.1,25.7,31.6,0.0,12.8,23.93,44,958.1,72,16.2,Kano
2009-04-27,39.7,25.0,32.4,0.0,14.0,25.08,34,957.3,61,11.4,Kano
2009-04-28,39.2,24.3,31.8,0.0,15.0,25.53,29,957.3,25,10.4,Kano
2009-04-29,40.4,24.0,32.3,0.0,14.2,26.39,38,957.4,49,13.2,Kano
2009-04-30,40.5,25.4,32.9,0.0,15.3,26.0,36,956.5,7,13.1,Kano
2009-05-01,40.1,25.6,32.4,0.0,18.4,26.67,39,954.9,23,14.4,Kano
2009-05-02,39.6,27.2,33.0,0.1,21.4,25.75,40,955.1,33,16.5,Kano
2009-05-03,38.9,27.4,32.5,0.0,15.0,23.67,45,956.6,57,18.0,Kano
2009-05-04,34.2,26.8,29.9,2.2,15.0,18.53,55,957.8,95,19.7,Kano
2009-05-05,37.6,25.3,30.7,1.7,12.1,24.95,50,957.8,91,18.1,Kano
2009-05-06,36.2,24.4,28.7,7.7,14.1,23.1,64,957.8,77,20.3,Kano
2009-05-07,31.5,23.3,26.9,1.6,12.0,15.36,74,958.6,90,21.4,Kano
2009-05-08,33.3,23.0,28.1,0.7,13.1,21.93,66,957.7,77,20.8,Kano
2009-05-09,31.1,22.9,26.0,1.4,11.3,16.61,74,959.9,91,20.8,Kano
2009-05-10,34.0,21.5,27.8,0.2,13.1,24.0,62,959.3,67,18.7,Kano
2009-05-11,36.1,20.6,28.6,0.0,14.5,27.44,45,958.0,7,13.0,Kano
2009-05-12,37.4,20.1,28.8,0.0,11.0,27.8,34,957.5,3,9.0,Kano
2009-05-13,37.9,19.2,29.0,0.0,14.3,26.75,38,957.4,43,11.6,Kano
2009-05-14,37.5,22.4,29.9,0.0,14.4,24.77,43,956.9,46,14.3,Kano
2009-05-15,37.4,23.7,30.5,0.0,14.2,22.74,47,957.0,85,16.2,Kano
2009-05-16,37.3,23.7,30.8,0.0,12.7,23.92,48,957.4,46,16.7,Kano
2009-05-17,39.4,23.7,31.5,0.0,13.1,26.0,41,957.0,75,13.5,Kano
2009-05-18,38.6,23.0,30.7,0.0,14.0,25.27,38,956.8,62,13.0,Kano
2009-05-19,40.0,22.9,31.6,0.0,14.7,25.88,34,957.3,50,10.8,Kano
2009-05-20,40.2,22.3,31.1,0.0,13.9,26.06,34,957.3,92,9.4,Kano
2009-05-21,39.7,20.6,30.4,0.0,12.0,27.33,26,957.0,48,6.6,Kano
2009-05-22,38.6,20.6,30.0,0.0,11.6,25.11,36,957.3,92,9.9,Kano
2009-05-23,37.9,22.7,30.5,0.0,16.8,25.73,37,958.3,13,12.5,Kano
2009-05-24,38.5,22.6,30.9,0.0,11.4,25.34,36,957.5,11,12.2,Kano
2009-05-25,38.2,24.8,30.6,0.3,18.4,24.65,46,958.1,72,16.5,Kano
2009-05-26,38.9,24.5,31.5,0.5,11.7,25.43,49,957.8,77,17.4,Kano
2009-05-27,39.3,24.7,31.9,0.0,11.2,26.7,36,956.4,25,12.1,Kano
2009-05-28,38.2,23.1,30.6,0.0,14.7,24.49,41,955.9,62,13.8,Kano
2009-05-29,37.8,24.6,29.9,0.4,15.8,22.34,51,957.2,58,18.1,Kano
2009-05-30,38.7,24.2,31.4,0.0,11.9,22.81,45,957.7,81,15.2,Kano
2009-05-31,38.9,24.0,31.2,0.0,14.3,26.69,38,958.8,14,12.1,Kano
2009-06-01,39.3,19.5,29.9,0.0,10.3,27.68,23,957.4,0,3.9,Kano
2009-06-02,38.9,20.6,30.0,0.0,13.6,26.81,37,957.6,7,11.5,Kano
2009-06-03,39.1,23.7,31.4,0.0,14.1,25.56,42,958.1,3,14.1,Kano
2009-06-04,38.5,25.0,31.4,0.0,16.8,25.16,44,958.6,30,16.2,Kano
2009-06-05,35.9,25.2,29.1,7.4,14.3,23.19,60,960.3,91,20.1,Kano
2009-06-06,36.4,23.7,29.8,0.0,15.8,24.12,58,959.1,53,19.6,Kano
2009-06-07,37.1,25.1,30.6,0.0,17.8,25.01,54,958.3,30,19.2,Kano
2009-06-08,38.8,24.9,31.5,0.0,19.6,25.19,51,956.2,36,18.5,Kano
2009-06-09,38.1,25.7,31.3,0.0,18.7,25.3,53,956.2,42,19.8,Kano
2009-06-10,36.4,25.1,30.3,0.0,18.0,23.17,57,958.4,97,20.0,Kano
2009-06-11,30.0,24.2,27.4,10.4,14.1,15.39,68,959.5,99,20.7,Kano
2009-06-12,35.8,24.0,28.7,2.3,14.6,22.53,63,959.3,89,20.1,Kano
2009-06-13,35.6,23.7,29.1,0.5,15.1,24.35,63,959.5,80,20.4,Kano
2009-06-14,35.2,24.4,29.3,1.4,15.3,23.95,62,959.1,35,20.8,Kano
2009-06-15,31.4,24.7,28.3,0.4,13.9,19.16,66,959.3,67,21.1,Kano
2009-06-16,32.0,24.5,28.3,0.0,13.8,18.37,64,959.2,92,20.8,Kano
2009-06-17,35.8,24.0,29.4,0.0,14.6,20.0,57,959.2,62,19.1,Kano
2009-06-18,37.8,24.1,30.6,0.9,17.7,25.06,50,957.7,22,17.7,Kano
2009-06-19,36.9,24.5,30.4,0.0,17.3,25.43,53,957.7,26,18.5,Kano
2009-06-20,34.8,24.5,28.6,1.7,13.2,22.95,60,959.5,54,19.6,Kano
2009-06-21,33.0,22.1,26.8,10.3,9.2,21.72,71,960.5,70,20.3,Kano
2009-06-22,36.3,23.3,29.3,0.6,16.0,25.23,56,959.3,76,18.4,Kano
2009-06-23,36.1,24.4,29.6,1.3,16.9,24.97,57,958.6,81,19.5,Kano
2009-06-24,37.3,24.1,29.9,0.3,14.7,24.56,57,958.8,54,19.3,Kano
2009-06-25,36.6,24.6,30.3,0.0,14.8,24.85,57,958.7,54,19.9,Kano
2009-06-26,34.9,24.7,29.4,0.0,24.3,22.67,60,959.1,72,20.4,Kano
2009-06-27,35.9,23.9,29.7,0.0,14.7,24.66,58,960.0,73,19.6,Kano
2009-06-28,36.3,23.1,28.6,12.6,18.7,23.32,64,959.5,83,20.4,Kano
2009-06-29,33.9,23.0,27.7,0.5,15.4,23.71,69,958.9,99,20.8,Kano
2009-06-30,33.5,22.6,27.1,3.7,18.7,23.89,68,960.4,67,20.3,Kano
2009-07-01,33.7,23.2,27.6,0.4,15.7,23.8,69,960.7,72,20.7,Kano
2009-07-02,34.3,22.8,28.2,0.0,11.5,25.06,66,961.0,24,20.6,Kano
2009-07-03,36.5,24.7,30.2,0.0,14.5,25.1,55,959.1,53,19.3,Kano
2009-07-04,37.4,24.8,30.1,0.3,20.5,25.35,60,958.7,51,20.3,Kano
2009-07-05,35.6,24.1,28.8,1.5,15.0,24.52,64,958.1,56,20.8,Kano
2009-07-06,35.3,24.6,28.8,3.2,17.1,24.46,65,957.7,75,21.0,Kano
2009-07-07,33.7,23.7,27.6,4.6,16.1,23.17,70,957.8,76,21.2,Kano
2009-07-08,34.0,23.8,27.9,9.7,14.2,24.16,69,958.7,88,21.2,Kano
2009-07-09,30.8,23.4,26.6,1.3,20.0,17.83,74,959.2,87,21.4,Kano
2009-07-10,31.4,23.0,26.6,0.3,14.0,22.44,71,959.8,52,20.6,Kano
2009-07-11,29.8,22.6,26.0,0.0,16.1,14.11,69,961.2,73,19.7,Kano
2009-07-12,33.3,22.8,27.7,0.3,12.4,24.45,66,961.1,29,20.3,Kano
2009-07-13,30.5,24.1,26.1,15.0,15.3,17.56,76,960.7,81,21.4,Kano
2009-07-14,32.2,22.7,26.6,3.3,11.6,24.53,74,960.8,61,21.2,Kano
2009-07-15,32.6,22.4,27.2,1.2,10.4,24.24,71,961.9,50,21.1,Kano
2009-07-16,34.0,24.1,28.4,1.1,14.2,24.32,67,960.5,70,21.2,Kano
2009-07-17,33.4,24.0,27.3,8.3,16.6,23.65,73,959.2,72,21.6,Kano
2009-07-18,32.3,22.9,26.5,2.4,17.6,23.9,72,960.8,69,20.7,Kano
2009-07-19,31.1,22.6,26.6,0.0,15.0,18.02,72,960.7,42,20.7,Kano
2009-07-20,32.5,23.4,26.9,10.6,14.0,24.18,75,960.4,65,21.8,Kano
2009-07-21,32.2,23.0,26.8,5.6,13.1,23.2,75,959.2,58,21.7,Kano
2009-07-22,32.2,23.6,27.6,0.0,16.9,24.52,68,959.4,41,20.9,Kano
2009-07-23,32.5,23.0,27.4,3.8,15.3,23.9,72,958.7,61,21.5,Kano
2009-07-24,31.7,24.2,27.4,2.0,14.9,22.1,72,958.4,65,21.8,Kano
2009-07-25,31.8,23.2,26.7,6.5,16.9,18.02,74,959.0,89,21.3,Kano
2009-07-26,28.1,22.1,24.5,16.0,10.3,13.61,86,959.9,86,21.9,Kano
2009-07-27,27.9,21.8,24.5,9.3,12.2,12.49,84,959.9,100,21.4,Kano
2009-07-28,29.9,21.5,25.3,5.2,12.2,19.85,81,960.9,94,21.5,Kano
2009-07-29,31.1,23.0,26.3,6.8,10.5,21.59,79,960.5,87,22.1,Kano
2009-07-30,31.7,22.7,26.3,12.8,13.5,23.51,78,959.4,77,22.0,Kano
2009-07-31,31.0,22.7,25.8,10.4,12.9,21.85,81,959.4,79,22.1,Kano
2009-08-01,29.9,22.0,25.3,3.5,16.5,20.84,78,960.6,85,21.0,Kano
2009-08-02,30.5,22.4,26.0,4.2,11.5,18.53,76,960.0,98,21.2,Kano
2009-08-03,26.2,22.4,24.1,20.6,10.6,8.33,89,960.0,100,22.1,Kano
2009-08-04,31.1,22.2,26.3,0.0,13.0,22.85,74,960.1,95,21.0,Kano
2009-08-05,30.0,23.1,26.3,3.0,11.8,21.22,79,960.2,71,22.2,Kano
2009-08-06,32.2,22.6,26.9,0.7,10.0,25.59,77,960.2,53,22.1,Kano
2009-08-07,30.6,23.8,26.8,5.4,11.1,19.54,76,960.5,83,22.0,Kano
2009-08-08,30.9,23.5,26.3,12.0,12.9,22.11,80,959.2,78,22.4,Kano
2009-08-09,30.8,23.2,25.5,10.5,18.4,16.75,82,958.2,85,22.0,Kano
2009-08-10,31.5,22.3,25.8,4.0,15.4,24.12,80,959.3,84,21.8,Kano
2009-08-11,31.4,22.4,25.9,7.3,11.0,23.43,82,960.1,86,22.3,Kano
2009-08-12,29.9,22.9,25.5,19.0,15.6,19.09,82,959.5,73,22.1,Kano
2009-08-13,29.7,21.5,25.1,9.6,12.6,20.93,82,959.4,89,21.5,Kano
2009-08-14,30.7,22.8,26.2,1.1,11.2,24.36,77,959.4,81,21.7,Kano
2009-08-15,31.2,21.8,25.9,11.4,13.4,23.88,80,959.5,95,21.9,Kano
2009-08-16,28.5,21.8,25.0,15.3,10.7,12.95,83,959.2,78,21.7,Kano
2009-08-17,30.2,21.7,25.6,9.8,9.0,22.67,80,958.8,43,21.7,Kano
2009-08-18,30.7,21.2,25.6,1.2,10.5,23.29,77,959.0,57,21.0,Kano
2009-08-19,30.1,22.7,26.1,2.7,9.8,22.01,77,959.1,74,21.6,Kano
2009-08-20,30.0,22.3,25.8,6.2,9.5,21.78,82,959.0,49,22.3,Kano
2009-08-21,31.5,23.3,26.3,4.2,9.0,23.44,81,958.9,73,22.6,Kano
2009-08-22,30.6,23.0,26.0,7.3,11.8,22.1,82,958.6,79,22.5,Kano
2009-08-23,31.2,21.9,26.0,3.8,13.8,22.77,78,958.5,65,21.5,Kano
2009-08-24,30.5,23.3,26.0,11.7,13.8,19.98,82,958.3,89,22.6,Kano
2009-08-25,31.2,23.5,26.9,1.3,11.6,21.79,74,958.3,75,21.6,Kano
2009-08-26,31.7,22.9,26.9,0.6,13.0,24.06,73,958.6,53,21.5,Kano
2009-08-27,31.0,23.5,26.2,16.5,19.0,20.24,81,958.6,95,22.5,Kano
2009-08-28,24.8,22.3,23.6,18.6,14.2,4.82,91,957.7,99,22.0,Kano
2009-08-29,28.1,21.8,24.8,0.0,17.3,14.89,77,959.1,79,20.3,Kano
2009-08-30,28.9,22.4,25.0,8.7,14.0,17.03,81,959.6,87,21.5,Kano
2009-08-31,27.7,21.4,23.7,25.3,12.7,15.47,86,960.2,81,21.1,Kano
2009-09-01,29.5,20.5,25.0,0.3,10.2,20.08,77,961.6,85,20.5,Kano
2009-09-02,29.5,21.0,24.4,8.7,11.0,16.09,83,961.5,92,21.2,Kano
2009-09-03,31.5,21.4,26.2,1.4,10.5,21.95,74,960.4,47,20.8,Kano
2009-09-04,32.7,22.4,26.7,6.2,10.8,24.78,75,960.2,66,21.5,Kano
2009-09-05,29.2,21.5,25.4,14.9,11.4,19.2,81,961.5,67,21.6,Kano
2009-09-06,30.3,22.0,25.7,4.8,11.5,23.66,80,961.8,64,21.8,Kano
2009-09-07,31.2,22.5,26.4,0.7,9.8,23.76,78,960.5,55,22.0,Kano
2009-09-08,32.9,22.8,27.3,0.3,12.4,25.48,73,959.0,59,21.8,Kano
2009-09-09,31.3,23.6,26.9,4.6,10.5,24.01,79,959.1,25,22.8,Kano
2009-09-10,31.1,22.9,26.3,8.8,7.9,23.61,81,960.2,67,22.6,Kano
2009-09-11,31.1,22.4,26.4,2.7,9.7,24.38,80,959.9,53,22.4,Kano
2009-09-12,32.8,22.8,27.4,0.0,14.7,24.42,75,959.6,29,22.2,Kano
2009-09-13,32.7,23.0,27.4,0.0,11.2,24.44,75,960.2,54,22.2,Kano
2009-09-14,30.9,24.3,27.3,1.0,11.7,22.05,78,960.7,89,22.9,Kano
2009-09-15,30.4,22.9,25.7,5.8,13.0,19.67,83,960.7,94,22.4,Kano
2009-09-16,30.3,22.7,26.1,2.4,10.0,22.87,80,960.2,73,22.2,Kano
2009-09-17,33.5,22.3,27.7,0.4,11.3,24.83,74,959.4,12,22.2,Kano
2009-09-18,35.7,24.2,29.0,0.0,13.5,25.34,65,957.9,19,20.9,Kano
2009-09-19,31.0,23.9,26.7,4.2,16.1,20.37,77,959.2,58,22.2,Kano
2009-09-20,30.7,22.6,26.5,0.4,12.0,21.71,75,959.9,82,21.5,Kano
2009-09-21,31.1,21.8,26.5,4.4,12.9,22.12,76,960.2,85,21.6,Kano
2009-09-22,32.9,22.4,26.3,7.9,11.5,24.11,78,959.1,77,21.9,Kano
2009-09-23,31.9,22.1,27.2,0.0,6.9,24.01,75,959.0,86,22.1,Kano
2009-09-24,33.4,23.5,28.2,0.0,12.7,24.02,72,958.9,54,22.3,Kano
2009-09-25,33.7,22.8,27.9,0.0,14.3,23.3,73,958.6,94,22.2,Kano
2009-09-26,34.5,23.3,28.5,0.0,12.2,24.94,68,958.7,45,21.6,Kano
2009-09-27,34.2,24.1,28.4,0.0,15.5,23.69,66,959.1,75,21.0,Kano
2009-09-28,33.7,23.0,28.1,0.0,14.1,23.5,68,959.5,54,21.3,Kano
2009-09-29,33.3,23.9,28.0,2.4,10.0,23.96,70,960.2,50,21.6,Kano
2009-09-30,35.1,22.8,28.4,0.0,9.0,24.38,65,959.3,20,20.4,Kano
2009-10-01,35.5,23.0,28.4,0.0,12.0,24.85,64,959.4,10,19.8,Kano
2009-10-02,35.4,22.3,28.2,0.0,11.6,25.71,59,959.2,5,17.9,Kano
2009-10-03,34.4,21.4,27.8,0.0,11.6,23.58,60,958.8,41,18.6,Kano
2009-10-04,34.6,24.3,28.7,0.0,13.5,21.66,60,958.8,54,19.6,Kano
2009-10-05,34.9,23.6,28.7,0.0,12.6,23.31,62,958.9,81,19.8,Kano
2009-10-06,35.7,23.0,28.9,0.0,13.6,23.39,58,959.0,52,18.5,Kano
2009-10-07,35.0,23.7,28.8,0.0,11.0,23.03,60,959.2,41,19.4,Kano
2009-10-08,34.9,24.2,28.8,0.1,16.7,21.25,62,959.2,54,19.8,Kano
2009-10-09,34.3,22.7,28.1,0.0,12.9,23.73,61,958.8,62,18.9,Kano
2009-10-10,34.7,22.0,27.8,0.0,12.0,24.11,55,957.7,15,16.6,Kano
2009-10-11,34.9,20.9,27.7,0.0,12.1,24.59,54,957.1,11,16.3,Kano
2009-10-12,32.3,23.6,27.6,0.0,13.2,19.03,62,958.3,61,19.2,Kano
2009-10-13,33.6,22.9,27.7,0.0,8.6,21.23,60,958.4,76,18.6,Kano
2009-10-14,32.9,23.2,28.2,0.2,11.2,18.12,59,958.5,90,18.8,Kano
2009-10-15,36.0,23.2,29.1,0.0,11.3,23.59,53,957.5,63,16.8,Kano
2009-10-16,36.4,20.5,28.6,0.0,11.6,24.32,46,957.7,69,14.0,Kano
2009-10-17,36.7,21.5,28.6,0.0,10.5,24.34,48,957.0,69,15.1,Kano
2009-10-18,35.9,22.7,29.1,0.0,13.0,22.56,54,956.0,39,17.5,Kano
2009-10-19,36.2,23.6,29.8,0.0,13.0,23.46,53,956.1,49,18.1,Kano
2009-10-20,34.3,23.6,27.8,3.2,14.8,19.86,66,957.4,81,20.3,Kano
2009-10-21,30.6,22.2,26.4,3.3,6.3,19.51,74,959.2,84,21.0,Kano
2009-10-22,32.9,23.2,27.6,0.0,10.2,17.42,64,959.7,62,19.7,Kano
2009-10-23,34.5,22.5,28.4,0.0,10.2,22.33,59,959.5,57,18.7,Kano
2009-10-24,35.3,23.6,29.0,0.0,13.6,20.75,57,958.0,96,18.7,Kano
2009-10-25,34.1,23.6,28.2,0.0,14.0,21.81,64,957.5,73,20.0,Kano
2009-10-26,34.1,23.6,28.6,0.2,13.0,19.04,58,957.1,91,18.8,Kano
2009-10-27,33.9,23.6,28.4,0.4,11.0,20.19,60,958.4,85,19.3,Kano
2009-10-28,34.2,23.6,28.5,0.4,9.0,19.95,59,959.0,72,18.7,Kano
2009-10-29,32.3,22.5,27.1,2.4,8.7,18.51,65,958.3,98,19.4,Kano
2009-10-30,32.9,22.6,27.5,0.3,11.4,19.67,63,957.8,53,19.4,Kano
2009-10-31,36.0,22.1,28.8,0.0,17.4,23.16,44,957.7,59,12.7,Kano
2009-11-01,35.0,22.9,28.4,0.0,17.1,23.12,28,957.5,57,7.5,Kano
2009-11-02,34.0,20.3,26.9,0.0,10.5,20.71,25,957.6,76,4.8,Kano
2009-11-03,34.9,20.2,27.6,0.0,11.6,22.68,28,957.7,65,6.8,Kano
2009-11-04,35.0,20.3,27.7,0.0,10.1,22.77,31,958.2,68,8.2,Kano
2009-11-05,34.7,19.3,26.8,0.0,7.1,21.34,38,958.8,81,10.1,Kano
2009-11-06,35.5,18.9,27.2,0.0,8.4,23.25,35,956.9,31,8.4,Kano
2009-11-07,36.0,18.0,27.6,0.0,7.5,23.2,33,956.6,56,7.7,Kano
2009-11-08,36.6,18.2,28.1,0.0,8.0,23.32,31,956.7,36,7.2,Kano
2009-11-09,35.6,18.7,27.8,0.0,11.1,20.84,41,958.0,55,11.9,Kano
2009-11-10,34.9,21.6,28.0,0.0,13.0,18.61,48,958.3,83,14.7,Kano
2009-11-11,36.7,19.9,28.6,0.0,10.3,22.54,36,956.0,14,10.0,Kano
2009-11-12,36.1,18.9,27.5,0.0,9.8,22.65,34,956.1,71,8.5,Kano
2009-11-13,35.3,17.2,27.2,0.0,12.6,22.92,32,957.2,3,6.9,Kano
2009-11-14,35.2,17.2,26.6,0.0,10.2,23.1,27,957.8,0,4.4,Kano
2009-11-15,34.0,20.6,27.0,0.0,18.2,22.94,21,959.0,39,2.1,Kano
2009-11-16,30.5,18.3,24.5,0.0,16.6,20.07,22,960.2,71,1.2,Kano
2009-11-17,30.1,17.5,23.5,0.0,16.6,23.03,21,961.0,22,-0.6,Kano
2009-11-18,29.8,16.8,23.1,0.0,15.0,22.59,22,962.0,0,-0.2,Kano
2009-11-19,29.6,16.6,22.9,0.0,15.6,22.7,19,961.6,1,-2.2,Kano
2009-11-20,30.1,15.5,22.8,0.0,16.3,22.65,27,962.3,68,2.4,Kano
2009-11-21,30.3,16.6,23.3,0.0,15.6,22.62,30,962.3,72,4.0,Kano
2009-11-22,31.2,16.5,23.9,0.0,11.1,22.16,28,961.7,20,3.5,Kano
2009-11-23,31.8,17.7,24.7,0.0,13.8,21.86,27,960.9,38,3.8,Kano
2009-11-24,31.5,18.9,25.0,0.0,15.8,21.47,25,961.3,77,3.2,Kano
2009-11-25,31.9,18.2,25.0,0.0,15.6,21.68,25,961.1,42,3.4,Kano
2009-11-26,31.3,18.3,24.6,0.0,14.5,21.82,23,961.3,0,1.6,Kano
2009-11-27,30.4,17.4,23.8,0.0,14.7,21.54,25,961.3,79,2.0,Kano
2009-11-28,29.6,16.5,22.9,0.0,15.0,21.64,25,961.7,62,1.6,Kano
2009-11-29,29.2,16.4,22.5,0.0,16.5,21.78,25,961.6,31,1.2,Kano
2009-11-30,29.4,15.4,22.3,0.0,13.1,21.82,25,960.7,0,1.1,Kano
2009-12-01,30.2,15.2,22.7,0.0,11.7,21.63,25,960.5,21,1.2,Kano
2009-12-02,30.7,15.3,23.0,0.0,11.6,21.63,22,960.3,48,-0.4,Kano
2009-12-03,30.0,15.2,22.7,0.0,12.5,20.88,22,960.6,98,-0.5,Kano
2009-12-04,30.3,15.2,22.7,0.0,11.6,21.29,21,960.6,87,-1.5,Kano
2009-12-05,30.3,15.1,22.7,0.0,11.6,21.65,21,960.7,3,-1.6,Kano
2009-12-06,30.7,15.2,22.8,0.0,11.3,21.57,18,960.1,33,-3.6,Kano
2009-12-07,30.6,15.3,22.8,0.0,12.7,21.42,18,959.6,27,-3.1,Kano
2009-12-08,30.0,15.0,22.5,0.0,13.4,21.54,18,959.9,20,-3.3,Kano
2009-12-09,30.1,14.8,22.4,0.0,12.8,21.34,22,960.1,37,-0.9,Kano
2009-12-10,29.7,15.0,22.4,0.0,12.8,20.95,23,960.0,63,-0.1,Kano
2009-12-11,29.8,13.9,22.1,0.0,9.4,21.26,26,959.5,59,1.0,Kano
2009-12-12,30.3,14.1,22.5,0.0,10.9,21.15,26,959.1,12,1.0,Kano
2009-12-13,31.5,14.6,23.3,0.0,10.6,21.09,24,959.5,45,0.9,Kano
2009-12-14,33.5,16.1,24.8,0.0,9.7,20.51,25,959.6,63,2.0,Kano
2009-12-15,34.1,16.0,25.4,0.0,10.9,20.98,25,959.8,5,2.7,Kano
2009-12-16,35.5,16.3,26.3,0.0,13.6,20.99,25,959.6,0,2.9,Kano
2009-12-17,34.3,18.7,26.4,0.0,13.0,20.96,21,959.9,56,1.5,Kano
2009-12-18,32.9,18.0,25.4,0.0,11.2,21.09,20,959.4,22,0.2,Kano
2009-12-19,32.2,16.6,24.5,0.0,11.9,21.27,18,959.0,0,-2.4,Kano
2009-12-20,32.8,15.5,24.1,0.0,10.5,21.51,17,959.8,0,-3.3,Kano
2009-12-21,32.9,15.2,24.2,0.0,10.2,21.59,16,960.8,1,-4.5,Kano
2009-12-22,32.3,16.1,24.0,0.0,11.9,21.47,13,961.6,0,-6.9,Kano
2009-12-23,30.8,14.6,22.8,0.0,14.7,21.89,15,961.4,0,-6.1,Kano
2009-12-24,30.7,14.3,22.2,0.0,15.5,21.65,21,960.9,0,-2.1,Kano
2009-12-25,28.8,13.6,21.0,0.0,14.8,22.1,16,961.8,0,-7.0,Kano
2009-12-26,28.4,10.9,19.8,0.0,12.3,22.05,16,961.6,0,-7.2,Kano
2009-12-27,29.0,11.6,20.6,0.0,11.6,21.75,25,960.7,1,-1.0,Kano
2009-12-28,30.2,11.6,21.1,0.0,11.0,21.77,28,960.1,0,0.2,Kano
2009-12-29,30.1,13.4,21.8,0.0,13.0,21.83,21,960.4,0,-3.0,Kano
2009-12-30,29.7,13.1,21.5,0.0,15.1,21.8,22,960.3,0,-1.6,Kano
2009-12-31,29.2,14.2,21.6,0.0,15.5,21.49,24,961.4,0,-0.6,Kano
2010-01-01,29.9,13.5,21.5,0.0,13.0,21.64,21,960.8,48,-3.0,Kano
2010-01-02,29.9,12.3,21.3,0.0,13.9,22.29,17,961.1,15,-6.0,Kano
2010-01-03,29.8,12.6,21.5,0.0,11.8,22.21,20,960.8,12,-3.9,Kano
2010-01-04,29.5,12.7,21.2,0.0,11.1,22.01,20,960.5,26,-3.8,Kano
2010-01-05,29.2,12.5,21.1,0.0,11.3,21.66,21,960.3,0,-2.8,Kano
2010-01-06,29.4,12.8,21.3,0.0,11.2,21.39,21,960.0,1,-2.3,Kano
2010-01-07,30.3,13.3,22.0,0.0,9.2,21.08,21,959.8,67,-2.1,Kano
2010-01-08,31.0,13.4,22.3,0.0,10.0,21.76,21,959.4,12,-2.5,Kano
2010-01-09,31.3,13.2,22.4,0.0,10.0,21.99,20,958.7,30,-2.5,Kano
2010-01-10,31.6,14.2,23.0,0.0,11.1,21.88,21,958.7,0,-1.2,Kano
2010-01-11,32.1,14.7,23.5,0.0,10.8,21.98,21,959.5,3,-0.9,Kano
2010-01-12,31.5,15.1,23.4,0.0,15.4,22.04,22,959.8,0,-0.1,Kano
2010-01-13,31.6,15.2,23.4,0.0,12.0,22.2,19,960.1,38,-2.8,Kano
2010-01-14,30.5,12.9,22.0,0.0,9.8,22.3,20,960.5,35,-3.2,Kano
2010-01-15,30.9,13.5,22.3,0.0,11.0,21.72,20,961.5,39,-3.0,Kano
2010-01-16,32.2,11.1,22.5,0.0,11.8,22.51,21,961.1,18,-2.5,Kano
2010-01-17,29.6,13.9,21.6,0.0,17.6,22.45,18,963.1,0,-4.6,Kano
2010-01-18,26.4,11.9,19.2,0.0,16.3,22.58,21,964.2,0,-4.4,Kano
2010-01-19,27.4,10.7,19.1,0.0,15.6,22.68,24,963.2,0,-2.8,Kano
2010-01-20,27.9,12.3,20.1,0.0,17.7,22.51,24,962.1,5,-2.0,Kano
2010-01-21,29.3,13.1,21.1,0.0,15.2,22.28,23,962.2,0,-1.8,Kano
2010-01-22,30.1,13.6,21.9,0.0,11.6,22.37,21,961.3,0,-2.7,Kano
2010-01-23,31.3,13.8,22.7,0.0,11.4,22.36,18,959.8,5,-3.7,Kano
2010-01-24,33.1,15.1,24.1,0.0,10.7,22.02,16,958.4,5,-3.7,Kano
2010-01-25,34.7,16.5,25.5,0.0,11.2,22.08,15,957.5,21,-3.4,Kano
2010-01-26,35.5,17.0,26.4,0.0,10.5,22.15,20,957.3,26,0.4,Kano
2010-01-27,36.7,18.4,27.6,0.0,10.8,22.27,19,957.1,1,0.7,Kano
2010-01-28,36.8,18.1,27.8,0.0,10.9,22.52,20,957.5,8,1.1,Kano
2010-01-29,37.3,18.0,28.0,0.0,11.2,22.44,18,956.6,78,-0.4,Kano
2010-01-30,37.2,18.7,28.0,0.0,10.0,22.95,15,957.7,26,-3.7,Kano
2010-01-31,36.1,17.8,27.2,0.0,10.8,23.14,11,958.3,0,-7.1,Kano
2010-02-01,35.0,17.6,26.5,0.0,11.9,22.77,13,959.5,0,-5.0,Kano
2010-02-02,34.0,18.1,26.2,0.0,15.5,22.92,12,960.2,0,-6.5,Kano
2010-02-03,33.5,16.5,25.2,0.0,13.0,23.33,9,960.3,10,-11.1,Kano
2010-02-04,32.6,17.0,24.9,0.0,17.4,23.54,12,961.2,21,-7.1,Kano
2010-02-05,31.0,16.1,23.6,0.0,15.3,23.37,18,961.5,27,-3.1,Kano
2010-02-06,29.8,15.7,22.9,0.0,19.0,23.57,20,960.7,0,-1.7,Kano
2010-02-07,29.5,14.6,22.2,0.0,16.4,23.91,19,959.7,0,-3.7,Kano
2010-02-08,30.1,12.4,21.6,0.0,13.0,23.93,17,959.3,7,-5.7,Kano
2010-02-09,32.2,12.9,22.9,0.0,10.0,23.64,15,958.2,1,-6.4,Kano
2010-02-10,34.3,15.3,25.3,0.0,10.6,23.52,15,957.7,2,-3.9,Kano
2010-02-11,34.6,16.5,25.8,0.0,10.7,23.45,14,957.0,6,-5.0,Kano
2010-02-12,35.5,16.8,26.9,0.0,11.9,22.79,14,957.1,26,-4.0,Kano
2010-02-13,36.7,18.5,28.1,0.0,9.5,23.2,14,957.9,37,-4.2,Kano
2010-02-14,37.2,18.9,28.5,0.0,10.9,23.35,15,957.6,2,-1.3,Kano
2010-02-15,37.4,21.5,29.3,0.0,10.7,22.46,15,957.4,63,-1.5,Kano
2010-02-16,38.2,22.3,30.0,0.0,10.9,23.37,14,958.1,19,-1.9,Kano
2010-02-17,38.5,20.4,29.8,0.0,13.3,23.73,13,958.4,65,-2.1,Kano
2010-02-18,39.1,22.3,30.8,0.0,17.5,23.86,12,959.0,31,-2.5,Kano
2010-02-19,38.5,21.6,30.4,0.0,14.5,24.04,13,958.5,77,-2.8,Kano
2010-02-20,38.8,20.4,29.5,0.0,12.2,23.97,17,957.7,63,0.7,Kano
2010-02-21,38.4,19.1,29.1,0.0,11.8,24.7,16,956.9,5,-1.4,Kano
2010-02-22,38.7,20.3,29.8,0.0,15.2,24.7,13,956.7,16,-1.8,Kano
2010-02-23,38.8,21.3,30.1,0.0,12.9,24.87,12,957.2,0,-3.1,Kano
2010-02-24,38.7,19.2,29.1,0.0,13.1,25.52,10,956.8,1,-7.9,Kano
2010-02-25,38.8,18.1,29.1,0.0,14.3,25.74,9,956.6,8,-8.1,Kano
2010-02-26,38.4,19.2,29.1,0.0,15.9,25.16,14,957.3,19,-2.2,Kano
2010-02-27,37.2,21.3,29.5,0.0,17.9,25.42,12,958.8,13,-3.5,Kano
2010-02-28,36.5,19.5,28.2,0.0,15.1,25.67,9,959.9,3,-7.9,Kano
2010-03-01,36.0,19.2,27.7,0.0,15.8,25.69,8,960.7,6,-10.1,Kano
2010-03-02,36.5,19.8,28.2,0.0,15.7,25.46,11,961.2,0,-5.2,Kano
2010-03-03,36.3,20.2,28.2,0.0,16.7,25.67,13,960.5,1,-3.9,Kano
2010-03-04,36.1,19.2,27.8,0.0,13.6,26.15,11,959.8,3,-6.4,Kano
2010-03-05,36.8,18.7,28.0,0.0,16.2,26.14,10,958.7,40,-6.9,Kano
2010-03-06,37.2,19.4,28.4,0.0,13.7,26.25,10,958.0,29,-7.6,Kano
2010-03-07,37.6,18.1,28.2,0.0,11.2,26.34,8,957.7,14,-9.7,Kano
2010-03-08,38.4,16.7,28.5,0.0,10.5,25.89,10,956.9,38,-8.5,Kano
2010-03-09,38.4,18.1,30.4,0.0,11.4,24.99,8,956.1,38,-10.0,Kano
2010-03-10,38.7,20.1,30.7,0.0,15.5,21.85,22,956.0,72,5.2,Kano
2010-03-11,39.8,20.8,31.0,0.0,11.8,24.29,17,956.8,61,0.6,Kano
2010-03-12,40.0,18.8,30.6,0.0,10.0,26.08,12,956.6,63,-3.9,Kano
2010-03-13,39.9,17.8,30.1,0.0,9.2,26.09,15,955.9,20,-1.5,Kano
2010-03-14,39.9,22.5,31.3,0.0,16.4,24.98,26,955.1,47,7.9,Kano
2010-03-15,39.7,24.8,32.0,0.0,18.3,23.99,29,955.4,41,10.3,Kano
2010-03-16,39.6,24.2,31.9,0.0,10.5,23.81,23,956.7,60,5.9,Kano
2010-03-17,38.6,20.9,30.7,0.0,10.3,21.32,23,957.8,60,5.0,Kano
2010-03-18,37.1,22.8,30.8,0.0,17.3,25.47,15,960.2,52,0.8,Kano
2010-03-19,34.4,22.4,28.2,0.0,20.5,26.07,14,962.1,37,-1.8,Kano
2010-03-20,32.0,19.5,25.8,0.0,22.4,26.12,13,962.3,76,-4.9,Kano
2010-03-21,31.7,18.0,24.8,0.0,19.7,26.85,12,962.2,46,-7.3,Kano
2010-03-22,32.6,17.4,25.0,0.0,18.2,26.98,10,960.7,21,-8.9,Kano
2010-03-23,32.7,17.0,24.8,0.0,16.2,27.32,10,958.9,27,-9.5,Kano
2010-03-24,32.9,14.4,24.2,0.0,15.0,28.15,10,958.0,0,-10.8,Kano
2010-03-25,34.0,14.9,25.1,0.0,15.9,27.8,8,959.3,45,-12.5,Kano
2010-03-26,35.5,17.2,26.8,0.0,15.9,26.5,7,960.7,97,-12.8,Kano
2010-03-27,36.1,20.7,28.3,0.0,16.9,27.09,6,960.5,84,-13.2,Kano
2010-03-28,35.7,19.9,27.8,0.0,18.8,27.33,8,960.8,51,-9.7,Kano
2010-03-29,35.7,18.4,27.3,0.0,20.9,28.27,9,960.2,33,-9.7,Kano
2010-03-30,36.5,18.3,27.8,0.0,19.6,28.07,9,959.5,0,-8.6,Kano
2010-03-31,38.0,19.9,29.1,0.0,17.4,27.88,9,958.4,10,-7.9,Kano
2010-04-01,38.5,20.6,29.8,0.0,16.8,28.01,8,957.6,1,-8.7,Kano
2010-04-02,38.7,20.5,30.0,0.0,16.8,27.96,8,956.8,32,-8.5,Kano
2010-04-03,39.2,20.9,30.5,0.0,13.3,27.97,8,956.3,30,-7.7,Kano
2010-04-04,39.2,20.1,30.0,0.0,11.5,27.64,8,956.3,61,-10.0,Kano
2010-04-05,40.0,19.0,30.1,0.0,10.8,26.64,6,956.5,80,-12.0,Kano
2010-04-06,39.8,22.5,31.4,0.0,12.8,26.9,7,956.1,53,-8.7,Kano
2010-04-07,39.3,22.7,31.3,0.0,13.2,25.77,8,956.0,70,-7.1,Kano
2010-04-08,39.1,22.9,31.3,0.0,14.2,26.68,7,957.0,43,-9.9,Kano
2010-04-09,39.0,23.0,31.2,0.0,16.1,27.47,6,957.4,4,-10.7,Kano
2010-04-10,38.2,21.7,30.7,0.0,10.7,23.84,7,956.5,89,-9.6,Kano
2010-04-11,39.9,22.5,31.3,0.0,11.0,27.55,8,954.8,77,-8.6,Kano
2010-04-12,40.0,21.8,31.5,0.0,10.2,27.93,8,954.9,18,-7.8,Kano
2010-04-13,40.9,20.2,32.2,0.0,10.7,27.74,10,955.4,0,-4.1,Kano
2010-04-14,41.0,20.7,32.2,0.0,10.5,27.58,16,955.4,61,1.3,Kano
2010-04-15,41.3,21.1,32.7,0.0,14.8,26.91,16,955.4,7,3.1,Kano
2010-04-16,40.9,26.9,33.9,0.0,16.8,23.0,37,956.5,33,15.5,Kano
2010-04-17,41.0,25.2,33.0,0.0,15.9,25.3,40,957.2,32,13.4,Kano
2010-04-18,42.5,22.8,33.5,0.0,15.1,27.64,26,956.9,5,7.5,Kano
2010-04-19,42.5,22.0,33.4,0.0,17.6,28.0,14,955.8,0,0.7,Kano
2010-04-20,42.2,23.0,33.5,0.0,15.1,27.45,25,955.6,21,7.0,Kano
2010-04-21,42.0,23.7,33.2,0.0,14.8,26.12,27,955.4,59,8.7,Kano
2010-04-22,41.6,26.7,33.6,0.0,17.6,25.65,38,956.4,79,14.8,Kano
2010-04-23,41.1,27.5,33.9,0.0,18.3,25.95,41,957.3,39,16.6,Kano
2010-04-24,39.9,27.5,33.0,0.0,15.6,23.62,42,958.4,87,16.9,Kano
2010-04-25,39.9,25.6,32.8,0.0,11.8,23.48,40,956.4,47,15.6,Kano
2010-04-26,39.3,25.4,32.6,0.0,13.0,20.13,39,955.5,91,14.7,Kano
2010-04-27,39.0,27.7,31.9,0.5,22.3,23.05,48,956.2,76,18.8,Kano
2010-04-28,39.6,25.1,31.6,0.0,15.1,23.06,42,957.0,94,13.9,Kano
2010-04-29,40.6,25.7,33.0,0.0,17.8,25.75,34,955.6,59,13.3,Kano
2010-04-30,39.7,26.9,32.4,0.0,20.0,25.07,49,955.9,45,19.0,Kano
2010-05-01,38.3,26.2,32.3,0.0,19.7,22.2,48,957.3,85,18.3,Kano
2010-05-02,39.2,27.7,33.5,0.0,19.2,23.49,41,956.9,83,17.4,Kano
2010-05-03,37.9,27.4,32.3,0.2,16.1,23.2,48,957.8,96,19.0,Kano
2010-05-04,38.0,26.0,31.4,5.6,17.3,20.22,52,957.1,99,19.7,Kano
2010-05-05,39.3,25.5,31.6,0.4,18.4,24.21,52,955.5,64,18.4,Kano
2010-05-06,38.2,25.0,29.8,17.0,16.7,24.57,65,957.0,74,21.4,Kano
2010-05-07,36.1,25.5,29.5,1.4,12.0,23.58,63,957.1,83,21.1,Kano
2010-05-08,37.6,26.2,31.5,0.0,13.8,22.88,51,956.7,57,19.3,Kano
2010-05-09,39.0,24.9,31.5,0.0,18.6,25.1,51,956.7,13,18.3,Kano
2010-05-10,37.9,25.2,31.3,0.0,17.9,26.62,53,956.7,8,19.6,Kano
2010-05-11,39.2,25.9,32.4,1.2,15.5,25.55,50,956.1,13,19.5,Kano
2010-05-12,39.7,25.7,32.5,0.0,16.4,25.64,46,957.1,8,17.7,Kano
2010-05-13,40.6,25.0,32.4,0.0,11.4,26.03,39,956.5,3,14.5,Kano
2010-05-14,40.1,26.0,32.6,0.0,14.9,26.55,43,957.2,5,16.2,Kano
2010-05-15,38.7,25.9,32.0,0.0,16.5,25.62,47,957.7,5,17.8,Kano
2010-05-16,39.9,25.9,32.7,0.0,15.0,25.45,40,957.0,3,15.3,Kano
2010-05-17,40.3,24.7,32.3,0.0,17.7,27.01,41,956.5,2,14.0,Kano
2010-05-18,40.1,25.0,32.3,0.0,17.3,26.41,40,956.2,16,14.2,Kano
2010-05-19,39.5,25.7,32.4,0.0,18.0,24.66,45,955.6,45,16.9,Kano
2010-05-20,37.1,26.8,31.1,0.3,14.2,21.91,55,957.1,94,20.3,Kano
2010-05-21,38.6,27.1,32.2,0.0,18.9,22.04,48,957.6,87,18.2,Kano
2010-05-22,38.9,25.5,32.1,0.0,14.6,26.04,48,957.6,19,18.1,Kano
2010-05-23,39.9,26.8,33.0,0.0,16.1,24.99,47,957.2,39,19.0,Kano
2010-05-24,39.1,26.9,32.9,0.0,15.5,24.39,48,957.2,51,19.3,Kano
2010-05-25,39.7,27.1,33.5,0.0,15.0,23.75,44,956.3,31,17.8,Kano
2010-05-26,40.1,26.8,33.4,0.0,18.1,24.96,47,955.7,89,18.7,Kano
2010-05-27,38.8,26.8,32.5,0.4,17.7,24.47,51,957.5,58,20.2,Kano
2010-05-28,37.5,26.7,31.5,0.0,13.0,21.39,52,959.5,49,19.7,Kano
2010-05-29,39.7,25.7,32.6,0.0,15.8,24.4,46,958.5,39,17.4,Kano
2010-05-30,40.5,25.8,32.8,0.0,14.3,24.55,39,957.0,65,14.5,Kano
2010-05-31,40.3,26.5,33.2,0.0,18.5,23.32,39,956.9,90,15.7,Kano
2010-06-01,35.8,25.0,30.0,0.8,21.0,22.0,58,959.0,86,20.1,Kano
2010-06-02,28.9,23.6,26.6,7.2,16.0,8.31,75,960.9,99,21.6,Kano
2010-06-03,35.4,22.9,29.1,3.4,13.0,24.7,61,960.5,34,20.1,Kano
2010-06-04,35.9,24.9,30.2,0.8,13.6,24.65,58,960.3,14,20.4,Kano
2010-06-05,35.5,26.1,30.4,0.0,16.2,22.26,56,961.2,33,20.4,Kano
2010-06-06,34.7,25.6,29.5,2.5,15.4,23.12,63,960.4,73,21.5,Kano
2010-06-07,37.1,24.5,30.5,0.0,14.1,25.7,56,959.4,51,19.6,Kano
2010-06-08,36.3,25.5,30.6,0.1,14.5,24.28,54,959.8,23,19.7,Kano
2010-06-09,33.3,25.1,29.2,1.2,14.5,21.73,63,960.7,72,21.2,Kano
2010-06-10,36.0,24.4,29.5,0.5,13.0,23.88,63,961.0,94,20.9,Kano
2010-06-11,37.7,24.4,30.5,0.0,17.3,24.27,57,960.5,53,19.7,Kano
2010-06-12,37.1,24.9,30.3,1.6,17.3,24.4,60,958.7,19,21.2,Kano
2010-06-13,37.3,25.4,30.2,1.9,15.5,24.27,61,958.4,32,21.2,Kano
2010-06-14,32.6,24.3,28.2,6.9,15.2,22.2,70,960.1,52,22.0,Kano
2010-06-15,34.6,24.5,29.1,1.0,14.6,24.27,67,960.6,25,21.9,Kano
2010-06-16,37.2,23.8,30.1,0.0,18.2,25.03,59,958.5,22,20.4,Kano
2010-06-17,33.8,25.4,29.0,0.0,20.7,20.81,61,959.0,60,20.4,Kano
2010-06-18,35.7,24.3,29.7,0.1,14.5,23.81,58,959.4,56,19.9,Kano
2010-06-19,37.4,24.9,30.9,0.0,15.1,25.05,52,957.4,41,19.0,Kano
2010-06-20,35.2,25.5,29.8,13.0,14.9,22.17,61,957.8,37,21.2,Kano
2010-06-21,35.3,24.8,29.4,2.3,14.0,23.35,63,959.0,40,21.1,Kano
2010-06-22,36.6,24.7,30.3,0.5,9.2,24.5,61,958.5,28,21.0,Kano
2010-06-23,36.7,25.3,30.8,0.0,18.5,23.95,58,956.6,58,20.9,Kano
2010-06-24,34.1,24.9,28.7,1.3,20.2,21.21,66,957.8,61,21.5,Kano
2010-06-25,35.1,23.9,28.1,8.4,16.1,24.31,68,958.0,45,21.1,Kano
2010-06-26,27.7,23.0,25.1,20.6,15.7,8.82,85,959.6,100,22.4,Kano
2010-06-27,31.3,23.0,26.3,13.9,10.7,22.23,78,960.6,84,21.9,Kano
2010-06-28,34.2,22.4,28.0,0.0,8.7,25.57,70,960.0,16,21.5,Kano
2010-06-29,34.9,24.6,29.4,0.0,13.1,25.42,65,958.7,23,21.8,Kano
2010-06-30,35.0,25.0,29.7,0.0,13.0,25.1,64,958.1,15,21.7,Kano
2010-07-01,31.5,25.2,27.8,5.7,14.8,19.82,74,958.1,90,22.5,Kano
2010-07-02,31.1,23.6,26.6,2.9,19.8,16.89,74,959.5,90,21.3,Kano
2010-07-03,32.7,23.7,27.7,0.7,12.7,25.24,71,959.4,41,21.7,Kano
2010-07-04,33.3,24.2,28.4,0.8,15.4,24.28,70,959.1,64,22.1,Kano
2010-07-05,33.7,25.0,28.2,3.8,16.4,24.36,70,958.2,53,22.0,Kano
2010-07-06,30.4,24.1,26.6,10.1,16.9,16.12,77,957.9,87,22.1,Kano
2010-07-07,30.6,23.9,26.7,3.9,16.9,21.01,74,958.7,69,21.6,Kano
2010-07-08,31.6,23.4,27.3,4.7,13.5,22.03,72,959.4,78,21.5,Kano
2010-07-09,29.8,22.5,25.6,22.7,11.8,18.16,83,958.7,67,22.4,Kano
2010-07-10,27.9,21.9,24.2,18.3,11.8,11.43,85,959.4,91,21.5,Kano
2010-07-11,29.4,21.7,25.3,0.2,13.8,16.83,75,960.5,73,20.3,Kano
2010-07-12,33.6,22.8,27.7,1.0,12.4,24.93,66,958.9,41,20.4,Kano
2010-07-13,34.4,24.6,29.1,0.0,17.8,25.98,66,957.2,20,21.6,Kano
2010-07-14,31.8,24.4,27.7,1.4,21.2,19.38,72,957.6,91,22.1,Kano
2010-07-15,30.6,23.4,26.7,2.3,17.4,18.74,74,957.3,75,21.5,Kano
2010-07-16,29.6,22.4,25.0,6.1,21.1,15.19,82,958.5,98,21.6,Kano
2010-07-17,28.7,22.8,24.6,8.8,12.6,14.52,84,960.4,93,21.6,Kano
2010-07-18,31.0,22.7,26.4,0.4,17.7,21.13,73,960.8,61,20.9,Kano
2010-07-19,31.4,23.6,26.5,3.3,21.9,20.67,74,959.0,94,21.4,Kano
2010-07-20,24.5,22.3,23.2,26.0,29.6,6.6,89,958.5,100,21.2,Kano
2010-07-21,29.1,21.7,24.7,10.2,16.9,20.22,77,961.3,82,20.1,Kano
2010-07-22,29.1,22.3,24.7,5.6,16.7,17.8,78,960.4,80,20.6,Kano
2010-07-23,28.9,21.4,24.4,7.6,9.9,16.98,83,960.6,97,21.1,Kano
2010-07-24,27.4,21.1,23.6,16.0,15.1,12.86,83,961.4,96,20.4,Kano
2010-07-25,28.7,21.5,24.6,16.5,16.0,16.46,83,959.0,79,21.3,Kano
2010-07-26,29.2,21.5,25.0,12.2,16.1,19.18,82,958.0,68,21.4,Kano
2010-07-27,27.3,22.0,24.1,16.4,17.5,14.21,84,960.6,98,21.2,Kano
2010-07-28,28.4,21.0,24.1,16.6,12.6,19.79,83,961.9,53,20.9,Kano
2010-07-29,30.1,21.7,25.3,8.6,12.8,21.95,81,959.3,60,21.7,Kano
2010-07-30,30.7,21.8,25.6,6.5,13.2,23.77,80,957.2,61,21.7,Kano
2010-07-31,29.2,21.9,25.0,3.5,18.7,18.82,81,958.4,94,21.2,Kano
2010-08-01,29.4,22.3,25.1,5.6,16.8,17.7,79,959.1,83,21.1,Kano
2010-08-02,30.0,21.8,25.6,1.5,9.4,21.19,80,959.1,85,21.7,Kano
2010-08-03,30.0,22.7,25.7,5.8,11.0,20.15,82,959.0,76,22.1,Kano
2010-08-04,30.8,22.2,26.0,2.4,13.0,23.32,79,958.7,53,21.9,Kano
2010-08-05,31.1,22.5,26.0,7.8,15.2,22.77,79,958.6,67,21.9,Kano
2010-08-06,30.0,23.1,26.1,6.5,11.7,19.19,80,958.6,86,22.3,Kano
2010-08-07,29.4,22.2,25.1,10.2,12.2,16.33,85,959.7,98,22.2,Kano
2010-08-08,29.2,22.2,25.5,8.2,15.2,20.19,80,959.8,95,21.6,Kano
2010-08-09,25.5,21.9,23.3,12.8,17.8,7.08,89,959.9,100,21.5,Kano
2010-08-10,28.5,21.4,24.5,1.1,15.3,17.99,80,959.2,51,20.6,Kano
2010-08-11,29.7,21.8,25.3,1.0,15.2,20.94,78,960.1,86,20.9,Kano
2010-08-12,29.6,21.9,25.2,14.9,11.6,14.89,81,960.6,97,21.5,Kano
2010-08-13,28.4,21.2,23.7,13.5,6.9,15.3,88,960.2,80,21.5,Kano
2010-08-14,30.6,20.7,25.4,3.2,9.2,22.99,80,960.4,30,21.3,Kano
2010-08-15,32.1,22.0,27.1,0.0,7.4,25.76,73,960.6,19,21.3,Kano
2010-08-16,32.1,23.0,27.6,0.1,8.7,24.21,73,959.2,60,22.0,Kano
2010-08-17,31.4,23.6,26.5,9.4,13.0,20.3,78,958.9,87,22.2,Kano
2010-08-18,30.1,22.2,25.3,7.6,16.6,21.79,82,959.3,83,21.8,Kano
2010-08-19,29.9,21.9,25.0,8.4,11.2,21.02,84,959.5,78,21.8,Kano
2010-08-20,30.0,21.8,24.9,14.6,13.3,18.57,85,959.1,92,22.0,Kano
2010-08-21,29.8,20.7,25.3,19.5,13.1,20.67,79,960.2,71,21.1,Kano
2010-08-22,32.3,22.3,27.1,2.2,10.8,25.29,73,960.3,53,21.4,Kano
2010-08-23,31.4,23.8,27.2,0.4,13.3,23.68,74,959.3,62,22.0,Kano
2010-08-24,30.5,23.6,26.6,0.9,15.5,18.01,77,959.0,44,22.1,Kano
2010-08-25,29.2,23.0,25.5,7.2,13.8,14.02,81,960.1,60,22.0,Kano
2010-08-26,30.1,22.3,25.7,8.5,13.5,22.67,80,959.1,61,21.9,Kano
2010-08-27,30.0,23.3,25.8,2.5,16.7,20.92,78,957.8,94,21.5,Kano
2010-08-28,28.8,22.5,25.0,6.6,17.4,17.28,82,957.4,83,21.5,Kano
2010-08-29,29.4,22.0,24.8,8.4,18.0,17.28,82,957.8,65,21.3,Kano
2010-08-30,29.1,22.0,24.7,5.0,12.4,16.79,84,958.3,70,21.6,Kano
2010-08-31,29.1,21.9,24.5,6.7,18.6,18.71,82,958.1,83,21.2,Kano
2010-09-01,29.3,21.8,24.8,2.2,17.8,18.14,80,959.6,71,21.0,Kano
2010-09-02,29.7,22.1,25.4,6.1,10.4,20.19,83,960.0,95,22.2,Kano
2010-09-03,30.7,22.6,26.2,6.0,10.8,23.32,81,959.3,64,22.5,Kano
2010-09-04,28.5,22.0,24.6,7.4,11.1,12.55,85,958.8,90,21.7,Kano
2010-09-05,30.8,21.1,25.7,2.6,11.1,21.94,77,959.4,57,20.8,Kano
2010-09-06,30.5,22.8,26.4,0.0,18.5,20.62,73,960.2,97,20.9,Kano
2010-09-07,28.5,22.7,25.0,5.6,10.9,11.09,81,959.7,99,21.4,Kano
2010-09-08,29.4,21.4,25.3,1.5,9.2,20.37,81,960.1,88,21.5,Kano
2010-09-09,29.9,22.0,26.0,0.1,8.0,21.99,77,960.9,38,21.4,Kano
2010-09-10,30.9,21.8,26.2,3.9,15.6,22.82,78,959.8,70,21.8,Kano
2010-09-11,27.9,21.7,25.0,2.0,17.0,15.61,83,958.4,74,21.9,Kano
2010-09-12,30.6,22.4,26.2,0.1,10.7,23.44,77,959.0,31,21.6,Kano
2010-09-13,30.0,22.6,25.9,0.2,10.8,17.97,78,959.0,68,21.6,Kano
2010-09-14,29.3,21.4,24.9,19.2,11.5,20.71,84,958.7,77,21.9,Kano
2010-09-15,30.0,22.1,25.2,6.3,9.7,22.31,82,958.6,55,21.8,Kano
2010-09-16,28.0,21.5,24.8,14.1,10.5,15.02,83,958.6,86,21.7,Kano
2010-09-17,30.0,22.1,24.8,8.5,10.4,18.39,86,959.7,92,22.1,Kano
2010-09-18,30.7,21.1,26.0,3.4,9.0,22.37,80,959.5,37,22.0,Kano
2010-09-19,31.5,22.9,26.5,0.3,15.5,23.79,78,958.4,60,22.1,Kano
2010-09-20,31.5,22.2,26.4,0.2,18.0,22.05,74,957.1,75,21.0,Kano
2010-09-21,31.3,22.5,26.6,1.4,10.8,23.57,75,957.7,51,21.7,Kano
2010-09-22,32.1,23.1,27.2,0.1,11.1,22.41,71,957.5,41,21.1,Kano
2010-09-23,33.7,22.1,27.1,0.0,9.7,24.88,66,958.0,80,19.3,Kano
2010-09-24,31.4,22.8,26.6,0.0,12.4,22.73,73,958.9,92,21.1,Kano
2010-09-25,32.7,22.1,26.8,0.7,11.0,24.55,72,959.0,70,20.9,Kano
2010-09-26,32.2,21.7,26.4,2.1,10.5,24.18,75,958.4,48,21.3,Kano
2010-09-27,31.6,21.6,26.3,1.1,11.2,23.04,77,958.0,56,21.7,Kano
2010-09-28,32.5,22.3,27.0,0.2,11.8,23.92,72,958.2,82,21.0,Kano
2010-09-29,32.8,22.7,27.6,0.0,11.7,22.53,71,957.9,65,21.5,Kano
2010-09-30,34.5,23.6,28.4,0.2,12.0,24.19,70,957.2,48,21.8,Kano
2010-10-01,32.9,23.3,27.9,0.0,12.2,23.66,71,956.5,43,21.7,Kano
2010-10-02,31.8,24.1,27.7,0.6,10.0,22.46,75,957.2,39,22.6,Kano
2010-10-03,33.0,23.4,27.6,0.0,10.0,22.49,72,957.6,85,21.7,Kano
2010-10-04,32.8,23.8,27.4,6.0,9.4,22.81,73,958.0,59,21.7,Kano
2010-10-05,29.1,22.8,25.1,11.3,11.8,17.46,83,959.7,95,21.9,Kano
2010-10-06,30.4,21.8,25.6,0.4,7.4,15.07,79,959.5,81,21.2,Kano
2010-10-07,33.2,22.2,27.3,0.0,13.4,23.99,71,959.9,50,20.9,Kano
2010-10-08,32.9,23.0,27.5,0.0,13.0,23.31,70,960.1,7,21.2,Kano
2010-10-09,33.0,23.0,27.9,0.0,12.4,22.66,69,959.7,74,21.4,Kano
2010-10-10,33.1,24.1,27.1,6.9,12.2,21.05,78,957.8,76,22.7,Kano
2010-10-11,30.8,23.0,26.3,13.1,12.9,19.35,81,958.4,85,22.5,Kano
2010-10-12,31.9,21.5,26.3,0.9,8.1,21.85,76,959.9,76,21.5,Kano
2010-10-13,33.0,23.2,27.8,0.1,9.9,22.37,71,959.3,18,21.7,Kano
2010-10-14,34.1,23.3,27.9,0.0,11.6,23.28,70,959.1,55,21.3,Kano
2010-10-15,34.0,23.1,28.0,0.0,15.7,23.46,67,957.9,57,20.6,Kano
2010-10-16,35.4,23.2,28.5,0.0,11.8,23.3,61,957.1,9,19.5,Kano
2010-10-17,34.1,22.6,28.0,0.1,13.8,23.21,67,957.4,24,20.6,Kano
2010-10-18,34.5,23.6,28.4,0.0,10.8,21.72,64,956.9,24,20.5,Kano
2010-10-19,35.1,23.0,28.2,0.3,12.6,22.62,62,956.7,38,19.6,Kano
2010-10-20,34.2,22.7,28.1,0.0,14.2,22.47,66,957.1,59,20.6,Kano
2010-10-21,34.1,23.6,28.1,0.3,15.1,22.54,69,958.3,67,21.1,Kano
2010-10-22,34.8,22.6,27.9,0.0,14.3,22.71,64,958.0,80,19.2,Kano
2010-10-23,34.1,21.5,27.6,0.0,13.0,22.2,61,956.5,43,18.4,Kano
2010-10-24,32.1,23.1,26.8,4.3,12.1,17.96,72,956.9,86,20.9,Kano
2010-10-25,31.2,22.4,26.4,5.6,13.4,20.93,77,957.7,84,21.9,Kano
2010-10-26,33.4,22.2,27.1,0.0,10.4,20.05,67,958.4,71,19.8,Kano
2010-10-27,34.9,20.8,27.3,0.0,10.1,23.09,57,957.5,34,16.6,Kano
2010-10-28,33.8,20.7,26.9,0.0,8.6,22.32,60,957.5,67,17.6,Kano
2010-10-29,33.1,22.1,26.9,0.0,10.2,19.16,46,958.1,65,12.7,Kano
2010-10-30,33.4,22.0,26.6,0.0,13.2,20.43,35,958.5,34,9.5,Kano
2010-10-31,34.2,19.9,26.9,0.0,13.8,23.47,35,959.0,0,9.7,Kano
2010-11-01,34.4,19.3,26.9,0.0,13.8,23.4,36,958.5,35,9.6,Kano
2010-11-02,34.3,18.9,26.7,0.0,10.0,23.43,34,957.7,55,8.4,Kano
2010-11-03,34.3,17.5,25.9,0.0,13.3,23.8,32,956.6,34,6.4,Kano
2010-11-04,34.0,19.4,26.2,0.0,10.2,23.05,31,957.5,6,6.4,Kano
2010-11-05,34.8,18.6,26.7,0.0,11.4,23.11,31,957.9,6,6.7,Kano
2010-11-06,35.7,19.0,27.7,0.0,11.0,21.51,29,958.1,73,7.2,Kano
2010-11-07,35.7,21.5,29.2,0.0,11.4,22.5,27,957.3,71,7.7,Kano
2010-11-08,35.0,20.2,27.6,0.0,9.1,22.59,41,957.5,48,11.9,Kano
2010-11-09,36.1,19.1,27.8,0.0,17.0,23.01,33,956.5,0,8.7,Kano
2010-11-10,36.1,20.0,28.3,0.0,13.2,23.18,27,957.8,35,6.7,Kano
2010-11-11,36.2,19.8,28.3,0.0,15.3,22.56,32,959.3,2,9.0,Kano
2010-11-12,35.0,21.1,27.8,0.0,14.9,23.45,19,957.7,45,0.7,Kano
2010-11-13,34.8,17.6,26.3,0.0,10.8,23.27,25,955.4,35,3.2,Kano
2010-11-14,34.2,17.1,26.4,0.0,9.8,22.79,33,957.3,1,7.2,Kano
2010-11-15,34.5,17.5,26.2,0.0,14.7,23.05,27,959.3,7,4.4,Kano
2010-11-16,35.3,22.2,28.2,0.0,16.1,21.93,23,959.5,50,4.7,Kano
2010-11-17,34.2,21.4,27.5,0.0,10.2,18.28,23,957.7,83,3.5,Kano
2010-11-18,34.1,17.6,26.0,0.0,9.4,22.29,30,956.8,29,5.6,Kano
2010-11-19,34.8,17.9,26.8,0.0,10.3,22.21,29,957.6,43,6.3,Kano
2010-11-20,34.3,21.5,27.6,0.0,18.1,22.17,21,958.6,14,2.5,Kano
2010-11-21,33.2,20.4,26.5,0.0,16.4,21.55,19,957.7,72,0.5,Kano
2010-11-22,32.4,17.4,25.2,0.0,14.3,22.18,25,956.8,28,3.4,Kano
2010-11-23,32.6,17.1,25.1,0.0,12.4,22.34,26,957.0,2,3.8,Kano
2010-11-24,33.1,17.5,25.5,0.0,11.0,21.97,26,957.5,15,3.8,Kano
2010-11-25,33.7,17.7,25.8,0.0,10.4,22.07,24,957.5,8,3.2,Kano
2010-11-26,33.6,18.3,25.9,0.0,11.0,21.76,22,957.6,28,2.1,Kano
2010-11-27,33.9,18.5,26.2,0.0,10.6,21.58,22,957.9,3,2.1,Kano
2010-11-28,34.1,18.8,26.4,0.0,12.0,21.61,23,958.7,61,2.7,Kano
2010-11-29,32.9,18.0,25.3,0.0,12.7,22.13,18,958.9,4,-1.7,Kano
2010-11-30,31.8,15.4,23.8,0.0,12.7,22.43,20,958.1,0,-1.1,Kano
2010-12-01,32.2,14.4,23.7,0.0,12.1,22.01,27,957.4,0,3.2,Kano
2010-12-02,33.0,16.1,24.8,0.0,14.0,21.73,30,957.1,0,5.0,Kano
2010-12-03,33.3,17.8,25.6,0.0,10.6,21.64,23,958.1,0,2.0,Kano
2010-12-04,33.5,17.4,25.4,0.0,11.2,21.63,24,958.6,0,2.7,Kano
2010-12-05,32.3,17.5,24.8,0.0,13.0,21.39,22,959.3,51,0.8,Kano
2010-12-06,30.5,16.7,23.4,0.0,14.7,21.5,17,959.4,75,-3.9,Kano
2010-12-07,29.1,14.5,21.6,0.0,16.5,22.21,18,959.8,29,-4.6,Kano
2010-12-08,28.0,12.6,20.4,0.0,15.5,22.31,22,960.6,8,-2.8,Kano
2010-12-09,27.8,13.2,20.3,0.0,17.2,22.17,24,960.8,5,-2.1,Kano
2010-12-10,27.9,12.3,20.1,0.0,14.7,22.01,27,960.9,0,-0.1,Kano
2010-12-11,28.3,12.1,20.3,0.0,13.6,21.99,29,958.9,0,0.9,Kano
2010-12-12,29.0,11.8,20.6,0.0,11.1,21.93,31,956.8,33,2.0,Kano
2010-12-13,30.1,12.1,21.4,0.0,9.7,21.76,23,956.9,34,-1.3,Kano
2010-12-14,31.4,14.6,22.9,0.0,10.8,21.1,25,958.6,4,1.3,Kano
2010-12-15,31.6,15.7,23.7,0.0,11.6,21.1,24,958.7,3,1.2,Kano
2010-12-16,32.7,15.9,24.3,0.0,9.7,20.95,23,957.8,1,0.9,Kano
2010-12-17,32.1,16.9,24.6,0.0,13.7,20.9,21,957.8,28,0.3,Kano
2010-12-18,31.5,16.9,24.2,0.0,14.5,21.1,17,958.3,43,-3.4,Kano
2010-12-19,31.0,16.4,23.5,0.0,13.5,21.19,16,959.7,43,-4.4,Kano
2010-12-20,29.7,14.4,22.1,0.0,13.6,21.42,18,960.1,25,-4.4,Kano
2010-12-21,29.0,12.6,20.8,0.0,12.5,22.07,16,959.5,0,-6.9,Kano
2010-12-22,28.9,11.2,20.2,0.0,11.2,21.95,16,959.0,3,-7.7,Kano
2010-12-23,29.6,11.7,20.8,0.0,10.8,21.97,17,958.9,23,-6.4,Kano
2010-12-24,29.3,11.7,20.7,0.0,11.5,21.93,20,958.6,10,-3.6,Kano
2010-12-25,30.4,11.9,21.4,0.0,10.2,21.57,23,958.9,2,-1.5,Kano
2010-12-26,31.6,13.9,22.8,0.0,10.4,21.14,21,958.5,16,-1.8,Kano
2010-12-27,31.6,14.1,23.0,0.0,11.2,21.04,16,957.6,50,-5.3,Kano
2010-12-28,31.7,13.2,22.7,0.0,15.8,21.66,16,957.4,11,-5.9,Kano
2010-12-29,25.0,13.1,19.0,0.0,17.1,21.79,21,960.4,31,-4.6,Kano
2010-12-30,25.9,10.5,18.2,0.0,16.9,21.87,28,960.9,40,-1.6,Kano
2010-12-31,26.6,11.7,19.0,0.0,15.7,21.43,31,959.8,50,0.8,Kano
2011-01-01,27.6,12.5,20.0,0.0,14.7,21.18,28,958.7,22,0.3,Kano
2011-01-02,29.5,13.4,21.3,0.0,10.5,20.67,27,957.3,26,1.0,Kano
2011-01-03,30.2,14.5,22.3,0.0,9.4,19.91,24,957.3,57,0.1,Kano
2011-01-04,29.7,15.4,22.5,0.0,12.7,20.99,21,958.3,9,-1.1,Kano
2011-01-05,29.2,14.8,21.9,0.0,13.8,20.98,20,959.0,11,-2.5,Kano
2011-01-06,27.9,14.5,21.1,0.0,16.8,20.92,21,959.8,63,-2.5,Kano
2011-01-07,27.2,14.0,20.4,0.0,17.0,21.55,21,961.4,53,-2.9,Kano
2011-01-08,26.1,13.2,19.6,0.0,18.7,21.87,23,961.5,0,-2.9,Kano
2011-01-09,25.4,13.1,19.0,0.0,19.5,21.7,22,961.4,19,-3.5,Kano
2011-01-10,25.6,12.2,18.6,0.0,17.3,21.71,25,962.2,42,-2.1,Kano
2011-01-11,26.5,11.2,18.8,0.0,13.0,21.92,22,961.5,16,-3.7,Kano
2011-01-12,27.5,10.7,19.2,0.0,11.0,22.12,23,960.3,6,-3.7,Kano
2011-01-13,27.6,11.2,19.6,0.0,13.5,21.96,18,959.5,25,-6.3,Kano
2011-01-14,25.9,11.8,19.0,0.0,17.1,21.78,17,960.9,69,-7.5,Kano
2011-01-15,24.6,10.8,17.7,0.0,19.0,22.39,24,962.1,26,-3.8,Kano
2011-01-16,24.4,12.2,18.1,0.0,20.2,22.34,23,962.9,1,-3.9,Kano
2011-01-17,24.9,11.8,18.1,0.0,18.7,22.0,24,962.0,46,-3.3,Kano
2011-01-18,25.3,11.1,18.1,0.0,17.3,22.51,25,959.9,15,-3.2,Kano
2011-01-19,26.4,11.0,18.5,0.0,14.6,22.43,27,959.1,0,-1.4,Kano
2011-01-20,27.1,11.4,19.2,0.0,13.1,22.29,28,958.3,0,-0.3,Kano
2011-01-21,27.9,11.9,19.9,0.0,11.5,22.37,25,957.8,0,-1.5,Kano
2011-01-22,28.8,11.4,20.3,0.0,10.9,22.61,22,957.7,9,-2.8,Kano
2011-01-23,30.3,12.1,21.3,0.0,12.0,22.67,20,957.6,4,-4.0,Kano
2011-01-24,31.3,12.9,22.2,0.0,12.4,22.64,19,958.1,0,-3.2,Kano
2011-01-25,31.8,14.4,23.1,0.0,15.1,22.63,16,958.5,26,-5.1,Kano
2011-01-26,32.0,14.7,23.5,0.0,15.5,22.71,13,958.7,58,-7.3,Kano
2011-01-27,32.3,15.6,23.8,0.0,16.0,22.76,14,959.0,78,-5.6,Kano
2011-01-28,32.6,17.1,24.6,0.0,16.4,22.74,16,960.1,63,-3.7,Kano
2011-01-29,32.9,15.4,24.1,0.0,15.6,23.16,15,960.2,6,-5.5,Kano
2011-01-30,34.4,15.2,25.0,0.0,12.4,23.13,18,958.6,30,-2.7,Kano
2011-01-31,34.8,17.7,26.2,0.0,15.3,22.18,18,958.4,99,-1.1,Kano
2011-02-01,35.1,16.6,26.4,0.0,12.6,22.88,19,957.7,55,-0.2,Kano
2011-02-02,35.6,17.9,26.6,0.0,10.2,22.9,19,957.7,0,0.3,Kano
2011-02-03,36.4,16.4,27.6,0.0,11.3,22.64,21,956.4,61,1.7,Kano
2011-02-04,36.2,18.8,28.3,0.0,13.7,22.74,20,956.3,56,2.3,Kano
2011-02-05,34.0,22.5,28.0,0.0,15.6,21.06,19,957.9,84,1.5,Kano
2011-02-06,31.6,18.8,25.2,0.0,14.0,21.91,23,959.1,19,2.3,Kano
2011-02-07,31.2,17.3,24.1,0.0,12.2,22.76,24,959.9,87,1.4,Kano
2011-02-08,31.9,16.0,23.9,0.0,12.3,23.16,24,958.5,55,1.3,Kano
2011-02-09,32.7,16.1,24.6,0.0,11.2,23.09,25,957.6,46,2.3,Kano
2011-02-10,33.9,16.9,25.5,0.0,12.7,23.31,23,957.8,20,1.7,Kano
2011-02-11,34.4,18.2,26.3,0.0,15.8,23.35,20,958.9,29,0.6,Kano
2011-02-12,34.4,19.3,26.7,0.0,13.9,23.39,21,959.1,76,2.1,Kano
2011-02-13,35.0,19.1,27.1,0.0,11.6,22.99,20,958.4,65,1.6,Kano
2011-02-14,35.7,18.1,27.4,0.0,10.2,23.39,22,957.5,32,2.6,Kano
2011-02-15,36.4,18.2,27.7,0.0,11.2,23.19,22,956.2,43,2.0,Kano
2011-02-16,35.4,18.9,27.2,0.0,10.8,23.91,14,956.5,2,-4.2,Kano
2011-02-17,36.0,18.5,27.3,0.0,11.5,24.18,13,956.8,0,-3.9,Kano
2011-02-18,37.1,17.7,27.7,0.0,11.1,24.25,16,956.4,1,-2.0,Kano
2011-02-19,37.3,18.4,28.2,0.0,14.5,24.47,14,956.6,17,-3.0,Kano
2011-02-20,37.5,21.0,29.2,0.0,15.1,24.04,13,957.9,28,-2.4,Kano
2011-02-21,37.0,21.0,29.0,0.0,12.0,24.25,13,958.1,14,-2.6,Kano
2011-02-22,36.8,19.2,28.3,0.0,10.6,24.22,15,956.3,35,-2.2,Kano
2011-02-23,35.4,18.1,27.2,0.0,10.0,22.85,17,956.9,94,-0.7,Kano
2011-02-24,36.2,19.8,28.2,0.0,11.1,24.19,15,957.5,40,-2.3,Kano
2011-02-25,33.6,20.4,26.9,0.0,12.3,19.44,14,957.2,77,-3.1,Kano
2011-02-26,33.4,17.8,26.7,0.0,12.7,22.99,21,956.4,57,1.7,Kano
2011-02-27,32.7,20.2,26.2,0.0,15.2,16.75,29,957.5,73,6.0,Kano
2011-02-28,35.4,20.4,28.1,0.0,22.3,24.18,16,957.9,44,-0.8,Kano
2011-03-01,35.0,20.0,27.8,0.0,19.8,24.66,15,957.2,59,-2.6,Kano
2011-03-02,35.7,19.5,27.9,0.0,14.3,24.74,11,957.2,57,-5.8,Kano
2011-03-03,36.2,20.8,28.6,0.0,18.3,24.71,13,957.0,9,-3.1,Kano
2011-03-04,37.3,21.4,29.4,0.0,16.6,25.23,15,957.2,41,-0.8,Kano
2011-03-05,38.1,21.1,29.7,0.0,14.3,25.41,13,957.1,44,-2.0,Kano
2011-03-06,39.3,22.4,31.0,0.0,16.6,25.51,13,956.2,30,-1.9,Kano
2011-03-07,38.2,22.2,30.5,0.0,20.9,25.83,10,956.7,5,-5.8,Kano
2011-03-08,37.6,20.9,29.5,0.0,19.5,26.23,11,956.4,27,-5.8,Kano
2011-03-09,37.6,20.2,29.2,0.0,16.5,26.14,12,956.4,33,-4.0,Kano
2011-03-10,38.1,21.8,30.0,0.0,20.5,25.57,14,957.3,94,-1.3,Kano
2011-03-11,37.9,21.9,30.0,0.0,17.5,26.01,14,957.0,56,-1.5,Kano
2011-03-12,37.8,21.3,29.8,0.0,14.2,26.09,14,956.2,41,-1.4,Kano
2011-03-13,38.2,21.0,30.0,0.0,17.1,26.27,14,955.8,12,-1.3,Kano
2011-03-14,37.8,21.5,29.9,0.0,18.0,26.17,14,957.5,2,-1.3,Kano
2011-03-15,37.0,20.8,29.2,0.0,22.1,26.44,12,958.3,17,-4.0,Kano
2011-03-16,35.6,21.2,28.3,0.0,22.8,26.67,12,958.4,7,-4.3,Kano
2011-03-17,34.6,17.1,26.5,0.0,13.3,27.44,9,957.3,14,-9.2,Kano
2011-03-18,35.6,15.4,26.1,0.0,9.7,27.18,11,956.9,48,-7.4,Kano
2011-03-19,35.8,15.3,26.1,0.0,10.9,27.32,11,956.1,46,-8.4,Kano
2011-03-20,36.4,14.7,26.6,0.0,12.0,27.67,10,955.1,18,-9.3,Kano
2011-03-21,37.2,19.0,28.7,0.0,10.6,27.52,10,955.9,20,-7.1,Kano
2011-03-22,38.2,16.3,28.5,0.0,9.5,27.47,14,956.3,13,-3.2,Kano
2011-03-23,38.4,16.9,28.0,0.0,11.9,27.11,16,956.6,7,-2.0,Kano
2011-03-24,38.7,19.4,29.4,0.0,16.5,26.1,14,956.7,39,-2.1,Kano
2011-03-25,37.9,22.5,30.5,0.0,16.2,26.69,12,957.5,78,-3.6,Kano
2011-03-26,37.0,21.3,29.3,0.0,17.0,27.13,12,958.7,62,-3.3,Kano
2011-03-27,37.7,20.7,29.4,0.0,17.4,27.43,10,959.8,11,-6.5,Kano
2011-03-28,36.4,20.0,28.5,0.0,18.2,27.98,7,959.6,46,-11.3,Kano
2011-03-29,36.3,18.2,27.6,0.0,16.7,28.23,6,959.1,16,-13.6,Kano
2011-03-30,37.5,18.1,28.2,0.0,11.4,28.21,7,957.9,36,-11.9,Kano
2011-03-31,38.1,19.8,29.2,0.0,11.8,27.79,10,957.2,44,-6.7,Kano
2011-04-01,38.8,16.9,29.1,0.0,10.2,27.89,11,956.2,0,-5.5,Kano
2011-04-02,37.3,18.5,28.6,0.0,12.9,27.8,12,957.3,37,-4.3,Kano
2011-04-03,35.8,20.3,28.6,0.0,13.7,25.2,15,957.8,78,-1.7,Kano
2011-04-04,36.6,21.5,29.4,0.0,14.5,25.71,12,958.2,88,-4.0,Kano
2011-04-05,36.7,21.7,29.4,0.0,17.9,26.54,11,958.9,52,-5.3,Kano
2011-04-06,35.9,20.3,28.7,0.0,16.6,27.68,9,958.7,25,-7.9,Kano
2011-04-07,36.0,18.8,28.1,0.0,16.9,27.87,9,957.6,23,-8.8,Kano
2011-04-08,36.0,18.4,27.8,0.0,11.3,27.6,8,957.7,54,-10.0,Kano
2011-04-09,35.9,19.4,28.1,0.0,19.8,27.91,9,959.1,54,-8.5,Kano
2011-04-10,36.0,20.3,28.5,0.0,14.3,26.69,13,958.8,92,-3.8,Kano
2011-04-11,37.2,20.7,29.3,0.0,14.4,27.2,12,956.8,66,-3.4,Kano
2011-04-12,37.8,20.6,29.8,0.0,11.7,26.28,13,955.8,50,-2.8,Kano
2011-04-13,38.9,21.8,30.6,0.0,11.5,27.53,12,956.3,78,-3.8,Kano
2011-04-14,39.4,21.8,31.1,0.0,15.8,27.52,14,955.7,71,-0.1,Kano
2011-04-15,40.5,23.6,32.7,0.0,13.6,26.88,16,953.8,51,2.4,Kano
2011-04-16,40.0,22.6,32.3,0.0,11.8,27.2,21,953.7,51,6.6,Kano
2011-04-17,39.4,23.6,32.2,0.1,13.5,23.75,28,954.8,51,10.8,Kano
2011-04-18,41.0,22.9,32.8,0.0,18.5,27.39,25,955.2,62,6.6,Kano
2011-04-19,40.8,23.2,32.9,0.0,14.2,27.7,16,954.5,50,0.8,Kano
2011-04-20,40.3,20.0,31.4,0.0,11.5,28.57,9,954.3,5,-6.5,Kano
2011-04-21,39.7,19.3,30.5,0.0,11.4,27.53,18,955.2,70,1.7,Kano
2011-04-22,40.1,19.6,30.8,0.0,10.5,27.63,21,954.3,75,3.9,Kano
2011-04-23,40.3,21.7,31.7,0.0,12.3,26.63,26,953.8,60,7.6,Kano
2011-04-24,38.3,24.2,31.4,0.0,18.0,23.93,40,955.1,85,14.4,Kano
2011-04-25,39.2,27.3,32.6,0.0,15.8,24.79,40,956.0,86,15.7,Kano
2011-04-26,40.1,25.3,32.2,0.0,16.9,25.83,42,955.2,56,15.5,Kano
2011-04-27,40.5,26.3,33.0,0.0,16.0,25.16,35,955.2,22,12.9,Kano
2011-04-28,39.9,26.1,32.6,0.0,18.4,25.44,39,955.0,31,14.9,Kano
2011-04-29,40.0,25.4,32.3,0.0,19.8,26.26,44,954.7,38,16.0,Kano
2011-04-30,38.4,26.0,31.8,0.0,16.1,25.34,46,955.6,94,17.2,Kano
2011-05-01,39.4,25.6,32.4,0.0,12.2,25.35,40,956.6,82,14.8,Kano
2011-05-02,40.1,20.9,31.9,0.0,10.2,26.76,31,957.2,70,9.0,Kano
2011-05-03,38.9,23.6,31.7,0.0,16.4,23.05,34,956.6,16,12.5,Kano
2011-05-04,40.2,24.2,32.0,0.0,11.0,27.87,42,956.9,55,13.9,Kano
2011-05-05,40.2,25.0,32.7,0.0,12.5,27.4,40,956.3,8,14.3,Kano
2011-05-06,40.7,26.2,33.4,0.0,14.8,26.64,36,956.1,29,13.8,Kano
2011-05-07,40.8,26.3,33.5,0.0,16.1,25.95,38,955.5,43,15.2,Kano
2011-05-08,41.3,27.1,33.8,0.0,14.7,25.95,38,954.6,46,14.1,Kano
2011-05-09,40.1,25.9,32.2,0.0,22.1,25.81,47,954.7,52,17.7,Kano
2011-05-10,39.6,25.9,32.6,0.0,19.8,25.92,44,955.8,55,17.1,Kano
2011-05-11,39.0,27.2,32.7,0.0,17.1,23.22,41,955.9,70,16.4,Kano
2011-05-12,38.8,26.9,32.1,1.0,12.0,22.9,42,956.1,93,17.2,Kano
2011-05-13,38.9,25.6,31.4,1.1,17.0,22.54,47,957.0,89,17.9,Kano
2011-05-14,38.8,25.7,31.9,0.0,13.2,21.71,42,956.3,87,15.7,Kano
2011-05-15,40.9,25.0,32.6,0.0,15.0,27.89,21,954.6,61,5.8,Kano
2011-05-16,39.7,23.9,32.1,0.0,13.5,26.28,38,955.7,81,13.0,Kano
2011-05-17,40.0,23.2,32.3,0.0,15.3,26.23,33,956.0,36,12.5,Kano
2011-05-18,39.3,22.6,31.3,0.0,10.9,27.45,39,957.2,10,10.4,Kano
2011-05-19,38.8,19.3,30.8,0.0,11.5,27.14,28,957.0,28,7.5,Kano
2011-05-20,39.9,23.3,31.7,0.0,13.2,27.1,32,956.6,24,9.2,Kano
2011-05-21,38.3,24.7,31.8,0.0,16.9,24.55,46,956.7,10,16.7,Kano
2011-05-22,38.9,26.5,32.6,0.0,21.7,24.56,43,956.3,19,16.9,Kano
2011-05-23,37.2,24.9,31.0,0.0,20.7,24.51,51,957.7,28,18.9,Kano
2011-05-24,37.6,26.3,31.5,1.0,19.6,24.33,48,958.3,24,18.4,Kano
2011-05-25,37.0,26.6,30.6,1.4,19.8,23.16,54,958.1,31,19.9,Kano
2011-05-26,36.5,25.3,29.3,6.2,18.4,23.62,60,958.8,65,20.2,Kano
2011-05-27,29.3,23.8,26.8,4.8,16.4,13.9,73,959.3,95,21.5,Kano
2011-05-28,32.5,22.9,27.0,6.0,8.7,22.19,73,960.6,89,21.3,Kano
2011-05-29,35.1,22.3,28.5,0.0,9.2,24.95,66,959.1,35,20.3,Kano
2011-05-30,36.7,24.5,30.4,0.0,13.6,24.49,54,958.9,37,19.3,Kano
2011-05-31,37.5,24.7,30.8,0.0,14.8,23.72,54,958.3,42,19.5,Kano
2011-06-01,37.4,24.7,30.9,0.0,12.2,24.35,53,957.8,39,19.1,Kano
2011-06-02,37.0,25.3,30.9,0.1,14.8,24.01,56,957.4,19,20.2,Kano
2011-06-03,36.5,25.9,30.3,1.8,14.3,23.89,62,957.1,84,21.6,Kano
2011-06-04,37.6,25.5,30.7,1.8,16.1,23.18,58,957.0,79,20.5,Kano
2011-06-05,36.4,24.5,29.9,0.0,19.6,24.43,61,957.6,97,21.0,Kano
2011-06-06,37.9,25.1,31.2,0.0,19.6,24.18,53,957.8,78,19.3,Kano
2011-06-07,39.0,25.8,31.9,0.2,16.3,25.13,50,957.0,60,19.0,Kano
2011-06-08,37.9,26.0,31.1,0.9,17.9,24.56,55,957.9,15,20.3,Kano
2011-06-09,37.3,25.8,31.3,0.1,19.2,25.21,52,959.6,17,19.5,Kano
2011-06-10,36.5,25.6,30.0,2.9,19.5,24.72,56,958.7,32,19.7,Kano
2011-06-11,35.4,24.3,29.2,0.0,20.1,24.46,60,959.0,55,20.0,Kano
2011-06-12,35.0,24.0,28.8,1.2,21.4,24.15,61,960.6,46,20.0,Kano
2011-06-13,34.7,24.8,29.0,0.1,11.4,23.68,61,962.0,56,20.1,Kano
2011-06-14,37.1,23.7,30.3,0.2,9.3,24.43,58,959.8,42,19.9,Kano
2011-06-15,37.6,25.4,31.5,0.0,18.1,24.81,52,958.1,31,19.6,Kano
2011-06-16,37.2,25.6,29.9,8.7,16.9,24.65,63,957.9,48,21.4,Kano
2011-06-17,34.4,25.0,28.9,0.2,15.5,22.82,66,959.2,93,21.5,Kano
2011-06-18,33.3,24.7,28.5,0.5,13.7,21.51,68,958.9,92,21.7,Kano
2011-06-19,34.8,23.7,28.3,2.2,15.9,23.41,69,958.5,51,21.4,Kano
2011-06-20,33.5,23.8,27.8,4.7,15.0,22.28,71,958.0,81,21.7,Kano
2011-06-21,31.3,23.7,27.4,9.8,14.7,21.21,74,958.6,55,22.2,Kano
2011-06-22,31.9,23.3,26.8,3.6,18.0,19.47,73,959.0,90,21.3,Kano
2011-06-23,32.9,23.3,27.6,0.9,16.1,24.59,67,958.9,67,20.6,Kano
2011-06-24,33.0,23.8,28.1,0.3,11.4,22.86,67,959.2,80,21.0,Kano
2011-06-25,31.9,24.3,27.8,2.9,14.2,23.39,69,959.6,64,21.3,Kano
2011-06-26,31.0,24.2,27.7,1.0,13.1,21.85,67,959.3,64,20.9,Kano
2011-06-27,33.9,23.6,27.9,1.5,14.6,24.21,67,958.8,29,20.7,Kano
2011-06-28,33.5,23.9,27.6,6.0,16.2,24.23,69,958.9,44,21.0,Kano
2011-06-29,33.1,24.1,27.3,7.3,14.6,24.15,71,959.3,51,21.3,Kano
2011-06-30,33.3,22.9,27.1,4.3,10.5,24.02,71,959.9,24,20.9,Kano
2011-07-01,33.3,23.1,27.2,10.9,16.9,23.94,73,959.4,44,21.7,Kano
2011-07-02,32.9,22.9,26.7,5.4,15.7,22.8,75,957.5,75,21.7,Kano
2011-07-03,32.7,23.1,26.9,1.8,13.9,24.31,74,957.5,42,21.5,Kano
2011-07-04,33.2,23.4,28.1,0.0,14.1,24.75,67,959.4,18,21.0,Kano
2011-07-05,32.3,23.5,27.1,5.3,12.8,17.14,73,961.5,77,21.5,Kano
2011-07-06,33.0,23.7,27.6,2.9,15.8,23.97,72,958.7,26,21.9,Kano
2011-07-07,31.5,23.9,27.6,0.0,17.2,23.24,69,958.5,29,21.1,Kano
2011-07-08,33.2,23.2,26.8,9.2,13.3,24.16,73,958.4,40,21.2,Kano
2011-07-09,30.9,23.3,26.7,5.3,11.3,20.21,76,958.9,94,22.0,Kano
2011-07-10,32.2,23.2,26.8,1.0,13.5,23.59,75,959.7,70,21.7,Kano
2011-07-11,31.3,22.3,26.3,0.5,19.2,19.65,69,959.9,96,20.0,Kano
2011-07-12,31.9,22.7,26.7,0.4,15.2,19.72,67,959.7,62,19.7,Kano
2011-07-13,32.8,23.2,27.7,0.1,12.2,24.49,65,958.6,28,20.2,Kano
2011-07-14,33.1,23.6,27.2,3.2,12.9,25.13,71,959.1,35,21.1,Kano
2011-07-15,26.6,22.6,24.3,22.7,10.5,10.11,84,960.9,99,21.4,Kano
2011-07-16,31.7,20.8,26.0,0.1,8.4,24.22,75,960.1,75,20.6,Kano
2011-07-17,30.2,22.6,26.2,4.9,11.9,22.29,74,959.7,63,20.9,Kano
2011-07-18,32.4,22.0,26.7,5.3,13.3,25.07,75,958.9,21,21.5,Kano
2011-07-19,33.2,23.5,28.0,0.4,13.7,24.41,70,959.1,70,21.7,Kano
2011-07-20,29.9,23.8,26.4,11.5,18.5,15.39,78,959.1,87,22.1,Kano
2011-07-21,31.3,23.2,26.9,0.0,18.0,23.76,71,959.6,55,20.9,Kano
2011-07-22,32.0,22.8,27.2,0.2,19.0,23.66,67,960.3,84,20.2,Kano
2011-07-23,31.7,23.3,27.1,3.1,13.3,23.52,72,960.6,43,21.4,Kano
2011-07-24,31.5,23.4,26.6,12.2,16.3,23.12,77,959.6,35,22.1,Kano
2011-07-25,30.0,23.3,25.8,4.6,24.8,20.93,75,958.3,61,20.9,Kano
2011-07-26,31.3,22.3,26.3,0.6,17.6,22.49,72,958.1,34,20.6,Kano
2011-07-27,31.4,22.9,26.7,2.2,13.2,22.86,74,958.2,33,21.6,Kano
2011-07-28,30.9,23.4,26.2,12.6,16.1,21.03,77,958.1,71,21.6,Kano
2011-07-29,30.5,23.1,25.8,5.6,14.2,20.87,81,957.6,91,22.1,Kano
2011-07-30,30.6,22.5,25.9,2.0,9.2,18.31,77,959.2,78,21.3,Kano
2011-07-31,31.0,22.0,25.6,20.7,11.7,23.63,82,958.6,53,22.0,Kano
2011-08-01,30.5,22.4,26.0,11.3,14.1,20.8,81,956.8,85,22.4,Kano
2011-08-02,32.5,23.7,27.3,1.3,16.6,21.98,74,957.3,84,21.8,Kano
2011-08-03,27.7,23.0,25.4,9.0,13.8,17.81,80,959.7,81,21.7,Kano
2011-08-04,31.1,22.5,26.4,3.7,12.2,22.83,79,959.7,54,22.3,Kano
2011-08-05,30.9,22.9,26.1,11.7,18.7,21.15,79,959.6,98,22.0,Kano
2011-08-06,30.3,22.3,25.6,3.1,14.2,21.91,80,959.3,88,21.5,Kano
2011-08-07,28.9,22.0,24.8,14.2,16.7,19.13,83,959.7,80,21.5,Kano
2011-08-08,29.3,22.3,25.2,8.6,11.3,19.99,82,960.1,79,21.8,Kano
2011-08-09,31.5,22.4,26.1,6.6,10.5,24.51,78,959.7,34,21.6,Kano
2011-08-10,31.1,22.2,26.1,2.4,14.8,23.74,78,958.6,60,21.8,Kano
2011-08-11,30.8,23.1,26.7,0.0,17.7,22.15,75,958.2,88,21.7,Kano
2011-08-12,27.1,23.3,24.6,15.1,17.3,10.62,83,957.3,97,21.5,Kano
2011-08-13,28.3,22.6,25.0,0.7,24.7,16.08,78,957.3,92,20.7,Kano
2011-08-14,28.9,21.8,24.7,21.9,16.9,15.48,80,958.1,87,20.7,Kano
2011-08-15,24.4,21.3,22.4,71.1,15.6,6.96,94,958.6,100,21.4,Kano
2011-08-16,29.4,20.6,25.0,7.1,11.7,19.62,77,958.6,83,20.3,Kano
2011-08-17,28.1,21.2,23.8,17.2,14.1,11.13,85,958.7,98,21.1,Kano
2011-08-18,22.6,21.2,21.8,91.9,11.9,3.03,95,958.3,100,20.9,Kano
2011-08-19,27.6,20.7,23.2,12.6,14.2,15.79,86,959.3,81,20.7,Kano
2011-08-20,29.7,19.7,24.3,7.5,8.8,22.77,82,960.1,69,20.7,Kano
2011-08-21,30.2,21.0,25.2,4.3,4.7,21.88,82,959.1,66,21.7,Kano
2011-08-22,31.1,22.8,26.4,3.2,11.7,24.21,78,958.6,46,22.0,Kano
2011-08-23,29.8,21.6,24.9,10.5,14.6,19.61,83,961.0,85,21.6,Kano
2011-08-24,30.7,21.9,25.5,1.1,5.9,20.2,78,960.8,75,21.0,Kano
2011-08-25,30.3,22.4,25.5,9.9,12.6,21.73,80,959.9,46,21.6,Kano
2011-08-26,30.7,22.0,25.9,0.3,14.0,23.51,78,959.8,69,21.5,Kano
2011-08-27,29.8,22.7,25.4,0.3,11.0,17.77,78,962.0,88,21.1,Kano
2011-08-28,31.2,20.7,25.9,0.0,8.4,23.86,77,960.9,50,21.1,Kano
2011-08-29,32.8,22.7,27.3,1.0,10.5,25.19,72,959.7,32,21.4,Kano
2011-08-30,29.2,22.4,25.3,3.1,14.5,17.6,81,959.7,97,21.8,Kano
2011-08-31,29.6,21.8,25.8,1.0,10.7,20.91,80,960.8,84,21.8,Kano
2011-09-01,30.3,21.8,25.0,13.6,12.1,20.66,82,961.7,75,21.6,Kano
2011-09-02,32.5,22.2,26.7,0.0,12.1,23.07,76,959.7,52,21.8,Kano
2011-09-03,30.2,23.3,26.4,1.2,14.2,21.28,79,958.1,70,22.3,Kano
2011-09-04,29.0,23.6,26.1,0.4,15.8,18.97,76,958.9,89,21.5,Kano
2011-09-05,30.3,22.1,26.0,0.7,13.0,22.49,75,959.9,81,21.0,Kano
2011-09-06,30.6,22.5,26.0,8.3,9.4,23.93,80,960.2,55,22.1,Kano
2011-09-07,29.6,22.3,25.4,13.2,11.0,19.79,84,959.5,80,22.4,Kano
2011-09-08,27.1,21.6,24.2,10.0,12.0,15.59,87,959.1,80,21.9,Kano
2011-09-09,30.9,21.5,25.3,0.4,13.1,23.88,79,959.4,44,21.1,Kano
2011-09-10,30.8,21.5,25.6,0.3,11.1,24.44,76,959.7,20,20.9,Kano
2011-09-11,32.1,22.7,27.1,0.7,11.2,24.26,75,959.5,85,21.9,Kano
2011-09-12,32.4,23.5,27.1,1.1,12.4,24.8,77,958.6,53,22.6,Kano
2011-09-13,30.9,23.3,25.8,6.7,15.0,19.44,81,958.6,99,22.1,Kano
2011-09-14,29.2,22.6,25.0,19.6,12.0,21.03,81,958.8,90,21.4,Kano
2011-09-15,23.7,21.6,22.5,32.4,11.5,4.1,94,960.0,100,21.5,Kano
2011-09-16,29.3,20.1,24.4,15.1,7.7,22.01,84,959.4,79,21.2,Kano
2011-09-17,29.8,22.3,25.9,0.0,9.4,20.61,77,959.1,48,21.3,Kano
2011-09-18,30.9,20.5,25.3,4.7,11.5,22.64,79,959.4,48,21.1,Kano
2011-09-19,31.2,21.7,25.9,2.0,10.4,23.98,79,960.2,71,21.9,Kano
2011-09-20,31.9,23.1,26.7,3.4,9.4,24.13,75,960.2,52,21.7,Kano
2011-09-21,31.9,23.2,27.0,0.8,13.4,24.15,73,960.6,60,21.5,Kano
2011-09-22,32.2,22.2,27.0,0.1,10.5,24.38,75,960.3,43,21.9,Kano
2011-09-23,33.1,22.6,27.3,0.9,15.9,23.22,72,959.6,68,21.5,Kano
2011-09-24,32.6,22.9,27.1,8.8,11.1,23.91,76,958.8,15,22.2,Kano
2011-09-25,32.4,22.7,27.2,2.5,12.1,23.55,75,959.6,59,22.2,Kano
2011-09-26,30.2,23.3,26.4,2.3,10.7,19.54,79,960.5,92,22.4,Kano
2011-09-27,33.1,22.8,27.6,0.0,9.0,24.25,72,959.6,41,21.5,Kano
2011-09-28,32.3,22.9,27.1,0.0,11.5,23.48,70,959.2,30,20.8,Kano
2011-09-29,31.5,22.4,26.3,6.3,14.8,23.17,76,959.4,54,21.6,Kano
2011-09-30,33.7,22.0,27.3,0.0,10.0,23.78,68,959.1,50,20.2,Kano
2011-10-01,34.0,22.9,27.7,0.0,11.8,23.98,67,959.0,70,20.4,Kano
2011-10-02,33.0,22.3,27.4,0.0,12.7,24.35,71,959.3,30,21.2,Kano
2011-10-03,34.0,22.9,27.9,1.6,13.3,23.53,68,958.8,41,20.8,Kano
2011-10-04,34.3,22.9,28.1,0.0,12.9,24.82,68,958.6,24,21.0,Kano
2011-10-05,33.4,23.6,27.8,1.9,10.7,23.09,71,958.0,35,21.8,Kano
2011-10-06,29.8,22.3,25.4,5.4,11.9,14.55,81,959.5,99,21.7,Kano
2011-10-07,32.1,22.7,27.1,0.1,8.0,22.68,74,959.5,61,21.7,Kano
2011-10-08,32.8,23.1,27.6,0.0,9.0,23.77,71,958.0,45,21.4,Kano
2011-10-09,32.4,23.2,27.5,3.0,8.7,22.04,72,957.9,38,21.8,Kano
2011-10-10,33.0,23.6,27.7,1.2,9.4,23.48,73,958.4,49,22.0,Kano
2011-10-11,33.6,23.3,27.7,0.7,9.0,22.63,70,958.2,40,21.1,Kano
2011-10-12,31.0,23.6,26.4,4.7,9.9,18.12,78,957.6,92,22.2,Kano
2011-10-13,33.1,22.7,27.3,0.0,11.2,23.66,67,957.4,59,19.7,Kano
2011-10-14,33.9,20.6,26.9,0.0,8.6,24.59,62,956.7,30,17.7,Kano
2011-10-15,34.2,21.1,27.3,0.0,12.4,22.63,54,957.3,86,15.8,Kano
2011-10-16,33.6,20.1,26.5,0.0,10.7,19.24,62,957.4,63,17.2,Kano
2011-10-17,35.2,19.0,27.0,0.0,10.8,24.44,53,955.9,10,14.9,Kano
2011-10-18,34.4,19.3,26.8,0.0,8.6,21.69,58,956.1,92,17.1,Kano
2011-10-19,34.9,21.1,28.0,0.0,11.0,21.93,57,956.9,55,17.6,Kano
2011-10-20,35.6,22.0,28.6,0.0,16.5,23.89,48,956.4,79,14.7,Kano
2011-10-21,34.8,20.5,27.9,0.0,16.8,23.59,37,956.0,78,10.6,Kano
2011-10-22,33.9,20.2,26.8,0.0,13.7,18.75,53,956.9,76,15.1,Kano
2011-10-23,33.7,19.4,26.4,0.0,16.3,23.67,45,958.2,80,10.6,Kano
2011-10-24,33.0,18.3,26.1,0.0,12.0,24.18,28,958.2,78,5.4,Kano
2011-10-25,33.4,16.8,25.7,0.0,9.6,23.57,39,958.1,84,9.0,Kano
2011-10-26,34.0,17.1,25.8,0.0,11.9,24.42,39,958.4,6,8.6,Kano
2011-10-27,34.0,17.8,26.1,0.0,10.1,24.66,30,958.0,0,5.9,Kano
2011-10-28,34.3,17.8,26.7,0.0,7.5,24.49,35,958.0,0,8.5,Kano
2011-10-29,34.7,16.9,26.0,0.0,14.3,24.13,37,957.8,9,8.2,Kano
2011-10-30,34.8,19.3,27.0,0.0,15.7,23.87,28,957.2,63,6.0,Kano
2011-10-31,33.9,18.5,26.6,0.0,12.9,22.81,29,957.6,71,6.3,Kano
2011-11-01,33.6,16.5,25.4,0.0,11.9,24.24,31,958.6,31,5.5,Kano
2011-11-02,33.7,15.6,25.1,0.0,10.5,24.29,25,959.1,49,2.0,Kano
2011-11-03,33.6,15.5,25.6,0.0,9.8,23.85,24,958.2,55,2.5,Kano
2011-11-04,33.4,15.0,25.3,0.0,9.5,24.19,27,958.3,79,2.7,Kano
2011-11-05,33.5,15.7,24.8,0.0,9.5,23.49,30,959.2,96,4.0,Kano
2011-11-06,34.1,14.9,25.5,0.0,15.2,24.18,25,959.4,10,1.3,Kano
2011-11-07,34.6,16.2,25.6,0.0,11.7,23.71,22,959.1,1,0.9,Kano
2011-11-08,34.8,18.0,26.3,0.0,14.1,23.38,25,959.0,12,4.0,Kano
2011-11-09,34.6,18.7,26.6,0.0,10.8,23.39,23,958.2,12,3.3,Kano
2011-11-10,33.2,17.1,25.5,0.0,10.5,23.73,21,957.2,4,0.7,Kano
2011-11-11,33.2,14.7,24.3,0.0,10.9,23.74,27,957.1,1,2.4,Kano
2011-11-12,33.2,14.9,24.3,0.0,10.7,23.44,24,958.3,2,1.2,Kano
2011-11-13,33.7,16.0,25.0,0.0,12.0,23.23,22,959.1,5,0.7,Kano
2011-11-14,33.1,18.8,25.6,0.0,14.7,22.97,18,959.1,8,-0.8,Kano
2011-11-15,31.4,17.1,24.1,0.0,11.9,23.15,23,958.7,30,1.3,Kano
2011-11-16,31.4,14.9,23.4,0.0,11.1,22.91,27,958.6,68,2.5,Kano
2011-11-17,32.4,16.4,24.4,0.0,12.8,22.62,28,958.8,33,3.8,Kano
2011-11-18,33.2,18.0,25.3,0.0,12.1,22.26,25,958.8,42,3.3,Kano
2011-11-19,33.3,18.1,25.6,0.0,12.3,22.04,24,959.3,59,2.8,Kano
2011-11-20,33.3,18.2,25.6,0.0,14.6,22.67,20,959.3,26,0.2,Kano
2011-11-21,31.5,17.2,24.3,0.0,14.7,22.8,20,959.8,45,-0.6,Kano
2011-11-22,31.1,15.8,23.3,0.0,11.7,22.67,24,960.2,36,1.2,Kano
2011-11-23,31.0,15.2,23.0,0.0,10.9,22.59,26,960.3,29,1.7,Kano
2011-11-24,30.3,14.5,22.3,0.0,11.6,22.99,21,961.0,11,-1.9,Kano
2011-11-25,29.6,12.3,21.2,0.0,11.3,23.1,21,960.2,0,-2.9,Kano
2011-11-26,29.7,11.7,21.0,0.0,11.0,23.06,20,959.3,5,-3.5,Kano
2011-11-27,30.7,12.2,21.7,0.0,11.0,22.6,24,959.7,3,-0.8,Kano
2011-11-28,30.3,14.0,22.0,0.0,13.7,22.73,23,960.6,0,-1.0,Kano
2011-11-29,29.9,14.1,21.8,0.0,14.0,22.73,22,961.4,0,-1.8,Kano
2011-11-30,29.7,14.5,21.9,0.0,14.1,22.53,24,961.2,7,-0.8,Kano
2011-12-01,29.1,14.2,21.7,0.0,16.5,22.53,23,960.8,7,-0.7,Kano
2011-12-02,29.0,13.6,21.3,0.0,17.9,22.41,24,960.9,32,-1.2,Kano
2011-12-03,28.8,13.2,21.1,0.0,14.3,22.23,24,960.4,18,-1.0,Kano
2011-12-04,28.9,13.3,21.1,0.0,13.0,22.14,25,959.4,19,-0.4,Kano
2011-12-05,29.5,13.5,21.4,0.0,12.6,21.64,26,959.8,88,0.7,Kano
2011-12-06,29.4,13.8,21.7,0.0,11.0,20.05,24,960.3,90,-0.2,Kano
2011-12-07,29.9,14.1,22.1,0.0,14.6,21.71,19,960.9,12,-3.1,Kano
2011-12-08,29.4,14.2,21.8,0.0,19.8,22.16,16,960.8,0,-6.2,Kano
2011-12-09,27.3,13.9,20.6,0.0,18.9,22.22,17,960.5,4,-5.5,Kano
2011-12-10,27.4,12.7,20.1,0.0,17.1,22.01,21,961.1,1,-3.2,Kano
2011-12-11,27.2,14.3,20.5,0.0,18.8,21.43,25,961.8,7,-0.5,Kano
2011-12-12,27.3,14.1,20.4,0.0,17.2,21.46,25,962.1,0,-1.2,Kano
2011-12-13,26.9,12.8,19.8,0.0,15.3,21.69,17,961.5,0,-6.9,Kano
2011-12-14,26.8,12.0,19.4,0.0,13.8,21.76,16,961.5,0,-8.0,Kano
2011-12-15,27.1,12.0,19.4,0.0,13.6,21.83,16,961.9,0,-7.2,Kano
2011-12-16,26.5,11.5,19.0,0.0,13.2,21.72,22,962.0,31,-3.3,Kano
2011-12-17,27.1,11.0,19.2,0.0,12.1,21.77,27,961.3,22,-0.8,Kano
2011-12-18,27.7,10.0,19.1,0.0,9.7,21.7,28,959.8,33,-0.7,Kano
2011-12-19,29.4,11.8,20.8,0.0,9.7,20.29,26,959.9,24,-0.4,Kano
2011-12-20,29.7,13.8,21.7,0.0,9.4,20.88,23,960.7,1,-0.9,Kano
2011-12-21,29.6,14.1,21.7,0.0,10.7,21.14,20,960.8,4,-2.5,Kano
2011-12-22,29.5,13.8,21.6,0.0,11.9,21.09,21,961.5,0,-2.4,Kano
2011-12-23,28.3,14.0,21.1,0.0,12.1,21.11,22,961.4,3,-1.6,Kano
2011-12-24,27.6,13.5,20.5,0.0,12.6,21.11,21,961.0,20,-3.4,Kano
2011-12-25,28.3,13.4,20.7,0.0,12.4,21.23,22,961.4,0,-2.1,Kano
2011-12-26,28.8,14.2,21.3,0.0,12.4,20.84,26,961.6,6,0.4,Kano
2011-12-27,30.2,14.9,22.4,0.0,11.7,20.74,27,961.7,9,1.9,Kano
2011-12-28,31.0,15.2,23.0,0.0,9.0,20.73,28,960.7,0,2.8,Kano
2011-12-29,31.5,15.4,23.5,0.0,9.5,20.83,30,960.6,9,3.7,Kano
2011-12-30,31.7,14.5,23.5,0.0,10.0,20.91,32,960.5,20,4.5,Kano
2011-12-31,30.2,15.8,22.9,0.0,14.1,21.08,24,961.7,36,0.7,Kano
2012-01-01,29.2,14.8,22.1,0.0,15.0,21.12,22,962.7,55,-0.7,Kano
2012-01-02,28.5,14.9,21.5,0.0,13.7,21.23,23,963.1,66,-1.0,Kano
2012-01-03,27.1,13.7,20.4,0.0,16.5,21.61,22,962.9,20,-2.5,Kano
2012-01-04,27.0,12.6,19.9,0.0,14.6,21.54,27,962.7,0,-0.2,Kano
2012-01-05,26.2,12.8,19.5,0.0,15.3,21.38,29,963.0,0,0.1,Kano
2012-01-06,25.8,12.2,19.0,0.0,12.7,21.49,27,962.5,0,-1.1,Kano
2012-01-07,26.3,11.3,18.8,0.0,11.6,21.59,25,961.7,0,-2.1,Kano
2012-01-08,26.2,11.1,18.6,0.0,12.6,21.97,20,961.8,0,-5.7,Kano
2012-01-09,26.2,10.9,18.6,0.0,12.7,21.87,21,962.0,0,-4.4,Kano
2012-01-10,26.9,10.9,18.9,0.0,12.6,22.07,24,962.0,4,-3.0,Kano
2012-01-11,25.5,12.1,18.6,0.0,15.9,21.91,22,962.4,2,-3.9,Kano
2012-01-12,25.2,11.2,18.1,0.0,17.6,21.93,22,963.5,32,-4.7,Kano
2012-01-13,24.5,11.6,17.9,0.0,18.4,21.9,22,964.8,26,-4.5,Kano
2012-01-14,24.6,11.2,17.7,0.0,18.2,22.08,21,963.9,4,-5.1,Kano
2012-01-15,25.2,10.4,17.7,0.0,14.3,22.09,23,962.1,59,-4.2,Kano
2012-01-16,26.4,10.6,18.3,0.0,11.5,22.22,20,960.6,61,-5.7,Kano
2012-01-17,28.0,10.0,19.2,0.0,10.2,22.08,23,958.6,21,-3.2,Kano
2012-01-18,30.5,10.7,21.0,0.0,11.1,21.6,27,958.3,88,-0.2,Kano
2012-01-19,32.8,13.5,23.5,0.0,10.4,21.8,29,958.3,77,3.1,Kano
2012-01-20,32.5,16.2,24.2,0.0,11.7,21.78,23,959.3,80,0.3,Kano
2012-01-21,31.8,16.1,23.6,0.0,11.6,22.19,19,958.9,0,-2.2,Kano
2012-01-22,31.8,15.7,23.5,0.0,11.0,22.23,22,959.1,0,-0.4,Kano
2012-01-23,31.3,14.5,22.8,0.0,9.9,22.5,21,959.6,2,-1.8,Kano
2012-01-24,32.6,14.5,23.6,0.0,10.7,22.29,18,959.1,0,-3.0,Kano
2012-01-25,33.2,14.9,24.0,0.0,11.2,22.62,17,958.3,0,-3.8,Kano
2012-01-26,32.5,14.6,23.5,0.0,11.8,22.76,17,958.2,0,-3.4,Kano
2012-01-27,33.1,15.0,24.1,0.0,11.8,22.53,19,958.8,10,-2.1,Kano
2012-01-28,34.0,14.9,24.5,0.0,11.3,22.47,21,957.8,13,-0.8,Kano
2012-01-29,34.7,14.9,25.1,0.0,11.5,22.68,19,956.2,0,-1.5,Kano
2012-01-30,35.1,15.5,25.8,0.0,10.5,22.67,21,956.3,0,-0.1,Kano
2012-01-31,34.2,16.6,25.5,0.0,10.0,22.59,21,957.7,41,0.4,Kano
2012-02-01,31.1,17.1,23.8,0.0,14.2,22.72,17,960.0,16,-3.3,Kano
2012-02-02,30.3,14.6,22.5,0.0,12.0,22.89,13,960.2,5,-8.0,Kano
2012-02-03,32.0,14.4,23.3,0.0,10.3,22.86,17,960.1,0,-4.0,Kano
2012-02-04,34.7,16.3,25.5,0.0,10.7,22.86,16,958.6,14,-3.3,Kano
2012-02-05,35.0,16.4,26.0,0.0,10.5,23.21,15,957.5,16,-3.2,Kano
2012-02-06,35.5,15.0,25.9,0.0,12.4,23.33,21,956.4,8,-0.1,Kano
2012-02-07,29.9,16.2,23.2,0.0,15.0,23.14,14,957.5,7,-6.6,Kano
2012-02-08,29.2,13.6,21.4,0.0,13.8,23.28,11,958.5,17,-10.2,Kano
2012-02-09,30.6,13.7,22.3,0.0,10.5,23.07,14,958.6,66,-6.9,Kano
2012-02-10,31.3,15.3,23.3,0.0,10.6,23.25,15,958.3,49,-5.3,Kano
2012-02-11,33.4,15.8,24.6,0.0,10.2,23.59,16,957.9,22,-3.9,Kano
2012-02-12,35.1,14.9,25.4,0.0,10.6,23.59,21,956.8,47,-0.7,Kano
2012-02-13,35.6,15.1,26.4,0.0,10.9,22.98,20,956.5,65,-0.3,Kano
2012-02-14,36.3,16.6,26.6,0.0,10.8,23.65,20,956.4,2,-0.2,Kano
2012-02-15,36.4,17.3,27.1,0.0,10.6,23.81,18,956.6,15,-0.6,Kano
2012-02-16,36.5,18.3,27.3,0.0,16.0,23.92,17,956.8,38,-1.4,Kano
2012-02-17,35.1,19.2,27.2,0.0,14.1,23.82,18,957.3,61,-0.1,Kano
2012-02-18,34.8,19.0,27.1,0.0,14.9,23.99,17,957.6,23,-0.5,Kano
2012-02-19,33.7,18.4,26.1,0.0,10.8,24.22,15,957.8,49,-3.6,Kano
2012-02-20,35.4,16.1,26.2,0.0,11.8,24.0,16,957.4,57,-2.6,Kano
2012-02-21,35.1,18.8,27.3,0.0,9.7,23.79,16,956.9,75,-1.0,Kano
2012-02-22,36.0,18.8,28.0,0.0,11.2,24.11,16,955.9,54,-1.4,Kano
2012-02-23,36.4,17.3,27.2,0.0,10.7,24.47,18,955.3,52,-1.3,Kano
2012-02-24,35.6,17.7,26.9,0.0,12.8,24.74,15,957.2,45,-2.8,Kano
2012-02-25,34.6,18.9,26.9,0.0,18.1,24.76,17,958.0,41,-0.5,Kano
2012-02-26,34.3,18.9,26.6,0.0,15.5,24.94,17,957.1,12,-1.4,Kano
2012-02-27,36.2,16.2,26.5,0.0,10.8,24.98,18,956.5,30,-0.9,Kano
2012-02-28,36.5,17.8,27.4,0.0,12.8,25.15,16,957.2,29,-1.6,Kano
2012-02-29,36.9,19.3,28.4,0.0,12.2,25.17,17,957.4,23,-0.2,Kano
2012-03-01,36.8,18.0,28.0,0.0,10.9,25.24,20,957.1,29,1.5,Kano
2012-03-02,37.4,19.0,28.4,0.0,13.5,25.25,19,957.3,19,0.7,Kano
2012-03-03,35.7,18.6,27.2,0.0,15.8,25.27,16,958.4,42,-1.6,Kano
2012-03-04,34.2,18.8,26.5,0.0,15.2,25.73,14,959.1,27,-3.4,Kano
2012-03-05,33.6,18.1,25.9,0.0,13.8,25.63,15,959.1,43,-3.3,Kano
2012-03-06,33.2,18.1,25.8,0.0,15.1,25.77,10,959.3,20,-8.1,Kano
2012-03-07,33.8,18.0,25.9,0.0,13.5,24.95,10,958.6,67,-8.3,Kano
2012-03-08,35.0,17.2,26.7,0.0,12.2,25.92,11,957.9,75,-7.4,Kano
2012-03-09,37.0,16.2,27.5,0.0,8.9,25.9,18,957.0,68,-1.2,Kano
2012-03-10,35.6,18.3,27.2,0.0,12.8,25.73,15,958.3,44,-3.0,Kano
2012-03-11,33.9,19.4,26.7,0.0,13.3,25.17,10,958.5,84,-8.1,Kano
2012-03-12,33.5,17.3,25.8,0.0,10.7,25.76,12,958.6,65,-6.2,Kano
2012-03-13,34.1,17.8,26.1,0.0,12.9,26.0,13,959.9,43,-5.1,Kano
2012-03-14,34.2,18.1,26.3,0.0,12.9,26.12,13,960.6,7,-4.9,Kano
2012-03-15,35.2,19.0,27.2,0.0,17.0,26.02,14,960.0,36,-3.0,Kano
2012-03-16,33.9,20.3,27.4,0.0,20.1,26.06,15,960.8,7,-2.3,Kano
2012-03-17,33.7,19.1,26.6,0.0,20.5,26.29,14,960.7,1,-3.9,Kano
2012-03-18,33.5,19.5,26.4,0.0,19.2,26.5,13,960.0,13,-4.9,Kano
2012-03-19,33.9,19.1,26.4,0.0,18.3,26.72,12,959.9,68,-5.6,Kano
2012-03-20,33.8,18.5,26.2,0.0,17.7,27.0,8,959.7,74,-10.5,Kano
2012-03-21,34.0,18.3,26.1,0.0,17.3,27.27,8,958.8,29,-11.9,Kano
2012-03-22,34.3,18.0,26.2,0.0,16.9,27.39,7,958.2,18,-12.1,Kano
2012-03-23,34.2,18.3,26.3,0.0,16.7,27.33,7,958.1,0,-12.2,Kano
2012-03-24,34.6,18.2,26.6,0.0,16.5,27.21,8,958.3,46,-10.5,Kano
2012-03-25,35.8,18.6,27.5,0.0,16.5,27.39,9,958.2,38,-8.5,Kano
2012-03-26,35.8,20.0,27.9,0.0,16.3,27.37,8,958.4,58,-9.9,Kano
2012-03-27,35.8,19.0,27.6,0.0,15.6,27.15,9,957.9,87,-9.3,Kano
2012-03-28,35.8,19.4,27.7,0.0,17.7,27.62,8,958.4,96,-10.0,Kano
2012-03-29,36.5,19.3,27.9,0.0,15.5,27.6,10,959.0,70,-7.7,Kano
2012-03-30,37.0,18.7,28.9,0.0,10.6,25.51,12,958.8,81,-4.0,Kano
2012-03-31,38.3,17.9,29.0,0.0,10.9,27.31,15,957.7,61,-1.5,Kano
2012-04-01,38.6,19.0,29.5,0.0,10.7,27.35,17,956.8,4,0.2,Kano
2012-04-02,38.8,20.0,30.0,0.0,13.5,27.19,21,956.0,33,3.8,Kano
2012-04-03,39.9,20.0,30.6,0.0,13.0,26.93,26,954.6,14,7.3,Kano
2012-04-04,38.6,24.5,31.2,0.0,20.0,23.55,37,955.1,47,13.3,Kano
2012-04-05,39.2,25.8,32.1,0.0,17.7,24.56,33,955.4,87,12.7,Kano
2012-04-06,39.1,20.6,30.7,0.0,9.8,25.22,30,955.1,98,8.5,Kano
2012-04-07,39.3,23.7,31.4,0.0,12.3,26.47,30,955.2,75,9.5,Kano
2012-04-08,39.6,20.9,31.0,0.0,11.5,27.29,21,954.0,4,4.1,Kano
2012-04-09,40.6,20.0,31.0,0.0,14.8,27.11,21,953.0,25,4.4,Kano
2012-04-10,39.1,23.2,31.3,0.0,16.3,25.82,36,954.2,3,12.7,Kano
2012-04-11,39.9,23.3,31.6,0.0,15.7,26.37,34,954.9,44,11.3,Kano
2012-04-12,39.4,21.8,31.3,0.0,9.8,27.53,23,955.2,19,5.6,Kano
2012-04-13,38.9,21.3,30.8,0.0,17.4,26.68,32,954.7,48,11.0,Kano
2012-04-14,39.6,26.1,32.8,0.0,17.3,26.58,38,954.8,72,14.7,Kano
2012-04-15,38.9,25.7,32.1,0.0,21.2,25.46,40,954.3,79,15.2,Kano
2012-04-16,39.7,26.7,32.7,0.0,17.6,25.2,38,954.8,80,14.7,Kano
2012-04-17,38.4,25.2,31.4,0.0,21.4,24.93,47,957.2,79,16.9,Kano
2012-04-18,39.5,26.6,32.9,0.0,17.2,26.15,31,956.4,62,10.9,Kano
2012-04-19,38.8,22.1,31.3,0.0,13.1,26.61,22,956.0,89,5.2,Kano
2012-04-20,38.6,24.9,31.9,0.0,15.5,25.33,36,956.6,59,11.8,Kano
2012-04-21,39.4,20.8,31.3,0.0,13.4,27.05,18,957.3,64,2.1,Kano
2012-04-22,40.4,21.1,31.5,0.0,11.2,27.87,15,956.9,34,0.1,Kano
2012-04-23,39.2,24.6,31.8,0.0,16.6,24.8,37,956.5,66,13.1,Kano
2012-04-24,39.6,24.6,31.9,0.0,16.4,26.46,35,955.9,51,12.5,Kano
2012-04-25,38.2,26.5,31.4,0.7,17.3,24.81,50,957.2,75,18.5,Kano
2012-04-26,38.6,24.2,31.6,0.0,12.0,24.48,45,958.0,55,16.2,Kano
2012-04-27,40.7,24.7,32.8,0.0,15.4,26.44,30,956.1,10,9.4,Kano
2012-04-28,40.6,20.4,31.9,0.0,15.7,27.31,25,955.1,2,7.4,Kano
2012-04-29,39.4,24.1,31.8,0.0,16.3,25.35,36,955.5,10,12.7,Kano
2012-04-30,40.2,25.1,32.6,0.0,15.6,25.59,34,955.6,5,12.6,Kano
2012-05-01,40.8,25.3,32.8,0.0,16.8,26.2,34,954.9,7,12.0,Kano
2012-05-02,39.6,25.6,32.1,0.0,18.7,25.64,41,956.1,37,15.1,Kano
2012-05-03,39.0,25.1,31.7,0.0,18.2,25.88,41,956.4,40,15.3,Kano
2012-05-04,38.7,26.8,31.7,0.1,23.1,26.0,46,956.5,36,17.8,Kano
2012-05-05,40.0,24.9,31.9,0.0,17.4,26.03,45,956.7,64,15.9,Kano
2012-05-06,40.5,25.5,32.6,0.0,13.9,25.69,39,956.5,20,14.6,Kano
2012-05-07,39.4,25.7,32.6,0.0,17.8,25.15,40,956.5,32,15.7,Kano
2012-05-08,39.3,25.5,32.4,1.0,19.9,25.53,45,955.7,68,17.5,Kano
2012-05-09,37.8,25.8,30.8,0.6,20.9,25.1,52,955.5,88,19.0,Kano
2012-05-10,37.4,25.7,30.9,1.5,17.1,24.2,48,957.7,70,17.8,Kano
2012-05-11,39.5,24.5,31.5,0.0,18.9,24.25,44,958.0,57,16.1,Kano
2012-05-12,31.1,25.2,28.3,1.1,15.2,13.82,56,959.1,86,18.4,Kano
2012-05-13,34.4,24.4,28.6,5.3,14.1,20.17,56,957.4,91,18.5,Kano
2012-05-14,35.0,24.7,29.1,0.0,16.0,19.93,58,957.1,98,19.4,Kano
2012-05-15,37.4,25.3,30.9,0.0,17.8,23.53,49,957.6,92,17.8,Kano
2012-05-16,38.4,25.6,31.2,0.0,19.6,24.45,52,957.9,68,18.6,Kano
2012-05-17,38.4,24.7,31.3,0.0,16.6,25.5,49,956.7,52,17.4,Kano
2012-05-18,38.0,25.2,31.6,0.0,18.5,25.77,48,955.7,20,18.1,Kano
2012-05-19,37.0,25.7,30.3,1.8,16.3,22.3,58,956.8,91,20.3,Kano
2012-05-20,37.4,25.8,31.2,0.2,11.4,25.13,52,957.7,68,19.0,Kano
2012-05-21,36.7,25.5,29.9,0.5,17.1,20.82,57,958.3,99,19.8,Kano
2012-05-22,38.0,24.7,30.8,0.0,11.8,24.6,50,957.7,84,17.6,Kano
2012-05-23,37.8,25.1,31.1,0.0,15.9,25.35,48,957.7,69,17.2,Kano
2012-05-24,38.5,25.3,31.2,0.0,20.2,25.8,51,957.0,81,18.4,Kano
2012-05-25,38.3,24.9,30.6,2.2,21.5,24.83,53,957.7,74,18.7,Kano
2012-05-26,36.0,23.8,28.7,5.9,17.2,23.76,63,958.9,85,20.2,Kano
2012-05-27,33.4,23.7,27.8,6.1,14.5,23.77,69,960.1,71,21.1,Kano
2012-05-28,31.8,23.8,27.3,0.3,13.1,16.52,69,960.2,73,20.9,Kano
2012-05-29,32.3,23.6,27.5,3.1,14.0,23.62,69,960.0,72,20.9,Kano
2012-05-30,30.8,22.5,26.7,1.8,11.0,18.9,73,961.4,92,21.1,Kano
2012-05-31,32.9,22.3,27.1,6.7,16.0,19.83,70,961.9,87,20.3,Kano
2012-06-01,35.2,23.0,29.0,0.0,7.6,24.95,60,960.4,42,19.8,Kano
2012-06-02,32.7,23.9,28.0,3.2,15.5,21.11,68,959.5,76,21.2,Kano
2012-06-03,34.8,23.6,28.0,1.6,10.9,23.17,70,959.5,56,21.5,Kano
2012-06-04,35.7,23.7,29.4,0.4,16.8,25.11,61,959.3,28,20.4,Kano
2012-06-05,33.9,24.5,28.8,0.0,19.3,22.11,65,958.8,83,21.1,Kano
2012-06-06,34.4,23.6,27.9,9.3,17.8,24.75,68,959.8,33,21.0,Kano
2012-06-07,33.5,24.0,28.1,0.0,16.1,23.78,67,960.6,61,20.9,Kano
2012-06-08,34.8,23.5,28.2,1.9,15.8,23.79,68,959.6,56,21.4,Kano
2012-06-09,35.9,24.0,29.3,1.4,20.9,24.83,65,958.6,39,21.5,Kano
2012-06-10,35.5,24.4,28.8,2.4,15.3,22.58,69,957.2,50,22.2,Kano
2012-06-11,33.8,24.1,28.7,7.7,15.6,23.54,67,958.1,93,21.6,Kano
2012-06-12,31.4,23.5,27.0,1.9,12.6,18.22,74,958.2,83,21.8,Kano
2012-06-13,32.5,22.8,27.5,1.0,10.9,23.62,73,958.6,65,21.9,Kano
2012-06-14,35.6,24.2,29.1,1.4,21.2,23.46,66,957.2,84,21.6,Kano
2012-06-15,33.7,23.4,27.8,3.7,20.7,23.22,69,958.0,59,21.2,Kano
2012-06-16,32.6,23.7,26.9,4.1,13.7,23.57,75,958.9,81,21.8,Kano
2012-06-17,32.5,23.2,27.5,0.5,14.4,24.57,70,959.8,15,21.2,Kano
2012-06-18,32.6,23.3,27.5,1.0,14.0,24.63,70,960.2,27,21.2,Kano
2012-06-19,31.7,23.8,27.6,2.0,15.0,22.29,71,959.5,52,21.7,Kano
2012-06-20,33.7,23.8,27.5,2.7,17.1,20.17,67,959.7,83,20.4,Kano
2012-06-21,32.6,23.1,27.5,0.0,16.5,23.95,64,958.5,36,19.6,Kano
2012-06-22,33.2,23.5,27.8,0.2,11.8,23.72,63,960.3,56,19.8,Kano
2012-06-23,33.5,24.0,27.9,3.3,13.3,23.4,66,960.8,49,20.5,Kano
2012-06-24,30.6,23.2,26.9,0.1,20.5,18.94,70,959.0,30,20.7,Kano
2012-06-25,32.6,22.5,26.9,1.8,17.3,23.75,70,959.6,63,20.6,Kano
2012-06-26,31.2,22.3,26.3,6.4,12.0,16.81,73,961.0,98,20.6,Kano
2012-06-27,29.1,24.0,26.5,0.7,14.6,14.07,72,960.1,99,21.0,Kano
2012-06-28,30.7,22.4,25.9,4.6,15.5,21.54,75,960.0,63,20.9,Kano
2012-06-29,30.6,21.9,26.1,0.0,15.0,21.69,70,960.2,57,19.9,Kano
2012-06-30,31.8,22.6,26.5,1.4,13.9,23.07,69,959.1,82,20.0,Kano
2012-07-01,29.5,23.1,25.8,9.0,17.6,20.36,74,957.6,49,20.8,Kano
2012-07-02,31.2,22.5,26.6,0.0,13.6,23.71,70,958.5,48,20.4,Kano
2012-07-03,30.9,22.3,26.3,0.6,16.9,20.5,70,959.6,87,19.9,Kano
2012-07-04,30.3,22.8,25.8,1.8,15.4,20.14,73,958.5,72,20.5,Kano
2012-07-05,29.4,21.2,24.9,5.4,16.3,18.64,78,959.4,72,20.6,Kano
2012-07-06,30.1,21.9,25.5,5.9,9.2,20.78,78,959.2,70,21.1,Kano
2012-07-07,30.6,21.5,25.5,18.5,16.3,21.9,80,959.0,66,21.5,Kano
2012-07-08,28.3,22.0,24.9,4.7,18.1,14.44,79,958.6,95,20.9,Kano
2012-07-09,29.3,22.1,25.4,1.6,14.0,21.01,75,958.8,41,20.4,Kano
2012-07-10,30.7,22.1,26.0,5.9,11.4,23.59,77,958.7,81,21.5,Kano
2012-07-11,30.2,22.9,25.7,13.4,14.7,20.62,82,958.9,91,22.2,Kano
2012-07-12,28.5,22.6,25.4,0.6,12.2,14.72,78,959.7,80,21.2,Kano
2012-07-13,31.4,22.3,26.1,3.8,11.7,20.94,77,958.6,62,21.4,Kano
2012-07-14,27.0,23.6,25.3,5.4,15.3,12.1,80,957.2,100,21.6,Kano
2012-07-15,24.9,21.9,23.3,21.7,13.2,7.39,89,958.4,96,21.4,Kano
2012-07-16,28.9,21.0,24.7,0.1,20.1,19.28,77,961.3,61,20.1,Kano
2012-07-17,30.7,21.3,25.8,0.3,13.6,21.91,73,962.0,78,20.3,Kano
2012-07-18,29.3,22.4,25.5,15.2,11.5,18.49,78,960.4,69,21.4,Kano
2012-07-19,30.7,20.6,25.4,0.3,14.0,21.93,75,960.8,84,20.2,Kano
2012-07-20,30.7,22.0,26.1,1.1,16.2,19.88,74,961.6,88,20.8,Kano
2012-07-21,28.8,23.2,25.5,5.4,17.4,13.65,79,961.0,86,21.4,Kano
2012-07-22,30.4,21.9,25.6,13.6,12.4,22.75,81,960.6,76,21.9,Kano
2012-07-23,28.9,22.4,25.3,3.4,19.4,17.92,78,960.5,90,21.1,Kano
2012-07-24,30.3,22.2,25.7,1.2,19.2,21.7,77,959.6,62,21.2,Kano
2012-07-25,30.5,22.1,25.5,9.5,11.7,22.27,80,960.0,78,21.4,Kano
2012-07-26,28.4,22.3,24.6,11.1,16.2,15.84,84,960.8,87,21.6,Kano
2012-07-27,28.7,21.9,24.9,7.8,17.3,16.58,81,960.3,90,21.1,Kano
2012-07-28,30.3,21.2,25.0,4.2,11.6,22.41,81,959.1,87,21.4,Kano
2012-07-29,30.8,21.8,26.2,0.0,11.2,24.47,75,958.9,42,21.2,Kano
2012-07-30,31.5,22.9,27.1,0.3,13.3,24.34,74,959.0,57,21.8,Kano
2012-07-31,29.1,22.7,25.0,19.1,19.7,12.47,84,958.7,99,21.9,Kano
2012-08-01,29.2,23.2,25.2,7.8,14.9,16.56,80,959.3,85,21.4,Kano
2012-08-02,31.0,21.6,26.0,0.0,15.0,22.29,73,959.9,65,20.5,Kano
2012-08-03,25.2,22.6,23.8,11.9,12.8,8.66,87,959.3,96,21.6,Kano
2012-08-04,29.6,22.1,25.3,0.9,15.1,20.7,80,959.5,69,21.4,Kano
2012-08-05,28.7,22.0,25.2,0.0,16.6,12.32,76,960.5,99,20.5,Kano
2012-08-06,24.8,22.4,23.5,12.8,12.7,7.84,88,960.1,94,21.4,Kano
2012-08-07,28.2,21.0,24.0,0.9,14.2,13.14,82,960.1,84,20.6,Kano
2012-08-08,28.9,21.3,25.1,0.4,12.7,19.2,77,959.8,69,20.5,Kano
2012-08-09,30.2,22.6,25.4,14.6,10.9,21.72,80,959.3,70,21.6,Kano
2012-08-10,28.6,22.0,25.0,10.5,15.5,16.35,83,958.9,91,21.9,Kano
2012-08-11,26.9,21.5,23.6,3.4,15.8,12.26,85,960.0,99,20.7,Kano
2012-08-12,28.6,21.4,24.8,0.0,21.2,18.75,74,961.7,84,19.7,Kano
2012-08-13,29.2,22.0,24.6,26.9,14.8,18.76,82,960.3,91,21.1,Kano
2012-08-14,22.3,21.5,22.0,69.6,12.8,3.33,94,959.4,97,20.9,Kano
2012-08-15,27.9,20.5,23.7,2.2,14.1,16.28,82,962.0,75,20.3,Kano
2012-08-16,29.8,21.2,25.0,1.6,13.4,23.1,77,961.5,58,20.5,Kano
2012-08-17,31.8,21.9,25.8,3.2,14.8,25.16,77,958.2,65,21.2,Kano
2012-08-18,26.0,22.0,23.2,12.5,12.7,9.93,89,957.6,94,21.3,Kano
2012-08-19,28.2,20.9,24.0,11.3,10.7,18.68,85,960.2,68,21.3,Kano
2012-08-20,28.4,21.5,24.0,9.8,12.6,16.78,86,961.5,88,21.4,Kano
2012-08-21,26.9,21.3,23.9,2.8,10.9,12.44,85,959.9,81,21.2,Kano
2012-08-22,29.1,21.5,24.4,5.7,10.0,21.2,83,960.4,65,21.0,Kano
2012-08-23,28.3,20.8,24.4,0.1,17.4,14.69,79,960.3,91,20.3,Kano
2012-08-24,26.0,21.1,22.8,44.3,7.1,9.26,91,960.6,99,21.2,Kano
2012-08-25,28.9,20.2,24.3,2.4,11.3,20.04,79,961.9,64,20.1,Kano
2012-08-26,30.6,20.8,25.6,0.2,10.7,23.16,76,961.0,35,20.8,Kano
2012-08-27,31.7,22.3,26.6,0.7,11.0,25.44,76,960.0,49,21.7,Kano
2012-08-28,27.3,22.8,24.8,9.6,11.7,14.41,84,959.7,84,21.9,Kano
2012-08-29,29.4,20.9,24.6,11.1,12.1,20.41,83,960.9,91,21.2,Kano
2012-08-30,26.5,21.4,23.8,11.0,7.7,12.61,89,961.2,99,21.8,Kano
2012-08-31,29.8,21.4,25.0,11.5,10.9,21.98,82,960.3,47,21.6,Kano
2012-09-01,29.1,22.1,24.9,9.1,14.9,19.7,84,959.8,68,21.8,Kano
2012-09-02,29.7,21.4,24.7,26.2,10.8,21.33,85,960.7,79,21.8,Kano
2012-09-03,29.2,21.5,24.7,6.3,9.7,19.59,85,961.4,96,21.8,Kano
2012-09-04,25.3,21.3,22.8,93.6,14.5,6.1,91,960.6,91,21.2,Kano
2012-09-05,29.1,20.9,24.8,0.0,14.6,18.28,78,961.1,59,20.5,Kano
2012-09-06,31.2,21.6,25.9,0.0,15.5,24.41,75,961.7,47,20.8,Kano
2012-09-07,30.8,22.1,26.4,0.1,10.4,23.45,75,960.8,58,21.4,Kano
2012-09-08,32.2,22.2,27.1,0.9,14.1,24.22,73,959.5,50,21.4,Kano
2012-09-09,28.0,21.7,24.7,4.4,16.5,16.04,83,960.4,97,21.5,Kano
2012-09-10,29.9,21.9,25.0,17.5,12.8,20.46,83,960.1,83,21.7,Kano
2012-09-11,30.0,21.0,25.2,0.2,11.3,19.95,80,960.1,59,21.2,Kano
2012-09-12,30.9,21.9,26.0,0.4,13.3,24.18,75,960.5,50,20.9,Kano
2012-09-13,30.5,22.2,25.6,8.6,11.6,23.68,79,960.5,50,21.5,Kano
2012-09-14,31.1,23.0,26.2,1.1,7.7,21.42,77,960.1,81,21.5,Kano
2012-09-15,29.5,22.1,25.8,2.2,8.7,19.41,79,959.1,75,21.6,Kano
2012-09-16,28.5,21.5,24.7,13.0,9.4,16.02,84,959.4,99,21.7,Kano
2012-09-17,29.1,22.3,25.3,0.3,15.3,20.85,78,960.9,80,21.1,Kano
2012-09-18,30.8,21.6,25.4,4.8,12.1,23.62,79,960.7,71,21.1,Kano
2012-09-19,29.3,22.7,25.5,0.0,8.6,17.62,77,959.5,60,21.0,Kano
2012-09-20,29.5,21.3,25.6,0.2,8.8,20.68,74,959.5,27,20.5,Kano
2012-09-21,32.1,21.9,26.6,0.9,10.2,24.75,74,960.5,35,21.3,Kano
2012-09-22,29.2,22.8,25.4,10.3,8.8,19.37,83,959.9,66,22.1,Kano
2012-09-23,31.8,22.2,26.2,0.3,9.4,24.12,79,960.8,46,21.9,Kano
2012-09-24,32.4,21.6,26.6,0.5,9.6,22.65,77,959.6,67,21.7,Kano
2012-09-25,32.8,22.1,27.1,0.5,10.9,24.2,74,958.7,57,21.6,Kano
2012-09-26,31.0,22.6,26.8,0.0,8.3,22.07,77,959.7,76,22.1,Kano
2012-09-27,32.1,23.0,27.1,0.2,10.3,23.78,75,960.8,70,22.0,Kano
2012-09-28,33.3,22.9,27.6,0.3,11.6,24.17,71,960.9,27,21.3,Kano
2012-09-29,34.8,22.9,28.2,0.0,14.2,24.55,68,959.0,59,20.8,Kano
2012-09-30,31.8,22.8,27.1,0.0,11.1,21.51,74,959.2,58,21.9,Kano
2012-10-01,32.0,23.0,27.3,0.6,12.5,23.19,72,960.2,68,21.6,Kano
2012-10-02,33.6,22.8,27.5,0.0,12.3,23.14,69,960.5,92,20.7,Kano
2012-10-03,35.0,22.0,27.9,0.0,12.7,24.44,64,959.3,24,19.2,Kano
2012-10-04,34.5,21.1,27.4,0.0,8.6,23.39,61,958.3,62,18.5,Kano
2012-10-05,34.3,21.7,27.5,0.0,12.5,22.66,63,957.6,37,18.9,Kano
2012-10-06,33.5,20.3,26.8,0.0,13.1,24.22,63,958.2,69,18.5,Kano
2012-10-07,32.7,22.9,27.8,0.0,15.3,22.21,66,959.0,74,20.3,Kano
2012-10-08,33.2,23.2,27.5,0.1,13.4,21.77,68,959.9,97,20.4,Kano
2012-10-09,34.9,22.0,28.1,0.0,12.5,24.86,59,959.1,53,17.3,Kano
2012-10-10,35.2,19.4,27.4,0.0,8.4,24.57,50,957.9,25,14.5,Kano
2012-10-11,35.0,20.4,27.3,0.0,9.4,24.18,55,957.9,12,15.8,Kano
2012-10-12,34.5,22.2,27.9,0.0,12.2,22.8,58,959.0,36,17.7,Kano
2012-10-13,33.5,21.8,27.6,0.0,15.0,21.38,63,959.0,24,19.3,Kano
2012-10-14,33.8,21.9,27.4,2.3,7.9,21.47,67,958.2,28,20.1,Kano
2012-10-15,34.6,22.2,28.1,0.0,11.9,22.06,62,957.6,88,19.0,Kano
2012-10-16,35.6,22.3,28.4,0.0,12.7,22.96,58,958.0,87,17.7,Kano
2012-10-17,35.6,20.7,27.9,0.0,10.8,23.59,57,957.7,81,17.3,Kano
2012-10-18,35.3,22.5,28.1,0.0,13.1,22.46,62,957.3,55,19.4,Kano
2012-10-19,34.7,22.7,28.5,0.0,9.6,23.35,58,957.3,52,18.4,Kano
2012-10-20,34.8,23.1,28.6,0.2,11.5,22.26,54,957.0,35,17.6,Kano
2012-10-21,35.7,21.5,28.7,0.0,8.9,23.15,50,956.4,41,15.6,Kano
2012-10-22,35.3,21.2,28.4,0.0,9.6,22.62,50,957.3,35,15.4,Kano
2012-10-23,35.1,21.0,28.1,0.0,10.5,21.72,49,958.1,67,14.9,Kano
2012-10-24,34.0,21.6,27.6,0.6,15.4,20.68,57,958.5,78,17.5,Kano
2012-10-25,33.7,22.3,27.7,0.1,10.9,19.42,60,959.1,88,18.2,Kano
2012-10-26,35.3,23.0,28.9,0.0,11.0,21.58,53,958.6,53,16.9,Kano
2012-10-27,35.7,23.0,29.4,0.0,11.0,22.2,49,958.1,55,17.0,Kano
2012-10-28,36.8,23.4,30.1,0.0,17.4,22.35,41,958.3,43,12.9,Kano
2012-10-29,36.2,19.2,28.9,0.0,11.8,24.21,27,958.3,39,6.2,Kano
2012-10-30,35.2,17.3,27.0,0.0,10.9,23.76,39,958.1,0,10.4,Kano
2012-10-31,35.8,19.3,27.4,0.0,9.9,23.64,44,958.0,8,11.7,Kano
2012-11-01,36.2,18.5,27.7,0.0,10.5,23.7,37,957.8,11,9.4,Kano
2012-11-02,35.8,18.4,27.6,0.0,9.3,24.07,31,957.0,0,6.5,Kano
2012-11-03,35.4,17.2,26.9,0.0,9.8,23.73,36,957.5,0,9.3,Kano
2012-11-04,35.3,18.7,27.3,0.0,11.3,23.37,40,958.4,1,10.3,Kano
2012-11-05,35.3,17.4,27.2,0.0,10.1,23.59,32,957.9,37,7.2,Kano
2012-11-06,35.1,17.5,27.1,0.0,8.1,23.34,33,958.5,43,8.3,Kano
2012-11-07,35.5,17.9,27.6,0.0,13.8,22.87,32,958.7,72,7.5,Kano
2012-11-08,34.5,19.2,27.0,0.0,16.5,22.52,29,958.5,94,6.5,Kano
2012-11-09,33.7,19.2,26.7,0.0,15.6,23.0,28,958.3,60,5.8,Kano
2012-11-10,33.5,20.1,26.3,0.0,16.9,23.16,28,958.4,44,5.5,Kano
2012-11-11,33.7,17.1,26.1,0.0,12.9,22.76,32,958.7,43,7.2,Kano
2012-11-12,34.5,20.9,27.6,0.0,15.8,21.38,30,959.1,85,7.6,Kano
2012-11-13,34.6,21.6,27.9,0.0,13.7,22.21,28,959.7,59,7.3,Kano
2012-11-14,34.8,20.3,27.6,0.0,14.4,22.26,26,959.3,66,5.3,Kano
2012-11-15,33.6,18.8,26.2,0.0,13.3,22.84,23,959.2,6,2.8,Kano
2012-11-16,33.1,16.7,24.8,0.0,11.3,23.23,25,958.8,0,2.2,Kano
2012-11-17,33.8,17.2,25.1,0.0,11.6,23.12,24,958.2,20,1.5,Kano
2012-11-18,34.5,16.7,26.4,0.0,11.0,22.22,26,958.3,62,4.3,Kano
2012-11-19,35.3,20.0,27.7,0.0,10.3,22.13,29,958.7,73,6.9,Kano
2012-11-20,35.4,20.7,27.5,0.0,10.0,21.94,30,958.8,49,7.3,Kano
2012-11-21,35.5,18.8,27.6,0.0,10.8,21.29,29,958.5,53,6.8,Kano
2012-11-22,35.0,17.2,26.6,0.0,11.9,22.26,29,957.7,2,5.4,Kano
2012-11-23,33.9,18.0,26.0,0.0,16.0,22.11,24,958.2,4,3.1,Kano
2012-11-24,33.3,18.5,25.8,0.0,12.1,21.92,26,958.7,44,4.5,Kano
2012-11-25,33.8,17.8,25.8,0.0,10.5,21.74,28,958.9,43,4.9,Kano
2012-11-26,33.9,17.0,25.8,0.0,10.1,21.27,30,959.6,68,5.8,Kano
2012-11-27,33.1,18.3,25.8,0.0,10.5,19.61,29,960.2,87,5.4,Kano
2012-11-28,33.2,17.3,25.5,0.0,11.9,22.05,27,959.7,9,4.0,Kano
2012-11-29,32.4,16.0,24.4,0.0,10.6,22.19,27,958.8,42,3.0,Kano
2012-11-30,32.6,14.1,23.8,0.0,10.7,22.15,29,957.0,29,3.4,Kano
2012-12-01,33.6,15.2,25.0,0.0,10.7,21.83,30,957.2,29,5.3,Kano
2012-12-02,34.3,17.4,26.2,0.0,10.9,21.13,31,958.8,69,6.8,Kano
2012-12-03,34.2,16.8,26.0,0.0,12.2,20.86,31,959.1,78,6.0,Kano
2012-12-04,33.6,16.0,25.4,0.0,11.2,21.58,29,958.1,43,4.2,Kano
2012-12-05,33.0,14.8,23.9,0.0,10.4,21.88,30,957.1,70,3.6,Kano
2012-12-06,32.5,13.4,23.5,0.0,10.5,21.92,31,958.1,30,3.1,Kano
2012-12-07,32.5,14.8,24.2,0.0,12.0,21.91,25,959.3,16,1.8,Kano
2012-12-08,32.5,15.3,24.3,0.0,12.0,21.16,29,959.8,31,4.4,Kano
2012-12-09,33.8,16.6,25.2,0.0,10.8,20.87,32,959.4,70,6.1,Kano
2012-12-10,32.7,15.6,24.5,0.0,11.4,21.21,30,958.7,79,4.5,Kano
2012-12-11,31.0,16.3,23.8,0.0,10.7,21.21,24,959.0,59,1.0,Kano
2012-12-12,31.0,15.5,23.3,0.0,12.1,21.37,26,959.0,0,2.1,Kano
2012-12-13,31.0,15.4,23.3,0.0,13.0,21.38,25,959.2,0,1.4,Kano
2012-12-14,31.2,15.8,23.5,0.0,12.2,21.29,24,959.5,21,1.1,Kano
2012-12-15,30.9,16.0,23.2,0.0,12.2,21.08,23,960.4,67,-0.1,Kano
2012-12-16,29.7,14.6,22.0,0.0,13.7,21.93,17,960.2,6,-4.9,Kano
2012-12-17,28.2,13.6,20.8,0.0,14.8,21.63,21,959.7,6,-2.8,Kano
2012-12-18,28.0,13.3,20.6,0.0,15.0,21.55,25,960.1,9,-0.6,Kano
2012-12-19,27.9,13.4,20.5,0.0,14.8,21.22,24,960.4,66,-1.4,Kano
2012-12-20,28.2,13.4,20.8,0.0,13.8,21.35,20,960.1,29,-3.5,Kano
2012-12-21,27.8,13.2,20.5,0.0,13.5,21.41,21,960.3,41,-3.2,Kano
2012-12-22,27.7,12.5,20.2,0.0,13.4,21.61,24,960.9,69,-1.8,Kano
2012-12-23,28.2,11.8,20.3,0.0,13.5,21.68,27,961.3,33,-0.3,Kano
2012-12-24,27.7,13.0,20.4,0.0,17.2,21.28,24,961.7,70,-1.2,Kano
2012-12-25,28.3,13.3,20.7,0.0,14.2,21.32,24,962.0,1,-1.1,Kano
2012-12-26,27.2,13.0,20.0,0.0,14.5,21.5,24,962.4,10,-1.8,Kano
2012-12-27,27.1,11.7,19.5,0.0,12.6,21.7,26,961.5,11,-1.1,Kano
2012-12-28,27.2,10.9,19.2,0.0,12.3,21.81,27,960.9,15,-0.9,Kano
2012-12-29,27.2,10.8,19.2,0.0,12.5,21.92,25,960.3,18,-2.2,Kano
2012-12-30,27.5,10.4,19.2,0.0,10.9,21.75,26,960.3,32,-1.7,Kano
2012-12-31,26.5,11.5,19.1,0.0,14.0,21.42,24,960.8,9,-2.6,Kano
2013-01-01,26.4,12.3,19.4,0.0,14.6,21.13,27,961.1,0,-0.7,Kano
2013-01-02,27.6,13.6,20.4,0.0,12.9,19.76,26,961.6,13,-0.1,Kano
2013-01-03,29.7,14.5,22.0,0.0,10.9,20.33,25,962.2,17,0.2,Kano
2013-01-04,30.1,14.7,22.4,0.0,10.7,20.53,25,962.0,4,0.7,Kano
2013-01-05,30.5,14.0,22.4,0.0,10.3,21.25,25,960.6,56,0.2,Kano
2013-01-06,27.8,14.5,21.2,0.0,15.1,21.21,21,962.0,5,-2.5,Kano
2013-01-07,27.6,13.5,20.6,0.0,12.5,21.15,24,963.0,7,-1.3,Kano
2013-01-08,28.9,13.9,21.3,0.0,11.4,21.27,26,963.4,19,0.2,Kano
2013-01-09,27.7,13.6,20.6,0.0,12.7,21.76,24,963.0,3,-1.2,Kano
2013-01-10,27.1,12.6,19.9,0.0,15.0,21.72,24,962.4,19,-1.8,Kano
2013-01-11,28.0,13.2,20.3,0.0,14.6,21.47,26,961.4,33,-0.6,Kano
2013-01-12,27.8,12.6,20.1,0.0,12.3,21.71,24,960.7,5,-1.6,Kano
2013-01-13,28.0,12.7,20.3,0.0,13.4,21.83,19,959.7,14,-4.3,Kano
2013-01-14,29.5,13.1,21.2,0.0,9.4,21.62,20,958.3,29,-3.1,Kano
2013-01-15,31.3,14.2,22.7,0.0,8.9,21.15,22,958.6,2,-0.8,Kano
2013-01-16,32.4,16.0,24.2,0.0,11.5,21.23,21,958.9,59,-0.1,Kano
2013-01-17,31.7,17.1,24.2,0.0,11.6,21.4,17,959.9,79,-3.4,Kano
2013-01-18,32.2,16.4,24.2,0.0,10.4,21.52,17,959.2,81,-2.8,Kano
2013-01-19,33.2,15.7,24.6,0.0,10.7,21.42,21,958.5,75,-0.1,Kano
2013-01-20,34.7,17.9,26.6,0.0,10.3,20.82,25,958.4,13,4.3,Kano
2013-01-21,35.8,18.5,28.0,0.0,10.0,20.84,27,958.2,32,6.0,Kano
2013-01-22,36.0,19.6,27.8,0.0,9.4,21.57,22,958.8,11,3.0,Kano
2013-01-23,36.2,19.5,27.9,0.0,10.2,21.74,27,958.7,7,6.4,Kano
2013-01-24,36.6,18.3,27.8,0.0,9.4,21.64,31,958.2,32,7.7,Kano
2013-01-25,36.1,19.7,27.7,0.0,9.5,21.91,30,957.9,38,6.9,Kano
2013-01-26,35.4,18.3,27.0,0.0,9.0,21.82,28,958.0,41,5.7,Kano
2013-01-27,33.8,19.9,26.7,0.0,12.4,21.84,20,959.9,30,0.8,Kano
2013-01-28,32.1,18.3,25.4,0.0,14.6,21.79,16,961.6,85,-2.5,Kano
2013-01-29,30.1,17.3,23.8,0.0,11.9,20.39,18,961.9,89,-2.5,Kano
2013-01-30,28.2,15.9,22.2,0.0,16.4,20.84,13,962.6,59,-8.0,Kano
2013-01-31,25.0,14.1,19.6,0.0,19.5,22.51,22,964.3,26,-3.1,Kano
2013-02-01,25.8,12.7,19.2,0.0,22.0,23.5,21,963.8,0,-4.2,Kano
2013-02-02,26.9,11.7,19.4,0.0,17.3,23.29,23,961.4,0,-3.0,Kano
2013-02-03,30.7,12.0,21.7,0.0,9.2,22.96,23,958.8,0,-1.1,Kano
2013-02-04,33.0,13.7,24.4,0.0,10.2,22.77,25,959.2,23,1.9,Kano
2013-02-05,32.7,17.4,25.1,0.0,17.4,22.41,19,960.5,51,-1.1,Kano
2013-02-06,28.5,15.8,22.1,0.0,16.8,23.05,14,961.8,0,-7.0,Kano
2013-02-07,30.3,13.6,21.9,0.0,10.0,23.19,14,959.9,8,-7.5,Kano
2013-02-08,31.8,14.5,23.2,0.0,9.7,23.34,14,958.6,10,-6.7,Kano
2013-02-09,32.4,15.1,24.0,0.0,10.3,23.17,13,958.0,55,-7.6,Kano
2013-02-10,34.3,15.7,25.1,0.0,11.0,23.38,14,957.7,73,-5.6,Kano
2013-02-11,33.8,16.8,25.3,0.0,11.8,23.52,14,957.8,85,-4.9,Kano
2013-02-12,33.9,16.0,24.9,0.0,10.6,23.38,15,957.5,88,-4.4,Kano
2013-02-13,34.3,16.2,25.5,0.0,10.0,23.61,18,956.9,19,-1.8,Kano
2013-02-14,34.0,15.6,25.2,0.0,10.2,23.79,18,957.0,0,-2.8,Kano
2013-02-15,32.5,17.1,25.0,0.0,12.8,23.61,12,958.5,0,-7.6,Kano
2013-02-16,33.1,16.7,25.0,0.0,11.7,23.85,11,958.8,5,-8.0,Kano
2013-02-17,33.8,17.2,25.6,0.0,10.5,23.82,13,958.0,23,-5.7,Kano
2013-02-18,34.1,16.8,25.7,0.0,10.7,23.69,15,957.7,89,-4.0,Kano
2013-02-19,33.9,17.6,25.8,0.0,10.6,22.52,12,958.6,87,-6.7,Kano
2013-02-20,35.8,17.1,27.0,0.0,10.7,24.47,14,958.7,31,-3.4,Kano
2013-02-21,37.5,16.5,28.4,0.0,10.2,24.34,21,957.4,27,2.1,Kano
2013-02-22,37.3,18.8,28.5,0.0,13.0,24.5,17,956.8,43,-0.9,Kano
2013-02-23,36.6,20.3,28.5,0.0,14.2,24.6,12,957.4,0,-4.5,Kano
2013-02-24,37.7,20.5,29.1,0.0,12.6,24.51,14,956.9,1,-1.8,Kano
2013-02-25,38.6,20.0,29.5,0.0,11.1,23.97,16,956.8,62,-0.1,Kano
2013-02-26,38.7,19.1,29.3,0.0,10.9,24.85,17,957.6,30,0.2,Kano
2013-02-27,39.3,19.0,29.5,0.0,11.7,24.92,17,957.7,4,0.1,Kano
2013-02-28,39.1,21.6,30.8,0.0,14.1,25.08,12,957.1,0,-2.3,Kano
2013-03-01,38.6,20.4,30.1,0.0,12.0,25.55,12,956.4,9,-4.0,Kano
2013-03-02,39.4,18.5,30.0,0.0,16.2,25.39,13,956.6,16,-2.5,Kano
2013-03-03,39.5,19.2,30.1,0.0,15.7,25.44,15,956.9,34,-1.7,Kano
2013-03-04,39.5,19.7,30.0,0.0,13.0,25.59,15,957.1,30,-1.7,Kano
2013-03-05,36.8,20.4,29.1,0.0,12.5,19.01,13,957.7,97,-3.2,Kano
2013-03-06,38.5,19.1,29.2,0.0,10.9,25.79,11,957.3,31,-5.3,Kano
2013-03-07,38.7,19.2,28.9,0.0,11.4,26.03,14,956.8,0,-2.8,Kano
2013-03-08,38.0,18.3,28.8,0.0,11.9,26.28,17,957.0,0,-1.2,Kano
2013-03-09,38.4,17.4,28.7,0.0,12.0,26.54,14,957.3,12,-3.4,Kano
2013-03-10,37.4,17.8,28.9,0.0,11.4,25.64,14,958.2,97,-2.3,Kano
2013-03-11,38.3,17.4,29.0,0.0,10.7,26.31,17,957.1,31,-0.4,Kano
2013-03-12,37.7,16.7,27.7,0.0,9.1,26.25,20,956.2,16,0.6,Kano
2013-03-13,38.0,17.2,27.9,0.0,10.2,25.98,20,955.7,58,-0.0,Kano
2013-03-14,38.4,15.6,28.6,0.0,10.5,26.46,22,955.4,44,1.8,Kano
2013-03-15,39.1,16.9,28.6,0.0,9.6,26.47,23,954.9,31,1.8,Kano
2013-03-16,38.5,17.9,28.8,0.0,10.1,23.83,19,956.2,68,0.8,Kano
2013-03-17,37.0,18.3,28.2,0.0,10.7,26.49,16,957.6,29,-1.1,Kano
2013-03-18,36.9,19.7,28.0,0.0,12.0,26.55,16,957.7,50,-1.9,Kano
2013-03-19,38.6,18.5,29.0,0.0,12.0,26.58,14,955.6,12,-2.7,Kano
2013-03-20,38.4,18.5,28.9,0.0,10.9,27.09,11,955.5,16,-5.7,Kano
2013-03-21,38.8,18.4,28.9,0.0,11.2,27.46,10,954.9,4,-7.6,Kano
2013-03-22,37.5,16.9,28.1,0.0,11.5,27.26,14,954.6,5,-2.3,Kano
2013-03-23,37.8,17.5,28.2,0.0,8.8,27.24,15,955.0,46,-2.3,Kano
2013-03-24,37.7,18.5,29.8,0.0,11.3,25.6,19,955.8,71,2.8,Kano
2013-03-25,38.6,18.1,30.1,0.0,9.8,27.05,18,956.0,12,1.2,Kano
2013-03-26,39.1,16.3,29.2,0.0,15.9,26.95,23,955.6,35,4.1,Kano
2013-03-27,38.7,18.9,29.7,0.0,14.1,26.16,32,955.6,45,9.5,Kano
2013-03-28,38.8,21.3,30.2,0.0,16.8,24.03,40,956.6,87,12.7,Kano
2013-03-29,38.8,24.7,31.4,0.0,15.0,23.84,38,957.2,67,13.8,Kano
2013-03-30,37.7,25.4,31.4,0.0,17.7,21.69,36,956.5,37,13.8,Kano
2013-03-31,37.3,26.0,31.8,0.0,20.2,22.74,42,957.7,72,15.5,Kano
2013-04-01,39.0,24.1,31.5,0.1,17.6,22.65,40,958.0,35,14.7,Kano
2013-04-02,38.6,20.1,30.4,0.0,9.8,23.92,28,957.2,91,6.4,Kano
2013-04-03,39.3,21.4,31.3,0.0,13.2,25.7,23,956.4,64,6.9,Kano
2013-04-04,39.9,23.5,32.1,0.0,11.5,26.17,37,956.7,39,11.7,Kano
2013-04-05,39.8,21.5,31.0,0.0,11.8,27.31,36,957.0,9,9.6,Kano
2013-04-06,40.4,18.9,30.7,0.0,13.6,27.45,26,956.1,7,6.2,Kano
2013-04-07,39.0,21.2,30.8,0.0,19.3,24.5,33,955.2,16,10.8,Kano
2013-04-08,39.0,23.5,31.2,0.0,17.0,24.52,34,956.1,27,10.5,Kano
2013-04-09,39.7,21.1,30.9,0.0,12.6,26.14,26,957.0,16,6.1,Kano
2013-04-10,39.1,23.9,31.4,0.0,12.0,26.78,33,957.7,50,9.5,Kano
2013-04-11,39.4,22.3,31.1,0.0,11.8,25.86,36,956.5,46,10.9,Kano
2013-04-12,40.2,22.0,31.5,0.0,11.2,28.11,17,955.4,1,0.5,Kano
2013-04-13,39.0,19.2,30.2,0.0,10.2,27.81,18,956.5,39,1.3,Kano
2013-04-14,37.4,21.8,30.3,0.0,14.9,23.58,21,957.5,44,4.6,Kano
2013-04-15,37.9,19.2,29.9,0.0,12.1,27.87,15,957.6,77,-2.4,Kano
2013-04-16,37.7,18.4,29.3,0.0,10.4,28.26,14,956.2,32,-2.9,Kano
2013-04-17,37.0,18.6,29.3,0.0,12.2,23.4,26,956.3,90,6.3,Kano
2013-04-18,38.2,24.2,31.2,0.0,15.8,26.49,34,955.6,52,11.7,Kano
2013-04-19,36.1,25.4,30.5,0.0,16.4,19.91,43,956.1,98,15.9,Kano
2013-04-20,36.2,25.1,30.5,0.0,13.1,20.31,48,956.8,93,16.7,Kano
2013-04-21,36.0,25.0,30.4,0.0,14.5,16.78,32,956.3,83,10.6,Kano
2013-04-22,33.6,22.6,28.2,0.6,13.7,19.86,43,957.7,93,13.9,Kano
2013-04-23,34.9,22.7,28.4,1.6,8.8,20.44,50,956.6,70,16.3,Kano
2013-04-24,35.7,24.1,29.2,1.8,10.2,22.52,52,958.2,58,17.9,Kano
2013-04-25,33.9,23.1,28.7,0.2,14.6,21.04,55,960.6,59,18.1,Kano
2013-04-26,37.4,22.0,30.2,0.0,10.2,24.26,46,957.9,57,15.5,Kano
2013-04-27,36.3,24.7,29.8,2.2,16.9,21.66,48,956.7,74,17.3,Kano
2013-04-28,36.5,24.2,30.1,0.0,12.5,23.49,49,957.4,93,16.9,Kano
2013-04-29,37.5,24.3,31.1,0.0,9.1,25.55,45,957.3,44,16.8,Kano
2013-04-30,38.5,25.4,31.7,0.0,12.8,24.45,43,957.6,34,16.7,Kano
2013-05-01,38.6,25.2,31.6,0.0,18.9,24.42,47,957.2,85,17.3,Kano
2013-05-02,39.3,24.5,31.9,0.0,15.1,24.4,45,956.6,56,16.4,Kano
2013-05-03,40.1,24.7,32.4,0.0,11.7,26.46,38,955.2,9,13.8,Kano
2013-05-04,39.8,25.3,32.5,0.0,16.5,26.07,45,956.1,38,16.7,Kano
2013-05-05,40.1,25.2,32.4,0.0,14.8,25.86,42,957.1,66,13.9,Kano
2013-05-06,39.1,24.8,32.2,0.0,17.3,25.3,39,957.9,49,14.6,Kano
2013-05-07,39.9,25.8,32.4,0.0,15.9,25.85,41,957.9,44,15.6,Kano
2013-05-08,38.3,26.0,31.8,0.0,20.1,24.73,44,958.0,54,17.0,Kano
2013-05-09,38.9,25.0,31.8,0.0,18.3,25.41,45,958.0,18,15.8,Kano
2013-05-10,37.8,24.6,31.2,0.0,16.5,24.04,43,958.0,40,15.8,Kano
2013-05-11,37.5,25.6,31.4,0.0,16.1,24.38,49,958.4,66,18.1,Kano
2013-05-12,37.8,24.9,31.5,0.0,19.6,24.2,49,958.5,43,18.0,Kano
2013-05-13,35.8,25.8,29.0,7.0,13.9,19.03,62,960.2,78,20.7,Kano
2013-05-14,35.2,25.0,29.3,0.6,14.3,19.47,61,959.3,87,20.4,Kano
2013-05-15,37.9,24.4,30.7,0.0,13.5,25.79,52,957.0,69,18.0,Kano
2013-05-16,38.5,23.4,30.8,0.0,11.5,26.67,50,956.4,24,16.7,Kano
2013-05-17,38.0,23.8,31.1,0.0,13.0,25.37,45,956.5,56,16.7,Kano
2013-05-18,37.3,25.8,31.7,0.0,16.5,24.53,52,958.0,90,19.7,Kano
2013-05-19,39.7,25.3,32.3,0.0,16.5,25.81,46,957.7,94,16.6,Kano
2013-05-20,39.2,25.4,32.1,0.0,17.1,26.31,46,956.9,43,17.1,Kano
2013-05-21,38.0,26.1,31.8,0.0,17.5,23.89,50,957.4,36,18.8,Kano
2013-05-22,39.3,24.8,32.0,0.0,13.2,25.05,46,957.2,6,16.9,Kano
2013-05-23,39.1,25.4,31.5,0.0,21.4,25.92,53,957.7,23,19.2,Kano
2013-05-24,40.2,24.1,32.1,0.0,13.8,26.24,46,957.3,20,16.3,Kano
2013-05-25,38.0,26.0,30.9,4.0,22.0,24.9,55,957.6,41,19.6,Kano
2013-05-26,37.5,24.3,30.4,0.2,16.2,24.51,57,957.7,87,19.7,Kano
2013-05-27,37.2,24.3,29.7,2.1,15.3,24.37,60,957.9,56,20.2,Kano
2013-05-28,36.3,24.5,29.3,6.4,20.0,24.69,62,957.3,41,20.3,Kano
2013-05-29,34.3,23.6,28.5,0.4,12.8,23.51,67,958.5,77,21.4,Kano
2013-05-30,36.3,24.9,30.1,0.3,16.9,25.75,61,958.4,75,21.1,Kano
2013-05-31,37.1,24.9,30.6,0.0,17.8,26.05,57,957.6,30,20.1,Kano
2013-06-01,36.9,24.9,30.8,0.1,17.0,24.41,54,956.6,14,19.7,Kano
2013-06-02,36.9,25.6,30.7,0.0,18.2,23.55,56,957.5,61,19.9,Kano
2013-06-03,36.9,26.2,30.9,0.1,23.3,24.17,51,957.9,46,19.1,Kano
2013-06-04,37.5,24.2,29.6,3.3,21.7,25.74,60,957.4,47,20.0,Kano
2013-06-05,35.3,23.8,28.1,5.7,22.0,25.1,65,958.8,20,20.2,Kano
2013-06-06,34.9,23.2,28.7,0.4,15.2,25.3,63,959.7,30,20.4,Kano
2013-06-07,35.7,24.3,29.8,0.4,14.3,23.5,57,960.1,71,19.9,Kano
2013-06-08,36.7,24.7,30.2,3.0,17.1,25.39,58,957.8,9,20.5,Kano
2013-06-09,35.4,24.1,28.9,18.8,18.9,24.34,68,957.9,30,21.6,Kano
2013-06-10,35.4,24.6,29.1,0.0,12.7,25.7,64,959.1,56,20.9,Kano
2013-06-11,36.0,24.5,29.8,0.0,15.4,25.88,59,958.9,59,20.5,Kano
2013-06-12,35.7,24.7,29.8,0.0,18.2,26.05,60,958.3,43,20.7,Kano
2013-06-13,36.4,25.2,30.3,0.0,19.6,25.88,57,957.5,9,20.3,Kano
2013-06-14,35.8,25.4,30.1,0.0,22.3,25.39,57,957.6,22,20.2,Kano
2013-06-15,35.2,25.3,29.5,2.3,16.1,24.11,61,958.7,27,20.7,Kano
2013-06-16,34.2,24.7,28.9,1.1,14.3,24.01,66,958.6,28,21.4,Kano
2013-06-17,35.1,25.4,29.5,0.6,13.0,23.85,63,958.5,68,21.2,Kano
2013-06-18,34.7,24.5,28.7,2.3,19.1,23.53,65,957.6,33,21.1,Kano
2013-06-19,35.2,24.2,29.4,0.0,18.6,25.52,59,956.7,34,19.8,Kano
2013-06-20,34.4,24.4,28.7,0.3,21.1,24.25,61,957.6,22,20.0,Kano
2013-06-21,34.4,24.0,28.8,0.0,17.1,24.17,60,959.2,29,19.7,Kano
2013-06-22,34.0,25.0,29.4,0.2,15.9,21.36,58,959.2,58,19.8,Kano
2013-06-23,31.9,24.6,27.8,3.8,12.9,20.35,67,958.9,95,20.9,Kano
2013-06-24,31.3,24.3,26.8,3.7,15.9,15.7,72,959.5,81,21.2,Kano
2013-06-25,31.6,22.8,26.7,4.0,12.0,20.75,73,960.7,76,21.0,Kano
2013-06-26,32.6,23.8,27.3,2.8,8.5,21.52,72,959.9,87,21.3,Kano
2013-06-27,32.0,23.5,26.8,2.8,15.0,20.53,75,959.2,94,21.7,Kano
2013-06-28,30.4,21.8,26.0,3.3,17.4,15.73,74,959.4,100,20.8,Kano
2013-06-29,29.5,22.6,25.9,0.6,15.8,14.22,73,960.3,98,20.4,Kano
2013-06-30,33.0,22.7,27.5,0.4,13.0,23.95,67,959.7,51,20.5,Kano
2013-07-01,33.7,23.5,27.7,1.1,15.0,24.19,67,959.8,42,20.5,Kano
2013-07-02,33.6,22.9,27.7,0.0,16.3,22.06,66,959.2,68,20.1,Kano
2013-07-03,34.6,23.2,27.7,3.2,16.6,23.4,68,957.8,79,20.6,Kano
2013-07-04,33.7,23.1,27.8,1.5,17.7,24.94,65,958.1,67,20.1,Kano
2013-07-05,32.1,22.9,27.1,1.4,16.0,23.12,68,958.8,33,20.4,Kano
2013-07-06,32.7,22.6,26.6,8.8,12.7,24.04,72,959.7,54,20.7,Kano
2013-07-07,25.8,21.8,23.1,15.7,14.0,7.25,86,960.4,99,20.6,Kano
2013-07-08,29.6,20.7,24.9,0.0,11.8,22.03,74,961.4,80,19.5,Kano
2013-07-09,31.1,21.3,25.9,2.1,8.5,23.91,73,961.8,29,20.2,Kano
2013-07-10,31.7,22.6,27.1,0.0,10.3,23.73,70,959.8,35,20.8,Kano
2013-07-11,32.2,23.6,27.1,0.4,16.7,24.42,71,958.8,58,21.2,Kano
2013-07-12,31.8,22.4,26.4,0.5,18.9,23.21,74,960.5,83,21.0,Kano
2013-07-13,31.5,23.4,27.1,0.3,16.0,23.71,70,960.4,60,21.0,Kano
2013-07-14,31.3,23.7,27.2,0.4,15.2,21.52,72,959.8,74,21.5,Kano
2013-07-15,33.1,22.3,27.2,0.4,15.3,24.31,68,960.4,46,20.4,Kano
2013-07-16,32.3,23.5,26.9,3.3,15.8,23.12,68,961.0,70,20.3,Kano
2013-07-17,31.9,23.0,26.3,5.9,13.8,20.91,75,960.5,64,21.2,Kano
2013-07-18,30.6,22.8,26.2,1.1,17.6,20.22,76,960.2,83,21.3,Kano
2013-07-19,30.1,23.2,26.2,13.4,11.9,21.69,78,960.1,62,22.0,Kano
2013-07-20,31.1,23.0,26.8,0.0,13.1,22.71,75,959.3,84,21.8,Kano
2013-07-21,31.0,23.4,26.1,13.7,13.0,22.41,78,959.4,75,21.9,Kano
2013-07-22,32.6,22.0,26.7,1.9,15.8,25.12,74,958.7,58,21.2,Kano
2013-07-23,33.3,22.5,27.1,0.9,16.6,24.38,74,957.1,51,21.7,Kano
2013-07-24,30.6,23.2,26.8,0.8,18.8,19.29,74,958.9,88,21.6,Kano
2013-07-25,31.1,23.1,26.6,1.1,17.2,20.22,73,961.5,81,21.2,Kano
2013-07-26,29.2,23.0,25.9,0.1,17.9,18.91,72,961.6,75,20.4,Kano
2013-07-27,31.6,23.0,27.0,0.3,17.8,23.05,71,959.1,69,21.2,Kano
2013-07-28,29.9,23.7,26.3,0.0,17.8,10.05,73,959.0,94,21.0,Kano
2013-07-29,29.5,23.4,25.8,3.6,21.4,17.93,74,961.2,93,20.6,Kano
2013-07-30,27.2,21.8,24.5,2.0,17.6,11.21,79,961.9,87,20.5,Kano
2013-07-31,27.4,21.4,24.3,13.9,17.1,15.68,80,960.1,71,20.6,Kano
2013-08-01,30.0,21.9,25.1,3.3,18.7,21.78,77,960.2,65,20.7,Kano
2013-08-02,27.9,21.7,24.1,5.6,19.8,12.82,82,961.2,95,20.8,Kano
2013-08-03,30.0,22.7,25.3,4.1,15.5,21.09,76,960.7,62,20.7,Kano
2013-08-04,30.0,22.1,25.5,2.5,15.3,21.46,76,959.8,75,20.9,Kano
2013-08-05,30.9,22.3,25.9,2.2,16.2,21.68,75,958.5,79,20.9,Kano
2013-08-06,26.9,22.6,24.0,7.3,14.3,7.64,85,957.9,96,21.3,Kano
2013-08-07,24.6,21.2,22.8,14.0,11.8,7.96,89,957.3,97,20.9,Kano
2013-08-08,29.2,20.9,24.1,5.2,15.9,19.88,81,958.0,70,20.5,Kano
2013-08-09,28.2,21.2,23.8,14.2,15.9,15.97,82,958.9,99,20.5,Kano
2013-08-10,29.0,20.7,24.3,5.6,13.6,18.4,81,958.9,73,20.7,Kano
2013-08-11,29.3,21.4,24.8,13.6,18.1,17.85,80,958.8,95,20.9,Kano
2013-08-12,23.8,21.7,22.5,56.7,9.0,4.86,93,959.8,99,21.4,Kano
2013-08-13,28.9,20.9,24.2,3.8,15.1,19.95,82,960.8,71,20.6,Kano
2013-08-14,29.3,20.9,24.5,10.5,14.0,19.74,81,959.4,80,20.7,Kano
2013-08-15,27.5,21.6,23.9,10.4,12.9,12.11,86,958.2,90,21.3,Kano
2013-08-16,25.4,21.1,22.8,27.2,8.1,7.38,92,959.3,87,21.4,Kano
2013-08-17,26.9,20.6,23.5,9.8,11.7,14.66,88,959.3,75,21.3,Kano
2013-08-18,26.9,21.2,23.4,13.7,12.4,11.3,87,959.7,100,21.1,Kano
2013-08-19,30.2,21.1,25.1,7.8,8.0,22.42,82,959.2,56,21.5,Kano
2013-08-20,26.6,22.8,24.3,2.9,12.9,11.37,85,958.8,96,21.7,Kano
2013-08-21,28.9,21.4,24.2,11.2,13.5,19.9,83,959.5,63,21.0,Kano
2013-08-22,29.7,21.0,25.2,0.3,15.8,24.61,77,959.4,60,20.5,Kano
2013-08-23,31.1,21.7,26.0,1.6,14.5,24.32,74,959.0,48,20.7,Kano
2013-08-24,30.6,23.0,25.4,8.9,13.7,21.06,81,959.0,84,21.9,Kano
2013-08-25,28.6,21.5,24.3,10.2,8.1,16.92,84,959.1,87,21.4,Kano
2013-08-26,27.4,21.5,23.9,6.0,7.9,13.4,87,959.7,93,21.4,Kano
2013-08-27,29.8,20.8,24.9,2.9,8.6,20.69,84,960.2,60,21.7,Kano
2013-08-28,31.0,21.7,25.8,5.1,12.3,23.43,81,959.7,84,22.0,Kano
2013-08-29,28.3,22.7,24.6,13.4,15.3,14.69,84,960.3,96,21.6,Kano
2013-08-30,29.4,21.0,25.4,0.0,13.3,21.19,77,960.1,77,20.8,Kano
2013-08-31,30.0,22.0,25.2,14.6,12.6,22.15,80,958.8,78,21.3,Kano
2013-09-01,28.9,20.6,24.2,19.8,8.1,18.75,86,958.7,97,21.4,Kano
2013-09-02,27.1,21.3,24.1,2.1,7.4,15.95,86,960.5,88,21.5,Kano
2013-09-03,29.7,20.5,25.3,4.7,7.2,21.53,79,960.9,48,21.0,Kano
2013-09-04,31.2,21.4,25.7,0.8,9.2,22.63,80,960.5,88,21.6,Kano
2013-09-05,29.5,22.2,25.3,5.0,9.1,19.25,83,960.0,90,22.0,Kano
2013-09-06,29.8,21.4,25.4,0.8,11.0,24.64,79,960.4,45,21.2,Kano
2013-09-07,31.8,22.4,26.3,0.5,10.3,23.21,76,960.1,65,21.4,Kano
2013-09-08,33.0,22.1,27.0,0.0,9.4,25.49,72,959.3,41,21.0,Kano
2013-09-09,29.9,22.1,25.2,13.5,16.0,20.73,82,959.0,75,21.8,Kano
2013-09-10,28.6,21.1,24.3,8.3,12.5,17.96,83,959.2,79,21.0,Kano
2013-09-11,28.6,20.6,24.3,9.9,10.6,20.43,82,959.4,79,20.8,Kano
2013-09-12,30.3,20.6,25.5,2.5,11.7,24.15,78,959.5,37,20.9,Kano
2013-09-13,30.9,22.5,26.1,7.3,10.5,23.43,79,959.9,32,22.1,Kano
2013-09-14,30.3,22.5,25.2,10.8,9.7,19.43,84,961.2,76,22.3,Kano
2013-09-15,31.2,21.1,26.1,0.0,6.9,24.9,78,961.4,30,21.6,Kano
2013-09-16,33.5,23.4,27.9,0.2,10.0,25.27,71,960.0,16,21.7,Kano
2013-09-17,34.5,23.2,28.4,0.0,9.6,25.8,70,958.8,9,21.9,Kano
2013-09-18,33.0,23.3,27.6,1.8,12.8,24.93,74,958.8,20,22.3,Kano
2013-09-19,34.2,23.5,28.0,0.2,11.2,22.96,70,957.5,53,21.5,Kano
2013-09-20,32.3,23.2,27.5,0.0,14.8,22.81,73,957.6,60,22.0,Kano
2013-09-21,33.5,23.3,27.9,0.0,13.6,24.87,69,958.0,33,21.4,Kano
2013-09-22,31.9,23.4,27.2,2.2,12.6,22.77,76,958.0,72,22.5,Kano
2013-09-23,30.5,22.9,26.1,10.1,13.6,20.72,80,959.2,79,22.2,Kano
2013-09-24,30.9,22.3,26.3,0.0,19.4,23.5,72,960.5,64,20.5,Kano
2013-09-25,29.7,22.5,26.0,0.7,13.1,21.9,76,961.3,70,21.3,Kano
2013-09-26,33.5,21.9,27.3,0.0,9.2,24.76,71,960.6,17,21.1,Kano
2013-09-27,33.9,23.1,28.1,0.2,15.5,25.03,71,959.3,17,21.9,Kano
2013-09-28,33.1,23.1,27.6,0.3,13.4,24.87,71,959.5,40,21.6,Kano
2013-09-29,33.7,23.1,27.5,3.8,12.4,24.22,72,959.9,62,21.6,Kano
2013-09-30,33.8,22.1,27.6,0.4,14.0,23.72,71,958.6,64,21.3,Kano
2013-10-01,33.5,23.1,28.0,0.0,14.8,23.29,69,958.5,59,21.3,Kano
2013-10-02,32.0,23.8,27.2,10.1,13.3,21.91,75,958.1,60,22.2,Kano
2013-10-03,31.6,22.7,26.9,0.7,11.5,23.38,76,958.4,76,22.1,Kano
2013-10-04,31.9,23.2,26.7,8.5,13.5,22.2,77,959.6,52,22.1,Kano
2013-10-05,34.0,22.7,27.6,0.0,13.0,23.74,67,959.1,22,20.0,Kano
2013-10-06,33.4,22.0,27.4,0.0,14.2,23.32,67,959.2,42,20.0,Kano
2013-10-07,31.3,22.5,26.8,0.1,12.3,22.53,74,960.2,51,21.5,Kano
2013-10-08,29.0,21.7,25.4,9.8,11.0,12.45,81,960.1,79,21.6,Kano
2013-10-09,32.5,21.5,26.5,0.0,8.0,23.18,69,959.3,55,19.4,Kano
2013-10-10,32.7,20.0,26.0,0.0,8.7,23.9,64,959.3,14,17.8,Kano
2013-10-11,33.1,19.0,25.7,0.0,8.8,25.26,51,959.8,43,13.3,Kano
2013-10-12,34.7,17.9,25.9,0.0,11.8,25.44,46,959.2,0,12.2,Kano
2013-10-13,33.1,19.5,25.6,2.5,15.9,23.22,58,958.8,17,16.1,Kano
2013-10-14,29.7,22.5,26.2,1.4,14.0,17.09,74,959.7,96,20.8,Kano
2013-10-15,32.2,21.4,26.4,5.8,10.4,19.34,66,960.6,84,18.4,Kano
2013-10-16,33.8,20.2,26.7,0.0,14.9,24.52,45,960.2,24,12.8,Kano
2013-10-17,34.0,19.0,26.5,0.0,13.4,24.6,42,959.0,37,11.4,Kano
2013-10-18,33.5,18.6,26.7,0.0,11.6,24.78,40,959.1,1,10.9,Kano
2013-10-19,33.3,17.6,25.8,0.0,10.6,25.16,38,958.9,7,9.1,Kano
2013-10-20,33.9,17.2,25.8,0.0,12.4,25.0,39,958.5,5,9.3,Kano
2013-10-21,33.7,18.4,26.3,0.0,12.8,24.67,40,958.7,0,10.3,Kano
2013-10-22,33.7,17.7,25.7,0.0,9.1,24.61,43,958.6,6,11.0,Kano
2013-10-23,33.7,17.4,25.4,0.0,8.6,24.59,45,959.1,9,11.2,Kano
2013-10-24,33.7,17.6,25.4,0.0,10.6,24.49,39,958.8,27,9.5,Kano
2013-10-25,33.7,17.7,25.5,0.0,10.6,23.95,35,958.9,61,8.2,Kano
2013-10-26,33.9,17.7,25.8,0.0,12.4,23.79,33,959.1,5,7.1,Kano
2013-10-27,34.4,17.7,26.1,0.0,11.8,24.23,30,959.2,10,6.1,Kano
2013-10-28,33.8,18.8,26.3,0.0,9.7,23.9,35,959.6,27,8.8,Kano
2013-10-29,35.2,19.6,27.1,0.0,9.9,23.77,37,958.5,58,9.9,Kano
2013-10-30,34.5,18.5,26.9,0.0,9.5,22.58,44,957.8,58,13.0,Kano
2013-10-31,34.7,18.4,26.7,0.0,14.8,23.66,35,957.7,68,9.0,Kano
2013-11-01,33.7,20.5,26.7,0.0,14.8,23.51,25,958.1,73,4.7,Kano
2013-11-02,33.2,18.5,25.8,0.0,13.4,23.67,25,958.2,73,3.9,Kano
2013-11-03,32.8,18.4,25.4,0.0,15.5,23.91,23,958.7,39,2.4,Kano
2013-11-04,31.6,17.3,24.4,0.0,16.0,24.03,27,959.8,0,3.5,Kano
2013-11-05,31.9,15.8,23.8,0.0,10.9,23.43,33,960.6,71,5.5,Kano
2013-11-06,32.8,16.9,25.0,0.0,10.0,21.91,33,960.0,48,6.3,Kano
2013-11-07,34.1,19.1,26.4,0.0,11.6,22.31,28,960.0,16,5.8,Kano
2013-11-08,34.5,18.9,26.6,0.0,12.2,22.84,27,959.4,16,4.9,Kano
2013-11-09,34.4,20.1,26.9,0.0,13.2,22.8,26,959.2,18,5.3,Kano
2013-11-10,33.4,19.0,26.2,0.0,12.4,22.98,28,959.2,32,5.4,Kano
2013-11-11,32.5,16.9,24.9,0.0,12.2,23.14,32,957.8,25,6.3,Kano
2013-11-12,32.7,16.1,24.9,0.0,10.0,22.96,35,957.6,6,7.0,Kano
2013-11-13,33.4,16.2,25.5,0.0,9.0,22.89,32,958.0,27,6.0,Kano
2013-11-14,34.1,17.7,26.0,0.0,10.1,22.72,28,957.9,4,4.8,Kano
2013-11-15,34.2,17.9,26.1,0.0,8.9,22.74,26,958.1,65,4.1,Kano
2013-11-16,34.8,17.6,26.1,0.0,9.7,22.98,27,958.6,6,4.6,Kano
2013-11-17,34.6,17.3,26.1,0.0,10.8,22.68,23,957.8,0,2.2,Kano
2013-11-18,34.3,17.9,26.1,0.0,10.0,22.71,21,957.1,0,1.2,Kano
2013-11-19,34.5,17.1,25.9,0.0,10.4,22.69,21,957.2,13,0.5,Kano
2013-11-20,34.6,16.5,25.6,0.0,10.1,22.6,22,957.8,26,1.5,Kano
2013-11-21,33.2,15.6,24.4,0.0,11.0,21.52,27,957.0,68,3.1,Kano
2013-11-22,33.3,14.5,24.1,0.0,10.9,22.94,26,956.4,36,1.5,Kano
2013-11-23,34.0,14.2,25.6,0.0,11.1,22.67,27,957.2,1,3.6,Kano
2013-11-24,34.4,14.1,24.9,0.0,9.2,22.17,36,957.2,63,6.7,Kano
2013-11-25,34.5,16.8,26.0,0.0,8.7,21.73,30,956.4,50,5.4,Kano
2013-11-26,35.0,14.7,25.3,0.0,11.3,22.16,36,955.9,22,6.1,Kano
2013-11-27,35.7,17.1,27.3,0.0,11.4,21.68,24,957.4,50,3.6,Kano
2013-11-28,35.9,18.7,27.1,0.0,16.8,21.95,21,958.7,6,2.0,Kano
2013-11-29,34.9,18.9,26.7,0.0,10.7,22.1,19,957.8,22,0.3,Kano
2013-11-30,34.8,16.7,25.7,0.0,10.2,21.94,24,955.9,1,2.4,Kano
2013-12-01,35.0,15.6,25.8,0.0,8.4,21.54,32,956.2,66,6.0,Kano
2013-12-02,35.5,17.0,26.7,0.0,10.0,21.32,33,958.5,36,7.0,Kano
2013-12-03,35.7,20.2,27.6,0.0,10.8,20.48,26,959.1,88,5.2,Kano
2013-12-04,35.6,19.5,27.4,0.0,9.5,21.36,27,959.2,30,5.8,Kano
2013-12-05,35.2,19.1,27.1,0.0,9.8,21.39,28,957.7,1,5.9,Kano
2013-12-06,34.4,17.3,26.0,0.0,9.0,21.53,33,957.0,0,7.2,Kano
2013-12-07,33.4,17.6,25.7,0.0,9.3,21.29,33,957.9,27,7.1,Kano
2013-12-08,33.3,17.9,25.8,0.0,8.8,20.79,31,958.8,57,6.1,Kano
2013-12-09,34.7,18.7,26.5,0.0,13.4,20.51,28,958.7,70,5.2,Kano
2013-12-10,34.0,18.3,26.3,0.0,11.1,20.66,30,958.7,72,6.5,Kano
2013-12-11,33.7,18.6,26.5,0.0,9.5,19.85,30,959.0,90,6.1,Kano
2013-12-12,30.7,18.8,24.7,0.0,16.3,20.33,26,961.0,76,3.3,Kano
2013-12-13,27.6,18.0,22.5,0.0,18.7,20.52,28,963.2,15,3.0,Kano
2013-12-14,25.9,15.0,20.2,0.0,17.9,21.45,24,963.8,12,-1.8,Kano
2013-12-15,24.5,12.2,18.2,0.0,17.6,21.7,21,964.5,26,-4.9,Kano
2013-12-16,25.2,11.8,18.3,0.0,16.9,21.76,25,964.1,8,-2.6,Kano
2013-12-17,25.3,12.0,18.6,0.0,15.7,21.9,28,962.8,24,-0.7,Kano
2013-12-18,26.0,12.7,19.1,0.0,16.1,21.81,28,961.6,2,-0.5,Kano
2013-12-19,26.6,11.3,19.0,0.0,15.0,21.45,26,960.0,41,-1.9,Kano
2013-12-20,27.6,12.1,20.0,0.0,11.2,21.16,29,958.9,22,0.7,Kano
2013-12-21,29.5,13.2,21.4,0.0,9.6,20.33,30,959.9,74,2.4,Kano
2013-12-22,30.7,15.1,22.9,0.0,10.0,20.77,28,959.9,55,2.6,Kano
2013-12-23,31.3,15.4,23.3,0.0,10.1,20.94,25,959.2,0,1.4,Kano
2013-12-24,31.3,15.6,23.3,0.0,11.6,21.13,22,959.7,1,-0.8,Kano
2013-12-25,30.7,15.1,23.0,0.0,13.4,21.29,21,961.1,49,-0.8,Kano
2013-12-26,30.6,15.1,22.7,0.0,13.4,21.47,21,960.8,66,-1.9,Kano
2013-12-27,31.1,13.5,22.3,0.0,10.5,21.64,22,960.8,41,-1.7,Kano
2013-12-28,30.6,14.1,22.4,0.0,12.5,21.55,23,961.1,0,-0.8,Kano
2013-12-29,30.3,13.6,21.9,0.0,11.2,21.63,21,960.7,29,-1.9,Kano
2013-12-30,29.3,13.0,21.2,0.0,10.9,21.68,23,960.4,93,-1.7,Kano
2013-12-31,29.2,11.9,20.6,0.0,10.3,21.8,22,959.9,6,-2.8,Kano
2014-01-01,29.3,11.5,20.6,0.0,10.0,21.56,21,959.7,14,-3.8,Kano
2014-01-02,28.3,13.4,21.0,0.0,10.8,20.02,18,960.2,38,-4.8,Kano
2014-01-03,28.2,15.2,21.3,0.0,15.7,21.18,19,961.0,38,-3.9,Kano
2014-01-04,28.3,14.2,21.2,0.0,16.1,21.23,21,961.2,0,-2.6,Kano
2014-01-05,28.4,14.2,21.3,0.0,14.0,21.08,23,960.8,32,-1.1,Kano
2014-01-06,28.5,14.1,21.2,0.0,13.2,21.32,25,960.7,0,-0.3,Kano
2014-01-07,28.2,14.0,21.0,0.0,14.7,21.25,27,960.5,2,0.5,Kano
2014-01-08,28.3,14.4,21.2,0.0,13.5,21.3,25,960.7,2,-0.3,Kano
2014-01-09,28.0,13.9,20.9,0.0,13.7,21.42,23,961.0,24,-1.2,Kano
2014-01-10,27.5,13.9,20.5,0.0,15.8,21.51,23,962.1,72,-1.6,Kano
2014-01-11,27.1,13.1,19.9,0.0,17.1,21.74,25,962.7,0,-1.3,Kano
2014-01-12,27.8,13.1,20.2,0.0,14.7,21.79,25,963.2,0,-1.0,Kano
2014-01-13,28.5,12.9,20.5,0.0,11.5,22.01,23,962.3,0,-2.1,Kano
2014-01-14,29.2,11.1,20.4,0.0,9.8,22.34,21,959.9,1,-3.5,Kano
2014-01-15,31.7,11.9,22.1,0.0,10.5,22.31,22,959.7,0,-1.4,Kano
2014-01-16,32.2,13.1,23.1,0.0,11.3,22.33,21,960.7,0,-1.7,Kano
2014-01-17,31.3,14.8,23.2,0.0,12.7,21.75,19,961.5,0,-2.5,Kano
2014-01-18,31.4,15.4,23.4,0.0,13.4,21.92,18,961.3,60,-2.8,Kano
2014-01-19,31.9,13.9,23.0,0.0,10.5,21.19,21,960.9,70,-1.9,Kano
2014-01-20,31.9,14.6,23.2,0.0,11.3,22.16,17,960.7,12,-4.6,Kano
2014-01-21,31.1,13.5,22.3,0.0,11.2,22.91,16,959.8,0,-5.9,Kano
2014-01-22,31.4,13.0,22.2,0.0,12.4,23.08,15,958.7,0,-6.6,Kano
2014-01-23,31.5,11.4,21.9,0.0,11.8,22.4,20,957.7,25,-3.9,Kano
2014-01-24,32.4,14.6,23.7,0.0,10.5,22.11,18,958.0,40,-2.7,Kano
2014-01-25,32.4,14.6,23.6,0.0,10.5,21.75,17,957.9,75,-3.9,Kano
2014-01-26,34.0,16.0,24.6,0.0,11.0,22.54,15,958.1,77,-5.6,Kano
2014-01-27,33.6,15.2,24.7,0.0,10.2,21.74,21,957.1,71,0.1,Kano
2014-01-28,31.0,15.9,23.6,0.0,11.9,22.34,21,956.9,35,-0.5,Kano
2014-01-29,32.4,15.8,24.3,0.0,11.5,22.2,20,957.4,16,-0.8,Kano
2014-01-30,34.0,18.2,26.3,0.0,10.1,17.01,24,957.0,60,3.3,Kano
2014-01-31,34.4,20.1,27.5,0.0,13.2,19.16,51,957.9,99,14.9,Kano
2014-02-01,33.3,21.0,27.0,0.0,17.5,20.93,30,959.2,91,6.9,Kano
2014-02-02,29.7,18.1,23.8,0.0,14.6,21.88,19,959.0,75,-2.5,Kano
2014-02-03,30.0,16.2,23.1,0.0,12.1,22.35,14,958.8,63,-6.4,Kano
2014-02-04,30.9,16.4,23.7,0.0,13.2,22.56,15,959.4,41,-4.8,Kano
2014-02-05,31.6,16.8,24.4,0.0,19.1,22.82,19,960.1,44,-1.0,Kano
2014-02-06,31.9,17.3,24.7,0.0,15.8,22.63,20,960.0,78,-0.8,Kano
2014-02-07,31.8,17.2,24.6,0.0,15.1,23.01,14,960.1,32,-5.1,Kano
2014-02-08,31.8,16.5,24.2,0.0,13.2,23.2,14,960.4,9,-5.9,Kano
2014-02-09,31.9,16.0,24.0,0.0,15.1,23.4,14,960.0,32,-6.1,Kano
2014-02-10,31.8,16.4,24.0,0.0,13.1,23.41,17,959.8,25,-3.1,Kano
2014-02-11,31.8,16.3,24.0,0.0,12.6,23.38,17,959.8,8,-3.0,Kano
2014-02-12,31.6,16.0,23.9,0.0,15.1,23.75,14,959.7,7,-6.1,Kano
2014-02-13,30.5,15.5,22.9,0.0,17.9,24.38,13,960.0,4,-7.6,Kano
2014-02-14,29.6,14.8,22.3,0.0,19.5,24.52,13,961.3,0,-8.1,Kano
2014-02-15,29.1,14.0,21.5,0.0,18.2,24.48,12,961.3,1,-9.5,Kano
2014-02-16,29.7,14.0,21.8,0.0,14.8,24.12,10,960.7,1,-11.5,Kano
2014-02-17,30.4,14.2,22.4,0.0,13.4,24.11,11,959.9,18,-9.8,Kano
2014-02-18,31.7,15.0,23.3,0.0,12.8,24.21,16,959.9,38,-4.9,Kano
2014-02-19,32.6,14.7,24.0,0.0,10.1,24.33,17,959.6,2,-3.2,Kano
2014-02-20,34.2,17.0,25.3,0.0,10.7,24.5,16,958.2,22,-3.5,Kano
2014-02-21,35.3,17.8,26.4,0.0,11.1,24.43,16,957.6,56,-3.0,Kano
2014-02-22,34.4,17.1,26.0,0.0,11.4,24.75,12,958.0,51,-6.4,Kano
2014-02-23,34.5,17.1,26.0,0.0,10.6,24.84,13,957.9,9,-5.5,Kano
2014-02-24,34.0,16.7,25.6,0.0,15.5,24.97,16,957.4,3,-3.1,Kano
2014-02-25,34.4,17.1,26.1,0.0,13.4,24.84,17,956.9,0,-2.1,Kano
2014-02-26,34.6,17.8,26.4,0.0,12.1,24.8,15,957.4,9,-2.6,Kano
2014-02-27,35.0,20.5,27.2,0.0,9.9,23.29,15,957.4,58,-2.0,Kano
2014-02-28,37.1,18.0,28.6,0.0,11.5,23.53,19,956.2,78,2.0,Kano
2014-03-01,32.5,20.1,26.9,0.0,11.4,19.58,14,958.2,92,-3.1,Kano
2014-03-02,33.3,17.8,26.2,0.0,10.2,23.52,17,958.1,92,-1.2,Kano
2014-03-03,32.6,18.2,25.6,0.0,12.2,21.42,19,958.8,98,-0.3,Kano
2014-03-04,34.6,15.7,26.2,0.0,9.7,25.03,25,957.6,4,2.4,Kano
2014-03-05,35.3,18.1,27.2,0.0,9.5,25.21,15,957.5,17,-3.1,Kano
2014-03-06,36.4,18.2,28.0,0.0,10.8,25.01,15,957.0,63,-2.4,Kano
2014-03-07,36.8,17.0,28.2,0.0,9.4,25.5,17,956.3,17,-0.9,Kano
2014-03-08,36.9,18.5,28.0,0.0,13.6,25.84,13,957.0,16,-4.7,Kano
2014-03-09,34.7,18.3,26.8,0.0,14.8,25.64,10,957.6,73,-7.6,Kano
2014-03-10,33.1,16.9,25.3,0.0,13.0,26.5,12,959.1,68,-7.9,Kano
2014-03-11,33.3,15.3,24.8,0.0,10.9,26.51,9,959.8,73,-11.4,Kano
2014-03-12,33.9,16.0,25.4,0.0,13.4,26.15,9,960.7,2,-10.3,Kano
2014-03-13,35.1,17.5,26.6,0.0,14.3,26.06,14,959.7,25,-4.0,Kano
2014-03-14,36.7,18.2,27.8,0.0,13.2,26.2,15,958.4,41,-1.8,Kano
2014-03-15,38.3,20.2,29.7,0.0,11.8,25.24,17,957.3,64,2.0,Kano
2014-03-16,39.1,21.4,30.9,0.0,12.8,26.08,16,955.8,18,1.4,Kano
2014-03-17,38.3,18.7,29.8,0.0,10.5,25.53,23,956.4,77,5.7,Kano
2014-03-18,38.5,18.9,29.7,0.0,11.3,26.29,20,957.1,39,2.0,Kano
2014-03-19,37.7,20.5,29.4,0.0,12.0,26.65,14,958.6,57,-1.5,Kano
2014-03-20,37.1,20.3,29.0,0.0,13.2,26.76,15,958.7,3,-1.3,Kano
2014-03-21,37.7,19.5,29.1,0.0,14.5,26.87,14,957.5,11,-2.6,Kano
2014-03-22,38.3,18.1,29.0,0.0,11.3,26.85,16,955.7,51,-1.0,Kano
2014-03-23,38.6,18.4,29.4,0.0,16.2,24.92,28,954.5,42,8.1,Kano
2014-03-24,39.2,24.5,31.7,0.0,13.7,25.2,23,956.3,60,5.2,Kano
2014-03-25,39.3,23.3,31.2,0.0,12.8,26.61,14,955.8,65,-0.2,Kano
2014-03-26,39.3,23.3,31.2,0.0,15.9,26.07,16,955.4,44,1.0,Kano
2014-03-27,39.0,22.0,30.9,0.0,16.1,24.52,21,955.0,94,5.3,Kano
2014-03-28,37.8,23.6,30.6,0.0,15.3,20.69,29,955.7,81,9.6,Kano
2014-03-29,38.8,25.1,31.7,0.0,16.3,24.83,35,956.8,22,12.7,Kano
2014-03-30,39.9,25.0,32.1,0.0,13.2,26.35,25,956.6,59,6.2,Kano
2014-03-31,39.8,21.3,31.2,0.0,10.0,26.69,13,956.5,79,-1.3,Kano
2014-04-01,39.9,20.4,30.6,0.0,11.2,27.15,15,956.6,68,-2.0,Kano
2014-04-02,39.1,20.8,30.6,0.0,14.3,27.33,10,957.4,36,-5.9,Kano
2014-04-03,38.5,21.7,30.6,0.0,11.1,26.86,9,957.8,99,-6.4,Kano
2014-04-04,38.8,20.7,30.5,0.0,13.8,27.51,11,958.7,80,-4.0,Kano
2014-04-05,39.4,19.7,30.8,0.0,11.2,27.62,13,957.7,0,-2.1,Kano
2014-04-06,37.8,19.8,30.0,0.0,15.6,22.79,25,957.0,32,7.4,Kano
2014-04-07,38.3,25.1,31.3,0.3,18.8,23.04,36,957.3,53,13.8,Kano
2014-04-08,38.6,28.6,33.0,0.0,19.2,18.96,31,957.3,95,12.7,Kano
2014-04-09,36.1,25.6,30.9,0.0,19.5,17.81,41,958.6,80,14.8,Kano
2014-04-10,39.2,25.5,32.7,0.0,11.5,25.43,22,956.5,65,5.9,Kano
2014-04-11,39.0,25.1,31.9,0.0,14.3,23.83,26,956.4,50,8.3,Kano
2014-04-12,39.0,22.3,31.3,0.0,13.8,24.27,30,956.3,29,9.8,Kano
2014-04-13,38.8,19.8,30.6,0.0,16.6,25.59,32,955.9,26,10.4,Kano
2014-04-14,39.4,25.1,31.8,0.0,16.6,24.34,36,956.7,92,12.4,Kano
2014-04-15,39.2,24.7,31.9,0.0,19.1,24.56,37,956.6,50,13.9,Kano
2014-04-16,40.1,25.7,33.2,0.0,13.5,24.54,31,955.8,39,12.2,Kano
2014-04-17,39.7,25.8,32.5,0.0,15.8,24.0,35,955.0,65,13.9,Kano
2014-04-18,38.2,26.4,31.8,0.0,17.7,23.35,47,956.2,98,17.8,Kano
2014-04-19,39.6,26.6,33.2,0.0,12.2,24.66,38,957.2,71,15.2,Kano
2014-04-20,39.7,26.4,32.8,0.0,15.3,25.35,37,956.6,51,15.3,Kano
2014-04-21,39.5,26.0,32.8,0.0,14.8,24.63,38,955.5,68,14.5,Kano
2014-04-22,39.8,24.8,32.2,0.0,13.0,24.5,39,956.1,73,13.5,Kano
2014-04-23,39.8,23.0,31.6,0.0,14.4,25.87,39,956.3,19,12.8,Kano
2014-04-24,39.4,24.7,32.6,0.0,16.1,24.48,32,955.9,77,12.6,Kano
2014-04-25,38.6,26.4,32.6,0.0,15.3,23.17,41,955.8,86,16.4,Kano
2014-04-26,38.6,27.1,32.3,0.7,19.7,22.98,44,956.4,93,17.8,Kano
2014-04-27,37.9,26.1,31.9,0.0,16.3,24.83,45,956.5,73,17.3,Kano
2014-04-28,38.4,26.2,32.0,0.0,17.1,24.27,46,957.3,61,17.9,Kano
2014-04-29,38.4,26.2,32.3,0.0,10.9,23.36,45,957.1,59,17.8,Kano
2014-04-30,39.8,25.9,31.7,1.7,14.9,24.39,46,956.7,72,17.5,Kano
2014-05-01,37.7,26.1,31.4,0.0,21.0,24.56,51,956.1,66,18.8,Kano
2014-05-02,38.9,26.5,32.2,0.0,16.4,25.29,44,956.5,21,17.5,Kano
2014-05-03,36.2,26.1,29.8,4.4,14.2,21.69,59,957.6,87,20.4,Kano
2014-05-04,34.1,24.5,28.6,0.2,11.5,21.64,68,957.3,77,21.4,Kano
2014-05-05,33.6,24.4,28.5,13.2,18.4,20.69,70,956.1,83,22.1,Kano
2014-05-06,33.6,24.0,27.7,5.8,13.0,22.52,73,957.6,85,22.0,Kano
2014-05-07,30.6,22.5,27.0,8.6,11.7,19.18,77,957.9,98,22.4,Kano
2014-05-08,31.5,24.7,27.6,3.4,13.9,20.95,73,958.0,99,22.1,Kano
2014-05-09,34.6,24.0,28.8,0.3,11.8,25.2,65,957.8,52,21.0,Kano
2014-05-10,33.7,24.7,28.7,1.8,19.2,23.12,62,957.9,45,20.3,Kano
2014-05-11,36.8,23.1,29.8,0.0,13.7,27.04,45,955.7,46,15.4,Kano
2014-05-12,36.2,24.3,30.0,0.0,17.3,24.44,51,955.9,85,18.2,Kano
2014-05-13,31.6,24.5,27.5,19.0,12.6,19.14,69,959.3,75,21.2,Kano
2014-05-14,32.7,23.4,27.8,0.0,12.2,19.57,62,960.2,79,18.7,Kano
2014-05-15,35.0,23.3,29.1,0.2,11.2,24.98,41,958.3,31,13.8,Kano
2014-05-16,35.9,21.2,28.7,0.0,10.0,26.68,49,956.1,16,15.7,Kano
2014-05-17,36.4,23.8,29.6,0.0,12.0,25.84,53,956.7,50,18.3,Kano
2014-05-18,38.1,24.5,30.7,0.0,16.4,25.34,51,957.2,29,18.3,Kano
2014-05-19,37.9,24.7,30.9,0.0,15.3,25.17,53,957.4,56,18.8,Kano
2014-05-20,38.7,25.6,31.9,0.0,12.4,25.12,45,957.4,72,16.9,Kano
2014-05-21,39.3,24.7,31.3,0.0,14.7,26.28,46,956.6,77,15.8,Kano
2014-05-22,37.8,24.7,31.1,0.0,17.6,25.76,44,956.8,75,16.0,Kano
2014-05-23,38.9,25.6,32.0,0.0,15.1,25.99,44,957.0,4,16.7,Kano
2014-05-24,37.9,25.9,31.6,0.0,17.6,25.6,50,956.9,8,18.9,Kano
2014-05-25,38.8,26.4,32.3,0.0,18.9,25.46,45,957.3,18,17.7,Kano
2014-05-26,39.4,27.0,32.7,0.0,14.1,24.93,41,957.0,17,16.3,Kano
2014-05-27,37.2,26.6,31.5,0.0,16.3,23.5,52,957.1,17,19.5,Kano
2014-05-28,38.1,25.7,31.6,0.0,16.4,24.31,52,957.3,76,19.5,Kano
2014-05-29,36.0,24.5,30.2,0.3,16.3,24.19,58,958.4,94,20.4,Kano
2014-05-30,37.7,24.3,30.9,0.6,14.8,25.07,54,958.4,67,19.2,Kano
2014-05-31,38.5,24.9,31.6,0.0,14.8,26.11,48,956.8,11,17.9,Kano
2014-06-01,38.1,25.8,31.5,0.0,14.8,24.55,50,956.3,58,18.8,Kano
2014-06-02,37.6,26.0,31.6,0.0,17.6,23.75,52,956.7,75,19.3,Kano
2014-06-03,37.1,26.0,31.3,0.1,15.0,22.74,51,957.0,92,19.0,Kano
2014-06-04,38.7,25.2,31.7,0.0,17.1,25.32,51,956.4,10,19.0,Kano
2014-06-05,36.9,25.9,31.2,0.4,16.3,23.42,53,956.8,84,19.8,Kano
2014-06-06,37.8,26.1,31.7,0.0,14.8,24.32,50,957.5,69,18.9,Kano
2014-06-07,38.9,24.8,31.8,0.0,18.9,25.63,47,957.3,59,17.4,Kano
2014-06-08,38.2,25.6,31.5,0.0,22.3,25.46,50,957.2,20,18.5,Kano
2014-06-09,37.5,25.2,31.0,0.1,17.1,24.21,55,956.8,79,19.8,Kano
2014-06-10,34.9,26.1,29.9,2.3,16.2,22.43,60,958.3,56,20.7,Kano
2014-06-11,33.1,25.0,28.9,2.1,14.7,21.78,68,958.9,93,22.0,Kano
2014-06-12,35.9,24.8,29.3,3.2,12.9,21.38,64,959.0,52,21.2,Kano
2014-06-13,37.5,25.2,30.5,0.4,18.6,24.05,59,958.5,51,20.7,Kano
2014-06-14,37.8,24.4,30.6,0.0,18.9,25.38,55,958.5,20,19.4,Kano
2014-06-15,36.7,24.8,30.4,0.5,18.7,25.6,58,959.1,37,20.3,Kano
2014-06-16,36.7,24.9,30.3,0.7,17.1,24.25,58,959.3,19,20.3,Kano
2014-06-17,33.6,24.5,27.6,11.0,12.7,21.83,75,960.2,61,22.3,Kano
2014-06-18,35.3,23.5,28.6,1.6,19.3,24.0,69,960.7,85,21.6,Kano
2014-06-19,34.9,24.0,29.2,0.0,17.7,25.46,64,960.3,11,21.3,Kano
2014-06-20,35.4,24.4,29.8,0.0,16.1,25.41,61,959.1,18,20.9,Kano
2014-06-21,35.6,25.0,30.1,0.0,17.0,23.75,58,958.7,13,20.4,Kano
2014-06-22,36.7,24.7,30.2,0.0,17.9,25.38,59,959.4,38,20.4,Kano
2014-06-23,37.2,24.6,30.5,0.0,15.6,25.09,57,960.6,33,19.7,Kano
2014-06-24,36.2,24.0,29.8,0.0,15.8,25.08,58,959.9,30,19.8,Kano
2014-06-25,36.3,24.7,30.2,0.0,18.8,25.06,56,958.9,12,19.5,Kano
2014-06-26,35.8,24.9,30.0,0.2,17.4,24.61,55,959.2,21,19.4,Kano
2014-06-27,34.1,25.3,29.0,0.6,14.3,21.34,62,959.7,50,20.6,Kano
2014-06-28,34.3,23.7,28.5,2.2,20.1,22.99,65,959.7,93,20.8,Kano
2014-06-29,34.0,24.6,28.4,0.8,15.5,22.67,66,959.6,69,21.0,Kano
2014-06-30,35.4,24.4,29.3,1.7,16.3,23.3,60,958.3,53,20.3,Kano
2014-07-01,33.9,23.7,28.4,8.5,15.9,20.38,67,959.4,65,21.1,Kano
2014-07-02,31.9,23.2,26.5,6.5,10.8,19.78,77,960.8,89,22.0,Kano
2014-07-03,32.8,24.2,28.0,0.3,14.4,22.43,72,961.0,72,22.1,Kano
2014-07-04,34.2,23.9,28.2,0.3,17.5,24.85,68,959.8,32,21.3,Kano
2014-07-05,33.8,24.5,28.5,0.2,20.3,24.62,63,959.5,62,20.5,Kano
2014-07-06,31.4,24.0,27.5,0.0,22.1,16.74,66,960.1,93,20.2,Kano
2014-07-07,32.6,23.2,27.4,0.2,19.6,23.71,67,961.6,43,20.3,Kano
2014-07-08,30.2,23.3,25.8,8.2,18.1,15.66,78,962.3,84,21.5,Kano
2014-07-09,30.1,22.0,25.7,12.9,18.3,17.62,79,961.7,80,21.5,Kano
2014-07-10,31.8,21.7,25.7,5.5,12.8,23.31,78,961.5,35,21.3,Kano
2014-07-11,32.7,22.7,27.2,0.5,13.0,24.17,73,961.0,39,21.6,Kano
2014-07-12,32.4,24.2,27.3,0.1,17.0,24.29,72,960.7,53,21.6,Kano
2014-07-13,32.2,23.5,26.9,15.7,14.1,23.25,76,960.9,42,22.2,Kano
2014-07-14,33.7,23.1,27.8,5.4,10.5,24.67,72,960.5,26,21.8,Kano
2014-07-15,34.3,24.0,28.1,2.9,16.4,24.84,71,958.6,93,22.0,Kano
2014-07-16,32.9,23.6,27.6,2.4,22.2,23.63,73,958.7,78,22.0,Kano
2014-07-17,30.4,23.1,26.6,0.0,17.9,15.72,73,961.1,83,21.1,Kano
2014-07-18,31.0,22.5,26.6,2.6,22.4,19.52,71,961.0,48,20.6,Kano
2014-07-19,32.0,23.3,26.8,1.0,23.2,21.1,71,960.5,72,20.8,Kano
2014-07-20,30.7,22.9,26.8,1.9,15.3,21.57,74,960.9,50,21.6,Kano
2014-07-21,31.8,23.6,26.8,15.7,15.3,22.42,77,960.8,71,22.2,Kano
2014-07-22,30.4,23.6,25.5,8.3,16.5,16.86,82,960.9,100,22.0,Kano
2014-07-23,30.3,22.3,25.7,2.1,18.5,19.39,77,961.4,66,21.1,Kano
2014-07-24,30.1,22.4,25.7,0.6,19.8,20.11,74,960.9,74,20.6,Kano
2014-07-25,29.3,22.8,25.6,0.3,17.8,13.68,74,960.9,70,20.5,Kano
2014-07-26,32.7,21.6,27.0,0.0,14.9,24.8,69,960.0,51,20.3,Kano
2014-07-27,32.9,23.5,27.7,1.4,13.4,24.76,70,958.7,27,21.4,Kano
2014-07-28,32.0,23.6,27.0,10.4,14.0,21.59,75,959.6,57,22.1,Kano
2014-07-29,31.7,22.9,26.5,6.7,11.0,22.26,79,959.7,79,22.3,Kano
2014-07-30,31.1,23.2,26.4,10.0,14.3,21.99,78,959.6,68,22.1,Kano
2014-07-31,31.5,23.5,26.5,5.6,26.5,22.4,78,959.8,64,22.2,Kano
2014-08-01,24.2,21.7,22.8,97.2,19.1,3.27,93,960.1,100,21.6,Kano
2014-08-02,28.2,20.9,23.8,4.5,16.9,16.73,82,960.4,74,20.4,Kano
2014-08-03,28.7,21.5,24.3,9.1,16.5,17.42,83,961.4,73,21.1,Kano
2014-08-04,30.4,21.5,25.8,0.0,14.4,18.4,75,960.5,41,20.7,Kano
2014-08-05,28.3,22.6,25.0,7.0,20.9,13.55,80,959.1,69,21.3,Kano
2014-08-06,27.6,22.8,24.6,8.3,18.1,16.44,81,960.1,75,21.0,Kano
2014-08-07,29.6,21.4,25.2,2.0,17.8,22.8,77,960.0,63,20.7,Kano
2014-08-08,29.5,21.9,25.5,0.0,20.5,18.18,73,959.5,97,20.0,Kano
2014-08-09,28.6,22.0,24.4,7.5,20.6,16.39,81,960.1,90,20.7,Kano
2014-08-10,29.9,20.9,25.4,0.2,13.2,21.81,76,961.0,63,20.7,Kano
2014-08-11,31.3,22.7,26.0,7.3,14.2,21.99,78,958.7,90,21.8,Kano
2014-08-12,24.7,21.4,22.5,86.6,13.6,3.0,93,958.5,100,21.3,Kano
2014-08-13,28.9,20.8,24.1,7.0,17.1,19.78,82,960.1,64,20.7,Kano
2014-08-14,29.1,21.8,25.2,4.4,17.3,20.51,77,960.5,54,20.6,Kano
2014-08-15,27.1,22.0,23.4,22.4,10.1,9.55,90,959.6,99,21.6,Kano
2014-08-16,26.7,21.2,23.3,11.8,12.9,9.16,87,960.4,83,20.9,Kano
2014-08-17,29.3,21.3,24.7,11.3,10.4,20.52,82,961.2,72,21.1,Kano
2014-08-18,29.7,21.3,25.2,6.9,10.5,21.65,83,960.0,71,21.9,Kano
2014-08-19,31.6,21.8,26.1,2.2,13.8,24.59,78,959.6,52,21.7,Kano
2014-08-20,31.1,21.8,25.6,14.0,13.3,24.36,80,959.9,56,21.6,Kano
2014-08-21,29.7,21.9,24.9,5.7,13.4,20.27,82,960.4,94,21.5,Kano
2014-08-22,25.5,21.9,23.4,8.2,16.9,7.78,89,959.6,99,21.4,Kano
2014-08-23,26.4,21.0,23.2,14.8,13.7,11.11,87,960.5,96,20.9,Kano
2014-08-24,31.6,20.6,25.9,0.0,7.9,24.06,77,960.3,53,21.2,Kano
2014-08-25,33.2,22.9,26.9,13.5,19.1,25.57,74,957.8,80,21.6,Kano
2014-08-26,28.8,22.5,24.6,12.3,15.2,18.97,83,959.6,69,21.5,Kano
2014-08-27,29.9,21.3,25.5,0.0,12.3,21.18,76,961.3,40,20.8,Kano
2014-08-28,32.5,23.1,27.4,0.1,13.7,25.0,73,958.5,35,22.0,Kano
2014-08-29,32.7,23.7,28.0,0.0,14.5,24.12,74,957.1,53,22.7,Kano
2014-08-30,30.9,23.3,26.1,11.7,19.5,20.89,80,959.0,93,22.3,Kano
2014-08-31,29.2,21.9,24.9,9.0,8.0,13.76,83,959.3,99,21.6,Kano
2014-09-01,29.1,21.5,24.7,6.7,15.5,19.85,83,959.5,74,21.5,Kano
2014-09-02,30.7,21.6,25.7,5.5,18.6,22.42,75,959.6,67,20.6,Kano
2014-09-03,30.2,22.3,25.5,4.7,18.7,22.14,80,959.2,76,21.7,Kano
2014-09-04,28.7,21.5,25.0,18.1,12.0,19.27,84,959.3,64,22.1,Kano
2014-09-05,30.0,21.6,25.6,3.2,9.9,23.92,81,959.0,25,21.9,Kano
2014-09-06,29.5,21.5,25.3,2.3,12.6,21.19,78,959.7,42,20.9,Kano
2014-09-07,31.3,21.8,26.2,0.5,9.8,25.05,77,960.4,46,21.6,Kano
2014-09-08,30.5,22.3,25.5,6.2,18.8,20.33,80,960.7,88,21.7,Kano
2014-09-09,28.9,21.8,24.2,7.3,11.0,16.08,86,960.4,93,21.6,Kano
2014-09-10,30.2,21.1,25.4,0.0,14.8,21.69,76,960.0,62,20.5,Kano
2014-09-11,32.8,21.7,26.9,0.2,8.7,25.54,72,959.0,52,21.0,Kano
2014-09-12,32.7,23.5,27.4,0.0,12.0,24.92,74,958.7,43,22.0,Kano
2014-09-13,29.4,22.5,25.2,17.6,10.9,17.99,84,959.7,81,22.1,Kano
2014-09-14,30.3,21.8,25.6,1.6,7.0,23.09,82,960.6,83,21.9,Kano
2014-09-15,30.6,22.1,25.8,0.9,12.7,20.98,82,959.8,62,22.3,Kano
2014-09-16,28.0,22.4,24.8,6.5,14.6,11.88,87,959.1,93,22.4,Kano
2014-09-17,29.8,21.5,25.1,2.8,11.0,21.78,81,960.0,84,21.3,Kano
2014-09-18,31.5,21.8,26.4,0.4,10.4,24.35,77,959.6,48,21.8,Kano
2014-09-19,32.9,22.7,27.4,0.0,10.5,24.64,73,959.6,45,21.7,Kano
2014-09-20,31.0,23.3,26.2,3.8,10.6,21.73,80,960.0,71,22.3,Kano
2014-09-21,30.8,22.4,26.4,0.2,13.1,21.68,78,960.7,45,22.0,Kano
2014-09-22,31.2,23.3,26.8,0.1,11.2,19.76,75,959.8,68,21.8,Kano
2014-09-23,33.2,22.4,27.4,0.0,9.8,22.47,69,959.3,56,20.5,Kano
2014-09-24,33.5,22.6,27.6,0.0,12.0,25.08,67,959.2,18,20.3,Kano
2014-09-25,31.8,22.6,26.6,0.4,17.2,21.12,74,959.8,59,21.2,Kano
2014-09-26,33.4,23.0,27.3,0.8,11.5,21.59,70,959.6,70,20.7,Kano
2014-09-27,32.8,23.1,27.3,0.0,14.5,24.35,73,959.5,37,21.6,Kano
2014-09-28,32.2,22.6,26.8,0.9,14.0,24.39,74,959.9,18,21.5,Kano
2014-09-29,30.6,23.2,25.8,5.2,12.4,19.6,80,959.5,59,22.0,Kano
2014-09-30,30.1,22.0,25.1,2.3,10.0,17.2,83,959.6,98,21.8,Kano
2014-10-01,29.9,21.9,25.4,11.3,12.4,22.17,81,961.1,69,21.6,Kano
2014-10-02,30.8,21.6,25.3,3.6,10.4,20.97,81,961.0,73,21.4,Kano
2014-10-03,32.7,20.7,26.4,0.0,8.0,24.24,72,959.7,42,20.2,Kano
2014-10-04,32.5,22.0,26.9,0.0,9.2,22.37,70,959.0,37,20.5,Kano
2014-10-05,33.0,22.7,27.2,0.2,11.7,22.78,69,959.1,52,20.5,Kano
2014-10-06,33.3,22.3,27.6,0.0,9.7,23.22,69,959.2,90,20.7,Kano
2014-10-07,33.9,22.4,27.7,0.0,13.3,24.38,59,959.2,50,17.5,Kano
2014-10-08,34.4,18.4,26.4,0.0,9.0,25.62,54,958.2,39,14.6,Kano
2014-10-09,34.9,18.8,26.7,0.0,9.0,25.18,53,956.9,13,15.3,Kano
2014-10-10,33.9,23.0,27.4,0.1,12.6,22.92,64,958.2,73,19.4,Kano
2014-10-11,30.4,23.2,26.6,0.6,10.3,19.15,73,959.0,89,21.0,Kano
2014-10-12,33.9,21.1,27.4,0.0,8.4,22.53,53,958.8,70,15.3,Kano
2014-10-13,33.6,22.8,27.7,0.0,11.1,23.49,59,959.6,62,18.6,Kano
2014-10-14,34.3,22.6,27.9,0.0,10.8,22.93,63,959.9,57,19.4,Kano
2014-10-15,34.5,21.9,27.8,0.0,9.6,22.81,60,959.7,14,18.0,Kano
2014-10-16,35.0,20.5,27.6,0.0,9.1,24.42,52,958.6,1,15.0,Kano
2014-10-17,34.9,18.6,27.1,0.0,8.0,23.73,45,957.8,9,13.2,Kano
2014-10-18,32.1,22.1,26.5,2.3,14.8,21.3,69,959.4,55,20.1,Kano
2014-10-19,32.6,21.8,26.8,0.0,10.1,21.02,61,959.7,42,17.4,Kano
2014-10-20,33.3,18.6,26.4,0.0,13.3,24.59,40,959.4,17,10.2,Kano
2014-10-21,33.1,17.6,25.7,0.0,12.2,24.76,38,959.1,0,8.9,Kano
2014-10-22,33.1,16.5,25.0,0.0,13.2,24.66,41,959.5,16,9.2,Kano
2014-10-23,33.8,17.0,25.7,0.0,10.6,23.84,46,959.3,39,11.5,Kano
2014-10-24,33.8,18.5,26.5,0.0,10.2,23.22,46,958.9,78,12.8,Kano
2014-10-25,34.4,20.4,27.3,0.0,13.8,20.07,41,958.4,68,11.6,Kano
2014-10-26,35.5,19.5,27.7,0.0,13.4,23.96,35,958.6,72,9.0,Kano
2014-10-27,35.5,18.7,27.0,0.0,10.8,23.47,40,958.6,68,10.4,Kano
2014-10-28,35.3,17.8,26.9,0.0,9.3,22.2,46,957.6,63,13.3,Kano
2014-10-29,35.1,21.3,28.3,0.0,15.5,20.88,46,957.1,53,13.6,Kano
2014-10-30,35.5,19.5,27.6,0.0,17.2,23.09,28,958.1,78,6.0,Kano
2014-10-31,34.8,18.4,26.8,0.0,12.1,24.15,30,958.4,27,6.6,Kano
2014-11-01,34.5,17.3,26.4,0.0,9.2,23.62,37,958.0,47,9.1,Kano
2014-11-02,34.8,17.7,26.5,0.0,10.2,23.73,39,958.0,27,9.8,Kano
2014-11-03,34.5,17.0,26.6,0.0,9.9,23.45,31,958.4,47,6.6,Kano
2014-11-04,35.5,19.4,27.7,0.0,12.8,22.11,28,959.3,79,6.9,Kano
2014-11-05,34.5,19.6,27.2,0.0,10.8,20.61,36,959.3,94,9.6,Kano
2014-11-06,34.7,21.6,27.9,0.0,12.2,20.32,51,960.8,39,15.7,Kano
2014-11-07,36.0,20.2,28.3,0.0,10.0,23.0,44,959.6,12,12.7,Kano
2014-11-08,36.1,18.7,28.2,0.0,10.8,23.18,32,958.4,0,8.5,Kano
2014-11-09,35.0,19.3,27.1,0.0,13.1,23.49,23,957.9,0,3.4,Kano
2014-11-10,34.2,17.8,26.6,0.0,11.5,23.17,27,957.6,29,4.6,Kano
2014-11-11,34.6,18.3,27.2,0.0,9.9,22.72,26,958.0,57,5.2,Kano
2014-11-12,34.9,18.3,26.9,0.0,12.9,22.35,28,957.9,77,6.0,Kano
2014-11-13,34.3,18.2,26.3,0.0,15.2,22.81,27,957.8,43,4.8,Kano
2014-11-14,33.8,17.3,25.8,0.0,10.7,23.17,25,958.4,1,3.7,Kano
2014-11-15,34.1,16.1,25.4,0.0,11.4,23.15,26,958.2,3,3.4,Kano
2014-11-16,34.1,16.7,25.9,0.0,12.4,22.85,23,957.5,5,2.3,Kano
2014-11-17,34.8,18.7,26.7,0.0,15.4,22.57,24,957.2,69,3.3,Kano
2014-11-18,33.5,18.9,26.1,0.0,11.3,20.94,27,959.2,87,4.4,Kano
2014-11-19,32.8,17.1,25.1,0.0,13.8,22.64,28,960.5,62,3.8,Kano
2014-11-20,32.3,15.8,24.3,0.0,14.4,22.74,28,960.2,64,3.2,Kano
2014-11-21,31.5,14.6,23.3,0.0,13.8,22.83,27,960.4,0,1.8,Kano
2014-11-22,31.2,15.6,23.5,0.0,13.2,22.66,25,961.3,0,1.6,Kano
2014-11-23,31.4,16.2,23.7,0.0,13.1,22.32,26,961.3,7,2.4,Kano
2014-11-24,31.3,16.9,23.9,0.0,14.7,22.16,24,960.9,42,1.7,Kano
2014-11-25,30.7,16.2,23.4,0.0,12.4,21.07,24,960.5,81,1.4,Kano
2014-11-26,30.4,15.0,22.8,0.0,10.2,21.94,26,960.0,64,1.6,Kano
2014-11-27,30.5,13.9,22.5,0.0,10.4,22.35,26,959.9,36,1.0,Kano
2014-11-28,30.7,13.6,22.2,0.0,10.7,22.43,26,960.2,23,0.8,Kano
2014-11-29,30.7,13.5,22.2,0.0,11.0,22.59,25,960.1,23,0.2,Kano
2014-11-30,32.3,14.4,23.5,0.0,10.5,22.04,29,960.2,0,3.3,Kano
2014-12-01,32.1,15.3,23.8,0.0,11.5,22.13,26,959.4,0,2.2,Kano
2014-12-02,30.8,12.3,22.0,0.0,11.2,22.41,24,958.6,0,-1.0,Kano
2014-12-03,30.5,12.0,21.8,0.0,9.8,22.29,25,958.1,5,-0.2,Kano
2014-12-04,31.4,13.1,22.7,0.0,11.3,22.33,26,959.4,0,0.7,Kano
2014-12-05,33.2,14.6,24.1,0.0,13.8,21.49,25,960.0,0,1.7,Kano
2014-12-06,33.3,16.9,24.8,0.0,13.0,21.59,22,959.9,0,0.2,Kano
2014-12-07,31.9,15.5,23.8,0.0,12.1,21.9,24,959.1,0,1.6,Kano
2014-12-08,32.6,13.6,23.4,0.0,10.7,21.93,28,958.6,0,2.6,Kano
2014-12-09,32.9,14.0,24.4,0.0,10.7,21.75,26,958.4,5,2.0,Kano
2014-12-10,32.7,13.4,23.6,0.0,10.7,21.67,30,957.9,0,3.7,Kano
2014-12-11,32.2,13.4,23.9,0.0,14.8,21.45,29,959.3,33,2.9,Kano
2014-12-12,27.9,14.5,21.4,0.0,15.6,21.11,20,961.2,53,-2.9,Kano
2014-12-13,28.4,14.9,21.4,0.0,13.0,18.9,23,961.3,69,-1.0,Kano
2014-12-14,29.4,15.2,22.4,0.0,14.4,20.26,23,961.6,63,-0.1,Kano
2014-12-15,30.6,16.0,23.3,0.0,13.6,20.62,26,961.6,70,2.5,Kano
2014-12-16,30.5,16.3,23.3,0.0,10.1,19.49,29,961.5,20,3.9,Kano
2014-12-17,32.0,14.9,23.7,0.0,10.2,21.07,29,960.8,0,3.3,Kano
2014-12-18,32.4,14.6,23.6,0.0,10.6,21.35,26,960.8,0,1.6,Kano
2014-12-19,32.4,14.1,23.5,0.0,11.0,21.44,27,960.8,0,2.3,Kano
2014-12-20,31.2,14.0,22.8,0.0,12.1,21.19,26,961.4,28,1.0,Kano
2014-12-21,29.8,15.5,22.7,0.0,15.6,21.15,21,962.7,2,-1.4,Kano
2014-12-22,28.2,14.5,21.5,0.0,16.4,21.14,21,962.6,45,-1.9,Kano
2014-12-23,27.4,14.7,20.9,0.0,17.7,21.21,24,963.5,70,-1.2,Kano
2014-12-24,27.2,13.1,20.1,0.0,15.7,21.48,25,963.9,3,-1.1,Kano
2014-12-25,26.7,12.5,19.6,0.0,15.5,21.43,26,963.7,5,-1.0,Kano
2014-12-26,26.1,11.5,18.9,0.0,11.9,21.44,30,962.1,7,0.3,Kano
2014-12-27,26.3,10.7,18.8,0.0,11.9,21.25,31,961.1,0,0.8,Kano
2014-12-28,27.9,12.5,20.3,0.0,11.8,20.89,28,962.4,0,0.7,Kano
2014-12-29,29.1,13.4,21.3,0.0,10.8,21.02,27,962.4,0,0.7,Kano
2014-12-30,29.3,14.1,21.7,0.0,10.2,20.89,25,961.6,7,0.1,Kano
2014-12-31,29.4,13.9,21.7,0.0,10.2,20.97,20,960.9,66,-3.0,Kano
2015-01-01,27.8,14.5,20.9,0.0,14.9,21.09,17,962.2,40,-5.3,Kano
2015-01-02,26.5,12.1,19.4,0.0,14.8,21.38,16,963.6,0,-7.1,Kano
2015-01-03,24.8,12.1,18.5,0.0,17.1,21.64,16,965.9,0,-8.1,Kano
2015-01-04,24.2,10.9,17.6,0.0,17.6,21.39,20,966.0,11,-6.3,Kano
2015-01-05,24.0,10.1,17.1,0.0,17.1,21.79,21,964.4,1,-5.7,Kano
2015-01-06,23.6,9.8,16.8,0.0,17.0,21.75,24,963.6,0,-4.3,Kano
2015-01-07,24.7,10.4,17.5,0.0,17.5,21.91,22,964.1,0,-5.5,Kano
2015-01-08,25.0,11.6,18.2,0.0,18.5,21.41,25,965.1,67,-2.8,Kano
2015-01-09,24.9,12.0,18.3,0.0,18.4,21.77,21,966.9,18,-4.5,Kano
2015-01-10,24.3,11.7,17.9,0.0,22.1,22.29,21,966.9,0,-5.7,Kano
2015-01-11,23.8,10.7,17.3,0.0,19.0,22.12,18,965.9,0,-7.5,Kano
2015-01-12,22.6,10.8,16.5,0.0,19.7,22.39,21,965.1,4,-6.8,Kano
2015-01-13,24.0,8.9,16.4,0.0,18.5,22.72,23,964.1,0,-5.3,Kano
2015-01-14,25.9,9.7,17.9,0.0,16.5,22.54,25,963.7,6,-3.5,Kano
2015-01-15,26.9,11.3,19.0,0.0,16.4,22.45,28,963.7,10,-1.1,Kano
2015-01-16,27.3,11.4,19.3,0.0,14.5,22.4,23,963.3,17,-3.6,Kano
2015-01-17,27.6,11.2,19.4,0.0,11.9,22.51,20,962.3,0,-4.8,Kano
2015-01-18,29.0,10.9,19.9,0.0,10.0,22.54,21,962.0,8,-3.7,Kano
2015-01-19,29.8,11.2,20.7,0.0,10.2,22.37,21,960.0,0,-3.1,Kano
2015-01-20,32.4,12.9,23.0,0.0,10.4,22.08,24,958.2,1,0.3,Kano
2015-01-21,33.8,15.8,25.2,0.0,10.6,22.06,22,959.7,0,1.2,Kano
2015-01-22,34.1,17.0,25.5,0.0,12.2,22.17,18,961.1,34,-1.4,Kano
2015-01-23,34.6,16.0,25.6,0.0,11.1,22.32,16,959.9,53,-3.0,Kano
2015-01-24,34.4,16.2,25.9,0.0,10.0,22.34,20,957.8,31,0.0,Kano
2015-01-25,33.9,15.1,24.4,0.0,9.0,22.49,22,957.5,1,-0.1,Kano
2015-01-26,33.5,15.6,24.3,0.0,11.3,22.19,21,959.3,54,-0.6,Kano
2015-01-27,33.3,15.4,24.2,0.0,11.2,22.58,19,959.5,42,-2.3,Kano
2015-01-28,31.2,16.2,23.6,0.0,13.0,22.51,13,960.1,53,-6.8,Kano
2015-01-29,28.7,14.1,21.4,0.0,13.7,22.78,13,960.6,46,-8.8,Kano
2015-01-30,29.1,13.0,21.1,0.0,10.7,22.74,16,961.0,39,-6.5,Kano
2015-01-31,31.1,13.7,22.5,0.0,8.9,21.81,17,960.8,84,-4.3,Kano
2015-02-01,33.7,14.3,24.3,0.0,9.8,22.8,17,959.5,18,-3.4,Kano
2015-02-02,34.8,16.4,25.7,0.0,10.7,22.88,15,958.7,31,-4.6,Kano
2015-02-03,34.8,16.6,25.7,0.0,11.5,23.25,12,958.8,62,-7.1,Kano
2015-02-04,35.7,15.7,26.0,0.0,11.8,23.21,14,958.7,30,-4.8,Kano
2015-02-05,36.1,15.6,26.6,0.0,11.2,23.19,16,957.9,15,-2.8,Kano
2015-02-06,37.1,16.4,27.3,0.0,11.7,23.37,17,957.3,5,-2.7,Kano
2015-02-07,37.2,17.5,27.4,0.0,11.4,23.37,14,957.5,3,-3.9,Kano
2015-02-08,36.9,18.5,27.8,0.0,12.3,23.48,12,957.8,10,-5.5,Kano
2015-02-09,36.6,17.3,27.3,0.0,12.4,23.88,13,957.2,29,-4.3,Kano
2015-02-10,35.9,16.8,26.5,0.0,14.2,23.96,14,958.4,0,-5.5,Kano
2015-02-11,35.2,19.0,27.3,0.0,22.1,23.67,14,959.5,10,-2.7,Kano
2015-02-12,34.0,19.4,26.8,0.0,19.3,23.81,13,961.1,18,-4.0,Kano
2015-02-13,33.4,16.7,25.3,0.0,14.7,24.17,13,961.3,30,-6.0,Kano
2015-02-14,35.5,15.5,26.1,0.0,10.9,24.04,15,960.1,59,-4.1,Kano
2015-02-15,35.9,19.5,27.0,0.0,8.9,24.12,18,958.4,9,-0.8,Kano
2015-02-16,37.4,15.5,26.9,0.0,11.9,23.94,24,956.8,1,2.2,Kano
2015-02-17,34.1,16.5,26.4,0.0,10.5,24.02,22,957.5,0,2.2,Kano
2015-02-18,33.7,17.6,26.0,0.0,11.7,23.56,17,957.7,58,-1.4,Kano
2015-02-19,34.1,18.1,26.5,0.0,11.0,23.47,15,957.6,74,-2.9,Kano
2015-02-20,34.6,18.4,26.7,0.0,10.7,23.82,17,956.9,65,-1.2,Kano
2015-02-21,34.8,18.2,26.8,0.0,10.0,23.91,20,956.6,80,0.9,Kano
2015-02-22,35.2,16.6,26.8,0.0,11.4,23.9,20,957.5,53,-0.1,Kano
2015-02-23,33.8,19.1,27.0,0.0,12.4,22.1,24,959.8,78,4.5,Kano
2015-02-24,32.2,19.8,26.1,0.0,14.8,22.4,17,960.3,81,-1.4,Kano
2015-02-25,31.3,17.1,24.3,0.0,13.1,23.98,11,958.6,98,-8.5,Kano
2015-02-26,32.6,16.9,24.9,0.0,9.6,24.2,11,957.8,34,-8.6,Kano
2015-02-27,31.8,16.8,24.5,0.0,13.6,24.69,10,959.5,27,-9.9,Kano
2015-02-28,32.0,17.3,24.7,0.0,12.6,24.6,11,960.6,76,-8.9,Kano
2015-03-01,32.4,15.9,24.5,0.0,11.5,24.75,10,960.2,56,-10.1,Kano
2015-03-02,33.4,17.7,25.6,0.0,12.4,24.84,10,959.4,38,-9.3,Kano
2015-03-03,32.9,18.1,25.6,0.0,17.9,24.84,14,960.2,26,-4.6,Kano
2015-03-04,32.9,18.3,25.6,0.0,18.7,24.96,19,961.4,54,-0.4,Kano
2015-03-05,33.3,18.0,25.7,0.0,14.3,24.85,18,960.4,28,-1.2,Kano
2015-03-06,34.8,17.2,26.4,0.0,10.2,25.42,15,959.4,30,-2.8,Kano
2015-03-07,36.3,18.2,27.6,0.0,9.7,25.51,16,957.6,56,-1.2,Kano
2015-03-08,36.7,19.4,28.0,0.0,9.4,25.67,17,956.7,5,-0.3,Kano
2015-03-09,37.7,18.1,28.5,0.0,11.5,25.79,17,957.1,32,-0.1,Kano
2015-03-10,37.6,19.3,28.8,0.0,10.7,25.59,16,957.9,23,-1.3,Kano
2015-03-11,37.2,21.1,29.2,0.0,17.3,25.85,11,959.3,61,-4.6,Kano
2015-03-12,33.8,19.8,26.9,0.0,16.6,26.1,9,959.4,3,-8.8,Kano
2015-03-13,33.3,18.4,26.1,0.0,14.8,22.63,12,958.1,64,-6.2,Kano
2015-03-14,34.9,19.1,27.2,0.0,16.2,26.07,11,957.7,1,-6.5,Kano
2015-03-15,36.8,20.3,28.8,0.0,15.2,25.84,13,956.8,23,-2.6,Kano
2015-03-16,37.4,23.2,30.3,0.0,19.3,25.13,13,957.7,93,-2.0,Kano
2015-03-17,36.5,23.4,30.2,0.0,24.2,25.06,14,958.5,49,-1.2,Kano
2015-03-18,38.0,22.7,30.7,0.0,16.4,24.75,21,957.0,74,4.9,Kano
2015-03-19,38.8,24.0,31.4,0.0,12.1,25.64,18,955.5,51,3.7,Kano
2015-03-20,38.9,20.6,30.4,0.0,10.3,26.18,16,955.0,48,0.8,Kano
2015-03-21,38.7,20.8,30.2,0.0,12.3,26.31,14,955.8,42,-2.5,Kano
2015-03-22,38.6,18.4,29.5,0.0,10.4,26.24,13,956.3,88,-4.2,Kano
2015-03-23,38.7,17.7,29.9,0.0,9.7,26.6,17,955.9,76,0.9,Kano
2015-03-24,39.0,21.1,31.0,0.0,11.0,25.74,26,954.9,57,7.6,Kano
2015-03-25,37.7,23.2,31.0,0.0,18.6,22.65,37,955.0,76,13.9,Kano
2015-03-26,37.6,25.1,31.4,0.0,14.0,23.19,40,958.4,67,14.7,Kano
2015-03-27,38.8,24.0,31.9,0.0,15.0,26.2,18,958.6,46,3.4,Kano
2015-03-28,35.6,21.5,29.3,0.0,14.2,26.94,10,958.8,65,-6.9,Kano
2015-03-29,34.1,17.5,26.5,0.0,12.3,27.61,10,958.7,58,-8.0,Kano
2015-03-30,34.1,18.0,26.6,0.0,13.8,26.68,10,959.3,61,-8.2,Kano
2015-03-31,30.3,22.0,25.9,0.0,15.4,12.33,12,960.8,98,-6.1,Kano
2015-04-01,33.8,22.4,27.9,0.0,23.3,22.76,16,960.8,93,-0.7,Kano
2015-04-02,35.2,23.5,29.2,0.0,20.7,23.38,18,960.4,69,2.0,Kano
2015-04-03,35.8,23.8,29.6,0.0,18.4,23.89,21,958.7,71,4.3,Kano
2015-04-04,37.7,22.0,30.4,0.0,16.3,26.82,20,957.1,41,3.7,Kano
2015-04-05,37.7,22.1,30.3,0.0,10.5,27.18,20,956.8,9,3.9,Kano
2015-04-06,38.5,19.8,29.7,0.0,11.0,27.46,18,956.9,25,1.1,Kano
2015-04-07,40.6,21.1,31.3,0.0,13.2,27.0,16,957.1,38,1.7,Kano
2015-04-08,40.7,24.1,33.0,0.0,12.2,26.92,17,956.5,44,4.0,Kano
2015-04-09,40.2,22.7,32.7,0.0,12.1,26.62,17,956.0,47,3.6,Kano
2015-04-10,38.5,21.3,31.3,0.0,16.1,27.37,17,957.6,40,1.3,Kano
2015-04-11,36.0,22.7,29.6,0.0,18.8,27.66,13,960.1,4,-2.1,Kano
2015-04-12,34.8,20.6,27.7,0.0,17.4,28.28,11,961.9,40,-5.8,Kano
2015-04-13,33.8,18.5,26.2,0.0,16.9,28.4,9,962.5,49,-10.0,Kano
2015-04-14,34.4,17.4,26.3,0.0,17.1,28.83,6,960.7,44,-14.8,Kano
2015-04-15,33.8,15.8,25.6,0.0,16.3,29.16,7,959.5,10,-13.7,Kano
2015-04-16,34.3,17.2,26.1,0.0,17.9,28.91,7,960.8,1,-13.0,Kano
2015-04-17,35.1,18.4,27.0,0.0,16.7,28.63,8,961.7,26,-10.7,Kano
2015-04-18,36.0,19.3,27.8,0.0,15.1,28.49,7,960.7,0,-10.8,Kano
2015-04-19,36.5,20.0,28.3,0.0,15.5,28.56,7,959.6,0,-11.0,Kano
2015-04-20,36.8,19.4,28.6,0.0,14.9,28.25,7,958.9,2,-11.1,Kano
2015-04-21,37.3,19.3,29.0,0.0,13.7,28.41,7,958.4,0,-11.3,Kano
2015-04-22,38.2,19.8,29.6,0.0,12.1,28.43,7,958.1,8,-11.3,Kano
2015-04-23,39.4,20.0,30.3,0.0,11.5,28.62,7,957.6,0,-10.4,Kano
2015-04-24,39.6,20.0,30.3,0.0,15.1,28.38,9,958.2,48,-6.3,Kano
2015-04-25,38.5,21.7,31.1,0.0,15.0,27.95,12,959.6,38,-2.7,Kano
2015-04-26,38.1,22.8,30.8,0.0,14.1,28.22,10,959.5,46,-5.2,Kano
2015-04-27,37.8,21.0,29.7,0.0,12.4,28.76,8,959.0,34,-8.5,Kano
2015-04-28,38.3,19.3,29.4,0.0,16.6,29.26,8,958.3,12,-11.2,Kano
2015-04-29,37.7,16.9,28.8,0.0,12.4,29.47,8,957.4,0,-10.4,Kano
2015-04-30,39.7,16.8,29.3,0.0,10.7,28.73,14,956.1,0,-4.8,Kano
2015-05-01,40.2,21.7,30.8,0.0,10.3,28.39,12,955.7,0,-3.3,Kano
2015-05-02,40.4,19.1,30.9,0.0,11.0,28.29,13,955.5,4,-1.9,Kano
2015-05-03,40.1,20.6,31.0,0.0,10.0,26.36,16,956.1,43,1.3,Kano
2015-05-04,39.6,22.8,31.8,0.0,13.4,22.64,30,956.9,82,10.0,Kano
2015-05-05,39.4,26.8,32.9,0.0,10.0,26.44,24,957.7,95,7.1,Kano
2015-05-06,38.8,21.2,30.6,0.0,12.6,27.22,32,957.6,31,9.4,Kano
2015-05-07,40.6,21.8,31.5,0.0,12.4,27.46,25,956.3,32,6.1,Kano
2015-05-08,38.7,21.6,30.9,0.0,15.9,25.83,32,958.1,9,10.0,Kano
2015-05-09,38.8,23.9,31.5,0.0,14.0,25.98,34,958.0,14,11.9,Kano
2015-05-10,39.0,24.0,31.7,0.0,12.9,25.49,35,957.4,11,11.4,Kano
2015-05-11,38.3,22.6,31.0,0.0,15.3,24.63,36,957.7,62,11.9,Kano
2015-05-12,39.9,24.5,32.2,0.0,12.2,26.71,36,958.3,22,11.4,Kano
2015-05-13,39.3,21.7,31.8,0.0,14.2,26.56,19,958.5,54,4.1,Kano
2015-05-14,35.6,25.2,30.4,1.7,18.1,19.94,46,958.1,61,17.1,Kano
2015-05-15,38.9,25.2,32.1,0.0,15.5,23.2,32,958.6,80,10.0,Kano
2015-05-16,37.3,27.4,32.5,0.0,13.7,20.89,33,958.8,50,13.6,Kano
2015-05-17,39.9,25.1,33.0,0.0,19.0,26.17,28,958.1,65,7.1,Kano
2015-05-18,40.3,22.6,32.2,0.0,11.8,26.16,24,957.3,90,6.2,Kano
2015-05-19,39.6,25.0,32.1,0.0,17.9,24.88,37,957.3,9,13.6,Kano
2015-05-20,40.0,26.4,32.6,0.0,18.0,25.64,39,957.9,64,14.8,Kano
2015-05-21,40.3,25.9,32.9,0.0,17.3,25.24,34,958.1,58,13.5,Kano
2015-05-22,40.9,27.3,33.8,0.0,17.1,25.3,38,958.8,57,15.4,Kano
2015-05-23,40.1,26.1,32.3,0.0,15.6,25.08,46,958.0,27,17.4,Kano
2015-05-24,38.9,26.0,32.3,0.0,15.8,25.75,47,958.7,52,17.7,Kano
2015-05-25,38.8,26.9,32.9,0.0,17.4,24.22,39,958.3,7,15.8,Kano
2015-05-26,41.0,24.4,32.8,0.0,12.4,27.44,33,956.7,31,9.6,Kano
2015-05-27,39.0,25.6,32.2,0.0,15.9,25.36,40,957.5,70,15.2,Kano
2015-05-28,40.4,26.7,33.1,0.0,16.3,26.34,39,957.3,11,14.9,Kano
2015-05-29,40.8,26.1,33.2,0.0,18.2,26.04,39,956.2,4,14.6,Kano
2015-05-30,39.8,26.5,32.9,0.0,18.9,26.03,44,957.2,7,17.3,Kano
2015-05-31,39.4,26.6,32.8,0.0,18.8,24.68,44,957.4,62,17.3,Kano
2015-06-01,39.6,26.7,32.9,0.0,17.4,26.0,44,957.0,37,17.2,Kano
2015-06-02,38.6,26.9,32.0,0.0,17.3,25.54,47,957.2,28,18.5,Kano
2015-06-03,37.1,25.6,30.4,3.9,15.6,23.05,57,958.5,53,20.3,Kano
2015-06-04,39.0,25.7,31.9,0.0,18.5,24.32,49,958.2,14,18.3,Kano
2015-06-05,38.4,25.1,31.4,0.3,22.9,25.63,52,957.3,27,19.2,Kano
2015-06-06,38.0,25.1,31.1,0.0,17.9,25.63,54,957.8,22,19.7,Kano
2015-06-07,36.2,25.7,30.4,0.0,16.5,22.61,56,958.7,90,19.9,Kano
2015-06-08,35.3,25.4,29.6,3.2,15.4,22.15,61,959.2,89,21.0,Kano
2015-06-09,36.1,24.2,29.9,0.7,14.7,24.11,59,959.0,42,20.2,Kano
2015-06-10,38.3,24.7,31.5,0.0,15.8,25.29,50,958.8,25,18.5,Kano
2015-06-11,37.5,25.1,31.0,0.3,18.8,25.91,52,958.5,7,19.2,Kano
2015-06-12,38.5,25.1,31.5,0.0,16.4,25.5,51,958.4,12,19.0,Kano
2015-06-13,37.7,25.5,30.8,3.0,17.4,24.3,53,958.6,18,19.1,Kano
2015-06-14,36.4,24.7,30.2,1.1,16.6,24.6,53,958.6,24,18.9,Kano
2015-06-15,37.4,25.3,30.9,0.0,15.8,23.0,53,958.8,32,19.1,Kano
2015-06-16,38.4,24.6,31.4,0.0,18.2,24.29,50,957.7,35,17.8,Kano
2015-06-17,38.1,25.1,31.4,0.0,19.9,25.61,49,957.1,10,17.9,Kano
2015-06-18,38.7,25.2,31.9,0.0,17.3,24.7,45,956.8,8,16.7,Kano
2015-06-19,37.7,25.7,31.4,0.0,18.1,24.52,49,958.1,45,18.0,Kano
2015-06-20,38.7,25.7,31.8,0.0,18.1,24.8,46,958.9,54,16.9,Kano
2015-06-21,36.9,24.2,30.4,0.0,20.9,24.04,53,960.5,46,18.8,Kano
2015-06-22,37.4,24.6,31.0,0.0,17.8,25.42,51,961.3,42,18.5,Kano
2015-06-23,38.1,25.3,31.3,0.4,19.0,24.88,50,961.0,25,18.7,Kano
2015-06-24,36.5,26.1,30.4,1.3,19.8,23.01,53,960.8,47,19.3,Kano
2015-06-25,35.6,23.6,28.3,21.6,18.5,22.27,67,962.2,67,21.1,Kano
2015-06-26,30.2,23.4,26.5,2.6,21.5,17.95,75,962.3,78,21.6,Kano
2015-06-27,33.5,23.6,28.2,0.7,12.9,24.03,66,961.1,27,20.8,Kano
2015-06-28,33.7,24.4,29.1,0.0,15.9,22.91,63,960.6,27,20.9,Kano
2015-06-29,33.3,25.3,28.6,1.2,16.1,23.4,64,960.9,43,20.8,Kano
2015-06-30,35.5,24.2,29.5,0.0,17.6,24.84,59,959.8,50,20.1,Kano
2015-07-01,35.9,24.8,29.5,1.2,19.8,25.75,58,959.0,42,19.9,Kano
2015-07-02,34.8,24.4,29.1,0.0,14.2,23.29,62,959.6,66,20.5,Kano
2015-07-03,33.9,24.4,28.4,2.6,14.0,23.12,66,961.0,50,21.0,Kano
2015-07-04,31.9,24.8,28.1,0.3,13.3,16.92,68,960.6,62,21.4,Kano
2015-07-05,33.7,22.5,27.8,14.3,10.2,24.27,69,960.1,64,21.0,Kano
2015-07-06,34.3,24.3,29.1,0.0,9.2,23.82,60,959.8,29,19.9,Kano
2015-07-07,35.0,23.9,29.2,2.0,10.4,23.95,61,959.5,29,20.3,Kano
2015-07-08,33.7,24.4,28.5,5.4,11.5,23.97,67,959.6,55,21.3,Kano
2015-07-09,33.3,23.8,28.0,24.4,15.9,23.36,74,959.7,51,22.4,Kano
2015-07-10,32.8,23.0,27.6,2.7,10.7,18.94,72,960.1,63,21.7,Kano
2015-07-11,34.5,24.8,29.1,0.3,23.6,24.41,66,959.7,84,21.6,Kano
2015-07-12,30.8,24.0,27.2,3.4,18.9,20.55,73,959.9,91,21.8,Kano
2015-07-13,32.9,24.0,28.0,2.1,16.6,25.15,70,959.5,28,21.5,Kano
2015-07-14,32.6,23.3,27.1,11.1,15.6,23.44,75,958.9,56,21.9,Kano
2015-07-15,32.1,23.7,27.4,0.3,14.5,23.63,74,958.8,86,22.0,Kano
2015-07-16,32.5,23.7,27.3,9.9,14.9,24.66,75,959.9,59,22.2,Kano
2015-07-17,32.0,23.8,27.3,10.1,13.5,22.65,76,959.6,76,22.5,Kano
2015-07-18,32.7,24.4,28.3,0.5,15.3,24.68,73,958.6,68,22.7,Kano
2015-07-19,28.2,23.3,25.8,17.5,15.5,10.06,81,958.7,83,22.2,Kano
2015-07-20,29.8,22.6,25.5,3.4,18.3,19.03,79,959.1,89,21.4,Kano
2015-07-21,29.3,22.4,25.6,0.6,15.5,17.6,74,960.9,84,20.6,Kano
2015-07-22,31.8,22.6,26.7,0.2,17.7,22.37,69,960.8,57,20.2,Kano
2015-07-23,29.0,23.3,25.4,8.2,15.1,12.94,78,960.3,78,21.3,Kano
2015-07-24,29.2,22.5,25.6,1.2,18.9,20.92,78,960.0,34,21.2,Kano
2015-07-25,30.8,22.9,26.4,3.7,12.8,23.47,76,960.1,41,21.6,Kano
2015-07-26,29.4,22.6,25.6,23.1,15.4,19.69,82,960.1,82,22.1,Kano
2015-07-27,27.9,21.9,24.3,17.1,12.0,13.62,86,959.8,79,21.8,Kano
2015-07-28,30.2,21.5,25.7,0.0,17.3,22.22,73,960.5,43,20.2,Kano
2015-07-29,30.0,22.4,26.1,0.0,17.4,19.93,72,961.0,83,20.5,Kano
2015-07-30,29.3,22.4,25.2,5.4,19.5,14.63,78,960.4,62,20.9,Kano
2015-07-31,29.5,22.1,25.4,2.7,16.1,21.1,80,960.1,77,21.6,Kano
2015-08-01,30.0,22.8,25.8,12.5,10.9,22.06,81,959.9,77,22.0,Kano
2015-08-02,31.0,22.5,25.7,8.6,14.3,22.19,81,959.8,94,21.9,Kano
2015-08-03,27.5,21.9,24.2,14.9,8.5,11.15,86,961.2,95,21.6,Kano
2015-08-04,29.7,22.6,25.3,8.0,13.1,19.72,81,960.5,82,21.6,Kano
2015-08-05,27.6,22.0,24.6,11.7,12.3,18.57,84,960.3,95,21.6,Kano
2015-08-06,30.2,21.9,26.1,2.1,7.2,19.31,74,959.5,72,20.8,Kano
2015-08-07,28.4,22.8,25.0,17.7,13.3,15.29,82,958.9,78,21.7,Kano
2015-08-08,28.4,22.2,24.7,14.9,10.1,18.01,83,960.0,82,21.6,Kano
2015-08-09,26.6,21.1,23.5,12.8,10.8,11.3,89,959.9,92,21.5,Kano
2015-08-10,30.1,20.3,25.3,0.0,13.2,22.64,79,959.4,55,21.0,Kano
2015-08-11,30.4,22.4,26.0,7.1,12.6,23.35,78,959.5,43,21.7,Kano
2015-08-12,29.4,21.6,25.1,13.7,11.3,17.33,83,961.5,94,21.9,Kano
2015-08-13,31.8,22.4,26.8,0.3,12.8,23.3,77,960.2,50,22.1,Kano
2015-08-14,30.0,22.9,25.5,19.4,11.8,14.83,82,960.2,99,22.2,Kano
2015-08-15,31.8,21.8,26.5,0.0,16.1,24.85,74,960.5,53,21.0,Kano
2015-08-16,30.1,22.4,25.7,23.9,11.2,18.04,82,960.7,95,22.3,Kano
2015-08-17,30.7,21.3,25.7,21.1,9.3,23.16,82,960.4,90,22.1,Kano
2015-08-18,30.6,22.6,26.3,3.1,12.0,23.63,78,959.8,49,22.1,Kano
2015-08-19,30.2,21.9,25.6,6.1,14.0,17.02,80,959.7,82,21.7,Kano
2015-08-20,31.4,22.4,26.2,13.8,10.3,23.63,81,959.1,43,22.4,Kano
2015-08-21,31.3,23.1,26.5,13.4,10.5,23.5,80,959.4,81,22.5,Kano
2015-08-22,31.2,22.6,26.9,7.7,12.6,22.3,79,959.1,89,22.7,Kano
2015-08-23,32.1,24.5,27.9,1.7,16.7,21.49,74,957.9,78,22.5,Kano
2015-08-24,29.7,23.2,26.1,2.1,20.0,16.39,79,958.6,99,22.0,Kano
2015-08-25,26.3,22.0,23.7,20.9,12.8,8.16,88,960.4,83,21.5,Kano
2015-08-26,31.4,21.4,26.1,0.1,13.1,25.56,75,959.9,50,21.0,Kano
2015-08-27,28.5,22.1,25.1,3.9,10.6,12.43,80,958.8,82,21.2,Kano
2015-08-28,28.3,22.2,24.5,21.6,10.2,14.49,85,959.1,92,21.8,Kano
2015-08-29,28.0,21.7,24.5,4.1,12.8,13.69,85,961.2,96,21.6,Kano
2015-08-30,29.7,21.4,25.5,0.9,12.1,20.04,80,961.3,64,21.7,Kano
2015-08-31,25.7,22.5,24.3,4.1,12.4,6.31,88,960.6,100,22.1,Kano
2015-09-01,30.2,22.1,26.1,0.0,10.7,23.7,78,960.6,74,21.7,Kano
2015-09-02,25.4,22.0,23.5,20.5,10.0,9.03,90,960.5,97,21.6,Kano
2015-09-03,28.7,21.6,24.3,6.2,13.6,17.42,84,961.1,94,21.3,Kano
2015-09-04,32.0,20.8,25.9,1.9,12.6,25.05,80,961.1,83,21.8,Kano
2015-09-05,32.2,22.0,26.9,0.0,6.3,24.87,76,960.9,55,21.9,Kano
2015-09-06,32.8,22.8,27.6,0.5,10.7,24.86,74,960.5,24,22.1,Kano
2015-09-07,30.6,23.2,25.4,12.2,16.4,17.47,83,960.1,91,22.1,Kano
2015-09-08,30.0,22.6,25.8,4.2,10.7,21.23,81,959.3,72,22.0,Kano
2015-09-09,30.5,21.8,26.1,0.2,11.0,22.09,76,959.5,23,21.3,Kano
2015-09-10,31.7,23.3,27.2,0.0,10.5,24.18,73,959.4,39,21.9,Kano
2015-09-11,32.1,23.8,27.5,0.2,14.2,23.03,76,959.0,89,22.6,Kano
2015-09-12,32.2,23.6,27.6,0.0,10.0,24.02,77,958.7,39,22.9,Kano
2015-09-13,31.1,24.1,26.8,6.5,12.5,22.82,79,959.3,74,22.8,Kano
2015-09-14,29.9,23.3,25.9,14.8,10.0,19.82,84,960.0,95,22.8,Kano
2015-09-15,31.1,22.2,25.9,3.4,9.6,23.31,82,960.0,42,22.4,Kano
2015-09-16,29.5,21.9,24.6,24.1,11.2,18.0,86,959.7,83,22.0,Kano
2015-09-17,29.6,21.6,24.9,4.4,8.3,20.05,83,958.8,80,21.7,Kano
2015-09-18,29.4,21.5,25.7,0.0,11.1,17.91,78,959.3,91,21.3,Kano
2015-09-19,30.7,22.6,26.4,0.1,12.0,23.29,77,961.2,59,21.9,Kano
2015-09-20,31.7,22.0,26.5,2.2,12.2,22.48,78,961.7,57,22.0,Kano
2015-09-21,31.2,21.8,26.3,9.8,18.9,23.2,80,960.9,93,22.3,Kano
2015-09-22,31.5,22.2,26.7,0.2,11.1,24.28,78,960.1,35,22.3,Kano
2015-09-23,31.7,22.7,27.2,0.0,9.7,24.48,75,959.6,29,22.2,Kano
2015-09-24,31.0,23.2,26.5,6.4,11.3,21.89,82,959.9,49,23.1,Kano
2015-09-25,33.3,22.8,27.6,1.1,11.6,25.02,75,959.6,18,22.3,Kano
2015-09-26,31.8,23.8,27.4,0.0,15.7,24.21,74,959.2,25,22.2,Kano
2015-09-27,33.3,23.0,27.9,0.8,10.0,24.54,72,957.9,9,21.9,Kano
2015-09-28,33.8,23.6,28.1,0.0,11.2,24.62,72,957.7,25,22.2,Kano
2015-09-29,31.9,23.4,27.3,2.3,8.9,23.06,78,958.6,24,22.7,Kano
2015-09-30,34.2,23.6,28.2,1.3,12.0,24.54,69,958.3,49,21.6,Kano
2015-10-01,34.6,23.2,28.4,0.0,12.5,25.12,71,957.5,3,22.2,Kano
2015-10-02,34.3,24.1,28.5,0.7,14.3,24.02,70,957.0,22,22.0,Kano
2015-10-03,32.0,23.1,27.3,0.9,10.2,22.22,76,958.7,49,22.4,Kano
2015-10-04,30.1,23.8,26.6,4.5,11.5,18.08,79,961.1,77,22.6,Kano
2015-10-05,33.0,22.4,27.4,0.0,8.6,21.6,75,960.7,83,22.0,Kano
2015-10-06,32.2,23.4,27.2,3.6,11.0,21.02,78,959.9,92,22.8,Kano
2015-10-07,32.6,23.0,26.9,4.6,15.7,23.22,78,959.3,44,22.5,Kano
2015-10-08,30.9,22.2,25.4,8.3,12.8,21.46,81,960.1,79,21.7,Kano
2015-10-09,31.9,22.8,27.0,0.0,8.4,23.34,74,960.3,48,21.7,Kano
2015-10-10,32.0,23.5,27.4,0.0,10.0,22.13,74,960.1,43,22.1,Kano
2015-10-11,33.1,23.4,27.8,0.2,13.6,22.6,73,960.0,57,22.1,Kano
2015-10-12,34.8,23.1,28.6,0.2,12.2,23.58,64,959.8,42,20.3,Kano
2015-10-13,35.0,21.8,28.0,0.0,10.0,24.21,66,959.1,10,20.2,Kano
2015-10-14,34.5,22.8,28.1,0.0,10.9,23.61,67,958.0,30,20.5,Kano
2015-10-15,34.5,22.5,27.9,0.0,10.3,23.12,64,958.5,53,19.7,Kano
2015-10-16,36.1,21.8,28.4,0.0,10.8,24.46,55,958.0,5,16.6,Kano
2015-10-17,35.1,20.9,27.6,0.0,16.5,23.79,58,958.6,24,17.7,Kano
2015-10-18,36.1,21.5,28.1,0.0,11.2,23.95,57,959.2,24,17.4,Kano
2015-10-19,34.9,21.5,28.0,0.0,11.3,22.98,59,959.4,22,18.2,Kano
2015-10-20,34.1,23.8,28.9,0.1,11.4,20.76,59,959.3,25,19.6,Kano
2015-10-21,36.0,22.4,28.9,0.0,14.3,23.73,53,958.8,7,16.0,Kano
2015-10-22,35.8,19.3,27.9,0.0,10.3,24.48,43,958.7,6,12.5,Kano
2015-10-23,35.4,20.3,27.7,0.0,11.9,23.85,51,959.2,5,15.3,Kano
2015-10-24,36.1,20.3,28.0,0.0,9.5,23.69,53,958.4,1,16.2,Kano
2015-10-25,36.4,22.9,29.2,0.0,11.5,23.61,53,958.8,10,17.3,Kano
2015-10-26,35.7,22.2,28.4,0.0,11.8,23.42,54,959.2,14,15.9,Kano
2015-10-27,34.8,20.1,27.4,0.0,11.2,23.73,32,959.4,80,8.3,Kano
2015-10-28,34.7,19.4,27.2,0.0,10.7,23.45,36,958.6,61,9.5,Kano
2015-10-29,33.6,19.6,26.9,0.0,12.4,22.78,38,958.6,54,10.6,Kano
2015-10-30,33.5,18.5,26.3,0.0,14.2,23.51,38,958.7,28,9.5,Kano
2015-10-31,33.8,19.2,26.7,0.0,12.6,23.54,32,959.0,23,8.0,Kano
2015-11-01,34.0,21.1,27.4,0.0,14.1,22.68,28,959.8,62,7.0,Kano
2015-11-02,34.3,20.5,27.5,0.0,15.2,22.33,27,960.0,57,5.9,Kano
2015-11-03,33.7,21.1,27.3,0.0,18.1,23.22,24,960.1,59,4.2,Kano
2015-11-04,32.8,19.0,26.0,0.0,16.1,23.83,24,960.1,0,3.5,Kano
2015-11-05,32.1,17.4,25.1,0.0,15.1,23.61,29,960.5,46,5.4,Kano
2015-11-06,32.1,17.8,25.2,0.0,13.4,23.25,31,960.7,48,6.3,Kano
2015-11-07,32.6,17.5,25.3,0.0,13.2,23.07,33,959.9,55,6.9,Kano
2015-11-08,33.2,18.6,26.1,0.0,13.8,23.03,31,961.1,28,6.7,Kano
2015-11-09,33.3,22.5,27.4,0.0,17.9,21.19,25,962.3,39,5.3,Kano
2015-11-10,33.1,21.7,27.1,0.0,18.9,21.93,22,961.9,53,3.2,Kano
2015-11-11,33.0,20.4,26.6,0.0,17.0,22.73,22,961.0,24,2.8,Kano
2015-11-12,32.5,20.3,26.2,0.0,16.4,22.83,20,960.8,1,1.1,Kano
2015-11-13,32.0,19.3,25.5,0.0,16.6,22.77,22,961.6,51,1.6,Kano
2015-11-14,31.6,18.1,24.8,0.0,16.8,22.94,26,961.2,40,3.5,Kano
2015-11-15,31.2,16.7,24.0,0.0,12.4,22.72,29,960.9,51,4.0,Kano
2015-11-16,30.7,16.9,23.7,0.0,11.3,22.84,27,960.4,49,3.3,Kano
2015-11-17,30.7,16.1,23.5,0.0,10.6,22.6,30,960.0,42,4.1,Kano
2015-11-18,31.5,16.8,24.1,0.0,14.0,22.5,30,959.4,28,4.8,Kano
2015-11-19,31.7,17.8,24.6,0.0,14.6,21.52,29,959.6,69,5.1,Kano
2015-11-20,31.4,18.1,24.6,0.0,13.8,21.44,27,960.2,84,4.1,Kano
2015-11-21,30.7,17.7,24.0,0.0,14.7,22.42,27,959.0,59,3.6,Kano
2015-11-22,31.6,15.3,23.7,0.0,10.4,22.31,31,958.3,11,4.6,Kano
2015-11-23,31.8,16.9,24.5,0.0,11.9,21.45,29,959.0,86,4.4,Kano
2015-11-24,33.4,18.2,25.6,0.0,10.9,21.77,26,960.7,41,4.0,Kano
2015-11-25,33.2,18.0,25.5,0.0,12.1,22.18,26,960.1,19,3.7,Kano
2015-11-26,32.8,17.0,25.0,0.0,10.2,22.24,26,958.3,8,3.3,Kano
2015-11-27,32.7,14.8,24.2,0.0,9.6,22.44,28,958.3,23,3.2,Kano
2015-11-28,32.4,14.6,24.2,0.0,11.8,22.51,28,959.7,0,3.0,Kano
2015-11-29,31.8,15.6,23.8,0.0,12.1,22.59,24,961.3,0,1.2,Kano
2015-11-30,32.1,14.3,23.6,0.0,11.1,22.25,28,961.8,0,2.7,Kano
2015-12-01,29.8,17.6,23.7,0.0,18.2,21.7,25,962.9,0,2.3,Kano
2015-12-02,28.8,17.1,22.9,0.0,18.5,21.54,27,963.8,0,2.8,Kano
2015-12-03,27.6,16.6,22.0,0.0,18.5,19.42,25,964.3,65,0.6,Kano
2015-12-04,27.7,16.2,21.7,0.0,18.7,21.34,21,964.4,62,-1.7,Kano
2015-12-05,25.9,16.7,20.8,0.0,17.6,17.65,22,963.6,69,-2.0,Kano
2015-12-06,27.4,14.3,20.7,0.0,16.1,20.55,28,964.1,33,1.1,Kano
2015-12-07,27.8,15.2,21.3,0.0,16.3,21.39,28,964.5,0,1.7,Kano
2015-12-08,27.4,14.7,21.0,0.0,17.6,21.38,23,963.9,38,-1.5,Kano
2015-12-09,27.3,14.0,20.6,0.0,16.2,21.49,19,964.0,19,-4.3,Kano
2015-12-10,27.4,14.5,20.7,0.0,17.0,21.41,21,964.3,13,-2.6,Kano
2015-12-11,26.5,14.2,20.0,0.0,17.1,21.67,25,964.6,0,-0.9,Kano
2015-12-12,25.9,12.3,19.0,0.0,16.6,21.88,26,964.1,8,-1.8,Kano
2015-12-13,26.0,11.7,18.9,0.0,16.5,21.67,27,963.2,41,-1.3,Kano
2015-12-14,26.3,12.2,19.1,0.0,17.2,21.84,31,963.3,16,0.9,Kano
2015-12-15,25.7,12.6,18.9,0.0,17.1,21.77,28,963.8,0,-1.2,Kano
2015-12-16,25.8,11.4,18.6,0.0,17.1,21.85,27,963.6,0,-1.5,Kano
2015-12-17,25.3,11.3,18.4,0.0,18.4,21.78,30,963.4,0,-0.1,Kano
2015-12-18,25.5,11.6,18.5,0.0,18.4,21.71,28,964.3,0,-1.3,Kano
2015-12-19,25.5,12.1,18.8,0.0,18.5,21.35,25,964.3,1,-2.0,Kano
2015-12-20,25.9,12.5,19.1,0.0,16.0,20.3,26,964.3,4,-1.2,Kano
2015-12-21,26.2,13.2,19.6,0.0,17.6,21.0,26,964.4,5,-1.3,Kano
2015-12-22,26.3,13.8,19.9,0.0,19.3,21.24,25,964.7,47,-1.6,Kano
2015-12-23,25.6,13.3,19.3,0.0,19.7,21.49,24,964.6,1,-2.3,Kano
2015-12-24,25.6,12.7,19.0,0.0,18.2,21.41,25,965.2,0,-1.7,Kano
2015-12-25,26.2,13.3,19.6,0.0,18.5,21.24,29,965.2,0,0.4,Kano
2015-12-26,26.6,12.9,19.6,0.0,16.9,21.33,23,963.6,2,-2.4,Kano
2015-12-27,27.5,13.1,20.2,0.0,14.7,21.23,25,962.6,17,-1.2,Kano
2015-12-28,27.5,13.6,20.5,0.0,15.3,21.33,23,963.0,0,-1.8,Kano
2015-12-29,26.9,13.0,19.9,0.0,14.7,21.51,25,964.3,0,-1.2,Kano
2015-12-30,26.8,11.8,19.4,0.0,14.7,21.83,25,963.8,0,-1.6,Kano
2015-12-31,26.1,11.5,18.8,0.0,15.6,21.75,27,963.4,23,-1.4,Kano
2016-01-01,25.5,11.5,18.5,0.0,15.0,21.55,30,964.1,15,0.0,Kano
2016-01-02,26.0,12.3,19.0,0.0,17.7,21.56,30,964.0,0,0.2,Kano
2016-01-03,26.8,13.0,19.8,0.0,15.3,21.17,27,963.4,43,-0.1,Kano
2016-01-04,27.4,13.9,20.5,0.0,15.3,20.44,24,962.7,79,-1.2,Kano
2016-01-05,27.9,13.3,20.3,0.0,13.1,20.4,21,961.7,71,-3.3,Kano
2016-01-06,29.5,12.3,21.1,0.0,9.2,21.38,21,961.4,32,-3.0,Kano
2016-01-07,30.3,14.6,22.3,0.0,15.8,21.42,14,962.1,27,-6.9,Kano
2016-01-08,31.4,14.3,22.8,0.0,16.8,21.65,15,961.7,55,-5.9,Kano
2016-01-09,31.2,14.1,22.6,0.0,13.3,21.45,15,962.0,44,-6.2,Kano
2016-01-10,31.8,14.5,23.0,0.0,12.6,21.91,17,961.6,18,-4.8,Kano
2016-01-11,30.5,14.7,22.7,0.0,15.5,21.78,17,961.4,0,-4.2,Kano
2016-01-12,29.1,14.7,21.9,0.0,16.4,21.81,19,960.7,0,-3.1,Kano
2016-01-13,29.0,14.8,21.7,0.0,17.1,21.83,24,961.2,0,-0.5,Kano
2016-01-14,28.7,14.1,21.2,0.0,16.0,22.07,22,961.1,1,-2.1,Kano
2016-01-15,29.4,13.3,21.2,0.0,14.7,22.14,22,960.7,0,-1.9,Kano
2016-01-16,29.8,13.4,21.6,0.0,11.7,22.11,26,960.4,0,0.2,Kano
2016-01-17,30.3,12.9,21.6,0.0,9.8,22.17,21,960.2,0,-2.5,Kano
2016-01-18,29.1,13.6,21.4,0.0,13.1,22.2,18,961.2,58,-4.6,Kano
2016-01-19,27.4,12.4,19.9,0.0,12.5,22.45,18,961.7,49,-5.4,Kano
2016-01-20,27.9,11.4,19.7,0.0,12.1,22.57,22,961.1,34,-3.6,Kano
2016-01-21,28.1,11.5,19.7,0.0,13.3,22.74,16,961.1,20,-8.0,Kano
2016-01-22,28.2,11.5,20.0,0.0,13.0,22.36,16,961.8,65,-7.4,Kano
2016-01-23,27.8,12.4,20.1,0.0,16.8,22.4,14,963.6,53,-9.0,Kano
2016-01-24,25.5,13.1,19.3,0.0,18.8,22.1,19,966.4,81,-5.1,Kano
2016-01-25,25.6,13.0,19.1,0.0,21.8,22.02,23,966.5,68,-3.2,Kano
2016-01-26,25.3,13.2,19.1,0.0,19.3,22.46,21,966.7,33,-4.6,Kano
2016-01-27,25.2,12.2,18.7,0.0,19.6,22.65,20,965.9,0,-5.3,Kano
2016-01-28,25.0,12.4,18.5,0.0,19.1,22.74,22,965.0,3,-4.4,Kano
2016-01-29,25.3,12.1,18.6,0.0,20.7,22.87,22,964.3,22,-4.1,Kano
2016-01-30,25.7,12.5,18.8,0.0,18.9,23.21,23,963.9,1,-3.5,Kano
2016-01-31,26.4,10.6,18.5,0.0,14.6,23.29,18,962.9,0,-7.0,Kano
2016-02-01,27.5,10.9,19.2,0.0,11.6,23.26,18,961.7,0,-6.5,Kano
2016-02-02,30.0,11.9,20.9,0.0,10.2,23.1,17,960.6,6,-5.3,Kano
2016-02-03,31.0,14.3,22.5,0.0,11.6,22.85,20,960.7,69,-2.3,Kano
2016-02-04,30.8,14.8,22.8,0.0,12.7,23.05,21,961.7,14,-1.2,Kano
2016-02-05,30.8,15.8,23.2,0.0,17.6,23.16,19,961.9,10,-2.3,Kano
2016-02-06,30.8,14.8,22.8,0.0,16.8,23.42,18,963.2,0,-3.3,Kano
2016-02-07,29.3,15.3,22.2,0.0,18.3,23.75,20,963.8,0,-2.7,Kano
2016-02-08,28.7,13.3,21.0,0.0,13.9,23.81,22,964.1,0,-2.6,Kano
2016-02-09,28.3,12.7,20.5,0.0,16.1,24.21,18,964.1,0,-4.9,Kano
2016-02-10,27.8,12.3,20.2,0.0,17.4,24.25,17,962.7,9,-5.9,Kano
2016-02-11,28.4,12.6,20.5,0.0,15.9,23.87,17,961.8,38,-5.9,Kano
2016-02-12,28.8,12.4,20.5,0.0,12.9,24.25,17,961.6,0,-6.4,Kano
2016-02-13,29.3,11.7,20.7,0.0,11.3,24.44,16,960.8,15,-6.5,Kano
2016-02-14,30.9,13.9,22.3,0.0,10.0,24.07,14,960.4,45,-7.0,Kano
2016-02-15,33.3,13.0,23.5,0.0,10.2,24.09,16,958.3,30,-4.7,Kano
2016-02-16,35.2,16.1,26.4,0.0,10.4,23.72,17,959.2,22,-1.9,Kano
2016-02-17,36.6,17.8,27.4,0.0,11.8,24.0,14,959.9,45,-3.5,Kano
2016-02-18,36.7,17.5,27.1,0.0,11.8,24.22,16,958.4,19,-2.2,Kano
2016-02-19,35.2,18.6,26.8,0.0,15.5,24.51,15,958.0,0,-3.1,Kano
2016-02-20,33.5,17.7,25.7,0.0,17.3,25.2,13,958.6,0,-4.8,Kano
2016-02-21,34.8,18.1,26.4,0.0,16.7,24.65,17,959.7,15,-1.1,Kano
2016-02-22,32.9,18.3,25.8,0.0,18.4,25.18,14,960.4,0,-3.9,Kano
2016-02-23,31.9,16.9,24.3,0.0,19.0,25.45,12,960.5,3,-6.7,Kano
2016-02-24,31.9,14.8,23.5,0.0,12.4,25.56,17,959.6,0,-3.7,Kano
2016-02-25,33.5,14.6,24.3,0.0,10.5,25.06,19,959.5,0,-2.1,Kano
2016-02-26,35.6,16.3,26.3,0.0,10.7,24.78,16,958.7,0,-3.1,Kano
2016-02-27,36.5,17.2,27.4,0.0,11.5,24.98,15,956.8,0,-2.9,Kano
2016-02-28,37.9,18.4,28.7,0.0,11.8,24.89,15,956.7,1,-2.0,Kano
2016-02-29,39.2,19.1,30.4,0.0,12.1,24.98,16,957.7,0,0.5,Kano
2016-03-01,40.1,19.2,30.4,0.0,11.4,25.09,18,957.9,11,1.5,Kano
2016-03-02,39.1,22.0,30.7,0.0,10.2,25.2,16,957.4,19,0.7,Kano
2016-03-03,36.3,18.7,28.0,0.0,12.2,25.41,15,956.6,11,-2.0,Kano
2016-03-04,36.4,18.9,27.9,0.0,11.2,25.38,14,957.1,2,-3.1,Kano
2016-03-05,37.8,20.4,29.2,0.0,11.6,24.61,15,958.0,56,-1.0,Kano
2016-03-06,38.9,20.1,30.0,0.0,9.7,24.81,27,956.6,37,8.2,Kano
2016-03-07,38.9,25.6,31.7,0.0,13.5,24.19,30,956.4,26,9.9,Kano
2016-03-08,38.8,22.8,30.9,0.0,12.4,22.77,19,956.3,48,3.0,Kano
2016-03-09,39.4,22.1,31.2,0.0,11.0,25.34,16,956.1,60,1.6,Kano
2016-03-10,38.4,21.2,30.5,0.0,10.4,23.74,19,956.4,68,2.4,Kano
2016-03-11,38.2,19.5,29.6,0.0,9.0,25.34,22,956.5,17,4.2,Kano
2016-03-12,36.7,21.9,29.8,0.0,10.6,21.24,26,957.8,88,7.7,Kano
2016-03-13,32.0,24.3,28.2,0.0,22.2,13.97,31,959.5,92,9.3,Kano
2016-03-14,35.5,23.5,28.8,0.0,14.1,14.02,38,960.1,93,12.7,Kano
2016-03-15,35.6,23.8,29.8,0.0,10.1,20.73,40,960.6,48,14.1,Kano
2016-03-16,38.3,24.2,31.6,0.0,8.0,24.4,35,959.3,52,13.3,Kano
2016-03-17,37.9,25.2,31.8,0.0,8.2,20.07,35,958.5,83,13.9,Kano
2016-03-18,38.0,25.6,32.2,0.0,8.5,20.02,29,958.0,92,10.4,Kano
2016-03-19,38.0,24.6,32.0,0.0,15.2,22.48,28,958.1,84,9.9,Kano
2016-03-20,39.1,24.4,32.4,0.4,11.2,23.98,28,958.4,33,11.2,Kano
2016-03-21,37.9,25.4,31.8,0.0,20.3,18.77,40,959.7,56,15.1,Kano
2016-03-22,40.4,22.6,32.4,0.0,9.5,25.72,29,958.0,5,9.4,Kano
2016-03-23,40.2,22.5,32.9,0.0,13.9,25.38,24,956.0,1,8.5,Kano
2016-03-24,40.7,24.2,32.9,0.0,17.7,23.98,32,955.0,70,12.4,Kano
2016-03-25,39.2,26.5,32.8,0.0,18.1,25.52,39,957.7,70,14.3,Kano
2016-03-26,36.9,21.5,30.3,0.0,10.9,24.19,14,959.3,83,-1.0,Kano
2016-03-27,36.8,21.5,29.7,0.0,9.2,23.19,13,959.0,90,-2.6,Kano
2016-03-28,37.7,21.3,29.7,0.0,11.4,26.55,16,958.3,46,0.2,Kano
2016-03-29,38.1,21.9,30.5,0.0,12.4,26.72,14,957.9,0,-0.7,Kano
2016-03-30,38.5,22.6,30.9,0.0,15.7,26.66,14,958.6,63,-0.4,Kano
2016-03-31,37.7,23.0,30.6,0.0,15.8,26.95,14,958.8,16,-0.6,Kano
2016-04-01,37.6,21.1,29.9,0.0,12.9,27.3,12,957.8,57,-3.8,Kano
2016-04-02,38.1,19.1,29.7,0.0,12.3,26.65,11,956.9,70,-4.5,Kano
2016-04-03,39.7,19.8,31.2,0.0,11.7,27.03,13,957.2,66,-2.3,Kano
2016-04-04,40.3,20.4,31.1,0.0,10.2,27.67,11,956.7,57,-4.8,Kano
2016-04-05,40.0,20.2,31.5,0.0,15.8,24.16,25,954.9,75,7.0,Kano
2016-04-06,37.8,25.4,31.4,0.0,14.8,21.51,45,955.3,85,16.9,Kano
2016-04-07,37.7,26.2,31.2,0.1,23.2,21.14,51,957.0,72,19.1,Kano
2016-04-08,39.2,26.3,32.0,0.9,15.5,23.15,49,958.2,79,18.7,Kano
2016-04-09,38.3,25.6,31.2,0.7,13.0,23.3,53,957.8,87,19.4,Kano
2016-04-10,39.1,25.3,32.1,0.0,12.5,24.24,45,956.6,79,16.9,Kano
2016-04-11,40.2,27.4,33.4,0.0,15.2,23.75,41,956.1,41,16.9,Kano
2016-04-12,40.4,27.0,33.2,0.0,18.9,22.53,44,956.5,94,17.5,Kano
2016-04-13,41.0,26.6,33.3,0.0,15.8,25.92,43,955.7,63,17.1,Kano
2016-04-14,40.6,25.6,33.2,0.0,17.1,25.43,36,955.0,39,13.2,Kano
2016-04-15,40.3,22.8,32.3,0.0,9.8,26.65,28,956.4,98,7.2,Kano
2016-04-16,39.5,23.6,32.1,0.0,14.3,25.07,30,957.4,27,10.3,Kano
2016-04-17,39.8,24.1,32.3,0.0,17.1,25.56,30,957.9,46,10.3,Kano
2016-04-18,39.7,25.6,32.7,0.0,16.1,25.44,31,958.7,77,11.1,Kano
2016-04-19,40.1,24.3,32.3,0.0,12.8,25.95,34,958.5,19,11.8,Kano
2016-04-20,40.9,23.6,32.6,0.0,15.9,27.94,20,957.8,2,3.5,Kano
2016-04-21,40.2,20.2,31.3,0.0,12.0,28.59,12,958.0,29,-4.1,Kano
2016-04-22,39.8,20.4,30.7,0.0,17.8,28.8,9,957.7,43,-7.6,Kano
2016-04-23,39.0,19.5,30.0,0.0,11.7,29.25,9,956.7,4,-8.0,Kano
2016-04-24,40.3,18.9,30.9,0.0,10.1,28.84,11,955.1,5,-4.8,Kano
2016-04-25,40.5,20.1,31.0,0.0,10.0,27.47,19,954.7,47,2.2,Kano
2016-04-26,40.8,21.8,32.2,0.0,14.0,27.22,20,954.8,43,4.4,Kano
2016-04-27,40.8,23.6,32.8,0.0,14.9,26.37,30,955.6,39,9.5,Kano
2016-04-28,40.2,25.6,32.9,0.0,15.6,24.8,37,956.2,80,13.8,Kano
2016-04-29,41.1,26.0,33.0,0.0,17.4,25.24,41,956.3,64,14.1,Kano
2016-04-30,40.6,22.5,32.1,0.0,15.6,27.37,28,956.6,3,7.9,Kano
2016-05-01,39.9,21.7,31.6,0.0,15.9,28.38,13,955.7,0,-1.4,Kano
2016-05-02,39.5,19.1,31.1,0.0,10.5,28.36,16,955.4,0,0.3,Kano
2016-05-03,39.8,21.6,31.6,0.0,12.4,26.89,29,956.4,4,8.7,Kano
2016-05-04,39.7,25.7,32.7,0.0,13.3,25.83,34,957.3,40,12.8,Kano
2016-05-05,40.7,25.6,33.0,0.0,15.5,25.62,39,957.6,58,14.3,Kano
2016-05-06,40.4,25.6,32.8,0.0,15.1,26.36,37,957.1,35,13.0,Kano
2016-05-07,39.7,26.5,32.9,0.0,18.5,24.63,35,956.9,7,13.6,Kano
2016-05-08,38.9,26.1,32.3,0.0,15.1,24.52,44,958.0,40,17.1,Kano
2016-05-09,39.2,26.7,33.0,0.0,15.3,23.89,43,959.1,80,17.4,Kano
2016-05-10,40.3,26.8,33.5,0.0,13.5,24.39,41,958.2,79,17.0,Kano
2016-05-11,40.4,27.0,33.5,0.0,14.6,25.2,42,957.5,39,17.3,Kano
2016-05-12,40.1,26.1,33.2,0.0,13.2,24.35,41,957.3,88,16.1,Kano
2016-05-13,38.5,27.0,32.8,0.0,15.3,23.76,45,956.9,60,18.3,Kano
2016-05-14,39.0,26.6,32.5,0.0,17.7,24.21,48,957.7,41,19.0,Kano
2016-05-15,36.5,25.7,30.8,1.0,16.6,23.51,56,960.0,40,20.6,Kano
2016-05-16,37.9,26.5,31.5,0.7,14.8,24.25,55,960.2,63,20.6,Kano
2016-05-17,38.2,26.1,31.0,2.0,16.3,24.65,56,959.2,52,20.5,Kano
2016-05-18,37.4,26.3,31.5,0.3,15.6,25.87,52,959.6,23,19.8,Kano
2016-05-19,38.1,26.5,32.3,0.0,15.1,24.75,50,959.0,28,19.7,Kano
2016-05-20,39.9,26.4,32.2,0.2,19.4,25.05,52,957.0,57,20.1,Kano
2016-05-21,36.6,25.7,30.2,0.8,17.6,23.05,61,958.1,91,21.4,Kano
2016-05-22,35.4,25.3,29.4,3.6,15.1,22.76,66,959.7,94,22.0,Kano
2016-05-23,34.7,24.9,29.3,0.1,10.7,21.85,65,962.2,94,21.4,Kano
2016-05-24,36.0,24.8,29.9,1.0,13.0,24.54,63,961.7,67,21.4,Kano
2016-05-25,35.7,25.4,30.7,0.5,14.8,24.16,58,960.3,37,20.9,Kano
2016-05-26,38.1,25.9,32.0,0.0,15.6,23.8,52,958.3,33,19.9,Kano
2016-05-27,37.8,25.9,30.4,8.1,17.8,23.68,64,958.8,35,22.0,Kano
2016-05-28,37.2,24.8,30.1,0.0,13.4,24.59,61,960.1,58,20.6,Kano
2016-05-29,36.6,23.6,29.7,0.0,13.4,26.1,56,959.2,34,18.2,Kano
2016-05-30,35.7,23.1,29.4,0.0,14.8,25.71,56,959.1,13,18.5,Kano
2016-05-31,35.2,23.5,29.2,2.3,11.1,24.2,59,959.8,27,19.6,Kano
2016-06-01,35.2,23.5,29.1,2.1,9.7,23.73,59,960.3,40,19.8,Kano
2016-06-02,36.8,24.9,30.7,0.0,16.1,22.65,54,959.6,85,19.4,Kano
2016-06-03,37.3,25.4,29.7,5.3,15.8,23.3,62,959.7,67,21.0,Kano
2016-06-04,36.6,25.6,30.9,0.0,16.3,24.5,56,958.4,32,20.2,Kano
2016-06-05,37.5,26.4,31.2,0.8,18.4,25.22,51,958.2,70,19.1,Kano
2016-06-06,37.0,25.6,30.9,0.9,15.2,24.99,56,958.7,26,20.3,Kano
2016-06-07,36.0,25.0,30.2,0.0,21.9,21.79,60,959.6,84,20.8,Kano
2016-06-08,38.4,25.5,31.6,1.2,17.3,24.82,55,959.0,27,20.3,Kano
2016-06-09,36.3,25.2,28.4,10.4,18.1,21.74,70,958.5,80,21.9,Kano
2016-06-10,34.4,25.1,28.9,0.7,19.5,23.5,68,959.0,60,22.0,Kano
2016-06-11,34.8,25.3,28.8,2.6,14.6,22.24,68,960.6,88,21.9,Kano
2016-06-12,35.6,25.1,28.9,0.6,17.9,22.91,70,960.2,81,22.5,Kano
2016-06-13,34.8,24.3,28.9,0.0,19.8,24.37,67,960.5,59,21.6,Kano
2016-06-14,34.7,24.7,28.6,1.1,16.7,24.36,66,961.6,54,21.2,Kano
2016-06-15,30.7,23.6,26.3,14.5,15.1,19.71,78,961.1,44,22.1,Kano
2016-06-16,32.6,22.8,27.3,0.1,16.8,24.52,69,961.5,64,20.5,Kano
2016-06-17,32.8,23.4,27.8,0.0,15.8,24.48,64,961.8,63,19.9,Kano
2016-06-18,35.4,23.9,29.5,0.0,13.4,25.0,58,959.6,13,19.8,Kano
2016-06-19,34.2,24.0,28.6,1.8,17.6,24.53,66,958.3,21,21.2,Kano
2016-06-20,31.6,24.1,27.3,2.2,23.2,20.37,67,959.9,68,20.3,Kano
2016-06-21,30.7,23.0,26.1,3.6,17.4,18.95,70,961.6,64,20.1,Kano
2016-06-22,32.5,22.5,27.3,0.0,10.3,22.86,66,961.0,68,20.0,Kano
2016-06-23,32.1,23.6,26.8,9.3,14.3,21.26,74,960.2,65,21.6,Kano
2016-06-24,31.6,23.6,26.7,7.5,13.3,21.67,76,959.7,75,22.0,Kano
2016-06-25,32.3,22.6,26.7,7.5,12.6,23.88,76,959.6,66,21.8,Kano
2016-06-26,32.3,23.7,26.9,0.9,11.2,15.67,75,960.5,87,21.7,Kano
2016-06-27,31.5,23.7,26.9,5.5,12.5,22.39,74,960.8,54,21.8,Kano
2016-06-28,32.6,23.3,26.9,5.7,17.1,24.15,75,961.3,81,21.6,Kano
2016-06-29,32.1,23.9,26.9,1.4,15.5,17.87,75,960.6,81,21.8,Kano
2016-06-30,31.6,22.9,27.2,0.6,10.6,22.78,71,961.6,32,21.4,Kano
2016-07-01,33.2,23.5,28.1,0.2,10.2,24.15,69,962.2,46,21.5,Kano
2016-07-02,31.7,24.5,27.9,0.6,10.5,16.33,72,961.2,84,22.1,Kano
2016-07-03,32.8,24.2,28.0,2.2,11.7,23.12,74,960.5,69,22.7,Kano
2016-07-04,33.6,23.9,27.9,8.7,17.4,23.72,73,960.3,41,22.4,Kano
2016-07-05,30.3,23.7,26.1,5.9,19.6,17.66,80,960.8,82,22.2,Kano
2016-07-06,33.0,23.3,27.7,0.0,19.1,24.49,70,960.4,73,21.3,Kano
2016-07-07,33.5,24.0,28.1,2.1,17.9,24.05,70,959.5,31,22.0,Kano
2016-07-08,32.4,24.7,27.2,10.7,17.7,18.89,75,959.4,75,22.2,Kano
2016-07-09,29.1,23.4,25.9,6.7,17.6,12.03,79,959.3,93,21.9,Kano
2016-07-10,30.9,23.0,26.1,12.4,20.6,21.57,78,960.0,67,21.8,Kano
2016-07-11,30.1,22.6,25.9,1.1,16.9,21.03,76,960.5,50,21.2,Kano
2016-07-12,30.9,22.7,26.5,0.0,17.1,19.66,71,960.0,75,20.6,Kano
2016-07-13,29.6,22.2,25.8,7.3,17.7,20.85,78,959.4,62,21.5,Kano
2016-07-14,32.3,22.6,26.9,1.0,12.5,24.66,76,958.5,37,22.0,Kano
2016-07-15,31.2,22.8,26.7,3.4,16.3,20.26,75,957.7,97,21.6,Kano
2016-07-16,24.7,22.8,23.7,13.5,17.5,6.62,90,957.8,100,22.1,Kano
2016-07-17,29.5,21.7,25.0,2.6,15.7,19.57,79,959.7,81,21.1,Kano
2016-07-18,29.3,22.2,25.5,7.4,10.1,18.32,78,961.2,98,21.2,Kano
2016-07-19,28.2,21.5,23.9,28.0,12.8,14.18,87,959.9,75,21.5,Kano
2016-07-20,29.9,21.6,25.4,0.1,17.3,18.29,77,959.5,65,20.7,Kano
2016-07-21,30.1,22.6,25.6,7.2,10.1,19.82,79,960.1,80,21.5,Kano
2016-07-22,31.0,22.2,26.0,1.9,11.5,21.97,79,960.3,80,21.7,Kano
2016-07-23,29.2,21.7,25.5,8.9,11.6,19.3,82,960.1,98,21.9,Kano
2016-07-24,29.9,22.2,25.8,6.8,12.1,19.7,79,959.6,83,21.6,Kano
2016-07-25,29.4,22.3,25.4,3.6,17.7,19.32,80,959.0,82,21.4,Kano
2016-07-26,30.3,22.3,25.7,2.7,16.0,15.82,78,959.1,94,21.3,Kano
2016-07-27,28.9,21.0,24.9,10.4,11.4,11.33,81,959.6,96,21.1,Kano
2016-07-28,30.8,21.4,25.8,12.5,11.3,23.7,79,960.0,48,21.5,Kano
2016-07-29,31.9,22.9,26.3,9.6,13.3,24.26,77,959.3,86,21.7,Kano
2016-07-30,30.3,22.7,25.3,11.2,17.2,19.07,83,959.3,92,22.0,Kano
2016-07-31,30.7,22.3,25.7,2.1,15.4,22.94,80,959.6,46,21.7,Kano
2016-08-01,30.8,22.5,26.0,1.2,14.7,23.03,80,959.8,73,22.0,Kano
2016-08-02,29.3,23.4,25.4,1.6,16.4,16.61,81,959.9,78,21.8,Kano
2016-08-03,30.0,22.2,25.6,3.7,15.5,23.43,75,960.1,62,20.7,Kano
2016-08-04,32.0,22.4,26.8,0.5,13.0,24.8,71,959.7,46,20.9,Kano
2016-08-05,30.3,23.6,26.3,8.8,14.7,20.62,77,959.0,98,21.8,Kano
2016-08-06,28.7,22.9,25.2,5.2,22.8,12.23,80,959.0,97,21.5,Kano
2016-08-07,28.2,22.9,25.1,4.4,17.2,14.56,80,959.8,93,21.3,Kano
2016-08-08,27.7,21.8,24.4,14.3,18.3,16.91,83,960.5,85,21.3,Kano
2016-08-09,30.3,21.2,25.2,2.8,7.4,22.77,81,961.0,47,21.4,Kano
2016-08-10,29.5,22.4,25.5,5.3,7.8,19.75,85,960.8,68,22.6,Kano
2016-08-11,30.1,22.1,25.5,4.6,9.4,20.65,83,960.7,92,22.3,Kano
2016-08-12,31.2,22.5,26.5,0.1,9.4,22.49,77,960.1,52,21.8,Kano
2016-08-13,29.6,22.9,25.8,3.7,10.2,18.35,82,959.7,92,22.3,Kano
2016-08-14,30.2,23.0,25.9,4.8,7.3,19.0,80,959.4,91,21.9,Kano
2016-08-15,30.5,22.2,25.5,17.5,8.2,22.38,83,960.1,77,22.2,Kano
2016-08-16,29.8,21.8,25.1,8.5,9.2,17.68,85,960.3,79,22.1,Kano
2016-08-17,30.5,21.3,25.5,1.8,9.2,20.01,80,960.9,76,21.4,Kano
2016-08-18,29.5,21.5,25.5,11.8,12.4,18.93,78,960.6,82,21.2,Kano
2016-08-19,32.6,22.5,26.6,4.3,12.5,24.66,77,959.7,78,22.0,Kano
2016-08-20,30.7,22.5,25.8,11.6,13.3,22.28,82,959.1,52,22.3,Kano
2016-08-21,32.2,22.7,26.6,1.1,13.6,24.88,77,959.1,25,22.1,Kano
2016-08-22,31.4,23.1,27.0,0.0,11.5,24.05,76,959.9,61,22.1,Kano
2016-08-23,31.5,22.5,26.8,1.7,13.1,24.5,76,959.6,39,21.9,Kano
2016-08-24,30.3,22.1,25.9,2.5,13.8,22.31,78,959.6,74,21.7,Kano
2016-08-25,30.1,23.5,26.4,0.0,20.8,18.41,75,958.9,81,21.5,Kano
2016-08-26,24.8,22.3,23.4,27.7,15.7,3.72,91,957.9,100,21.9,Kano
2016-08-27,27.9,21.4,24.0,9.0,14.2,17.51,85,959.0,81,21.3,Kano
2016-08-28,29.2,21.6,24.9,7.5,13.5,19.23,82,961.8,77,21.4,Kano
2016-08-29,31.1,22.3,26.1,1.5,10.8,24.4,77,961.5,56,21.6,Kano
2016-08-30,32.4,23.0,26.7,2.8,17.9,24.74,77,959.4,54,22.1,Kano
2016-08-31,31.3,22.6,26.5,0.2,12.0,24.12,77,960.6,41,21.9,Kano
2016-09-01,31.6,21.8,26.1,7.5,12.8,21.99,78,961.0,85,21.6,Kano
2016-09-02,31.5,22.7,26.4,1.2,14.3,22.83,76,959.1,69,21.6,Kano
2016-09-03,30.5,21.6,25.9,5.6,10.5,23.27,79,959.4,44,21.8,Kano
2016-09-04,30.4,22.3,26.2,0.5,8.0,22.03,81,960.0,69,22.5,Kano
2016-09-05,33.0,23.1,27.6,0.3,8.0,25.05,74,960.4,52,22.2,Kano
2016-09-06,31.9,23.1,26.5,3.6,16.1,22.52,77,961.1,78,21.9,Kano
2016-09-07,31.0,23.0,26.3,2.8,16.8,22.29,78,961.2,79,22.0,Kano
2016-09-08,31.5,22.6,26.8,1.9,5.6,22.86,79,960.5,48,22.4,Kano
2016-09-09,32.2,21.7,27.0,6.1,13.0,25.19,76,960.5,50,22.0,Kano
2016-09-10,30.6,22.0,26.1,18.8,11.1,21.37,79,961.1,89,22.1,Kano
2016-09-11,32.8,23.0,27.1,2.5,11.4,25.39,76,959.9,43,22.1,Kano
2016-09-12,30.1,23.3,25.8,8.5,13.1,20.28,81,959.5,77,22.2,Kano
2016-09-13,30.8,22.2,25.8,3.2,10.6,19.5,81,959.9,90,21.9,Kano
2016-09-14,30.3,21.7,26.0,4.9,9.8,23.41,79,960.6,70,21.8,Kano
2016-09-15,31.5,22.8,26.5,1.4,9.6,24.76,78,960.7,33,22.1,Kano
2016-09-16,33.7,23.2,27.8,0.0,12.8,25.47,68,959.8,40,20.9,Kano
2016-09-17,32.1,22.3,27.1,0.0,11.6,24.67,74,959.7,33,21.7,Kano
2016-09-18,31.5,23.1,27.0,1.0,12.6,23.43,76,959.9,31,22.3,Kano
2016-09-19,31.4,22.3,26.1,19.2,11.9,23.2,79,959.7,82,21.9,Kano
2016-09-20,31.9,22.8,26.8,0.0,14.4,23.96,76,958.3,88,21.9,Kano
2016-09-21,30.0,23.6,26.3,2.3,14.1,20.07,79,959.4,87,22.2,Kano
2016-09-22,31.0,23.6,26.5,6.9,9.1,22.66,80,960.1,55,22.7,Kano
2016-09-23,31.3,22.4,26.8,1.1,15.3,21.72,79,960.7,94,22.6,Kano
2016-09-24,31.3,24.3,27.1,11.1,9.1,22.84,78,959.6,53,22.7,Kano
2016-09-25,33.2,22.6,27.1,6.5,12.8,23.83,76,958.3,53,22.2,Kano
2016-09-26,31.1,23.0,26.3,2.9,10.9,22.98,80,959.3,83,22.3,Kano
2016-09-27,32.5,22.3,27.0,0.0,9.4,22.8,75,959.8,60,21.8,Kano
2016-09-28,33.5,22.8,27.7,0.3,10.4,24.22,69,959.6,23,20.9,Kano
2016-09-29,34.1,22.1,27.8,0.0,11.5,24.23,61,959.3,70,18.6,Kano
2016-09-30,33.8,21.0,27.1,0.0,8.5,23.34,62,958.6,21,18.4,Kano
2016-10-01,34.3,23.1,28.2,0.0,10.0,24.24,66,958.2,44,20.6,Kano
2016-10-02,33.9,23.2,28.0,0.0,12.1,23.06,65,958.0,17,20.1,Kano
2016-10-03,33.6,22.7,27.8,0.0,12.8,23.27,66,958.6,20,20.2,Kano
2016-10-04,34.2,22.0,27.8,0.0,8.4,22.29,61,958.2,18,18.7,Kano
2016-10-05,35.0,20.8,27.5,0.0,9.7,24.21,59,957.2,11,17.5,Kano
2016-10-06,35.2,20.9,27.6,0.0,10.5,24.92,54,956.3,45,16.0,Kano
2016-10-07,34.2,24.1,28.6,0.3,14.8,22.58,59,957.8,58,19.4,Kano
2016-10-08,35.0,23.0,28.7,0.0,13.2,23.43,63,958.6,76,20.0,Kano
2016-10-09,34.4,22.6,28.0,0.0,10.2,22.04,65,959.0,95,19.8,Kano
2016-10-10,35.7,21.8,28.4,0.0,9.4,23.99,57,958.5,23,17.7,Kano
2016-10-11,35.3,22.1,28.3,0.0,11.4,23.19,58,958.2,78,18.1,Kano
2016-10-12,33.9,23.6,28.2,0.1,13.0,21.92,68,959.1,54,21.3,Kano
2016-10-13,34.4,22.8,28.3,0.0,9.2,23.0,66,958.9,37,20.7,Kano
2016-10-14,35.6,23.3,28.9,0.0,10.2,23.29,58,958.4,14,18.3,Kano
2016-10-15,35.9,21.6,28.0,0.0,13.2,23.87,52,958.1,4,14.8,Kano
2016-10-16,35.6,19.5,28.2,0.0,11.1,24.27,35,958.3,2,10.4,Kano
2016-10-17,35.7,18.7,27.4,0.0,11.8,24.4,44,958.6,1,12.0,Kano
2016-10-18,35.2,19.4,27.9,0.0,9.8,23.97,35,958.3,12,9.8,Kano
2016-10-19,35.5,21.5,28.1,0.0,9.9,23.12,38,958.9,85,11.1,Kano
2016-10-20,35.3,19.8,27.8,0.0,11.1,23.12,37,958.3,24,11.1,Kano
2016-10-21,35.7,20.9,28.5,0.0,18.0,23.26,41,959.2,54,11.0,Kano
2016-10-22,35.6,20.3,28.0,0.0,15.6,24.09,31,960.2,50,7.9,Kano
2016-10-23,34.5,19.7,26.8,0.0,16.8,24.56,30,959.8,45,6.8,Kano
2016-10-24,34.1,17.7,26.5,0.0,15.7,24.57,30,958.7,24,6.2,Kano
2016-10-25,34.1,19.1,26.5,0.0,15.9,24.38,29,957.9,0,6.1,Kano
2016-10-26,34.3,19.8,27.0,0.0,14.3,24.2,31,957.0,0,7.6,Kano
2016-10-27,34.1,19.1,26.7,0.0,16.3,24.1,32,958.0,1,7.5,Kano
2016-10-28,34.2,19.1,26.7,0.0,13.4,24.07,30,959.3,6,6.9,Kano
2016-10-29,34.4,17.9,26.6,0.0,10.5,23.57,33,959.0,5,7.8,Kano
2016-10-30,34.9,20.3,27.8,0.0,11.3,22.75,32,958.7,47,9.0,Kano
2016-10-31,35.5,20.4,28.0,0.2,10.0,21.91,43,958.9,56,13.5,Kano
2016-11-01,36.2,22.7,29.1,0.0,15.7,21.94,33,959.7,82,9.1,Kano
2016-11-02,35.2,21.5,28.3,0.0,15.5,23.3,25,960.1,54,6.0,Kano
2016-11-03,34.0,20.2,27.1,0.0,17.4,23.72,22,961.3,2,2.7,Kano
2016-11-04,32.8,18.6,25.4,0.0,18.4,24.14,23,962.4,45,2.1,Kano
2016-11-05,33.1,18.4,25.5,0.0,14.0,23.61,27,962.1,0,4.8,Kano
2016-11-06,32.9,18.1,25.5,0.0,14.7,23.04,25,961.1,47,3.0,Kano
2016-11-07,32.8,18.0,25.1,0.0,12.9,22.45,23,960.8,85,2.1,Kano
2016-11-08,33.7,16.7,25.5,0.0,11.9,23.1,26,960.7,62,3.4,Kano
2016-11-09,33.3,17.1,25.3,0.0,12.3,23.54,24,961.0,9,2.1,Kano
2016-11-10,33.1,16.5,24.9,0.0,10.8,23.58,24,959.7,0,1.7,Kano
2016-11-11,33.7,16.0,24.9,0.0,10.6,23.39,26,958.4,0,2.8,Kano
2016-11-12,33.9,16.0,25.6,0.0,10.0,23.22,28,958.3,57,4.5,Kano
2016-11-13,33.4,18.0,25.5,0.0,13.8,22.44,29,958.6,86,5.1,Kano
2016-11-14,34.0,18.6,26.1,0.0,15.3,22.8,27,958.2,51,5.0,Kano
2016-11-15,34.5,19.0,26.7,0.0,13.0,22.91,26,958.2,22,5.0,Kano
2016-11-16,34.8,18.8,26.8,0.0,15.3,22.64,28,957.9,32,5.7,Kano
2016-11-17,35.0,20.9,27.6,0.0,16.5,22.45,25,957.5,1,5.4,Kano
2016-11-18,34.9,19.6,27.2,0.0,12.0,22.34,28,957.7,19,6.7,Kano
2016-11-19,35.6,18.5,27.4,0.0,12.2,22.19,31,957.7,10,7.7,Kano
2016-11-20,35.6,19.0,27.7,0.0,9.8,22.15,31,957.2,26,8.0,Kano
2016-11-21,35.7,19.4,27.9,0.0,9.3,22.04,33,957.2,17,8.7,Kano
2016-11-22,35.5,18.2,27.9,0.0,9.0,21.87,34,957.7,0,9.0,Kano
2016-11-23,36.3,20.2,28.5,0.0,11.2,21.74,29,959.4,2,7.7,Kano
2016-11-24,36.0,19.2,28.1,0.0,12.6,21.79,31,959.7,36,8.3,Kano
2016-11-25,35.0,19.1,27.3,0.0,12.7,21.99,28,958.8,5,6.1,Kano
2016-11-26,34.0,18.2,26.5,0.0,13.5,21.73,29,957.5,30,6.1,Kano
2016-11-27,34.1,18.4,26.3,0.0,11.3,21.88,29,957.4,29,5.9,Kano
2016-11-28,34.1,16.9,26.0,0.0,10.5,21.83,30,957.6,25,5.3,Kano
2016-11-29,34.5,16.6,26.0,0.0,10.5,21.93,26,958.5,12,3.2,Kano
2016-11-30,35.2,17.2,26.4,0.0,14.0,21.84,26,960.1,36,3.5,Kano
2016-12-01,34.4,18.1,26.3,0.0,16.6,20.66,28,960.8,56,5.9,Kano
2016-12-02,32.4,19.3,25.7,0.0,13.5,21.69,28,960.7,0,5.1,Kano
2016-12-03,31.5,16.7,24.1,0.0,11.6,21.77,29,960.1,12,4.3,Kano
2016-12-04,31.5,16.1,23.9,0.0,14.0,21.5,28,960.4,57,3.6,Kano
2016-12-05,31.1,17.7,24.3,0.0,13.2,19.94,25,961.5,99,2.2,Kano
2016-12-06,32.7,18.7,25.4,0.0,12.1,20.78,24,960.5,71,2.8,Kano
2016-12-07,33.8,18.1,26.0,0.0,10.6,21.09,27,959.5,46,4.6,Kano
2016-12-08,34.3,17.9,26.1,0.0,12.2,21.1,27,959.9,8,4.3,Kano
2016-12-09,34.8,18.1,26.6,0.0,11.3,21.08,29,959.6,11,6.0,Kano
2016-12-10,33.7,18.3,25.9,0.0,16.1,21.21,27,959.4,7,4.0,Kano
2016-12-11,31.2,16.5,23.9,0.0,11.9,21.53,23,959.3,18,0.4,Kano
2016-12-12,31.3,14.3,22.9,0.0,12.2,21.55,26,959.5,18,1.3,Kano
2016-12-13,31.8,15.7,23.8,0.0,11.4,21.19,24,959.9,20,1.1,Kano
2016-12-14,31.3,16.5,23.8,0.0,13.9,21.33,16,959.9,29,-4.0,Kano
2016-12-15,31.0,15.9,23.4,0.0,11.3,21.13,19,960.7,55,-2.1,Kano
2016-12-16,30.9,14.7,22.9,0.0,10.5,21.23,25,960.9,75,0.8,Kano
2016-12-17,31.7,15.0,23.5,0.0,11.4,21.01,28,959.5,0,2.6,Kano
2016-12-18,31.6,16.1,23.7,0.0,12.1,21.08,23,959.3,0,0.5,Kano
2016-12-19,31.2,15.5,23.2,0.0,11.6,21.35,17,959.4,44,-4.0,Kano
2016-12-20,31.7,15.2,23.3,0.0,13.7,21.64,21,959.2,41,-1.5,Kano
2016-12-21,32.1,15.6,23.5,0.0,12.0,21.41,24,958.0,0,0.8,Kano
2016-12-22,31.2,15.5,23.2,0.0,12.2,21.6,19,958.6,3,-2.4,Kano
2016-12-23,31.7,14.5,23.0,0.0,11.9,21.43,15,958.9,22,-5.8,Kano
2016-12-24,30.4,15.7,23.1,0.0,17.1,21.16,20,959.9,18,-2.3,Kano
2016-12-25,28.8,15.4,22.1,0.0,17.4,21.03,20,960.7,21,-2.5,Kano
2016-12-26,27.4,15.3,21.1,0.0,19.6,21.0,21,961.9,30,-2.8,Kano
2016-12-27,27.5,14.0,20.7,0.0,16.5,20.8,20,962.7,68,-3.3,Kano
2016-12-28,28.1,14.2,21.0,0.0,16.2,20.94,22,962.2,28,-1.9,Kano
2016-12-29,27.9,14.5,21.0,0.0,16.6,20.96,22,962.2,6,-2.0,Kano
2016-12-30,28.0,14.1,20.9,0.0,15.5,20.97,27,961.9,30,0.6,Kano
2016-12-31,27.8,14.1,20.9,0.0,14.5,21.05,27,961.9,32,0.4,Kano
2017-01-01,26.0,13.7,19.5,0.0,15.8,20.85,29,961.9,78,0.6,Kano
2017-01-02,26.3,12.3,18.9,0.0,14.6,20.96,30,962.0,7,0.4,Kano
2017-01-03,27.0,13.5,19.9,0.0,16.9,21.1,29,962.7,1,1.0,Kano
2017-01-04,27.2,14.0,20.0,0.0,16.4,21.33,28,961.5,0,0.6,Kano
2017-01-05,28.2,12.5,19.9,0.0,11.5,21.32,27,960.1,0,-0.2,Kano
2017-01-06,29.4,13.7,21.2,0.0,12.2,20.68,27,960.3,69,0.9,Kano
2017-01-07,29.0,16.1,22.0,0.0,16.0,19.81,23,961.8,91,-0.4,Kano
2017-01-08,28.1,14.3,20.8,0.0,13.6,20.58,17,962.1,60,-5.7,Kano
2017-01-09,26.4,12.7,19.1,0.0,13.5,21.33,21,960.8,46,-4.0,Kano
2017-01-10,27.0,10.9,18.7,0.0,9.9,21.75,25,958.4,28,-2.4,Kano
2017-01-11,31.1,10.8,20.9,0.0,11.7,21.33,31,956.9,32,2.2,Kano
2017-01-12,32.8,14.6,23.4,0.0,9.7,21.06,36,958.9,4,6.7,Kano
2017-01-13,32.1,17.9,24.7,0.0,12.6,19.93,26,959.3,65,2.5,Kano
2017-01-14,28.5,16.4,22.0,0.0,14.0,21.03,19,959.0,48,-3.1,Kano
2017-01-15,28.8,13.7,21.1,0.0,10.7,20.98,22,958.8,53,-2.1,Kano
2017-01-16,30.4,13.9,21.7,0.0,9.8,21.52,23,958.4,49,-1.0,Kano
2017-01-17,32.1,14.7,22.9,0.0,11.2,21.39,26,957.6,22,1.5,Kano
2017-01-18,33.0,14.6,23.7,0.0,10.0,21.58,27,958.5,8,2.1,Kano
2017-01-19,33.7,15.7,24.9,0.0,10.6,21.79,24,959.1,48,1.3,Kano
2017-01-20,32.4,18.4,24.8,0.0,17.3,21.69,21,959.5,53,0.6,Kano
2017-01-21,34.6,18.1,25.3,0.0,12.3,21.75,28,957.5,34,5.0,Kano
2017-01-22,36.0,15.6,26.8,0.0,11.0,21.85,29,956.7,17,6.1,Kano
2017-01-23,35.6,16.2,26.1,0.0,11.8,21.74,28,957.7,66,4.8,Kano
2017-01-24,35.0,19.3,26.4,0.0,10.4,21.73,24,958.6,59,3.0,Kano
2017-01-25,33.8,16.6,25.4,0.0,10.5,21.93,21,959.5,32,0.8,Kano
2017-01-26,32.2,17.2,24.4,0.0,13.7,22.12,20,961.6,36,-0.2,Kano
2017-01-27,31.7,16.5,23.7,0.0,12.4,22.13,19,962.9,62,-1.9,Kano
2017-01-28,31.3,16.4,23.3,0.0,13.4,22.19,22,961.8,76,0.0,Kano
2017-01-29,30.7,16.0,23.1,0.0,12.7,22.29,21,961.2,23,-1.0,Kano
2017-01-30,30.1,15.4,22.3,0.0,12.9,22.53,19,960.9,12,-3.2,Kano
2017-01-31,29.1,14.6,21.5,0.0,13.6,22.78,16,961.3,0,-5.6,Kano
2017-02-01,30.1,14.8,22.1,0.0,14.0,22.02,17,961.0,41,-4.3,Kano
2017-02-02,30.5,16.0,22.7,0.0,13.6,22.4,20,961.4,15,-2.0,Kano
2017-02-03,30.1,15.2,22.4,0.0,12.3,22.81,17,961.0,10,-4.0,Kano
2017-02-04,29.6,15.2,22.0,0.0,15.6,23.22,15,961.3,0,-6.1,Kano
2017-02-05,30.0,15.3,22.4,0.0,19.3,23.06,13,960.9,0,-7.4,Kano
2017-02-06,30.1,15.2,22.3,0.0,16.8,23.46,14,960.5,15,-6.9,Kano
2017-02-07,29.8,14.9,22.1,0.0,15.7,23.04,15,959.8,51,-5.9,Kano
2017-02-08,29.8,15.0,21.8,0.0,15.1,23.37,14,959.2,19,-7.7,Kano
2017-02-09,30.6,13.7,22.0,0.0,13.0,23.27,16,959.3,18,-5.6,Kano
2017-02-10,29.7,15.0,22.1,0.0,14.3,21.24,17,958.9,34,-4.8,Kano
2017-02-11,31.4,15.2,22.8,0.0,11.8,23.28,17,958.5,2,-4.4,Kano
2017-02-12,31.2,15.4,23.1,0.0,14.8,23.16,16,958.9,40,-4.9,Kano
2017-02-13,30.6,15.9,23.2,0.0,17.6,23.57,13,960.2,22,-7.8,Kano
2017-02-14,29.6,16.3,22.7,0.0,17.8,23.54,12,960.7,2,-9.2,Kano
2017-02-15,29.2,15.9,22.1,0.0,20.3,23.92,14,962.4,14,-6.8,Kano
2017-02-16,28.2,15.3,21.5,0.0,22.6,23.84,17,963.3,52,-5.3,Kano
2017-02-17,27.7,15.3,21.1,0.0,23.0,24.21,15,963.5,56,-6.9,Kano
2017-02-18,26.8,13.0,19.7,0.0,18.7,24.67,16,963.4,47,-7.8,Kano
2017-02-19,27.4,12.6,19.9,0.0,17.5,24.15,16,963.3,20,-7.3,Kano
2017-02-20,29.3,14.1,21.5,0.0,16.1,23.75,15,962.5,3,-7.0,Kano
2017-02-21,30.7,16.0,22.9,0.0,15.6,24.05,12,961.4,26,-8.8,Kano
2017-02-22,31.7,17.1,24.1,0.0,20.3,24.23,11,961.0,6,-8.0,Kano
2017-02-23,32.1,17.5,24.4,0.0,19.1,24.51,13,960.3,0,-6.1,Kano
2017-02-24,32.6,17.3,24.4,0.0,18.3,25.12,15,960.1,50,-4.2,Kano
2017-02-25,32.2,16.0,23.4,0.0,14.6,25.26,16,960.1,51,-4.7,Kano
2017-02-26,32.3,14.7,23.0,0.0,12.6,25.57,16,958.9,52,-4.9,Kano
2017-02-27,33.2,12.0,22.5,0.0,12.8,25.84,16,957.5,44,-5.7,Kano
2017-02-28,34.4,14.1,23.4,0.0,13.6,26.05,16,957.2,48,-5.2,Kano
2017-03-01,36.1,15.2,25.6,0.0,15.8,25.26,18,957.9,49,-0.9,Kano
2017-03-02,36.2,17.7,26.3,0.0,14.8,25.28,21,958.5,0,1.2,Kano
2017-03-03,35.9,18.1,26.8,0.0,12.7,25.34,21,957.6,8,1.7,Kano
2017-03-04,36.4,18.5,26.6,0.0,11.8,25.52,21,956.0,3,1.6,Kano
2017-03-05,36.8,16.7,26.7,0.0,12.7,25.49,21,955.2,45,1.6,Kano
2017-03-06,35.8,17.8,26.9,0.0,19.4,25.35,19,956.7,19,-0.1,Kano
2017-03-07,35.2,19.5,26.7,0.0,14.2,24.6,15,957.2,55,-2.5,Kano
2017-03-08,35.4,19.3,27.0,0.0,18.5,25.77,14,957.8,31,-3.5,Kano
2017-03-09,34.8,19.1,26.5,0.0,15.1,25.9,14,958.1,24,-3.4,Kano
2017-03-10,33.1,18.5,25.6,0.0,19.2,25.88,16,958.5,51,-3.2,Kano
2017-03-11,31.9,16.0,23.3,0.0,12.6,26.27,12,957.6,15,-8.7,Kano
2017-03-12,32.8,15.9,24.0,0.0,12.9,26.29,13,957.9,35,-6.6,Kano
2017-03-13,33.9,18.2,25.5,0.0,11.8,23.03,13,958.4,53,-5.6,Kano
2017-03-14,34.1,20.3,26.7,0.0,12.5,19.85,11,959.7,51,-6.7,Kano
2017-03-15,34.2,17.8,25.9,0.0,18.2,26.89,12,959.9,31,-6.8,Kano
2017-03-16,34.3,15.8,24.3,0.0,17.2,27.21,13,957.6,68,-7.8,Kano
2017-03-17,36.0,15.8,25.6,0.0,12.2,26.9,16,956.5,15,-3.3,Kano
2017-03-18,37.0,18.7,28.1,0.0,15.8,26.9,13,957.2,6,-4.7,Kano
2017-03-19,36.1,20.1,28.0,0.0,16.5,26.49,14,958.7,8,-2.6,Kano
2017-03-20,35.9,20.3,27.7,0.0,15.5,26.39,18,959.4,57,1.1,Kano
2017-03-21,36.9,20.0,27.6,0.0,11.9,26.53,20,957.6,37,1.7,Kano
2017-03-22,38.1,18.5,28.7,0.0,12.6,26.37,21,956.5,71,2.5,Kano
2017-03-23,38.4,19.5,29.0,0.0,16.1,26.19,26,956.9,40,6.3,Kano
2017-03-24,37.5,20.5,29.3,0.0,11.8,25.15,21,958.0,93,4.1,Kano
2017-03-25,38.7,21.5,30.0,0.0,15.9,26.56,20,958.2,38,3.2,Kano
2017-03-26,38.3,22.3,30.4,0.0,15.7,26.78,17,958.2,0,1.7,Kano
2017-03-27,36.2,22.1,28.5,0.0,18.4,27.46,16,959.0,17,-0.7,Kano
2017-03-28,36.4,20.7,28.0,0.0,17.1,27.69,15,958.3,81,-2.3,Kano
2017-03-29,36.5,20.2,27.7,0.0,13.6,27.64,13,957.6,38,-3.9,Kano
2017-03-30,38.5,20.5,29.1,0.0,11.8,27.32,15,957.3,35,-1.1,Kano
2017-03-31,39.2,20.5,29.4,0.0,12.7,27.58,16,957.6,26,-0.8,Kano
2017-04-01,37.3,21.3,29.7,0.0,16.7,27.15,15,958.2,62,0.1,Kano
2017-04-02,37.0,22.8,29.6,0.0,15.0,26.63,16,958.7,34,0.7,Kano
2017-04-03,37.0,22.5,29.4,0.0,14.1,25.38,14,958.6,33,-1.7,Kano
2017-04-04,37.5,21.1,29.1,0.0,12.3,26.98,13,957.4,35,-3.1,Kano
2017-04-05,38.5,22.1,30.4,0.0,10.9,27.13,15,957.0,2,0.4,Kano
2017-04-06,39.1,21.5,30.1,0.0,13.8,26.67,17,956.4,18,0.6,Kano
2017-04-07,38.7,22.1,29.9,0.0,13.3,25.71,28,955.1,53,6.8,Kano
2017-04-08,39.4,23.0,31.3,0.0,15.0,26.83,22,954.7,17,5.7,Kano
2017-04-09,39.3,22.0,31.1,0.0,18.9,24.87,25,955.2,23,8.2,Kano
2017-04-10,35.7,25.4,30.7,0.0,15.1,18.6,46,955.6,71,17.2,Kano
2017-04-11,38.5,26.6,32.0,1.2,17.2,24.94,41,954.5,31,16.2,Kano
2017-04-12,37.4,25.7,31.6,0.0,16.0,22.25,40,955.2,70,15.5,Kano
2017-04-13,36.2,24.1,30.6,0.0,14.4,23.4,39,956.6,69,14.0,Kano
2017-04-14,35.0,21.0,28.5,0.0,15.3,25.33,40,958.7,74,9.5,Kano
2017-04-15,35.0,22.3,28.7,0.0,16.4,24.57,14,960.5,65,-2.0,Kano
2017-04-16,35.9,20.2,28.0,0.0,13.6,27.51,16,959.5,17,-0.9,Kano
2017-04-17,37.1,21.8,29.3,0.0,15.9,27.64,17,958.7,3,1.7,Kano
2017-04-18,37.8,23.0,30.2,0.0,18.2,27.63,18,958.2,5,3.0,Kano
2017-04-19,38.6,25.5,31.8,0.0,20.0,27.57,16,957.3,13,1.9,Kano
2017-04-20,37.7,23.1,30.8,0.0,14.8,27.1,11,957.0,17,-3.7,Kano
2017-04-21,37.4,24.2,30.8,0.0,11.5,23.62,10,957.0,53,-5.5,Kano
2017-04-22,38.7,20.6,30.2,0.0,10.3,28.16,13,957.0,32,-2.9,Kano
2017-04-23,39.3,20.8,30.6,0.0,11.7,27.3,13,957.2,34,-1.8,Kano
2017-04-24,39.6,19.8,30.1,0.0,13.8,27.32,23,957.4,66,4.4,Kano
2017-04-25,38.9,20.8,30.2,0.0,12.5,27.8,18,957.0,27,2.8,Kano
2017-04-26,40.2,22.8,31.1,0.0,16.4,27.63,26,956.6,1,7.4,Kano
2017-04-27,38.5,25.9,31.9,0.0,14.5,24.26,34,958.0,9,13.2,Kano
2017-04-28,39.2,23.9,31.3,0.0,12.3,25.84,42,958.3,9,14.4,Kano
2017-04-29,40.2,25.2,32.3,0.0,16.5,26.05,33,958.0,25,11.6,Kano
2017-04-30,39.4,23.3,31.7,0.0,14.4,24.28,29,957.3,15,9.5,Kano
2017-05-01,38.7,23.7,31.2,0.0,16.5,24.18,36,956.5,25,12.3,Kano
2017-05-02,38.8,24.5,31.2,0.0,18.3,24.46,45,956.5,39,15.9,Kano
2017-05-03,39.1,23.9,31.6,0.0,16.4,24.69,44,956.2,47,15.6,Kano
2017-05-04,38.7,25.5,31.3,0.1,18.0,23.21,46,957.0,83,17.1,Kano
2017-05-05,38.9,26.6,32.3,0.0,19.8,25.29,41,957.4,53,16.3,Kano
2017-05-06,40.0,25.9,32.6,0.0,18.2,25.16,36,957.3,27,13.9,Kano
2017-05-07,39.6,26.1,32.1,0.0,15.9,22.87,41,957.4,89,15.1,Kano
2017-05-08,40.1,24.6,32.4,0.0,14.8,25.14,33,956.6,50,12.4,Kano
2017-05-09,37.7,25.9,31.8,0.0,14.8,20.93,40,956.9,59,15.7,Kano
2017-05-10,38.6,24.9,31.8,0.0,14.5,25.55,40,958.0,24,14.8,Kano
2017-05-11,37.1,25.4,31.0,0.0,13.6,22.72,38,959.2,39,14.6,Kano
2017-05-12,38.5,25.3,32.0,0.0,13.3,21.91,36,958.5,62,13.6,Kano
2017-05-13,40.5,26.9,33.2,0.0,17.3,23.21,30,957.1,64,10.7,Kano
2017-05-14,39.4,24.3,31.7,0.0,18.7,25.09,41,956.9,13,15.0,Kano
2017-05-15,37.7,27.2,32.1,0.0,20.5,24.92,42,957.7,43,17.0,Kano
2017-05-16,36.2,26.4,30.9,0.1,19.3,22.85,49,959.5,78,18.4,Kano
2017-05-17,37.7,25.4,31.3,0.0,15.9,25.59,46,958.4,53,17.2,Kano
2017-05-18,36.4,25.4,29.7,3.0,15.2,22.86,54,958.7,68,18.8,Kano
2017-05-19,36.7,25.0,29.5,1.6,23.3,24.44,58,959.1,62,19.5,Kano
2017-05-20,37.0,25.1,30.9,0.1,11.5,24.75,53,959.5,71,19.1,Kano
2017-05-21,38.7,24.6,31.6,0.0,12.3,24.61,44,958.0,22,16.2,Kano
2017-05-22,39.2,24.8,31.6,0.0,13.0,24.99,44,957.1,49,15.3,Kano
2017-05-23,38.5,24.1,31.1,0.0,13.5,24.48,39,957.1,14,13.4,Kano
2017-05-24,38.6,24.5,31.7,0.0,14.6,25.49,37,957.5,13,13.3,Kano
2017-05-25,33.2,25.3,29.2,0.9,16.2,16.0,56,959.9,86,19.1,Kano
2017-05-26,35.2,24.2,28.7,0.9,13.2,21.79,65,960.8,73,20.9,Kano
2017-05-27,36.4,23.4,28.4,0.4,12.1,24.53,66,961.0,52,20.5,Kano
2017-05-28,38.8,23.8,30.2,0.2,14.7,25.12,50,959.9,7,17.3,Kano
2017-05-29,39.0,24.4,31.4,0.0,17.7,25.03,45,958.3,5,16.6,Kano
2017-05-30,36.9,25.3,30.9,0.0,21.7,25.55,52,959.2,26,19.0,Kano
2017-05-31,35.1,26.4,29.7,0.6,17.1,22.69,55,961.3,64,19.4,Kano
2017-06-01,36.8,23.9,29.3,0.1,12.6,23.99,61,961.3,43,20.3,Kano
2017-06-02,36.7,25.5,30.6,1.3,15.9,24.36,55,959.9,49,19.9,Kano
2017-06-03,37.5,24.9,30.3,0.5,17.0,23.63,58,959.5,63,20.1,Kano
2017-06-04,35.6,24.4,28.4,6.8,12.1,21.84,68,959.8,79,21.4,Kano
2017-06-05,34.1,23.9,28.3,0.1,11.2,21.69,69,959.6,66,21.5,Kano
2017-06-06,36.3,24.0,29.5,1.9,15.0,24.6,62,959.5,35,20.5,Kano
2017-06-07,34.2,24.3,27.2,4.0,14.5,19.81,71,961.1,64,21.2,Kano
2017-06-08,34.9,22.7,28.2,0.4,8.4,24.99,65,959.3,69,20.3,Kano
2017-06-09,37.5,23.8,30.4,0.2,12.1,24.18,53,957.1,15,18.8,Kano
2017-06-10,36.9,26.1,30.6,0.7,15.9,23.85,56,957.7,40,20.4,Kano
2017-06-11,36.3,25.2,28.8,2.6,16.3,22.9,70,957.5,52,22.3,Kano
2017-06-12,34.6,25.0,28.9,0.0,16.8,24.21,67,957.6,91,21.9,Kano
2017-06-13,30.5,23.9,26.2,7.3,20.9,18.01,78,959.4,75,21.9,Kano
2017-06-14,30.9,23.2,26.4,0.6,15.8,21.32,73,960.8,69,20.8,Kano
2017-06-15,33.8,22.8,28.0,0.1,12.9,24.01,69,959.6,58,21.3,Kano
2017-06-16,35.6,24.9,29.3,0.3,23.6,24.07,63,958.1,55,20.9,Kano
2017-06-17,29.9,23.9,25.9,3.0,20.1,16.07,75,958.8,84,21.0,Kano
2017-06-18,32.7,23.5,27.2,0.1,12.0,24.49,67,958.7,37,20.2,Kano
2017-06-19,32.9,23.3,26.5,15.0,12.5,23.01,75,958.7,56,21.3,Kano
2017-06-20,31.0,22.2,26.3,7.8,16.1,21.55,75,960.3,60,21.2,Kano
2017-06-21,32.1,23.2,27.0,1.6,14.0,24.26,72,960.8,48,21.2,Kano
2017-06-22,32.7,23.2,26.3,6.9,13.9,23.27,78,958.9,81,21.8,Kano
2017-06-23,32.5,23.2,27.0,2.5,11.6,23.9,75,959.0,34,22.0,Kano
2017-06-24,31.7,23.1,26.5,4.1,9.8,20.11,75,959.8,65,21.4,Kano
2017-06-25,32.5,22.1,26.1,3.6,11.8,20.83,77,960.3,76,21.4,Kano
2017-06-26,32.5,21.7,26.6,0.3,11.3,23.97,76,959.6,52,21.6,Kano
2017-06-27,32.8,23.2,27.0,5.4,14.5,23.66,76,959.5,40,22.2,Kano
2017-06-28,31.4,23.5,26.4,4.6,25.2,23.06,74,960.2,70,21.3,Kano
2017-06-29,31.8,22.8,26.5,0.8,12.8,22.74,73,961.1,78,21.1,Kano
2017-06-30,33.0,23.4,26.8,2.0,14.1,21.99,74,960.7,51,21.6,Kano
2017-07-01,32.4,22.8,26.5,0.8,15.1,22.9,73,960.2,62,20.9,Kano
2017-07-02,31.9,23.7,27.3,0.0,18.1,24.1,69,960.3,58,20.8,Kano
2017-07-03,32.5,23.0,27.3,0.0,16.2,25.46,68,960.5,29,20.4,Kano
2017-07-04,32.5,23.4,27.2,0.9,15.6,23.92,73,960.1,42,21.5,Kano
2017-07-05,32.0,23.2,26.6,9.2,16.2,21.62,75,960.8,75,21.6,Kano
2017-07-06,30.3,23.0,25.8,0.7,20.4,16.86,76,961.7,79,21.0,Kano
2017-07-07,32.1,22.5,26.1,5.5,14.0,24.24,77,961.5,59,21.3,Kano
2017-07-08,31.2,22.8,26.3,8.5,15.1,22.71,77,960.5,82,21.8,Kano
2017-07-09,28.4,23.8,25.6,2.4,21.2,15.6,77,960.3,94,21.0,Kano
2017-07-10,28.5,21.9,24.5,0.7,20.6,18.17,78,961.4,68,20.3,Kano
2017-07-11,29.9,21.1,24.8,0.7,14.5,22.23,76,962.8,42,20.0,Kano
2017-07-12,31.1,21.4,25.6,0.9,11.5,21.83,75,962.3,40,20.7,Kano
2017-07-13,32.0,22.4,26.2,3.2,10.2,22.5,77,961.4,40,21.5,Kano
2017-07-14,29.9,22.6,26.1,0.5,12.6,20.9,73,961.4,70,20.6,Kano
2017-07-15,32.2,21.9,26.5,0.6,12.2,22.78,72,960.8,58,20.7,Kano
2017-07-16,32.5,23.2,26.7,3.3,14.1,22.28,74,960.4,39,21.4,Kano
2017-07-17,31.6,22.8,26.3,4.2,15.4,21.93,77,960.1,71,21.7,Kano
2017-07-18,29.7,22.3,25.3,13.4,15.6,19.18,82,962.2,87,21.7,Kano
2017-07-19,30.7,22.0,26.0,0.1,8.4,20.93,77,962.5,57,21.3,Kano
2017-07-20,31.8,23.3,27.3,0.9,8.9,22.39,72,961.1,52,21.4,Kano
2017-07-21,32.8,23.9,27.1,4.9,15.6,22.5,74,959.6,44,21.7,Kano
2017-07-22,31.2,23.2,25.7,6.6,18.3,17.82,81,960.1,85,21.9,Kano
2017-07-23,30.5,22.1,25.5,4.9,13.0,21.37,78,961.2,48,21.2,Kano
2017-07-24,30.7,22.3,26.2,0.8,18.5,22.37,72,961.1,57,20.5,Kano
2017-07-25,29.3,23.1,25.9,0.0,17.3,13.89,71,961.2,75,20.1,Kano
2017-07-26,31.2,22.1,26.3,0.6,13.6,23.07,73,960.9,19,20.8,Kano
2017-07-27,31.1,22.6,26.2,3.5,11.2,20.96,76,960.5,57,21.4,Kano
2017-07-28,32.2,22.7,26.4,6.3,8.2,22.11,80,960.3,51,22.3,Kano
2017-07-29,32.2,23.1,27.0,0.0,12.0,22.12,74,960.5,77,21.5,Kano
2017-07-30,31.1,23.8,26.4,4.9,13.6,21.06,77,960.3,71,21.8,Kano
2017-07-31,32.1,22.9,26.5,2.2,13.4,22.55,77,960.1,79,21.9,Kano
2017-08-01,31.8,23.1,26.5,2.3,13.2,22.24,78,960.9,78,21.9,Kano
2017-08-02,32.1,23.1,26.8,1.8,13.0,23.6,75,961.8,57,21.6,Kano
2017-08-03,32.0,23.5,27.1,4.9,13.7,22.67,73,961.5,84,21.5,Kano
2017-08-04,28.3,21.9,24.3,19.1,15.8,12.79,86,960.8,98,21.7,Kano
2017-08-05,30.3,21.6,25.7,0.0,10.5,23.75,75,960.8,39,20.6,Kano
2017-08-06,30.7,21.7,25.6,3.7,15.2,23.16,74,960.7,40,20.3,Kano
2017-08-07,27.2,22.2,24.1,42.2,18.7,10.64,84,960.6,99,21.0,Kano
2017-08-08,29.5,21.1,24.8,0.9,10.7,22.05,80,961.0,56,20.8,Kano
2017-08-09,30.0,21.3,25.1,1.3,11.2,20.08,78,961.7,56,20.8,Kano
2017-08-10,30.6,21.9,26.0,0.0,11.3,22.92,76,961.1,44,21.2,Kano
2017-08-11,31.9,22.2,26.4,3.6,14.9,23.32,74,960.2,43,21.1,Kano
2017-08-12,29.8,23.2,26.2,2.1,17.0,19.86,79,959.9,81,22.2,Kano
2017-08-13,31.3,23.2,26.2,4.2,16.4,21.94,81,959.0,96,22.4,Kano
2017-08-14,29.4,21.1,24.7,10.5,16.6,15.09,84,959.5,88,21.7,Kano
2017-08-15,31.0,22.5,26.0,6.6,13.8,22.4,82,959.6,84,22.4,Kano
2017-08-16,30.7,22.3,26.3,0.1,15.5,19.69,76,958.6,95,21.5,Kano
2017-08-17,27.8,22.0,24.7,7.3,18.6,8.85,82,957.2,100,21.4,Kano
2017-08-18,27.7,21.8,24.5,3.0,14.8,15.97,76,958.6,94,19.8,Kano
2017-08-19,29.8,21.1,25.5,0.0,13.3,20.51,72,960.2,69,19.8,Kano
2017-08-20,31.1,22.1,26.6,0.3,9.8,22.14,69,960.3,51,20.1,Kano
2017-08-21,31.0,22.5,25.4,16.9,13.4,20.97,79,959.5,79,21.1,Kano
2017-08-22,27.8,21.6,23.8,6.3,12.0,16.77,85,960.2,96,20.9,Kano
2017-08-23,29.0,21.3,24.7,0.7,10.2,21.03,81,960.2,68,21.1,Kano
2017-08-24,32.1,21.4,26.2,0.2,9.1,23.94,76,959.1,73,21.3,Kano
2017-08-25,33.8,22.9,26.6,11.7,15.5,23.7,76,957.6,89,21.6,Kano
2017-08-26,31.1,22.2,26.0,0.3,19.3,22.56,75,958.9,82,20.8,Kano
2017-08-27,28.9,22.4,25.2,1.7,16.4,11.09,76,960.2,85,20.5,Kano
2017-08-28,31.4,23.1,26.7,0.0,17.0,20.66,71,959.0,75,20.8,Kano
2017-08-29,32.7,22.9,27.2,3.6,19.7,22.06,72,957.4,83,21.3,Kano
2017-08-30,25.7,22.3,23.5,11.2,18.3,6.75,88,959.1,98,21.4,Kano
2017-08-31,28.4,22.0,23.8,5.3,15.1,9.93,85,960.3,80,21.1,Kano
2017-09-01,30.0,20.6,25.3,0.3,7.9,22.15,79,961.2,21,21.2,Kano
2017-09-02,31.8,22.5,26.5,4.0,15.1,23.5,75,960.3,67,21.5,Kano
2017-09-03,31.2,22.4,25.6,0.6,17.8,20.94,78,959.1,77,21.3,Kano
2017-09-04,29.4,21.5,24.0,9.4,17.7,17.14,85,960.6,48,21.2,Kano
2017-09-05,31.4,20.4,24.9,0.6,11.0,21.48,80,961.4,36,20.8,Kano
2017-09-06,31.1,22.6,26.0,0.1,9.7,17.02,79,960.1,90,21.9,Kano
2017-09-07,32.0,22.8,26.0,0.9,10.7,20.95,79,959.6,95,21.9,Kano
2017-09-08,28.2,21.4,24.5,17.1,14.0,15.29,83,960.9,74,21.3,Kano
2017-09-09,32.5,20.9,26.2,0.4,7.9,24.01,78,960.1,43,21.5,Kano
2017-09-10,32.9,22.7,27.0,0.2,12.1,22.8,74,958.7,28,21.6,Kano
2017-09-11,32.0,22.7,26.5,5.7,11.3,19.56,79,959.0,96,22.4,Kano
2017-09-12,32.5,22.5,26.8,1.6,13.3,23.7,78,959.3,46,22.2,Kano
2017-09-13,32.6,21.9,26.5,0.4,14.9,22.78,75,959.4,73,21.4,Kano
2017-09-14,31.5,22.8,26.7,0.0,18.4,21.14,75,959.2,34,21.6,Kano
2017-09-15,30.7,23.0,25.9,18.1,12.8,18.59,81,959.4,73,22.1,Kano
2017-09-16,30.4,22.0,25.2,1.4,11.0,19.96,83,960.0,83,21.8,Kano
2017-09-17,30.7,21.5,25.1,9.9,14.2,21.74,83,961.8,62,21.7,Kano
2017-09-18,32.1,22.0,26.3,0.0,13.0,22.1,77,960.6,78,21.5,Kano
2017-09-19,31.6,23.0,26.9,0.0,11.0,22.74,77,959.6,59,22.3,Kano
2017-09-20,32.0,22.9,26.0,4.3,10.3,19.93,84,959.7,94,22.8,Kano
2017-09-21,30.4,22.2,25.6,2.1,10.4,19.03,85,959.6,74,22.7,Kano
2017-09-22,31.2,22.0,25.9,0.3,13.0,22.33,78,959.8,48,21.6,Kano
2017-09-23,31.5,22.3,26.4,2.1,14.7,22.15,76,960.9,24,21.6,Kano
2017-09-24,32.5,22.2,26.3,1.6,13.3,21.97,79,960.5,27,22.0,Kano
2017-09-25,32.4,21.9,26.4,4.3,12.4,23.05,80,959.2,67,22.3,Kano
2017-09-26,34.1,22.0,27.4,0.0,14.5,23.17,67,958.1,53,19.8,Kano
2017-09-27,33.6,21.1,26.6,0.0,11.5,22.84,70,958.9,47,20.0,Kano
2017-09-28,32.8,23.8,27.2,0.2,10.1,20.74,71,959.7,87,21.0,Kano
2017-09-29,33.4,22.0,27.4,0.0,13.2,23.45,69,959.0,71,20.8,Kano
2017-09-30,33.2,22.9,27.1,0.2,12.7,22.5,72,958.7,34,21.3,Kano
2017-10-01,35.1,22.9,28.2,0.4,16.2,22.56,62,958.4,31,19.1,Kano
2017-10-02,35.0,21.6,27.5,0.0,10.2,22.86,56,957.2,9,17.1,Kano
2017-10-03,35.5,20.5,27.3,0.0,10.9,23.17,54,956.3,45,16.5,Kano
2017-10-04,34.4,22.5,27.2,0.4,17.8,18.28,65,958.6,67,19.3,Kano
2017-10-05,32.2,23.2,27.0,2.5,11.9,19.81,71,959.5,76,21.0,Kano
2017-10-06,35.1,21.3,27.9,0.0,13.0,23.57,60,957.8,47,17.6,Kano
2017-10-07,35.0,20.5,27.1,0.0,11.6,23.73,52,957.2,35,15.0,Kano
2017-10-08,34.8,21.6,27.4,0.0,12.2,22.48,57,958.1,50,17.2,Kano
2017-10-09,35.1,21.9,27.8,0.0,14.2,23.63,52,958.1,19,15.2,Kano
2017-10-10,35.9,19.4,26.7,0.0,13.2,23.82,51,957.1,24,13.6,Kano
2017-10-11,35.5,20.5,27.5,0.0,11.0,23.4,48,958.2,34,14.1,Kano
2017-10-12,35.2,21.9,27.7,0.0,16.5,22.63,52,959.1,43,15.0,Kano
2017-10-13,33.6,20.8,26.4,0.0,14.2,24.49,30,959.3,0,6.8,Kano
2017-10-14,33.8,18.9,25.7,0.0,18.8,24.17,30,959.9,22,5.7,Kano
2017-10-15,33.6,21.1,26.5,0.0,20.4,23.45,29,960.6,5,6.5,Kano
2017-10-16,33.6,22.8,27.1,0.0,18.7,22.81,29,961.5,39,7.4,Kano
2017-10-17,33.1,21.6,26.4,0.0,16.5,23.39,31,961.5,34,7.7,Kano
2017-10-18,33.1,20.4,26.0,0.0,13.0,23.18,32,960.6,47,7.5,Kano
2017-10-19,33.2,19.8,25.9,0.0,11.4,23.15,33,960.5,48,7.8,Kano
2017-10-20,33.6,19.0,25.8,0.0,12.8,23.25,36,960.3,42,8.6,Kano
2017-10-21,33.9,19.1,25.9,0.0,12.4,23.43,35,960.4,26,8.6,Kano
2017-10-22,34.1,18.8,26.4,0.0,12.1,22.87,35,959.9,64,8.8,Kano
2017-10-23,34.2,19.8,26.8,0.0,11.9,22.74,32,959.0,85,7.9,Kano
2017-10-24,33.9,19.1,26.2,0.0,11.7,23.22,32,958.8,70,7.3,Kano
2017-10-25,34.7,16.0,25.9,0.0,13.0,23.47,32,958.9,58,6.8,Kano
2017-10-26,33.5,20.3,26.2,0.0,15.7,22.98,28,960.3,61,6.1,Kano
2017-10-27,30.9,19.6,24.4,0.0,14.9,22.77,28,960.0,81,4.1,Kano
2017-10-28,32.0,18.6,25.0,0.0,13.2,22.1,32,958.9,65,6.8,Kano
2017-10-29,32.8,20.6,26.0,0.0,13.3,22.4,33,959.2,51,7.8,Kano
2017-10-30,33.7,21.8,26.8,0.0,14.2,22.22,28,958.8,42,6.4,Kano
2017-10-31,32.7,20.3,25.6,0.0,15.4,22.6,27,959.8,40,4.6,Kano
2017-11-01,33.1,19.1,25.5,0.0,13.8,22.65,28,959.9,39,4.9,Kano
2017-11-02,33.4,19.8,25.9,0.0,14.2,22.47,28,959.7,38,5.5,Kano
2017-11-03,33.3,19.6,25.5,0.0,14.5,22.46,28,959.0,31,4.9,Kano
2017-11-04,32.6,19.0,24.9,0.0,11.3,22.53,30,959.8,13,5.4,Kano
2017-11-05,32.2,18.6,24.8,0.0,12.8,22.45,29,959.9,27,5.3,Kano
2017-11-06,31.7,17.8,24.1,0.0,12.6,22.72,29,959.0,34,4.3,Kano
2017-11-07,31.6,17.0,23.5,0.0,12.6,22.63,30,958.9,35,4.3,Kano
2017-11-08,32.0,17.9,24.2,0.0,15.5,22.37,27,959.8,8,3.3,Kano
2017-11-09,31.6,18.5,24.1,0.0,15.0,22.39,27,960.2,18,3.4,Kano
2017-11-10,31.4,17.9,23.8,0.0,14.8,22.41,26,960.0,39,2.5,Kano
2017-11-11,31.4,16.1,22.9,0.0,11.6,22.22,28,959.0,57,3.0,Kano
2017-11-12,32.8,16.4,23.8,0.0,12.5,22.37,29,958.1,29,3.7,Kano
2017-11-13,33.4,17.2,25.0,0.0,10.1,21.65,29,957.6,55,4.7,Kano
2017-11-14,33.9,17.9,25.5,0.0,10.1,21.17,29,957.1,26,5.5,Kano
2017-11-15,35.1,18.8,26.6,0.0,11.3,21.4,30,957.0,8,6.8,Kano
2017-11-16,35.1,18.7,26.7,0.0,14.4,21.5,30,957.5,43,6.6,Kano
2017-11-17,34.6,19.5,26.5,0.0,11.3,21.57,28,957.3,0,5.9,Kano
2017-11-18,35.3,19.2,26.6,0.0,10.7,21.63,28,957.2,38,5.3,Kano
2017-11-19,34.9,19.5,26.8,0.0,12.9,21.05,26,957.9,45,4.9,Kano
2017-11-20,33.9,18.8,26.5,0.0,14.3,20.04,30,959.3,56,6.3,Kano
2017-11-21,33.2,20.6,26.3,0.0,18.8,21.2,23,959.3,18,2.8,Kano
2017-11-22,31.0,19.8,24.6,0.0,14.5,21.38,20,959.5,40,-0.2,Kano
2017-11-23,30.1,17.2,22.8,0.0,15.3,21.68,23,960.2,63,0.0,Kano
2017-11-24,29.6,16.3,22.3,0.0,14.7,21.14,27,960.9,71,1.9,Kano
2017-11-25,30.3,15.9,22.4,0.0,13.4,21.54,25,961.6,38,0.2,Kano
2017-11-26,30.4,16.4,22.9,0.0,19.7,21.52,22,962.5,20,-0.2,Kano
2017-11-27,30.5,16.4,22.7,0.0,15.1,21.49,26,962.1,8,1.9,Kano
2017-11-28,30.7,16.3,22.8,0.0,13.2,21.08,29,961.8,37,3.1,Kano
2017-11-29,30.8,17.0,23.3,0.0,13.5,21.0,26,961.8,42,2.4,Kano
2017-11-30,31.6,17.5,23.6,0.0,12.7,20.72,25,962.2,70,1.7,Kano
2017-12-01,31.4,16.9,23.2,0.0,12.6,20.38,25,961.2,74,1.6,Kano
2017-12-02,31.0,16.0,22.6,0.0,10.7,21.13,24,959.6,29,0.3,Kano
2017-12-03,31.7,16.2,22.9,0.0,11.2,20.08,24,959.8,70,0.6,Kano
2017-12-04,31.6,17.2,23.3,0.0,11.7,20.58,20,960.7,50,-1.3,Kano
2017-12-05,31.0,16.9,23.0,0.0,13.2,21.07,20,960.2,11,-2.1,Kano
2017-12-06,30.7,15.9,22.7,0.0,13.7,20.83,31,958.8,0,4.1,Kano
2017-12-07,29.9,16.8,22.6,0.0,14.8,20.74,33,959.1,1,5.1,Kano
2017-12-08,28.7,15.8,21.7,0.0,13.5,20.28,34,959.8,34,4.5,Kano
2017-12-09,28.8,15.1,21.5,0.0,12.2,20.03,31,960.0,43,3.3,Kano
2017-12-10,27.3,16.5,20.8,0.0,12.1,15.24,28,960.2,48,1.5,Kano
2017-12-11,28.0,16.7,21.5,0.0,11.9,16.88,29,960.7,46,2.5,Kano
2017-12-12,30.6,17.9,23.0,0.0,11.0,16.89,29,961.4,48,3.7,Kano
2017-12-13,32.0,17.3,24.2,0.0,15.5,20.0,30,961.5,26,5.1,Kano
2017-12-14,32.5,19.7,25.0,0.0,18.3,19.67,31,960.2,80,6.4,Kano
2017-12-15,30.5,18.7,23.9,0.0,13.6,18.87,31,960.1,86,5.2,Kano
2017-12-16,30.7,16.7,22.7,0.0,11.8,20.69,31,959.9,1,4.0,Kano
2017-12-17,30.2,14.1,21.6,0.0,10.7,20.94,30,959.2,20,2.4,Kano
2017-12-18,32.3,13.6,22.8,0.0,10.5,20.53,31,958.2,53,3.7,Kano
2017-12-19,33.6,16.7,25.2,0.0,11.5,19.89,31,958.0,83,5.9,Kano
2017-12-20,33.8,18.2,25.7,0.0,11.6,19.06,36,958.0,96,8.8,Kano
2017-12-21,34.4,18.9,26.2,0.0,10.6,19.51,32,958.8,84,7.5,Kano
2017-12-22,33.4,19.2,25.6,0.0,12.5,20.02,28,959.1,67,5.4,Kano
2017-12-23,27.9,17.0,22.6,0.0,16.6,17.94,29,960.8,77,3.5,Kano
2017-12-24,26.5,14.8,20.3,0.0,16.1,20.22,30,961.8,11,1.8,Kano
2017-12-25,27.3,13.8,20.3,0.0,15.8,20.23,30,962.1,9,1.8,Kano
2017-12-26,27.5,14.9,20.7,0.0,15.6,20.35,33,961.6,11,3.8,Kano
2017-12-27,28.1,14.5,20.6,0.0,12.6,20.44,35,960.1,3,3.8,Kano
2017-12-28,29.2,13.7,21.1,0.0,11.8,20.63,30,959.8,64,2.0,Kano
2017-12-29,27.9,14.2,20.8,0.0,14.2,20.24,30,961.6,44,1.9,Kano
2017-12-30,26.8,13.5,19.8,0.0,14.0,20.47,21,963.0,32,-3.3,Kano
2017-12-31,26.9,15.4,20.6,0.0,19.4,19.87,23,963.5,50,-1.3,Kano
2018-01-01,26.4,16.6,20.8,0.0,19.8,19.82,22,962.8,43,-1.8,Kano
2018-01-02,26.2,14.7,19.9,0.0,19.5,20.43,25,962.1,61,-1.0,Kano
2018-01-03,26.2,13.8,19.5,0.0,20.3,20.91,28,962.9,0,-0.4,Kano
2018-01-04,25.8,12.3,18.8,0.0,19.2,21.37,23,964.3,0,-3.5,Kano
2018-01-05,25.1,12.1,18.1,0.0,17.0,21.29,23,963.1,3,-3.8,Kano
2018-01-06,25.9,11.3,17.9,0.0,13.8,21.12,27,961.6,1,-2.0,Kano
2018-01-07,27.7,10.4,18.7,0.0,10.7,21.09,30,960.5,0,0.1,Kano
2018-01-08,29.0,11.7,19.9,0.0,10.2,21.02,29,961.6,0,0.1,Kano
2018-01-09,28.9,12.8,20.1,0.0,12.7,21.37,25,961.8,41,-1.1,Kano
2018-01-10,28.1,12.8,19.9,0.0,13.2,21.32,24,961.5,0,-2.2,Kano
2018-01-11,27.3,12.8,19.6,0.0,16.1,21.28,25,961.5,15,-2.0,Kano
2018-01-12,27.2,11.5,18.6,0.0,13.2,21.81,23,961.3,2,-4.2,Kano
2018-01-13,26.8,11.0,18.5,0.0,16.4,21.51,23,961.4,71,-3.9,Kano
2018-01-14,26.9,11.2,18.9,0.0,16.5,21.36,24,961.7,31,-3.1,Kano
2018-01-15,27.6,13.0,19.9,0.0,14.5,21.02,23,961.8,23,-2.8,Kano
2018-01-16,27.4,12.9,19.7,0.0,14.2,21.23,17,962.3,31,-6.7,Kano
2018-01-17,27.4,12.8,19.4,0.0,16.8,21.66,18,961.4,93,-6.1,Kano
2018-01-18,28.3,12.2,19.8,0.0,14.9,21.66,19,960.8,75,-4.7,Kano
2018-01-19,28.6,11.4,19.7,0.0,12.4,22.13,21,960.6,78,-4.0,Kano
2018-01-20,28.6,11.6,19.7,0.0,11.7,21.97,23,960.1,84,-3.1,Kano
2018-01-21,28.7,10.9,19.6,0.0,12.1,22.26,21,960.1,57,-5.1,Kano
2018-01-22,27.5,12.5,19.9,0.0,18.4,21.79,15,961.4,27,-7.8,Kano
2018-01-23,27.2,13.0,19.9,0.0,16.0,21.63,19,961.4,14,-4.8,Kano
2018-01-24,26.8,13.4,19.9,0.0,17.4,21.0,21,961.2,77,-3.5,Kano
2018-01-25,27.8,14.8,20.7,0.0,17.8,21.71,22,961.0,49,-2.4,Kano
2018-01-26,26.4,14.8,20.1,0.0,16.3,18.77,28,961.0,75,1.0,Kano
2018-01-27,27.5,14.2,20.3,0.0,15.0,21.26,26,960.6,42,-0.5,Kano
2018-01-28,27.7,13.6,20.2,0.0,16.1,21.6,22,960.5,0,-3.0,Kano
2018-01-29,27.4,13.4,19.8,0.0,16.9,22.51,16,961.7,40,-7.2,Kano
2018-01-30,27.0,13.0,19.3,0.0,18.9,22.96,16,962.0,5,-7.3,Kano
2018-01-31,26.6,12.3,19.0,0.0,18.1,22.96,20,960.5,0,-5.1,Kano
2018-02-01,29.1,12.6,20.3,0.0,14.4,22.4,20,958.9,48,-3.8,Kano
2018-02-02,29.8,12.9,21.4,0.0,13.1,22.32,20,959.0,18,-3.1,Kano
2018-02-03,32.9,13.3,23.2,0.0,11.5,22.27,20,958.9,10,-1.8,Kano
2018-02-04,32.8,15.8,23.8,0.0,11.1,22.54,19,957.9,33,-2.2,Kano
2018-02-05,34.0,15.8,24.2,0.0,12.8,22.77,18,957.4,21,-2.8,Kano
2018-02-06,35.2,16.6,25.4,0.0,11.1,23.13,17,957.0,6,-2.4,Kano
2018-02-07,35.0,15.0,24.7,0.0,12.6,23.4,17,956.9,0,-3.4,Kano
2018-02-08,35.0,15.6,24.9,0.0,12.8,22.69,18,956.3,12,-1.7,Kano
2018-02-09,36.1,17.2,26.2,0.0,10.6,22.76,18,955.9,26,-1.3,Kano
2018-02-10,35.8,17.5,26.7,0.0,9.8,22.95,14,955.0,26,-4.0,Kano
2018-02-11,35.2,17.4,26.7,0.0,12.2,22.64,18,956.0,1,-0.3,Kano
2018-02-12,33.2,19.0,25.8,0.0,12.9,22.59,16,958.3,52,-2.1,Kano
2018-02-13,31.8,18.5,24.9,0.0,13.6,22.48,17,959.6,60,-2.6,Kano
2018-02-14,33.3,17.9,25.3,0.0,12.8,22.67,18,959.5,32,-1.4,Kano
2018-02-15,33.5,18.7,25.7,0.0,12.3,22.78,20,959.5,52,0.8,Kano
2018-02-16,31.6,18.3,24.7,0.0,15.1,22.91,17,960.1,0,-2.7,Kano
2018-02-17,31.5,16.4,23.8,0.0,13.7,23.15,15,959.2,0,-4.3,Kano
2018-02-18,32.2,16.2,24.2,0.0,12.4,23.07,19,958.4,5,-1.5,Kano
2018-02-19,33.8,16.9,25.1,0.0,10.8,22.82,23,957.6,60,2.1,Kano
2018-02-20,35.9,17.2,26.5,0.0,9.8,23.12,24,956.2,42,3.3,Kano
2018-02-21,37.7,17.7,28.5,0.0,10.9,23.12,24,954.2,44,4.8,Kano
2018-02-22,35.9,25.1,29.1,1.8,20.5,18.82,47,955.3,70,16.0,Kano
2018-02-23,33.8,22.4,26.8,3.4,12.9,17.0,62,956.3,76,18.3,Kano
2018-02-24,35.9,22.9,28.9,0.0,12.1,20.44,48,956.7,62,15.4,Kano
2018-02-25,37.0,24.2,30.2,0.0,14.3,21.82,34,957.5,30,11.3,Kano
2018-02-26,37.7,23.1,30.2,0.0,14.0,22.93,27,957.3,25,7.8,Kano
2018-02-27,37.1,23.1,30.1,0.0,11.7,22.35,23,958.1,78,5.5,Kano
2018-02-28,36.7,22.7,29.3,0.0,15.0,21.1,14,959.2,93,-1.9,Kano
2018-03-01,35.0,18.3,26.8,0.0,11.0,24.04,13,959.3,47,-4.9,Kano
2018-03-02,35.2,16.3,26.4,0.0,13.3,24.3,14,959.3,44,-4.7,Kano
2018-03-03,35.5,17.2,26.8,0.0,15.8,23.97,18,958.3,0,-0.8,Kano
2018-03-04,36.1,21.4,27.9,0.0,12.8,24.1,17,957.8,0,-0.4,Kano
2018-03-05,36.7,18.9,28.0,0.0,10.0,24.42,15,956.8,0,-2.1,Kano
2018-03-06,36.9,19.7,28.3,0.0,11.3,24.4,15,957.0,0,-1.5,Kano
2018-03-07,38.2,20.6,29.1,0.0,12.1,24.02,13,957.5,17,-3.0,Kano
2018-03-08,39.0,20.7,30.0,0.0,13.9,24.18,15,957.6,4,-1.5,Kano
2018-03-09,38.1,20.8,29.9,0.0,13.8,24.33,11,957.9,30,-4.7,Kano
2018-03-10,37.4,18.4,28.2,0.0,13.8,24.84,11,957.9,2,-6.8,Kano
2018-03-11,37.4,18.6,28.0,0.0,13.0,24.96,13,957.7,2,-4.7,Kano
2018-03-12,37.4,18.2,27.3,0.0,12.3,24.93,14,958.7,2,-4.4,Kano
2018-03-13,37.4,20.9,28.7,0.0,11.5,24.78,11,958.8,0,-5.4,Kano
2018-03-14,37.2,20.5,28.4,0.0,11.8,24.75,12,958.2,1,-4.8,Kano
2018-03-15,37.5,19.0,27.8,0.0,11.3,25.06,13,957.0,15,-5.6,Kano
2018-03-16,36.5,18.7,27.3,0.0,11.7,25.32,10,956.4,75,-7.9,Kano
2018-03-17,37.5,19.1,27.8,0.0,11.5,24.97,11,956.3,56,-7.3,Kano
2018-03-18,37.6,20.4,28.0,0.0,12.8,25.04,12,955.3,30,-4.9,Kano
2018-03-19,37.7,18.4,27.7,0.0,12.0,25.3,14,955.6,39,-4.5,Kano
2018-03-20,37.7,19.4,28.1,0.0,13.1,25.24,12,955.7,50,-4.4,Kano
2018-03-21,38.1,20.4,29.1,0.0,12.7,24.79,15,956.6,5,-0.5,Kano
2018-03-22,37.8,24.0,30.8,0.0,15.6,21.9,32,956.7,59,11.5,Kano
2018-03-23,36.1,26.6,30.1,0.1,17.8,17.56,30,957.3,75,9.9,Kano
2018-03-24,34.3,21.1,28.0,0.0,14.0,23.89,10,957.7,35,-7.0,Kano
2018-03-25,34.3,18.9,26.7,0.0,15.3,24.45,8,958.1,33,-10.9,Kano
2018-03-26,36.9,21.0,28.3,0.0,11.5,24.41,9,958.1,59,-7.8,Kano
2018-03-27,38.6,21.5,30.1,0.0,11.3,24.5,11,957.8,48,-4.1,Kano
2018-03-28,37.3,21.6,29.8,0.0,15.9,24.52,7,957.0,86,-11.8,Kano
2018-03-29,34.3,20.8,27.4,0.0,15.7,25.0,10,958.8,32,-7.6,Kano
2018-03-30,35.8,21.2,28.1,0.0,17.1,24.17,13,958.4,38,-3.4,Kano
2018-03-31,36.8,21.6,29.0,0.0,15.6,24.93,14,957.4,58,-1.9,Kano
2018-04-01,37.5,21.7,29.7,0.0,16.3,24.91,12,956.3,69,-3.1,Kano
2018-04-02,38.4,22.8,30.4,0.0,13.7,24.83,11,955.0,71,-4.3,Kano
2018-04-03,37.2,20.4,29.2,0.0,12.2,24.81,10,955.2,86,-7.0,Kano
2018-04-04,37.0,19.7,28.2,0.0,12.8,26.21,8,956.3,26,-9.2,Kano
2018-04-05,37.9,20.2,29.2,0.0,12.8,24.59,10,955.6,68,-7.1,Kano
2018-04-06,38.0,22.8,29.9,0.0,12.8,25.37,11,954.9,29,-4.8,Kano
2018-04-07,38.2,22.6,30.1,0.0,12.2,25.32,10,955.6,40,-5.5,Kano
2018-04-08,37.6,20.8,30.1,0.0,13.2,25.64,10,957.0,0,-5.8,Kano
2018-04-09,38.0,22.5,30.2,0.0,13.3,25.56,9,957.4,28,-7.4,Kano
2018-04-10,37.6,19.6,29.1,0.0,10.6,25.6,13,957.7,86,-3.3,Kano
2018-04-11,37.4,22.2,29.7,0.0,12.3,25.04,27,956.8,30,5.7,Kano
2018-04-12,38.1,22.1,30.6,0.0,14.4,24.28,22,956.2,42,5.8,Kano
2018-04-13,38.1,24.0,31.4,0.0,17.8,23.07,32,957.1,25,12.0,Kano
2018-04-14,37.9,24.6,31.5,0.0,16.5,21.34,42,958.0,72,15.7,Kano
2018-04-15,38.2,27.2,32.2,0.0,17.7,22.9,35,958.7,90,12.9,Kano
2018-04-16,39.6,23.1,31.5,0.0,12.6,24.82,21,957.9,46,5.0,Kano
2018-04-17,40.5,24.4,32.7,0.0,13.7,25.12,16,957.8,49,2.2,Kano
2018-04-18,38.8,24.2,31.7,0.0,16.5,22.89,30,958.3,49,10.5,Kano
2018-04-19,39.0,25.7,32.4,0.0,15.8,21.7,30,958.0,75,11.1,Kano
2018-04-20,39.9,24.8,32.3,0.0,14.0,23.73,28,956.4,62,10.2,Kano
2018-04-21,39.2,25.8,32.1,0.0,16.9,24.5,32,956.6,53,11.6,Kano
2018-04-22,40.1,25.9,32.5,0.0,16.1,24.39,29,957.0,13,9.5,Kano
2018-04-23,40.7,24.4,32.0,0.0,18.8,25.07,25,956.5,34,6.3,Kano
2018-04-24,40.2,25.1,32.7,0.0,16.9,23.51,27,956.6,9,8.8,Kano
2018-04-25,39.7,25.2,32.5,0.0,15.9,23.56,38,957.3,54,14.6,Kano
2018-04-26,38.6,26.1,32.2,0.0,15.7,22.39,40,957.4,47,15.6,Kano
2018-04-27,38.9,25.7,32.4,0.0,15.1,22.76,39,957.4,54,15.2,Kano
2018-04-28,39.2,25.2,32.1,0.0,13.2,24.24,42,957.7,48,15.6,Kano
2018-04-29,39.9,25.4,32.9,0.0,14.5,24.07,34,957.2,55,13.3,Kano
2018-04-30,39.3,28.0,33.2,0.0,18.1,22.73,37,957.0,50,15.4,Kano
2018-05-01,39.1,27.3,33.1,0.0,19.4,22.56,36,956.9,22,15.2,Kano
2018-05-02,39.5,26.7,32.5,0.1,19.3,22.85,43,957.1,67,17.1,Kano
2018-05-03,38.5,26.3,31.2,0.2,20.3,22.09,52,956.3,66,19.1,Kano
2018-05-04,38.2,25.6,31.4,0.0,19.6,21.93,49,956.8,51,18.3,Kano
2018-05-05,39.2,26.0,31.9,0.0,20.3,22.74,45,957.1,52,16.8,Kano
2018-05-06,38.9,24.4,31.5,0.0,17.8,23.45,46,957.7,51,16.3,Kano
2018-05-07,39.6,26.6,32.6,0.0,19.1,23.72,37,957.7,52,14.6,Kano
2018-05-08,40.2,26.1,33.2,0.0,17.7,23.75,34,956.0,81,13.1,Kano
2018-05-09,38.9,25.9,32.4,0.0,19.4,22.94,40,955.9,40,15.8,Kano
2018-05-10,35.2,26.9,31.1,0.2,19.6,19.61,49,958.1,88,18.4,Kano
2018-05-11,37.5,24.3,30.7,0.1,16.0,21.54,48,958.7,84,17.6,Kano
2018-05-12,35.3,25.5,30.0,0.3,17.1,15.96,53,958.5,80,18.9,Kano
2018-05-13,36.4,23.2,28.9,0.0,16.7,16.7,57,958.3,86,18.4,Kano
2018-05-14,35.3,24.9,28.9,1.7,19.4,22.43,57,958.7,50,18.9,Kano
2018-05-15,38.4,21.3,28.5,18.2,17.1,19.74,59,958.9,75,17.7,Kano
2018-05-16,37.9,24.2,30.3,0.0,14.5,23.45,49,957.6,15,17.3,Kano
2018-05-17,37.7,25.0,30.8,0.0,15.0,23.02,52,957.4,50,18.4,Kano
2018-05-18,37.2,23.0,29.8,0.0,14.7,23.68,55,957.9,46,18.6,Kano
2018-05-19,37.8,24.8,30.9,0.1,13.2,22.59,50,957.3,11,17.9,Kano
2018-05-20,38.6,26.4,31.6,0.0,18.7,23.73,46,956.2,11,17.3,Kano
2018-05-21,37.5,26.3,31.3,0.0,21.8,23.58,51,956.6,51,19.0,Kano
2018-05-22,36.9,25.8,31.1,0.0,16.3,23.45,53,958.0,17,19.7,Kano
2018-05-23,38.6,24.5,31.1,0.0,15.7,23.1,49,958.5,17,17.6,Kano
2018-05-24,39.4,24.8,31.9,0.0,17.1,23.68,37,956.9,40,14.6,Kano
2018-05-25,37.4,26.1,30.9,0.0,22.1,22.98,50,956.2,61,18.9,Kano
2018-05-26,36.0,24.8,29.8,0.5,14.1,22.56,57,957.8,76,19.8,Kano
2018-05-27,37.0,25.5,30.5,0.2,14.8,22.05,52,959.4,60,18.9,Kano
2018-05-28,37.3,25.7,31.1,0.0,17.6,23.28,47,958.9,25,17.6,Kano
2018-05-29,36.5,24.8,30.7,0.1,16.9,20.87,51,958.6,81,18.2,Kano
2018-05-30,35.5,25.0,30.4,0.1,15.0,21.91,51,959.1,48,18.6,Kano
2018-05-31,35.7,26.2,29.5,1.9,13.2,19.46,59,959.6,41,20.4,Kano
2018-06-01,36.9,24.0,30.1,0.0,10.7,21.99,52,959.0,54,17.3,Kano
2018-06-02,37.2,24.2,30.7,0.0,15.2,23.31,44,959.2,37,16.3,Kano
2018-06-03,34.0,25.6,29.6,0.4,12.9,17.41,54,960.6,68,18.5,Kano
2018-06-04,37.5,25.1,31.2,0.0,14.6,23.24,45,959.4,22,17.1,Kano
2018-06-05,37.6,25.7,31.3,0.0,21.2,23.06,52,958.2,69,19.4,Kano
2018-06-06,36.6,24.5,30.3,0.0,16.4,22.97,57,958.7,68,19.8,Kano
2018-06-07,38.0,24.6,30.7,0.0,19.0,23.0,54,959.8,25,18.5,Kano
2018-06-08,38.3,24.9,31.0,0.0,16.4,23.57,49,959.0,7,17.2,Kano
2018-06-09,37.0,26.3,31.1,0.0,18.4,23.04,53,958.9,11,19.4,Kano
2018-06-10,35.5,24.4,28.7,1.2,21.4,22.28,66,960.0,28,21.1,Kano
2018-06-11,33.7,25.4,28.7,0.4,13.8,14.59,62,961.1,69,20.2,Kano
2018-06-12,36.6,25.0,30.4,0.0,15.0,22.17,55,960.9,58,19.2,Kano
2018-06-13,37.4,25.0,31.3,0.0,14.5,23.34,51,959.8,14,19.0,Kano
2018-06-14,35.8,26.2,30.7,0.0,19.9,22.88,56,959.7,65,20.7,Kano
2018-06-15,37.6,25.2,31.4,0.4,15.8,23.76,56,959.4,26,20.7,Kano
2018-06-16,37.7,25.1,30.8,4.3,23.7,23.21,58,959.5,37,20.6,Kano
2018-06-17,32.9,23.8,28.2,0.0,17.0,23.46,71,960.0,83,21.9,Kano
2018-06-18,33.3,24.9,28.8,0.0,17.3,22.52,65,959.3,69,21.1,Kano
2018-06-19,31.9,22.8,27.7,3.0,27.6,17.99,66,958.9,67,20.5,Kano
2018-06-20,30.6,22.5,25.3,5.3,22.4,10.26,79,959.8,97,21.1,Kano
2018-06-21,26.8,22.0,24.0,4.2,14.3,11.28,81,961.5,82,20.3,Kano
2018-06-22,30.8,22.3,25.5,5.0,10.8,20.68,78,961.5,50,21.0,Kano
2018-06-23,28.6,21.8,24.4,9.9,10.6,15.33,85,960.9,77,21.5,Kano
2018-06-24,30.1,21.2,25.2,0.1,10.0,18.85,78,960.8,65,20.8,Kano
2018-06-25,32.6,22.0,27.1,0.0,8.0,23.78,70,959.5,26,20.7,Kano
2018-06-26,33.1,23.1,28.1,0.0,9.7,23.35,69,958.8,27,21.3,Kano
2018-06-27,33.2,24.1,27.8,0.5,15.2,22.27,70,958.7,55,21.5,Kano
2018-06-28,32.7,22.8,26.9,0.2,12.1,22.36,74,959.6,59,21.4,Kano
2018-06-29,31.0,22.4,26.1,2.8,12.0,20.24,78,958.9,90,21.7,Kano
2018-06-30,28.3,22.1,24.6,0.0,13.5,12.31,81,958.0,89,20.9,Kano
2018-07-01,30.9,21.5,24.9,9.4,15.3,20.2,82,958.9,85,21.3,Kano
2018-07-02,27.9,21.8,24.5,1.2,12.7,14.74,82,959.3,87,20.9,Kano
2018-07-03,31.3,22.0,26.3,0.0,9.1,22.47,73,959.1,41,20.7,Kano
2018-07-04,31.4,22.7,26.5,0.4,10.7,22.3,77,960.1,33,21.9,Kano
2018-07-05,31.1,21.7,26.3,6.8,12.4,21.61,77,960.7,78,21.6,Kano
2018-07-06,31.8,22.3,26.5,6.2,17.7,22.29,77,960.7,63,21.7,Kano
2018-07-07,32.2,22.4,26.4,11.2,11.2,22.67,75,961.0,83,21.2,Kano
2018-07-08,30.3,22.5,26.0,1.9,13.1,15.26,78,961.0,90,21.6,Kano
2018-07-09,32.1,22.7,27.2,0.0,14.7,23.6,71,960.6,51,21.0,Kano
2018-07-10,31.8,22.7,26.1,10.0,14.4,21.89,79,961.4,71,21.8,Kano
2018-07-11,30.4,22.5,25.6,5.8,9.3,21.11,83,961.7,67,22.3,Kano
2018-07-12,29.2,23.0,25.5,0.0,11.8,16.18,79,961.4,81,21.3,Kano
2018-07-13,32.0,22.4,26.7,3.8,14.8,23.55,75,960.5,52,21.4,Kano
2018-07-14,30.2,22.9,26.1,0.5,15.3,20.05,76,959.9,89,21.4,Kano
2018-07-15,30.9,22.8,25.4,19.2,11.8,19.48,82,960.0,61,21.9,Kano
2018-07-16,30.1,21.9,25.3,2.7,14.1,21.45,83,961.2,68,21.9,Kano
2018-07-17,29.1,22.6,25.5,0.3,16.0,17.4,78,961.0,76,21.1,Kano
2018-07-18,30.4,22.2,26.0,0.4,17.3,21.47,75,961.4,63,20.9,Kano
2018-07-19,31.3,22.3,26.5,0.2,11.2,22.2,76,960.2,58,21.7,Kano
2018-07-20,30.5,22.6,26.3,1.0,12.1,22.36,76,959.3,36,21.5,Kano
2018-07-21,30.5,22.0,26.1,0.5,12.0,21.66,76,960.5,49,21.2,Kano
2018-07-22,30.8,22.5,26.6,0.0,11.8,21.52,74,960.8,86,21.3,Kano
2018-07-23,32.0,23.3,27.7,0.0,10.7,22.36,72,959.9,51,21.8,Kano
2018-07-24,31.4,23.7,26.6,1.2,17.7,17.95,75,959.8,97,21.7,Kano
2018-07-25,30.5,23.7,26.4,0.5,18.1,22.86,72,960.6,76,20.6,Kano
2018-07-26,32.3,22.5,26.1,4.1,15.3,22.17,74,961.7,69,20.9,Kano
2018-07-27,31.0,22.2,26.2,5.3,18.7,21.32,74,961.5,53,20.7,Kano
2018-07-28,30.3,22.9,25.7,2.8,14.0,14.18,76,960.6,65,20.9,Kano
2018-07-29,29.3,22.8,25.7,0.6,12.8,18.36,76,960.6,56,21.0,Kano
2018-07-30,29.2,22.3,25.4,0.0,19.1,18.03,74,960.7,63,20.3,Kano
2018-07-31,30.1,21.4,25.4,0.2,17.7,19.94,75,960.4,59,20.3,Kano
2018-08-01,27.1,22.1,24.2,3.5,16.3,10.48,80,959.7,90,20.4,Kano
2018-08-02,29.8,21.4,24.6,38.5,16.7,19.79,81,959.7,86,20.9,Kano
2018-08-03,29.6,21.6,24.8,5.4,13.5,20.1,81,960.5,74,21.1,Kano
2018-08-04,30.3,21.7,25.7,3.5,10.5,22.64,77,961.6,62,21.1,Kano
2018-08-05,30.0,22.7,24.8,11.7,15.0,16.09,82,960.9,95,21.4,Kano
2018-08-06,27.9,20.9,24.1,8.4,14.1,12.91,83,960.9,91,20.8,Kano
2018-08-07,28.6,21.2,24.0,1.1,17.9,17.01,80,961.6,63,20.1,Kano
2018-08-08,30.0,20.9,25.1,0.3,10.9,22.24,79,961.7,77,20.8,Kano
2018-08-09,27.7,22.8,24.8,3.6,9.4,13.96,83,961.3,93,21.7,Kano
2018-08-10,30.2,22.2,25.8,0.2,10.0,20.03,75,961.4,70,20.7,Kano
2018-08-11,31.1,21.6,26.5,0.3,8.0,22.81,73,961.5,45,20.8,Kano
2018-08-12,31.0,22.4,25.7,9.7,13.7,21.18,81,960.4,74,21.9,Kano
2018-08-13,28.4,22.0,24.8,0.6,17.1,16.65,83,960.1,91,21.5,Kano
2018-08-14,29.7,21.3,24.9,0.2,15.5,16.2,80,961.5,80,20.9,Kano
2018-08-15,30.9,21.9,25.7,1.4,11.1,21.96,81,961.5,48,21.7,Kano
2018-08-16,31.1,22.6,26.0,5.4,13.6,21.33,80,961.2,59,22.0,Kano
2018-08-17,27.7,21.7,24.2,7.6,15.3,18.05,84,960.8,85,21.3,Kano
2018-08-18,29.2,20.8,24.6,0.1,9.7,21.66,81,960.2,56,21.0,Kano
2018-08-19,29.8,21.1,25.0,5.1,13.0,20.9,82,960.6,68,21.5,Kano
2018-08-20,30.2,22.3,25.1,1.9,13.0,20.47,83,959.7,66,21.9,Kano
2018-08-21,30.4,22.2,26.0,0.0,14.3,22.89,78,959.7,71,21.5,Kano
2018-08-22,28.6,21.6,24.6,4.0,14.3,14.53,81,960.8,83,20.9,Kano
2018-08-23,28.3,21.7,24.1,14.0,13.2,14.43,86,960.1,92,21.4,Kano
2018-08-24,28.2,20.7,23.3,30.7,12.8,16.37,89,959.2,92,21.3,Kano
2018-08-25,27.2,21.7,23.5,16.9,15.4,10.24,86,960.3,98,21.0,Kano
2018-08-26,28.6,21.9,24.7,0.3,8.7,17.15,79,962.0,79,20.5,Kano
2018-08-27,28.6,22.3,24.5,7.5,9.1,16.25,84,961.0,70,21.5,Kano
2018-08-28,30.5,20.6,24.9,0.0,9.6,21.29,81,960.3,86,21.1,Kano
2018-08-29,30.3,23.0,25.9,3.7,11.5,20.77,78,959.1,64,21.6,Kano
2018-08-30,29.2,21.7,24.5,5.9,10.9,19.08,86,958.3,87,21.9,Kano
2018-08-31,27.2,21.5,23.6,9.0,11.4,13.07,88,958.5,84,21.4,Kano
2018-09-01,29.1,21.1,24.7,0.4,11.7,20.97,83,959.9,66,21.3,Kano
2018-09-02,23.9,21.1,22.3,31.9,11.0,5.89,93,960.0,97,21.2,Kano
2018-09-03,28.2,20.6,24.1,3.9,8.2,14.67,84,958.9,97,21.1,Kano
2018-09-04,30.9,21.2,25.3,0.0,7.6,21.96,81,958.8,45,21.6,Kano
2018-09-05,30.7,21.9,25.6,4.0,10.4,23.61,81,959.3,47,21.8,Kano
2018-09-06,30.3,20.9,24.8,6.3,12.9,18.48,82,958.4,95,21.3,Kano
2018-09-07,27.4,21.3,23.4,7.7,12.1,13.06,88,958.9,94,21.1,Kano
2018-09-08,29.1,21.2,24.8,0.6,8.1,20.85,81,959.6,76,21.1,Kano
2018-09-09,27.5,21.4,23.8,33.4,7.1,15.75,86,960.7,90,21.3,Kano
2018-09-10,28.7,20.8,23.7,7.0,12.0,15.88,88,961.5,75,21.5,Kano
2018-09-11,30.6,20.6,24.9,0.0,7.3,22.94,81,961.3,76,20.9,Kano
2018-09-12,31.9,20.4,25.9,0.0,8.3,24.58,75,960.0,13,20.6,Kano
2018-09-13,31.0,21.7,25.1,6.2,16.2,20.8,83,958.8,66,21.9,Kano
2018-09-14,30.4,21.5,25.0,7.0,11.0,20.49,82,959.4,65,21.4,Kano
2018-09-15,29.7,21.0,25.1,1.0,8.5,21.34,81,960.5,59,21.1,Kano
2018-09-16,30.9,22.0,26.1,0.6,9.5,22.86,81,960.3,56,22.2,Kano
2018-09-17,31.7,22.5,26.5,0.1,10.2,23.26,79,958.8,61,22.2,Kano
2018-09-18,31.4,21.9,26.4,0.0,9.3,23.15,79,958.8,45,22.1,Kano
2018-09-19,31.5,22.7,26.5,0.0,10.2,23.05,78,959.5,10,22.0,Kano
2018-09-20,32.9,21.7,27.1,0.0,9.1,23.77,72,958.7,19,20.9,Kano
2018-09-21,33.1,22.5,27.5,0.0,7.9,17.55,69,957.9,51,20.8,Kano
2018-09-22,32.2,23.7,27.0,0.2,8.1,21.47,75,958.4,62,21.7,Kano
2018-09-23,31.3,22.0,26.4,0.1,11.6,22.39,78,959.3,47,21.9,Kano
2018-09-24,32.4,21.8,25.9,1.5,12.6,22.76,81,959.2,32,22.0,Kano
2018-09-25,32.2,22.1,26.4,0.0,8.0,22.12,76,959.4,62,21.3,Kano
2018-09-26,32.8,22.1,26.7,0.2,9.8,22.1,74,958.8,59,21.3,Kano
2018-09-27,32.0,21.7,26.7,0.0,14.3,22.29,76,958.4,80,21.7,Kano
2018-09-28,32.1,22.4,27.0,0.3,12.3,22.42,76,958.5,73,22.0,Kano
2018-09-29,33.0,22.4,27.3,0.8,15.5,22.73,72,958.7,35,21.3,Kano
2018-09-30,34.0,22.5,27.6,0.9,11.6,22.2,71,958.5,58,21.3,Kano
2018-10-01,31.8,23.1,27.2,0.0,15.0,21.73,73,958.3,84,21.6,Kano
2018-10-02,32.4,22.1,26.9,0.3,10.7,22.18,74,959.1,17,21.6,Kano
2018-10-03,32.4,22.5,27.1,1.5,8.5,21.15,74,959.1,46,21.5,Kano
2018-10-04,33.4,22.6,27.6,1.0,15.5,22.21,66,958.3,30,20.2,Kano
2018-10-05,31.7,22.6,26.7,0.1,12.3,20.36,75,959.7,80,21.5,Kano
2018-10-06,33.4,22.8,27.7,1.1,10.7,22.05,70,960.4,80,21.1,Kano
2018-10-07,34.2,22.2,27.5,0.0,16.1,22.14,68,959.5,93,20.4,Kano
2018-10-08,34.1,22.5,27.5,0.1,12.2,21.71,72,958.1,46,21.4,Kano
2018-10-09,34.0,23.2,28.1,0.0,11.2,22.15,65,957.9,41,20.3,Kano
2018-10-10,34.5,22.6,27.9,0.0,14.8,21.58,66,958.2,62,20.0,Kano
2018-10-11,33.4,22.0,27.2,0.0,10.7,20.01,67,959.4,77,19.7,Kano
2018-10-12,34.8,21.9,28.1,0.0,12.1,21.79,57,959.0,28,17.5,Kano
2018-10-13,33.4,22.6,27.9,0.0,13.4,20.07,64,959.3,85,20.0,Kano
2018-10-14,34.0,22.5,27.8,0.6,19.6,20.94,63,959.1,50,19.5,Kano
2018-10-15,33.8,21.7,27.4,0.1,8.2,20.82,64,959.9,66,19.5,Kano
2018-10-16,34.3,21.8,27.9,0.0,17.0,21.14,59,960.1,53,18.2,Kano
2018-10-17,35.0,20.1,27.3,0.0,10.5,23.08,50,958.6,42,14.6,Kano
2018-10-18,34.5,20.5,26.9,0.0,10.5,22.69,57,958.0,25,16.7,Kano
2018-10-19,34.6,19.9,26.8,0.0,12.4,22.71,52,957.5,8,15.0,Kano
2018-10-20,34.9,18.3,26.5,0.0,13.4,23.75,37,957.5,2,9.5,Kano
2018-10-21,35.4,18.6,26.6,0.0,13.2,23.73,34,957.1,0,8.6,Kano
2018-10-22,36.1,19.6,27.1,0.0,12.8,23.51,33,957.4,29,8.3,Kano
2018-10-23,36.0,17.3,26.8,0.0,12.9,23.45,34,958.0,58,8.3,Kano
2018-10-24,35.7,17.9,26.6,0.0,12.4,23.11,42,957.8,41,11.2,Kano
2018-10-25,34.4,20.5,27.0,0.0,11.8,21.26,54,958.1,68,16.1,Kano
2018-10-26,34.0,21.6,27.9,0.0,10.0,20.53,58,959.3,59,18.2,Kano
2018-10-27,34.8,22.8,28.5,0.0,14.5,20.49,58,960.5,87,18.7,Kano
2018-10-28,35.9,24.0,29.8,0.0,19.1,21.01,47,959.5,51,16.2,Kano
2018-10-29,35.0,24.0,29.3,0.0,11.7,19.22,49,960.0,92,16.9,Kano
2018-10-30,36.0,21.7,28.4,0.0,19.2,22.54,45,959.2,25,11.9,Kano
2018-10-31,34.7,21.6,27.4,0.0,18.0,22.98,25,958.1,30,5.3,Kano
2018-11-01,34.1,17.9,25.6,0.0,12.4,23.11,31,957.6,10,5.7,Kano
2018-11-02,33.2,15.9,24.3,0.0,11.3,23.01,31,958.4,74,5.2,Kano
2018-11-03,34.0,15.0,24.6,0.0,11.5,22.53,37,957.8,72,7.3,Kano
2018-11-04,34.6,18.8,26.3,0.0,11.3,21.61,32,958.1,83,7.2,Kano
2018-11-05,33.7,19.6,25.8,0.0,12.1,21.61,33,957.9,77,7.5,Kano
2018-11-06,34.7,18.4,26.2,0.0,12.4,21.98,29,957.9,82,6.2,Kano
2018-11-07,33.9,18.3,25.9,0.0,13.0,22.02,29,959.4,70,5.7,Kano
2018-11-08,33.0,18.8,25.1,0.0,12.1,22.24,25,960.7,25,3.0,Kano
2018-11-09,32.7,18.0,24.7,0.0,13.3,22.29,25,959.9,40,2.9,Kano
2018-11-10,33.0,17.0,24.6,0.0,14.8,22.02,28,959.0,70,4.3,Kano
2018-11-11,32.3,17.5,24.2,0.0,11.6,22.22,31,958.7,5,5.4,Kano
2018-11-12,32.5,17.2,24.3,0.0,13.2,21.98,31,958.3,13,5.2,Kano
2018-11-13,33.1,17.9,24.9,0.0,11.9,21.88,30,958.4,21,5.5,Kano
2018-11-14,32.4,18.0,24.7,0.0,13.0,21.87,28,958.5,74,4.2,Kano
2018-11-15,30.8,17.1,23.1,0.0,11.9,20.31,31,959.2,73,4.5,Kano
2018-11-16,31.2,15.9,22.9,0.0,10.8,21.68,34,960.0,24,5.6,Kano
2018-11-17,32.0,17.4,24.0,0.0,10.4,21.37,36,960.4,66,7.3,Kano
2018-11-18,32.7,16.5,24.6,0.0,10.5,21.33,37,959.7,12,7.9,Kano
2018-11-19,32.9,18.2,24.9,0.0,10.4,21.06,34,959.3,46,7.3,Kano
2018-11-20,33.4,17.4,25.2,0.0,10.1,21.28,35,960.1,21,7.5,Kano
2018-11-21,32.1,16.4,23.9,0.0,13.5,21.63,27,960.1,28,3.0,Kano
2018-11-22,31.6,16.8,23.1,0.0,14.3,21.51,26,959.5,83,1.9,Kano
2018-11-23,32.0,16.8,23.1,0.0,10.7,20.37,27,959.4,90,2.1,Kano
2018-11-24,31.8,16.5,23.4,0.0,12.7,21.48,25,960.2,30,1.4,Kano
2018-11-25,31.0,16.7,23.1,0.0,13.5,21.35,31,960.1,0,4.7,Kano
2018-11-26,30.9,15.5,22.5,0.0,11.9,21.42,34,959.3,5,5.4,Kano
2018-11-27,31.2,15.6,22.7,0.0,10.0,21.09,32,959.3,32,4.2,Kano
2018-11-28,31.0,16.5,23.1,0.0,12.0,20.84,30,959.3,24,4.2,Kano
2018-11-29,30.6,16.3,22.9,0.0,13.5,20.85,28,959.2,20,2.8,Kano
2018-11-30,29.8,15.8,22.1,0.0,12.8,20.81,30,959.2,26,3.2,Kano
2018-12-01,30.1,15.7,22.2,0.0,11.3,20.65,32,959.6,54,4.0,Kano
2018-12-02,29.8,16.1,22.3,0.0,10.7,18.66,34,959.5,71,5.0,Kano
2018-12-03,29.4,16.4,22.4,0.0,13.5,19.81,32,959.3,9,4.1,Kano
2018-12-04,29.0,16.7,22.3,0.0,16.6,20.52,26,959.7,10,1.3,Kano
2018-12-05,29.1,16.2,22.2,0.0,17.6,20.04,25,960.4,21,1.2,Kano
2018-12-06,28.4,16.4,22.0,0.0,17.6,20.45,27,961.0,0,1.7,Kano
2018-12-07,28.2,15.9,21.2,0.0,14.4,20.46,31,960.9,37,3.1,Kano
2018-12-08,29.1,14.7,21.4,0.0,10.6,20.45,33,961.7,36,4.0,Kano
2018-12-09,28.1,14.8,21.0,0.0,13.5,20.46,35,963.4,12,4.3,Kano
2018-12-10,27.9,15.4,20.9,0.0,13.0,20.12,34,963.7,7,3.9,Kano
2018-12-11,28.2,15.2,21.2,0.0,13.5,19.95,33,962.9,14,3.6,Kano
2018-12-12,28.1,14.7,21.0,0.0,13.8,20.17,27,963.2,23,1.0,Kano
2018-12-13,28.9,14.8,21.3,0.0,11.2,20.22,27,963.2,0,1.4,Kano
2018-12-14,30.2,14.9,21.8,0.0,11.6,20.45,29,962.7,0,2.3,Kano
2018-12-15,31.3,14.7,22.3,0.0,10.8,20.57,30,962.5,0,3.1,Kano
2018-12-16,29.7,15.2,21.9,0.0,15.6,20.53,29,962.7,0,1.9,Kano
2018-12-17,27.0,14.8,20.5,0.0,15.5,20.56,23,963.8,0,-2.0,Kano
2018-12-18,27.3,14.0,20.1,0.0,15.1,20.44,25,963.4,48,-1.0,Kano
2018-12-19,26.9,13.6,19.7,0.0,15.0,20.52,25,962.9,9,-1.2,Kano
2018-12-20,26.9,13.5,19.5,0.0,14.0,20.5,29,962.4,49,0.7,Kano
2018-12-21,26.3,13.6,19.5,0.0,15.9,20.27,33,962.5,58,2.3,Kano
2018-12-22,25.9,13.1,18.9,0.0,15.0,20.69,29,961.4,17,-0.1,Kano
2018-12-23,25.5,12.0,18.3,0.0,14.2,20.72,28,961.2,1,-1.0,Kano
2018-12-24,26.2,12.7,18.8,0.0,15.0,20.66,30,961.4,0,0.5,Kano
2018-12-25,26.1,12.4,18.8,0.0,13.2,20.47,31,961.3,0,1.1,Kano
2018-12-26,26.3,12.5,18.9,0.0,13.2,20.41,32,961.7,36,1.3,Kano
2018-12-27,26.9,12.8,19.4,0.0,13.8,19.94,29,961.3,76,0.2,Kano
2018-12-28,27.3,13.7,20.1,0.0,12.4,18.54,28,961.3,87,0.7,Kano
2018-12-29,27.7,14.1,20.5,0.0,14.3,20.1,29,961.2,36,1.4,Kano
2018-12-30,27.4,13.8,20.2,0.0,13.9,19.64,29,961.7,50,1.0,Kano
2018-12-31,28.0,14.0,20.6,0.0,14.5,19.99,26,962.7,15,0.0,Kano
2019-01-01,27.3,13.7,20.1,0.0,14.5,20.29,25,964.2,0,-0.9,Kano
2019-01-02,25.9,13.6,19.3,0.0,16.8,20.41,24,964.0,79,-2.3,Kano
2019-01-03,26.7,12.4,19.2,0.0,12.3,20.18,29,962.3,69,0.2,Kano
2019-01-04,27.5,13.5,20.0,0.0,12.5,20.2,30,962.4,25,1.1,Kano
2019-01-05,27.2,14.2,20.2,0.0,14.8,20.09,26,963.1,35,-0.6,Kano
2019-01-06,25.7,13.2,19.2,0.0,16.0,20.38,19,963.4,42,-5.0,Kano
2019-01-07,24.2,12.5,18.0,0.0,13.9,18.77,25,963.0,73,-2.8,Kano
2019-01-08,25.2,12.0,18.2,0.0,14.8,19.97,24,962.2,70,-3.0,Kano
2019-01-09,26.3,12.4,18.8,0.0,13.2,20.57,22,960.9,12,-3.7,Kano
2019-01-10,29.2,12.2,20.3,0.0,9.7,20.57,23,960.1,10,-2.1,Kano
2019-01-11,31.2,13.6,21.8,0.0,9.8,20.58,25,959.8,42,-0.3,Kano
2019-01-12,31.7,14.6,23.2,0.0,11.8,20.57,21,959.6,46,-1.1,Kano
2019-01-13,29.3,15.7,22.4,0.0,15.1,20.65,17,960.7,39,-4.6,Kano
2019-01-14,27.3,13.3,20.1,0.0,12.5,20.76,19,961.8,28,-5.0,Kano
2019-01-15,27.1,12.0,19.2,0.0,10.7,20.92,21,961.7,40,-4.5,Kano
2019-01-16,27.2,11.7,19.1,0.0,12.0,21.27,17,961.6,36,-6.8,Kano
2019-01-17,28.9,12.3,20.1,0.0,11.2,21.2,18,960.9,1,-5.9,Kano
2019-01-18,31.5,13.4,22.1,0.0,10.1,21.04,21,960.4,45,-2.3,Kano
2019-01-19,33.0,13.8,23.5,0.0,10.5,21.03,24,960.2,45,0.5,Kano
2019-01-20,33.4,15.0,24.0,0.0,10.0,20.44,30,960.3,33,4.4,Kano
2019-01-21,33.8,16.4,25.1,0.0,9.8,20.96,30,960.2,0,5.3,Kano
2019-01-22,33.1,15.9,24.3,0.0,10.0,21.15,28,959.6,12,3.3,Kano
2019-01-23,34.3,14.8,25.0,0.0,11.4,21.12,33,958.4,8,6.3,Kano
2019-01-24,33.2,15.8,24.8,0.0,10.1,21.23,23,958.5,0,1.1,Kano
2019-01-25,34.1,15.2,24.7,0.0,10.2,21.39,25,959.0,0,1.6,Kano
2019-01-26,33.5,15.1,24.5,0.0,10.7,21.46,22,959.5,0,0.4,Kano
2019-01-27,31.2,14.6,23.3,0.0,13.0,21.58,15,960.0,11,-5.9,Kano
2019-01-28,29.2,14.8,21.9,0.0,14.8,20.78,19,959.9,68,-3.1,Kano
2019-01-29,29.8,14.7,22.0,0.0,12.6,21.4,22,960.0,21,-1.9,Kano
2019-01-30,29.6,15.5,22.1,0.0,13.3,21.58,19,960.2,0,-3.0,Kano
2019-01-31,30.6,15.0,22.5,0.0,10.5,21.74,16,960.5,0,-5.0,Kano
2019-02-01,31.6,14.7,22.8,0.0,9.5,21.47,18,960.0,54,-3.5,Kano
2019-02-02,32.2,15.5,23.5,0.0,11.3,21.87,19,959.0,66,-2.2,Kano
2019-02-03,32.9,15.5,24.2,0.0,11.5,22.19,23,958.2,11,0.5,Kano
2019-02-04,33.5,16.2,24.0,0.0,11.2,22.45,22,958.3,27,-0.6,Kano
2019-02-05,32.1,15.2,23.9,0.0,14.8,22.06,24,959.5,56,0.7,Kano
2019-02-06,25.6,15.3,20.0,0.0,14.6,21.75,16,961.3,47,-6.8,Kano
2019-02-07,25.7,11.6,18.3,0.0,13.9,23.04,17,960.4,3,-7.9,Kano
2019-02-08,26.9,11.8,19.0,0.0,14.2,22.76,20,960.7,11,-5.4,Kano
2019-02-09,27.5,13.6,20.3,0.0,16.3,22.66,21,961.2,8,-3.3,Kano
2019-02-10,28.0,14.6,21.0,0.0,19.7,22.64,23,961.6,1,-1.1,Kano
2019-02-11,28.6,15.0,21.4,0.0,17.7,22.84,21,960.8,23,-2.2,Kano
2019-02-12,28.4,14.7,21.2,0.0,14.0,22.47,22,960.8,69,-2.1,Kano
2019-02-13,29.1,15.3,22.1,0.0,16.1,22.9,16,962.1,58,-5.1,Kano
2019-02-14,27.0,15.6,21.1,0.0,17.5,23.12,15,964.0,6,-6.9,Kano
2019-02-15,26.5,13.2,19.8,0.0,16.4,23.14,16,964.7,0,-6.6,Kano
2019-02-16,27.3,12.9,19.9,0.0,16.1,23.27,19,963.4,26,-4.8,Kano
2019-02-17,28.1,12.9,20.2,0.0,13.7,23.22,19,962.5,20,-4.2,Kano
2019-02-18,29.7,14.1,21.5,0.0,12.1,23.19,20,960.9,13,-2.6,Kano
2019-02-19,31.2,14.9,22.8,0.0,12.3,22.67,19,959.1,29,-2.5,Kano
2019-02-20,33.0,15.0,24.0,0.0,13.0,23.09,19,959.2,67,-1.7,Kano
2019-02-21,34.3,18.6,25.9,0.0,11.2,22.63,19,960.2,68,-0.2,Kano
2019-02-22,35.7,18.5,26.7,0.0,11.4,22.25,22,958.9,60,1.9,Kano
2019-02-23,36.3,17.6,27.3,0.0,14.8,23.05,25,956.9,59,4.4,Kano
2019-02-24,34.0,15.8,25.4,0.0,11.4,23.73,18,956.5,1,-3.0,Kano
2019-02-25,32.9,16.8,24.7,0.0,11.2,22.86,16,957.2,14,-3.5,Kano
2019-02-26,28.6,20.0,24.4,0.0,12.9,9.93,34,959.2,86,5.8,Kano
2019-02-27,32.4,20.8,26.0,0.0,11.8,18.94,49,959.8,82,13.0,Kano
2019-02-28,34.7,22.3,27.6,0.0,12.3,14.66,47,959.5,80,14.8,Kano
2019-03-01,34.4,23.5,28.4,0.1,14.0,16.35,46,960.4,89,14.6,Kano
2019-03-02,34.2,22.8,28.2,0.0,13.0,21.74,12,960.7,48,-4.2,Kano
2019-03-03,34.5,18.8,26.7,0.0,11.9,23.39,13,960.4,44,-4.7,Kano
2019-03-04,34.3,20.4,27.1,0.0,13.4,23.07,12,959.9,91,-5.1,Kano
2019-03-05,34.7,20.4,27.2,0.0,12.6,23.36,13,960.0,28,-4.4,Kano
2019-03-06,35.0,20.0,27.4,0.0,11.4,23.39,15,960.2,76,-2.1,Kano
2019-03-07,34.5,20.5,27.4,0.0,11.9,23.09,15,960.2,83,-2.3,Kano
2019-03-08,35.3,19.6,27.1,0.0,11.5,23.54,16,958.9,75,-1.0,Kano
2019-03-09,35.9,19.5,28.1,0.0,10.8,22.92,19,958.6,76,1.5,Kano
2019-03-10,36.3,20.4,28.5,0.0,9.7,23.12,16,959.4,77,-0.9,Kano
2019-03-11,36.4,20.1,28.2,0.0,11.9,24.11,15,959.2,30,-1.6,Kano
2019-03-12,36.1,19.5,27.7,0.0,12.6,24.28,14,958.3,45,-3.0,Kano
2019-03-13,36.1,19.8,27.6,0.0,11.8,24.53,15,957.8,20,-2.5,Kano
2019-03-14,36.2,20.5,28.2,0.0,14.8,24.22,12,957.7,43,-4.9,Kano
2019-03-15,35.0,22.4,28.4,0.0,16.9,22.07,15,958.9,54,-1.0,Kano
2019-03-16,35.6,22.0,28.7,0.0,16.9,23.82,14,959.7,83,-1.9,Kano
2019-03-17,35.0,21.2,28.1,0.0,16.0,23.63,13,959.5,48,-3.4,Kano
2019-03-18,35.7,22.5,28.7,0.0,16.0,23.43,12,958.8,24,-4.1,Kano
2019-03-19,37.4,21.7,29.2,0.0,14.4,24.42,15,957.1,10,-1.1,Kano
2019-03-20,38.3,23.4,30.2,0.0,10.5,24.24,17,955.7,71,2.1,Kano
2019-03-21,38.5,22.2,31.0,0.0,15.8,21.68,27,955.0,57,9.1,Kano
2019-03-22,38.9,22.7,30.9,0.0,10.9,24.13,28,955.5,62,8.1,Kano
2019-03-23,37.6,22.0,30.0,0.0,12.5,23.7,17,956.4,60,1.5,Kano
2019-03-24,37.5,22.4,29.5,0.0,13.0,24.07,14,957.4,52,-1.8,Kano
2019-03-25,35.9,22.0,28.6,0.0,15.0,24.65,12,958.8,18,-3.6,Kano
2019-03-26,35.5,21.4,28.5,0.0,16.7,24.23,15,959.9,46,-1.1,Kano
2019-03-27,36.6,21.7,29.0,0.0,14.9,24.55,16,960.7,29,0.0,Kano
2019-03-28,37.2,22.8,29.7,0.0,17.6,24.78,15,960.2,52,-0.4,Kano
2019-03-29,38.5,22.6,30.3,0.0,13.2,24.8,14,958.9,13,-0.6,Kano
2019-03-30,38.7,22.6,30.5,0.0,14.3,25.04,14,957.8,8,-1.1,Kano
2019-03-31,37.2,24.0,30.3,0.0,16.9,24.77,18,958.2,35,2.6,Kano
2019-04-01,37.6,23.1,30.1,0.0,13.6,24.29,14,957.7,29,-0.2,Kano
2019-04-02,38.1,22.6,30.3,0.0,18.7,24.88,15,957.6,76,0.3,Kano
2019-04-03,39.0,22.1,30.8,0.0,14.8,25.02,16,956.9,49,1.4,Kano
2019-04-04,39.5,23.5,31.3,0.0,17.6,25.32,14,955.9,26,0.1,Kano
2019-04-05,39.6,22.2,31.2,0.0,11.6,25.34,17,955.4,59,2.3,Kano
2019-04-06,39.4,24.3,31.7,0.0,17.2,22.54,31,955.8,93,11.1,Kano
2019-04-07,38.1,25.0,31.8,0.0,18.9,19.25,35,956.9,96,13.7,Kano
2019-04-08,39.2,24.2,31.5,0.0,13.4,23.79,41,956.6,57,13.9,Kano
2019-04-09,37.6,25.1,31.6,0.0,13.8,21.31,40,956.9,35,15.4,Kano
2019-04-10,39.0,24.7,32.0,0.0,10.2,23.01,35,955.9,54,13.1,Kano
2019-04-11,39.6,25.2,32.3,0.0,14.0,23.14,32,955.5,85,11.8,Kano
2019-04-12,39.1,25.1,31.7,0.0,13.6,23.57,32,955.3,74,11.0,Kano
2019-04-13,38.1,25.7,31.4,0.0,27.7,20.29,34,956.2,92,12.7,Kano
2019-04-14,36.2,25.1,30.3,0.2,18.3,16.84,44,958.5,71,15.5,Kano
2019-04-15,37.3,22.2,30.4,0.0,14.0,19.65,35,958.4,79,11.6,Kano
2019-04-16,36.3,24.1,30.1,0.0,14.0,24.92,15,960.0,81,0.4,Kano
2019-04-17,37.1,22.2,29.0,0.0,13.0,24.75,12,958.8,72,-4.8,Kano
2019-04-18,36.6,21.4,28.7,0.0,14.7,25.74,12,957.9,59,-3.9,Kano
2019-04-19,37.4,20.4,29.1,0.0,11.5,24.84,16,957.9,93,-0.3,Kano
2019-04-20,38.5,23.3,30.5,0.0,11.3,25.27,14,957.6,59,-0.3,Kano
2019-04-21,39.6,22.4,31.3,0.0,11.4,25.28,15,956.5,20,0.9,Kano
2019-04-22,38.8,23.2,31.7,0.0,17.7,23.59,28,955.9,63,10.5,Kano
2019-04-23,38.3,26.8,32.3,0.0,19.1,22.84,44,956.8,63,17.8,Kano
2019-04-24,37.7,26.2,32.3,0.0,18.4,21.81,43,958.5,75,16.9,Kano
2019-04-25,38.7,25.0,32.3,0.0,12.0,23.18,25,959.0,43,8.7,Kano
2019-04-26,39.7,21.7,31.5,0.0,14.7,25.24,9,958.1,83,-6.4,Kano
2019-04-27,38.9,22.5,31.0,0.0,10.6,24.86,12,957.1,62,-2.5,Kano
2019-04-28,38.9,21.5,30.4,0.0,11.4,25.29,19,957.0,45,3.7,Kano
2019-04-29,39.2,21.5,30.4,0.0,11.9,25.55,19,957.0,78,2.9,Kano
2019-04-30,39.2,21.9,31.2,0.0,20.1,23.4,32,957.4,70,10.5,Kano
2019-05-01,39.4,27.4,33.1,0.0,17.2,21.58,36,957.4,73,15.3,Kano
2019-05-02,38.5,25.9,32.2,0.0,13.2,21.2,46,957.3,82,17.6,Kano
2019-05-03,36.9,26.4,31.4,0.2,17.8,19.35,52,958.0,90,19.9,Kano
2019-05-04,39.5,26.7,33.1,0.0,19.2,20.07,45,956.6,96,17.8,Kano
2019-05-05,39.4,26.8,32.5,0.0,20.0,18.57,46,957.1,83,17.6,Kano
2019-05-06,41.0,26.4,33.5,0.0,15.3,23.53,38,957.5,58,14.3,Kano
2019-05-07,39.9,26.5,32.9,0.0,17.2,22.29,42,957.7,69,16.8,Kano
2019-05-08,40.1,27.0,33.4,0.0,17.4,22.89,44,956.9,77,17.8,Kano
2019-05-09,37.9,27.3,32.5,0.0,15.5,20.26,46,956.0,92,18.6,Kano
2019-05-10,39.1,26.9,32.2,0.0,19.4,22.13,49,956.2,46,18.7,Kano
2019-05-11,37.3,25.4,31.2,0.0,15.5,21.64,53,957.2,65,19.2,Kano
2019-05-12,38.1,25.1,31.6,0.0,13.7,20.65,47,957.8,71,17.5,Kano
2019-05-13,37.5,25.8,31.7,0.0,19.6,21.29,50,957.2,83,18.5,Kano
2019-05-14,38.7,26.2,32.3,0.0,16.7,22.91,45,956.9,62,17.6,Kano
2019-05-15,38.0,26.1,31.7,0.0,18.4,21.91,50,957.9,61,18.7,Kano
2019-05-16,36.0,26.9,30.2,0.0,19.5,15.97,59,958.6,91,21.0,Kano
2019-05-17,37.0,24.7,29.3,0.5,20.8,15.72,60,958.7,78,19.7,Kano
2019-05-18,36.7,24.3,29.9,0.2,16.3,22.01,60,957.4,53,20.7,Kano
2019-05-19,35.9,26.4,30.8,0.0,18.6,21.18,56,957.8,84,20.4,Kano
2019-05-20,37.0,25.4,30.2,0.0,18.6,22.64,59,958.0,70,20.7,Kano
2019-05-21,33.4,23.3,28.0,1.1,24.7,16.03,66,959.6,82,20.6,Kano
2019-05-22,34.8,24.8,28.6,5.0,11.1,18.91,68,959.2,68,21.9,Kano
2019-05-23,36.9,23.9,30.0,0.0,10.0,20.5,60,958.5,65,20.0,Kano
2019-05-24,35.8,26.0,29.5,2.5,15.8,20.55,63,957.6,60,21.4,Kano
2019-05-25,34.9,24.9,29.3,0.0,14.2,16.25,63,958.4,95,21.0,Kano
2019-05-26,36.9,24.8,30.7,0.0,16.1,22.33,55,957.8,57,19.7,Kano
2019-05-27,36.1,25.2,30.3,0.0,18.7,23.21,57,957.3,55,20.2,Kano
2019-05-28,36.9,24.8,30.4,1.0,18.4,23.37,55,957.6,70,19.5,Kano
2019-05-29,34.8,24.5,29.3,0.9,16.9,18.7,64,957.4,93,21.3,Kano
2019-05-30,31.6,24.6,27.7,0.6,19.8,16.05,67,959.1,93,20.8,Kano
2019-05-31,32.5,23.6,27.0,9.9,12.2,16.65,72,958.9,91,21.1,Kano
2019-06-01,31.4,23.0,26.4,1.7,14.7,19.1,77,958.8,84,21.8,Kano
2019-06-02,32.3,23.6,27.4,0.5,11.6,21.11,72,959.5,84,21.5,Kano
2019-06-03,34.5,23.4,28.9,0.1,13.5,20.53,66,960.1,71,21.2,Kano
2019-06-04,35.9,25.1,29.6,0.0,14.9,21.17,64,958.9,49,21.6,Kano
2019-06-05,36.2,24.5,29.3,0.4,21.6,22.37,65,957.6,56,21.3,Kano
2019-06-06,33.7,24.6,27.3,0.0,19.6,18.75,71,958.4,92,21.3,Kano
2019-06-07,33.2,22.5,27.4,6.0,15.0,22.94,69,959.7,70,20.7,Kano
2019-06-08,28.9,22.7,25.6,3.3,11.2,17.32,81,961.3,62,21.9,Kano
2019-06-09,34.1,22.4,27.9,0.3,13.3,22.4,71,961.0,32,21.4,Kano
2019-06-10,34.0,24.0,27.9,1.6,11.5,22.36,72,959.6,27,21.9,Kano
2019-06-11,33.0,23.3,27.8,1.2,15.9,20.28,71,959.8,71,21.6,Kano
2019-06-12,33.5,23.6,27.4,1.1,12.7,20.39,73,960.5,63,21.7,Kano
2019-06-13,35.1,23.2,28.4,4.5,15.0,21.62,70,961.0,53,21.5,Kano
2019-06-14,34.1,23.8,28.7,0.0,14.1,22.46,67,960.5,89,21.4,Kano
2019-06-15,34.4,23.2,28.8,0.4,12.5,22.3,67,960.8,54,21.7,Kano
2019-06-16,35.9,24.5,29.4,0.0,13.6,22.08,63,960.9,23,21.0,Kano
2019-06-17,36.1,23.1,29.5,0.0,14.4,23.86,61,960.5,6,20.1,Kano
2019-06-18,36.0,24.9,30.4,0.2,14.5,23.34,57,961.2,12,20.5,Kano
2019-06-19,37.0,24.9,30.6,0.0,11.0,23.18,56,960.1,10,19.7,Kano
2019-06-20,37.2,25.4,30.1,0.2,18.8,21.79,58,959.9,21,20.4,Kano
2019-06-21,34.9,24.2,28.5,5.2,16.9,21.07,68,961.4,59,21.7,Kano
2019-06-22,33.4,23.4,28.1,0.0,15.9,20.6,68,960.5,65,21.0,Kano
2019-06-23,35.1,23.8,29.3,0.0,14.1,22.54,63,959.1,19,20.9,Kano
2019-06-24,33.0,23.7,27.9,5.8,19.6,20.52,70,958.9,79,21.7,Kano
2019-06-25,33.0,23.6,28.0,1.6,16.6,22.51,69,959.4,35,21.4,Kano
2019-06-26,28.7,22.3,25.0,7.9,13.5,12.88,81,961.3,78,21.2,Kano
2019-06-27,32.0,22.9,26.8,0.0,11.2,19.48,69,960.7,67,20.3,Kano
2019-06-28,27.3,22.5,24.5,8.6,10.2,12.47,81,961.1,84,20.9,Kano
2019-06-29,32.3,21.8,26.8,0.0,10.6,24.06,69,960.6,37,20.2,Kano
2019-06-30,34.0,23.5,28.5,0.0,13.3,23.43,65,960.3,46,20.8,Kano
2019-07-01,34.9,23.9,28.5,13.5,17.0,22.53,69,958.8,66,21.7,Kano
2019-07-02,31.4,23.8,27.5,0.0,17.7,18.1,72,957.8,78,21.6,Kano
2019-07-03,32.6,23.9,27.8,8.8,14.7,22.96,73,958.5,36,22.2,Kano
2019-07-04,30.4,23.1,26.4,0.1,8.7,18.72,81,959.5,94,22.7,Kano
2019-07-05,31.5,23.0,26.8,5.8,14.1,22.47,77,960.6,79,22.0,Kano
2019-07-06,31.7,23.6,27.4,0.0,12.2,19.4,75,959.1,64,22.3,Kano
2019-07-07,32.2,24.0,27.7,0.6,13.6,22.08,72,958.1,64,22.1,Kano
2019-07-08,28.0,23.2,25.3,0.3,19.8,11.87,81,960.3,98,21.8,Kano
2019-07-09,29.3,22.6,25.1,0.0,12.8,16.29,82,962.5,94,21.6,Kano
2019-07-10,31.3,22.7,26.4,1.2,10.8,21.3,76,961.2,87,21.3,Kano
2019-07-11,30.2,23.1,26.1,8.6,16.8,19.89,77,959.7,93,21.4,Kano
2019-07-12,29.2,22.4,25.2,2.9,15.9,16.12,79,960.3,82,21.1,Kano
2019-07-13,31.5,23.1,26.8,0.0,9.7,20.93,72,961.5,49,20.8,Kano
2019-07-14,32.5,22.9,26.9,1.2,11.3,21.22,72,960.1,64,21.1,Kano
2019-07-15,32.9,22.6,27.3,0.4,12.1,23.71,72,958.6,48,21.5,Kano
2019-07-16,32.7,22.3,27.1,0.1,11.2,23.34,71,960.2,36,20.9,Kano
2019-07-17,33.5,23.1,27.6,0.8,12.0,22.87,70,960.4,37,21.2,Kano
2019-07-18,30.2,23.1,25.9,8.4,15.6,16.01,80,959.2,87,22.0,Kano
2019-07-19,28.4,22.1,24.5,1.0,17.6,12.25,83,960.9,98,21.3,Kano
2019-07-20,29.6,22.1,25.3,0.3,9.4,13.53,72,961.4,78,19.5,Kano
2019-07-21,31.4,21.9,25.7,8.8,14.2,22.24,77,960.3,78,20.8,Kano
2019-07-22,25.3,21.4,22.5,100.4,10.5,5.12,93,960.3,91,21.3,Kano
2019-07-23,30.0,21.0,25.2,0.0,14.0,23.51,78,960.2,38,20.6,Kano
2019-07-24,30.3,21.9,25.8,0.1,10.0,22.66,80,959.9,44,21.8,Kano
2019-07-25,29.8,21.9,24.4,4.3,10.1,14.59,86,960.2,95,21.8,Kano
2019-07-26,31.7,21.8,26.6,0.1,12.5,23.35,75,959.9,75,21.5,Kano
2019-07-27,30.8,22.8,26.6,0.0,14.1,23.55,76,959.4,68,21.8,Kano
2019-07-28,30.3,23.1,26.2,0.5,15.8,22.23,78,959.0,55,21.8,Kano
2019-07-29,28.2,23.0,24.7,8.8,14.8,12.2,88,960.7,97,22.4,Kano
2019-07-30,29.8,22.4,25.7,0.1,12.6,21.6,77,960.0,63,21.1,Kano
2019-07-31,30.9,22.6,26.4,0.0,12.9,23.04,75,959.7,49,21.4,Kano
2019-08-01,31.7,22.9,26.6,0.6,13.8,22.94,77,958.7,57,22.0,Kano
2019-08-02,28.2,22.3,24.0,4.8,15.3,11.88,86,960.0,93,21.5,Kano
2019-08-03,29.6,21.9,25.2,0.7,13.8,20.55,77,961.1,87,20.6,Kano
2019-08-04,30.2,22.2,25.8,0.3,10.5,19.29,78,961.6,84,21.5,Kano
2019-08-05,25.7,22.3,23.8,20.8,11.1,9.79,91,961.4,99,22.1,Kano
2019-08-06,28.1,22.0,24.7,2.6,14.5,15.66,83,962.1,73,21.4,Kano
2019-08-07,29.3,21.8,24.8,12.9,12.1,19.28,85,962.1,57,21.9,Kano
2019-08-08,27.6,22.0,24.2,5.4,16.4,15.37,86,960.9,94,21.6,Kano
2019-08-09,28.6,21.9,24.4,6.9,15.7,16.71,85,961.8,91,21.6,Kano
2019-08-10,28.6,22.3,25.2,0.0,19.2,18.63,75,962.4,77,20.3,Kano
2019-08-11,30.1,21.7,25.7,0.0,18.0,22.54,75,960.8,62,20.8,Kano
2019-08-12,29.7,22.2,25.1,0.1,18.3,17.22,82,959.8,79,21.6,Kano
2019-08-13,30.5,22.6,26.1,0.2,14.8,22.97,78,959.8,50,21.7,Kano
2019-08-14,30.8,22.6,26.4,0.0,14.8,23.75,74,960.7,48,21.2,Kano
2019-08-15,29.5,23.4,25.0,4.0,15.8,15.39,83,960.5,82,21.9,Kano
2019-08-16,29.3,22.1,24.9,1.1,14.6,21.51,81,960.1,75,21.3,Kano
2019-08-17,27.8,22.0,24.4,2.0,11.3,13.71,85,960.0,85,21.5,Kano
2019-08-18,29.3,21.8,24.9,4.7,13.0,19.63,84,959.0,71,21.7,Kano
2019-08-19,27.6,21.5,23.3,26.6,15.2,9.51,90,959.1,98,21.6,Kano
2019-08-20,28.5,21.3,24.5,0.1,19.0,16.1,79,960.1,96,20.4,Kano
2019-08-21,25.5,21.9,23.2,15.3,17.3,8.05,90,960.7,99,21.4,Kano
2019-08-22,27.9,20.7,24.2,0.8,14.5,19.85,80,960.2,48,20.3,Kano
2019-08-23,28.5,20.9,24.4,0.9,15.1,20.83,82,961.4,66,21.0,Kano
2019-08-24,25.0,21.7,23.1,9.7,13.8,7.68,90,962.1,100,21.3,Kano
2019-08-25,26.6,21.2,23.2,18.5,14.3,17.05,88,962.4,83,21.1,Kano
2019-08-26,28.8,20.5,23.7,14.8,9.4,18.19,87,961.9,67,21.3,Kano
2019-08-27,28.2,21.0,23.6,19.5,7.2,14.59,88,961.6,93,21.4,Kano
2019-08-28,27.9,21.1,23.7,16.9,7.6,17.46,87,961.7,81,21.2,Kano
2019-08-29,29.4,21.4,24.5,9.3,7.7,19.72,86,962.2,78,21.8,Kano
2019-08-30,30.1,21.8,25.7,0.5,11.5,21.09,81,960.4,54,22.0,Kano
2019-08-31,31.7,21.9,26.1,0.4,10.4,21.94,78,958.7,84,21.5,Kano
2019-09-01,30.2,21.9,25.8,0.0,12.0,22.63,81,958.8,75,22.0,Kano
2019-09-02,30.0,21.8,25.8,0.2,9.7,20.53,80,960.4,57,21.9,Kano
2019-09-03,32.3,21.8,26.7,0.0,11.2,23.61,76,960.9,66,21.6,Kano
2019-09-04,29.5,23.7,25.9,8.4,16.1,15.48,85,960.1,92,23.1,Kano
2019-09-05,31.5,22.7,26.5,1.0,15.3,21.69,80,960.1,61,22.5,Kano
2019-09-06,31.9,22.5,26.4,8.7,13.1,23.45,78,960.7,34,22.0,Kano
2019-09-07,31.0,22.2,25.8,3.1,10.1,21.78,83,960.8,72,22.5,Kano
2019-09-08,30.4,22.7,25.2,10.4,17.5,16.12,88,961.4,91,23.0,Kano
2019-09-09,30.5,22.1,25.7,2.2,11.4,22.24,81,961.4,95,21.9,Kano
2019-09-10,29.8,21.9,25.3,0.2,8.5,18.48,83,960.8,54,22.0,Kano
2019-09-11,32.5,22.1,26.6,0.1,9.0,23.31,77,959.7,44,21.7,Kano
2019-09-12,32.0,21.9,26.6,0.0,8.2,20.74,76,960.5,52,21.6,Kano
2019-09-13,32.7,22.5,27.0,0.9,9.2,22.89,76,960.3,62,22.2,Kano
2019-09-14,30.1,22.9,25.4,12.8,13.8,14.94,86,960.0,97,22.7,Kano
2019-09-15,29.0,21.9,25.2,5.3,10.4,18.03,84,960.1,91,22.1,Kano
2019-09-16,30.0,22.1,25.6,0.5,8.7,19.05,83,959.8,75,22.2,Kano
2019-09-17,30.7,23.0,25.8,7.2,8.2,21.46,85,959.3,66,22.8,Kano
2019-09-18,30.7,22.3,25.6,5.5,13.3,18.51,84,959.3,86,22.6,Kano
2019-09-19,31.3,22.9,26.4,0.9,10.8,20.74,82,959.7,79,22.7,Kano
2019-09-20,31.7,23.2,26.7,0.1,12.3,21.97,77,960.4,79,21.9,Kano
2019-09-21,33.5,22.0,27.2,0.0,9.7,23.89,74,959.4,12,21.6,Kano
2019-09-22,34.3,22.9,27.7,0.0,10.8,24.05,72,958.7,25,21.6,Kano
2019-09-23,34.6,23.1,27.9,0.0,9.5,23.79,71,959.1,63,21.5,Kano
2019-09-24,34.3,22.4,27.8,0.0,11.7,23.76,70,959.2,50,21.2,Kano
2019-09-25,34.3,22.7,27.9,0.0,12.7,23.64,69,958.5,30,21.0,Kano
2019-09-26,33.5,23.5,26.8,0.8,15.9,19.53,75,959.8,79,21.6,Kano
2019-09-27,32.4,22.3,27.0,0.0,10.1,21.16,76,959.3,58,21.9,Kano
2019-09-28,33.3,22.6,27.5,0.0,14.6,23.91,70,959.0,29,21.2,Kano
2019-09-29,34.2,22.6,27.6,0.0,16.8,22.96,66,958.4,77,20.1,Kano
2019-09-30,29.7,23.3,25.8,4.5,13.4,16.81,79,958.7,83,21.7,Kano
2019-10-01,30.4,22.3,26.2,2.7,8.5,18.19,78,958.9,65,21.7,Kano
2019-10-02,31.9,22.8,26.7,4.8,16.0,20.82,76,959.2,85,21.6,Kano
2019-10-03,32.3,21.9,25.7,2.0,12.2,19.53,80,959.0,87,21.5,Kano
2019-10-04,32.2,22.9,26.6,0.2,10.6,19.88,74,958.1,79,21.3,Kano
2019-10-05,31.2,22.2,26.1,3.2,12.5,21.74,79,958.9,81,21.9,Kano
2019-10-06,31.2,22.1,26.0,0.4,10.6,20.33,76,958.6,89,21.2,Kano
2019-10-07,30.4,21.4,24.8,10.5,9.2,17.87,85,957.9,88,21.9,Kano
2019-10-08,28.9,21.0,24.7,0.7,9.0,12.91,82,958.4,71,21.2,Kano
2019-10-09,28.6,21.7,24.7,6.9,13.0,15.16,81,958.8,75,21.0,Kano
2019-10-10,29.3,20.5,24.6,4.6,10.5,19.55,84,958.8,83,21.4,Kano
2019-10-11,31.8,21.3,26.2,0.8,12.0,20.98,79,958.2,73,21.8,Kano
2019-10-12,31.3,21.9,26.2,1.1,12.7,21.1,78,958.9,77,21.7,Kano
2019-10-13,33.6,21.7,27.0,0.0,13.1,22.19,73,958.7,17,21.2,Kano
2019-10-14,34.2,21.7,27.3,0.0,10.5,23.48,64,957.6,2,18.5,Kano
2019-10-15,33.8,21.9,27.0,0.0,14.9,21.45,70,958.0,61,20.4,Kano
2019-10-16,30.8,22.7,26.3,0.1,12.3,19.31,76,959.6,91,21.5,Kano
2019-10-17,32.2,22.3,26.0,1.1,9.3,19.53,81,959.5,89,22.1,Kano
2019-10-18,32.1,22.6,26.3,0.1,14.6,18.69,78,958.7,80,21.7,Kano
2019-10-19,31.3,22.3,25.7,14.0,11.4,18.01,79,959.1,75,21.5,Kano
2019-10-20,30.6,22.0,25.5,0.4,9.5,19.08,81,960.3,67,21.7,Kano
2019-10-21,31.0,21.8,25.9,0.0,11.4,18.24,78,959.9,78,21.5,Kano
2019-10-22,34.3,22.0,27.4,0.0,16.3,21.7,64,957.6,58,18.9,Kano
2019-10-23,34.1,20.4,26.9,0.0,13.1,21.72,64,956.9,66,18.4,Kano
2019-10-24,32.4,21.5,26.5,0.0,8.7,19.65,71,958.6,69,20.2,Kano
2019-10-25,33.3,20.6,26.9,0.5,12.4,21.11,68,958.8,69,19.5,Kano
2019-10-26,31.9,23.5,26.1,3.4,8.7,17.0,76,959.3,97,21.2,Kano
2019-10-27,29.2,23.4,24.9,7.1,8.2,13.43,85,959.9,92,22.1,Kano
2019-10-28,30.0,21.6,24.0,0.2,13.0,9.89,74,959.3,99,18.8,Kano
2019-10-29,30.9,21.2,25.4,0.0,8.4,14.33,69,958.6,67,19.0,Kano
2019-10-30,32.9,20.6,26.7,0.0,10.4,20.97,61,958.7,11,17.7,Kano
2019-10-31,33.0,16.8,25.7,0.0,11.3,21.89,45,959.3,73,11.8,Kano
2019-11-01,32.0,17.2,24.0,0.0,11.9,22.95,39,958.8,49,8.3,Kano
2019-11-02,32.8,15.8,24.9,0.0,11.1,22.29,40,958.2,65,9.7,Kano
2019-11-03,33.6,17.4,24.8,0.0,12.6,22.15,49,959.5,41,12.0,Kano
2019-11-04,33.2,19.4,24.9,0.0,13.1,22.8,38,959.9,15,8.6,Kano
2019-11-05,33.3,17.4,25.3,0.0,12.6,22.49,37,959.7,0,8.8,Kano
2019-11-06,32.9,17.5,25.3,0.0,9.8,22.31,41,958.4,22,9.9,Kano
2019-11-07,33.5,15.6,24.8,0.0,11.0,22.37,48,957.7,3,11.1,Kano
2019-11-08,33.8,15.3,25.2,0.0,9.5,22.28,42,957.9,43,9.8,Kano
2019-11-09,34.5,16.5,25.8,0.0,12.2,22.09,41,958.0,36,10.7,Kano
2019-11-10,34.4,18.5,26.5,0.0,10.5,21.1,46,957.6,96,12.8,Kano
2019-11-11,34.2,19.0,26.1,0.0,8.7,19.9,53,956.2,93,15.0,Kano
2019-11-12,33.9,19.7,26.5,0.0,10.5,19.78,53,956.1,73,15.3,Kano
2019-11-13,32.6,20.5,26.4,0.0,10.1,18.22,44,957.5,98,11.7,Kano
2019-11-14,29.2,20.5,24.6,0.0,9.8,14.51,31,958.5,94,6.2,Kano
2019-11-15,32.1,19.5,25.1,0.0,10.8,21.24,32,958.4,40,6.6,Kano
2019-11-16,33.4,17.3,25.6,0.0,12.3,21.54,36,957.5,68,8.3,Kano
2019-11-17,34.0,17.1,26.0,0.0,12.3,21.25,37,957.8,91,9.1,Kano
2019-11-18,34.1,16.2,25.6,0.0,10.2,21.63,41,957.4,37,9.9,Kano
2019-11-19,34.7,16.5,26.2,0.0,10.1,21.29,43,957.7,70,11.0,Kano
2019-11-20,35.1,16.4,26.2,0.0,11.3,21.25,39,957.8,62,9.7,Kano
2019-11-21,34.4,18.7,26.3,0.0,13.2,20.82,36,957.8,97,8.7,Kano
2019-11-22,34.2,17.2,25.8,0.0,9.2,21.14,39,958.5,74,9.6,Kano
2019-11-23,34.1,18.6,26.4,0.0,11.3,21.34,36,958.8,32,8.5,Kano
2019-11-24,33.7,17.5,25.7,0.0,11.0,21.38,33,958.8,46,6.9,Kano
2019-11-25,34.0,16.2,26.2,0.0,12.9,21.19,31,959.0,30,6.7,Kano
2019-11-26,33.8,17.7,25.5,0.0,12.3,21.28,34,958.6,7,7.4,Kano
2019-11-27,33.5,17.8,25.0,0.0,18.3,21.32,28,959.1,4,4.2,Kano
2019-11-28,32.5,18.5,24.7,0.0,19.2,21.34,23,960.1,5,1.6,Kano
2019-11-29,31.8,18.4,24.6,0.0,14.7,20.82,23,960.6,8,1.7,Kano
2019-11-30,31.8,19.7,25.1,0.0,15.9,20.5,23,960.3,39,2.1,Kano
2019-12-01,31.2,18.2,24.0,0.0,12.8,20.84,25,959.8,49,2.6,Kano
2019-12-02,29.7,17.2,22.8,0.0,11.3,20.59,26,959.7,86,1.9,Kano
2019-12-03,28.6,15.5,21.3,0.0,11.5,19.87,31,959.9,86,3.2,Kano
2019-12-04,29.5,13.3,21.1,0.0,10.2,21.38,33,959.4,63,3.6,Kano
2019-12-05,29.8,15.3,21.5,0.0,11.1,21.03,32,959.0,12,3.3,Kano
2019-12-06,30.0,15.7,22.1,0.0,11.3,21.01,30,959.9,0,3.2,Kano
2019-12-07,29.9,14.9,21.0,0.0,12.5,21.43,25,959.9,4,-0.2,Kano
2019-12-08,29.6,14.9,21.5,0.0,10.7,21.15,26,960.4,36,1.0,Kano
2019-12-09,29.7,15.3,21.7,0.0,11.8,21.12,28,960.1,8,1.8,Kano
2019-12-10,29.3,14.0,21.1,0.0,10.7,21.28,26,959.4,4,0.2,Kano
2019-12-11,28.6,13.2,20.1,0.0,12.1,21.37,27,959.9,10,-0.3,Kano
2019-12-12,28.5,14.0,20.6,0.0,13.5,21.03,25,960.7,34,-0.5,Kano
2019-12-13,26.8,13.4,19.6,0.0,13.5,20.85,19,961.9,33,-5.0,Kano
2019-12-14,27.2,13.0,19.7,0.0,12.4,20.81,20,962.0,8,-4.3,Kano
2019-12-15,27.5,13.8,20.3,0.0,12.7,20.52,17,961.7,38,-5.8,Kano
2019-12-16,28.8,14.9,21.4,0.0,13.5,20.44,18,959.9,1,-4.1,Kano
2019-12-17,29.1,15.9,22.1,0.0,13.4,20.15,22,959.7,52,-1.1,Kano
2019-12-18,29.9,16.3,22.7,0.0,12.4,20.23,27,960.5,11,2.4,Kano
2019-12-19,29.3,15.8,22.0,0.0,13.3,20.56,24,961.8,35,0.2,Kano
2019-12-20,27.7,14.1,20.4,0.0,15.5,20.99,25,961.5,11,-0.5,Kano
2019-12-21,28.1,13.4,20.0,0.0,12.4,21.05,26,961.9,4,-0.8,Kano
2019-12-22,28.5,13.5,20.5,0.0,14.6,20.87,24,962.1,2,-1.3,Kano
2019-12-23,28.1,13.2,20.0,0.0,14.5,21.18,24,961.5,0,-2.0,Kano
2019-12-24,27.5,12.1,19.2,0.0,11.8,21.19,20,961.2,26,-4.7,Kano
2019-12-25,27.4,12.5,19.6,0.0,13.1,20.85,16,961.8,0,-7.5,Kano
2019-12-26,27.6,14.1,20.4,0.0,15.0,20.53,22,961.7,11,-2.4,Kano
2019-12-27,27.3,13.8,20.1,0.0,15.0,20.77,23,962.0,0,-2.4,Kano
2019-12-28,27.1,12.3,19.1,0.0,13.3,21.07,21,960.8,13,-4.0,Kano
2019-12-29,26.9,11.6,18.6,0.0,11.9,21.18,24,960.2,3,-2.7,Kano
2019-12-30,26.4,11.7,18.6,0.0,12.6,20.67,26,960.1,69,-2.1,Kano
2019-12-31,25.9,11.6,18.3,0.0,12.7,20.84,28,960.9,7,-1.2,Kano
2020-01-01,24.8,11.9,18.1,0.0,18.5,20.6,26,962.5,10,-2.5,Kano
2020-01-02,19.9,9.8,14.7,0.0,19.2,20.61,24,964.9,0,-6.3,Kano
2020-01-03,21.9,9.4,15.5,0.0,18.4,20.43,25,965.1,38,-4.9,Kano
2020-01-04,23.0,11.3,16.9,0.0,17.9,20.35,26,964.3,80,-2.9,Kano
2020-01-05,25.4,12.5,18.6,0.0,15.6,19.97,28,962.2,59,-0.6,Kano
2020-01-06,25.9,12.7,19.1,0.0,13.2,19.92,29,961.3,72,0.3,Kano
2020-01-07,27.4,13.9,20.4,0.0,14.7,20.14,23,961.2,66,-1.5,Kano
2020-01-08,28.5,14.9,21.4,0.0,14.3,20.19,22,962.1,36,-1.7,Kano
2020-01-09,28.4,15.4,21.7,0.0,14.5,20.24,24,962.0,41,0.2,Kano
2020-01-10,30.0,15.6,22.2,0.0,13.9,20.26,25,961.9,50,1.1,Kano
2020-01-11,30.1,15.5,22.5,0.0,10.2,20.23,27,961.7,52,2.0,Kano
2020-01-12,31.3,15.2,22.8,0.0,11.8,20.16,26,961.4,69,1.5,Kano
2020-01-13,34.1,15.3,25.3,0.0,11.1,20.51,28,958.5,33,4.5,Kano
2020-01-14,32.5,17.2,24.6,0.0,15.6,20.68,25,958.4,1,1.9,Kano
2020-01-15,27.9,16.0,21.8,0.0,16.6,20.88,24,960.8,0,0.3,Kano
2020-01-16,26.2,13.1,19.4,0.0,13.8,21.07,24,962.7,0,-1.8,Kano
2020-01-17,27.2,12.4,19.8,0.0,14.6,21.23,30,963.2,17,1.2,Kano
2020-01-18,26.5,13.4,19.9,0.0,15.5,21.06,28,963.6,27,0.3,Kano
2020-01-19,26.6,14.7,20.1,0.0,18.3,21.13,29,962.5,0,0.6,Kano
2020-01-20,28.5,13.9,20.7,0.0,13.4,21.05,30,961.2,2,1.8,Kano
2020-01-21,29.9,14.9,22.1,0.0,14.3,21.3,25,961.7,0,0.9,Kano
2020-01-22,28.8,15.4,22.0,0.0,15.1,21.58,20,962.3,22,-2.4,Kano
2020-01-23,28.1,14.8,21.2,0.0,18.5,21.9,17,962.9,10,-5.3,Kano
2020-01-24,27.8,14.3,20.5,0.0,17.5,22.0,15,963.4,0,-7.4,Kano
2020-01-25,26.9,13.6,19.8,0.0,18.7,22.23,14,964.0,29,-8.6,Kano
2020-01-26,27.0,12.5,19.2,0.0,16.6,22.45,18,963.2,22,-6.1,Kano
2020-01-27,27.4,11.9,19.3,0.0,13.0,22.22,19,962.2,25,-5.1,Kano
2020-01-28,28.6,12.0,19.8,0.0,12.7,22.54,16,962.0,45,-7.7,Kano
2020-01-29,28.5,11.8,20.0,0.0,15.0,22.62,12,962.1,46,-10.4,Kano
2020-01-30,29.4,13.9,21.2,0.0,16.4,22.3,12,963.5,60,-9.6,Kano
2020-01-31,29.3,14.7,21.7,0.0,17.9,22.15,17,963.5,57,-4.7,Kano
2020-02-01,28.7,14.3,21.2,0.0,17.9,22.49,16,963.0,61,-5.9,Kano
2020-02-02,27.9,13.3,20.3,0.0,16.2,22.71,15,962.7,13,-8.0,Kano
2020-02-03,28.4,12.7,20.4,0.0,15.5,22.77,16,962.8,8,-6.9,Kano
2020-02-04,27.8,13.9,20.6,0.0,15.0,19.71,17,963.2,68,-5.8,Kano
2020-02-05,28.6,13.8,20.9,0.0,16.3,22.66,19,962.3,31,-4.1,Kano
2020-02-06,28.9,13.7,20.9,0.0,13.0,22.44,21,961.8,16,-3.1,Kano
2020-02-07,30.2,14.6,22.2,0.0,14.1,22.41,16,962.1,0,-5.4,Kano
2020-02-08,30.3,16.3,23.1,0.0,18.8,22.31,16,962.3,14,-4.2,Kano
2020-02-09,29.5,17.7,23.1,0.0,17.1,20.75,19,962.8,63,-2.0,Kano
2020-02-10,29.0,17.3,22.9,0.0,18.2,21.88,16,964.3,61,-5.0,Kano
2020-02-11,27.7,16.8,21.7,0.0,21.1,23.35,14,963.9,4,-7.3,Kano
2020-02-12,26.9,14.5,20.5,0.0,18.6,23.49,17,963.3,37,-5.6,Kano
2020-02-13,27.7,13.8,20.4,0.0,15.8,22.74,14,962.3,53,-8.2,Kano
2020-02-14,29.0,13.1,20.8,0.0,12.5,23.71,14,960.6,53,-8.5,Kano
2020-02-15,29.8,13.5,21.4,0.0,15.0,24.06,13,960.0,29,-9.0,Kano
2020-02-16,30.6,14.5,22.4,0.0,17.4,23.47,15,960.7,41,-6.0,Kano
2020-02-17,31.0,15.9,23.2,0.0,16.3,23.29,18,960.8,78,-2.5,Kano
2020-02-18,31.0,15.8,23.3,0.0,13.1,23.07,22,961.4,37,-0.0,Kano
2020-02-19,30.2,16.1,23.0,0.0,14.2,23.56,21,961.0,29,-1.0,Kano
2020-02-20,30.5,15.6,23.0,0.0,14.9,23.31,22,959.9,7,-0.5,Kano
2020-02-21,31.7,17.5,24.4,0.0,14.7,23.12,18,959.8,0,-2.1,Kano
2020-02-22,32.9,18.2,25.3,0.0,18.2,23.31,14,960.6,5,-4.8,Kano
2020-02-23,31.4,18.0,24.6,0.0,21.2,23.44,15,962.1,15,-3.7,Kano
2020-02-24,29.7,17.7,23.5,0.0,20.5,23.62,19,962.1,23,-1.8,Kano
2020-02-25,28.8,16.4,22.2,0.0,19.1,23.74,19,961.3,22,-3.8,Kano
2020-02-26,30.2,15.1,22.2,0.0,13.4,23.72,18,959.9,15,-4.0,Kano
2020-02-27,33.3,15.4,24.3,0.0,11.0,23.57,19,959.7,2,-1.4,Kano
2020-02-28,33.4,18.7,26.1,0.0,12.5,20.3,16,960.1,38,-2.3,Kano
2020-02-29,35.0,20.7,27.2,0.0,13.4,21.32,17,959.3,69,-0.9,Kano
2020-03-01,36.0,20.2,27.9,0.0,13.3,23.35,22,958.8,79,3.6,Kano
2020-03-02,35.8,19.7,28.0,0.0,12.7,23.5,23,960.1,54,4.0,Kano
2020-03-03,36.2,21.2,28.6,0.0,12.1,22.81,17,960.9,34,0.9,Kano
2020-03-04,36.5,21.4,28.9,0.0,13.0,23.08,14,960.9,32,-2.1,Kano
2020-03-05,36.4,20.4,28.2,0.0,12.5,23.42,10,959.6,32,-6.7,Kano
2020-03-06,35.8,20.8,27.6,0.0,14.5,22.7,11,958.6,39,-5.7,Kano
2020-03-07,36.3,20.4,28.0,0.0,13.0,23.34,13,958.2,15,-3.3,Kano
2020-03-08,36.5,20.5,28.5,0.0,11.0,23.45,13,958.9,13,-3.6,Kano
2020-03-09,37.3,20.2,28.8,0.0,12.4,24.0,11,957.9,11,-5.4,Kano
2020-03-10,37.9,19.2,28.8,0.0,10.8,24.22,11,956.6,23,-5.1,Kano
2020-03-11,37.4,19.8,28.9,0.0,10.1,21.77,14,956.8,72,-3.2,Kano
2020-03-12,29.7,20.2,24.9,0.0,20.5,21.11,12,960.0,60,-7.4,Kano
2020-03-13,30.1,16.3,22.9,0.0,16.3,23.98,15,960.9,51,-5.8,Kano
2020-03-14,30.5,16.5,23.3,0.0,15.5,24.07,18,961.0,77,-2.9,Kano
2020-03-15,32.1,16.8,23.9,0.0,13.7,25.02,15,959.5,32,-5.3,Kano
2020-03-16,34.1,16.8,25.3,0.0,12.1,24.87,13,958.7,52,-6.7,Kano
2020-03-17,35.1,18.3,26.6,0.0,13.3,24.6,11,958.7,64,-6.6,Kano
2020-03-18,36.6,19.6,27.6,0.0,13.4,24.7,11,958.4,49,-5.9,Kano
2020-03-19,36.5,20.9,28.2,0.0,12.3,24.2,12,958.2,83,-4.5,Kano
2020-03-20,37.5,20.8,28.8,0.0,10.4,24.52,13,957.7,75,-2.9,Kano
2020-03-21,37.1,20.2,28.9,0.0,9.2,19.22,16,956.9,98,0.2,Kano
2020-03-22,39.3,19.3,29.6,0.0,10.9,24.39,19,956.0,69,2.8,Kano
2020-03-23,39.1,22.5,31.7,0.0,13.8,22.06,24,956.3,44,7.3,Kano
2020-03-24,36.5,25.3,30.7,0.0,19.6,17.95,44,956.6,86,16.0,Kano
2020-03-25,35.8,26.5,30.0,0.0,20.9,15.3,48,957.4,89,17.4,Kano
2020-03-26,34.9,26.0,30.0,0.0,11.6,16.61,39,957.6,84,12.8,Kano
2020-03-27,38.2,22.4,30.7,0.0,9.2,22.98,22,957.4,61,4.5,Kano
2020-03-28,38.5,23.0,30.2,0.0,13.9,24.77,15,957.9,25,-1.0,Kano
2020-03-29,38.5,21.1,30.3,0.0,14.0,24.82,14,957.3,51,-0.5,Kano
2020-03-30,38.0,22.2,30.2,0.0,10.7,24.47,18,956.2,94,2.2,Kano
2020-03-31,39.1,22.5,31.1,0.0,10.4,24.66,19,956.1,62,3.6,Kano
2020-04-01,39.8,23.0,31.5,0.0,12.0,22.38,19,956.4,75,4.6,Kano
2020-04-02,38.6,25.4,31.4,0.0,17.0,20.21,37,956.0,84,13.7,Kano
2020-04-03,40.1,25.9,32.5,0.0,16.7,22.47,34,955.6,44,12.9,Kano
2020-04-04,40.1,26.3,32.7,0.0,17.9,22.74,33,956.5,60,13.0,Kano
2020-04-05,39.8,26.4,32.5,0.0,17.1,22.53,40,957.6,85,15.6,Kano
2020-04-06,40.9,23.0,32.4,0.0,11.9,24.74,26,956.7,14,9.0,Kano
2020-04-07,39.7,26.4,32.7,0.0,17.1,22.31,33,957.1,54,13.3,Kano
2020-04-08,39.3,26.6,32.8,0.0,14.1,20.25,36,956.4,49,14.7,Kano
2020-04-09,38.0,27.3,32.4,0.0,9.7,22.28,30,957.3,71,11.1,Kano
2020-04-10,34.7,26.2,30.2,0.0,17.1,15.25,30,959.2,95,7.9,Kano
2020-04-11,37.5,24.5,31.6,0.0,19.6,21.14,14,959.8,89,-0.6,Kano
2020-04-12,36.6,25.5,30.8,0.0,20.8,24.88,13,959.9,63,-1.6,Kano
2020-04-13,37.4,25.2,30.8,0.0,15.7,20.13,13,959.3,61,-1.6,Kano
2020-04-14,38.3,26.0,31.1,0.0,17.7,24.65,12,958.4,35,-2.3,Kano
2020-04-15,38.5,24.1,31.0,0.0,13.5,25.45,11,958.2,0,-4.3,Kano
2020-04-16,39.2,24.9,31.5,0.0,15.9,25.21,11,957.5,25,-3.0,Kano
2020-04-17,38.4,24.3,30.8,0.0,14.0,25.89,9,956.7,37,-6.8,Kano
2020-04-18,38.0,19.0,28.8,0.0,11.2,25.91,11,957.3,82,-5.4,Kano
2020-04-19,38.2,20.2,29.9,0.0,12.2,24.54,23,958.2,74,6.1,Kano
2020-04-20,38.9,22.8,32.0,0.0,15.1,23.56,30,958.1,69,11.1,Kano
2020-04-21,39.2,26.8,32.3,0.0,17.3,22.99,35,957.7,51,13.4,Kano
2020-04-22,40.0,25.0,32.5,0.0,10.7,24.51,34,956.3,24,12.1,Kano
2020-04-23,39.0,25.4,32.2,0.0,15.8,23.05,40,956.6,42,14.8,Kano
2020-04-24,39.4,25.4,32.1,0.0,15.5,24.14,38,956.6,39,14.3,Kano
2020-04-25,39.4,25.3,32.4,0.0,16.1,23.43,33,956.2,27,12.9,Kano
2020-04-26,39.1,27.3,32.8,0.0,18.0,23.63,36,956.9,72,14.4,Kano
2020-04-27,38.6,26.9,32.4,0.0,18.0,22.93,39,958.9,65,15.4,Kano
2020-04-28,40.6,26.8,33.1,0.0,14.8,22.65,32,958.6,49,12.3,Kano
2020-04-29,40.2,26.3,33.0,0.0,16.6,23.45,35,958.6,28,14.2,Kano
2020-04-30,39.6,26.2,33.1,0.0,15.9,23.82,41,959.3,47,16.4,Kano
2020-05-01,39.2,26.7,33.0,0.0,17.3,21.81,40,959.5,50,16.4,Kano
2020-05-02,40.3,27.5,33.7,0.0,16.9,21.88,36,958.1,33,14.9,Kano
2020-05-03,39.2,26.0,32.3,0.0,19.1,22.17,42,957.2,78,16.0,Kano
2020-05-04,39.0,26.5,32.3,0.0,13.8,22.6,39,958.6,46,15.1,Kano
2020-05-05,38.8,25.0,32.1,0.0,14.4,22.76,34,959.0,9,12.3,Kano
2020-05-06,38.9,23.3,31.7,0.0,11.5,25.57,15,957.9,1,0.7,Kano
2020-05-07,38.7,23.4,31.1,0.0,9.9,25.14,17,957.2,9,2.5,Kano
2020-05-08,40.1,24.3,32.9,0.0,13.0,25.02,18,957.1,17,4.8,Kano
2020-05-09,37.5,27.4,32.9,0.0,17.2,22.73,38,958.7,36,16.1,Kano
2020-05-10,38.5,28.3,32.3,0.0,16.7,16.61,43,958.4,87,16.8,Kano
2020-05-11,36.8,25.5,30.4,0.0,16.3,19.84,52,959.6,81,18.6,Kano
2020-05-12,38.2,25.4,31.2,0.0,12.6,20.95,44,959.6,35,15.5,Kano
2020-05-13,39.2,24.5,32.1,0.0,13.8,23.98,33,959.1,22,11.6,Kano
2020-05-14,39.4,25.7,32.6,0.0,13.1,22.23,37,958.7,42,14.3,Kano
2020-05-15,38.2,28.0,32.9,0.0,16.0,20.84,41,958.7,83,17.3,Kano
2020-05-16,38.8,27.4,32.5,0.0,17.3,23.15,45,958.4,64,18.5,Kano
2020-05-17,38.0,26.9,32.2,0.0,16.9,22.07,47,958.8,56,18.2,Kano
2020-05-18,39.0,26.7,33.2,0.0,14.2,21.14,36,958.6,24,14.9,Kano
2020-05-19,37.8,28.2,32.4,0.0,22.0,22.75,43,959.0,45,17.6,Kano
2020-05-20,37.6,27.0,31.5,0.1,20.2,20.87,49,958.9,36,19.0,Kano
2020-05-21,37.8,25.5,30.8,1.4,19.9,21.5,49,959.9,33,18.3,Kano
2020-05-22,36.7,23.9,29.5,1.2,17.7,21.65,59,960.1,71,19.5,Kano
2020-05-23,36.9,26.2,30.7,0.0,13.9,20.15,53,960.1,76,19.3,Kano
2020-05-24,36.6,25.4,30.7,0.0,12.6,21.2,54,959.9,71,19.6,Kano
2020-05-25,36.3,25.5,30.6,0.0,15.0,22.11,53,959.7,78,19.4,Kano
2020-05-26,36.3,26.3,30.1,0.0,12.2,21.77,58,960.5,69,20.3,Kano
2020-05-27,36.6,25.6,30.8,0.0,13.8,20.33,56,959.7,91,20.1,Kano
2020-05-28,36.9,25.1,30.6,0.0,11.5,17.81,45,958.5,94,15.5,Kano
2020-05-29,38.1,23.4,30.6,0.0,13.1,23.94,47,958.2,71,16.4,Kano
2020-05-30,38.0,26.5,31.9,0.0,16.7,22.04,47,958.2,71,18.1,Kano
2020-05-31,37.5,26.9,31.7,0.0,15.8,21.06,46,959.4,71,17.8,Kano
2020-06-01,38.1,26.2,32.0,0.0,13.1,21.43,43,959.7,55,16.6,Kano
2020-06-02,37.6,25.2,31.4,0.0,18.1,23.73,52,959.3,42,19.1,Kano
2020-06-03,37.8,25.9,31.9,0.0,18.1,23.28,43,959.2,45,17.1,Kano
2020-06-04,37.8,26.0,32.1,0.0,18.8,23.37,46,958.8,38,18.0,Kano
2020-06-05,37.7,25.3,31.6,0.0,13.7,23.41,48,960.5,33,18.3,Kano
2020-06-06,36.6,25.6,31.3,0.0,14.5,22.74,47,961.0,49,18.0,Kano
2020-06-07,38.0,24.8,31.2,0.0,15.3,22.81,48,960.2,41,17.7,Kano
2020-06-08,37.7,25.2,31.3,0.0,17.4,23.59,49,958.5,45,18.4,Kano
2020-06-09,35.7,25.9,30.5,0.0,21.0,21.62,52,958.4,72,18.9,Kano
2020-06-10,37.0,24.1,30.5,0.0,17.1,24.03,49,960.0,32,17.6,Kano
2020-06-11,36.1,23.6,28.8,0.8,16.4,23.31,60,960.0,58,19.5,Kano
2020-06-12,32.8,24.5,28.1,0.0,14.8,22.14,62,959.3,42,19.6,Kano
2020-06-13,35.0,22.9,27.7,1.7,19.1,22.81,67,960.3,45,20.4,Kano
2020-06-14,34.8,23.9,29.2,0.0,13.3,21.33,58,960.3,89,19.4,Kano
2020-06-15,34.8,23.6,29.3,0.0,15.3,23.92,58,960.8,21,19.6,Kano
2020-06-16,37.2,24.8,30.6,0.0,19.1,23.41,57,958.4,25,20.6,Kano
2020-06-17,35.2,26.1,29.4,2.5,17.8,21.46,64,958.3,68,21.4,Kano
2020-06-18,31.2,23.9,27.3,0.0,16.9,14.4,70,960.6,92,21.0,Kano
2020-06-19,33.3,23.9,27.9,0.2,13.4,21.28,68,962.0,60,21.0,Kano
2020-06-20,33.9,23.2,28.0,0.0,12.2,20.13,66,961.3,54,20.5,Kano
2020-06-21,34.8,23.6,29.0,0.0,20.1,22.52,60,959.9,21,20.0,Kano
2020-06-22,34.9,24.3,28.7,0.0,19.5,21.97,62,959.1,59,20.0,Kano
2020-06-23,34.4,24.9,29.4,0.0,14.2,23.3,58,958.5,21,19.6,Kano
2020-06-24,36.4,24.2,30.1,0.0,18.5,23.63,55,958.3,61,19.1,Kano
2020-06-25,36.8,24.5,30.3,0.0,16.2,24.1,55,958.1,59,19.5,Kano
2020-06-26,36.0,25.2,29.9,0.6,17.5,23.82,57,957.8,50,19.9,Kano
2020-06-27,36.6,24.1,30.1,0.0,17.8,23.83,55,957.4,48,19.1,Kano
2020-06-28,34.7,24.2,29.4,0.0,16.1,22.54,56,958.3,42,19.4,Kano
2020-06-29,34.2,23.8,26.9,23.0,14.1,18.49,72,959.6,64,20.8,Kano
2020-06-30,33.4,23.3,27.8,1.5,9.1,21.86,68,959.7,51,20.7,Kano
2020-07-01,34.4,23.3,28.5,0.2,11.2,23.22,62,959.4,24,19.9,Kano
2020-07-02,35.8,24.6,29.7,0.0,10.5,22.44,58,958.2,24,19.9,Kano
2020-07-03,34.2,23.9,28.5,5.1,19.7,20.46,69,957.3,63,21.8,Kano
2020-07-04,29.3,23.1,25.6,1.8,19.4,13.97,80,958.7,95,21.7,Kano
2020-07-05,32.1,22.3,27.1,0.6,16.1,20.9,69,960.1,72,20.3,Kano
2020-07-06,32.1,23.1,26.8,1.1,13.9,19.75,73,958.9,72,21.2,Kano
2020-07-07,31.5,24.3,26.6,0.0,14.1,13.39,71,958.1,78,20.8,Kano
2020-07-08,32.7,22.3,26.8,0.0,12.8,22.95,71,958.4,65,20.5,Kano
2020-07-09,32.4,22.6,26.8,2.8,12.3,22.23,73,959.3,36,21.2,Kano
2020-07-10,29.8,23.0,25.5,2.5,15.8,11.39,79,959.3,97,21.4,Kano
2020-07-11,32.0,23.4,27.2,0.1,14.2,22.78,66,959.9,61,19.8,Kano
2020-07-12,28.4,22.5,24.5,8.3,13.8,12.03,81,960.4,86,21.0,Kano
2020-07-13,31.1,21.8,25.6,1.6,12.5,18.99,76,959.3,64,20.7,Kano
2020-07-14,30.5,22.5,25.8,3.0,14.4,21.93,76,959.1,75,21.0,Kano
2020-07-15,28.8,21.8,24.7,10.7,14.2,16.52,83,959.7,79,21.3,Kano
2020-07-16,30.2,21.4,25.4,4.8,11.2,21.9,78,960.7,54,20.9,Kano
2020-07-17,30.7,21.7,25.6,4.7,12.5,22.55,77,960.7,68,20.9,Kano
2020-07-18,28.6,22.4,24.8,3.7,9.2,14.41,83,960.6,91,21.5,Kano
2020-07-19,29.6,21.4,25.3,1.0,13.0,19.77,77,959.2,46,20.6,Kano
2020-07-20,30.6,22.1,25.5,2.1,14.0,21.83,79,958.6,71,21.2,Kano
2020-07-21,31.1,22.6,25.2,8.1,11.5,18.93,78,959.5,70,20.8,Kano
2020-07-22,31.3,22.6,25.8,3.7,11.2,21.33,80,959.7,66,21.7,Kano
2020-07-23,29.4,21.3,24.8,13.2,18.7,17.77,82,958.9,79,21.4,Kano
2020-07-24,27.7,21.8,23.9,4.0,12.7,14.03,83,958.8,76,20.7,Kano
2020-07-25,31.3,21.9,25.7,5.2,13.1,22.3,78,959.4,49,21.2,Kano
2020-07-26,31.1,22.5,25.6,6.0,12.3,20.95,81,959.3,64,21.9,Kano
2020-07-27,26.4,22.8,24.4,6.1,13.0,9.38,82,959.7,98,20.9,Kano
2020-07-28,30.6,21.3,25.6,0.1,18.8,19.22,72,959.6,64,19.7,Kano
2020-07-29,31.8,22.3,26.8,0.0,14.2,23.75,69,959.3,76,20.3,Kano
2020-07-30,31.5,22.5,25.7,11.3,15.3,18.04,79,959.3,70,21.4,Kano
2020-07-31,30.7,22.1,25.1,0.1,15.1,18.91,71,959.9,69,19.1,Kano
2020-08-01,31.1,21.5,26.0,0.0,15.3,22.99,70,961.1,47,19.7,Kano
2020-08-02,28.2,22.6,24.7,8.2,13.9,11.09,80,960.7,93,20.8,Kano
2020-08-03,25.8,21.8,23.7,7.6,19.2,9.1,87,961.1,96,21.3,Kano
2020-08-04,24.3,20.7,22.4,13.9,21.6,8.22,88,962.0,86,20.3,Kano
2020-08-05,29.5,21.6,24.7,6.5,21.7,16.46,79,960.1,87,20.5,Kano
2020-08-06,26.9,21.7,23.0,26.7,21.7,11.17,90,959.4,99,21.2,Kano
2020-08-07,27.2,20.8,23.3,17.3,18.9,12.7,83,961.2,84,20.1,Kano
2020-08-08,28.3,20.8,24.5,0.4,17.1,18.13,75,962.4,74,19.5,Kano
2020-08-09,28.9,21.6,24.4,5.1,18.4,17.72,77,960.7,89,19.9,Kano
2020-08-10,27.1,21.5,23.2,7.4,20.3,11.49,87,959.0,99,20.9,Kano
2020-08-11,26.8,21.3,23.1,4.9,15.3,13.15,88,960.7,80,20.8,Kano
2020-08-12,29.7,20.6,24.7,1.5,10.9,21.96,78,961.3,53,20.3,Kano
2020-08-13,31.1,21.7,25.2,22.1,13.4,18.13,83,959.6,84,21.8,Kano
2020-08-14,28.2,21.5,24.3,19.5,11.5,16.59,87,957.7,83,21.9,Kano
2020-08-15,28.2,21.5,24.7,0.0,19.2,16.27,77,958.8,77,20.3,Kano
2020-08-16,30.8,21.7,26.1,0.2,14.5,20.17,71,958.4,90,20.2,Kano
2020-08-17,30.8,22.3,25.8,2.8,11.5,21.49,78,957.6,71,21.6,Kano
2020-08-18,30.9,22.8,26.4,0.0,11.6,20.84,77,958.0,74,21.8,Kano
2020-08-19,31.6,22.9,26.7,0.0,12.4,23.61,73,957.2,47,21.1,Kano
2020-08-20,31.4,23.0,26.4,3.0,15.7,19.18,76,956.2,93,21.7,Kano
2020-08-21,26.4,21.7,23.4,16.7,14.5,6.5,90,957.2,92,21.6,Kano
2020-08-22,28.0,20.3,24.0,0.0,12.0,16.9,81,959.5,76,20.2,Kano
2020-08-23,27.1,22.5,24.3,3.1,12.4,8.18,84,959.5,100,21.3,Kano
2020-08-24,27.0,21.8,23.4,67.4,22.6,12.37,87,958.1,77,21.1,Kano
2020-08-25,28.8,19.8,24.0,0.2,15.1,18.04,79,959.5,62,19.7,Kano
2020-08-26,28.9,21.6,24.0,13.5,8.8,14.88,85,960.4,85,21.3,Kano
2020-08-27,29.8,21.3,25.0,6.5,9.7,22.19,84,960.0,55,21.8,Kano
2020-08-28,26.8,21.8,23.8,17.6,15.0,14.73,88,959.2,80,21.7,Kano
2020-08-29,28.7,21.1,23.9,13.2,13.9,18.71,87,959.5,91,21.3,Kano
2020-08-30,26.0,21.5,22.8,23.2,13.0,8.1,92,959.6,88,21.3,Kano
2020-08-31,28.3,20.8,24.6,0.1,12.6,16.95,81,959.8,69,20.8,Kano
2020-09-01,29.1,21.8,24.3,27.2,10.6,18.85,88,958.8,80,22.0,Kano
2020-09-02,25.6,21.6,23.1,31.2,11.1,9.37,91,958.6,98,21.5,Kano
2020-09-03,28.8,20.7,24.5,5.7,6.7,18.63,84,960.1,86,21.4,Kano
2020-09-04,29.3,22.2,24.0,9.5,8.5,11.79,89,961.0,86,21.9,Kano
2020-09-05,29.6,20.9,24.2,11.9,9.4,20.75,86,959.3,79,21.5,Kano
2020-09-06,26.7,21.4,23.4,8.1,20.4,11.79,86,958.6,86,20.8,Kano
2020-09-07,29.5,21.8,25.1,0.0,13.3,20.24,78,958.4,78,20.7,Kano
2020-09-08,32.2,21.4,26.0,0.4,12.2,22.87,78,958.2,42,21.6,Kano
2020-09-09,30.7,21.0,25.6,0.2,10.6,20.3,81,959.7,61,21.6,Kano
2020-09-10,29.8,21.9,25.2,1.8,13.0,20.89,82,960.0,73,21.8,Kano
2020-09-11,29.7,20.7,25.3,0.0,10.5,17.68,75,958.6,71,20.3,Kano
2020-09-12,32.5,22.2,26.7,1.8,9.5,22.97,75,958.9,60,21.4,Kano
2020-09-13,29.3,22.5,25.0,0.0,12.6,16.1,82,960.3,84,21.5,Kano
2020-09-14,31.0,22.6,25.5,7.7,10.8,21.84,81,960.9,70,21.7,Kano
2020-09-15,28.6,21.9,24.2,3.7,11.2,15.18,86,959.3,92,21.5,Kano
2020-09-16,29.9,20.3,24.4,1.6,14.8,21.9,86,958.8,59,21.6,Kano
2020-09-17,26.8,21.7,23.7,0.0,11.2,11.04,86,960.7,76,21.2,Kano
2020-09-18,31.5,21.4,25.9,0.1,10.9,22.7,79,961.0,51,21.5,Kano
2020-09-19,34.0,22.2,27.0,0.0,10.9,24.07,75,959.0,43,21.7,Kano
2020-09-20,30.2,23.0,25.9,0.1,23.5,18.31,77,959.6,85,21.4,Kano
2020-09-21,28.3,21.4,23.9,1.7,12.6,12.9,84,960.9,91,21.0,Kano
2020-09-22,29.7,20.8,24.6,0.0,8.4,20.31,80,960.7,44,20.7,Kano
2020-09-23,32.5,21.4,26.3,0.0,10.8,23.89,75,960.2,25,21.2,Kano
2020-09-24,32.7,20.9,26.4,0.1,15.1,22.36,75,960.3,63,21.2,Kano
2020-09-25,31.8,22.0,26.0,1.3,14.8,22.07,77,960.5,40,21.2,Kano
2020-09-26,30.8,22.7,26.1,0.0,12.4,20.56,74,958.8,70,20.7,Kano
2020-09-27,31.6,21.9,26.1,0.0,12.2,22.5,76,957.9,44,21.2,Kano
2020-09-28,31.0,22.6,26.1,0.0,11.0,17.43,77,958.7,76,21.4,Kano
2020-09-29,30.9,22.7,25.4,1.1,10.8,15.84,81,959.9,98,21.6,Kano
2020-09-30,30.4,20.1,24.7,0.0,15.3,22.5,76,959.4,53,19.9,Kano
2020-10-01,31.1,20.8,25.5,0.0,13.3,22.33,75,958.5,32,20.4,Kano
2020-10-02,30.2,21.7,25.9,0.2,9.6,21.03,77,958.5,64,21.3,Kano
2020-10-03,31.6,22.9,26.4,0.0,11.6,20.02,77,959.7,62,21.8,Kano
2020-10-04,33.3,21.8,26.8,0.0,9.6,22.73,71,959.8,20,20.5,Kano
2020-10-05,32.4,22.0,27.0,0.0,8.9,21.01,70,960.0,72,20.5,Kano
2020-10-06,34.5,22.1,26.9,0.7,11.5,22.38,75,959.2,51,21.4,Kano
2020-10-07,31.0,22.2,26.0,0.0,16.3,22.53,73,959.7,67,20.3,Kano
2020-10-08,29.7,22.4,25.6,0.0,11.8,16.23,75,960.4,68,20.6,Kano
2020-10-09,30.2,22.8,25.6,2.5,8.3,16.15,80,961.0,82,21.6,Kano
2020-10-10,32.4,21.5,26.4,0.0,9.1,22.82,72,960.8,25,20.5,Kano
2020-10-11,33.1,22.3,26.5,0.0,12.1,22.71,66,959.6,21,19.2,Kano
2020-10-12,33.5,20.8,26.0,0.0,10.9,23.17,67,958.5,4,18.6,Kano
2020-10-13,34.0,21.1,26.3,0.0,10.2,23.07,61,957.9,12,17.6,Kano
2020-10-14,33.1,21.7,26.7,0.0,13.4,22.44,70,959.4,15,20.3,Kano
2020-10-15,32.4,22.1,26.9,0.0,13.1,21.43,73,960.0,38,21.2,Kano
2020-10-16,32.9,22.0,27.4,0.0,9.1,21.96,69,959.6,33,20.7,Kano
2020-10-17,32.0,22.8,27.1,0.0,10.0,21.48,73,959.3,40,21.6,Kano
2020-10-18,33.6,22.0,27.3,0.0,11.2,20.81,64,958.4,46,19.0,Kano
2020-10-19,33.6,20.3,26.0,0.0,9.7,22.16,63,958.3,31,17.5,Kano
2020-10-20,35.1,19.0,25.9,0.0,12.3,23.4,58,958.3,60,15.4,Kano
2020-10-21,34.0,16.7,25.0,0.0,11.6,23.18,49,958.7,36,12.5,Kano
2020-10-22,34.3,17.3,25.3,0.0,13.8,23.67,44,959.3,19,10.8,Kano
2020-10-23,33.5,18.7,25.3,0.0,15.5,23.51,37,959.6,16,9.0,Kano
2020-10-24,32.5,18.6,25.5,0.0,16.3,22.27,40,959.3,76,10.3,Kano
2020-10-25,31.1,21.0,25.9,0.0,13.4,22.56,36,959.1,59,9.4,Kano
2020-10-26,31.0,19.3,24.7,0.0,12.7,23.0,41,958.8,36,9.8,Kano
2020-10-27,31.9,17.1,24.3,0.0,13.2,23.01,45,958.4,49,10.6,Kano
2020-10-28,31.7,17.0,23.5,0.0,12.7,21.38,48,958.6,12,11.0,Kano
2020-10-29,31.9,17.9,24.6,0.0,11.9,22.23,43,959.6,10,10.5,Kano
2020-10-30,32.5,18.5,24.8,0.0,15.3,22.65,41,959.5,4,10.2,Kano
2020-10-31,32.1,18.2,24.7,0.0,15.0,22.67,40,959.5,11,9.7,Kano
2020-11-01,31.3,19.0,24.2,0.0,14.7,21.78,39,959.3,62,8.9,Kano
2020-11-02,31.0,18.6,23.8,0.0,15.3,21.6,40,960.3,86,8.9,Kano
2020-11-03,31.6,19.6,25.2,0.0,17.6,21.46,37,961.2,77,9.2,Kano
2020-11-04,32.0,20.7,25.6,0.0,15.0,21.18,32,960.7,47,7.6,Kano
2020-11-05,31.8,20.2,25.2,0.0,16.0,21.43,31,960.6,70,6.8,Kano
2020-11-06,30.5,19.1,23.9,0.0,16.1,22.17,36,961.0,21,7.4,Kano
2020-11-07,29.4,16.9,22.4,0.0,15.6,22.42,37,961.6,1,6.6,Kano
2020-11-08,29.7,16.8,23.0,0.0,13.4,22.01,39,962.3,60,7.9,Kano
2020-11-09,29.7,17.0,23.1,0.0,12.7,21.96,40,962.1,47,8.4,Kano
2020-11-10,29.8,16.6,22.3,0.0,13.8,22.02,45,961.1,11,9.2,Kano
2020-11-11,29.5,17.2,22.6,0.0,13.1,21.64,42,960.6,41,8.7,Kano
2020-11-12,30.4,16.5,23.0,0.0,13.8,21.59,39,960.9,43,7.9,Kano
2020-11-13,31.1,19.1,24.1,0.0,15.8,21.3,36,961.2,24,7.9,Kano
2020-11-14,31.3,19.9,25.1,0.0,15.9,21.28,34,961.1,68,7.6,Kano
2020-11-15,30.7,19.7,24.6,0.0,18.3,21.63,32,960.6,16,6.7,Kano
2020-11-16,30.5,19.2,24.1,0.0,14.6,21.63,35,960.5,0,7.5,Kano
2020-11-17,30.1,18.5,23.5,0.0,15.8,21.81,36,960.4,9,7.0,Kano
2020-11-18,29.0,16.7,21.9,0.0,14.5,21.96,35,960.1,34,5.4,Kano
2020-11-19,28.9,15.2,21.4,0.0,11.8,21.7,39,959.5,19,6.2,Kano
2020-11-20,29.4,16.3,22.0,0.0,13.7,21.45,37,959.4,35,6.2,Kano
2020-11-21,29.7,16.6,22.5,0.0,12.4,21.09,38,959.8,35,7.1,Kano
2020-11-22,30.6,16.9,23.2,0.0,10.8,21.09,40,960.2,28,8.2,Kano
2020-11-23,31.6,17.7,24.1,0.0,10.5,21.09,41,960.3,13,9.3,Kano
2020-11-24,32.3,17.9,24.6,0.0,11.5,20.92,42,959.6,64,10.1,Kano
2020-11-25,32.4,17.0,24.7,0.0,11.6,20.93,41,958.7,68,9.8,Kano
2020-11-26,31.4,18.3,24.3,0.0,14.8,21.0,33,959.0,62,6.4,Kano
2020-11-27,31.4,17.7,23.9,0.0,11.5,20.93,34,959.4,0,6.5,Kano
2020-11-28,31.7,18.0,24.0,0.0,12.5,20.86,34,960.4,12,6.7,Kano
2020-11-29,31.1,16.9,23.5,0.0,13.3,21.16,30,960.3,17,4.5,Kano
2020-11-30,31.3,16.7,23.0,0.0,11.7,21.52,28,960.9,0,3.0,Kano
2020-12-01,31.4,17.0,23.6,0.0,14.6,21.23,25,960.5,7,2.0,Kano
2020-12-02,30.8,16.9,23.0,0.0,13.1,21.2,28,960.3,2,3.0,Kano
2020-12-03,30.6,13.9,22.0,0.0,12.1,21.23,29,960.2,5,2.7,Kano
2020-12-04,32.4,15.2,23.7,0.0,10.9,20.86,30,960.3,11,4.4,Kano
2020-12-05,33.3,14.4,24.4,0.0,11.6,20.81,32,959.6,33,5.6,Kano
2020-12-06,33.9,17.3,25.7,0.0,11.4,20.57,32,959.4,59,6.9,Kano
2020-12-07,33.4,18.8,25.7,0.0,13.5,20.34,32,960.7,78,6.9,Kano
2020-12-08,33.7,19.1,25.3,0.0,14.5,20.39,30,960.8,58,5.6,Kano
2020-12-09,33.1,17.5,24.6,0.0,12.2,20.42,30,959.6,70,5.0,Kano
2020-12-10,33.0,18.4,24.9,0.0,12.2,19.35,29,959.8,58,5.3,Kano
2020-12-11,33.5,18.6,25.3,0.0,12.3,20.46,30,959.6,51,5.9,Kano
2020-12-12,33.7,17.4,25.8,0.0,10.1,20.55,28,959.1,0,4.8,Kano
2020-12-13,33.4,15.8,24.8,0.0,9.7,20.51,30,958.0,2,4.9,Kano
2020-12-14,33.3,17.7,24.7,0.0,13.4,20.53,28,958.3,0,4.2,Kano
2020-12-15,31.7,17.9,24.4,0.0,13.4,20.59,26,959.2,20,3.1,Kano
2020-12-16,30.7,17.4,23.4,0.0,14.6,20.52,27,960.4,49,2.8,Kano
2020-12-17,29.3,15.9,22.0,0.0,13.5,20.46,30,960.0,56,3.1,Kano
2020-12-18,29.3,15.5,21.7,0.0,10.8,20.4,33,959.7,17,4.3,Kano
2020-12-19,29.7,15.9,22.0,0.0,12.2,20.29,34,959.5,19,4.5,Kano
2020-12-20,30.2,15.9,22.2,0.0,12.4,20.31,31,959.8,35,3.7,Kano
2020-12-21,30.1,15.7,22.3,0.0,11.3,20.39,29,960.0,38,3.0,Kano
2020-12-22,30.4,15.5,22.2,0.0,11.5,20.21,33,959.4,48,4.2,Kano
2020-12-23,30.7,15.0,22.1,0.0,11.9,20.55,31,959.3,51,3.4,Kano
2020-12-24,29.6,16.0,22.5,0.0,15.9,20.48,24,960.2,8,0.5,Kano
2020-12-25,27.6,15.3,21.0,0.0,15.5,20.53,27,960.7,2,1.0,Kano
2020-12-26,27.2,13.9,20.2,0.0,14.6,20.51,34,959.7,2,3.5,Kano
2020-12-27,27.1,13.6,19.9,0.0,12.4,20.36,34,959.4,0,3.1,Kano
2020-12-28,27.6,14.0,20.4,0.0,11.8,20.35,28,959.5,0,1.1,Kano
2020-12-29,28.6,14.3,21.0,0.0,10.6,20.3,28,959.1,18,1.3,Kano
2020-12-30,29.6,15.2,21.7,0.0,11.1,20.3,29,959.6,35,2.4,Kano
2020-12-31,30.7,15.3,22.4,0.0,12.1,20.46,26,959.6,20,1.3,Kano
2021-01-01,31.0,14.9,22.5,0.0,12.1,20.58,26,958.9,7,1.6,Kano
2021-01-02,32.2,13.5,23.2,0.0,11.9,20.69,28,958.7,0,2.4,Kano
2021-01-03,32.9,15.7,23.9,0.0,11.9,20.69,27,958.8,1,3.0,Kano
2021-01-04,34.0,17.1,24.7,0.0,12.1,20.79,26,958.4,20,2.9,Kano
2021-01-05,33.9,15.6,24.4,0.0,11.2,20.97,26,957.8,6,2.9,Kano
2021-01-06,34.4,17.7,25.7,0.0,15.4,20.96,20,958.9,21,0.4,Kano
2021-01-07,33.9,18.7,25.7,0.0,16.2,21.04,18,959.7,39,-1.0,Kano
2021-01-08,32.9,18.5,25.4,0.0,17.2,20.59,20,959.8,86,0.5,Kano
2021-01-09,32.8,18.8,24.9,0.0,18.3,21.1,24,959.3,42,2.5,Kano
2021-01-10,31.6,17.9,24.0,0.0,12.7,21.21,24,958.9,0,1.8,Kano
2021-01-11,31.3,17.4,23.3,0.0,14.0,21.36,25,958.7,0,1.5,Kano
2021-01-12,30.6,14.0,22.2,0.0,12.2,21.52,24,959.9,0,0.3,Kano
2021-01-13,30.2,14.0,21.7,0.0,12.4,21.7,21,960.8,0,-2.0,Kano
2021-01-14,29.8,14.4,21.2,0.0,12.2,21.66,26,960.5,16,0.2,Kano
2021-01-15,29.2,15.0,20.8,0.0,11.8,21.68,27,959.5,0,0.9,Kano
2021-01-16,29.2,11.9,20.4,0.0,12.5,21.96,26,958.4,25,-0.5,Kano
2021-01-17,30.7,13.1,21.4,0.0,12.0,21.65,23,958.9,2,-1.4,Kano
2021-01-18,29.2,15.7,22.3,0.0,17.9,21.29,22,960.5,33,-0.9,Kano
2021-01-19,27.8,15.0,21.2,0.0,18.6,21.56,23,961.9,45,-1.4,Kano
2021-01-20,27.1,13.6,20.3,0.0,17.6,21.87,23,962.0,39,-1.7,Kano
2021-01-21,26.1,13.5,19.5,0.0,16.5,21.84,23,961.9,39,-2.3,Kano
2021-01-22,26.5,13.0,19.4,0.0,15.6,21.8,24,961.6,9,-2.2,Kano
2021-01-23,27.3,13.0,19.7,0.0,13.7,21.78,20,960.7,53,-4.4,Kano
2021-01-24,28.4,12.7,20.0,0.0,13.2,22.18,20,960.3,37,-4.0,Kano
2021-01-25,29.1,13.5,20.6,0.0,12.9,22.01,17,960.5,0,-5.6,Kano
2021-01-26,30.9,15.0,22.1,0.0,11.2,21.96,16,960.1,9,-5.3,Kano
2021-01-27,31.1,15.8,22.9,0.0,13.8,21.96,15,959.7,30,-6.0,Kano
2021-01-28,30.4,15.8,22.7,0.0,16.3,22.09,13,960.7,7,-7.8,Kano
2021-01-29,28.8,15.8,22.0,0.0,17.7,21.97,16,962.0,0,-4.8,Kano
2021-01-30,28.7,15.6,21.7,0.0,14.2,22.01,20,961.2,3,-2.7,Kano
2021-01-31,29.6,14.5,21.5,0.0,10.2,21.92,23,959.5,12,-0.9,Kano
2021-02-01,30.3,15.3,22.2,0.0,11.0,20.77,23,959.7,31,-0.4,Kano
2021-02-02,31.3,16.0,23.0,0.0,10.9,22.24,19,960.4,7,-2.9,Kano
2021-02-03,29.9,15.8,22.6,0.0,13.8,22.49,14,961.6,0,-6.8,Kano
2021-02-04,29.0,16.0,22.3,0.0,16.4,22.43,19,961.4,0,-2.9,Kano
2021-02-05,29.3,16.2,22.3,0.0,15.5,22.47,22,961.6,13,-1.0,Kano
2021-02-06,28.9,15.6,21.6,0.0,15.6,22.47,23,961.0,44,-0.7,Kano
2021-02-07,29.8,13.8,21.2,0.0,10.8,23.19,23,959.6,2,-1.5,Kano
2021-02-08,30.9,12.5,21.2,0.0,11.2,23.41,26,958.3,17,-0.2,Kano
2021-02-09,32.2,15.2,22.8,0.0,13.0,23.31,21,959.0,48,-1.3,Kano
2021-02-10,31.8,16.1,23.1,0.0,14.7,23.58,19,959.3,48,-2.5,Kano
2021-02-11,32.0,15.8,23.2,0.0,15.3,23.62,16,959.6,56,-4.7,Kano
2021-02-12,31.9,15.5,23.2,0.0,13.4,23.59,20,959.0,24,-1.9,Kano
2021-02-13,32.2,13.9,23.5,0.0,10.9,23.68,19,958.2,0,-2.2,Kano
2021-02-14,32.8,16.5,23.8,0.0,13.5,23.35,25,957.7,0,1.8,Kano
2021-02-15,32.9,17.3,24.9,0.0,15.8,23.54,18,958.7,0,-2.1,Kano
2021-02-16,32.2,18.2,24.9,0.0,20.5,23.58,13,960.1,7,-6.1,Kano
2021-02-17,26.8,17.6,21.8,0.0,22.1,23.5,18,962.5,21,-4.0,Kano
2021-02-18,24.1,13.6,18.6,0.0,19.3,24.0,20,963.3,47,-4.9,Kano
2021-02-19,24.7,12.3,18.2,0.0,16.9,23.62,17,963.9,67,-7.4,Kano
2021-02-20,26.3,12.4,19.1,0.0,14.8,23.79,17,963.1,52,-6.8,Kano
2021-02-21,27.6,13.5,20.3,0.0,14.2,23.6,17,961.7,35,-6.1,Kano
2021-02-22,28.9,14.3,21.4,0.0,16.8,23.63,18,961.4,39,-4.6,Kano
2021-02-23,29.2,14.8,21.8,0.0,16.1,23.62,18,961.8,7,-4.2,Kano
2021-02-24,29.7,16.0,22.4,0.0,14.9,23.57,17,961.3,0,-4.3,Kano
2021-02-25,30.1,15.8,22.3,0.0,12.8,23.44,19,959.8,1,-2.9,Kano
2021-02-26,30.9,16.2,23.3,0.0,10.9,23.03,19,958.9,8,-1.9,Kano
2021-02-27,32.1,17.6,24.4,0.0,13.4,23.28,18,958.8,5,-1.7,Kano
2021-02-28,32.4,17.6,24.8,0.0,15.6,23.87,14,958.5,8,-5.0,Kano
2021-03-01,33.5,18.3,25.5,0.0,16.8,23.82,14,958.4,20,-3.8,Kano
2021-03-02,33.5,19.8,26.3,0.0,19.4,24.01,15,959.3,16,-3.1,Kano
2021-03-03,33.4,19.7,26.5,0.0,18.4,24.04,15,959.2,18,-2.8,Kano
2021-03-04,33.8,19.3,26.4,0.0,17.2,24.06,14,958.9,0,-3.5,Kano
2021-03-05,34.1,18.7,26.2,0.0,14.6,24.07,15,958.4,6,-3.0,Kano
2021-03-06,34.7,18.6,26.3,0.0,13.6,24.25,15,959.7,35,-2.8,Kano
2021-03-07,35.2,19.0,26.6,0.0,13.8,24.48,11,959.5,49,-6.6,Kano
2021-03-08,36.7,19.5,27.7,0.0,11.5,24.52,11,957.6,24,-5.9,Kano
2021-03-09,36.8,18.6,27.3,0.0,11.5,24.58,13,956.2,22,-4.5,Kano
2021-03-10,37.7,18.5,27.8,0.0,11.9,24.64,16,955.3,38,-1.3,Kano
2021-03-11,37.7,17.8,28.3,0.0,12.5,23.49,18,954.6,78,1.5,Kano
2021-03-12,38.4,22.1,29.8,0.0,13.2,22.84,28,954.4,60,8.4,Kano
2021-03-13,37.1,22.7,29.7,0.0,14.8,23.5,17,956.0,71,1.6,Kano
2021-03-14,37.5,22.7,29.9,0.0,11.6,23.97,18,956.7,37,2.6,Kano
2021-03-15,37.4,22.0,30.2,0.0,11.3,23.85,17,956.0,44,1.9,Kano
2021-03-16,37.0,20.1,29.0,0.0,10.5,22.75,21,955.6,71,3.8,Kano
2021-03-17,36.9,22.7,29.4,0.0,11.6,24.16,19,955.9,29,2.6,Kano
2021-03-18,36.3,19.8,28.5,0.0,10.9,21.75,28,956.3,77,7.4,Kano
2021-03-19,36.9,22.5,29.4,0.0,10.2,20.22,36,956.1,48,11.9,Kano
2021-03-20,38.1,23.7,30.6,0.0,13.2,22.78,32,955.9,62,10.8,Kano
2021-03-21,39.0,23.7,31.7,0.0,15.2,23.92,32,955.2,78,9.9,Kano
2021-03-22,37.8,21.6,30.7,0.0,10.8,24.33,18,954.8,56,2.9,Kano
2021-03-23,36.8,23.7,29.7,0.0,16.0,21.47,43,957.1,42,14.6,Kano
2021-03-24,36.7,22.9,29.4,0.0,11.8,24.15,24,958.1,25,5.0,Kano
2021-03-25,35.4,20.9,28.3,0.0,10.8,24.64,17,958.9,57,-0.3,Kano
2021-03-26,33.2,20.7,26.8,0.0,17.8,25.02,12,960.3,35,-5.4,Kano
2021-03-27,31.7,19.2,25.3,0.0,19.0,25.3,14,961.3,0,-4.6,Kano
2021-03-28,31.5,19.8,25.4,0.0,20.3,25.09,16,961.5,0,-2.8,Kano
2021-03-29,31.8,19.8,25.5,0.0,17.7,24.96,14,961.1,2,-4.0,Kano
2021-03-30,31.6,19.3,25.1,0.0,20.4,25.1,11,960.6,3,-7.6,Kano
2021-03-31,32.4,18.3,25.1,0.0,17.0,25.46,13,959.6,41,-6.2,Kano
2021-04-01,33.3,18.3,25.3,0.0,14.5,25.65,13,960.0,32,-5.4,Kano
2021-04-02,34.1,18.8,26.1,0.0,17.4,25.78,13,960.7,0,-4.7,Kano
2021-04-03,33.6,19.6,26.4,0.0,16.6,25.35,13,960.1,9,-4.9,Kano
2021-04-04,35.3,19.9,26.9,0.0,13.7,24.69,15,959.1,12,-2.1,Kano
2021-04-05,36.4,20.9,27.7,0.0,11.5,23.95,16,958.0,5,-0.9,Kano
2021-04-06,38.6,20.4,29.4,0.0,11.5,25.21,17,957.0,12,0.8,Kano
2021-04-07,39.0,21.5,30.6,0.0,11.6,24.51,17,957.4,68,1.5,Kano
2021-04-08,40.0,23.3,30.9,0.0,13.5,25.48,16,956.7,9,1.1,Kano
2021-04-09,38.8,21.3,31.0,0.0,11.5,24.88,13,955.9,59,-1.9,Kano
2021-04-10,38.3,20.3,30.1,0.0,11.4,25.19,14,955.4,61,-2.3,Kano
2021-04-11,38.4,20.9,30.0,0.0,13.0,25.19,16,955.5,18,0.7,Kano
2021-04-12,38.6,22.5,30.8,0.0,14.1,25.4,13,958.2,59,-2.3,Kano
2021-04-13,38.0,21.9,29.3,0.0,11.9,26.28,13,958.7,0,-3.4,Kano
2021-04-14,38.2,21.1,29.8,0.0,11.7,25.35,17,957.8,39,0.9,Kano
2021-04-15,38.6,23.2,30.3,0.0,13.0,25.25,22,957.5,23,4.2,Kano
2021-04-16,38.7,22.2,29.6,0.0,17.4,26.08,12,955.8,48,-4.3,Kano
2021-04-17,38.6,19.5,29.6,0.0,10.5,25.41,20,955.7,66,2.2,Kano
2021-04-18,38.3,24.8,31.1,0.0,17.6,22.6,30,956.9,81,9.7,Kano
2021-04-19,39.5,22.4,30.9,0.0,10.3,24.86,28,956.3,57,8.8,Kano
2021-04-20,39.7,25.0,32.1,0.0,14.0,23.65,27,955.8,29,9.3,Kano
2021-04-21,38.8,24.6,32.2,0.0,13.8,22.98,31,956.2,66,11.4,Kano
2021-04-22,39.7,24.8,31.8,0.0,14.5,24.37,39,956.7,59,13.4,Kano
2021-04-23,39.1,24.7,31.7,0.0,12.5,23.5,30,956.0,64,11.0,Kano
2021-04-24,39.3,26.1,32.3,0.0,14.9,21.83,30,955.5,52,11.5,Kano
2021-04-25,39.1,25.5,32.0,0.0,14.9,22.72,34,956.6,83,12.6,Kano
2021-04-26,39.8,25.3,32.2,0.0,14.0,23.19,32,956.4,43,11.3,Kano
2021-04-27,39.6,22.8,31.4,0.0,19.5,22.04,24,955.1,32,7.7,Kano
2021-04-28,38.8,23.2,30.7,0.0,11.3,25.42,29,955.9,51,8.0,Kano
2021-04-29,38.7,19.8,29.7,0.0,12.2,25.68,22,956.6,36,3.5,Kano
2021-04-30,38.6,22.6,30.7,0.0,10.9,25.33,26,956.5,40,5.9,Kano
2021-05-01,39.1,21.5,31.0,0.0,13.2,25.59,19,956.2,30,3.2,Kano
2021-05-02,39.7,21.0,30.9,0.0,14.1,25.63,17,955.8,41,2.2,Kano
2021-05-03,38.7,22.6,30.6,0.0,13.7,24.78,19,955.4,77,3.6,Kano
2021-05-04,38.3,22.8,30.8,0.0,17.8,23.52,38,956.3,64,12.1,Kano
2021-05-05,37.9,25.1,31.3,0.0,18.2,22.87,38,956.7,38,12.7,Kano
2021-05-06,38.6,23.3,31.5,0.0,14.0,22.73,28,956.7,37,9.2,Kano
2021-05-07,36.8,23.8,30.6,0.0,17.4,23.77,42,959.0,51,15.2,Kano
2021-05-08,37.7,26.6,31.8,0.0,18.9,22.63,42,959.3,48,16.2,Kano
2021-05-09,36.7,25.4,30.6,0.0,18.1,22.53,51,959.7,50,18.4,Kano
2021-05-10,37.4,24.8,30.6,0.2,16.3,19.71,44,959.7,77,15.1,Kano
2021-05-11,39.3,24.6,31.8,0.0,13.2,22.06,33,958.4,11,11.6,Kano
2021-05-12,38.9,24.3,31.7,0.0,13.0,22.91,38,957.9,14,13.5,Kano
2021-05-13,37.6,25.6,31.9,0.0,16.8,23.32,40,957.4,51,15.7,Kano
2021-05-14,37.7,24.8,31.2,0.0,14.4,22.99,48,957.9,33,17.7,Kano
2021-05-15,37.8,25.2,31.8,0.0,12.5,22.99,45,958.2,47,17.3,Kano
2021-05-16,38.8,25.7,32.2,0.0,19.1,22.99,36,957.2,53,14.0,Kano
2021-05-17,39.0,24.8,31.8,0.0,15.9,23.75,38,957.9,29,14.2,Kano
2021-05-18,39.5,25.6,32.4,0.0,13.5,24.22,34,958.7,15,12.8,Kano
2021-05-19,39.2,25.7,32.2,0.0,17.5,24.12,36,958.7,41,12.7,Kano
2021-05-20,39.3,24.6,32.0,0.0,16.1,23.9,32,958.2,47,11.1,Kano
2021-05-21,39.0,25.2,32.0,0.0,12.2,22.13,38,958.3,72,13.9,Kano
2021-05-22,38.3,25.3,31.7,0.0,18.1,22.45,38,959.5,69,14.0,Kano
2021-05-23,38.7,25.8,32.4,0.0,15.6,22.25,38,959.6,50,14.5,Kano
2021-05-24,39.9,25.7,32.5,0.0,16.2,25.02,33,959.0,44,11.2,Kano
2021-05-25,39.2,22.3,31.3,0.0,12.6,24.16,30,957.8,19,8.8,Kano
2021-05-26,38.8,24.4,31.9,0.0,13.9,23.61,39,957.7,11,13.9,Kano
2021-05-27,37.9,25.0,31.5,0.0,13.7,22.65,42,958.2,25,14.8,Kano
2021-05-28,38.0,24.0,31.2,0.0,13.6,23.86,37,958.5,68,12.4,Kano
2021-05-29,38.3,25.3,31.5,0.1,24.7,20.48,38,958.7,74,14.7,Kano
2021-05-30,39.9,23.8,32.2,0.0,15.3,23.84,33,956.6,22,10.4,Kano
2021-05-31,40.0,22.4,31.9,0.0,13.9,24.93,28,956.4,16,7.2,Kano
2021-06-01,36.7,25.8,30.9,0.0,20.6,21.25,48,957.4,28,17.8,Kano
2021-06-02,38.5,25.9,30.8,0.0,16.9,21.55,48,958.9,70,17.1,Kano
2021-06-03,38.8,25.1,31.5,0.0,21.2,21.81,43,958.6,33,16.0,Kano
2021-06-04,37.9,25.8,31.6,0.0,22.4,24.11,47,958.4,16,18.0,Kano
2021-06-05,36.9,25.5,31.0,0.0,17.3,20.98,50,958.7,57,18.1,Kano
2021-06-06,34.7,25.6,29.0,0.2,14.8,16.01,56,959.2,64,18.7,Kano
2021-06-07,36.8,24.8,30.9,0.0,11.7,21.62,46,958.5,47,17.0,Kano
2021-06-08,36.6,25.7,30.9,0.0,13.2,18.39,42,958.6,67,15.6,Kano
2021-06-09,37.7,26.4,31.9,0.0,14.6,22.49,40,958.4,76,16.0,Kano
2021-06-10,37.3,25.0,31.5,0.0,16.4,22.45,48,957.9,46,18.2,Kano
2021-06-11,37.8,26.2,31.8,0.0,16.9,23.29,47,957.1,56,17.9,Kano
2021-06-12,36.0,25.9,30.4,0.0,13.5,20.87,50,959.9,58,18.4,Kano
2021-06-13,37.7,25.5,31.3,0.0,13.6,21.58,44,960.5,61,16.4,Kano
2021-06-14,38.7,24.8,31.8,0.0,12.2,23.19,43,958.8,10,16.4,Kano
2021-06-15,38.2,26.2,31.7,0.0,27.1,23.28,48,958.4,41,18.1,Kano
2021-06-16,35.7,26.0,30.1,0.0,16.1,18.54,47,959.7,76,17.0,Kano
2021-06-17,33.3,25.0,29.2,0.0,14.2,15.76,50,961.3,56,17.4,Kano
2021-06-18,36.3,25.7,30.7,0.0,14.9,20.57,47,960.7,71,17.4,Kano
2021-06-19,37.0,24.8,30.8,0.0,16.5,21.91,52,959.9,25,18.8,Kano
2021-06-20,34.4,23.6,28.9,1.9,13.8,21.87,63,960.6,60,20.1,Kano
2021-06-21,33.8,24.8,28.9,4.9,16.1,21.87,60,960.4,58,19.9,Kano
2021-06-22,29.3,22.1,25.0,5.1,16.0,13.0,74,960.8,82,19.8,Kano
2021-06-23,33.2,21.2,26.7,0.0,9.7,21.84,63,959.9,61,18.3,Kano
2021-06-24,32.8,22.5,27.0,1.1,12.7,20.37,68,960.4,56,20.1,Kano
2021-06-25,35.2,23.1,28.3,0.0,8.3,21.7,60,960.2,44,19.0,Kano
2021-06-26,35.7,22.7,29.2,0.0,13.6,22.81,58,958.0,42,19.1,Kano
2021-06-27,33.7,23.4,28.6,0.0,19.2,23.41,57,957.9,73,19.0,Kano
2021-06-28,33.5,23.3,28.2,0.0,15.5,20.41,59,959.9,56,19.0,Kano
2021-06-29,35.0,24.9,29.1,0.0,19.9,22.55,55,960.9,55,18.5,Kano
2021-06-30,34.4,24.9,28.5,1.0,16.5,22.52,60,961.4,58,19.4,Kano
2021-07-01,33.3,23.5,27.5,0.4,16.3,16.94,65,960.4,56,19.8,Kano
2021-07-02,33.7,23.3,27.5,3.1,13.2,18.68,67,960.1,65,20.4,Kano
2021-07-03,33.9,22.4,27.6,14.3,16.9,22.75,67,960.0,85,20.1,Kano
2021-07-04,32.4,24.3,27.4,6.6,16.3,21.24,64,961.3,55,19.7,Kano
2021-07-05,33.5,22.8,27.3,0.0,16.4,22.61,66,961.4,58,20.1,Kano
2021-07-06,33.1,24.5,28.4,0.0,20.1,23.27,59,959.3,57,19.2,Kano
2021-07-07,33.3,23.2,28.1,0.0,19.3,23.26,60,958.1,60,19.2,Kano
2021-07-08,33.8,23.8,28.2,7.4,19.9,23.65,64,959.8,40,20.0,Kano
2021-07-09,30.8,21.8,25.5,14.3,12.0,20.83,76,961.5,70,20.4,Kano
2021-07-10,30.7,22.1,25.4,7.3,13.0,19.73,78,961.3,64,21.0,Kano
2021-07-11,31.9,22.4,26.7,0.1,11.8,22.86,73,960.9,21,21.2,Kano
2021-07-12,31.8,23.6,26.7,0.0,16.6,19.58,68,961.2,90,20.0,Kano
2021-07-13,31.5,23.4,26.9,0.1,15.0,22.79,67,960.6,66,19.7,Kano
2021-07-14,32.9,22.7,27.7,0.0,11.6,23.05,62,959.9,40,19.3,Kano
2021-07-15,32.7,24.1,27.0,0.0,15.9,16.58,67,959.4,75,20.3,Kano
2021-07-16,32.2,24.0,27.1,0.2,15.6,18.91,68,959.6,76,20.3,Kano
2021-07-17,30.4,23.1,25.6,0.8,17.8,15.78,74,961.5,72,20.4,Kano
2021-07-18,29.1,22.8,25.5,3.7,14.3,11.1,75,960.4,90,20.6,Kano
2021-07-19,30.6,22.5,26.0,4.0,16.5,12.57,73,959.5,81,20.5,Kano
2021-07-20,32.6,23.6,27.6,0.0,17.6,22.8,66,960.8,52,20.3,Kano
2021-07-21,32.0,24.7,27.5,0.3,16.8,19.85,68,962.5,76,20.7,Kano
2021-07-22,28.7,23.2,25.8,0.3,14.7,11.45,73,962.8,96,20.4,Kano
2021-07-23,27.7,22.8,24.4,3.8,16.4,7.48,81,961.7,88,21.0,Kano
2021-07-24,29.4,22.4,24.9,16.1,18.4,16.5,82,960.7,74,21.4,Kano
2021-07-25,29.7,22.0,25.5,2.2,17.0,18.11,77,959.9,78,21.0,Kano
2021-07-26,24.2,22.3,23.2,26.9,16.0,3.83,91,959.4,94,21.7,Kano
2021-07-27,26.8,21.8,23.7,2.3,17.6,14.79,86,960.2,84,21.1,Kano
2021-07-28,28.3,21.5,24.0,3.2,14.8,16.65,82,960.9,98,20.6,Kano
2021-07-29,30.3,21.1,25.4,0.3,11.9,19.55,74,960.6,61,20.1,Kano
2021-07-30,28.2,23.1,24.9,4.5,10.5,13.69,83,960.4,95,21.7,Kano
2021-07-31,29.7,21.6,25.1,0.8,15.6,20.01,78,961.7,48,20.8,Kano
2021-08-01,28.7,22.9,25.1,1.5,13.1,14.02,80,962.9,97,21.3,Kano
2021-08-02,27.4,22.6,24.3,7.0,21.0,10.9,84,961.7,98,21.3,Kano
2021-08-03,30.5,22.2,25.3,0.9,12.0,20.58,78,960.7,69,21.0,Kano
2021-08-04,31.5,22.4,26.2,1.4,13.2,23.65,78,961.3,48,21.6,Kano
2021-08-05,29.2,22.9,25.7,0.6,16.9,20.66,77,963.2,61,21.1,Kano
2021-08-06,30.8,22.7,26.2,0.2,14.8,21.57,74,962.1,69,21.0,Kano
2021-08-07,30.9,23.1,25.5,3.1,24.2,15.37,78,960.4,85,21.1,Kano
2021-08-08,29.3,22.7,25.0,1.2,16.8,16.1,76,961.1,88,20.4,Kano
2021-08-09,28.4,21.9,24.5,7.1,13.0,16.57,81,962.6,89,20.8,Kano
2021-08-10,29.5,21.7,25.0,1.7,13.8,16.47,80,961.1,77,21.2,Kano
2021-08-11,27.7,22.5,24.3,8.5,13.5,12.07,87,959.6,92,21.9,Kano
2021-08-12,26.4,22.0,23.4,12.3,18.8,11.65,87,960.5,100,21.1,Kano
2021-08-13,28.3,21.6,23.8,9.4,10.9,13.51,85,961.3,76,21.0,Kano
2021-08-14,29.2,21.1,25.0,1.1,15.4,22.99,78,960.0,55,20.7,Kano
2021-08-15,28.7,22.5,24.6,13.9,11.5,13.44,85,959.1,89,21.7,Kano
2021-08-16,27.9,21.4,24.2,6.3,11.9,14.47,87,959.9,97,21.6,Kano
2021-08-17,27.5,22.0,24.1,1.7,9.4,14.64,84,962.0,94,21.1,Kano
2021-08-18,28.8,21.0,24.7,0.9,12.4,18.29,78,961.7,78,20.4,Kano
2021-08-19,29.1,21.4,24.7,1.1,12.0,19.75,78,959.9,93,20.4,Kano
2021-08-20,31.0,22.5,26.3,0.1,10.0,23.5,74,959.0,48,21.0,Kano
2021-08-21,32.3,22.3,25.8,0.9,10.4,22.68,78,959.6,57,21.4,Kano
2021-08-22,30.7,22.0,24.9,10.3,11.2,19.67,84,959.7,92,21.7,Kano
2021-08-23,31.1,21.8,25.7,0.6,10.2,21.38,79,958.5,64,21.3,Kano
2021-08-24,30.4,22.1,25.3,10.0,11.6,20.21,84,957.6,47,22.2,Kano
2021-08-25,30.2,22.4,25.8,1.3,11.2,21.87,83,958.2,85,22.3,Kano
2021-08-26,30.4,22.0,24.9,9.9,10.3,18.22,85,959.5,89,22.0,Kano
2021-08-27,30.7,21.2,25.6,4.9,10.2,20.37,79,960.3,77,21.4,Kano
2021-08-28,31.5,22.2,25.8,6.6,19.5,22.84,82,959.7,74,22.1,Kano
2021-08-29,30.3,22.8,25.6,4.1,11.5,20.03,84,958.4,76,22.4,Kano
2021-08-30,31.3,22.1,26.4,0.0,11.4,22.94,78,958.5,29,21.8,Kano
2021-08-31,32.5,22.4,27.2,0.0,12.1,24.83,68,958.3,37,20.4,Kano
2021-09-01,34.9,23.3,28.4,0.0,10.3,24.63,67,956.6,53,21.1,Kano
2021-09-02,31.4,22.7,27.0,0.0,13.4,23.55,73,958.4,58,21.4,Kano
2021-09-03,31.5,22.3,26.3,1.1,14.5,22.26,73,959.4,62,20.8,Kano
2021-09-04,30.8,22.9,25.9,1.6,15.8,17.86,77,959.2,66,21.5,Kano
2021-09-05,31.6,22.7,26.5,0.1,13.8,20.06,75,959.3,65,21.3,Kano
2021-09-06,31.0,22.6,26.3,1.2,17.5,20.77,75,959.9,87,21.2,Kano
2021-09-07,24.4,21.9,22.6,18.0,15.6,5.24,91,959.6,99,21.0,Kano
2021-09-08,29.8,21.2,24.8,7.5,13.3,19.6,77,959.5,56,20.1,Kano
2021-09-09,31.9,21.3,26.3,1.1,7.1,23.51,76,960.0,72,21.3,Kano
2021-09-10,31.4,22.7,26.4,11.0,11.2,21.94,79,960.7,57,22.0,Kano
2021-09-11,32.6,21.3,26.7,2.5,8.2,23.67,77,960.8,58,21.9,Kano
2021-09-12,32.9,21.0,26.4,0.1,22.6,24.41,73,959.2,54,20.6,Kano
2021-09-13,30.9,21.6,25.5,1.8,11.7,20.18,79,958.9,81,21.2,Kano
2021-09-14,29.7,22.4,25.2,6.9,8.2,18.08,84,959.9,84,22.1,Kano
2021-09-15,31.2,21.9,25.9,0.4,6.3,22.5,81,961.1,39,22.0,Kano
2021-09-16,32.1,22.9,26.6,1.9,14.0,21.69,80,960.8,63,22.5,Kano
2021-09-17,30.6,22.0,25.8,0.0,17.2,19.9,77,960.3,90,21.1,Kano
2021-09-18,32.9,21.0,26.6,0.2,9.8,23.79,72,959.1,55,20.7,Kano
2021-09-19,32.8,22.3,26.9,0.0,14.3,23.27,72,959.4,32,21.0,Kano
2021-09-20,33.1,22.6,27.0,0.0,12.9,22.19,71,958.7,22,20.6,Kano
2021-09-21,32.7,21.2,26.4,1.0,11.8,22.67,73,958.6,63,20.7,Kano
2021-09-22,25.3,21.5,23.5,7.3,12.5,6.79,86,960.5,99,21.0,Kano
2021-09-23,28.6,20.8,24.3,0.0,8.8,12.6,76,960.6,90,19.6,Kano
2021-09-24,32.8,22.2,26.8,0.0,8.4,23.09,69,960.1,47,20.1,Kano
2021-09-25,32.5,22.2,26.9,0.0,13.0,23.75,68,960.0,42,20.0,Kano
2021-09-26,33.7,21.7,27.0,0.0,11.1,23.34,63,959.5,45,18.4,Kano
2021-09-27,33.1,21.5,26.6,0.0,12.6,22.63,66,958.8,52,18.9,Kano
2021-09-28,33.0,21.1,26.4,0.0,13.2,22.06,66,957.9,51,18.8,Kano
2021-09-29,30.9,22.0,25.4,1.5,14.0,18.67,75,959.4,93,20.4,Kano
2021-09-30,32.4,21.2,26.4,0.0,11.8,22.91,74,959.5,60,20.8,Kano
2021-10-01,33.5,21.5,27.0,0.0,8.6,23.75,66,958.8,64,19.2,Kano
2021-10-02,33.5,21.0,26.8,0.0,9.6,22.49,63,958.1,46,18.5,Kano
2021-10-03,33.9,20.8,26.6,0.0,10.8,23.04,62,958.1,9,17.8,Kano
2021-10-04,34.5,20.2,26.6,0.0,14.2,23.51,59,958.7,11,16.9,Kano
2021-10-05,34.8,21.9,27.4,0.0,14.4,20.85,55,958.7,69,17.0,Kano
2021-10-06,33.7,21.4,27.3,0.0,13.4,23.75,52,958.6,67,15.7,Kano
2021-10-07,33.9,19.7,26.1,0.0,10.5,23.88,55,958.2,42,15.4,Kano
2021-10-08,33.9,19.1,25.9,0.0,14.2,23.88,57,957.2,45,15.6,Kano
2021-10-09,34.7,17.9,26.2,0.0,11.5,23.74,50,957.5,47,13.9,Kano
2021-10-10,33.9,18.6,26.5,0.0,10.9,23.03,46,958.6,85,13.2,Kano
2021-10-11,34.2,19.7,26.2,0.0,10.6,23.49,47,959.1,49,13.4,Kano
2021-10-12,35.4,17.7,26.3,0.0,11.9,23.97,45,957.9,40,12.1,Kano
2021-10-13,35.1,16.9,25.0,0.0,12.1,24.48,42,957.0,9,9.7,Kano
2021-10-14,34.6,15.4,25.6,0.0,10.6,24.02,41,957.6,32,10.1,Kano
2021-10-15,34.4,15.9,25.2,0.0,13.8,23.88,43,957.4,47,10.3,Kano
2021-10-16,31.0,19.3,24.6,1.2,16.3,19.41,58,957.5,51,15.1,Kano
2021-10-17,29.7,20.9,24.1,15.9,12.9,15.49,85,958.7,65,21.3,Kano
2021-10-18,30.9,20.4,25.7,0.0,8.2,20.94,78,958.6,75,21.1,Kano
2021-10-19,33.6,21.6,26.4,0.0,13.1,20.64,68,958.2,38,19.5,Kano
2021-10-20,32.7,21.4,26.2,0.0,13.5,22.04,71,959.0,34,20.1,Kano
2021-10-21,33.8,21.5,27.0,0.0,10.0,21.68,66,958.8,32,19.4,Kano
2021-10-22,33.7,21.4,27.2,0.0,14.0,21.47,63,959.1,38,19.0,Kano
2021-10-23,33.3,23.3,27.5,0.0,10.7,19.68,63,960.9,71,19.2,Kano
2021-10-24,33.3,22.8,27.1,0.0,14.1,21.95,60,961.0,57,17.4,Kano
2021-10-25,33.8,19.2,25.6,0.0,13.3,22.77,47,959.0,55,12.4,Kano
2021-10-26,33.8,20.2,26.3,0.0,11.0,22.5,50,959.5,70,14.3,Kano
2021-10-27,34.0,19.4,25.9,0.0,10.9,22.63,54,959.4,39,14.7,Kano
2021-10-28,34.0,17.2,25.2,0.0,12.4,22.81,48,958.7,11,12.1,Kano
2021-10-29,34.4,18.3,26.0,0.0,13.8,23.2,35,958.0,79,8.4,Kano
2021-10-30,33.5,16.7,25.2,0.0,12.6,22.82,38,958.5,66,8.9,Kano
2021-10-31,33.5,19.8,25.4,0.0,15.1,22.91,38,959.6,67,9.4,Kano
2021-11-01,32.8,17.4,24.6,0.0,16.0,22.53,43,959.8,24,10.2,Kano
2021-11-02,33.1,18.1,25.5,0.0,13.0,22.27,39,960.2,44,9.9,Kano
2021-11-03,34.2,18.9,25.7,0.0,12.3,22.16,39,959.2,33,10.3,Kano
2021-11-04,34.6,19.5,27.1,0.0,13.8,22.03,41,959.2,11,11.7,Kano
2021-11-05,33.1,20.3,26.3,0.0,13.6,21.2,33,959.1,56,8.3,Kano
2021-11-06,33.5,19.4,25.3,0.0,15.3,22.21,36,958.2,11,8.6,Kano
2021-11-07,33.9,19.1,25.6,0.0,13.2,22.11,37,957.3,31,9.0,Kano
2021-11-08,33.7,17.4,25.2,0.0,11.3,21.9,42,956.6,37,10.1,Kano
2021-11-09,33.5,18.9,25.6,0.0,12.0,21.69,41,957.4,28,10.9,Kano
2021-11-10,34.5,19.0,26.9,0.0,11.4,21.61,39,958.5,14,11.1,Kano
2021-11-11,34.6,19.6,26.6,0.0,10.8,21.84,34,958.2,26,8.7,Kano
2021-11-12,33.9,17.9,26.0,0.0,9.3,22.0,34,957.1,53,7.8,Kano
2021-11-13,34.0,17.4,25.2,0.0,10.8,20.72,37,957.4,71,8.1,Kano
2021-11-14,34.0,17.0,25.0,0.0,11.9,21.56,37,958.1,89,8.0,Kano
2021-11-15,34.0,18.1,26.5,0.0,10.8,21.69,32,958.6,63,7.5,Kano
2021-11-16,33.5,16.5,27.0,0.0,10.0,20.66,32,957.7,98,7.6,Kano
2021-11-17,33.7,17.2,25.1,0.0,11.9,21.38,38,957.4,98,8.7,Kano
2021-11-18,33.7,16.9,25.4,0.0,11.8,21.5,34,958.7,38,7.4,Kano
2021-11-19,32.4,19.3,25.2,0.0,12.7,21.46,32,959.2,7,7.2,Kano
2021-11-20,32.8,19.4,25.2,0.0,12.8,21.58,32,958.6,44,6.7,Kano
2021-11-21,32.6,18.6,25.2,0.0,12.1,21.59,31,957.5,33,6.6,Kano
2021-11-22,32.8,16.2,24.8,0.0,12.1,21.31,37,958.4,10,7.9,Kano
2021-11-23,33.1,18.4,24.8,0.0,12.4,21.01,36,959.8,47,7.9,Kano
2021-11-24,32.9,18.1,24.8,0.0,12.4,21.16,34,959.3,30,7.0,Kano
2021-11-25,33.0,18.9,24.9,0.0,14.8,21.18,31,958.6,17,6.2,Kano
2021-11-26,32.2,19.0,24.4,0.0,15.5,21.32,29,959.3,1,4.7,Kano
2021-11-27,31.7,18.0,23.8,0.0,12.0,21.2,28,959.3,90,3.7,Kano
2021-11-28,31.6,18.1,23.8,0.0,14.2,21.23,29,959.3,78,4.4,Kano
2021-11-29,32.0,16.1,22.9,0.0,12.0,21.36,32,959.0,35,4.2,Kano
2021-11-30,31.5,17.5,23.8,0.0,13.2,20.79,26,959.9,57,2.5,Kano
2021-12-01,31.8,17.7,24.3,0.0,14.9,20.83,28,959.5,69,4.0,Kano
2021-12-02,30.2,17.8,23.3,0.0,13.7,20.74,31,958.6,43,4.9,Kano
2021-12-03,30.2,15.1,22.3,0.0,10.5,20.94,35,958.8,4,5.5,Kano
2021-12-04,31.0,16.3,22.8,0.0,12.9,20.83,34,959.7,57,5.5,Kano
2021-12-05,30.5,17.4,23.1,0.0,13.9,20.68,30,959.9,71,3.8,Kano
2021-12-06,30.2,16.5,22.8,0.0,13.0,20.64,28,960.4,51,3.0,Kano
2021-12-07,29.6,16.5,22.6,0.0,13.2,20.78,25,961.3,48,1.2,Kano
2021-12-08,27.4,15.4,20.7,0.0,14.0,20.77,24,961.9,24,-0.7,Kano
2021-12-09,27.5,14.3,20.5,0.0,12.0,20.65,23,960.4,1,-1.3,Kano
2021-12-10,28.4,14.6,21.2,0.0,13.4,20.61,23,959.0,39,-1.2,Kano
2021-12-11,29.5,15.6,22.0,0.0,13.5,20.52,22,958.6,50,-1.2,Kano
2021-12-12,30.1,16.0,22.5,0.0,11.9,20.33,24,959.2,75,0.3,Kano
2021-12-13,29.7,16.4,22.3,0.0,14.3,20.18,26,959.3,91,1.2,Kano
2021-12-14,28.5,14.3,20.9,0.0,15.4,21.15,21,958.9,66,-2.6,Kano
2021-12-15,27.7,13.6,20.5,0.0,15.3,20.88,23,960.0,51,-1.9,Kano
2021-12-16,26.5,13.3,19.7,0.0,15.5,20.7,28,961.6,29,0.5,Kano
2021-12-17,26.3,13.8,19.9,0.0,16.0,20.54,27,962.4,33,0.0,Kano
2021-12-18,25.4,14.1,19.4,0.0,17.6,20.24,27,962.5,38,-0.2,Kano
2021-12-19,25.0,13.9,19.2,0.0,17.7,20.26,26,962.2,3,-0.9,Kano
2021-12-20,25.4,13.8,19.3,0.0,17.4,20.13,29,962.5,0,0.5,Kano
2021-12-21,26.1,14.3,20.0,0.0,14.8,20.13,26,962.1,1,-0.0,Kano
2021-12-22,27.1,14.9,20.6,0.0,15.1,20.03,25,962.2,21,-0.4,Kano
2021-12-23,27.5,15.1,21.0,0.0,14.0,20.15,21,961.0,8,-2.2,Kano
2021-12-24,27.8,15.4,21.3,0.0,14.5,20.22,19,960.4,27,-3.4,Kano
2021-12-25,28.0,15.8,21.4,0.0,13.5,20.04,22,960.5,82,-1.5,Kano
2021-12-26,28.4,14.6,21.1,0.0,11.6,20.24,26,960.3,37,0.6,Kano
2021-12-27,28.6,15.4,21.5,0.0,13.7,20.15,23,961.2,11,-0.6,Kano
2021-12-28,26.5,15.2,20.4,0.0,15.5,19.85,23,962.0,13,-1.7,Kano
2021-12-29,26.0,13.4,19.5,0.0,14.3,18.15,22,962.0,54,-3.0,Kano
2021-12-30,27.3,15.2,20.5,0.0,15.1,19.71,23,961.2,50,-1.9,Kano
2021-12-31,27.3,13.6,20.1,0.0,13.8,20.43,22,961.2,7,-2.4,Kano
2022-01-01,27.5,14.2,20.3,0.0,14.8,20.45,25,961.8,19,-0.5,Kano
2022-01-02,26.1,13.7,19.7,0.0,17.1,20.24,30,961.7,29,1.1,Kano
2022-01-03,24.6,15.1,19.4,0.0,17.8,17.15,32,962.0,88,1.9,Kano
2022-01-04,25.2,16.7,20.5,0.0,14.9,16.26,33,962.3,94,3.5,Kano
2022-01-05,26.3,15.4,20.5,0.0,13.2,17.1,32,961.9,67,3.2,Kano
2022-01-06,28.8,15.4,21.7,0.0,12.3,19.82,31,959.8,37,3.4,Kano
2022-01-07,30.7,14.6,23.0,0.0,10.5,19.98,28,959.4,22,3.0,Kano
2022-01-08,30.7,15.6,23.2,0.0,11.2,20.19,28,959.4,23,3.2,Kano
2022-01-09,29.0,17.1,22.7,0.0,14.3,20.28,25,960.2,10,0.9,Kano
2022-01-10,26.1,14.0,19.8,0.0,13.9,20.44,19,959.9,2,-4.7,Kano
2022-01-11,27.1,13.6,19.8,0.0,10.9,20.27,19,959.5,20,-4.8,Kano
2022-01-12,29.7,14.2,21.6,0.0,11.0,20.44,22,960.0,4,-1.4,Kano
2022-01-13,30.3,14.3,22.1,0.0,11.8,20.56,22,961.0,3,-1.9,Kano
2022-01-14,30.7,15.5,22.4,0.0,11.5,20.66,19,961.0,44,-3.2,Kano
2022-01-15,30.0,16.0,22.1,0.0,11.4,20.77,21,960.2,94,-2.0,Kano
2022-01-16,27.7,14.9,20.6,0.0,14.2,20.87,23,961.4,48,-1.3,Kano
2022-01-17,24.6,13.4,18.7,0.0,15.5,20.84,25,964.0,45,-1.8,Kano
2022-01-18,24.5,12.6,18.4,0.0,16.7,20.93,25,965.0,35,-2.4,Kano
2022-01-19,24.2,12.9,18.1,0.0,17.1,21.39,25,964.7,8,-2.6,Kano
2022-01-20,23.8,11.6,17.4,0.0,16.6,21.44,27,963.7,46,-2.1,Kano
2022-01-21,24.6,11.4,17.6,0.0,14.8,21.18,23,962.8,61,-4.3,Kano
2022-01-22,25.6,12.1,18.6,0.0,13.3,21.24,20,962.4,0,-5.0,Kano
2022-01-23,26.8,12.9,19.6,0.0,15.3,21.39,20,961.9,5,-4.6,Kano
2022-01-24,26.5,13.3,19.6,0.0,15.4,21.58,18,961.4,0,-5.7,Kano
2022-01-25,25.7,12.8,18.9,0.0,14.9,21.63,20,961.6,0,-4.7,Kano
2022-01-26,25.8,13.0,19.1,0.0,17.2,21.83,20,961.3,3,-4.4,Kano
2022-01-27,25.5,13.4,19.2,0.0,15.6,21.77,23,961.5,4,-2.6,Kano
2022-01-28,25.1,13.1,18.9,0.0,17.2,21.74,25,962.6,27,-2.3,Kano
2022-01-29,26.0,12.5,19.0,0.0,16.7,21.98,16,963.1,38,-7.7,Kano
2022-01-30,26.4,12.9,19.5,0.0,16.7,22.13,18,963.0,52,-5.5,Kano
2022-01-31,25.7,12.6,19.0,0.0,18.4,22.21,19,961.9,31,-5.3,Kano
2022-02-01,25.5,12.2,18.5,0.0,13.6,22.31,21,960.9,0,-4.6,Kano
2022-02-02,27.2,11.1,19.0,0.0,12.3,22.42,20,960.7,32,-5.5,Kano
2022-02-03,26.7,13.2,19.6,0.0,16.4,22.41,15,962.7,33,-8.1,Kano
2022-02-04,25.4,12.2,18.5,0.0,14.6,22.37,18,963.5,1,-6.7,Kano
2022-02-05,25.8,13.2,19.2,0.0,16.3,22.33,21,962.5,0,-4.0,Kano
2022-02-06,26.8,13.2,19.6,0.0,14.3,22.36,21,961.6,0,-3.4,Kano
2022-02-07,28.4,14.0,20.7,0.0,12.5,22.49,21,961.0,43,-2.9,Kano
2022-02-08,29.9,14.7,21.8,0.0,12.0,22.62,18,960.4,46,-3.7,Kano
2022-02-09,31.0,15.1,22.6,0.0,14.0,22.99,14,960.6,52,-6.9,Kano
2022-02-10,30.1,15.8,22.4,0.0,16.1,23.2,13,960.4,46,-7.4,Kano
2022-02-11,28.9,14.6,21.2,0.0,13.7,23.42,18,959.4,40,-4.4,Kano
2022-02-12,28.7,13.2,20.8,0.0,13.4,23.4,19,959.8,45,-4.0,Kano
2022-02-13,30.1,14.1,21.8,0.0,10.7,23.13,17,960.0,38,-4.5,Kano
2022-02-14,31.6,15.0,23.0,0.0,12.5,23.13,16,959.7,44,-4.8,Kano
2022-02-15,32.2,16.4,23.7,0.0,13.9,23.32,15,959.7,13,-4.9,Kano
2022-02-16,32.7,16.9,24.2,0.0,11.5,23.42,16,959.1,17,-3.5,Kano
2022-02-17,33.3,16.9,24.4,0.0,14.2,23.49,16,958.1,19,-4.0,Kano
2022-02-18,32.3,17.4,24.7,0.0,16.9,23.59,14,958.9,0,-5.5,Kano
2022-02-19,29.6,16.1,22.8,0.0,15.2,23.49,18,960.4,21,-3.5,Kano
2022-02-20,28.2,15.6,21.7,0.0,16.6,23.48,17,961.7,27,-4.6,Kano
2022-02-21,29.3,15.1,21.9,0.0,14.6,23.59,17,961.2,34,-4.8,Kano
2022-02-22,30.7,15.5,22.7,0.0,12.7,23.78,16,960.7,30,-5.2,Kano
2022-02-23,32.2,14.7,23.2,0.0,12.9,24.1,16,960.5,5,-4.7,Kano
2022-02-24,32.7,16.1,24.1,0.0,16.1,24.05,14,960.5,29,-5.2,Kano
2022-02-25,29.8,15.8,22.4,0.0,13.2,23.97,15,960.8,6,-5.9,Kano
2022-02-26,30.4,15.4,22.6,0.0,13.5,23.98,17,959.9,32,-3.7,Kano
2022-02-27,31.7,15.7,23.1,0.0,12.5,23.81,17,959.8,5,-3.2,Kano
2022-02-28,33.2,16.5,24.3,0.0,12.0,23.72,17,959.0,23,-2.7,Kano
2022-03-01,34.2,17.1,25.3,0.0,10.7,23.86,15,958.1,38,-3.6,Kano
2022-03-02,34.9,16.4,26.1,0.0,11.5,24.16,15,957.2,27,-3.8,Kano
2022-03-03,36.3,17.9,26.9,0.0,10.4,24.22,12,957.0,36,-6.0,Kano
2022-03-04,36.8,18.6,27.8,0.0,11.0,23.31,12,956.2,83,-4.3,Kano
2022-03-05,38.4,19.0,29.2,0.0,14.0,23.51,16,955.4,74,-0.1,Kano
2022-03-06,38.4,19.5,29.3,0.0,9.4,22.91,20,954.7,70,2.6,Kano
2022-03-07,38.5,21.2,30.0,0.0,12.6,22.98,21,954.8,84,4.0,Kano
2022-03-08,38.3,21.0,29.5,0.0,14.3,23.8,18,954.1,28,1.7,Kano
2022-03-09,37.7,22.4,29.2,0.0,12.9,23.83,16,954.8,54,0.5,Kano
2022-03-10,36.2,21.9,28.9,0.0,14.0,23.78,16,956.2,85,-0.1,Kano
2022-03-11,34.2,21.3,27.6,0.0,15.5,23.53,23,957.3,67,3.9,Kano
2022-03-12,33.1,21.2,26.7,0.0,15.4,22.19,20,957.9,86,1.6,Kano
2022-03-13,31.3,23.1,26.6,0.0,14.5,17.15,16,958.5,94,-1.3,Kano
2022-03-14,33.4,19.9,26.4,0.0,18.0,24.0,14,958.7,44,-4.1,Kano
2022-03-15,33.4,20.7,26.7,0.0,17.1,23.91,14,959.6,15,-3.7,Kano
2022-03-16,33.1,19.8,26.0,0.0,15.1,24.0,14,959.7,76,-3.5,Kano
2022-03-17,33.2,18.9,25.7,0.0,14.7,23.79,14,958.8,59,-4.3,Kano
2022-03-18,33.5,18.8,25.6,0.0,11.8,24.52,14,958.2,49,-4.9,Kano
2022-03-19,36.1,18.8,26.8,0.0,10.2,24.66,13,957.6,19,-5.0,Kano
2022-03-20,38.5,18.9,28.6,0.0,14.3,24.61,13,956.8,53,-3.0,Kano
2022-03-21,38.9,19.2,29.6,0.0,12.7,24.15,19,956.2,93,1.9,Kano
2022-03-22,38.2,20.8,29.7,0.0,12.3,23.49,18,955.6,100,2.0,Kano
2022-03-23,35.6,21.1,28.5,0.0,16.6,23.95,17,957.7,88,0.4,Kano
2022-03-24,36.0,21.4,28.4,0.0,13.9,24.14,17,958.2,69,0.3,Kano
2022-03-25,35.3,22.0,28.3,0.0,16.8,24.54,14,958.6,42,-1.8,Kano
2022-03-26,34.7,22.1,28.1,0.0,20.5,24.82,12,959.1,36,-4.6,Kano
2022-03-27,34.0,20.8,27.2,0.0,19.1,24.97,11,960.6,75,-6.2,Kano
2022-03-28,33.0,20.1,26.0,0.0,18.4,25.39,9,960.6,41,-10.1,Kano
2022-03-29,33.5,19.2,25.7,0.0,19.3,25.73,8,958.6,46,-12.2,Kano
2022-03-30,35.2,17.5,26.0,0.0,12.7,25.59,10,956.3,16,-9.3,Kano
2022-03-31,36.5,18.5,27.1,0.0,11.9,25.52,11,955.8,22,-7.1,Kano
2022-04-01,38.7,19.2,29.5,0.0,12.4,25.46,12,956.3,13,-4.5,Kano
2022-04-02,39.2,19.8,30.1,0.0,12.3,24.98,12,956.2,88,-3.2,Kano
2022-04-03,39.6,21.2,30.5,0.0,15.1,25.18,14,955.4,83,-0.3,Kano
2022-04-04,39.4,21.6,30.8,0.0,13.2,24.33,23,956.2,57,5.6,Kano
2022-04-05,39.1,23.7,30.9,0.0,13.0,23.23,30,957.0,68,8.4,Kano
2022-04-06,39.5,23.8,31.3,0.0,13.4,24.8,20,956.3,61,4.0,Kano
2022-04-07,40.3,22.0,31.6,0.0,11.5,25.08,20,955.9,33,4.0,Kano
2022-04-08,40.0,24.8,32.1,0.0,13.8,24.05,25,955.7,11,7.3,Kano
2022-04-09,39.3,24.8,31.3,0.0,17.2,23.52,38,955.3,74,13.2,Kano
2022-04-10,39.0,25.7,31.8,0.0,16.7,23.93,37,955.6,22,13.8,Kano
2022-04-11,39.8,24.6,32.0,0.0,13.5,23.14,30,955.0,62,10.5,Kano
2022-04-12,38.7,25.8,31.7,0.0,25.1,23.91,36,955.4,40,13.4,Kano
2022-04-13,39.4,24.6,31.4,0.1,16.6,22.05,42,955.1,75,15.9,Kano
2022-04-14,38.3,25.8,31.2,0.0,23.6,18.7,43,955.3,93,16.2,Kano
2022-04-15,33.6,26.6,29.2,0.0,23.7,15.46,51,957.2,90,17.7,Kano
2022-04-16,35.6,24.6,29.9,0.0,17.4,20.81,46,957.0,77,16.2,Kano
2022-04-17,37.8,26.3,30.8,0.3,17.1,22.57,44,956.1,52,16.4,Kano
2022-04-18,34.4,25.8,29.6,0.2,18.3,12.52,43,957.5,97,14.5,Kano
2022-04-19,37.8,25.0,31.2,0.0,11.9,23.59,36,958.3,77,13.0,Kano
2022-04-20,38.7,25.3,31.4,0.0,12.9,24.3,31,957.4,49,11.3,Kano
2022-04-21,38.5,25.2,31.9,0.0,16.4,23.31,32,956.2,60,12.5,Kano
2022-04-22,38.4,25.7,31.8,0.0,15.7,22.62,42,956.2,46,15.6,Kano
2022-04-23,39.4,26.3,32.4,0.0,13.9,23.02,32,955.6,60,12.7,Kano
2022-04-24,39.5,24.9,32.1,0.0,16.5,23.15,30,954.6,93,10.9,Kano
2022-04-25,38.2,25.5,31.9,0.0,16.4,23.89,39,955.0,64,14.7,Kano
2022-04-26,38.6,26.3,32.5,0.0,16.1,23.08,31,955.2,42,12.1,Kano
2022-04-27,39.2,24.9,31.9,0.0,12.4,25.11,23,955.4,42,6.3,Kano
2022-04-28,37.0,27.0,31.7,0.0,18.7,19.86,35,956.9,75,13.3,Kano
2022-04-29,37.5,25.7,31.8,0.0,12.8,19.92,32,957.3,84,12.1,Kano
2022-04-30,38.3,24.9,31.4,0.0,15.3,21.7,33,958.4,86,12.1,Kano
2022-05-01,39.1,26.1,32.3,0.0,16.9,22.11,34,958.6,43,13.0,Kano
2022-05-02,40.0,25.7,32.2,0.0,17.0,24.29,34,956.6,44,12.0,Kano
2022-05-03,38.3,25.6,31.8,0.0,17.4,22.75,42,957.2,53,16.0,Kano
2022-05-04,38.9,26.4,32.2,0.0,15.3,21.29,39,958.1,81,15.9,Kano
2022-05-05,39.9,25.7,32.9,0.0,21.1,23.64,37,958.0,85,14.8,Kano
2022-05-06,38.1,27.1,31.5,0.0,17.7,17.34,47,958.3,100,17.8,Kano
2022-05-07,39.6,26.6,32.5,0.0,14.2,23.44,40,957.2,56,15.9,Kano
2022-05-08,40.0,26.1,32.9,0.0,19.4,23.2,36,956.5,52,13.9,Kano
2022-05-09,38.6,26.6,31.0,4.5,32.1,21.67,51,957.2,51,18.2,Kano
2022-05-10,37.0,24.6,29.5,0.5,18.2,12.2,52,958.1,98,17.8,Kano
2022-05-11,38.8,25.6,31.3,0.2,21.7,21.36,47,958.1,53,17.6,Kano
2022-05-12,37.5,25.9,30.4,0.6,19.7,18.53,54,958.5,75,19.3,Kano
2022-05-13,38.7,24.4,31.3,0.0,13.6,20.08,42,958.0,59,14.2,Kano
2022-05-14,38.6,25.0,31.6,0.0,13.6,23.36,42,958.4,64,15.5,Kano
2022-05-15,38.7,24.8,31.6,0.0,18.6,23.99,36,959.3,42,9.4,Kano
2022-05-16,39.0,21.9,31.0,0.0,13.9,25.12,18,959.1,46,3.4,Kano
2022-05-17,38.4,21.5,31.0,0.0,12.7,25.17,21,958.6,65,4.4,Kano
2022-05-18,38.0,21.4,29.9,0.0,12.8,24.98,29,956.9,61,8.3,Kano
2022-05-19,36.3,24.6,29.7,0.3,15.2,17.47,47,958.9,90,16.5,Kano
2022-05-20,34.9,25.0,29.7,0.6,18.9,16.75,47,959.9,96,15.6,Kano
2022-05-21,37.5,24.4,31.6,0.0,19.2,19.8,24,959.2,88,7.7,Kano
2022-05-22,37.7,25.1,31.4,0.0,13.2,23.85,39,959.7,53,13.6,Kano
2022-05-23,33.5,24.7,29.0,0.0,14.1,12.68,49,959.3,97,16.7,Kano
2022-05-24,38.1,23.9,30.8,0.0,13.5,24.16,39,959.3,31,12.5,Kano
2022-05-25,37.2,23.9,30.4,0.0,14.9,22.77,42,960.9,44,14.3,Kano
2022-05-26,37.6,23.6,30.6,0.0,14.8,23.81,40,960.9,40,13.8,Kano
2022-05-27,38.3,25.5,31.3,0.0,17.2,23.36,44,960.3,52,15.8,Kano
2022-05-28,38.6,23.8,31.1,0.0,14.5,23.67,43,958.8,31,14.8,Kano
2022-05-29,38.5,25.8,31.7,0.0,15.6,23.4,40,957.9,53,14.7,Kano
2022-05-30,38.1,24.9,31.7,0.0,16.1,23.55,38,958.0,66,13.4,Kano
2022-05-31,38.3,23.4,30.9,0.0,18.2,23.3,40,958.1,60,13.6,Kano
2022-06-01,38.2,23.5,30.6,0.0,15.5,23.67,43,957.5,32,14.3,Kano
2022-06-02,39.0,24.3,31.3,0.0,14.6,23.69,41,955.8,5,13.9,Kano
2022-06-03,37.9,24.0,31.1,0.0,13.2,20.81,39,956.2,75,13.0,Kano
2022-06-04,38.2,25.3,31.3,0.0,23.8,22.87,39,957.1,63,14.6,Kano
2022-06-05,34.8,24.7,28.1,0.0,22.2,19.26,52,959.4,74,16.8,Kano
2022-06-06,35.8,24.4,28.3,1.6,18.5,17.58,52,960.5,71,16.8,Kano
2022-06-07,36.4,24.0,29.9,0.0,13.0,19.22,45,959.0,37,15.7,Kano
2022-06-08,38.2,23.3,30.6,0.0,17.4,23.52,41,957.6,22,14.6,Kano
2022-06-09,38.7,23.8,30.8,0.0,16.7,23.26,47,956.8,8,16.0,Kano
2022-06-10,34.5,23.1,27.0,12.6,16.1,18.42,67,958.3,82,19.6,Kano
2022-06-11,33.9,23.2,26.3,16.8,17.9,15.38,74,960.1,95,20.8,Kano
2022-06-12,29.7,22.3,25.8,0.8,15.9,13.11,73,960.8,61,20.5,Kano
2022-06-13,35.9,23.8,28.0,1.0,15.7,21.01,64,958.5,65,20.0,Kano
2022-06-14,33.5,24.0,27.3,1.7,15.8,20.38,69,958.0,49,20.6,Kano
2022-06-15,33.8,22.5,26.2,5.4,24.2,22.37,77,958.8,41,21.2,Kano
2022-06-16,32.2,22.4,26.6,0.2,11.7,20.71,67,959.2,91,19.4,Kano
2022-06-17,28.0,21.5,24.2,3.3,18.2,14.84,75,960.2,91,19.3,Kano
2022-06-18,32.0,22.5,26.6,0.2,11.5,23.53,65,960.5,87,19.1,Kano
2022-06-19,33.8,22.7,27.1,2.2,13.2,21.99,66,960.3,42,19.8,Kano
2022-06-20,35.1,23.2,27.9,0.1,25.8,23.86,63,959.7,11,19.3,Kano
2022-06-21,28.0,22.5,24.6,14.9,14.7,11.16,81,959.2,68,21.0,Kano
2022-06-22,32.2,20.8,26.2,6.9,12.6,23.95,69,959.2,61,19.5,Kano
2022-06-23,33.4,22.8,27.4,0.3,14.6,22.73,68,959.4,45,20.6,Kano
2022-06-24,32.8,22.7,27.0,4.7,17.4,21.04,68,958.3,75,19.8,Kano
2022-06-25,32.0,23.0,26.9,0.0,16.8,20.01,68,958.5,60,20.1,Kano
2022-06-26,31.0,21.8,25.6,1.4,11.2,18.53,76,960.2,88,20.7,Kano
2022-06-27,33.0,22.5,27.0,0.2,12.6,20.57,67,960.1,61,20.0,Kano
2022-06-28,33.3,23.2,27.4,1.6,15.1,23.87,67,959.4,82,20.2,Kano
2022-06-29,32.7,21.8,26.5,0.1,24.8,22.59,70,959.9,81,20.0,Kano
2022-06-30,32.1,21.3,25.7,26.3,18.9,23.25,76,959.7,84,20.6,Kano
2022-07-01,28.8,21.8,24.7,3.9,16.8,18.49,81,960.8,95,21.1,Kano
2022-07-02,31.5,21.5,26.1,0.2,9.2,21.67,74,961.8,67,20.6,Kano
2022-07-03,33.0,22.1,26.8,0.3,12.3,23.05,70,961.2,64,20.5,Kano
2022-07-04,31.6,22.2,25.4,1.5,13.6,18.36,77,960.5,73,20.7,Kano
2022-07-05,30.6,22.2,26.1,0.0,14.2,22.8,71,961.0,74,20.1,Kano
2022-07-06,32.0,21.8,26.8,0.0,12.0,23.66,68,961.0,67,19.8,Kano
2022-07-07,32.0,22.6,26.8,0.0,11.8,17.47,71,960.5,43,20.7,Kano
2022-07-08,33.7,22.6,27.5,0.0,19.4,23.58,69,960.1,61,20.7,Kano
2022-07-09,30.7,23.9,26.9,0.1,18.8,19.04,69,960.4,84,20.6,Kano
2022-07-10,32.0,22.6,26.3,0.3,18.7,20.53,68,959.5,68,19.8,Kano
2022-07-11,32.9,22.4,27.4,0.0,14.4,24.13,65,958.6,15,19.7,Kano
2022-07-12,33.7,23.1,27.3,5.7,15.8,21.42,72,960.3,66,21.2,Kano
2022-07-13,32.9,22.3,25.9,7.6,15.8,21.18,77,960.1,88,21.1,Kano
2022-07-14,31.3,22.3,26.3,0.3,20.8,22.51,73,958.5,86,20.8,Kano
2022-07-15,29.0,24.0,25.7,0.9,18.6,11.38,77,958.1,97,21.3,Kano
2022-07-16,25.9,21.6,23.4,20.8,16.7,9.56,86,959.1,87,20.9,Kano
2022-07-17,23.5,21.8,22.6,10.9,14.0,5.35,93,961.0,100,21.4,Kano
2022-07-18,27.7,20.8,23.5,0.6,17.7,15.48,84,960.7,86,20.4,Kano
2022-07-19,30.3,21.1,24.5,0.4,16.3,18.49,79,959.9,59,20.4,Kano
2022-07-20,30.0,21.3,24.8,3.0,13.9,19.12,78,959.7,63,20.4,Kano
2022-07-21,30.4,22.3,25.0,2.7,12.7,16.78,78,959.2,86,20.7,Kano
2022-07-22,32.0,21.7,24.9,6.6,13.3,19.39,82,959.2,89,21.1,Kano
2022-07-23,30.6,21.1,25.3,0.6,10.0,20.22,80,959.6,98,21.2,Kano
2022-07-24,31.1,21.7,26.2,0.3,12.2,23.92,76,960.2,33,21.2,Kano
2022-07-25,32.0,22.5,27.1,0.5,16.9,20.68,71,958.6,77,21.2,Kano
2022-07-26,32.9,22.9,26.4,0.4,21.5,20.75,74,957.8,81,20.9,Kano
2022-07-27,29.7,23.0,25.3,1.2,19.8,14.1,77,958.5,100,20.8,Kano
2022-07-28,26.9,21.3,23.0,9.0,11.4,10.68,90,959.6,98,21.2,Kano
2022-07-29,30.3,21.7,25.2,0.7,15.1,22.82,77,960.7,70,20.4,Kano
2022-07-30,29.1,21.1,23.6,4.7,13.7,16.37,86,960.6,88,21.0,Kano
2022-07-31,29.5,21.6,25.0,1.5,16.0,21.64,78,959.6,72,20.6,Kano
2022-08-01,29.9,20.6,25.1,1.2,15.3,22.66,74,959.7,66,19.8,Kano
2022-08-02,24.0,21.5,22.4,67.4,18.9,6.43,89,960.1,100,20.5,Kano
2022-08-03,22.6,20.7,21.4,56.5,11.1,3.96,95,958.9,97,20.6,Kano
2022-08-04,27.9,20.7,23.1,7.5,15.0,16.36,86,959.4,92,20.5,Kano
2022-08-05,28.9,20.5,24.4,0.1,14.8,20.34,80,960.6,82,20.4,Kano
2022-08-06,29.3,22.3,25.2,2.4,9.4,13.41,79,960.0,84,21.2,Kano
2022-08-07,31.3,22.5,26.5,0.5,14.3,23.7,76,958.1,94,21.6,Kano
2022-08-08,30.3,23.2,25.4,0.0,14.0,14.8,80,958.9,96,21.5,Kano
2022-08-09,30.4,21.3,25.3,0.5,9.5,23.86,78,960.0,62,21.0,Kano
2022-08-10,31.1,22.2,26.6,0.1,11.4,23.1,74,959.0,56,21.4,Kano
2022-08-11,26.9,22.5,24.2,11.9,15.0,11.71,86,959.1,100,21.6,Kano
2022-08-12,29.0,22.4,25.1,0.2,16.2,20.92,77,959.4,93,20.5,Kano
2022-08-13,26.1,22.2,23.6,1.7,13.6,8.31,82,959.1,99,20.3,Kano
2022-08-14,28.0,21.4,23.5,36.7,14.2,13.99,88,957.2,81,21.4,Kano
2022-08-15,25.0,21.4,22.7,23.5,17.3,9.99,89,958.1,100,20.7,Kano
2022-08-16,27.8,21.2,23.5,1.6,17.6,13.26,81,960.1,82,19.8,Kano
2022-08-17,29.6,21.4,24.9,0.0,13.1,17.4,74,960.3,84,19.8,Kano
2022-08-18,27.6,21.9,24.2,0.5,11.7,9.31,82,958.9,99,20.8,Kano
2022-08-19,26.3,21.4,22.9,28.3,14.1,7.6,91,958.9,91,21.2,Kano
2022-08-20,27.8,20.8,24.1,0.7,14.8,20.0,80,961.2,71,20.2,Kano
2022-08-21,30.2,21.0,25.0,5.1,12.6,21.83,78,960.3,68,20.5,Kano
2022-08-22,27.4,22.3,24.0,4.9,9.6,11.28,82,957.2,97,20.6,Kano
2022-08-23,28.5,21.7,24.0,8.4,13.7,16.44,83,959.1,95,20.7,Kano
2022-08-24,28.1,20.6,24.1,0.7,13.0,18.83,80,961.7,76,20.2,Kano
2022-08-25,25.9,21.3,22.8,22.2,15.7,9.73,90,960.4,99,21.0,Kano
2022-08-26,28.2,20.7,23.3,10.7,11.7,16.26,88,957.9,97,21.1,Kano
2022-08-27,28.5,21.3,23.9,14.5,16.5,19.32,84,958.1,92,20.7,Kano
2022-08-28,24.2,20.4,21.7,20.1,17.1,7.34,92,960.2,100,20.3,Kano
2022-08-29,27.4,20.4,23.1,30.6,12.3,13.65,88,959.9,92,20.9,Kano
2022-08-30,31.2,19.5,24.8,0.0,7.2,24.38,80,958.8,60,20.7,Kano
2022-08-31,29.8,21.7,25.2,0.3,13.7,18.8,81,959.0,79,21.4,Kano
2022-09-01,27.2,20.3,22.7,12.6,15.6,11.27,88,960.2,99,20.6,Kano
2022-09-02,30.2,20.2,24.0,6.3,10.8,21.37,82,961.2,77,20.4,Kano
2022-09-03,30.4,20.5,24.3,1.4,10.6,23.33,83,961.5,57,21.0,Kano
2022-09-04,28.9,21.8,24.5,0.3,11.0,15.99,82,961.5,71,21.1,Kano
2022-09-05,29.7,21.3,24.8,2.3,14.5,22.83,80,961.4,62,20.8,Kano
2022-09-06,30.4,20.7,24.7,12.2,18.2,23.48,83,960.7,68,21.4,Kano
2022-09-07,28.2,21.6,23.9,4.9,11.6,11.45,84,959.9,99,20.9,Kano
2022-09-08,29.5,21.0,24.7,11.5,8.4,22.25,83,959.2,89,21.4,Kano
2022-09-09,28.7,21.0,24.2,35.8,8.2,15.94,84,960.7,94,21.2,Kano
2022-09-10,31.1,20.2,24.5,21.8,14.4,22.68,83,961.1,90,20.9,Kano
2022-09-11,30.0,21.5,24.7,1.8,15.6,19.09,83,960.2,68,21.4,Kano
2022-09-12,30.9,21.4,25.4,9.4,21.9,24.01,80,959.2,37,21.4,Kano
2022-09-13,29.4,21.0,24.9,0.3,14.5,21.93,80,959.5,87,21.1,Kano
2022-09-14,31.4,23.2,26.3,0.2,10.7,22.48,76,958.9,62,21.5,Kano
2022-09-15,30.3,21.9,25.3,5.7,17.7,17.39,82,959.5,92,21.9,Kano
2022-09-16,29.6,22.2,24.9,6.2,18.4,19.91,81,959.6,100,21.1,Kano
2022-09-17,27.3,21.8,23.1,11.8,17.5,9.3,87,959.1,100,20.7,Kano
2022-09-18,30.3,21.5,24.4,2.6,11.9,19.63,83,958.4,95,21.1,Kano
2022-09-19,28.1,21.2,23.9,29.5,11.0,15.41,84,959.2,83,20.9,Kano
2022-09-20,29.7,20.5,24.8,0.0,9.4,22.96,78,960.2,49,20.4,Kano
2022-09-21,28.3,22.2,24.7,6.4,10.1,10.09,82,959.9,96,21.4,Kano
2022-09-22,31.9,21.4,26.1,0.0,7.6,23.48,78,958.7,42,21.6,Kano
2022-09-23,30.9,22.1,26.0,1.2,14.1,21.54,77,959.0,92,21.6,Kano
2022-09-24,32.3,21.8,26.3,1.7,9.7,23.45,75,958.8,59,21.0,Kano
2022-09-25,32.8,21.6,26.4,0.0,11.8,23.58,72,958.1,85,20.4,Kano
2022-09-26,30.7,22.1,25.8,0.7,12.5,22.69,78,958.7,71,21.5,Kano
2022-09-27,30.7,22.2,25.6,11.7,15.0,19.79,81,959.9,81,21.7,Kano
2022-09-28,31.2,21.7,25.4,0.1,11.0,22.58,79,959.5,63,21.1,Kano
2022-09-29,29.9,20.6,24.3,1.6,14.9,17.63,82,959.9,73,20.8,Kano
2022-09-30,30.2,21.6,24.9,1.4,11.1,21.55,82,959.1,73,21.3,Kano
2022-10-01,31.8,20.9,25.6,0.0,7.9,23.12,77,960.3,44,20.9,Kano
2022-10-02,31.9,21.6,26.2,0.2,18.8,23.0,73,960.4,55,20.8,Kano
2022-10-03,32.5,22.2,26.3,6.0,14.2,23.4,76,958.7,67,21.3,Kano
2022-10-04,32.5,22.1,26.6,0.0,14.0,23.23,74,958.0,63,21.1,Kano
2022-10-05,31.7,22.0,26.1,0.5,10.6,21.01,74,958.9,61,20.7,Kano
2022-10-06,29.5,22.6,24.6,0.5,9.7,11.59,82,959.6,89,21.2,Kano
2022-10-07,32.1,22.6,25.7,1.0,10.7,21.53,79,959.4,82,21.4,Kano
2022-10-08,31.8,20.9,25.8,0.0,13.2,22.31,72,959.4,74,20.0,Kano
2022-10-09,33.7,21.8,26.5,0.0,12.2,22.0,62,959.7,35,17.5,Kano
2022-10-10,33.5,20.9,26.0,0.0,10.8,23.41,60,960.1,6,16.9,Kano
2022-10-11,33.1,20.2,26.0,0.0,12.0,23.48,57,959.7,47,15.8,Kano
2022-10-12,32.3,19.1,25.6,0.0,10.1,19.33,57,958.6,79,15.7,Kano
2022-10-13,33.3,21.0,26.0,4.0,18.8,21.28,69,959.3,69,19.4,Kano
2022-10-14,33.2,21.6,26.6,0.0,14.2,22.52,60,959.2,75,17.2,Kano
2022-10-15,32.7,18.2,25.1,0.0,10.2,22.69,51,958.6,76,13.2,Kano
2022-10-16,33.1,17.0,24.6,0.0,14.5,23.48,47,959.1,58,11.4,Kano
2022-10-17,33.0,17.2,24.5,0.0,17.4,23.4,50,960.0,1,12.4,Kano
2022-10-18,33.3,17.5,25.2,0.0,18.9,23.43,48,960.2,47,12.4,Kano
2022-10-19,32.5,20.0,25.2,0.0,14.4,23.2,45,959.4,43,11.9,Kano
2022-10-20,32.5,20.0,25.4,0.0,13.4,22.11,45,958.8,65,12.2,Kano
2022-10-21,32.1,19.2,25.1,0.0,13.9,22.56,46,959.4,71,11.9,Kano
2022-10-22,31.5,19.0,24.7,0.0,13.2,22.86,43,960.2,65,10.7,Kano
2022-10-23,32.1,20.0,25.8,0.0,15.5,22.49,37,961.0,40,9.7,Kano
2022-10-24,32.6,19.7,26.4,0.0,14.1,19.6,53,960.1,95,15.7,Kano
2022-10-25,32.9,21.7,26.1,0.0,19.9,22.65,46,959.5,44,12.4,Kano
2022-10-26,31.2,19.0,24.5,0.0,15.6,22.69,43,959.8,23,10.5,Kano
2022-10-27,30.8,18.1,23.5,0.0,15.1,22.99,40,960.6,2,8.5,Kano
2022-10-28,31.2,17.7,23.6,0.0,15.1,22.68,40,960.2,19,8.7,Kano
2022-10-29,31.3,18.0,23.9,0.0,16.0,22.47,42,959.6,59,9.5,Kano
2022-10-30,30.6,18.3,23.9,0.0,15.3,20.66,40,959.2,68,8.9,Kano
2022-10-31,31.2,18.2,24.2,0.0,16.6,22.49,37,959.8,0,8.0,Kano
2022-11-01,31.4,19.0,24.6,0.0,15.6,22.24,35,960.8,39,7.7,Kano
2022-11-02,31.7,20.1,24.8,0.0,14.8,22.15,39,960.1,42,9.5,Kano
2022-11-03,31.1,19.9,24.4,0.0,14.8,22.15,38,960.3,61,8.6,Kano
2022-11-04,30.7,18.5,23.7,0.0,12.9,21.9,37,960.4,70,7.6,Kano
2022-11-05,30.4,17.4,23.2,0.0,12.2,22.25,36,960.8,42,6.8,Kano
2022-11-06,30.2,17.0,22.8,0.0,10.7,22.42,36,960.8,47,6.6,Kano
2022-11-07,30.5,17.4,22.9,0.0,13.0,22.02,39,961.0,34,7.5,Kano
2022-11-08,31.8,18.1,24.4,0.0,11.0,21.91,34,960.3,69,7.0,Kano
2022-11-09,32.3,18.9,24.9,0.0,11.5,21.9,36,960.0,15,8.2,Kano
2022-11-10,31.9,18.5,25.4,0.0,11.4,21.83,36,958.8,60,8.5,Kano
2022-11-11,32.2,17.4,24.7,0.0,11.8,21.43,39,959.7,80,9.0,Kano
2022-11-12,32.0,18.9,24.5,0.0,14.2,21.74,36,960.8,28,8.0,Kano
2022-11-13,31.2,18.6,24.2,0.0,15.5,21.64,31,962.0,49,5.5,Kano
2022-11-14,30.1,17.1,23.1,0.0,15.5,21.95,30,962.2,47,4.3,Kano
2022-11-15,29.5,16.7,22.2,0.0,13.4,21.81,35,961.3,50,5.7,Kano
2022-11-16,30.1,16.5,22.6,0.0,11.6,21.55,37,960.5,32,6.7,Kano
2022-11-17,29.8,16.9,22.5,0.0,12.6,21.42,39,960.0,38,7.2,Kano
2022-11-18,30.0,17.2,22.8,0.0,15.5,21.53,37,959.9,45,7.0,Kano
2022-11-19,30.9,16.8,22.8,0.0,11.0,21.74,38,960.2,48,6.9,Kano
2022-11-20,30.3,17.1,23.0,0.0,13.4,21.02,31,960.5,93,4.7,Kano
2022-11-21,30.1,16.6,22.7,0.0,13.6,21.44,31,960.4,63,4.4,Kano
2022-11-22,30.5,16.3,22.8,0.0,14.0,21.7,26,960.4,9,1.8,Kano
2022-11-23,29.4,16.2,22.3,0.0,14.9,21.72,24,960.1,50,0.4,Kano
2022-11-24,29.0,16.7,22.0,0.0,17.0,21.32,27,960.0,10,2.0,Kano
2022-11-25,29.1,16.4,22.1,0.0,15.2,21.24,27,960.2,0,1.7,Kano
2022-11-26,28.9,15.5,21.4,0.0,13.4,21.37,25,959.8,40,0.5,Kano
2022-11-27,28.8,14.3,21.0,0.0,11.8,21.24,30,958.2,66,2.4,Kano
2022-11-28,28.8,13.9,20.8,0.0,11.9,21.19,35,957.2,51,4.2,Kano
2022-11-29,28.5,14.9,20.9,0.0,13.5,21.05,36,957.5,48,4.7,Kano
2022-11-30,28.3,14.2,20.6,0.0,12.0,21.09,36,957.9,27,4.5,Kano
2022-12-01,29.1,14.8,21.2,0.0,12.3,20.86,36,958.3,27,4.8,Kano
2022-12-02,30.4,16.3,22.7,0.0,11.7,20.37,34,958.1,65,5.4,Kano
2022-12-03,32.6,16.7,24.2,0.0,12.7,20.38,33,957.0,27,6.1,Kano
2022-12-04,33.4,18.8,25.3,0.0,15.8,20.42,32,958.4,16,6.6,Kano
2022-12-05,30.7,18.9,24.2,0.0,15.1,20.98,25,960.4,56,2.4,Kano
2022-12-06,29.8,16.6,22.8,0.0,14.5,20.22,26,960.4,89,2.1,Kano
2022-12-07,30.0,17.3,22.9,0.0,15.3,20.68,26,960.1,9,1.8,Kano
2022-12-08,29.1,16.9,22.3,0.0,16.1,20.71,23,961.4,1,0.0,Kano
2022-12-09,28.3,15.2,21.1,0.0,15.2,20.87,23,962.0,0,-1.3,Kano
2022-12-10,28.6,14.7,20.9,0.0,12.0,20.6,24,961.0,1,-1.0,Kano
2022-12-11,29.2,15.0,21.5,0.0,13.9,20.59,25,960.1,5,0.4,Kano
2022-12-12,29.5,15.3,21.5,0.0,12.9,20.72,25,959.9,35,0.4,Kano
2022-12-13,29.8,14.4,21.0,0.0,12.5,20.94,26,960.3,54,-0.1,Kano
2022-12-14,29.7,13.7,20.6,0.0,11.5,21.14,25,959.6,8,-0.5,Kano
2022-12-15,30.5,14.6,21.8,0.0,11.2,20.58,24,959.2,50,-0.0,Kano
2022-12-16,30.1,16.1,22.4,0.0,13.0,20.65,25,958.5,64,0.9,Kano
2022-12-17,29.3,16.0,22.3,0.0,14.2,19.05,26,959.0,85,1.8,Kano
2022-12-18,28.3,17.8,22.7,0.0,16.1,16.65,25,960.9,100,1.6,Kano
2022-12-19,29.2,16.9,22.4,0.0,16.7,20.29,28,960.1,37,2.7,Kano
2022-12-20,28.4,15.3,21.3,0.0,15.5,20.25,31,960.1,82,3.2,Kano
2022-12-21,27.2,14.6,20.5,0.0,15.9,20.44,35,961.1,38,3.9,Kano
2022-12-22,25.0,14.1,19.1,0.0,16.5,20.13,34,962.8,58,2.5,Kano
2022-12-23,24.3,12.1,18.0,0.0,16.3,20.23,34,962.8,92,1.5,Kano
2022-12-24,23.9,13.4,18.8,0.0,18.2,18.11,33,963.0,90,1.6,Kano
2022-12-25,24.3,14.5,18.8,0.0,18.2,18.11,31,963.8,70,1.0,Kano
2022-12-26,25.9,13.2,19.2,0.0,16.0,20.15,31,963.7,0,1.5,Kano
2022-12-27,26.0,14.8,19.9,0.0,17.6,20.34,31,963.9,0,2.0,Kano
2022-12-28,26.5,14.3,20.1,0.0,16.9,20.38,32,963.3,0,2.5,Kano
2022-12-29,25.6,14.4,19.7,0.0,18.2,20.52,31,963.1,5,1.5,Kano
2022-12-30,24.5,12.7,18.3,0.0,16.9,20.76,25,963.1,7,-2.5,Kano
2022-12-31,24.8,12.0,18.1,0.0,15.7,20.73,25,963.3,9,-2.7,Kano
2023-01-01,24.9,12.5,18.5,0.0,17.2,20.15,26,962.4,25,-2.0,Kano
2023-01-02,24.9,13.2,18.7,0.0,15.6,20.2,30,962.1,17,0.8,Kano
2023-01-03,25.8,13.2,19.4,0.0,15.7,20.24,30,962.7,0,1.1,Kano
2023-01-04,26.5,13.9,20.0,0.0,16.3,20.24,32,962.6,7,2.6,Kano
2023-01-05,26.8,14.3,20.5,0.0,15.1,20.1,30,962.5,60,1.7,Kano
2023-01-06,27.0,14.1,20.3,0.0,14.8,20.01,29,963.0,70,1.6,Kano
2023-01-07,27.6,14.2,20.4,0.0,15.0,20.67,29,962.8,57,1.0,Kano
2023-01-08,27.8,13.4,20.3,0.0,14.7,20.87,26,962.6,46,-0.2,Kano
2023-01-09,27.3,14.1,20.5,0.0,16.0,20.33,25,963.5,67,-0.6,Kano
2023-01-10,26.4,14.2,20.0,0.0,17.6,20.52,27,964.4,18,0.1,Kano
2023-01-11,25.6,13.7,19.3,0.0,15.2,20.56,26,963.8,36,-0.8,Kano
2023-01-12,25.3,12.8,18.9,0.0,14.3,20.47,24,962.4,90,-2.5,Kano
2023-01-13,25.8,12.1,18.7,0.0,14.0,20.97,22,961.6,50,-4.0,Kano
2023-01-14,26.1,12.9,19.2,0.0,13.6,21.06,22,961.4,55,-3.5,Kano
2023-01-15,26.5,13.3,19.6,0.0,13.4,20.73,25,962.0,56,-1.2,Kano
2023-01-16,26.3,13.6,19.7,0.0,15.1,20.47,26,961.7,82,-0.6,Kano
2023-01-17,27.0,13.9,20.1,0.0,14.8,20.94,27,961.4,19,-0.0,Kano
2023-01-18,27.4,13.6,20.2,0.0,12.6,20.97,27,960.9,0,0.5,Kano
2023-01-19,29.6,13.6,21.4,0.0,9.4,21.06,29,960.5,9,2.1,Kano
2023-01-20,30.2,14.8,22.0,0.0,12.1,21.15,26,960.2,24,1.1,Kano
2023-01-21,30.3,14.8,22.0,0.0,12.2,21.28,23,959.8,8,-0.9,Kano
2023-01-22,31.0,14.9,22.4,0.0,10.6,21.23,23,959.1,50,-0.6,Kano
2023-01-23,31.1,15.5,22.3,0.0,11.4,21.59,25,959.0,26,0.5,Kano
2023-01-24,31.8,15.2,22.9,0.0,10.9,21.77,23,959.2,31,-0.0,Kano
2023-01-25,32.0,15.5,23.2,0.0,11.6,21.69,20,958.3,54,-2.0,Kano
2023-01-26,32.8,16.4,23.8,0.0,11.8,21.69,18,957.7,39,-2.2,Kano
2023-01-27,34.9,16.8,25.0,0.0,12.2,21.83,20,956.7,52,-0.3,Kano
2023-01-28,35.8,16.7,26.2,0.0,13.2,21.64,23,956.1,78,2.3,Kano
2023-01-29,34.2,18.5,25.9,0.0,11.3,21.11,25,957.1,98,3.7,Kano
2023-01-30,34.5,17.7,26.1,0.0,12.4,21.3,20,958.3,75,0.5,Kano
2023-01-31,33.0,17.6,25.0,0.0,12.0,18.17,20,959.2,82,-0.6,Kano
2023-02-01,31.9,17.6,24.5,0.0,14.0,21.74,18,960.6,86,-1.5,Kano
2023-02-02,31.6,17.1,23.7,0.0,14.8,22.12,21,961.0,82,-0.4,Kano
2023-02-03,32.1,16.1,23.9,0.0,12.8,22.13,21,960.9,62,0.1,Kano
2023-02-04,32.4,16.1,23.9,0.0,11.1,22.2,23,960.1,55,1.1,Kano
2023-02-05,34.6,17.4,25.6,0.0,16.6,22.22,22,959.8,65,1.3,Kano
2023-02-06,32.7,18.3,25.2,0.0,17.4,22.49,21,959.9,88,0.2,Kano
2023-02-07,31.0,16.1,23.4,0.0,15.3,22.84,19,960.3,48,-2.1,Kano
2023-02-08,31.1,16.8,23.4,0.0,16.0,22.73,21,960.4,23,-0.4,Kano
2023-02-09,31.6,16.7,23.6,0.0,14.6,22.99,17,960.3,38,-4.1,Kano
2023-02-10,31.3,16.6,23.5,0.0,15.8,23.32,13,960.6,3,-6.6,Kano
2023-02-11,31.8,15.9,23.7,0.0,18.8,23.36,14,960.7,0,-5.5,Kano
2023-02-12,30.6,16.6,23.4,0.0,17.8,23.35,19,961.0,0,-1.9,Kano
2023-02-13,30.4,16.8,23.4,0.0,19.5,23.13,22,961.5,1,0.2,Kano
2023-02-14,28.9,16.6,22.4,0.0,19.6,23.13,21,961.8,50,-1.5,Kano
2023-02-15,26.2,14.8,20.3,0.0,19.1,23.4,22,961.1,2,-2.2,Kano
2023-02-16,25.5,14.9,19.9,0.0,17.7,23.26,20,961.2,24,-3.8,Kano
2023-02-17,26.1,14.1,19.8,0.0,18.4,23.23,21,961.7,36,-3.2,Kano
2023-02-18,27.2,14.6,20.6,0.0,18.2,23.08,20,961.2,7,-3.1,Kano
2023-02-19,27.8,15.3,21.3,0.0,16.6,23.07,19,960.8,22,-3.5,Kano
2023-02-20,29.2,15.6,22.1,0.0,16.3,23.14,21,960.8,0,-2.0,Kano
2023-02-21,30.5,16.2,23.0,0.0,15.1,23.33,19,959.9,0,-2.2,Kano
2023-02-22,31.7,16.7,23.6,0.0,13.2,23.24,20,959.8,0,-1.1,Kano
2023-02-23,32.4,15.9,24.0,0.0,11.4,23.41,20,959.1,0,-0.7,Kano
2023-02-24,33.7,16.3,24.8,0.0,10.7,23.49,19,958.8,32,-1.3,Kano
2023-02-25,33.8,17.2,24.9,0.0,11.9,23.7,18,959.1,72,-2.2,Kano
2023-02-26,36.0,18.4,26.8,0.0,13.9,23.7,13,959.5,61,-4.2,Kano
2023-02-27,37.0,18.3,27.5,0.0,13.0,23.25,18,959.6,59,-0.2,Kano
2023-02-28,37.2,18.3,28.0,0.0,11.7,23.45,18,959.9,66,0.6,Kano
2023-03-01,37.0,19.2,28.5,0.0,11.1,23.41,17,959.5,38,-0.1,Kano
2023-03-02,37.6,20.7,29.2,0.0,16.5,21.25,16,958.3,99,-0.0,Kano
2023-03-03,37.9,19.7,28.9,0.0,12.8,23.12,19,957.5,52,1.9,Kano
2023-03-04,37.4,20.3,29.9,0.0,11.6,22.92,19,957.9,10,2.6,Kano
2023-03-05,39.0,20.6,30.2,0.0,21.7,23.47,18,956.7,16,2.0,Kano
2023-03-06,38.9,25.0,31.4,0.0,16.6,23.8,16,956.3,31,1.5,Kano
2023-03-07,38.0,21.4,30.0,0.0,11.9,22.93,19,956.1,87,3.2,Kano
2023-03-08,37.9,21.5,30.2,0.0,17.9,21.54,17,956.7,86,1.3,Kano
2023-03-09,37.6,22.1,29.5,0.0,17.5,22.37,14,957.5,76,-1.2,Kano
2023-03-10,37.7,23.5,30.0,0.0,18.4,21.62,14,957.8,92,-0.8,Kano
2023-03-11,35.8,23.7,29.5,0.0,16.3,20.1,14,958.5,94,-1.3,Kano
2023-03-12,34.8,20.2,27.0,0.0,20.3,18.0,12,958.6,87,-5.4,Kano
2023-03-13,34.1,20.8,26.8,0.0,15.0,21.59,14,958.6,88,-4.0,Kano
2023-03-14,34.8,18.5,26.4,0.0,14.3,24.78,15,957.6,12,-4.0,Kano
2023-03-15,34.6,18.0,26.2,0.0,13.1,24.69,15,956.8,3,-3.6,Kano
2023-03-16,35.3,19.3,26.6,0.0,12.2,24.79,15,956.6,17,-3.3,Kano
2023-03-17,35.8,19.0,26.9,0.0,14.8,25.02,12,957.5,8,-6.1,Kano
2023-03-18,35.9,18.6,27.8,0.0,14.0,24.72,11,957.3,89,-6.4,Kano
2023-03-19,35.1,19.5,27.9,0.0,10.4,19.61,18,957.9,87,0.6,Kano
2023-03-20,36.3,27.1,30.1,0.2,15.1,18.96,37,958.4,77,13.2,Kano
2023-03-21,31.6,23.4,26.9,0.0,17.6,14.5,49,959.4,85,15.0,Kano
2023-03-22,35.5,20.2,27.9,0.0,12.6,22.16,49,958.4,79,15.1,Kano
2023-03-23,36.4,23.7,29.6,0.0,15.9,22.76,38,957.8,26,11.2,Kano
2023-03-24,36.5,20.1,28.3,0.0,11.3,22.18,20,957.2,89,1.1,Kano
2023-03-25,34.3,20.9,27.9,0.0,13.4,23.71,27,959.1,64,5.1,Kano
2023-03-26,34.9,19.7,27.5,0.0,12.0,24.41,18,959.8,55,0.1,Kano
2023-03-27,34.6,20.8,27.2,0.0,11.5,24.34,19,959.1,68,0.4,Kano
2023-03-28,35.6,20.7,28.0,0.0,15.5,24.83,14,959.0,59,-2.5,Kano
2023-03-29,35.4,20.8,27.7,0.0,15.7,24.65,13,959.4,73,-3.8,Kano
2023-03-30,36.4,20.4,28.3,0.0,16.4,24.75,13,959.5,67,-4.0,Kano
2023-03-31,35.0,21.2,27.7,0.0,15.4,24.22,13,958.9,76,-4.0,Kano
2023-04-01,35.1,21.7,28.0,0.0,18.9,24.67,14,959.5,54,-3.0,Kano
2023-04-02,35.6,21.2,28.1,0.0,14.3,24.92,12,958.6,36,-4.4,Kano
2023-04-03,36.6,20.4,28.2,0.0,11.4,24.9,11,956.6,21,-5.5,Kano
2023-04-04,36.2,21.7,28.6,0.0,11.3,19.57,9,956.2,82,-8.5,Kano
2023-04-05,38.0,19.3,29.8,0.0,13.2,25.16,9,956.5,56,-7.7,Kano
2023-04-06,39.2,21.4,30.0,0.0,13.4,25.28,11,955.6,76,-4.6,Kano
2023-04-07,39.4,22.6,30.8,0.0,16.1,24.49,17,954.9,79,2.5,Kano
2023-04-08,38.3,24.3,31.6,0.0,13.9,21.44,26,955.2,78,8.8,Kano
2023-04-09,39.8,23.8,31.8,0.0,15.2,24.36,34,956.0,85,10.1,Kano
2023-04-10,37.6,25.1,31.6,0.0,15.8,21.29,30,956.9,99,10.3,Kano
2023-04-11,38.6,23.2,31.0,0.0,15.2,24.35,20,956.4,72,4.2,Kano
2023-04-12,36.6,22.9,30.1,0.0,14.1,24.91,17,957.7,53,1.3,Kano
2023-04-13,36.7,23.1,29.7,0.0,12.7,25.07,15,957.9,64,-0.3,Kano
2023-04-14,38.1,23.3,30.3,0.0,14.9,24.53,14,957.7,87,-1.1,Kano
2023-04-15,37.9,22.2,30.8,0.0,11.5,23.19,15,957.6,99,-0.0,Kano
2023-04-16,38.2,21.6,30.3,0.0,12.7,23.86,20,956.0,86,3.9,Kano
2023-04-17,34.9,25.5,30.0,0.0,16.3,12.06,39,955.2,91,13.6,Kano
2023-04-18,40.0,26.8,32.4,0.0,12.5,20.98,35,955.5,51,13.8,Kano
2023-04-19,39.7,25.8,33.3,0.0,13.8,22.77,30,956.2,40,11.9,Kano
2023-04-20,39.9,25.2,32.8,0.0,18.4,24.18,33,954.5,48,12.4,Kano
2023-04-21,38.3,24.7,31.6,0.0,19.7,22.28,35,953.7,98,13.5,Kano
2023-04-22,40.6,26.3,32.6,0.0,18.3,23.49,36,953.4,40,13.4,Kano
2023-04-23,39.0,27.2,32.1,0.0,17.9,22.02,44,955.0,66,16.9,Kano
2023-04-24,34.5,25.5,28.5,0.0,22.7,8.76,55,958.0,99,18.1,Kano
2023-04-25,38.3,25.0,31.4,0.0,13.6,20.23,39,957.2,69,14.0,Kano
2023-04-26,39.2,25.1,31.2,0.0,18.9,22.74,42,955.9,81,15.5,Kano
2023-04-27,37.8,26.0,29.9,1.2,24.2,15.03,47,956.8,98,16.7,Kano
2023-04-28,37.3,24.7,30.8,0.0,16.0,19.66,45,958.8,99,15.8,Kano
2023-04-29,36.7,27.4,31.2,0.0,16.4,17.4,38,958.9,94,14.4,Kano
2023-04-30,37.5,23.2,30.2,0.0,13.3,22.95,35,958.0,55,11.3,Kano
2023-05-01,37.4,22.5,30.2,0.0,13.4,23.6,32,957.3,7,10.0,Kano
2023-05-02,38.3,23.8,30.8,0.0,15.5,23.31,34,957.9,14,11.6,Kano
2023-05-03,38.4,24.6,31.6,0.0,14.1,23.4,35,959.6,14,12.2,Kano
2023-05-04,39.2,24.5,31.8,0.0,19.5,23.99,31,960.0,31,10.7,Kano
2023-05-05,38.4,25.1,31.6,0.0,14.8,21.32,38,959.3,73,13.7,Kano
2023-05-06,38.7,26.4,32.0,0.0,12.4,22.85,39,958.2,48,14.8,Kano
2023-05-07,39.7,22.9,31.8,0.0,19.8,25.34,27,957.9,37,5.1,Kano
2023-05-08,38.6,24.3,31.4,0.0,13.6,23.39,32,958.6,47,10.0,Kano
2023-05-09,39.5,21.6,30.7,0.0,12.1,25.13,25,956.8,75,6.4,Kano
2023-05-10,39.1,24.3,31.9,0.0,17.7,23.63,34,955.7,99,12.5,Kano
2023-05-11,39.0,26.8,32.9,0.0,17.1,22.62,39,956.8,81,16.1,Kano
2023-05-12,37.9,25.2,31.5,0.0,17.6,22.68,42,959.1,64,15.9,Kano
2023-05-13,39.7,24.5,32.6,0.0,20.8,24.25,35,959.5,66,12.7,Kano
2023-05-14,40.4,26.8,33.5,0.0,13.0,23.77,34,959.3,81,13.0,Kano
2023-05-15,39.6,26.3,32.8,0.0,16.6,22.68,42,958.5,92,16.2,Kano
2023-05-16,37.3,27.3,32.1,0.0,17.3,21.35,45,958.3,84,18.0,Kano
2023-05-17,39.3,26.6,31.9,0.3,24.3,22.89,49,958.3,65,18.8,Kano
2023-05-18,37.9,25.5,31.4,0.0,15.7,22.83,51,958.4,89,19.2,Kano
2023-05-19,38.7,26.0,32.2,0.0,18.0,22.92,45,958.4,67,17.4,Kano
2023-05-20,37.0,26.4,31.4,0.0,15.7,19.32,49,958.1,94,18.5,Kano
2023-05-21,38.2,27.1,30.7,0.0,17.4,22.02,53,958.2,81,19.4,Kano
2023-05-22,37.2,25.1,30.3,0.0,16.1,21.47,57,958.8,74,19.7,Kano
2023-05-23,37.8,25.9,31.5,0.0,15.8,23.45,50,958.4,69,19.0,Kano
2023-05-24,37.2,26.2,31.1,0.5,16.4,22.77,53,957.7,76,20.0,Kano
2023-05-25,37.4,25.3,31.3,0.0,14.5,23.31,54,957.2,74,19.9,Kano
2023-05-26,38.1,25.6,31.6,0.0,18.3,23.23,52,957.0,42,19.9,Kano
2023-05-27,37.8,25.5,30.7,0.2,19.9,23.28,57,957.0,87,20.6,Kano
2023-05-28,37.3,25.6,31.2,0.0,17.2,23.72,51,957.6,82,18.9,Kano
2023-05-29,36.8,26.3,31.4,0.0,17.1,22.76,49,958.2,91,18.6,Kano
2023-05-30,38.8,25.6,32.0,0.0,15.3,23.76,49,958.8,62,18.7,Kano
2023-05-31,37.2,27.2,31.9,0.0,18.7,22.83,51,958.7,42,19.9,Kano
2023-06-01,38.2,25.0,31.4,0.0,13.7,22.9,49,957.9,69,18.5,Kano
2023-06-02,38.0,25.5,31.3,0.0,16.1,22.56,53,958.1,88,19.8,Kano
2023-06-03,35.5,24.9,29.5,0.6,16.2,21.03,58,959.9,89,19.9,Kano
2023-06-04,33.7,23.5,28.1,6.4,15.7,14.77,67,960.2,84,20.6,Kano
2023-06-05,37.0,24.3,30.3,0.0,13.3,23.64,53,958.7,49,19.1,Kano
2023-06-06,36.6,23.8,30.1,0.1,17.9,22.34,57,959.1,99,19.5,Kano
2023-06-07,33.6,24.9,28.6,0.1,20.1,18.37,58,959.9,87,19.1,Kano
2023-06-08,29.9,23.7,26.1,0.9,14.3,9.68,68,960.7,98,19.6,Kano
2023-06-09,35.2,23.3,28.8,0.0,17.1,22.02,59,960.2,58,19.4,Kano
2023-06-10,29.6,22.0,25.5,24.1,16.0,17.49,77,959.9,94,20.9,Kano
2023-06-11,30.8,23.1,25.8,4.3,14.5,15.59,74,961.1,89,20.7,Kano
2023-06-12,31.4,22.9,26.2,0.8,14.0,19.13,75,961.7,93,21.0,Kano
2023-06-13,31.8,23.2,26.2,9.6,13.0,21.77,75,960.9,56,21.1,Kano
2023-06-14,33.4,22.3,27.2,0.1,13.2,22.86,71,960.1,51,20.6,Kano
2023-06-15,33.3,23.0,27.2,2.8,14.4,22.71,71,960.9,41,21.2,Kano
2023-06-16,33.8,23.9,28.3,0.6,12.4,23.01,68,960.6,42,21.3,Kano
2023-06-17,36.2,24.4,29.6,0.0,14.8,22.65,59,958.9,64,19.8,Kano
2023-06-18,35.1,24.9,29.4,0.4,15.1,21.36,63,958.7,83,21.4,Kano
2023-06-19,35.0,24.2,29.1,0.1,17.1,23.04,64,959.3,89,21.0,Kano
2023-06-20,32.5,24.0,28.2,14.0,17.1,20.16,63,959.5,100,20.0,Kano
2023-06-21,34.6,22.9,27.5,15.2,20.1,22.19,67,959.6,89,20.2,Kano
2023-06-22,32.4,22.0,27.0,8.3,21.3,20.54,69,959.4,90,20.3,Kano
2023-06-23,32.3,22.6,27.0,0.0,12.9,21.0,70,959.8,64,20.8,Kano
2023-06-24,30.1,22.7,25.8,0.4,11.0,18.6,76,960.4,40,21.1,Kano
2023-06-25,32.0,22.1,26.3,1.0,14.8,22.06,71,961.2,71,20.2,Kano
2023-06-26,31.8,22.4,26.6,0.1,10.6,16.81,72,960.2,74,20.4,Kano
2023-06-27,33.5,22.4,27.9,5.1,15.1,22.97,66,958.9,92,20.5,Kano
2023-06-28,31.7,22.5,26.1,3.5,18.4,21.94,77,960.5,75,21.2,Kano
2023-06-29,30.6,22.0,26.5,2.7,12.6,21.66,72,962.4,73,20.8,Kano
2023-06-30,34.2,23.1,28.2,0.0,12.1,22.78,68,961.2,60,21.0,Kano
2023-07-01,33.3,24.0,28.3,0.0,13.3,23.9,66,960.0,73,21.1,Kano
2023-07-02,33.8,23.4,28.2,0.0,12.4,22.48,63,961.0,60,20.0,Kano
2023-07-03,34.7,23.7,28.7,0.0,11.6,23.84,61,961.0,53,19.8,Kano
2023-07-04,31.4,23.3,26.8,2.1,17.4,19.49,71,961.3,89,20.8,Kano
2023-07-05,32.4,22.3,27.3,0.0,13.7,23.48,65,961.3,71,19.5,Kano
2023-07-06,34.2,22.1,27.8,0.0,13.5,24.35,63,959.4,5,19.4,Kano
2023-07-07,33.9,24.0,28.1,0.9,12.6,22.95,67,959.8,68,20.8,Kano
2023-07-08,31.0,22.4,26.3,0.4,14.3,20.2,74,960.4,100,20.9,Kano
2023-07-09,29.3,21.2,25.2,7.4,19.5,14.46,79,962.4,94,21.1,Kano
2023-07-10,32.2,21.5,26.4,0.0,10.5,23.94,74,960.6,73,20.8,Kano
2023-07-11,32.3,22.9,27.0,5.6,19.4,23.39,71,959.2,59,21.0,Kano
2023-07-12,32.5,22.0,26.7,5.0,11.2,23.71,74,959.0,52,21.1,Kano
2023-07-13,30.5,22.2,25.9,4.6,11.0,21.26,79,960.4,85,21.6,Kano
2023-07-14,31.2,22.5,26.4,0.0,8.3,20.2,75,960.6,74,21.2,Kano
2023-07-15,32.7,22.1,27.5,0.1,10.6,24.3,65,960.6,57,19.9,Kano
2023-07-16,33.0,23.0,27.6,0.5,9.7,22.64,70,960.1,37,21.3,Kano
2023-07-17,33.5,22.7,28.0,5.0,10.0,23.67,70,960.6,87,21.6,Kano
2023-07-18,32.4,23.6,26.9,1.7,12.9,19.85,76,961.2,85,22.0,Kano
2023-07-19,32.0,23.2,27.4,0.0,17.7,22.53,70,960.6,94,21.1,Kano
2023-07-20,33.2,23.8,27.7,4.0,18.4,23.3,70,960.6,70,21.5,Kano
2023-07-21,28.4,22.5,25.0,21.8,14.4,12.85,83,961.3,100,21.8,Kano
2023-07-22,31.4,22.8,26.7,0.4,10.7,22.52,73,961.9,87,21.2,Kano
2023-07-23,31.0,23.1,26.0,3.2,13.6,18.25,80,963.0,77,22.0,Kano
2023-07-24,31.5,22.7,26.6,0.1,14.5,23.46,76,961.7,50,21.6,Kano
2023-07-25,32.1,22.9,27.1,0.0,14.2,23.31,69,960.9,20,20.7,Kano
2023-07-26,32.7,23.1,27.5,0.0,15.9,22.85,69,960.3,39,21.0,Kano
2023-07-27,32.2,24.1,27.2,1.2,15.0,19.41,74,960.5,88,21.8,Kano
2023-07-28,32.6,23.0,26.4,6.4,13.8,22.15,75,961.3,99,21.2,Kano
2023-07-29,32.5,22.6,26.9,0.0,13.0,24.04,73,961.7,80,21.2,Kano
2023-07-30,31.7,22.9,26.9,8.4,13.8,22.21,77,961.7,77,22.3,Kano
2023-07-31,32.5,23.3,26.9,2.4,17.4,23.17,76,961.0,86,22.1,Kano
2023-08-01,30.4,23.0,25.5,0.1,16.7,18.15,78,960.4,99,21.3,Kano
2023-08-02,30.8,22.5,26.5,0.0,24.0,21.91,70,961.4,73,20.3,Kano
2023-08-03,29.9,23.1,26.3,0.6,17.0,18.09,71,961.6,91,20.6,Kano
2023-08-04,31.9,22.9,26.7,1.9,14.2,22.44,71,961.3,88,20.9,Kano
2023-08-05,31.3,22.7,25.6,16.3,14.7,20.71,82,962.3,93,22.0,Kano
2023-08-06,27.2,22.4,23.5,9.5,10.2,10.34,91,962.5,100,21.8,Kano
2023-08-07,29.2,21.9,24.5,11.3,19.3,17.88,84,962.1,88,21.3,Kano
2023-08-08,28.5,21.9,24.5,3.2,18.6,18.76,80,960.2,73,20.7,Kano
2023-08-09,28.3,22.3,24.3,6.5,17.3,11.85,82,960.6,71,20.9,Kano
2023-08-10,25.9,21.6,23.6,8.5,19.5,7.3,87,960.8,99,21.3,Kano
2023-08-11,29.1,20.7,24.2,14.8,9.4,20.07,83,960.6,62,20.8,Kano
2023-08-12,30.0,21.7,25.7,0.5,9.7,22.91,78,958.9,60,21.4,Kano
2023-08-13,24.8,21.6,23.1,10.9,14.0,10.05,89,958.9,98,21.0,Kano
2023-08-14,28.9,21.9,24.8,1.6,13.5,19.04,82,961.0,84,21.4,Kano
2023-08-15,30.0,22.2,25.5,0.1,9.4,18.12,78,962.1,89,21.1,Kano
2023-08-16,31.9,21.7,26.0,3.0,11.2,23.57,79,960.8,53,21.7,Kano
2023-08-17,31.6,22.3,25.7,6.1,12.7,20.89,85,959.4,89,22.7,Kano
2023-08-18,32.0,22.1,26.3,20.5,11.0,23.22,79,958.8,77,22.1,Kano
2023-08-19,31.6,21.9,25.8,20.7,21.0,21.88,81,958.4,98,22.0,Kano
2023-08-20,27.9,21.3,24.4,19.2,14.3,12.59,86,959.4,100,21.8,Kano
2023-08-21,31.0,21.8,26.0,7.0,7.7,23.09,80,959.5,75,22.0,Kano
2023-08-22,32.9,22.4,26.8,1.1,11.5,24.12,79,957.9,46,22.4,Kano
2023-08-23,32.6,23.2,27.1,14.9,20.6,23.1,76,957.4,96,22.1,Kano
2023-08-24,29.8,21.9,24.3,16.7,16.6,16.92,85,958.1,100,21.5,Kano
2023-08-25,30.3,21.6,25.5,2.5,11.2,22.33,79,958.3,81,21.3,Kano
2023-08-26,31.1,22.5,26.4,0.1,11.7,23.48,79,958.6,92,22.1,Kano
2023-08-27,25.3,21.2,23.8,17.1,18.4,5.98,86,961.1,97,21.3,Kano
2023-08-28,31.2,21.0,25.6,0.0,8.7,24.52,75,961.7,57,20.4,Kano
2023-08-29,32.0,22.0,26.0,15.2,14.3,24.09,77,960.4,34,21.4,Kano
2023-08-30,30.3,22.1,25.3,6.5,15.3,16.02,80,960.5,87,21.4,Kano
2023-08-31,31.2,22.4,26.2,0.3,13.0,23.99,79,961.1,52,22.0,Kano
2023-09-01,32.0,22.4,26.6,11.7,11.2,23.33,77,959.9,96,22.1,Kano
2023-09-02,29.9,21.3,24.3,7.7,11.5,17.23,83,959.9,86,21.0,Kano
2023-09-03,30.0,21.5,25.5,1.9,10.4,23.14,79,960.7,36,21.3,Kano
2023-09-04,28.5,22.1,23.8,21.0,10.4,14.07,87,961.2,82,21.3,Kano
2023-09-05,30.1,22.1,25.6,0.1,10.1,23.18,79,960.5,50,21.5,Kano
2023-09-06,32.7,22.2,26.6,0.6,9.3,24.19,79,960.6,49,22.2,Kano
2023-09-07,31.9,22.3,26.0,12.7,10.0,22.91,81,960.1,39,22.1,Kano
2023-09-08,32.0,22.4,26.4,14.7,20.5,21.94,81,959.4,100,22.5,Kano
2023-09-09,30.7,21.8,25.8,4.5,16.8,21.4,81,960.8,84,22.2,Kano
2023-09-10,32.2,22.3,26.8,0.1,13.0,23.95,75,960.8,57,21.7,Kano
2023-09-11,33.3,23.5,27.4,19.5,25.7,22.51,77,958.4,67,22.7,Kano
2023-09-12,33.0,22.9,26.9,0.1,14.5,21.67,75,957.5,80,21.7,Kano
2023-09-13,31.3,21.9,26.1,0.5,14.0,23.79,78,959.1,56,21.6,Kano
2023-09-14,31.6,23.1,26.0,12.3,17.9,21.4,82,959.5,91,22.4,Kano
2023-09-15,29.8,22.2,25.3,0.2,13.4,18.67,82,959.1,93,21.9,Kano
2023-09-16,30.7,22.3,25.5,3.1,13.3,20.13,84,959.6,97,22.4,Kano
2023-09-17,29.6,22.4,24.6,13.5,13.6,14.09,86,960.0,83,22.0,Kano
2023-09-18,29.8,21.4,25.1,0.7,12.9,23.0,80,959.9,43,21.1,Kano
2023-09-19,30.1,21.5,25.1,0.3,15.6,19.57,80,959.9,48,21.1,Kano
2023-09-20,32.3,20.5,26.2,0.0,9.8,23.05,73,959.7,53,20.5,Kano
2023-09-21,32.6,21.9,26.8,0.7,13.0,23.84,75,958.6,71,21.6,Kano
2023-09-22,32.8,21.9,27.0,0.0,12.0,22.31,72,958.3,90,21.0,Kano
2023-09-23,31.1,22.5,26.0,11.3,13.9,20.35,79,959.9,89,21.9,Kano
2023-09-24,30.0,22.4,25.5,0.0,12.1,14.61,79,960.7,90,21.3,Kano
2023-09-25,32.1,23.3,26.9,7.2,11.8,21.55,74,961.0,70,21.6,Kano
2023-09-26,33.8,22.6,27.1,0.0,12.3,23.78,73,959.1,69,21.4,Kano
2023-09-27,34.3,22.9,27.9,0.0,11.5,24.04,71,957.2,16,21.8,Kano
2023-09-28,33.2,23.1,27.2,0.0,15.8,23.21,73,957.5,63,21.6,Kano
2023-09-29,29.7,23.2,25.4,0.0,15.0,13.65,74,959.8,77,20.2,Kano
2023-09-30,31.1,22.7,25.2,14.5,10.6,19.61,79,960.0,71,21.1,Kano
2023-10-01,27.5,22.0,23.8,12.6,9.2,9.07,89,959.8,100,21.8,Kano
2023-10-02,26.8,21.2,23.4,13.3,13.9,15.12,89,960.4,94,21.5,Kano
2023-10-03,29.2,21.7,25.2,0.2,12.5,13.65,74,959.9,84,19.9,Kano
2023-10-04,31.0,22.6,26.4,0.0,11.4,20.86,61,959.5,81,18.0,Kano
2023-10-05,32.3,21.2,26.6,0.0,11.9,23.39,57,959.1,64,17.0,Kano
2023-10-06,31.2,22.9,25.9,0.0,18.7,19.34,58,960.1,37,16.9,Kano
2023-10-07,29.6,19.5,24.5,0.0,10.3,15.18,69,959.9,85,18.2,Kano
2023-10-08,32.3,20.7,26.5,0.0,16.9,23.33,58,959.8,32,17.2,Kano
2023-10-09,33.2,22.1,27.1,0.0,11.4,23.4,54,960.5,8,16.5,Kano
2023-10-10,33.6,20.9,27.2,0.0,13.3,23.34,50,959.8,74,15.4,Kano
2023-10-11,33.6,21.9,27.1,0.0,14.8,23.37,49,959.3,22,14.9,Kano
2023-10-12,33.3,21.4,26.7,0.0,10.9,23.15,55,959.4,69,16.3,Kano
2023-10-13,33.2,20.1,26.3,0.0,14.8,21.74,59,959.9,71,16.4,Kano
2023-10-14,33.0,19.7,26.4,0.0,13.1,23.27,47,959.5,74,13.5,Kano
2023-10-15,33.0,18.8,26.4,0.0,11.5,23.2,45,958.6,73,12.8,Kano
2023-10-16,33.4,17.8,26.0,0.0,9.0,22.42,54,958.7,79,15.3,Kano
2023-10-17,31.2,23.1,26.3,0.2,7.6,16.36,73,960.6,94,20.9,Kano
2023-10-18,34.3,20.8,27.0,0.0,17.8,22.71,61,959.9,71,17.4,Kano
2023-10-19,33.7,19.0,26.9,0.0,11.3,23.41,42,960.2,45,11.7,Kano
2023-10-20,33.5,18.3,25.6,0.0,11.6,23.21,49,959.6,42,13.2,Kano
2023-10-21,34.0,17.1,25.0,0.0,13.9,22.74,48,959.3,86,12.1,Kano
2023-10-22,33.1,17.3,25.0,0.0,16.9,23.26,41,958.8,33,10.0,Kano
2023-10-23,33.3,16.8,25.3,0.0,13.3,23.22,41,958.5,33,10.1,Kano
2023-10-24,32.4,17.3,24.4,0.0,10.6,23.21,46,958.2,46,10.8,Kano
2023-10-25,32.7,17.2,24.5,0.0,10.0,23.08,42,958.2,79,9.8,Kano
2023-10-26,33.0,17.1,24.4,0.0,9.7,23.16,50,958.6,37,12.4,Kano
2023-10-27,33.4,17.0,24.6,0.0,11.5,23.05,50,958.9,48,12.5,Kano
2023-10-28,33.4,17.5,25.5,0.0,10.0,22.6,49,957.9,52,13.0,Kano
2023-10-29,34.1,19.5,26.3,0.0,13.0,22.69,42,957.0,19,11.3,Kano
2023-10-30,34.2,19.8,26.3,0.0,14.7,21.89,38,956.6,50,10.1,Kano
2023-10-31,33.2,19.0,26.2,0.0,13.9,20.89,37,957.2,72,9.7,Kano
2023-11-01,33.0,18.6,25.7,0.0,10.5,21.34,42,958.5,90,11.0,Kano
2023-11-02,33.0,19.3,25.7,0.0,12.6,18.98,44,958.5,73,11.4,Kano
2023-11-03,33.0,19.2,25.8,0.0,14.3,21.92,39,958.3,53,10.1,Kano
2023-11-04,32.9,19.1,26.3,0.0,10.9,21.26,45,958.4,84,12.7,Kano
2023-11-05,33.1,20.4,27.0,0.0,15.3,21.33,49,959.5,48,14.1,Kano
2023-11-06,33.3,18.5,26.8,0.0,14.5,21.85,37,959.9,42,9.9,Kano
2023-11-07,32.5,18.5,25.7,0.0,12.7,21.32,36,959.1,81,8.7,Kano
2023-11-08,33.2,19.3,25.8,0.0,13.0,22.14,32,958.5,28,7.0,Kano
2023-11-09,33.8,18.7,25.5,0.0,12.1,22.12,37,958.2,77,8.9,Kano
2023-11-10,34.3,18.9,26.2,0.0,11.8,21.74,35,958.5,68,8.8,Kano
2023-11-11,33.6,17.9,25.8,0.0,12.1,21.89,37,959.1,69,9.0,Kano
2023-11-12,33.0,18.8,25.9,0.0,14.6,21.79,34,960.0,61,7.9,Kano
2023-11-13,32.5,19.1,25.2,0.0,13.7,21.34,30,960.7,74,5.4,Kano
2023-11-14,31.9,20.0,25.6,0.0,15.4,17.51,34,959.8,84,8.1,Kano
2023-11-15,31.1,23.2,26.0,0.0,18.6,13.02,45,961.0,100,12.8,Kano
2023-11-16,30.6,21.4,25.4,0.0,19.9,15.79,46,961.3,97,12.5,Kano
2023-11-17,31.0,21.9,26.1,0.0,16.5,18.53,32,960.7,94,7.8,Kano
2023-11-18,30.9,20.5,25.1,0.0,16.4,19.11,26,961.4,86,3.8,Kano
2023-11-19,30.9,18.5,24.2,0.0,17.1,20.39,31,960.8,94,5.5,Kano
2023-11-20,28.9,19.2,23.7,0.0,13.5,16.5,35,960.4,95,7.3,Kano
2023-11-21,29.4,17.3,22.9,0.0,10.9,20.79,38,959.9,94,7.7,Kano
2023-11-22,30.8,15.4,22.5,0.0,11.5,21.2,43,958.3,64,8.5,Kano
2023-11-23,33.0,15.2,23.9,0.0,10.0,20.95,44,958.5,53,10.3,Kano
2023-11-24,33.3,16.2,25.3,0.0,10.0,20.46,44,957.7,91,11.3,Kano
2023-11-25,34.3,20.1,26.5,0.0,13.9,19.47,48,957.5,59,14.0,Kano
2023-11-26,32.7,23.1,27.3,0.0,10.1,17.07,49,959.9,77,15.1,Kano
2023-11-27,33.9,20.5,26.7,0.0,12.5,20.53,35,960.2,24,9.2,Kano
2023-11-28,33.4,21.1,26.1,0.0,14.7,20.39,34,959.3,42,8.2,Kano
2023-11-29,33.1,20.2,25.6,0.0,11.3,20.62,30,959.0,10,6.1,Kano
2023-11-30,34.0,19.0,25.4,0.0,14.5,20.71,26,959.9,16,3.3,Kano
2023-12-01,33.1,19.8,25.8,0.0,15.8,20.73,19,960.9,0,-0.1,Kano
2023-12-02,32.2,17.0,24.1,0.0,11.2,21.06,23,960.5,3,0.9,Kano
2023-12-03,32.6,16.8,23.5,0.0,11.3,20.85,29,959.1,83,3.7,Kano
2023-12-04,32.0,18.2,24.5,0.0,11.4,20.76,29,959.9,65,4.8,Kano
2023-12-05,31.5,16.4,23.5,0.0,14.9,20.8,28,960.6,62,2.8,Kano
2023-12-06,30.5,16.4,22.6,0.0,12.4,20.97,27,961.1,27,2.1,Kano
2023-12-07,30.4,16.8,22.7,0.0,12.2,20.47,26,961.7,46,2.0,Kano
2023-12-08,30.0,16.7,22.5,0.0,11.8,20.6,25,961.7,89,0.8,Kano
2023-12-09,29.2,14.1,21.8,0.0,10.5,21.1,25,959.7,81,0.2,Kano
2023-12-10,29.5,13.4,21.2,0.0,12.8,20.88,29,959.7,41,1.7,Kano
2023-12-11,26.0,15.1,19.9,0.0,17.6,20.84,31,962.4,27,2.1,Kano
2023-12-12,26.4,13.1,19.2,0.0,18.3,20.89,37,963.0,0,3.7,Kano
2023-12-13,26.1,14.1,19.4,0.0,17.9,20.97,32,962.0,26,1.9,Kano
2023-12-14,26.8,13.3,19.6,0.0,12.1,20.39,35,961.0,43,3.3,Kano
2023-12-15,28.0,14.9,21.1,0.0,12.2,19.85,33,960.5,61,3.6,Kano
2023-12-16,27.9,14.6,20.8,0.0,13.2,20.48,26,959.7,0,0.4,Kano
2023-12-17,28.4,14.3,20.7,0.0,13.0,20.18,26,959.7,31,0.3,Kano
2023-12-18,29.5,14.9,21.7,0.0,11.4,20.37,30,959.4,7,3.0,Kano
2023-12-19,29.8,15.7,22.1,0.0,10.3,20.14,34,959.6,40,5.1,Kano
2023-12-20,30.6,15.6,23.0,0.0,9.8,20.32,37,960.4,0,7.0,Kano
2023-12-21,30.4,16.8,22.9,0.0,13.8,20.48,34,960.1,27,5.6,Kano
2023-12-22,27.7,15.2,21.2,0.0,14.7,20.35,27,962.3,60,1.4,Kano
2023-12-23,26.8,13.9,20.2,0.0,13.0,20.37,29,963.0,44,1.3,Kano
2023-12-24,26.8,14.5,20.3,0.0,13.8,20.46,28,963.0,34,0.7,Kano
2023-12-25,26.0,12.6,19.1,0.0,15.6,20.98,23,962.4,10,-2.9,Kano
2023-12-26,24.8,12.5,18.3,0.0,14.5,20.9,23,962.1,4,-3.4,Kano
2023-12-27,25.6,11.6,18.2,0.0,12.8,20.89,29,962.3,0,-0.5,Kano
2023-12-28,26.8,12.5,18.8,0.0,12.1,20.6,36,963.0,0,2.9,Kano
2023-12-29,27.9,12.5,20.1,0.0,10.8,20.67,33,961.8,0,2.9,Kano
2023-12-30,28.4,13.7,20.2,0.0,11.2,20.63,35,961.3,8,3.8,Kano
2023-12-31,28.7,13.9,20.7,0.0,12.2,20.54,32,961.3,14,2.9,Kano
2024-01-01,28.8,14.3,20.7,0.0,12.4,20.54,31,961.8,47,2.6,Kano
2024-01-02,28.9,14.3,20.8,0.0,11.8,20.58,30,962.5,57,2.0,Kano
2024-01-03,29.2,12.0,20.2,0.0,12.5,20.79,30,961.7,49,1.2,Kano
2024-01-04,29.1,13.0,20.7,0.0,12.0,20.9,28,962.0,21,0.8,Kano
2024-01-05,29.6,14.1,21.0,0.0,10.7,20.81,26,961.5,48,0.5,Kano
2024-01-06,30.1,12.6,21.4,0.0,12.8,20.91,27,961.7,6,1.2,Kano
2024-01-07,29.7,14.1,21.1,0.0,11.8,21.13,25,961.1,0,-0.3,Kano
2024-01-08,29.1,12.9,20.8,0.0,11.5,20.58,23,960.4,46,-1.6,Kano
2024-01-09,29.5,12.8,20.9,0.0,11.0,21.24,22,960.2,0,-2.0,Kano
2024-01-10,29.6,14.7,21.4,0.0,13.7,21.1,21,961.7,12,-2.1,Kano
2024-01-11,28.8,14.1,20.8,0.0,13.0,21.24,21,961.2,29,-2.5,Kano
2024-01-12,29.3,14.3,21.0,0.0,13.0,21.31,21,961.2,38,-2.8,Kano
2024-01-13,28.8,13.7,20.8,0.0,13.5,21.39,20,961.8,0,-3.7,Kano
2024-01-14,27.7,13.8,20.0,0.0,13.6,21.47,17,962.8,3,-6.3,Kano
2024-01-15,26.2,13.0,19.2,0.0,14.5,21.43,22,964.2,20,-3.1,Kano
2024-01-16,26.5,12.9,19.1,0.0,14.7,21.59,26,964.4,0,-1.3,Kano
2024-01-17,26.8,11.8,19.0,0.0,13.9,21.64,28,964.2,0,-0.3,Kano
2024-01-18,27.2,12.2,18.8,0.0,12.7,21.78,28,963.1,0,-0.6,Kano
2024-01-19,27.9,12.1,19.3,0.0,12.1,21.8,26,962.5,0,-1.5,Kano
2024-01-20,28.5,13.0,19.7,0.0,12.1,21.79,25,963.1,0,-1.8,Kano
2024-01-21,29.6,13.2,20.8,0.0,13.9,22.01,20,962.5,0,-3.3,Kano
2024-01-22,29.9,14.1,21.5,0.0,12.3,22.11,20,962.2,30,-2.7,Kano
2024-01-23,29.9,11.4,20.9,0.0,11.5,21.98,23,962.4,36,-1.6,Kano
2024-01-24,27.5,14.9,20.9,0.0,16.6,21.63,28,964.6,48,1.6,Kano
2024-01-25,26.0,13.0,19.3,0.0,17.6,21.76,32,965.1,41,1.8,Kano
2024-01-26,25.6,13.9,19.5,0.0,18.4,21.41,30,964.8,9,0.7,Kano
2024-01-27,24.0,14.6,18.8,0.0,16.9,19.03,25,964.5,49,-2.0,Kano
2024-01-28,26.6,14.0,19.8,0.0,14.3,21.32,24,963.3,27,-1.7,Kano
2024-01-29,27.4,14.1,20.5,0.0,14.0,21.36,26,962.9,23,0.2,Kano
2024-01-30,28.1,15.2,21.5,0.0,14.0,21.3,26,962.7,4,1.0,Kano
2024-01-31,28.2,15.9,21.8,0.0,15.3,21.36,25,963.8,0,0.6,Kano
2024-02-01,27.5,15.8,21.4,0.0,15.2,21.43,23,964.6,0,-1.0,Kano
2024-02-02,26.3,15.5,20.5,0.0,17.1,21.55,20,964.0,6,-3.5,Kano
2024-02-03,26.1,14.8,20.2,0.0,16.6,21.85,16,962.9,0,-6.7,Kano
2024-02-04,26.4,14.0,20.0,0.0,17.3,22.04,16,963.9,18,-7.3,Kano
2024-02-05,26.7,14.9,20.5,0.0,17.7,21.48,15,965.8,64,-7.0,Kano
2024-02-06,25.4,15.5,20.2,0.0,18.2,19.4,20,965.8,82,-3.7,Kano
2024-02-07,25.5,14.6,20.0,0.0,15.5,19.81,21,964.6,55,-3.2,Kano
2024-02-08,27.4,13.4,19.9,0.0,13.0,22.64,23,962.8,33,-1.9,Kano
2024-02-09,28.7,13.5,20.7,0.0,11.8,22.53,24,962.1,39,-0.8,Kano
2024-02-10,30.8,14.1,22.4,0.0,10.5,22.62,23,961.2,7,-0.0,Kano
2024-02-11,32.4,15.3,23.7,0.0,11.3,22.65,23,960.1,12,0.9,Kano
2024-02-12,33.1,17.3,24.8,0.0,10.8,22.94,18,960.3,0,-1.7,Kano
2024-02-13,33.2,16.9,24.6,0.0,14.7,23.47,15,960.9,0,-4.6,Kano
2024-02-14,32.3,17.1,24.1,0.0,16.6,23.39,19,961.6,0,-1.4,Kano
2024-02-15,30.0,16.8,22.8,0.0,16.8,23.54,23,962.1,11,-0.0,Kano
2024-02-16,29.9,14.6,22.0,0.0,15.7,23.27,22,961.8,60,-0.7,Kano
2024-02-17,29.6,15.5,22.0,0.0,13.0,23.2,23,961.6,52,-0.6,Kano
2024-02-18,30.3,15.1,22.2,0.0,11.5,21.38,22,960.9,52,-1.2,Kano
2024-02-19,33.1,17.6,24.7,0.0,9.8,21.38,19,959.5,30,-1.0,Kano
2024-02-20,33.6,17.6,25.5,0.0,10.6,22.45,20,957.8,16,0.1,Kano
2024-02-21,31.8,19.3,25.6,0.0,14.1,19.37,18,957.5,53,-0.6,Kano
2024-02-22,28.3,19.3,23.5,0.0,19.1,13.43,27,958.5,81,2.9,Kano
2024-02-23,29.6,18.3,22.0,0.1,17.0,12.64,52,960.5,85,11.1,Kano
2024-02-24,31.1,19.3,24.8,0.0,13.6,19.25,45,961.7,75,11.3,Kano
2024-02-25,33.5,20.0,25.9,0.0,15.3,19.71,29,961.9,52,4.0,Kano
2024-02-26,32.9,21.1,25.7,0.0,14.2,21.09,25,959.9,49,4.1,Kano
2024-02-27,35.2,18.1,26.3,0.0,10.8,23.06,33,958.4,2,7.0,Kano
2024-02-28,36.7,19.4,28.5,0.0,12.1,23.03,27,957.1,12,6.7,Kano
2024-02-29,37.6,21.2,29.8,0.0,9.7,23.17,24,956.2,80,5.8,Kano
2024-03-01,36.0,22.5,28.8,0.0,14.5,22.05,16,957.2,89,-0.3,Kano
2024-03-02,35.1,20.4,27.5,0.0,15.3,23.57,15,959.3,42,-1.7,Kano
2024-03-03,35.5,20.5,27.7,0.0,11.8,23.35,16,959.1,64,-0.8,Kano
2024-03-04,37.5,20.8,28.2,0.0,10.2,23.45,20,957.8,52,2.1,Kano
2024-03-05,37.7,20.5,29.7,0.0,9.4,23.43,18,957.8,62,1.4,Kano
2024-03-06,38.1,20.7,30.1,0.0,11.8,23.7,17,957.6,71,1.7,Kano
2024-03-07,38.9,22.7,30.1,0.0,13.7,22.83,24,957.5,66,6.8,Kano
2024-03-08,39.0,22.8,30.5,0.0,14.2,23.36,26,957.4,48,7.1,Kano
2024-03-09,38.5,22.8,30.2,0.0,15.0,22.96,29,957.7,44,8.3,Kano
2024-03-10,39.3,24.1,31.6,0.0,11.0,23.22,21,957.8,66,5.6,Kano
2024-03-11,39.9,24.4,31.9,0.0,16.1,23.43,15,959.2,88,1.6,Kano
2024-03-12,38.9,23.3,31.8,0.0,13.5,23.67,15,959.4,60,1.0,Kano
2024-03-13,39.4,21.4,31.3,0.0,11.6,22.82,16,958.9,83,1.4,Kano
2024-03-14,39.8,21.9,31.3,0.0,10.2,23.21,22,958.1,83,5.9,Kano
2024-03-15,39.2,25.9,31.6,0.0,14.5,21.83,31,958.2,61,10.8,Kano
2024-03-16,39.0,24.6,31.9,0.0,15.1,23.18,27,957.5,34,9.5,Kano
2024-03-17,35.6,23.2,29.4,0.0,16.6,21.93,14,958.6,39,-0.9,Kano
2024-03-18,32.0,21.7,26.5,0.0,17.6,24.53,13,959.3,0,-5.1,Kano
2024-03-19,33.6,20.2,26.5,0.0,16.4,24.34,16,958.4,26,-2.4,Kano
2024-03-20,33.9,20.2,26.8,0.0,14.3,24.3,14,958.0,38,-3.1,Kano
2024-03-21,36.1,21.3,28.5,0.0,15.2,24.29,12,958.4,54,-4.8,Kano
2024-03-22,36.6,22.2,28.8,0.0,14.7,24.04,12,957.0,83,-3.9,Kano
2024-03-23,36.6,22.7,29.2,0.0,14.6,24.12,12,957.0,65,-3.5,Kano
2024-03-24,36.5,22.0,28.5,0.0,14.8,24.34,11,958.4,49,-5.9,Kano
2024-03-25,35.6,21.0,28.0,0.0,13.9,24.74,12,958.6,73,-4.3,Kano
2024-03-26,36.5,19.2,27.9,0.0,10.6,24.94,14,958.5,52,-2.6,Kano
2024-03-27,38.0,19.8,28.8,0.0,12.2,24.95,16,957.8,63,-0.2,Kano
2024-03-28,39.2,22.0,29.9,0.0,12.0,25.2,14,957.8,83,-1.9,Kano
2024-03-29,39.2,20.5,30.5,0.0,11.7,25.14,11,957.3,75,-3.7,Kano
2024-03-30,39.1,21.4,30.6,0.0,10.6,24.35,14,956.7,97,-0.5,Kano
2024-03-31,40.0,22.3,30.9,0.0,12.2,24.97,15,957.2,74,0.3,Kano
2024-04-01,39.6,22.8,31.7,0.0,14.7,23.71,14,957.7,93,0.2,Kano
2024-04-02,40.2,21.5,31.6,0.0,15.0,24.62,17,956.6,42,2.4,Kano
2024-04-03,39.3,20.9,31.0,0.0,11.0,21.07,19,954.8,70,4.6,Kano
2024-04-04,39.1,25.4,31.7,0.0,14.0,23.07,33,955.4,43,11.7,Kano
2024-04-05,39.7,25.0,32.3,0.0,13.7,23.72,27,956.5,84,9.1,Kano
2024-04-06,38.8,25.3,31.9,0.0,16.7,22.79,32,957.7,72,11.6,Kano
2024-04-07,39.1,24.6,31.9,0.0,11.3,19.59,26,957.4,87,8.8,Kano
2024-04-08,39.7,21.8,31.6,0.0,14.3,24.68,23,956.3,45,5.6,Kano
2024-04-09,38.2,26.7,31.7,0.0,14.0,20.77,32,957.3,75,11.9,Kano
2024-04-10,39.4,23.8,31.6,0.0,18.1,24.71,22,957.2,34,3.2,Kano
2024-04-11,39.2,23.8,31.1,0.0,16.3,25.05,10,957.3,74,-5.4,Kano
2024-04-12,38.3,22.9,30.5,0.0,10.9,22.34,16,957.2,93,1.6,Kano
2024-04-13,39.8,23.3,31.7,0.0,15.2,24.06,25,956.0,82,8.2,Kano
2024-04-14,34.0,26.7,30.0,0.0,17.9,13.5,40,958.1,97,13.8,Kano
2024-04-15,39.6,25.4,32.0,0.0,12.1,24.14,23,958.1,64,4.7,Kano
2024-04-16,39.6,25.6,32.2,0.0,12.3,23.07,12,956.6,68,-2.1,Kano
2024-04-17,39.4,23.2,31.7,0.0,12.8,23.14,13,955.7,96,-0.8,Kano
2024-04-18,40.2,22.7,32.0,0.0,11.2,24.4,15,956.4,76,1.0,Kano
2024-04-19,40.3,21.6,32.2,0.0,9.9,24.94,18,956.4,47,3.8,Kano
2024-04-20,40.3,26.1,32.8,0.0,18.0,23.76,30,955.5,56,11.7,Kano
2024-04-21,40.1,26.0,33.3,0.0,18.1,22.08,28,954.6,53,11.1,Kano
2024-04-22,39.7,25.4,32.3,0.0,16.7,23.57,39,956.2,58,14.8,Kano
2024-04-23,39.4,27.3,33.2,0.0,18.0,20.29,35,956.7,93,14.4,Kano
2024-04-24,41.1,26.0,33.4,0.0,13.0,23.64,30,955.8,43,11.5,Kano
2024-04-25,39.3,27.3,33.3,0.0,18.9,23.23,36,955.6,30,15.3,Kano
2024-04-26,40.6,27.4,33.5,0.0,14.6,23.37,37,954.8,41,15.0,Kano
2024-04-27,40.7,26.1,33.0,0.0,14.1,22.94,34,954.9,97,13.0,Kano
2024-04-28,41.1,25.8,33.3,0.0,13.3,24.35,31,955.2,78,12.0,Kano
2024-04-29,39.9,26.3,32.8,0.0,13.2,24.38,34,956.3,59,13.3,Kano
2024-04-30,41.1,23.8,32.5,0.0,15.5,25.21,24,954.7,46,7.1,Kano
2024-05-01,40.6,26.0,33.3,0.0,16.8,22.48,33,954.3,39,13.3,Kano
2024-05-02,39.3,26.5,32.8,0.0,15.8,23.17,42,955.8,67,16.6,Kano
2024-05-03,39.1,27.3,32.8,0.0,16.9,20.93,42,957.4,82,16.6,Kano
2024-05-04,39.9,26.4,32.9,0.0,16.3,23.31,42,957.3,39,16.3,Kano
2024-05-05,40.8,27.4,33.9,0.0,13.3,23.74,36,956.0,23,14.9,Kano
2024-05-06,40.1,27.3,33.6,0.0,16.9,23.05,39,955.8,45,16.1,Kano
2024-05-07,38.0,28.9,32.6,0.0,16.9,18.35,43,957.1,68,18.0,Kano
2024-05-08,40.8,28.0,33.9,0.0,11.9,23.16,32,955.9,53,13.5,Kano
2024-05-09,40.4,27.5,33.5,0.0,22.5,23.44,37,955.2,68,15.4,Kano
2024-05-10,39.9,26.9,33.2,0.0,28.9,23.09,44,955.9,34,18.0,Kano
2024-05-11,39.2,27.5,32.2,0.0,19.0,17.71,45,956.6,90,17.8,Kano
2024-05-12,34.4,26.0,30.0,0.1,16.2,7.49,53,958.1,99,18.9,Kano
2024-05-13,36.5,27.3,31.4,0.0,16.6,18.93,48,958.0,100,18.7,Kano
2024-05-14,38.8,26.7,31.9,0.0,15.3,19.6,46,957.7,63,18.0,Kano
2024-05-15,38.7,26.5,32.6,0.0,15.7,20.84,44,957.6,45,17.9,Kano
2024-05-16,39.3,26.8,32.9,0.0,16.3,23.01,43,957.6,60,17.3,Kano
2024-05-17,38.3,26.2,32.0,0.0,19.9,22.3,45,959.4,44,17.4,Kano
2024-05-18,39.5,25.1,32.2,0.0,16.1,24.86,38,958.0,21,12.6,Kano
2024-05-19,38.4,22.0,30.4,0.0,11.8,25.14,32,957.1,52,9.7,Kano
2024-05-20,39.1,24.1,31.6,0.0,14.2,24.89,36,957.5,53,12.1,Kano
2024-05-21,39.4,25.7,32.4,0.0,14.3,23.11,37,958.4,20,14.2,Kano
2024-05-22,39.4,26.4,32.6,0.0,19.8,23.81,39,958.0,90,15.3,Kano
2024-05-23,38.9,26.4,32.5,0.0,17.4,24.21,42,957.7,39,16.8,Kano
2024-05-24,38.7,26.8,32.5,0.0,16.8,23.45,43,958.1,36,17.3,Kano
2024-05-25,37.8,26.1,31.3,0.0,24.5,23.47,51,959.3,69,18.9,Kano
2024-05-26,37.7,26.0,31.8,0.1,13.3,23.34,48,960.2,29,18.7,Kano
2024-05-27,38.7,25.0,31.8,0.0,13.0,23.22,46,959.6,39,17.4,Kano
2024-05-28,39.8,26.5,33.1,0.0,20.5,22.92,42,959.0,75,17.3,Kano
2024-05-29,38.3,26.0,31.8,0.2,17.9,23.26,53,959.3,80,20.1,Kano
2024-05-30,33.7,23.5,27.6,4.5,16.6,19.16,68,959.7,99,20.3,Kano
2024-05-31,36.1,22.8,29.4,0.0,15.3,23.75,57,960.0,18,18.7,Kano
2024-06-01,37.2,24.7,30.3,3.5,19.4,17.34,55,960.8,51,19.2,Kano
2024-06-02,37.6,25.0,30.7,0.0,17.9,23.73,54,959.6,85,19.2,Kano
2024-06-03,37.1,25.7,31.2,0.0,16.9,23.84,49,959.9,64,18.7,Kano
2024-06-04,36.5,23.7,30.0,8.1,20.6,23.0,58,959.2,66,20.4,Kano
2024-06-05,36.1,23.9,30.0,0.2,17.5,22.19,58,959.1,65,19.9,Kano
2024-06-06,35.4,24.5,30.0,0.0,15.0,20.55,56,959.8,68,19.6,Kano
2024-06-07,34.7,26.2,29.7,2.2,23.1,20.12,57,961.4,71,19.9,Kano
2024-06-08,32.3,23.2,27.4,0.5,16.9,13.77,66,961.3,94,20.0,Kano
2024-06-09,35.7,23.8,29.8,0.0,18.6,22.66,56,959.2,29,19.2,Kano
2024-06-10,35.7,22.7,29.6,11.9,20.5,23.88,55,959.8,35,19.0,Kano
2024-06-11,29.0,23.0,24.9,0.2,16.4,6.8,76,961.9,92,20.3,Kano
2024-06-12,32.4,20.8,26.7,0.0,9.0,23.64,63,960.8,21,18.5,Kano
2024-06-13,34.9,23.3,28.8,0.0,13.0,23.77,60,959.4,18,19.7,Kano
2024-06-14,35.4,24.8,29.2,0.3,12.3,22.69,60,958.8,65,20.2,Kano
2024-06-15,32.6,25.0,28.4,0.0,15.6,17.35,62,959.3,81,20.2,Kano
2024-06-16,26.2,22.4,24.1,13.9,12.0,7.67,85,960.2,97,21.3,Kano
2024-06-17,32.3,21.7,26.6,0.0,12.2,21.59,69,960.1,31,20.2,Kano
2024-06-18,34.5,23.4,28.7,0.0,11.5,23.87,68,958.9,32,21.7,Kano
2024-06-19,34.0,24.0,28.7,0.0,16.1,23.64,66,958.3,54,21.5,Kano
2024-06-20,32.7,22.6,27.4,4.6,14.5,17.12,67,959.1,57,20.4,Kano
2024-06-21,32.6,23.7,27.8,0.0,14.3,21.48,62,959.6,82,19.7,Kano
2024-06-22,34.1,24.7,29.0,0.0,15.0,23.35,62,959.3,62,20.6,Kano
2024-06-23,35.2,25.0,29.6,0.0,14.2,23.55,59,958.7,47,20.4,Kano
2024-06-24,30.4,23.4,26.5,15.5,24.2,12.75,75,958.9,100,21.5,Kano
2024-06-25,32.5,23.2,27.4,0.0,12.3,22.91,65,959.4,60,19.6,Kano
2024-06-26,33.4,23.8,27.9,0.0,15.0,23.45,67,958.9,48,20.8,Kano
2024-06-27,34.3,24.0,28.1,0.0,14.1,18.95,69,958.2,63,21.6,Kano
2024-06-28,34.0,24.2,27.3,0.0,16.9,18.08,69,959.1,77,20.9,Kano
2024-06-29,31.9,22.9,26.4,9.7,13.4,19.82,78,959.5,81,21.9,Kano
2024-06-30,31.2,23.0,26.8,0.0,13.4,21.76,75,959.5,77,21.7,Kano
2024-07-01,32.3,21.9,27.3,10.8,16.1,23.44,71,960.0,67,21.3,Kano
2024-07-02,31.0,22.6,25.8,1.8,17.3,22.62,80,959.5,47,21.9,Kano
2024-07-03,31.3,22.7,26.7,0.3,12.5,23.3,74,959.6,20,21.4,Kano
2024-07-04,31.2,22.7,26.7,0.1,16.8,21.59,71,960.5,90,20.8,Kano
2024-07-05,30.3,22.3,25.3,17.6,11.4,13.82,82,960.6,84,21.8,Kano
2024-07-06,31.4,23.1,26.0,2.4,23.7,19.58,75,959.9,85,21.0,Kano
2024-07-07,29.4,22.9,25.4,3.7,13.4,11.01,81,959.7,99,21.7,Kano
2024-07-08,32.1,20.9,25.9,0.5,21.9,22.87,74,959.7,58,20.4,Kano
2024-07-09,32.3,23.6,27.5,0.0,14.2,23.84,65,958.8,52,20.1,Kano
2024-07-10,31.7,23.6,27.0,0.4,13.7,16.65,69,959.6,93,20.7,Kano
2024-07-11,29.4,22.3,25.5,0.5,10.7,11.03,71,960.5,100,19.5,Kano
2024-07-12,33.0,22.7,27.2,0.1,13.5,23.82,68,960.2,75,20.3,Kano
2024-07-13,31.9,22.7,26.5,11.6,13.8,18.01,75,960.7,97,21.3,Kano
2024-07-14,32.9,23.1,26.9,4.6,12.7,21.95,73,961.2,91,21.2,Kano
2024-07-15,31.4,22.9,25.6,11.4,16.6,17.07,81,961.5,97,21.9,Kano
2024-07-16,28.3,22.1,24.7,21.5,11.6,11.52,82,961.2,94,21.1,Kano
2024-07-17,32.3,22.1,26.8,0.1,11.4,23.34,72,960.3,83,21.0,Kano
2024-07-18,32.7,23.0,27.7,2.3,14.1,23.91,71,960.3,62,21.5,Kano
2024-07-19,26.3,22.3,23.8,3.8,13.8,8.81,88,960.6,94,21.6,Kano
2024-07-20,29.7,21.3,24.7,2.1,16.7,15.11,79,959.7,88,20.7,Kano
2024-07-21,29.3,22.3,25.1,1.3,16.8,14.09,77,961.4,97,20.7,Kano
2024-07-22,29.7,21.9,25.2,16.5,13.6,18.28,81,962.1,80,21.4,Kano
2024-07-23,31.6,21.8,26.1,0.2,12.3,21.81,76,962.7,89,21.2,Kano
2024-07-24,28.2,23.1,25.0,7.6,16.8,11.26,81,962.3,100,21.3,Kano
2024-07-25,30.9,22.4,25.5,2.1,20.6,18.05,76,960.6,71,20.7,Kano
2024-07-26,29.9,22.3,25.6,0.8,20.3,19.18,77,960.2,72,21.1,Kano
2024-07-27,32.0,22.6,26.3,0.5,18.9,20.12,76,960.1,70,21.5,Kano
2024-07-28,25.2,22.1,23.5,15.4,15.0,6.45,89,960.6,97,21.6,Kano
2024-07-29,30.5,22.0,25.7,0.1,17.9,22.05,76,960.6,93,20.8,Kano
2024-07-30,31.2,22.9,26.3,0.3,21.7,21.04,72,959.2,67,20.8,Kano
2024-07-31,29.9,23.3,26.2,0.5,24.9,17.33,74,958.5,74,21.1,Kano
2024-08-01,28.8,23.7,25.6,0.5,18.9,12.56,77,959.6,99,21.1,Kano
2024-08-02,30.6,22.9,25.8,0.2,19.8,17.71,75,959.9,88,20.8,Kano
2024-08-03,27.8,22.7,25.2,4.6,17.2,12.34,78,960.2,92,20.8,Kano
2024-08-04,30.5,22.4,25.6,1.0,20.6,21.18,76,961.2,79,20.7,Kano
2024-08-05,31.2,22.5,26.1,0.1,23.9,21.39,72,960.3,80,20.3,Kano
2024-08-06,30.9,23.3,25.3,2.3,21.4,14.91,79,958.6,99,21.2,Kano
2024-08-07,26.4,22.3,23.8,3.2,18.4,7.19,84,958.1,96,20.9,Kano
2024-08-08,28.8,22.1,25.0,1.1,19.8,15.06,79,959.0,99,20.8,Kano
2024-08-09,26.8,22.0,23.5,6.8,18.9,7.88,88,959.7,100,21.4,Kano
2024-08-10,30.1,21.6,24.8,4.7,16.5,20.22,82,958.8,73,21.4,Kano
2024-08-11,30.8,22.0,25.3,2.2,17.6,21.83,78,959.1,81,21.0,Kano
2024-08-12,29.0,22.3,24.2,10.6,15.5,14.81,86,959.0,96,21.7,Kano
2024-08-13,26.4,22.2,23.4,13.8,21.9,10.29,89,959.8,100,21.4,Kano
2024-08-14,29.2,20.9,24.8,0.7,16.1,19.14,79,960.9,93,20.6,Kano
2024-08-15,28.4,21.5,23.9,13.4,18.4,13.22,85,960.0,95,21.2,Kano
2024-08-16,26.1,20.7,22.9,19.6,22.1,10.23,88,958.5,94,20.8,Kano
2024-08-17,29.2,21.1,25.0,0.5,14.9,22.22,77,960.8,38,20.6,Kano
2024-08-18,30.5,21.4,25.7,4.2,12.6,21.7,77,961.2,68,21.0,Kano
2024-08-19,27.1,21.1,22.8,19.7,18.4,8.87,89,960.2,100,20.9,Kano
2024-08-20,29.2,20.7,24.4,4.1,16.4,20.64,80,960.4,72,20.4,Kano
2024-08-21,28.7,22.2,24.6,5.1,14.7,17.6,82,961.3,94,21.2,Kano
2024-08-22,30.2,22.2,24.7,14.4,12.9,16.84,84,959.0,85,21.7,Kano
2024-08-23,29.9,21.6,24.6,12.8,16.4,14.98,83,958.6,90,21.3,Kano
2024-08-24,28.7,21.5,24.8,1.6,14.3,15.04,80,961.6,89,21.0,Kano
2024-08-25,30.3,22.6,25.8,7.6,19.1,18.38,79,959.7,89,21.7,Kano
2024-08-26,27.2,22.4,24.4,8.5,17.9,13.23,86,957.8,99,21.8,Kano
2024-08-27,29.0,21.4,24.9,1.7,17.9,18.11,78,959.7,93,20.6,Kano
2024-08-28,29.4,22.2,25.0,2.0,13.3,18.3,80,961.1,87,21.2,Kano
2024-08-29,28.5,22.6,25.0,0.9,19.2,14.27,79,959.6,98,21.1,Kano
2024-08-30,24.0,22.3,22.9,18.4,23.5,5.23,92,957.5,100,21.5,Kano
2024-08-31,28.8,22.1,24.7,0.3,21.4,17.36,79,959.3,92,20.7,Kano
2024-09-01,28.7,21.4,24.9,0.2,13.9,20.56,77,960.8,83,20.4,Kano
2024-09-02,30.5,20.9,25.4,0.0,14.4,23.85,74,960.1,88,20.0,Kano
2024-09-03,24.4,22.2,23.3,10.0,14.5,5.11,88,959.2,100,21.0,Kano
2024-09-04,29.8,21.6,24.7,10.6,14.3,22.83,83,960.2,72,21.5,Kano
2024-09-05,29.5,20.8,24.5,6.7,6.6,19.05,85,960.9,81,21.5,Kano
2024-09-06,24.5,20.9,22.4,15.7,11.8,7.24,93,959.8,83,21.2,Kano
2024-09-07,29.3,19.8,24.4,0.6,10.3,22.01,82,960.8,36,20.8,Kano
2024-09-08,30.2,21.5,25.1,1.0,7.2,22.26,83,961.5,51,21.8,Kano
2024-09-09,31.4,21.7,25.9,4.8,9.0,23.39,81,961.1,66,22.0,Kano
2024-09-10,32.1,22.2,26.4,1.1,11.8,23.68,80,959.2,58,22.3,Kano
2024-09-11,30.8,21.9,25.9,7.7,15.5,23.44,82,959.4,54,22.4,Kano
2024-09-12,30.4,22.4,25.5,18.1,10.0,20.41,85,960.9,61,22.6,Kano
2024-09-13,31.4,21.5,25.4,5.0,15.5,21.24,83,960.9,77,22.0,Kano
2024-09-14,30.7,21.9,25.6,0.0,6.4,18.25,84,960.9,98,22.5,Kano
2024-09-15,31.7,21.5,26.2,0.0,10.0,23.16,81,960.7,13,22.4,Kano
2024-09-16,31.3,22.8,25.8,0.1,12.0,16.09,82,960.4,71,22.2,Kano
2024-09-17,32.6,21.2,26.1,0.5,10.2,23.18,74,959.6,38,20.6,Kano
2024-09-18,30.5,21.3,25.5,8.2,15.6,21.47,80,960.1,62,21.5,Kano
2024-09-19,30.9,21.6,25.6,0.6,11.0,23.02,78,959.9,70,21.3,Kano
2024-09-20,31.8,22.1,25.9,1.5,16.2,23.38,79,959.2,46,21.7,Kano
2024-09-21,31.1,21.0,24.4,21.2,15.6,21.83,85,959.0,66,21.4,Kano
2024-09-22,30.1,21.7,25.1,10.1,12.5,20.13,84,959.3,73,22.0,Kano
2024-09-23,30.5,21.9,25.1,4.1,10.5,21.28,86,959.7,67,22.3,Kano
2024-09-24,31.2,21.7,25.6,0.0,10.3,22.87,77,960.1,50,20.9,Kano
2024-09-25,31.3,21.1,26.0,0.0,10.2,22.65,76,960.4,28,21.0,Kano
2024-09-26,33.4,22.2,27.1,0.0,10.4,23.32,71,959.8,7,20.9,Kano
2024-09-27,33.2,21.8,26.8,0.1,17.3,22.37,74,958.9,72,21.3,Kano
2024-09-28,31.9,22.2,26.6,0.0,12.4,23.18,75,959.7,73,21.4,Kano
2024-09-29,31.0,22.9,26.1,0.0,9.9,15.73,77,960.0,79,21.5,Kano
2024-09-30,33.6,21.9,27.2,0.0,10.2,23.06,70,958.0,13,20.7,Kano
2024-10-01,32.6,22.6,27.3,0.1,12.7,22.86,70,957.6,34,21.1,Kano
2024-10-02,33.5,21.4,26.9,0.0,15.9,22.95,68,957.4,58,19.7,Kano
2024-10-03,34.3,21.3,26.0,4.5,11.2,21.04,72,957.6,80,20.0,Kano
2024-10-04,29.1,22.6,25.4,1.4,17.5,15.44,77,960.1,85,20.9,Kano
2024-10-05,29.5,21.6,24.7,3.5,6.8,17.56,83,961.4,90,21.4,Kano
2024-10-06,31.9,21.7,25.1,4.6,11.5,21.32,81,961.1,91,21.2,Kano
2024-10-07,31.5,22.3,26.3,0.0,9.6,20.82,74,960.9,48,20.9,Kano
2024-10-08,32.8,21.7,27.0,0.0,12.1,22.69,69,961.2,60,20.4,Kano
2024-10-09,33.9,22.3,26.8,0.2,24.7,21.78,73,960.8,43,21.0,Kano
2024-10-10,33.1,22.5,27.0,0.0,12.0,22.72,69,960.4,40,20.2,Kano
2024-10-11,35.2,21.7,28.0,0.0,11.6,22.62,60,959.2,38,18.5,Kano
2024-10-12,34.5,21.9,27.2,0.0,13.0,21.03,64,959.5,80,19.4,Kano
2024-10-13,33.6,22.6,27.4,0.0,15.9,20.61,66,960.3,83,19.9,Kano
2024-10-14,32.2,22.8,26.9,0.1,13.5,20.37,65,961.5,52,19.5,Kano
2024-10-15,31.7,21.5,26.1,0.1,12.5,16.15,70,961.0,76,19.8,Kano
2024-10-16,34.0,21.3,27.6,0.0,14.2,22.45,59,960.6,64,17.7,Kano
2024-10-17,34.4,23.0,27.8,0.0,10.0,21.91,56,960.9,62,17.5,Kano
2024-10-18,34.4,23.3,27.7,0.0,14.3,15.52,56,960.0,64,17.6,Kano
2024-10-19,34.3,21.3,27.1,0.0,10.1,21.66,55,959.1,42,16.0,Kano
2024-10-20,35.5,18.9,27.3,0.0,10.9,22.69,42,959.0,34,11.9,Kano
2024-10-21,34.2,22.5,27.7,0.0,12.9,18.67,53,960.1,55,16.7,Kano
2024-10-22,34.3,23.2,28.2,0.2,8.8,21.09,60,959.9,78,19.1,Kano
2024-10-23,34.8,20.7,27.6,0.0,18.9,22.76,48,959.6,79,12.7,Kano
2024-10-24,34.1,19.1,26.4,0.0,16.8,22.43,34,959.5,94,8.7,Kano
2024-10-25,33.2,20.6,26.5,0.0,13.6,21.86,38,959.8,92,10.3,Kano
2024-10-26,32.7,18.5,25.5,0.0,13.1,22.75,38,959.9,80,9.5,Kano
2024-10-27,31.8,17.4,24.5,0.0,14.5,22.94,40,959.9,20,9.0,Kano
2024-10-28,31.8,18.1,24.4,0.0,13.9,22.78,35,959.5,9,7.5,Kano
2024-10-29,32.3,18.8,24.8,0.0,13.1,22.56,37,959.8,59,8.5,Kano
2024-10-30,32.1,18.6,24.6,0.0,12.9,22.69,35,960.1,47,7.4,Kano
2024-10-31,31.2,17.7,23.6,0.0,13.1,22.81,38,960.2,50,7.8,Kano
2024-11-01,30.8,15.7,23.1,0.0,13.1,22.85,41,959.8,39,8.4,Kano
2024-11-02,30.6,17.7,23.4,0.0,16.2,22.89,35,959.7,44,6.5,Kano
2024-11-03,30.3,17.2,23.4,0.0,15.4,22.47,35,961.7,70,6.5,Kano
2024-11-04,30.2,17.0,22.8,0.0,15.1,22.58,37,961.6,0,7.0,Kano
2024-11-05,29.4,16.8,22.3,0.0,15.6,22.65,38,960.1,9,6.6,Kano
2024-11-06,29.4,16.7,22.3,0.0,14.8,22.4,40,959.1,0,7.5,Kano
2024-11-07,30.6,18.7,24.1,0.0,15.5,21.82,38,960.4,48,8.6,Kano
2024-11-08,31.1,20.1,24.8,0.0,17.4,21.69,35,961.2,28,7.9,Kano
2024-11-09,29.5,18.3,23.0,0.0,18.4,21.96,34,961.5,28,5.9,Kano
2024-11-10,28.8,16.1,21.8,0.0,12.2,21.84,37,961.2,84,5.9,Kano
2024-11-11,29.8,15.8,22.4,0.0,14.5,21.88,38,960.2,10,6.7,Kano
2024-11-12,32.5,18.4,25.1,0.0,14.6,21.51,33,959.3,0,6.8,Kano
2024-11-13,33.7,20.8,27.3,0.0,15.6,21.24,29,959.9,12,7.1,Kano
2024-11-14,33.3,21.5,27.2,0.0,16.5,21.51,23,960.2,0,3.5,Kano
2024-11-15,32.5,20.7,26.3,0.0,16.5,21.78,20,960.4,9,1.0,Kano
2024-11-16,30.9,18.0,24.5,0.0,15.3,21.96,21,960.5,15,0.1,Kano
2024-11-17,30.6,17.6,24.1,0.0,17.1,21.73,24,960.2,0,2.0,Kano
2024-11-18,31.0,17.7,24.2,0.0,15.0,21.78,25,961.3,0,2.3,Kano
2024-11-19,31.5,18.3,24.5,0.0,14.9,21.32,23,961.8,26,1.3,Kano
2024-11-20,31.2,18.6,24.5,0.0,14.7,21.36,23,962.5,46,1.6,Kano
2024-11-21,30.1,17.4,23.6,0.0,14.2,21.76,25,961.5,32,2.1,Kano
2024-11-22,31.0,17.3,24.0,0.0,12.0,21.69,23,961.6,7,0.7,Kano
2024-11-23,31.4,18.0,24.4,0.0,14.4,21.52,22,962.1,32,0.8,Kano
2024-11-24,31.3,18.1,24.3,0.0,18.8,21.5,22,962.5,1,0.8,Kano
2024-11-25,31.0,17.7,24.2,0.0,15.8,21.41,23,962.1,4,1.5,Kano
2024-11-26,30.0,17.7,23.6,0.0,16.7,21.17,26,962.8,4,2.3,Kano
2024-11-27,28.6,15.9,22.2,0.0,14.7,21.0,32,963.3,7,4.1,Kano
2024-11-28,27.0,15.6,21.1,0.0,15.4,21.15,26,963.7,0,0.5,Kano
2024-11-29,28.0,14.1,20.9,0.0,14.6,21.21,28,964.1,5,1.0,Kano
2024-11-30,28.5,15.8,22.0,0.0,14.7,20.13,26,963.9,67,1.0,Kano
2024-12-01,28.6,16.5,22.4,0.0,15.1,19.78,25,962.3,69,0.8,Kano
2024-12-02,29.0,16.1,22.4,0.0,15.0,20.78,25,961.5,29,0.8,Kano
2024-12-03,28.8,15.4,21.8,0.0,14.9,21.14,25,961.5,47,0.5,Kano
2024-12-04,28.7,15.1,21.7,0.0,13.7,21.12,27,961.9,1,1.0,Kano
2024-12-05,29.3,14.9,22.0,0.0,13.0,21.1,26,961.6,34,1.0,Kano
2024-12-06,28.8,15.1,22.1,0.0,13.0,20.16,26,961.2,91,0.9,Kano
2024-12-07,26.8,15.7,21.2,0.0,18.7,20.53,22,962.8,18,-1.6,Kano
2024-12-08,27.8,13.8,20.8,0.0,13.5,20.48,21,962.2,21,-2.9,Kano
2024-12-09,30.9,16.2,23.5,0.0,12.7,20.19,23,961.4,22,0.7,Kano
2024-12-10,32.8,18.5,25.7,0.0,14.5,19.99,26,960.8,67,3.9,Kano
2024-12-11,33.7,19.9,26.5,0.0,18.9,19.38,24,960.9,83,3.5,Kano
2024-12-12,31.8,18.5,25.0,0.0,18.0,20.16,21,960.9,78,-0.0,Kano
2024-12-13,31.3,17.2,24.0,0.0,16.9,20.89,17,961.3,46,-4.2,Kano
2024-12-14,30.7,16.0,23.1,0.0,16.5,21.04,14,961.4,43,-6.6,Kano
2024-12-15,28.8,15.6,22.1,0.0,15.2,20.2,23,961.6,93,-0.6,Kano
2024-12-16,28.6,15.8,22.0,0.0,14.8,20.37,23,962.5,83,-0.8,Kano
2024-12-17,28.1,15.6,21.7,0.0,16.3,19.08,20,962.7,93,-3.1,Kano
2024-12-18,27.1,14.5,20.4,0.0,16.2,20.25,23,964.1,46,-2.3,Kano
2024-12-19,24.6,12.8,18.7,0.0,16.2,20.57,31,964.5,2,0.7,Kano
2024-12-20,26.3,12.6,19.5,0.0,15.3,20.32,35,963.8,4,2.8,Kano
2024-12-21,26.6,14.5,20.4,0.0,15.6,20.07,26,962.8,18,-0.1,Kano
2024-12-22,27.7,14.3,20.8,0.0,14.8,19.97,25,962.6,24,-0.4,Kano
2024-12-23,27.9,14.6,21.1,0.0,14.0,20.15,21,962.0,41,-2.6,Kano
2024-12-24,29.1,14.2,21.5,0.0,12.7,20.58,20,961.4,37,-3.1,Kano
2024-12-25,29.2,14.4,21.6,0.0,13.5,20.73,22,961.7,24,-1.9,Kano
2024-12-26,28.9,14.4,21.6,0.0,14.1,20.83,19,961.8,37,-4.2,Kano
2024-12-27,28.8,13.9,21.2,0.0,14.4,20.86,20,962.1,42,-3.8,Kano
2024-12-28,28.4,13.4,20.9,0.0,14.4,20.64,20,961.9,17,-3.4,Kano
2024-12-29,29.7,14.3,21.8,0.0,13.3,20.42,19,962.3,47,-3.3,Kano
2024-12-30,31.0,16.2,23.3,0.0,15.0,20.11,17,962.2,59,-3.6,Kano
2024-12-31,31.2,16.7,23.7,0.0,14.4,20.22,21,961.4,14,-0.5,Kano
2025-01-01,31.2,16.7,23.8,0.0,14.4,20.36,24,960.5,17,1.2,Kano
2025-01-02,31.8,16.6,24.1,0.0,12.9,20.71,24,959.9,25,1.5,Kano
2025-01-03,32.9,16.7,24.8,0.0,13.1,20.53,22,960.2,66,0.4,Kano
2025-01-04,33.0,19.0,26.1,0.0,15.4,20.51,21,960.3,29,1.1,Kano
2025-01-05,29.1,16.3,22.7,0.0,15.9,20.47,21,961.4,55,-1.4,Kano
2025-01-06,29.7,15.4,22.4,0.0,13.9,20.62,23,961.4,11,-0.6,Kano
2025-01-07,29.0,15.8,22.3,0.0,14.7,20.46,24,961.9,64,0.2,Kano
2025-01-08,29.4,15.4,22.1,0.0,15.4,20.56,26,962.0,64,1.1,Kano
2025-01-09,27.5,15.2,21.2,0.0,17.6,20.8,24,962.0,0,-0.6,Kano
2025-01-10,27.5,12.9,20.2,0.0,16.3,20.9,24,962.5,0,-1.3,Kano
2025-01-11,27.1,14.7,20.6,0.0,18.4,20.93,22,962.8,0,-2.2,Kano
2025-01-12,27.0,14.5,20.6,0.0,15.2,20.61,23,961.9,40,-1.4,Kano
2025-01-13,28.9,14.4,21.4,0.0,12.0,20.68,24,959.9,45,-0.4,Kano
2025-01-14,30.3,15.2,22.8,0.0,11.8,20.74,23,958.6,16,-0.4,Kano
2025-01-15,31.9,16.6,24.2,0.0,11.6,20.62,23,958.8,39,0.6,Kano
2025-01-16,32.6,17.6,25.0,0.0,11.7,20.89,19,959.4,32,-1.2,Kano
2025-01-17,33.4,18.6,25.9,0.0,14.5,20.64,19,959.7,63,-0.6,Kano
2025-01-18,33.2,19.0,25.9,0.0,14.4,20.75,22,960.0,73,2.2,Kano
2025-01-19,33.2,18.9,26.1,0.0,11.0,20.67,30,959.5,58,6.3,Kano
2025-01-20,34.3,18.7,27.0,0.0,11.3,20.79,29,959.8,17,5.8,Kano
2025-01-21,33.8,19.5,26.8,0.0,15.1,20.96,25,960.8,3,3.7,Kano
2025-01-22,32.0,19.0,25.3,0.0,15.6,21.15,23,961.8,6,2.4,Kano
2025-01-23,31.7,17.1,24.4,0.0,14.9,21.33,23,961.4,0,1.4,Kano
2025-01-24,31.9,18.7,24.8,0.0,16.1,20.99,24,961.5,55,2.1,Kano
2025-01-25,30.5,16.7,23.5,0.0,16.8,22.18,22,962.0,15,-0.9,Kano
2025-01-26,30.7,15.9,23.2,0.0,15.1,21.86,22,961.9,77,-0.7,Kano
2025-01-27,30.6,15.9,23.1,0.0,15.2,21.9,19,962.2,96,-2.2,Kano
2025-01-28,29.6,16.5,22.8,0.0,16.9,21.07,22,962.4,63,-0.6,Kano
2025-01-29,29.7,16.0,22.6,0.0,15.7,21.88,22,962.5,36,-1.3,Kano
2025-01-30,29.0,16.4,22.5,0.0,15.8,20.76,21,962.2,81,-1.6,Kano
2025-01-31,30.1,15.9,22.9,0.0,13.8,21.73,23,960.8,38,-0.2,Kano
2025-02-01,30.5,16.4,23.4,0.0,12.3,21.65,24,959.8,74,1.0,Kano
2025-02-02,32.0,16.9,24.4,0.0,12.1,22.16,21,959.6,15,-0.3,Kano
2025-02-03,32.4,18.5,25.4,0.0,12.7,22.04,20,958.8,57,-0.4,Kano
2025-02-04,32.6,18.5,25.4,0.0,14.7,22.5,16,958.7,23,-3.3,Kano
2025-02-05,31.9,17.7,24.7,0.0,14.9,23.07,13,959.4,20,-6.5,Kano
2025-02-06,30.9,16.5,23.8,0.0,13.7,22.79,15,958.5,0,-4.9,Kano
2025-02-07,31.3,17.6,24.5,0.0,12.2,22.19,20,958.9,49,-0.8,Kano
2025-02-08,32.4,18.5,25.4,0.0,13.0,22.29,22,959.3,20,1.5,Kano
2025-02-09,32.6,18.9,25.7,0.0,15.9,22.49,18,959.9,12,-1.3,Kano
2025-02-10,32.7,18.5,25.7,0.0,16.2,22.26,19,958.1,66,-0.7,Kano
2025-02-11,32.5,19.0,25.6,0.0,17.7,22.49,19,958.7,6,-0.5,Kano
2025-02-12,30.4,18.3,24.3,0.0,17.1,22.65,19,960.1,0,-1.7,Kano
2025-02-13,29.7,16.3,22.8,0.0,16.0,23.31,21,960.9,56,-1.4,Kano
2025-02-14,30.1,15.9,22.9,0.0,13.4,23.2,19,961.2,62,-2.8,Kano
2025-02-15,31.8,16.9,24.2,0.0,12.5,22.8,16,960.4,66,-4.4,Kano
2025-02-16,33.2,19.0,26.0,0.0,13.2,23.04,14,959.6,49,-4.5,Kano
2025-02-17,33.3,19.0,26.2,0.0,13.0,23.03,14,959.0,69,-4.2,Kano
2025-02-18,34.0,19.5,26.7,0.0,14.1,23.07,13,959.3,6,-4.7,Kano
2025-02-19,35.0,21.0,28.1,0.0,14.1,22.72,14,959.6,66,-2.5,Kano
2025-02-20,35.6,21.1,28.7,0.0,11.7,23.09,15,959.4,40,-1.4,Kano
2025-02-21,36.8,20.9,29.3,0.0,9.6,22.76,15,957.8,40,-0.8,Kano
2025-02-22,36.4,22.9,29.7,0.0,12.4,22.81,16,957.6,40,0.6,Kano
2025-02-23,34.9,22.4,28.6,0.0,12.7,21.25,16,958.5,93,-0.2,Kano
2025-02-24,34.4,22.0,28.6,0.0,11.4,21.47,18,959.1,92,1.4,Kano
2025-02-25,35.8,22.9,29.8,0.0,11.9,22.31,18,959.1,43,2.1,Kano
2025-02-26,32.9,21.3,27.0,0.0,14.4,22.52,18,960.8,93,0.5,Kano
2025-02-27,31.4,19.6,25.8,0.0,14.3,20.02,17,961.7,69,-1.8,Kano
2025-02-28,32.9,19.6,26.3,0.0,13.3,23.22,14,960.6,7,-4.1,Kano
2025-03-01,35.4,20.2,27.9,0.0,13.8,23.26,16,959.0,14,-0.5,Kano
2025-03-02,35.8,22.4,29.2,0.0,15.3,23.14,19,958.6,73,2.5,Kano
2025-03-03,37.7,23.1,30.1,0.0,16.9,23.46,16,957.7,73,0.8,Kano
2025-03-04,37.0,23.4,30.1,0.0,14.1,23.59,15,956.8,67,-0.6,Kano
2025-03-05,36.5,22.5,29.3,0.0,16.0,24.02,10,957.3,47,-6.0,Kano
2025-03-06,36.7,22.5,29.3,0.0,17.6,23.69,13,958.6,47,-2.3,Kano
2025-03-07,36.0,22.1,29.1,0.0,14.8,23.67,15,959.2,64,-0.4,Kano
2025-03-08,36.9,22.4,29.6,0.0,14.2,23.79,18,958.2,59,2.1,Kano
2025-03-09,37.9,22.7,30.4,0.0,14.8,22.96,19,957.3,91,3.2,Kano
2025-03-10,38.9,24.4,31.5,0.0,16.0,23.31,19,958.0,95,4.1,Kano
2025-03-11,38.9,25.4,31.9,0.0,18.5,23.24,18,958.3,77,4.0,Kano
2025-03-12,38.7,24.8,31.8,0.0,15.5,23.65,17,957.6,77,3.0,Kano
2025-03-13,39.5,24.3,31.9,0.0,15.6,23.76,18,956.8,47,3.5,Kano
2025-03-14,38.4,24.8,31.6,0.0,16.5,23.46,18,958.1,86,3.2,Kano
2025-03-15,38.4,24.5,31.4,0.0,16.3,23.93,15,959.8,44,1.2,Kano
2025-03-16,38.4,24.6,31.4,0.0,21.0,24.6,12,959.9,38,-3.5,Kano
2025-03-17,38.0,23.8,30.8,0.0,18.8,24.91,12,958.8,41,-4.6,Kano
2025-03-18,37.2,22.8,30.1,0.0,13.8,25.25,10,957.8,78,-7.0,Kano
2025-03-19,37.4,20.0,29.5,0.0,11.8,25.34,11,958.7,37,-6.5,Kano
2025-03-20,38.8,22.6,30.8,0.0,13.1,24.37,12,960.0,22,-2.7,Kano
2025-03-21,38.8,25.2,31.9,0.0,23.3,23.78,12,960.3,71,-1.2,Kano
2025-03-22,37.2,25.0,30.9,0.0,20.3,23.22,16,959.9,63,1.7,Kano
2025-03-23,35.2,23.2,29.1,0.0,15.8,24.13,14,960.1,54,-1.5,Kano
2025-03-24,36.1,21.3,28.7,0.0,13.2,24.8,13,960.3,52,-3.1,Kano
2025-03-25,37.4,22.0,29.8,0.0,11.5,24.66,14,959.5,12,-2.1,Kano
2025-03-26,38.5,22.2,31.0,0.0,13.0,24.69,14,957.2,61,-0.8,Kano
2025-03-27,38.9,22.1,31.2,0.0,13.2,23.72,23,955.9,82,6.3,Kano
2025-03-28,40.2,24.6,32.9,0.0,13.6,24.48,22,956.0,36,5.7,Kano
2025-03-29,41.1,23.3,32.7,0.0,13.7,24.76,17,955.3,73,2.4,Kano
2025-03-30,39.9,23.8,32.5,0.0,13.4,23.55,24,954.9,32,8.1,Kano
2025-03-31,40.1,26.3,33.2,0.0,14.1,24.2,23,955.1,79,6.2,Kano
2025-04-01,36.9,24.4,31.0,0.0,13.4,24.33,17,956.2,71,2.7,Kano
2025-04-02,36.3,23.6,30.0,0.0,12.7,24.3,11,957.3,79,-4.6,Kano
2025-04-03,37.6,23.0,30.7,0.0,13.6,24.73,11,958.8,89,-4.7,Kano
2025-04-04,38.0,23.5,30.7,0.0,13.0,25.23,7,959.0,46,-10.1,Kano
2025-04-05,38.2,23.6,31.0,0.0,12.2,25.4,8,958.3,79,-8.6,Kano
2025-04-06,39.6,23.3,31.9,0.0,10.2,25.06,9,956.9,100,-5.6,Kano
2025-04-07,40.6,23.8,32.5,0.0,16.2,24.1,22,956.6,73,4.9,Kano
2025-04-08,40.6,24.3,33.1,0.0,13.7,22.64,22,958.3,52,7.1,Kano
2025-04-09,38.9,26.8,33.2,0.0,13.6,20.48,28,958.8,99,11.1,Kano
2025-04-10,39.0,26.0,33.1,0.0,13.2,23.18,20,957.8,98,5.8,Kano
2025-04-11,38.2,27.1,32.2,0.0,18.4,23.07,29,958.4,62,9.9,Kano
2025-04-12,37.6,25.0,31.2,0.0,16.0,24.91,11,958.9,46,-3.3,Kano
2025-04-13,37.0,23.3,30.2,0.0,15.4,25.47,12,959.0,32,-3.6,Kano
2025-04-14,37.7,23.9,30.9,0.0,13.9,25.22,11,958.7,62,-3.7,Kano
2025-04-15,39.1,23.8,31.9,0.0,11.7,25.2,13,958.3,39,-0.8,Kano
2025-04-16,39.4,25.7,32.8,0.0,11.4,24.84,15,958.3,49,2.1,Kano
2025-04-17,39.0,26.7,33.4,0.0,14.5,23.05,27,958.6,82,9.8,Kano
2025-04-18,39.5,25.1,32.8,0.0,13.0,24.31,16,957.8,31,1.2,Kano
2025-04-19,39.5,25.8,32.5,0.0,13.2,25.81,9,957.0,34,-5.0,Kano
2025-04-20,39.5,23.1,32.1,0.0,13.0,25.39,15,956.3,23,0.3,Kano
2025-04-21,39.7,24.9,32.9,0.0,14.8,25.29,12,955.7,73,-1.4,Kano
2025-04-22,40.1,27.1,33.8,0.0,14.0,24.85,17,955.9,58,3.2,Kano
2025-04-23,40.0,25.8,32.8,0.0,15.5,24.5,37,956.6,46,12.9,Kano
2025-04-24,41.1,27.1,34.1,0.0,14.9,24.97,23,956.3,33,5.7,Kano
2025-04-25,40.2,25.1,33.4,0.0,15.3,25.42,13,955.4,37,0.5,Kano
2025-04-26,38.8,26.1,32.9,0.0,12.3,24.96,16,956.5,42,2.8,Kano
2025-04-27,40.3,23.9,32.7,0.0,15.3,24.74,31,956.5,66,8.4,Kano
2025-04-28,40.1,25.6,33.2,0.0,14.3,23.11,26,956.0,59,9.6,Kano
2025-04-29,39.6,26.9,32.7,0.0,17.5,21.48,41,955.7,94,15.8,Kano
2025-04-30,40.7,26.6,33.7,0.0,15.2,22.72,32,955.0,65,12.8,Kano
2025-05-01,38.0,28.0,32.5,0.0,21.3,19.52,40,956.7,79,16.2,Kano
2025-05-02,38.5,25.1,32.0,0.0,15.1,22.51,35,958.3,67,10.6,Kano
2025-05-03,37.7,24.8,31.8,0.0,10.5,24.3,21,959.4,82,3.0,Kano
2025-05-04,37.7,24.8,31.9,0.0,9.9,25.28,16,958.9,58,1.5,Kano
2025-05-05,38.2,24.6,32.0,0.0,12.8,25.3,14,958.8,33,-0.2,Kano
2025-05-06,38.9,24.6,32.5,0.0,10.7,25.28,14,958.9,1,0.1,Kano
2025-05-07,39.8,26.1,33.3,0.0,13.9,25.27,13,958.6,30,0.4,Kano
2025-05-08,39.8,25.5,33.1,0.0,13.6,24.89,23,957.6,46,7.1,Kano
2025-05-09,40.1,24.2,33.1,0.0,15.8,25.01,23,957.3,28,5.5,Kano
2025-05-10,39.7,25.2,32.7,0.0,15.1,24.78,29,959.4,70,8.8,Kano
2025-05-11,39.9,24.7,32.7,0.0,14.7,23.32,32,960.0,55,11.2,Kano
2025-05-12,41.1,26.8,34.1,0.0,14.7,23.83,32,958.8,16,11.6,Kano
2025-05-13,40.9,25.9,33.6,0.0,15.3,23.66,34,957.1,13,12.7,Kano
2025-05-14,39.3,27.5,32.9,0.0,17.2,23.03,42,957.3,58,16.8,Kano
2025-05-15,35.8,27.3,30.6,0.4,15.3,13.72,47,958.4,72,17.5,Kano
2025-05-16,37.6,26.3,30.8,0.1,21.1,17.77,49,957.9,97,17.6,Kano
2025-05-17,33.0,24.4,27.5,1.1,11.3,15.56,62,959.0,72,19.2,Kano
2025-05-18,38.9,23.4,30.8,0.0,19.9,23.55,50,957.9,63,16.9,Kano
2025-05-19,39.4,25.8,32.1,0.0,18.2,23.13,47,957.6,63,17.0,Kano
2025-05-20,37.1,26.9,30.8,0.2,19.8,22.76,52,958.4,74,19.2,Kano
2025-05-21,39.0,24.7,31.7,0.0,16.2,23.77,45,959.1,55,16.5,Kano
2025-05-22,39.6,26.2,33.3,0.0,15.2,23.04,38,959.6,18,15.0,Kano
2025-05-23,40.8,26.7,33.9,0.0,14.4,22.7,35,958.3,19,14.0,Kano
2025-05-24,39.3,25.8,32.1,0.0,19.7,22.87,48,958.8,59,17.9,Kano
2025-05-25,38.9,27.2,32.5,0.0,19.5,23.03,44,959.6,63,17.4,Kano
2025-05-26,39.1,26.3,32.0,0.0,19.0,23.35,49,959.2,65,18.7,Kano
2025-05-27,36.9,26.6,30.5,0.0,17.7,20.82,52,959.6,75,18.6,Kano
2025-05-28,38.5,25.4,31.5,0.0,14.5,23.13,51,961.0,26,18.8,Kano
2025-05-29,36.5,26.1,31.0,0.1,15.1,22.31,51,962.0,88,18.8,Kano
2025-05-30,38.3,24.6,31.2,0.0,16.4,22.47,50,961.4,48,17.8,Kano
2025-05-31,39.4,25.6,31.1,0.0,15.9,22.86,52,959.7,53,19.2,Kano
2025-06-01,35.4,26.3,30.6,1.1,17.1,21.77,54,959.4,35,19.7,Kano
2025-06-02,35.9,23.2,29.0,11.6,15.4,22.83,59,961.1,32,19.5,Kano
2025-06-03,28.5,22.5,24.5,4.7,11.7,8.61,83,962.5,99,21.4,Kano
2025-06-04,29.3,23.5,25.6,1.9,12.0,11.36,78,961.9,91,21.3,Kano
2025-06-05,36.2,23.1,29.0,0.0,12.7,22.99,57,960.5,23,18.5,Kano
2025-06-06,37.2,23.6,29.8,0.0,16.0,23.13,49,959.9,9,16.7,Kano
2025-06-07,37.6,25.2,30.4,0.4,15.3,22.9,53,960.2,27,18.3,Kano
2025-06-08,36.7,24.7,29.7,0.8,11.6,22.64,54,961.0,43,18.5,Kano
2025-06-09,36.7,24.0,28.2,4.7,15.0,19.87,62,960.7,70,19.4,Kano
2025-06-10,37.6,24.1,30.5,0.3,16.6,21.29,50,959.9,79,17.6,Kano
2025-06-11,38.0,24.8,31.4,0.0,17.3,23.01,46,958.5,45,17.2,Kano
2025-06-12,37.5,24.8,30.7,0.6,14.5,23.15,50,958.6,54,17.8,Kano
2025-06-13,37.4,24.8,30.6,0.0,14.0,17.36,46,959.4,82,16.5,Kano
2025-06-14,36.1,26.0,30.4,0.1,15.3,20.13,49,960.6,75,18.1,Kano
2025-06-15,34.9,22.7,28.8,5.1,22.8,20.44,58,961.1,88,18.9,Kano
2025-06-16,36.0,24.1,29.6,0.1,15.7,21.83,56,960.5,85,19.1,Kano
2025-06-17,36.0,23.8,29.2,1.9,18.4,22.78,58,961.1,73,19.1,Kano
2025-06-18,34.7,23.5,28.6,0.3,15.4,16.77,57,961.6,80,18.5,Kano
2025-06-19,36.4,24.9,30.6,0.0,14.6,22.93,52,961.2,52,18.4,Kano
2025-06-20,36.1,25.2,30.7,0.0,16.8,22.72,53,961.2,21,18.6,Kano
2025-06-21,36.5,25.0,30.2,0.0,17.1,19.92,52,960.5,48,18.5,Kano
2025-06-22,37.2,25.2,30.6,0.0,14.3,23.13,53,960.1,5,18.7,Kano
2025-06-23,36.4,25.6,30.3,0.0,14.6,22.37,53,959.7,55,19.1,Kano
2025-06-24,36.4,24.5,30.4,0.0,14.7,22.82,52,959.3,34,18.4,Kano
2025-06-25,35.9,24.1,28.5,9.8,15.0,21.04,65,960.0,51,20.7,Kano
2025-06-26,36.4,23.5,29.2,0.8,18.2,21.12,60,959.7,64,19.9,Kano
2025-06-27,35.2,25.5,29.7,0.5,15.2,22.63,59,960.4,65,20.3,Kano
2025-06-28,35.3,24.1,28.7,6.7,14.9,23.09,63,959.8,50,20.3,Kano
2025-06-29,34.2,23.7,28.1,4.6,20.5,22.53,67,958.8,85,20.7,Kano
2025-06-30,29.5,23.2,26.4,0.0,18.4,14.25,75,959.0,99,21.5,Kano
2025-07-01,28.9,23.5,25.7,1.6,15.4,15.58,76,960.8,100,20.8,Kano
2025-07-02,31.1,21.7,26.4,0.0,10.2,23.0,68,961.0,81,19.7,Kano
2025-07-03,34.5,23.3,27.7,4.0,13.6,22.68,68,960.7,74,20.6,Kano
2025-07-04,29.5,22.9,26.2,0.0,17.4,16.41,72,961.4,90,20.5,Kano
2025-07-05,30.8,23.2,27.1,0.4,12.2,19.38,68,961.5,95,20.4,Kano
2025-07-06,29.4,22.1,25.3,4.8,13.5,19.08,81,961.2,79,21.5,Kano
2025-07-07,29.7,22.7,25.6,3.5,12.4,17.19,80,961.4,86,21.6,Kano
2025-07-08,30.8,22.8,26.5,1.7,12.4,21.84,74,961.6,80,21.1,Kano
2025-07-09,31.8,23.1,27.3,0.0,16.0,23.86,67,961.6,38,20.3,Kano
2025-07-10,32.7,23.5,27.9,0.1,17.6,23.34,65,961.4,65,20.2,Kano
2025-07-11,32.9,23.0,27.0,5.7,17.7,19.47,69,960.0,94,20.4,Kano
2025-07-12,29.4,22.7,25.2,2.4,16.7,14.16,77,960.4,94,20.6,Kano
2025-07-13,25.2,22.2,23.5,16.8,11.9,6.68,88,963.9,100,21.3,Kano
2025-07-14,30.7,21.3,26.2,0.0,10.1,20.83,73,963.9,71,20.4,Kano
2025-07-15,33.6,23.0,28.1,0.9,16.4,23.65,64,961.3,42,20.0,Kano
2025-07-16,31.5,23.6,26.0,2.6,20.5,17.38,74,960.1,93,20.8,Kano
2025-07-17,29.7,23.1,26.0,0.1,19.7,12.69,71,961.9,80,20.0,Kano
2025-07-18,32.1,22.7,27.0,0.3,13.2,23.25,67,962.9,72,20.0,Kano
2025-07-19,32.4,21.7,26.2,15.0,16.4,18.34,77,961.7,91,21.5,Kano
2025-07-20,31.0,22.7,25.8,6.0,13.1,22.22,81,959.9,93,21.9,Kano
2025-07-21,31.6,22.0,26.1,3.1,11.5,23.24,77,959.8,70,21.2,Kano
2025-07-22,31.7,21.9,26.1,19.4,15.4,20.95,76,960.2,85,21.0,Kano
2025-07-23,27.9,21.5,24.1,25.5,13.4,16.29,86,960.5,93,21.5,Kano
2025-07-24,28.5,21.1,24.1,20.2,14.6,17.0,86,961.3,94,21.5,Kano
2025-07-25,29.0,22.9,24.3,9.9,10.8,12.05,86,961.0,87,21.6,Kano
2025-07-26,29.3,22.2,25.4,0.4,17.4,19.48,80,960.7,65,21.5,Kano
2025-07-27,29.2,22.8,25.6,0.3,15.6,19.02,80,961.4,87,21.7,Kano
2025-07-28,28.9,21.1,24.0,9.4,13.3,13.8,86,961.7,75,21.4,Kano
2025-07-29,30.2,22.3,26.1,0.0,16.2,23.72,78,961.1,37,21.7,Kano
2025-07-30,28.3,21.3,24.9,13.6,12.6,11.59,85,961.7,94,22.1,Kano
2025-07-31,25.4,21.3,22.6,21.9,10.4,8.54,92,962.6,94,21.2,Kano
2025-08-01,28.7,21.9,24.4,0.8,14.8,18.49,83,962.9,81,21.2,Kano
2025-08-02,29.9,22.0,25.4,0.0,14.2,19.53,78,961.7,91,21.0,Kano
2025-08-03,31.0,21.1,25.1,1.4,19.9,23.34,80,960.4,77,21.2,Kano
2025-08-04,30.2,22.4,25.6,4.5,15.7,23.21,79,961.2,61,21.4,Kano
2025-08-05,27.9,21.9,24.0,12.2,16.3,17.78,86,962.7,100,21.3,Kano
2025-08-06,29.2,21.1,24.5,3.6,10.1,20.18,85,960.7,73,21.7,Kano
2025-08-07,29.4,22.1,24.7,6.1,10.4,17.86,86,959.0,92,22.1,Kano
2025-08-08,29.6,21.6,25.6,9.5,14.3,22.24,82,959.5,72,22.0,Kano
2025-08-09,29.8,20.8,24.5,5.7,13.5,21.03,83,960.4,68,21.2,Kano
2025-08-10,30.6,21.1,25.7,0.1,8.7,24.8,79,960.2,72,21.4,Kano
2025-08-11,29.5,22.2,25.6,19.5,12.6,17.99,78,959.9,85,21.3,Kano
2025-08-12,28.5,21.4,24.3,12.8,12.4,19.7,84,960.4,94,21.3,Kano
2025-08-13,24.7,21.7,23.0,14.2,14.0,6.27,91,961.5,100,21.5,Kano
2025-08-14,28.0,21.0,23.5,12.3,12.2,17.72,87,962.0,82,20.9,Kano
2025-08-15,26.4,21.7,23.3,12.5,13.5,14.81,88,962.0,86,21.1,Kano
2025-08-16,28.6,20.5,24.3,0.0,16.0,20.26,80,960.0,68,20.3,Kano
2025-08-17,24.9,21.6,23.2,6.0,17.8,8.66,87,960.4,100,20.9,Kano
2025-08-18,26.2,20.9,22.7,13.6,10.2,11.08,89,961.6,88,20.8,Kano
2025-08-19,29.2,21.1,24.9,0.4,13.3,23.11,80,961.2,27,21.0,Kano
2025-08-20,29.4,22.6,25.4,0.8,14.0,19.4,81,960.7,90,21.8,Kano
2025-08-21,29.7,21.7,25.2,15.5,17.3,23.66,83,960.2,82,21.8,Kano
2025-08-22,29.3,21.6,24.4,4.0,11.9,16.79,84,959.9,82,21.4,Kano
2025-08-23,29.4,21.6,25.3,0.0,16.3,22.14,78,959.3,68,20.9,Kano
2025-08-24,27.2,22.3,24.2,1.2,15.2,11.84,83,960.4,100,21.0,Kano
2025-08-25,27.8,22.3,24.3,0.6,14.4,12.16,83,961.5,99,21.1,Kano
2025-08-26,28.6,21.8,23.9,32.2,9.9,17.69,86,961.4,94,21.2,Kano
2025-08-27,28.2,21.6,23.8,17.2,14.1,19.74,87,962.7,85,21.3,Kano
2025-08-28,29.7,22.0,25.0,3.8,12.1,22.23,83,961.1,60,21.7,Kano
2025-08-29,30.6,22.3,25.2,10.1,13.7,22.21,84,959.1,100,22.2,Kano
2025-08-30,27.2,22.4,24.2,0.9,19.3,12.67,85,960.7,87,21.5,Kano
2025-08-31,27.6,21.4,24.0,0.6,13.8,15.65,85,962.3,74,21.2,Kano
2025-09-01,29.1,21.3,25.1,0.8,11.7,22.64,81,961.4,49,21.3,Kano
2025-09-02,25.8,21.6,23.0,24.6,12.1,7.93,91,960.1,100,21.5,Kano
2025-09-03,29.0,21.3,23.7,18.8,14.8,20.59,87,960.3,95,21.3,Kano
2025-09-04,28.4,20.4,23.1,17.4,13.0,17.19,89,960.9,92,21.0,Kano
2025-09-05,28.4,21.6,24.0,3.8,11.9,19.35,85,960.6,91,21.3,Kano
2025-09-06,29.8,21.1,25.3,0.3,12.4,21.01,82,961.0,51,21.7,Kano
2025-09-07,31.4,22.7,26.9,0.0,9.6,22.49,77,960.9,65,22.3,Kano
2025-09-08,31.0,22.3,25.3,43.4,14.1,21.39,83,960.1,92,21.9,Kano
2025-09-09,29.2,21.5,23.9,9.8,13.4,18.33,87,961.3,99,21.5,Kano
2025-09-10,28.9,21.8,24.6,0.8,7.2,12.57,85,962.3,95,21.7,Kano
2025-09-11,29.5,21.9,25.3,10.7,12.5,19.76,82,962.2,87,21.8,Kano
2025-09-12,32.1,22.4,26.9,0.0,10.5,22.99,75,960.3,55,21.5,Kano
2025-09-13,31.3,21.8,26.4,0.0,14.4,23.06,69,961.9,55,19.7,Kano
2025-09-14,32.7,22.3,27.4,0.3,8.5,24.34,62,961.0,44,18.8,Kano
2025-09-15,31.8,23.0,26.3,2.7,9.1,18.77,76,959.7,82,21.4,Kano
2025-09-16,30.7,22.2,25.6,3.2,15.1,21.29,82,960.6,85,22.1,Kano
2025-09-17,32.6,22.5,27.0,0.1,9.9,23.38,75,960.3,60,21.7,Kano
2025-09-18,34.3,22.9,28.8,0.0,10.0,22.5,64,959.5,28,20.6,Kano
2025-09-19,35.0,24.3,28.3,0.0,12.8,23.1,69,959.5,78,21.4,Kano
2025-09-20,34.0,22.8,27.1,13.3,15.2,23.07,69,960.2,72,20.3,Kano
2025-09-21,34.2,22.6,27.7,0.0,18.4,22.85,66,959.8,76,19.9,Kano
2025-09-22,34.4,23.2,28.5,0.0,15.2,23.1,64,959.8,72,20.3,Kano
2025-09-23,29.2,23.1,25.4,1.6,15.8,8.57,73,961.0,94,20.1,Kano
2025-09-24,31.8,22.7,26.5,1.6,13.3,19.9,71,962.2,68,20.5,Kano
2025-09-25,32.2,21.7,25.1,8.2,13.1,21.01,82,961.7,85,21.4,Kano
2025-09-26,29.4,21.9,25.1,21.1,11.7,20.15,81,960.8,61,21.4,Kano
2025-09-27,31.2,23.4,27.1,0.2,9.1,21.93,76,960.5,45,22.2,Kano
2025-09-28,32.7,22.6,27.4,0.1,8.9,22.62,73,960.0,85,21.6,Kano
2025-09-29,32.1,22.9,27.2,0.0,11.0,22.5,74,960.3,61,21.7,Kano
2025-09-30,34.3,22.8,28.1,0.0,11.9,22.36,66,959.9,65,20.3,Kano
2025-10-01,35.0,23.0,28.4,0.3,12.3,22.64,65,959.6,59,20.3,Kano
2025-10-02,32.1,22.6,27.2,0.0,16.2,19.91,66,961.0,37,20.0,Kano
2025-10-03,35.4,23.4,29.4,0.0,12.1,23.28,57,960.0,5,19.0,Kano
2025-10-04,35.4,23.5,29.6,0.0,10.3,22.39,58,959.2,8,19.1,Kano
2025-10-05,33.8,23.5,27.5,7.4,16.8,22.18,65,959.9,82,19.6,Kano
2025-10-06,31.4,22.1,26.1,0.0,13.1,16.07,71,961.1,81,19.9,Kano
2025-10-07,33.3,22.0,27.4,1.2,14.8,22.01,67,960.5,50,19.9,Kano
2025-10-08,34.2,22.1,28.1,0.0,10.4,23.4,63,959.7,5,19.3,Kano
2025-10-09,33.3,22.4,28.0,0.0,12.1,22.58,63,960.5,42,19.7,Kano
2025-10-10,32.1,23.0,27.7,1.9,12.5,12.93,67,960.3,92,20.5,Kano
2025-10-11,33.2,22.4,27.7,0.0,12.9,22.39,64,959.3,49,19.5,Kano
2025-10-12,33.4,22.7,27.8,0.1,12.6,21.35,64,958.6,81,19.7,Kano
2025-10-13,33.7,21.6,27.8,0.0,15.4,21.36,60,959.0,71,18.0,Kano
2025-10-14,33.9,23.2,28.4,0.0,11.4,22.18,57,959.9,50,18.1,Kano
2025-10-15,34.5,22.4,28.7,0.0,13.9,23.17,47,959.7,28,14.2,Kano
2025-10-16,34.2,21.5,28.2,0.0,10.5,23.0,43,958.9,94,13.3,Kano
2025-10-17,33.7,21.7,28.1,0.0,12.5,22.87,45,959.7,18,14.4,Kano
2025-10-18,33.9,22.7,28.2,0.0,14.6,23.05,39,960.6,15,11.7,Kano
2025-10-19,34.3,22.9,28.5,0.0,14.3,23.12,33,960.5,72,9.8,Kano
2025-10-20,35.6,20.8,28.4,0.0,11.2,23.27,40,959.3,48,12.0,Kano
2025-10-21,35.2,20.3,28.3,0.0,12.5,23.04,44,959.1,30,13.3,Kano
2025-10-22,35.6,21.2,29.1,0.0,11.8,23.05,36,959.4,23,11.0,Kano
2025-10-23,34.4,22.3,28.3,0.0,12.6,21.93,35,959.8,67,10.6,Kano
2025-10-24,34.6,20.6,28.0,0.0,14.5,23.18,38,960.5,56,10.7,Kano
2025-10-25,35.1,20.1,28.0,0.0,12.4,23.08,38,960.4,58,10.5,Kano
2025-10-26,34.4,22.1,27.9,0.0,14.9,23.11,32,960.0,18,8.9,Kano
2025-10-27,34.3,22.3,28.4,0.0,16.1,22.77,31,959.7,34,8.6,Kano
2025-10-28,33.6,22.7,28.5,0.0,13.2,21.48,31,959.7,83,9.2,Kano
2025-10-29,34.3,20.9,27.9,0.0,12.5,22.79,36,960.2,67,9.9,Kano
2025-10-30,34.3,20.7,28.0,0.0,12.6,22.21,32,960.1,50,8.5,Kano
2025-10-31,33.6,20.9,27.5,0.0,12.6,22.52,32,960.8,52,8.3,Kano
2025-11-01,33.9,21.0,27.5,0.0,12.9,22.82,30,960.9,41,6.6,Kano
2025-11-02,33.2,20.9,27.1,0.0,12.2,22.84,27,960.5,18,5.5,Kano
2025-11-03,34.1,20.2,28.0,0.0,10.3,22.45,27,960.6,47,6.6,Kano
2025-11-04,34.7,20.7,28.6,0.0,12.2,21.86,29,961.4,42,7.9,Kano
2025-11-05,34.9,22.9,29.0,0.0,15.2,21.67,28,961.1,61,7.6,Kano
2025-11-06,34.1,22.4,28.2,0.0,13.1,21.84,26,960.0,46,5.9,Kano
2025-11-07,33.8,21.7,27.6,0.0,11.8,21.59,26,959.9,98,5.3,Kano
2025-11-08,34.1,21.7,27.8,0.0,10.9,21.94,22,960.6,64,2.7,Kano
2025-11-09,34.0,20.3,27.4,0.0,13.0,21.98,24,960.7,39,4.5,Kano
2025-11-10,33.9,21.6,27.9,0.0,16.4,21.44,31,960.5,93,8.3,Kano
2025-11-11,33.9,21.7,27.9,0.0,14.1,21.83,26,960.1,55,6.2,Kano
2025-11-12,33.0,21.1,26.9,0.0,16.6,22.26,21,960.3,47,2.0,Kano
2025-11-13,33.2,20.8,26.9,0.0,14.7,21.7,25,961.8,67,4.7,Kano
2025-11-14,33.3,19.8,26.8,0.0,13.0,21.51,32,962.3,38,7.8,Kano
2025-11-15,32.2,21.0,26.4,0.0,15.4,21.61,25,961.9,17,4.4,Kano
2025-11-16,30.4,19.5,24.8,0.0,16.7,21.51,24,962.0,83,2.4,Kano
2025-11-17,30.1,17.6,24.0,0.0,14.3,21.68,25,962.4,39,2.3,Kano
2025-11-18,31.1,17.7,24.7,0.0,12.8,21.2,25,961.0,28,2.9,Kano
2025-11-19,32.8,19.5,26.5,0.0,12.3,21.07,25,960.2,26,4.6,Kano
2025-11-20,33.4,20.4,27.2,0.0,10.5,21.2,27,960.0,7,5.5,Kano
2025-11-21,34.0,21.1,27.7,0.0,12.0,21.14,26,960.3,26,5.5,Kano
2025-11-22,33.3,20.6,27.0,0.0,15.6,21.13,23,960.7,88,2.8,Kano
2025-11-23,32.7,18.3,25.8,0.0,10.3,21.36,22,960.9,90,1.0,Kano
2025-11-24,31.9,19.2,25.6,0.0,13.4,21.45,20,961.1,55,0.2,Kano
2025-11-25,32.7,19.0,25.9,0.0,15.0,20.98,25,960.1,15,4.1,Kano
2025-11-26,33.6,20.5,26.9,0.0,11.9,20.79,29,959.4,0,7.0,Kano
2025-11-27,34.5,21.1,27.8,0.0,12.4,20.69,31,959.2,1,8.0,Kano
2025-11-28,35.0,21.9,28.1,0.0,12.4,20.85,27,959.5,1,6.5,Kano
2025-11-29,34.3,21.2,28.0,0.0,15.1,20.92,22,958.1,56,3.8,Kano
2025-11-30,33.5,20.8,27.2,0.0,14.0,20.61,23,958.1,13,3.6,Kano
2025-12-01,32.4,20.5,26.4,0.0,14.2,20.43,25,957.7,11,4.3,Kano
2025-12-02,33.1,20.6,26.6,0.0,11.1,20.07,27,957.3,56,5.4,Kano
2025-12-03,34.8,21.8,28.0,0.0,8.8,20.3,26,957.6,9,5.7,Kano
2025-12-04,34.9,21.6,28.5,0.0,12.3,19.88,27,958.5,65,6.9,Kano
2025-12-05,33.2,21.6,27.5,0.0,13.6,20.19,26,959.2,34,5.8,Kano
2025-12-06,31.0,19.5,25.3,0.0,15.5,20.17,26,960.2,60,4.0,Kano
2025-12-07,29.1,17.9,23.5,0.0,13.4,20.28,19,960.9,70,-1.5,Kano
2025-12-08,28.9,16.9,23.0,0.0,13.4,20.08,23,961.8,79,0.5,Kano
2025-12-09,29.1,17.5,23.3,0.0,13.6,20.06,24,962.6,63,1.0,Kano
2025-12-10,29.0,17.8,23.2,0.0,11.3,19.37,26,961.7,98,2.3,Kano
2025-12-11,29.8,17.3,23.8,0.0,11.5,19.3,28,960.7,96,3.9,Kano
2025-12-12,32.0,18.6,25.4,0.0,9.9,20.01,30,959.7,58,6.1,Kano
2025-12-13,33.0,19.8,26.6,0.0,12.7,19.71,30,959.5,64,6.9,Kano
2025-12-14,32.8,20.5,26.5,0.0,15.7,19.31,26,959.8,70,4.6,Kano
2025-12-15,30.8,19.6,25.1,0.0,13.9,20.15,21,960.6,72,1.2,Kano
2025-12-16,29.2,18.0,23.5,0.0,14.9,19.35,24,960.8,85,1.4,Kano
2025-12-17,28.4,16.4,22.4,0.0,13.1,20.6,27,960.2,67,2.0,Kano
2025-12-18,29.8,16.6,23.2,0.0,11.7,20.09,28,961.1,66,3.2,Kano
2025-12-19,31.1,17.4,24.5,0.0,11.2,20.2,27,960.6,24,3.6,Kano
2025-12-20,31.8,17.6,24.9,0.0,11.2,20.47,24,959.1,10,2.1,Kano
2025-12-21,31.5,17.5,24.7,0.0,12.3,20.48,23,958.0,38,1.6,Kano
2025-12-22,32.1,17.0,24.8,0.0,8.6,20.42,25,958.0,7,2.0,Kano
2025-12-23,33.2,18.1,26.3,0.0,9.6,20.28,22,958.5,29,1.9,Kano
2025-12-24,34.7,18.3,27.2,0.0,11.3,20.1,25,958.5,57,4.0,Kano
2025-12-25,34.9,19.1,27.5,0.0,8.9,19.99,29,959.1,52,6.5,Kano
2025-12-26,34.8,22.8,28.5,0.0,10.8,19.95,26,959.6,45,6.6,Kano
2025-12-27,34.8,20.2,27.9,0.0,9.8,19.97,29,959.3,48,6.9,Kano
2025-12-28,34.9,20.9,28.0,0.0,11.7,20.14,28,959.6,41,6.2,Kano
2025-12-29,34.8,21.7,28.5,0.0,14.7,20.02,23,961.0,23,4.6,Kano
2025-12-30,35.0,21.1,28.2,0.0,11.8,20.17,23,961.5,10,4.6,Kano
2025-12-31,34.8,21.1,28.2,0.0,15.3,20.21,24,961.0,11,4.7,Kano
2026-01-01,34.6,21.0,27.8,0.0,12.5,20.22,24,959.4,5,4.7,Kano
2026-01-02,33.0,20.7,26.8,0.0,15.7,20.17,24,960.3,34,3.8,Kano
2026-01-03,32.2,19.6,25.7,0.0,13.5,20.04,23,961.5,19,2.6,Kano
2026-01-04,32.0,19.4,25.6,0.0,12.6,20.29,23,961.5,7,2.4,Kano
2026-01-05,31.6,19.5,25.1,0.0,14.5,20.26,21,961.5,52,0.7,Kano
2026-01-06,32.1,19.0,25.2,0.0,13.5,20.65,18,960.1,34,-1.8,Kano
2026-01-07,32.6,18.9,25.8,0.0,11.5,20.53,22,959.9,8,1.7,Kano
2026-01-08,33.1,19.3,26.1,0.0,13.1,20.55,20,961.6,53,0.8,Kano
2026-01-09,30.3,18.2,24.1,0.0,15.9,20.74,19,962.5,6,-1.3,Kano
2026-01-10,28.4,16.6,22.4,0.0,15.0,21.0,27,961.4,12,2.1,Kano
2026-01-11,29.7,16.7,23.0,0.0,13.4,20.96,28,961.1,75,2.5,Kano
2026-01-12,30.3,16.7,23.6,0.0,11.8,21.07,26,960.8,15,2.1,Kano
2026-01-13,30.1,17.4,23.7,0.0,13.9,21.03,23,960.5,4,0.8,Kano
2026-01-14,28.6,17.3,22.8,0.0,14.3,20.21,23,960.6,46,0.3,Kano
2026-01-15,29.8,17.3,23.2,0.0,12.8,20.44,29,960.5,42,3.8,Kano
2026-01-16,31.9,17.1,24.4,0.0,11.0,20.77,28,960.2,54,3.6,Kano
2026-01-17,32.8,18.2,25.6,0.0,12.6,21.16,23,958.9,42,2.1,Kano
2026-01-18,33.5,19.2,26.3,0.0,11.4,20.86,23,957.8,48,3.0,Kano
2026-01-19,34.7,19.6,27.4,0.0,10.2,20.75,25,956.8,56,4.7,Kano
2026-01-20,34.8,20.0,27.6,0.0,13.1,20.63,28,957.1,6,6.0,Kano
2026-01-21,33.2,20.8,26.9,0.0,12.4,20.56,19,958.1,66,0.8,Kano
2026-01-22,30.7,19.0,24.7,0.0,14.6,19.91,21,959.9,94,0.5,Kano
2026-01-23,31.2,17.7,24.7,0.0,11.8,20.69,20,960.7,53,-0.3,Kano
2026-01-24,31.5,18.8,25.1,0.0,12.2,20.88,19,961.2,44,-1.0,Kano
2026-01-25,32.7,19.5,26.2,0.0,10.9,21.11,19,961.3,16,-0.6,Kano
2026-01-26,31.6,19.6,25.2,0.0,16.1,21.26,14,961.5,10,-5.2,Kano
2026-01-27,29.4,18.7,23.6,0.0,16.3,20.97,15,962.6,39,-5.1,Kano
2026-01-28,30.2,17.2,23.6,0.0,14.0,21.33,14,962.4,38,-5.7,Kano
2026-01-29,31.1,18.2,24.5,0.0,13.3,21.51,14,961.8,4,-5.2,Kano
2026-01-30,32.5,18.7,25.5,0.0,11.6,21.5,16,961.1,54,-3.0,Kano
2026-01-31,34.1,19.1,26.5,0.0,11.2,21.75,18,960.4,13,-1.0,Kano
2026-02-01,34.5,18.6,27.2,0.0,8.0,21.7,20,959.8,36,0.4,Kano
2026-02-02,34.8,21.7,28.2,0.0,12.2,20.69,17,959.2,22,-0.3,Kano
2026-02-03,34.6,20.4,27.8,0.0,11.4,20.16,20,959.6,60,1.1,Kano
2026-02-04,36.3,22.3,29.3,0.0,12.8,21.29,16,959.6,78,0.2,Kano
2026-02-05,35.5,22.9,29.2,0.0,12.8,19.98,17,959.0,81,0.9,Kano
2026-02-06,36.0,21.4,28.7,0.0,13.4,22.21,18,960.5,50,0.7,Kano
2026-02-07,35.4,21.5,28.6,0.0,10.4,22.08,19,961.4,47,1.5,Kano
2026-02-08,36.1,22.0,28.9,0.0,13.0,21.43,18,959.9,57,0.9,Kano
2026-02-09,36.5,19.5,28.6,0.0,9.1,22.44,17,958.8,75,-1.1,Kano
2026-02-10,36.1,22.2,28.8,0.0,9.7,20.35,17,959.1,97,-0.2,Kano
2026-02-11,35.7,22.2,28.7,0.0,10.8,22.21,17,960.4,63,0.1,Kano
2026-02-12,34.5,21.4,27.9,0.0,12.5,22.32,16,961.4,59,-1.0,Kano
2026-02-13,34.3,20.8,27.7,0.0,11.2,21.57,18,960.4,31,-0.0,Kano
2026-02-14,35.8,23.5,29.5,0.0,10.4,20.41,17,958.9,68,1.2,Kano
2026-02-15,37.0,23.2,30.0,0.0,14.4,22.18,17,959.4,37,0.5,Kano
2026-02-16,33.9,23.3,27.9,0.0,17.5,22.9,14,961.3,4,-2.4,Kano
2026-02-17,28.6,17.2,22.8,0.0,17.1,23.96,13,962.3,1,-8.7,Kano
2026-02-18,29.5,15.8,22.6,0.0,12.8,23.59,16,961.4,13,-4.9,Kano
2026-02-19,30.7,17.4,24.0,0.0,16.1,23.24,15,960.9,66,-4.9,Kano
2026-02-20,31.8,18.7,25.2,0.0,13.6,23.12,17,961.5,7,-2.0,Kano
2026-02-21,32.7,19.8,26.2,0.0,14.8,23.17,17,961.4,0,-1.7,Kano
2026-02-22,33.2,19.3,26.2,0.0,13.9,23.33,14,960.6,2,-4.4,Kano
2026-02-23,31.8,19.7,25.4,0.0,17.2,23.49,13,960.0,0,-5.4,Kano
2026-02-24,30.8,18.8,24.6,0.0,18.4,23.57,15,960.3,5,-4.5,Kano
2026-02-25,30.2,18.3,24.0,0.0,16.4,23.48,18,960.9,56,-2.6,Kano
2026-02-26,31.4,18.0,24.6,0.0,15.5,23.58,15,961.4,49,-4.8,Kano
2026-02-27,31.5,18.8,24.9,0.0,16.7,23.72,13,961.3,75,-5.8,Kano
2026-02-28,30.5,17.8,24.0,0.0,17.2,24.21,13,960.3,54,-6.7,Kano
2026-03-01,30.9,17.3,23.9,0.0,19.8,24.21,13,959.5,56,-6.5,Kano
2026-03-02,31.5,18.1,24.7,0.0,16.7,24.2,15,960.0,49,-4.8,Kano
2026-03-03,31.8,18.0,24.8,0.0,15.3,24.08,13,961.0,13,-6.1,Kano
2026-03-04,32.0,17.8,24.8,0.0,14.0,24.2,14,961.4,31,-5.5,Kano
2026-03-05,32.7,18.5,25.6,0.0,14.0,24.13,12,960.9,64,-6.5,Kano
2026-03-06,33.9,19.4,26.7,0.0,13.0,24.25,12,959.1,65,-6.2,Kano
2026-03-07,35.3,20.2,28.0,0.0,14.2,22.79,13,958.3,86,-3.5,Kano
2026-03-08,36.2,21.6,28.9,0.0,14.9,24.16,11,958.1,33,-6.0,Kano
2026-03-09,36.9,23.4,30.1,0.0,15.3,24.03,10,958.2,65,-5.9,Kano
2026-03-10,37.4,22.7,29.8,0.0,13.3,23.79,13,957.8,75,-2.2,Kano
2026-03-11,38.3,22.5,30.9,0.0,9.7,23.43,18,956.9,98,2.8,Kano
2026-03-12,38.7,24.5,31.8,0.0,16.2,21.97,27,956.7,31,9.3,Kano
2026-03-13,38.6,25.9,32.4,0.0,15.2,23.01,30,956.1,66,10.1,Kano
2026-03-14,39.3,25.0,32.5,0.0,12.5,23.68,16,955.1,37,1.8,Kano
2026-03-15,38.1,24.5,31.8,0.0,12.2,23.59,14,956.0,74,0.9,Kano
2026-03-16,38.0,25.0,31.2,0.0,19.4,23.7,15,956.9,68,0.8,Kano
2026-03-17,35.0,21.7,28.5,0.0,16.3,24.34,10,957.3,63,-7.8,Kano
2026-03-18,36.1,21.4,29.0,0.0,12.4,24.18,12,957.6,72,-4.0,Kano
2026-03-19,35.6,22.5,29.2,0.0,13.0,24.12,13,958.5,27,-2.5,Kano
2026-03-20,35.9,22.2,29.1,0.0,16.5,24.34,13,958.1,74,-2.7,Kano
2026-03-21,35.9,22.0,29.2,0.0,14.4,24.61,13,957.4,11,-3.7,Kano
2026-03-22,37.4,23.0,30.5,0.0,16.1,24.51,12,956.6,19,-2.5,Kano
2026-03-23,37.7,23.4,30.9,0.0,15.4,24.47,13,956.9,89,-2.0,Kano
2026-03-24,38.8,23.8,32.0,0.0,17.9,24.13,14,956.9,71,0.9,Kano
2026-03-25,39.1,27.0,32.9,0.0,12.0,23.75,19,956.3,68,5.4,Kano
2026-03-26,37.5,26.2,31.9,0.0,13.1,22.51,28,956.7,84,10.7,Kano
2026-03-27,38.4,25.7,32.3,0.0,12.6,24.04,21,957.1,56,6.5,Kano
2026-03-28,39.4,25.2,33.3,0.0,14.4,24.15,18,956.8,57,4.4,Kano
2026-03-29,38.4,26.0,32.5,0.0,16.3,21.68,27,955.5,71,10.5,Kano
2026-03-30,37.6,27.3,32.2,0.0,16.8,19.59,34,955.3,54,13.6,Kano
2026-03-31,36.8,25.5,31.0,0.0,18.0,19.71,35,956.7,87,12.8,Kano
2026-04-01,35.1,24.9,30.0,0.0,12.7,22.77,17,957.2,68,0.6,Kano
2026-04-02,36.0,24.0,30.0,0.0,11.7,23.9,11,958.6,81,-4.9,Kano
2026-04-03,36.3,25.6,30.5,0.0,12.1,17.14,17,959.6,76,1.5,Kano
2026-04-04,36.2,25.8,30.7,0.0,16.5,20.99,31,960.3,89,11.4,Kano
2026-04-05,37.6,27.0,32.3,0.0,12.3,21.71,31,959.6,82,10.6,Kano
2026-04-06,39.3,27.4,33.8,0.0,13.0,24.18,18,958.9,60,5.9,Kano
2026-04-07,39.1,27.3,33.4,0.0,17.4,24.26,16,959.1,80,4.2,Kano
2026-04-08,37.8,27.0,32.4,0.0,18.2,18.72,15,959.4,89,2.2,Kano
2026-04-09,37.7,26.9,32.4,0.0,19.6,24.49,12,959.4,55,-0.5,Kano
2026-04-10,38.9,26.0,32.4,0.0,16.5,23.75,11,959.5,85,-2.2,Kano
2026-04-11,38.4,24.3,31.6,0.0,16.8,25.22,7,958.7,70,-8.2,Kano
2026-04-12,38.6,23.8,32.0,0.0,11.9,25.31,11,957.2,65,-2.9,Kano
2026-04-13,39.5,24.8,33.0,0.0,11.1,25.27,12,955.4,25,-1.1,Kano
2026-04-14,39.7,27.3,33.9,0.0,16.2,22.26,27,955.3,79,11.3,Kano
2026-04-15,39.5,27.7,34.2,0.0,15.0,20.94,31,955.7,74,14.2,Kano
2026-04-16,39.5,28.2,34.2,0.0,13.9,23.2,23,954.5,89,8.5,Kano
2026-04-17,39.4,26.7,33.3,0.0,12.5,24.26,19,954.4,35,6.0,Kano
2026-04-18,39.0,26.2,33.4,0.0,13.0,24.38,13,954.9,89,0.7,Kano
2026-04-19,37.9,26.1,32.7,0.0,15.9,23.67,12,956.0,80,-1.6,Kano
2026-04-20,39.2,24.7,32.4,0.0,17.0,24.55,11,956.4,81,-2.9,Kano
2026-04-21,39.0,25.8,32.5,0.0,16.6,23.78,10,956.3,84,-3.7,Kano
2026-04-22,39.1,25.1,32.6,0.0,15.3,25.08,13,956.3,54,0.4,Kano
2026-04-23,40.7,26.1,33.9,0.0,14.0,24.2,12,955.3,43,-0.4,Kano
2026-04-24,38.9,26.8,33.0,0.0,16.7,22.29,28,954.8,77,10.8,Kano
2026-04-25,38.4,27.4,32.8,0.0,19.1,21.66,34,955.7,97,13.6,Kano
2026-04-26,38.5,26.0,32.2,0.4,14.1,19.94,42,958.0,95,16.4,Kano
2026-04-27,38.8,26.4,31.4,0.2,15.6,21.9,45,959.2,64,17.0,Kano
2026-04-28,39.8,27.1,33.3,0.0,17.6,24.0,29,957.6,52,8.9,Kano
2026-04-29,39.2,25.1,33.2,0.0,13.7,24.76,18,957.4,46,5.2,Kano
2026-04-30,39.4,26.9,33.3,0.0,14.9,23.52,31,959.0,69,11.0,Kano
2026-05-01,40.0,23.7,33.1,0.0,13.0,25.58,17,958.0,50,1.4,Kano
2026-05-02,40.5,25.0,33.7,0.0,12.8,25.43,13,956.7,22,0.9,Kano
2026-05-03,40.7,26.2,34.0,0.0,18.2,23.3,31,957.0,50,12.4,Kano
2026-05-04,38.8,26.6,33.4,0.0,16.7,18.44,36,958.1,98,14.7,Kano
2026-05-05,41.1,28.1,34.9,0.0,14.8,22.19,28,956.7,34,12.0,Kano
2026-05-06,40.8,27.2,34.4,0.0,16.8,23.72,29,956.1,31,11.7,Kano
2026-05-07,39.6,27.3,33.7,0.0,18.4,23.0,37,956.9,33,15.4,Kano
2026-05-08,40.2,26.8,33.9,0.0,21.5,23.18,33,957.5,45,12.5,Kano
2026-05-09,39.6,25.8,33.2,0.0,16.2,24.27,30,958.3,39,10.9,Kano
2026-05-10,40.4,23.5,33.0,0.0,14.8,25.12,23,958.6,19,4.2,Kano
2026-05-11,40.5,25.0,33.6,0.0,17.4,24.97,22,958.7,0,4.5,Kano
2026-05-12,39.9,25.5,33.8,0.0,14.4,24.88,22,959.3,0,5.7,Kano
2026-05-13,40.3,27.0,34.5,0.0,14.6,24.58,25,958.3,1,8.4,Kano
2026-05-14,40.8,26.5,34.2,0.0,14.1,24.93,22,956.8,5,5.7,Kano
2026-05-15,40.3,27.6,33.5,0.0,18.1,22.32,36,957.4,56,14.0,Kano
2026-05-16,40.3,27.5,33.3,0.0,16.8,21.96,40,958.0,51,15.8,Kano
2026-05-17,39.9,27.8,32.6,0.4,24.2,22.15,46,958.5,38,17.7,Kano
2026-05-18,37.3,26.6,31.6,0.0,13.3,14.43,43,959.1,68,16.2,Kano
2026-05-19,37.0,24.7,31.3,0.0,14.2,20.62,47,960.3,56,17.4,Kano
2026-05-20,38.9,26.1,32.6,0.0,15.5,22.73,43,959.5,21,16.7,Kano
2026-05-21,36.6,23.9,29.9,13.1,18.2,21.96,59,959.5,48,20.1,Kano
2026-05-22,33.6,23.9,28.0,0.9,12.6,17.46,64,960.5,76,20.1,Kano
2026-05-23,33.9,24.7,28.8,0.7,11.3,20.64,66,960.5,48,21.2,Kano
2026-05-24,35.3,25.3,29.6,1.5,12.0,20.39,63,958.9,40,21.3,Kano
2026-05-25,33.3,23.8,28.5,2.8,11.1,19.07,71,960.1,96,22.4,Kano
2026-05-26,35.1,26.3,30.0,0.0,15.3,18.77,59,960.1,96,20.7,Kano
2026-05-27,38.5,26.3,32.0,0.0,21.5,23.27,50,959.0,65,18.5,Kano
2026-05-28,39.1,26.0,31.9,0.6,13.9,21.83,46,959.7,64,17.4,Kano
2026-05-29,39.1,26.9,33.3,0.0,14.8,22.65,38,959.6,60,15.5,Kano
2026-05-30,37.5,27.3,32.1,0.6,12.8,18.7,49,959.1,89,19.6,Kano
2026-05-31,38.6,27.2,30.8,2.7,13.3,21.24,60,958.7,71,21.7,Kano
2026-06-01,32.1,24.5,27.9,0.9,13.9,12.25,66,959.3,83,20.5,Kano
2026-06-02,35.1,23.8,29.4,1.6,9.0,22.93,62,959.6,76,20.8,Kano
2026-06-03,35.0,24.1,29.3,3.2,21.6,21.77,65,959.8,96,21.4,Kano
2026-06-04,33.6,23.9,27.9,0.6,14.2,21.29,67,959.6,71,20.8,Kano
2026-06-05,32.5,23.0,25.6,44.6,18.4,11.21,79,959.8,74,21.5,Kano
2026-06-06,31.2,23.1,26.1,0.2,10.9,13.9,76,960.7,87,21.2,Kano
2026-06-07,33.0,24.4,28.2,0.3,10.3,20.6,70,962.6,86,21.8,Kano
2026-06-08,35.8,23.4,29.7,1.0,18.2,22.53,60,960.9,86,20.3,Kano
2026-06-09,35.3,25.0,28.5,6.9,14.8,19.88,68,959.5,82,21.5,Kano
2026-06-10,31.8,25.1,28.2,0.0,14.3,15.08,69,960.2,89,21.9,Kano
2026-06-11,35.0,23.7,29.4,0.0,10.3,22.47,62,959.7,58,20.8,Kano
2026-06-12,35.7,24.7,29.2,6.4,14.6,22.2,65,960.4,50,21.4,Kano
2026-06-13,33.4,24.2,28.2,3.0,20.5,21.48,66,960.7,95,20.7,Kano
2026-06-14,31.9,23.9,26.2,6.3,29.8,17.52,76,961.4,95,21.4,Kano
2026-06-15,30.8,24.4,26.8,0.0,15.9,14.44,73,961.0,82,21.5,Kano
2026-06-16,34.2,23.9,28.9,0.0,14.1,23.06,64,960.9,49,21.1,Kano
2026-06-17,32.5,25.8,29.1,0.3,14.6,18.07,62,962.2,89,20.9,Kano
2026-06-18,34.8,24.6,29.6,0.5,24.7,23.31,58,960.8,34,19.9,Kano
2026-06-19,37.6,23.7,30.3,0.3,14.4,22.46,54,957.9,83,18.6,Kano
2026-06-20,33.7,24.6,28.0,0.2,14.3,17.86,64,958.5,77,20.1,Kano
2026-06-21,33.3,25.0,28.7,0.3,10.8,22.7,60,961.0,78,19.8,Kano
2026-06-22,32.8,22.3,26.3,15.7,17.2,20.78,74,961.2,86,20.6,Kano
2026-06-23,30.4,22.5,26.2,0.0,20.8,16.68,76,960.8,80,21.3,Kano
2026-06-24,33.2,23.2,28.3,0.0,13.2,23.77,67,961.0,20,21.1,Kano
2026-06-25,34.3,24.1,29.2,0.3,14.8,21.77,62,961.8,56,20.8,Kano
2026-06-26,34.7,24.1,29.6,0.9,16.6,23.31,56,961.1,59,19.5,Kano
2026-06-27,34.8,25.6,29.5,0.7,15.2,22.53,58,960.8,78,20.0,Kano
2026-06-28,32.9,22.5,27.4,1.2,15.7,22.63,72,960.1,70,21.4,Kano
2026-06-29,32.4,23.6,28.1,0.0,11.4,21.6,66,959.6,49,20.9,Kano
2026-06-30,30.3,22.6,25.4,0.6,12.2,12.57,80,961.2,88,21.6,Kano
