date,temperature_2m_max,temperature_2m_min,temperature_2m_mean,precipitation_sum,wind_speed_10m_max,shortwave_radiation_sum,relative_humidity_2m_mean,surface_pressure_mean,cloud_cover_mean,dew_point_2m_mean,city
2000-01-01,29.9,23.5,26.2,0.6,10.7,16.17,85,1007.5,79,23.4,Port Harcourt
2000-01-02,31.4,23.4,26.7,1.8,13.0,17.68,84,1006.9,77,23.5,Port Harcourt
2000-01-03,30.7,24.0,26.8,1.3,10.1,16.36,82,1006.6,58,23.3,Port Harcourt
2000-01-04,29.7,23.9,26.6,2.8,9.1,16.15,84,1006.7,98,23.5,Port Harcourt
2000-01-05,32.9,22.8,27.5,0.0,12.8,20.07,78,1006.2,92,22.7,Port Harcourt
2000-01-06,32.3,24.2,27.5,0.0,13.7,18.48,80,1006.7,68,23.2,Port Harcourt
2000-01-07,32.0,24.6,27.7,0.0,14.0,18.81,76,1007.3,91,22.6,Port Harcourt
2000-01-08,32.0,24.3,27.4,0.3,14.2,17.1,78,1008.4,95,22.9,Port Harcourt
2000-01-09,31.5,23.9,27.2,0.7,12.0,17.09,79,1008.3,83,22.9,Port Harcourt
2000-01-10,31.7,23.7,27.3,0.9,12.0,18.04,81,1007.6,37,23.4,Port Harcourt
2000-01-11,32.6,23.5,27.6,0.3,13.5,18.96,78,1007.7,32,23.0,Port Harcourt
2000-01-12,32.3,23.7,27.2,1.3,13.7,18.26,81,1007.4,41,23.3,Port Harcourt
2000-01-13,31.9,24.0,26.9,2.9,13.7,17.11,83,1007.8,90,23.5,Port Harcourt
2000-01-14,30.6,23.7,26.8,1.2,12.0,17.8,83,1007.2,52,23.4,Port Harcourt
2000-01-15,31.0,23.5,26.7,0.8,13.3,18.02,84,1007.5,54,23.7,Port Harcourt
2000-01-16,30.3,24.1,26.9,1.6,12.1,16.94,82,1008.1,60,23.4,Port Harcourt
2000-01-17,30.5,24.1,26.8,1.5,14.3,15.11,84,1008.4,65,23.8,Port Harcourt
2000-01-18,30.0,24.3,26.6,4.1,10.9,16.51,83,1009.1,93,23.4,Port Harcourt
2000-01-19,29.5,23.7,26.5,1.7,9.7,14.74,85,1009.5,98,23.7,Port Harcourt
2000-01-20,31.3,23.7,26.8,1.1,10.8,17.66,83,1009.4,86,23.4,Port Harcourt
2000-01-21,30.6,23.5,26.5,3.2,12.2,15.78,84,1009.1,94,23.3,Port Harcourt
2000-01-22,31.4,24.0,26.8,2.4,9.9,18.37,83,1008.4,91,23.5,Port Harcourt
2000-01-23,30.8,24.4,26.7,1.2,15.5,17.16,83,1008.3,82,23.6,Port Harcourt
2000-01-24,31.3,23.9,26.9,0.7,13.1,19.98,82,1009.4,51,23.4,Port Harcourt
2000-01-25,30.7,23.8,26.8,0.7,13.2,19.04,83,1010.3,49,23.4,Port Harcourt
2000-01-26,31.4,23.5,26.9,0.9,12.4,18.26,83,1010.1,48,23.6,Port Harcourt
2000-01-27,31.4,24.1,27.3,1.9,11.2,18.65,83,1009.6,40,23.9,Port Harcourt
2000-01-28,31.8,24.9,27.6,1.1,14.5,18.36,83,1008.5,41,24.1,Port Harcourt
2000-01-29,32.1,24.5,27.5,1.1,14.8,18.0,81,1009.1,47,23.6,Port Harcourt
2000-01-30,32.9,24.2,27.6,0.0,13.9,20.55,77,1010.2,38,22.6,Port Harcourt
2000-01-31,33.2,24.3,27.9,0.0,14.8,20.94,75,1011.3,45,22.3,Port Harcourt
2000-02-01,30.3,24.1,26.6,2.1,13.4,14.12,81,1012.1,86,22.8,Port Harcourt
2000-02-02,34.1,22.5,27.2,0.0,10.8,23.6,65,1011.1,65,17.5,Port Harcourt
2000-02-03,34.3,21.0,26.5,0.0,12.6,24.48,60,1010.3,39,15.3,Port Harcourt
2000-02-04,32.9,20.5,26.7,0.0,13.0,24.17,69,1010.8,8,19.7,Port Harcourt
2000-02-05,32.9,22.2,27.2,0.1,14.2,19.75,74,1010.6,37,21.5,Port Harcourt
2000-02-06,34.4,22.3,27.8,0.0,15.5,23.03,71,1009.8,24,21.0,Port Harcourt
2000-02-07,33.1,22.4,27.4,0.0,14.7,22.02,75,1010.4,66,21.9,Port Harcourt
2000-02-08,32.0,24.0,27.0,2.4,13.0,17.85,79,1011.1,40,22.6,Port Harcourt
2000-02-09,31.9,24.2,27.3,1.5,13.5,17.27,77,1010.8,53,22.5,Port Harcourt
2000-02-10,33.5,23.4,27.6,0.0,15.0,19.99,75,1009.6,24,22.3,Port Harcourt
2000-02-11,32.9,23.7,27.8,0.3,17.0,19.3,74,1009.5,96,22.0,Port Harcourt
2000-02-12,34.0,23.1,28.1,0.0,16.8,22.14,72,1009.1,99,21.7,Port Harcourt
2000-02-13,34.1,23.9,28.4,0.0,15.7,20.58,72,1008.8,99,22.2,Port Harcourt
2000-02-14,34.0,24.3,28.3,0.2,16.4,21.79,74,1009.1,90,22.3,Port Harcourt
2000-02-15,32.4,24.5,27.9,1.5,13.5,18.45,75,1009.4,99,22.8,Port Harcourt
2000-02-16,33.8,24.5,28.3,0.0,16.7,20.89,73,1009.4,93,22.4,Port Harcourt
2000-02-17,32.0,24.6,27.6,2.1,12.1,19.21,79,1009.5,98,23.4,Port Harcourt
2000-02-18,32.1,24.5,27.4,1.7,13.0,18.42,77,1009.7,75,22.7,Port Harcourt
2000-02-19,34.2,22.5,28.1,0.0,15.1,20.91,74,1009.0,64,22.3,Port Harcourt
2000-02-20,31.8,25.0,27.9,2.1,16.0,17.82,78,1009.0,92,23.3,Port Harcourt
2000-02-21,30.8,25.0,27.5,3.0,12.5,17.83,79,1009.8,90,23.4,Port Harcourt
2000-02-22,31.9,24.5,27.3,1.3,13.1,17.61,81,1009.8,94,23.6,Port Harcourt
2000-02-23,31.6,24.4,27.3,2.8,13.5,19.38,83,1008.7,58,24.0,Port Harcourt
2000-02-24,32.0,24.6,27.6,1.2,13.5,19.99,81,1008.4,86,23.8,Port Harcourt
2000-02-25,31.6,24.6,27.7,1.3,12.9,20.82,82,1008.6,89,24.2,Port Harcourt
2000-02-26,35.0,24.5,28.6,0.1,17.7,22.01,75,1008.5,94,22.9,Port Harcourt
2000-02-27,34.8,25.7,28.9,0.0,17.0,23.69,69,1008.2,98,21.5,Port Harcourt
2000-02-28,34.7,23.7,28.3,0.0,16.7,24.56,69,1008.8,90,20.9,Port Harcourt
2000-02-29,34.6,24.0,28.5,0.0,15.3,23.98,71,1010.1,30,21.6,Port Harcourt
2000-03-01,35.7,23.0,28.7,0.0,16.0,25.17,69,1009.7,33,21.2,Port Harcourt
2000-03-02,34.1,24.8,28.6,0.1,17.4,22.04,73,1009.3,29,22.6,Port Harcourt
2000-03-03,33.9,24.9,28.8,0.9,15.6,21.66,72,1009.2,62,22.6,Port Harcourt
2000-03-04,34.7,24.7,28.9,0.0,16.5,22.35,73,1008.6,38,22.7,Port Harcourt
2000-03-05,34.4,25.0,29.1,0.4,17.0,21.26,72,1008.7,71,22.9,Port Harcourt
2000-03-06,35.2,25.5,29.2,0.0,19.1,22.57,72,1008.8,85,22.9,Port Harcourt
2000-03-07,34.3,25.7,28.9,2.7,17.7,21.42,74,1008.8,55,23.4,Port Harcourt
2000-03-08,34.2,25.1,28.8,2.0,17.9,21.54,75,1008.8,29,23.4,Port Harcourt
2000-03-09,35.3,25.2,29.3,0.1,16.6,23.39,70,1009.1,48,22.4,Port Harcourt
2000-03-10,34.8,25.0,28.9,0.0,17.9,23.44,73,1008.1,78,22.7,Port Harcourt
2000-03-11,34.3,25.3,28.9,0.9,16.5,21.24,74,1008.1,89,23.2,Port Harcourt
2000-03-12,34.1,25.6,28.8,2.7,19.8,19.95,73,1007.7,61,22.9,Port Harcourt
2000-03-13,34.5,25.4,29.0,1.5,18.1,22.21,73,1007.8,83,23.1,Port Harcourt
2000-03-14,33.7,25.7,29.0,1.3,15.7,19.19,73,1007.8,89,23.2,Port Harcourt
2000-03-15,32.5,25.6,28.0,3.5,15.5,19.74,78,1007.9,87,23.6,Port Harcourt
2000-03-16,32.7,24.9,27.8,1.9,16.4,21.15,79,1007.6,81,23.7,Port Harcourt
2000-03-17,31.9,24.8,27.5,3.7,17.5,18.68,80,1007.5,94,23.5,Port Harcourt
2000-03-18,33.1,25.7,28.7,0.1,13.7,22.48,74,1007.3,83,23.2,Port Harcourt
2000-03-19,29.8,24.9,27.1,12.8,11.6,15.69,83,1007.3,91,23.9,Port Harcourt
2000-03-20,29.2,23.9,26.1,10.3,7.9,13.52,88,1007.0,100,24.0,Port Harcourt
2000-03-21,31.1,24.5,26.7,9.1,12.7,18.26,84,1007.1,97,23.6,Port Harcourt
2000-03-22,29.3,24.3,26.0,11.6,12.2,10.66,89,1007.8,98,23.9,Port Harcourt
2000-03-23,31.1,24.3,26.7,3.7,12.7,15.9,87,1008.6,88,24.3,Port Harcourt
2000-03-24,31.6,24.3,27.4,0.8,11.3,20.8,81,1007.8,72,23.6,Port Harcourt
2000-03-25,29.4,25.2,26.8,3.6,12.2,14.25,84,1008.6,86,23.9,Port Harcourt
2000-03-26,28.1,24.5,25.9,7.3,11.2,9.01,89,1008.3,100,23.9,Port Harcourt
2000-03-27,31.8,23.5,27.1,1.7,11.4,21.86,83,1007.1,80,23.8,Port Harcourt
2000-03-28,29.4,24.5,26.8,7.1,10.5,14.82,85,1007.3,99,24.0,Port Harcourt
2000-03-29,31.9,24.8,27.9,0.0,12.0,19.29,79,1007.0,87,23.7,Port Harcourt
2000-03-30,31.5,25.1,27.9,0.5,14.1,21.02,80,1007.1,36,24.0,Port Harcourt
2000-03-31,31.2,24.9,27.3,2.0,15.6,17.94,85,1006.4,87,24.3,Port Harcourt
2000-04-01,32.1,24.6,26.9,9.3,16.8,19.22,85,1006.4,85,24.1,Port Harcourt
2000-04-02,31.7,24.4,26.7,10.3,14.9,18.9,86,1007.6,99,23.9,Port Harcourt
2000-04-03,30.0,23.8,26.4,6.0,10.0,18.63,88,1009.4,94,24.1,Port Harcourt
2000-04-04,29.7,24.0,26.5,5.7,12.8,17.42,86,1010.2,92,23.9,Port Harcourt
2000-04-05,31.5,24.0,27.1,1.4,11.4,19.03,82,1009.4,93,23.5,Port Harcourt
2000-04-06,31.5,24.4,27.4,1.0,11.6,19.3,80,1008.5,80,23.5,Port Harcourt
2000-04-07,29.6,24.5,26.7,4.7,11.2,16.74,85,1008.1,71,23.9,Port Harcourt
2000-04-08,27.4,24.4,25.7,13.6,9.1,11.92,89,1009.0,98,23.7,Port Harcourt
2000-04-09,31.2,23.8,26.9,3.3,8.8,18.72,86,1007.3,85,24.3,Port Harcourt
2000-04-10,28.5,24.8,26.1,18.9,11.6,10.15,91,1006.8,82,24.5,Port Harcourt
2000-04-11,29.4,24.3,25.9,16.5,11.3,14.1,91,1007.7,99,24.3,Port Harcourt
2000-04-12,29.4,23.8,26.0,6.0,12.0,12.86,88,1008.2,99,23.8,Port Harcourt
2000-04-13,29.8,24.4,26.7,2.3,12.8,12.14,86,1008.4,98,24.0,Port Harcourt
2000-04-14,31.2,25.2,27.8,0.5,8.8,20.49,82,1007.9,93,24.3,Port Harcourt
2000-04-15,30.8,25.2,27.7,0.3,12.4,14.91,83,1007.6,94,24.3,Port Harcourt
2000-04-16,28.2,24.7,26.2,18.6,9.2,11.39,90,1008.5,98,24.3,Port Harcourt
2000-04-17,28.0,23.9,25.9,9.8,8.9,11.3,91,1008.5,99,24.2,Port Harcourt
2000-04-18,30.7,24.4,26.6,9.5,13.5,17.14,86,1009.0,91,24.0,Port Harcourt
2000-04-19,29.6,23.2,25.7,22.5,10.3,14.06,89,1009.8,98,23.7,Port Harcourt
2000-04-20,30.7,24.1,26.6,8.8,10.2,19.0,88,1009.2,94,24.3,Port Harcourt
2000-04-21,31.1,24.6,27.2,1.9,12.3,20.4,84,1009.9,87,24.0,Port Harcourt
2000-04-22,31.6,24.9,27.6,1.3,6.8,19.56,83,1010.2,64,24.4,Port Harcourt
2000-04-23,31.3,24.9,27.1,7.9,7.3,18.38,87,1009.1,97,24.7,Port Harcourt
2000-04-24,30.3,25.1,26.8,12.3,11.7,15.47,88,1008.5,86,24.5,Port Harcourt
2000-04-25,27.7,24.6,26.0,17.3,9.3,8.43,91,1008.4,99,24.4,Port Harcourt
2000-04-26,30.1,24.4,26.6,14.7,10.1,16.77,89,1008.6,95,24.6,Port Harcourt
2000-04-27,31.3,24.0,27.1,2.8,10.0,19.79,87,1008.6,94,24.6,Port Harcourt
2000-04-28,31.3,24.4,27.4,1.3,11.3,19.72,84,1009.2,86,24.2,Port Harcourt
2000-04-29,30.8,24.3,27.1,3.6,10.3,18.81,85,1009.7,92,24.3,Port Harcourt
2000-04-30,30.6,24.1,26.9,4.8,9.9,18.84,86,1010.3,99,24.1,Port Harcourt
2000-05-01,29.2,23.9,26.4,5.6,5.6,16.16,89,1009.9,98,24.4,Port Harcourt
2000-05-02,31.5,24.6,27.3,3.7,8.6,20.29,85,1009.0,72,24.3,Port Harcourt
2000-05-03,30.9,24.9,26.9,7.8,9.9,16.35,87,1009.3,60,24.4,Port Harcourt
2000-05-04,29.6,24.2,25.9,14.2,7.7,11.21,91,1009.7,88,24.2,Port Harcourt
2000-05-05,30.6,24.0,26.7,3.8,9.4,17.83,87,1008.5,86,24.2,Port Harcourt
2000-05-06,31.4,25.0,27.4,1.9,9.4,18.12,85,1007.9,90,24.5,Port Harcourt
2000-05-07,31.5,24.7,27.3,1.0,9.9,17.42,86,1008.0,97,24.7,Port Harcourt
2000-05-08,31.0,24.7,27.1,5.2,8.1,18.6,86,1009.2,90,24.5,Port Harcourt
2000-05-09,28.6,24.6,25.8,19.7,10.5,8.28,92,1009.4,100,24.4,Port Harcourt
2000-05-10,30.7,24.3,27.2,1.5,9.5,15.42,85,1009.2,91,24.3,Port Harcourt
2000-05-11,30.5,24.7,26.5,9.4,9.6,17.16,88,1010.0,83,24.3,Port Harcourt
2000-05-12,30.1,24.2,26.7,3.9,10.8,19.76,87,1010.2,73,24.4,Port Harcourt
2000-05-13,30.5,23.4,26.4,5.8,11.7,18.84,88,1010.1,57,24.1,Port Harcourt
2000-05-14,28.4,24.4,25.9,8.5,10.0,13.49,91,1010.8,99,24.2,Port Harcourt
2000-05-15,29.4,24.0,26.0,14.0,9.4,15.68,90,1010.8,100,24.1,Port Harcourt
2000-05-16,28.9,23.6,25.5,11.0,10.5,13.47,93,1011.0,100,24.2,Port Harcourt
2000-05-17,27.6,23.8,25.5,13.8,7.4,10.06,93,1011.2,100,24.3,Port Harcourt
2000-05-18,31.2,24.0,27.0,0.1,10.1,16.74,85,1009.9,81,24.0,Port Harcourt
2000-05-19,30.4,24.9,27.2,7.0,10.1,17.71,86,1009.4,79,24.6,Port Harcourt
2000-05-20,31.0,24.4,27.1,5.2,13.5,18.76,88,1008.8,92,24.8,Port Harcourt
2000-05-21,28.6,24.9,26.2,10.2,11.6,10.64,91,1009.1,100,24.6,Port Harcourt
2000-05-22,28.5,23.6,25.8,24.0,13.4,12.06,89,1011.3,100,23.9,Port Harcourt
2000-05-23,26.7,23.9,25.0,24.6,7.9,9.58,94,1013.3,98,23.9,Port Harcourt
2000-05-24,29.7,23.3,25.5,11.7,10.5,17.4,90,1012.6,74,23.6,Port Harcourt
2000-05-25,27.2,22.9,24.7,11.7,13.8,9.39,91,1012.4,94,23.0,Port Harcourt
2000-05-26,28.2,22.9,25.1,10.7,8.7,13.04,91,1011.8,97,23.4,Port Harcourt
2000-05-27,27.6,22.9,25.1,10.6,11.2,14.89,89,1011.4,88,23.2,Port Harcourt
2000-05-28,26.8,22.5,24.8,6.9,12.5,11.38,92,1011.6,99,23.4,Port Harcourt
2000-05-29,30.5,23.2,26.2,2.9,8.6,20.31,87,1010.2,87,23.8,Port Harcourt
2000-05-30,30.3,24.2,26.6,4.6,11.2,18.89,87,1009.3,90,24.2,Port Harcourt
2000-05-31,29.3,23.9,25.8,7.7,11.0,14.61,90,1009.9,96,23.9,Port Harcourt
2000-06-01,26.7,23.9,24.9,19.0,9.5,8.33,94,1010.4,100,23.9,Port Harcourt
2000-06-02,27.8,23.3,24.8,14.1,9.3,9.73,92,1011.1,100,23.4,Port Harcourt
2000-06-03,27.4,23.9,25.1,10.5,11.2,11.52,90,1010.7,98,23.4,Port Harcourt
2000-06-04,27.6,23.0,25.0,13.3,9.2,11.29,94,1010.7,94,24.0,Port Harcourt
2000-06-05,25.9,23.2,24.0,32.8,12.3,6.71,97,1012.4,100,23.5,Port Harcourt
2000-06-06,27.4,22.9,24.0,14.5,11.3,9.67,94,1013.6,96,23.0,Port Harcourt
2000-06-07,26.8,22.0,24.1,13.0,7.3,11.22,93,1013.4,98,22.9,Port Harcourt
2000-06-08,28.6,22.6,24.9,8.9,8.9,15.8,91,1013.2,91,23.3,Port Harcourt
2000-06-09,29.7,22.9,25.6,3.0,10.6,17.79,90,1012.9,88,23.7,Port Harcourt
2000-06-10,29.0,23.7,25.5,7.0,12.3,15.28,89,1012.7,90,23.4,Port Harcourt
2000-06-11,28.1,23.3,25.1,8.6,8.0,12.68,91,1012.5,96,23.4,Port Harcourt
2000-06-12,29.8,23.1,25.5,3.6,10.9,16.96,89,1012.0,74,23.5,Port Harcourt
2000-06-13,28.9,23.1,25.5,5.7,11.6,17.21,89,1012.1,70,23.4,Port Harcourt
2000-06-14,27.1,23.1,25.0,14.3,10.8,13.05,92,1011.9,91,23.6,Port Harcourt
2000-06-15,28.8,23.0,25.0,16.7,8.7,14.11,91,1010.7,98,23.4,Port Harcourt
2000-06-16,24.8,23.1,23.8,26.5,7.7,3.46,97,1010.6,99,23.3,Port Harcourt
2000-06-17,28.6,22.7,24.8,21.8,9.7,14.46,91,1011.5,97,23.1,Port Harcourt
2000-06-18,28.1,23.1,24.4,16.5,10.9,12.39,92,1012.5,99,22.9,Port Harcourt
2000-06-19,26.6,23.2,24.5,9.2,8.6,8.89,92,1012.1,100,23.0,Port Harcourt
2000-06-20,29.0,22.6,24.9,9.4,7.9,14.63,90,1011.7,90,23.0,Port Harcourt
2000-06-21,28.1,22.8,24.8,12.3,13.0,12.92,90,1011.3,89,23.1,Port Harcourt
2000-06-22,26.1,23.0,23.8,71.6,10.5,5.09,96,1013.1,100,23.1,Port Harcourt
2000-06-23,25.2,23.0,23.8,19.4,11.3,5.31,95,1013.9,99,23.0,Port Harcourt
2000-06-24,27.6,21.5,23.9,12.3,8.1,13.7,93,1013.3,98,22.7,Port Harcourt
2000-06-25,28.0,21.6,23.8,9.9,12.6,13.16,93,1013.0,98,22.6,Port Harcourt
2000-06-26,27.3,22.0,24.5,6.0,9.2,13.97,89,1013.2,88,22.5,Port Harcourt
2000-06-27,29.6,22.1,25.6,1.6,9.1,16.43,86,1012.6,82,23.0,Port Harcourt
2000-06-28,29.3,23.4,25.4,5.5,11.3,16.97,88,1012.1,75,23.2,Port Harcourt
2000-06-29,28.3,23.3,25.1,5.8,10.0,15.03,88,1011.7,93,22.9,Port Harcourt
2000-06-30,26.9,22.8,24.3,10.6,13.5,10.57,90,1011.7,99,22.6,Port Harcourt
2000-07-01,28.1,22.0,24.2,10.4,10.9,13.69,90,1011.3,93,22.5,Port Harcourt
2000-07-02,25.9,22.1,23.7,18.1,7.4,8.34,96,1011.3,99,23.0,Port Harcourt
2000-07-03,25.7,22.4,23.9,13.5,11.5,9.2,94,1010.9,91,22.7,Port Harcourt
2000-07-04,25.0,21.9,23.1,22.3,11.1,6.39,95,1011.5,99,22.3,Port Harcourt
2000-07-05,28.0,22.2,24.1,8.2,13.0,13.81,91,1011.6,95,22.4,Port Harcourt
2000-07-06,28.1,21.8,24.5,3.5,7.5,15.04,90,1012.7,85,22.6,Port Harcourt
2000-07-07,28.5,22.1,24.7,8.2,10.6,17.23,88,1012.8,72,22.5,Port Harcourt
2000-07-08,27.5,22.1,24.5,6.4,10.9,13.4,89,1012.4,88,22.5,Port Harcourt
2000-07-09,27.5,22.4,24.4,11.8,11.4,13.67,90,1012.7,86,22.6,Port Harcourt
2000-07-10,27.7,22.3,24.6,6.8,13.5,16.31,90,1012.5,78,22.8,Port Harcourt
2000-07-11,29.2,22.5,25.4,1.4,9.2,18.0,84,1012.0,48,22.3,Port Harcourt
2000-07-12,27.3,23.7,25.3,3.5,10.4,12.25,86,1012.2,71,22.8,Port Harcourt
2000-07-13,26.3,23.3,24.4,6.5,12.7,8.36,90,1012.6,89,22.7,Port Harcourt
2000-07-14,27.9,23.0,24.7,7.1,15.1,15.27,88,1012.7,65,22.4,Port Harcourt
2000-07-15,28.5,22.8,25.1,1.6,10.2,17.33,84,1011.9,75,22.2,Port Harcourt
2000-07-16,27.5,23.1,24.6,9.6,9.8,13.01,87,1012.5,97,22.3,Port Harcourt
2000-07-17,28.2,22.5,24.5,12.7,12.7,14.61,90,1013.2,98,22.7,Port Harcourt
2000-07-18,27.5,23.0,24.2,12.5,9.9,10.48,90,1013.5,97,22.5,Port Harcourt
2000-07-19,26.4,22.3,23.4,16.4,11.4,9.74,94,1012.7,96,22.5,Port Harcourt
2000-07-20,27.1,22.1,24.0,4.5,10.5,11.6,91,1012.3,98,22.4,Port Harcourt
2000-07-21,27.5,21.7,24.2,1.5,12.2,13.04,89,1011.6,100,22.2,Port Harcourt
2000-07-22,27.9,22.1,24.4,2.8,13.1,15.5,87,1012.2,89,22.0,Port Harcourt
2000-07-23,28.3,21.8,24.7,1.1,11.7,17.3,83,1012.5,74,21.5,Port Harcourt
2000-07-24,28.6,22.5,24.9,3.1,12.2,18.32,83,1012.2,72,21.8,Port Harcourt
2000-07-25,29.1,22.7,25.4,0.3,10.7,15.24,79,1012.0,94,21.3,Port Harcourt
2000-07-26,28.8,22.6,24.8,11.7,11.3,14.45,86,1012.6,80,22.1,Port Harcourt
2000-07-27,28.0,22.3,24.6,2.0,13.1,14.59,87,1012.1,76,22.2,Port Harcourt
2000-07-28,26.8,22.6,24.1,15.8,14.5,13.21,91,1011.3,95,22.5,Port Harcourt
2000-07-29,26.0,22.5,23.6,7.2,13.2,9.8,91,1011.7,98,22.1,Port Harcourt
2000-07-30,27.3,21.8,24.2,1.9,7.2,10.02,89,1012.5,92,22.1,Port Harcourt
2000-07-31,30.4,22.0,25.0,11.4,8.2,17.88,85,1011.8,94,21.9,Port Harcourt
2000-08-01,26.6,21.9,23.5,19.5,6.3,8.59,94,1012.1,99,22.3,Port Harcourt
2000-08-02,28.0,22.3,24.6,5.2,12.1,15.73,87,1012.4,95,22.2,Port Harcourt
2000-08-03,23.5,22.1,22.7,27.3,13.7,2.86,96,1013.4,100,22.1,Port Harcourt
2000-08-04,25.3,21.9,23.0,16.0,13.8,7.21,96,1014.3,99,22.4,Port Harcourt
2000-08-05,27.5,21.8,23.8,12.2,11.5,13.95,90,1013.8,84,22.0,Port Harcourt
2000-08-06,27.5,22.2,24.2,5.6,10.0,13.08,88,1013.6,88,22.0,Port Harcourt
2000-08-07,28.1,22.3,24.0,8.3,12.6,14.39,90,1013.3,92,22.3,Port Harcourt
2000-08-08,23.7,22.3,22.9,18.0,8.0,3.48,97,1013.2,99,22.4,Port Harcourt
2000-08-09,27.1,21.8,24.3,5.0,13.2,15.62,88,1014.1,92,22.2,Port Harcourt
2000-08-10,28.5,22.5,24.7,3.5,12.9,16.74,86,1014.4,96,22.2,Port Harcourt
2000-08-11,27.7,22.7,24.2,7.5,10.8,11.09,90,1013.9,98,22.3,Port Harcourt
2000-08-12,27.5,22.1,24.1,11.8,11.7,14.64,90,1012.7,94,22.4,Port Harcourt
2000-08-13,25.9,22.4,23.9,10.1,12.0,10.36,91,1012.8,92,22.4,Port Harcourt
2000-08-14,26.7,22.2,23.7,6.9,10.5,9.85,91,1013.6,93,22.2,Port Harcourt
2000-08-15,27.6,22.1,24.0,4.9,11.9,13.07,89,1013.8,89,22.0,Port Harcourt
2000-08-16,24.4,22.4,23.1,9.1,15.3,6.03,94,1013.8,98,22.1,Port Harcourt
2000-08-17,27.3,22.4,24.0,5.7,13.4,12.75,90,1013.9,83,22.2,Port Harcourt
2000-08-18,27.2,21.8,24.2,4.0,14.8,15.09,87,1014.0,94,21.7,Port Harcourt
2000-08-19,29.0,22.1,25.0,0.1,11.2,19.13,79,1014.8,86,20.9,Port Harcourt
2000-08-20,29.1,21.4,25.0,0.6,12.8,17.92,81,1014.2,77,21.2,Port Harcourt
2000-08-21,27.8,22.8,24.8,3.2,14.6,13.73,83,1013.5,82,21.6,Port Harcourt
2000-08-22,26.0,22.6,23.9,15.3,16.1,8.36,91,1013.5,97,22.4,Port Harcourt
2000-08-23,26.7,22.7,24.0,13.7,11.8,10.89,91,1014.3,94,22.4,Port Harcourt
2000-08-24,27.2,22.1,24.2,6.2,7.6,12.33,91,1014.5,94,22.6,Port Harcourt
2000-08-25,26.6,22.8,24.2,9.7,11.2,11.24,90,1012.8,76,22.4,Port Harcourt
2000-08-26,28.0,22.7,24.4,8.6,13.7,13.02,89,1011.8,88,22.4,Port Harcourt
2000-08-27,27.6,22.9,24.6,8.7,12.1,13.71,89,1011.6,97,22.7,Port Harcourt
2000-08-28,28.0,22.8,24.5,6.2,8.9,11.92,90,1011.4,97,22.7,Port Harcourt
2000-08-29,29.3,23.1,24.6,16.6,12.6,13.24,90,1011.4,96,22.8,Port Harcourt
2000-08-30,27.0,23.2,24.6,10.2,7.8,10.48,93,1010.9,95,23.3,Port Harcourt
2000-08-31,27.5,23.4,25.0,7.2,12.8,12.57,89,1010.8,89,22.9,Port Harcourt
2000-09-01,28.9,22.6,25.3,3.0,11.6,17.7,86,1010.8,81,22.7,Port Harcourt
2000-09-02,26.8,23.3,24.8,7.9,8.7,11.2,90,1011.1,99,23.1,Port Harcourt
2000-09-03,29.1,23.5,25.5,3.8,12.2,18.23,86,1010.7,88,23.0,Port Harcourt
2000-09-04,28.3,23.7,25.2,3.5,10.8,14.56,86,1010.9,94,22.6,Port Harcourt
2000-09-05,27.1,22.9,24.7,8.4,12.9,13.29,90,1011.3,98,22.9,Port Harcourt
2000-09-06,27.2,22.7,24.6,13.6,12.5,12.06,89,1010.9,99,22.6,Port Harcourt
2000-09-07,27.0,23.1,24.4,16.9,12.7,10.34,89,1010.6,100,22.5,Port Harcourt
2000-09-08,27.3,22.6,24.4,7.0,8.4,10.12,90,1009.8,100,22.5,Port Harcourt
2000-09-09,28.0,22.8,24.5,11.7,10.7,13.26,91,1010.8,97,22.9,Port Harcourt
2000-09-10,26.2,22.6,23.9,19.4,12.7,9.84,94,1011.4,100,22.8,Port Harcourt
2000-09-11,24.7,22.2,23.3,31.5,11.4,5.22,96,1010.7,98,22.6,Port Harcourt
2000-09-12,26.8,22.3,23.9,10.0,10.6,12.15,92,1011.0,98,22.5,Port Harcourt
2000-09-13,28.2,21.9,24.1,9.7,6.4,12.93,92,1012.1,97,22.7,Port Harcourt
2000-09-14,26.6,21.6,24.0,9.7,11.8,12.58,93,1012.7,88,22.8,Port Harcourt
2000-09-15,28.3,22.3,24.2,10.6,14.9,14.54,90,1013.0,88,22.3,Port Harcourt
2000-09-16,28.7,22.2,24.6,4.4,12.2,17.65,86,1013.1,82,22.1,Port Harcourt
2000-09-17,28.3,22.0,24.4,5.8,12.0,15.82,89,1012.5,89,22.4,Port Harcourt
2000-09-18,27.2,21.8,24.4,6.9,7.8,13.87,90,1012.7,91,22.6,Port Harcourt
2000-09-19,27.8,22.5,24.2,19.3,10.2,13.14,92,1012.1,95,22.7,Port Harcourt
2000-09-20,27.9,22.4,24.6,10.0,10.4,15.4,89,1011.4,98,22.7,Port Harcourt
2000-09-21,27.8,22.3,24.2,11.4,8.6,12.7,93,1011.7,99,22.9,Port Harcourt
2000-09-22,28.6,22.4,24.4,15.4,12.5,15.84,92,1012.1,95,22.8,Port Harcourt
2000-09-23,26.8,22.7,24.2,11.8,12.2,11.76,92,1011.5,99,22.9,Port Harcourt
2000-09-24,25.4,22.2,23.7,11.2,7.8,6.99,94,1011.7,99,22.6,Port Harcourt
2000-09-25,26.8,22.2,24.3,9.9,10.4,12.4,90,1011.9,90,22.6,Port Harcourt
2000-09-26,27.7,22.6,24.7,4.9,11.1,14.04,89,1012.2,93,22.8,Port Harcourt
2000-09-27,26.3,22.8,24.1,13.2,12.2,10.11,92,1011.8,99,22.7,Port Harcourt
2000-09-28,27.9,22.4,24.2,10.0,14.0,13.29,90,1011.8,94,22.5,Port Harcourt
2000-09-29,26.8,22.4,24.0,11.9,9.2,10.78,92,1011.8,96,22.5,Port Harcourt
2000-09-30,27.8,21.9,23.9,19.0,9.1,14.16,93,1012.4,96,22.6,Port Harcourt
2000-10-01,26.6,22.2,24.0,10.8,12.0,10.02,92,1012.7,96,22.7,Port Harcourt
2000-10-02,27.3,22.5,24.1,10.7,10.8,9.94,92,1012.7,99,22.7,Port Harcourt
2000-10-03,28.4,22.6,24.6,6.8,10.4,15.02,92,1011.6,89,23.1,Port Harcourt
2000-10-04,28.0,23.1,24.7,11.3,10.6,15.7,90,1011.1,94,22.9,Port Harcourt
2000-10-05,29.0,22.0,24.8,7.7,8.9,17.82,90,1011.3,89,23.0,Port Harcourt
2000-10-06,27.9,22.1,24.2,13.0,8.1,12.36,94,1011.4,99,23.1,Port Harcourt
2000-10-07,24.8,22.7,23.6,10.8,10.0,4.62,95,1012.2,99,22.8,Port Harcourt
2000-10-08,26.5,22.1,23.7,7.2,12.0,7.85,94,1012.4,96,22.5,Port Harcourt
2000-10-09,27.2,21.7,24.4,2.4,10.9,14.44,89,1012.0,79,22.4,Port Harcourt
2000-10-10,29.0,22.1,25.2,0.7,9.1,15.03,84,1011.4,66,22.1,Port Harcourt
2000-10-11,28.7,22.8,25.0,9.7,10.1,15.33,89,1011.4,75,23.0,Port Harcourt
2000-10-12,29.8,22.4,25.4,5.8,12.1,20.3,89,1011.7,71,23.3,Port Harcourt
2000-10-13,28.6,22.7,24.9,11.0,8.8,14.26,90,1011.5,75,23.2,Port Harcourt
2000-10-14,28.1,22.8,24.7,12.7,10.6,13.09,92,1010.9,91,23.3,Port Harcourt
2000-10-15,29.3,22.8,25.0,9.0,8.7,16.1,90,1010.9,89,23.2,Port Harcourt
2000-10-16,29.9,22.5,25.3,6.5,10.0,16.93,88,1012.4,97,23.0,Port Harcourt
2000-10-17,29.4,22.9,25.6,9.6,13.2,18.13,89,1013.1,91,23.4,Port Harcourt
2000-10-18,26.5,23.3,24.5,13.1,8.8,8.19,93,1012.8,100,23.3,Port Harcourt
2000-10-19,27.3,23.2,24.8,2.4,8.9,8.63,91,1012.2,100,23.1,Port Harcourt
2000-10-20,30.1,21.8,25.4,2.0,10.7,20.28,85,1011.4,64,22.6,Port Harcourt
2000-10-21,29.3,22.9,25.4,6.6,12.4,18.44,88,1011.6,82,23.3,Port Harcourt
2000-10-22,27.2,22.9,24.8,9.1,8.1,10.71,91,1011.7,95,23.2,Port Harcourt
2000-10-23,29.5,23.0,25.5,13.3,10.5,18.5,89,1010.8,83,23.5,Port Harcourt
2000-10-24,26.7,22.9,24.5,11.2,7.2,10.96,95,1010.2,94,23.6,Port Harcourt
2000-10-25,30.2,22.4,25.5,3.2,8.5,18.89,88,1010.2,75,23.1,Port Harcourt
2000-10-26,28.2,23.4,25.5,9.7,7.8,15.31,91,1010.3,84,23.8,Port Harcourt
2000-10-27,26.5,23.6,24.6,21.1,10.0,7.74,95,1010.7,82,23.7,Port Harcourt
2000-10-28,25.3,23.5,24.2,20.3,8.4,5.59,98,1011.3,100,23.9,Port Harcourt
2000-10-29,29.6,23.0,25.2,11.1,8.5,16.93,92,1011.6,96,23.6,Port Harcourt
2000-10-30,30.7,22.6,25.8,4.1,8.8,19.93,88,1010.9,82,23.4,Port Harcourt
2000-10-31,29.6,23.0,25.4,8.1,9.8,16.62,89,1010.7,50,23.2,Port Harcourt
2000-11-01,29.0,23.3,25.5,2.6,11.3,17.08,88,1009.9,53,23.3,Port Harcourt
2000-11-02,29.6,23.0,25.8,6.2,8.0,17.97,87,1009.3,65,23.3,Port Harcourt
2000-11-03,29.8,23.4,25.8,4.9,6.4,15.69,88,1008.4,61,23.6,Port Harcourt
2000-11-04,29.3,23.8,25.9,8.1,11.7,14.7,89,1008.6,76,23.9,Port Harcourt
2000-11-05,28.1,24.1,25.2,10.0,9.2,9.15,91,1009.7,100,23.7,Port Harcourt
2000-11-06,26.7,23.8,25.0,4.9,6.8,8.49,95,1009.3,98,24.1,Port Harcourt
2000-11-07,29.5,23.0,25.7,2.7,7.3,16.81,90,1007.9,80,23.9,Port Harcourt
2000-11-08,28.9,23.5,25.9,9.3,10.3,16.27,89,1006.6,60,23.9,Port Harcourt
2000-11-09,29.2,23.4,25.9,10.8,7.9,16.76,89,1007.0,47,23.9,Port Harcourt
2000-11-10,30.7,23.5,26.1,6.7,9.0,17.76,89,1007.4,53,24.0,Port Harcourt
2000-11-11,29.8,23.4,25.9,7.6,10.8,17.36,88,1008.9,56,23.7,Port Harcourt
2000-11-12,30.3,23.2,26.3,3.8,7.0,17.28,86,1008.1,66,23.6,Port Harcourt
2000-11-13,30.2,23.8,26.4,3.0,12.1,18.26,86,1007.3,60,23.7,Port Harcourt
2000-11-14,30.2,24.2,25.9,10.2,12.7,15.51,87,1008.0,98,23.5,Port Harcourt
2000-11-15,28.7,23.5,25.2,9.7,10.2,13.65,89,1010.4,78,23.3,Port Harcourt
2000-11-16,29.1,22.6,25.7,0.0,7.2,11.55,86,1010.0,84,22.9,Port Harcourt
2000-11-17,29.5,24.0,26.1,2.8,10.7,17.6,86,1009.8,69,23.5,Port Harcourt
2000-11-18,28.3,23.7,25.4,1.7,13.0,14.19,89,1009.7,75,23.3,Port Harcourt
2000-11-19,28.2,22.8,25.2,6.7,12.7,16.97,89,1010.4,84,23.2,Port Harcourt
2000-11-20,30.1,22.7,26.0,0.5,8.9,16.42,85,1010.6,54,23.1,Port Harcourt
2000-11-21,30.2,23.8,26.2,4.5,11.2,18.24,87,1011.1,57,23.7,Port Harcourt
2000-11-22,30.0,23.7,26.2,2.7,10.4,18.47,87,1010.8,33,23.6,Port Harcourt
2000-11-23,30.3,23.6,26.2,1.2,9.7,17.88,86,1010.9,33,23.5,Port Harcourt
2000-11-24,28.9,23.9,25.8,3.9,11.9,16.21,88,1011.0,41,23.5,Port Harcourt
2000-11-25,30.4,22.8,25.8,4.7,9.7,18.13,88,1011.1,50,23.5,Port Harcourt
2000-11-26,28.0,23.8,25.7,4.5,9.4,13.6,91,1011.8,83,24.1,Port Harcourt
2000-11-27,29.0,24.0,25.7,4.3,10.1,14.03,90,1012.2,82,24.0,Port Harcourt
2000-11-28,29.4,23.2,25.6,2.7,11.4,16.51,89,1011.6,75,23.6,Port Harcourt
2000-11-29,29.5,23.7,25.7,4.5,10.0,15.52,89,1011.5,51,23.5,Port Harcourt
2000-11-30,30.5,22.7,26.0,1.1,11.5,18.46,84,1011.0,41,22.9,Port Harcourt
2000-12-01,30.8,23.5,26.5,1.3,10.9,19.08,84,1011.0,23,23.4,Port Harcourt
2000-12-02,30.8,23.5,26.6,1.3,11.6,17.78,82,1011.4,30,22.9,Port Harcourt
2000-12-03,30.8,23.7,26.6,0.2,9.6,17.61,82,1011.3,82,22.9,Port Harcourt
2000-12-04,31.3,22.8,26.8,0.0,9.0,19.68,80,1010.3,21,22.7,Port Harcourt
2000-12-05,31.3,23.8,27.1,0.1,8.9,19.34,80,1010.2,16,22.9,Port Harcourt
2000-12-06,31.3,23.6,27.0,0.0,8.7,18.91,80,1010.3,20,22.9,Port Harcourt
2000-12-07,32.0,23.3,27.2,0.0,10.9,20.7,79,1010.6,79,22.6,Port Harcourt
2000-12-08,30.9,23.6,26.9,0.0,9.0,17.56,80,1010.6,78,22.8,Port Harcourt
2000-12-09,31.3,23.4,26.7,0.4,10.1,17.65,81,1010.5,27,22.8,Port Harcourt
2000-12-10,32.0,23.3,27.1,0.2,11.2,20.08,79,1010.2,23,22.6,Port Harcourt
2000-12-11,31.7,24.3,27.2,0.0,9.0,19.55,79,1010.8,58,22.6,Port Harcourt
2000-12-12,31.3,24.1,27.1,0.1,11.7,18.61,80,1010.8,69,22.9,Port Harcourt
2000-12-13,31.5,23.2,26.9,0.1,11.1,17.74,80,1009.5,24,22.6,Port Harcourt
2000-12-14,32.2,23.0,27.1,0.0,10.5,21.25,76,1008.9,17,21.8,Port Harcourt
2000-12-15,32.4,22.9,26.9,0.0,11.2,21.93,72,1008.7,9,20.4,Port Harcourt
2000-12-16,32.4,22.0,26.8,0.0,11.5,21.54,77,1008.0,24,21.7,Port Harcourt
2000-12-17,32.5,22.4,27.1,0.0,11.7,20.95,78,1008.2,12,22.3,Port Harcourt
2000-12-18,32.3,23.2,27.4,0.0,12.0,19.55,78,1008.7,46,22.7,Port Harcourt
2000-12-19,32.8,24.2,27.9,0.0,12.9,18.85,75,1009.2,48,22.6,Port Harcourt
2000-12-20,30.3,24.3,26.4,1.6,12.3,12.52,85,1009.6,88,23.5,Port Harcourt
2000-12-21,30.0,23.8,26.0,1.3,8.8,14.31,84,1010.9,97,23.0,Port Harcourt
2000-12-22,30.5,23.7,25.7,5.5,10.1,17.06,87,1011.4,72,23.2,Port Harcourt
2000-12-23,27.7,23.5,25.3,3.7,9.8,12.09,87,1011.6,69,23.0,Port Harcourt
2000-12-24,29.7,22.7,25.8,3.0,10.5,16.17,86,1011.2,34,23.2,Port Harcourt
2000-12-25,30.5,23.4,25.9,1.9,12.8,16.05,85,1011.0,32,23.1,Port Harcourt
2000-12-26,30.4,23.7,26.5,1.1,11.9,17.41,83,1010.7,48,23.2,Port Harcourt
2000-12-27,30.2,23.9,26.2,2.3,11.0,16.29,86,1011.2,42,23.6,Port Harcourt
2000-12-28,29.7,24.0,25.9,3.6,11.0,15.34,88,1011.5,45,23.7,Port Harcourt
2000-12-29,29.7,23.2,26.0,1.2,10.3,16.05,87,1010.7,39,23.6,Port Harcourt
2000-12-30,29.2,23.2,25.9,0.3,11.0,14.07,86,1010.1,44,23.4,Port Harcourt
2000-12-31,30.0,23.6,25.9,5.0,10.7,14.53,86,1010.1,57,23.3,Port Harcourt
2001-01-01,31.0,22.3,26.4,1.3,11.2,17.72,82,1010.0,41,22.7,Port Harcourt
2001-01-02,31.0,23.4,26.6,0.0,12.1,17.36,81,1010.1,45,22.7,Port Harcourt
2001-01-03,30.3,23.3,26.3,0.8,10.5,17.32,83,1010.9,49,22.8,Port Harcourt
2001-01-04,32.1,23.2,26.8,0.0,13.7,19.93,79,1010.5,45,22.3,Port Harcourt
2001-01-05,31.5,22.9,26.5,0.6,12.4,18.22,81,1010.6,33,22.5,Port Harcourt
2001-01-06,32.2,23.7,27.0,0.0,12.2,20.65,78,1010.9,49,22.3,Port Harcourt
2001-01-07,31.7,23.6,26.9,0.0,12.4,18.17,80,1010.7,51,22.7,Port Harcourt
2001-01-08,32.1,22.9,27.0,0.0,13.7,20.6,79,1010.1,39,22.5,Port Harcourt
2001-01-09,32.7,23.9,27.4,0.0,13.7,20.43,78,1009.6,74,22.5,Port Harcourt
2001-01-10,32.7,23.6,27.3,0.0,12.6,20.26,77,1008.8,98,22.2,Port Harcourt
2001-01-11,32.9,23.8,27.8,0.0,13.2,20.5,74,1009.0,92,22.0,Port Harcourt
2001-01-12,32.8,23.6,27.5,0.1,15.0,18.96,76,1009.5,24,22.4,Port Harcourt
2001-01-13,31.0,24.3,26.8,1.6,13.2,17.08,82,1009.7,36,23.3,Port Harcourt
2001-01-14,31.7,23.6,27.0,1.9,10.0,18.97,80,1009.0,80,22.8,Port Harcourt
2001-01-15,30.4,23.6,26.5,1.3,14.3,15.26,84,1009.3,58,23.4,Port Harcourt
2001-01-16,31.1,24.0,26.9,0.8,13.5,17.43,84,1010.1,74,23.8,Port Harcourt
2001-01-17,30.7,23.8,26.8,1.2,12.3,15.93,85,1009.9,81,23.9,Port Harcourt
2001-01-18,30.7,23.8,26.7,2.7,14.3,16.98,85,1009.4,62,23.9,Port Harcourt
2001-01-19,30.0,24.1,26.3,1.9,10.4,16.66,85,1010.4,70,23.4,Port Harcourt
2001-01-20,32.9,22.4,27.2,0.1,12.9,20.1,78,1010.5,39,22.4,Port Harcourt
2001-01-21,31.4,24.2,26.9,2.9,11.1,17.82,83,1010.6,99,23.5,Port Harcourt
2001-01-22,31.8,23.4,27.1,0.0,13.7,17.9,78,1010.4,86,22.3,Port Harcourt
2001-01-23,33.0,24.0,27.7,0.0,12.9,20.9,74,1010.9,83,21.8,Port Harcourt
2001-01-24,33.2,23.0,27.7,0.0,14.3,22.43,74,1011.5,34,21.8,Port Harcourt
2001-01-25,32.2,23.5,27.2,0.0,16.6,19.19,78,1011.7,57,22.5,Port Harcourt
2001-01-26,33.5,23.7,27.7,0.2,15.2,21.25,75,1010.7,64,22.0,Port Harcourt
2001-01-27,34.1,23.1,28.0,0.0,15.8,22.0,72,1010.0,54,21.4,Port Harcourt
2001-01-28,32.2,23.9,27.4,0.5,14.1,18.42,76,1010.1,54,22.4,Port Harcourt
2001-01-29,31.1,23.6,26.7,2.1,15.5,17.68,81,1009.5,49,23.1,Port Harcourt
2001-01-30,29.6,23.7,26.6,3.4,11.2,16.3,84,1009.7,49,23.5,Port Harcourt
2001-01-31,31.4,23.5,26.6,5.7,11.0,18.48,84,1008.9,48,23.5,Port Harcourt
2001-02-01,31.4,23.4,26.7,1.6,11.8,18.58,83,1008.2,48,23.5,Port Harcourt
2001-02-02,30.6,24.6,27.0,1.4,12.4,18.37,85,1008.0,82,24.1,Port Harcourt
2001-02-03,30.3,23.5,26.4,1.7,10.8,14.95,86,1008.7,95,23.7,Port Harcourt
2001-02-04,32.7,23.6,27.3,0.0,16.5,19.5,79,1009.0,45,22.9,Port Harcourt
2001-02-05,34.2,24.1,28.1,0.0,14.8,23.28,74,1008.9,17,21.9,Port Harcourt
2001-02-06,33.2,24.7,27.8,0.0,14.2,20.52,76,1010.1,58,22.6,Port Harcourt
2001-02-07,33.7,24.0,28.0,0.0,13.8,22.58,74,1009.9,44,22.0,Port Harcourt
2001-02-08,33.8,23.3,27.9,0.0,15.3,22.06,74,1009.0,32,22.1,Port Harcourt
2001-02-09,34.2,23.8,28.1,0.0,14.4,22.11,73,1008.4,21,21.9,Port Harcourt
2001-02-10,33.0,24.1,27.7,0.4,15.3,20.15,76,1009.1,39,22.6,Port Harcourt
2001-02-11,33.9,24.3,28.3,0.0,15.9,21.83,73,1009.2,33,22.2,Port Harcourt
2001-02-12,34.6,24.5,28.5,0.0,15.5,22.94,71,1009.2,23,21.7,Port Harcourt
2001-02-13,34.6,24.1,28.5,0.0,13.7,23.04,72,1009.1,17,22.1,Port Harcourt
2001-02-14,35.2,23.8,28.5,0.0,12.6,23.16,62,1008.2,34,17.4,Port Harcourt
2001-02-15,35.1,24.2,28.3,0.0,16.4,24.91,66,1008.5,53,19.1,Port Harcourt
2001-02-16,34.9,23.3,28.3,0.0,17.4,23.43,68,1009.4,86,20.7,Port Harcourt
2001-02-17,33.9,24.7,28.6,0.0,16.9,20.95,71,1009.8,65,22.2,Port Harcourt
2001-02-18,34.1,24.9,28.7,0.4,16.4,21.16,71,1009.4,25,22.4,Port Harcourt
2001-02-19,33.4,24.7,28.3,1.3,12.6,19.63,75,1010.0,30,23.2,Port Harcourt
2001-02-20,31.6,24.8,27.2,5.7,14.0,17.94,82,1010.4,70,23.8,Port Harcourt
2001-02-21,32.2,24.9,27.7,3.5,12.2,20.16,81,1010.3,53,23.8,Port Harcourt
2001-02-22,31.2,24.8,27.5,6.4,12.7,20.5,81,1009.8,37,23.9,Port Harcourt
2001-02-23,32.2,25.0,28.0,1.1,11.3,20.3,79,1008.4,26,23.6,Port Harcourt
2001-02-24,32.8,24.3,28.0,1.3,13.5,20.92,78,1007.3,19,23.5,Port Harcourt
2001-02-25,33.1,25.0,28.2,2.1,13.1,20.61,80,1007.1,57,24.2,Port Harcourt
2001-02-26,32.0,25.9,28.2,1.8,14.3,18.62,80,1007.1,70,24.2,Port Harcourt
2001-02-27,31.1,25.5,28.0,1.1,16.7,18.14,79,1007.2,57,23.9,Port Harcourt
2001-02-28,32.0,25.2,28.0,1.9,13.8,17.77,79,1008.1,74,23.9,Port Harcourt
2001-03-01,29.6,25.1,27.0,5.8,11.5,13.91,84,1009.5,96,24.0,Port Harcourt
2001-03-02,31.1,24.8,27.0,7.0,7.6,15.51,87,1010.1,96,24.5,Port Harcourt
2001-03-03,31.5,25.3,27.4,4.7,12.5,17.78,85,1010.0,96,24.6,Port Harcourt
2001-03-04,31.2,25.2,27.1,5.7,12.2,16.42,85,1009.8,100,24.2,Port Harcourt
2001-03-05,30.4,25.1,26.8,5.7,10.7,12.89,86,1010.4,94,24.3,Port Harcourt
2001-03-06,31.0,25.2,27.2,8.7,9.6,17.17,85,1010.4,77,24.3,Port Harcourt
2001-03-07,30.6,24.9,26.7,9.6,12.3,17.51,87,1010.1,56,24.3,Port Harcourt
2001-03-08,30.6,24.2,26.6,5.1,11.1,18.87,86,1009.8,44,24.0,Port Harcourt
2001-03-09,31.6,23.9,26.8,4.5,12.6,20.76,86,1009.7,50,24.0,Port Harcourt
2001-03-10,29.5,23.8,26.3,6.3,12.9,15.67,86,1010.4,68,23.7,Port Harcourt
2001-03-11,30.0,23.9,26.4,8.7,11.1,17.6,87,1010.8,84,23.9,Port Harcourt
2001-03-12,30.8,23.1,26.1,12.9,11.0,17.87,89,1010.2,62,24.0,Port Harcourt
2001-03-13,29.3,23.7,26.0,7.7,10.2,15.35,89,1009.1,74,23.9,Port Harcourt
2001-03-14,31.1,24.0,26.8,6.3,10.1,19.65,85,1007.9,89,24.0,Port Harcourt
2001-03-15,31.9,23.9,27.3,0.8,14.1,19.43,83,1008.0,99,23.9,Port Harcourt
2001-03-16,30.7,24.6,26.8,5.0,11.1,16.45,86,1008.5,89,24.1,Port Harcourt
2001-03-17,28.9,25.0,26.4,5.0,13.1,14.85,87,1008.4,92,24.0,Port Harcourt
2001-03-18,30.9,23.9,26.2,9.1,14.5,16.87,86,1008.5,95,23.7,Port Harcourt
2001-03-19,30.1,23.9,26.0,10.5,13.6,16.77,88,1009.8,92,23.8,Port Harcourt
2001-03-20,31.7,23.6,26.5,6.7,9.7,18.5,86,1009.8,87,23.9,Port Harcourt
2001-03-21,29.7,24.4,26.5,6.6,11.3,16.0,86,1008.9,95,23.9,Port Harcourt
2001-03-22,30.7,24.6,26.8,5.8,13.6,19.28,85,1008.3,72,23.9,Port Harcourt
2001-03-23,29.5,24.5,26.4,1.9,12.3,13.28,87,1009.6,97,24.0,Port Harcourt
2001-03-24,31.2,24.3,27.4,0.1,10.5,20.21,81,1009.4,76,23.7,Port Harcourt
2001-03-25,31.2,24.8,27.3,2.5,12.8,20.32,83,1008.6,57,24.0,Port Harcourt
2001-03-26,30.9,24.6,26.6,12.6,9.8,15.79,87,1008.1,67,24.1,Port Harcourt
2001-03-27,28.5,24.3,25.6,11.2,10.5,11.14,91,1008.4,99,23.9,Port Harcourt
2001-03-28,29.2,24.1,25.8,10.5,12.2,13.82,89,1009.4,95,23.8,Port Harcourt
2001-03-29,30.4,23.0,26.0,6.5,11.3,18.15,89,1009.8,92,23.9,Port Harcourt
2001-03-30,30.4,23.6,26.3,4.5,10.5,18.17,88,1008.9,93,24.2,Port Harcourt
2001-03-31,30.4,23.7,26.6,6.7,11.9,18.74,87,1007.8,80,24.2,Port Harcourt
2001-04-01,29.5,24.5,26.5,3.0,13.0,17.06,88,1009.0,99,24.2,Port Harcourt
2001-04-02,29.3,24.3,25.9,21.1,12.9,14.5,91,1009.4,100,24.3,Port Harcourt
2001-04-03,28.3,23.7,25.5,10.6,11.7,11.35,90,1009.4,99,23.6,Port Harcourt
2001-04-04,30.3,23.2,26.1,5.8,13.9,17.44,87,1009.4,92,23.7,Port Harcourt
2001-04-05,27.4,23.8,25.5,7.4,8.9,10.0,93,1010.7,98,24.2,Port Harcourt
2001-04-06,30.2,23.6,26.6,2.7,8.2,15.65,87,1010.3,76,24.0,Port Harcourt
2001-04-07,29.9,24.6,26.9,5.7,9.9,16.73,87,1009.9,60,24.4,Port Harcourt
2001-04-08,30.3,24.6,27.2,3.5,10.4,19.08,85,1009.6,84,24.4,Port Harcourt
2001-04-09,31.9,24.5,27.5,1.6,14.0,20.57,85,1008.3,66,24.5,Port Harcourt
2001-04-10,29.1,25.1,26.8,1.7,14.3,12.92,89,1008.0,95,24.8,Port Harcourt
2001-04-11,32.0,24.8,27.8,0.7,12.4,21.42,83,1007.8,85,24.4,Port Harcourt
2001-04-12,29.5,24.7,26.5,11.0,11.7,12.39,89,1008.4,92,24.4,Port Harcourt
2001-04-13,29.3,24.9,26.4,12.1,14.7,12.08,89,1008.3,99,24.4,Port Harcourt
2001-04-14,30.9,23.5,27.0,0.1,10.1,19.05,85,1007.6,97,24.1,Port Harcourt
2001-04-15,30.3,24.8,27.0,6.4,15.5,16.25,87,1008.8,98,24.5,Port Harcourt
2001-04-16,27.8,24.6,25.7,8.6,13.7,8.7,91,1010.2,100,24.0,Port Harcourt
2001-04-17,29.8,24.2,26.9,3.4,10.2,18.03,86,1009.8,93,24.1,Port Harcourt
2001-04-18,26.5,24.5,25.5,9.2,14.8,8.89,94,1009.7,98,24.4,Port Harcourt
2001-04-19,30.4,23.5,26.4,6.5,10.5,19.61,86,1009.7,91,23.7,Port Harcourt
2001-04-20,31.2,24.2,27.0,3.6,9.0,20.54,85,1010.1,86,24.1,Port Harcourt
2001-04-21,30.9,24.4,26.9,6.9,12.6,18.24,86,1009.9,92,24.2,Port Harcourt
2001-04-22,29.5,23.8,26.3,7.8,10.5,15.18,89,1009.2,99,24.3,Port Harcourt
2001-04-23,30.6,23.5,26.6,3.4,9.7,19.78,88,1008.2,82,24.4,Port Harcourt
2001-04-24,31.3,23.9,26.7,6.8,12.1,18.76,88,1009.1,75,24.4,Port Harcourt
2001-04-25,28.4,23.7,26.0,16.9,10.6,14.35,90,1010.3,87,24.2,Port Harcourt
2001-04-26,30.7,24.3,26.8,6.8,10.3,18.46,87,1009.9,83,24.4,Port Harcourt
2001-04-27,30.9,24.7,27.4,2.9,13.6,20.88,84,1009.3,88,24.4,Port Harcourt
2001-04-28,30.4,24.1,26.4,17.7,11.2,16.74,88,1009.0,95,24.3,Port Harcourt
2001-04-29,28.9,24.2,25.9,13.4,9.1,11.2,90,1009.3,100,24.1,Port Harcourt
2001-04-30,31.3,23.8,27.1,0.6,10.2,20.7,84,1009.7,82,23.9,Port Harcourt
2001-05-01,31.7,24.0,27.4,2.7,10.0,20.37,84,1010.1,80,24.2,Port Harcourt
2001-05-02,31.3,24.6,26.9,9.6,9.3,16.69,89,1009.5,96,24.8,Port Harcourt
2001-05-03,25.9,24.7,25.2,25.2,11.3,2.91,97,1008.8,100,24.6,Port Harcourt
2001-05-04,30.3,24.2,26.8,6.5,13.2,17.51,88,1008.5,96,24.6,Port Harcourt
2001-05-05,30.8,24.5,26.8,5.5,11.2,16.93,88,1009.9,97,24.6,Port Harcourt
2001-05-06,30.6,24.3,26.9,4.8,10.4,18.59,89,1009.8,96,24.8,Port Harcourt
2001-05-07,30.9,24.6,27.2,5.1,8.7,19.1,86,1009.3,80,24.6,Port Harcourt
2001-05-08,29.5,25.1,26.6,6.8,13.8,14.53,90,1009.4,93,24.7,Port Harcourt
2001-05-09,31.1,24.5,27.3,2.7,13.3,19.49,86,1008.9,95,24.6,Port Harcourt
2001-05-10,30.1,24.8,26.7,7.8,12.2,15.92,88,1009.0,92,24.4,Port Harcourt
2001-05-11,30.8,24.6,26.9,5.8,11.5,18.08,88,1009.5,90,24.7,Port Harcourt
2001-05-12,29.2,24.4,26.7,6.5,9.0,16.39,90,1010.2,98,24.8,Port Harcourt
2001-05-13,30.7,24.6,26.7,11.3,11.1,15.36,88,1010.4,99,24.4,Port Harcourt
2001-05-14,29.9,23.9,25.8,15.6,9.9,13.1,89,1010.7,98,23.9,Port Harcourt
2001-05-15,27.2,24.0,25.5,14.7,8.0,9.87,92,1011.3,98,24.0,Port Harcourt
2001-05-16,31.5,23.7,27.0,0.9,6.3,21.38,87,1010.9,66,24.3,Port Harcourt
2001-05-17,29.8,24.8,27.0,3.2,12.2,16.72,88,1010.7,87,24.7,Port Harcourt
2001-05-18,29.9,24.9,26.9,7.5,12.3,15.2,87,1010.3,94,24.5,Port Harcourt
2001-05-19,29.8,24.1,26.1,20.7,14.6,15.99,89,1010.2,98,23.9,Port Harcourt
2001-05-20,26.8,24.0,25.2,20.3,8.7,8.73,94,1011.0,100,24.1,Port Harcourt
2001-05-21,28.9,23.6,25.5,11.1,6.6,13.47,91,1011.0,98,23.7,Port Harcourt
2001-05-22,28.5,23.7,25.6,6.3,10.3,11.59,91,1010.8,90,23.8,Port Harcourt
2001-05-23,29.4,23.5,25.8,11.4,11.8,15.19,90,1011.5,84,23.9,Port Harcourt
2001-05-24,27.2,23.6,25.1,18.3,12.2,11.06,92,1012.3,99,23.7,Port Harcourt
2001-05-25,27.1,23.0,24.8,17.2,12.0,11.86,92,1012.0,98,23.4,Port Harcourt
2001-05-26,28.2,22.8,24.8,15.4,9.8,12.29,92,1011.5,97,23.4,Port Harcourt
2001-05-27,29.1,22.9,25.5,12.8,10.2,16.35,91,1011.9,97,23.8,Port Harcourt
2001-05-28,29.1,23.5,26.1,5.0,9.3,15.33,88,1012.3,97,23.9,Port Harcourt
2001-05-29,27.8,23.8,25.5,5.3,9.2,8.43,90,1011.8,99,23.6,Port Harcourt
2001-05-30,29.0,23.7,25.3,11.9,10.6,11.56,90,1010.9,98,23.5,Port Harcourt
2001-05-31,29.6,23.4,25.5,8.6,10.6,17.17,88,1010.9,80,23.2,Port Harcourt
2001-06-01,27.8,22.7,25.0,7.9,15.3,11.34,88,1011.2,99,22.9,Port Harcourt
2001-06-02,28.0,22.6,24.5,18.6,7.3,13.64,93,1011.8,95,23.2,Port Harcourt
2001-06-03,28.2,22.8,25.2,6.4,9.8,16.52,91,1011.5,95,23.5,Port Harcourt
2001-06-04,28.9,23.0,25.3,5.1,13.1,15.34,89,1012.0,92,23.3,Port Harcourt
2001-06-05,28.3,23.5,25.0,11.2,12.6,13.98,91,1012.2,98,23.4,Port Harcourt
2001-06-06,29.2,23.1,25.4,5.2,8.3,14.55,86,1012.0,89,22.8,Port Harcourt
2001-06-07,27.2,23.5,25.0,5.8,11.5,8.91,89,1011.7,99,23.0,Port Harcourt
2001-06-08,29.4,23.4,25.3,11.0,11.2,17.1,88,1011.7,67,23.1,Port Harcourt
2001-06-09,27.5,22.8,24.6,10.1,10.5,12.69,90,1012.3,77,22.8,Port Harcourt
2001-06-10,27.9,22.5,24.6,7.1,12.2,15.16,88,1013.0,91,22.5,Port Harcourt
2001-06-11,28.5,22.6,24.9,9.3,11.5,15.76,88,1012.3,79,22.6,Port Harcourt
2001-06-12,28.6,22.8,24.9,10.8,10.7,14.16,90,1011.9,79,23.0,Port Harcourt
2001-06-13,26.7,22.9,24.4,12.6,9.5,8.82,91,1011.9,92,22.8,Port Harcourt
2001-06-14,28.5,22.8,25.2,4.6,12.1,15.81,89,1011.3,81,23.2,Port Harcourt
2001-06-15,28.6,22.8,25.3,4.2,10.3,17.02,88,1011.1,66,23.1,Port Harcourt
2001-06-16,29.2,23.3,25.3,9.2,10.2,17.16,89,1011.3,86,23.4,Port Harcourt
2001-06-17,26.8,23.0,24.1,18.4,11.1,8.79,94,1011.5,99,23.1,Port Harcourt
2001-06-18,26.1,23.0,24.3,13.4,9.0,8.62,93,1011.8,90,23.1,Port Harcourt
2001-06-19,28.9,22.4,25.0,6.6,9.2,16.41,88,1012.1,78,22.8,Port Harcourt
2001-06-20,30.3,22.5,25.8,5.1,10.4,18.59,85,1012.1,53,22.8,Port Harcourt
2001-06-21,29.5,23.4,25.5,7.4,9.7,15.04,87,1012.3,95,23.1,Port Harcourt
2001-06-22,26.6,23.4,24.3,19.3,6.6,6.15,94,1013.5,99,23.2,Port Harcourt
2001-06-23,27.6,22.7,24.5,12.9,11.8,12.9,92,1014.1,97,23.0,Port Harcourt
2001-06-24,28.3,21.9,24.8,14.1,9.2,14.97,90,1013.9,85,22.9,Port Harcourt
2001-06-25,27.1,22.8,24.7,7.8,10.4,11.45,90,1014.4,84,22.9,Port Harcourt
2001-06-26,27.4,22.5,24.6,5.8,12.0,11.88,90,1014.6,92,22.7,Port Harcourt
2001-06-27,27.7,23.3,24.8,5.3,12.1,14.57,89,1014.0,91,22.9,Port Harcourt
2001-06-28,27.8,22.5,24.3,17.6,11.8,10.74,91,1014.2,96,22.8,Port Harcourt
2001-06-29,26.4,22.5,24.2,9.2,7.1,9.03,93,1013.8,95,23.0,Port Harcourt
2001-06-30,27.4,23.2,24.8,2.8,11.8,12.09,89,1012.7,89,22.8,Port Harcourt
2001-07-01,28.3,23.1,25.0,1.7,9.4,13.56,86,1012.7,89,22.5,Port Harcourt
2001-07-02,29.6,23.3,25.8,1.8,10.8,17.9,86,1012.9,85,23.1,Port Harcourt
2001-07-03,27.3,23.7,24.8,7.2,11.2,11.13,90,1013.3,96,23.0,Port Harcourt
2001-07-04,27.3,22.6,24.4,7.3,11.4,9.39,91,1013.5,93,22.8,Port Harcourt
2001-07-05,28.2,22.7,24.3,17.0,9.9,12.52,93,1013.7,97,23.0,Port Harcourt
2001-07-06,25.9,23.0,23.7,45.3,11.9,5.24,95,1013.6,99,22.9,Port Harcourt
2001-07-07,24.5,22.4,23.2,44.8,6.7,2.67,97,1013.9,100,22.7,Port Harcourt
2001-07-08,28.8,22.1,24.8,1.7,10.2,17.69,90,1013.5,70,23.0,Port Harcourt
2001-07-09,28.0,23.5,25.1,5.4,12.1,14.82,88,1012.6,82,22.8,Port Harcourt
2001-07-10,28.4,23.4,25.0,11.7,13.6,13.72,87,1012.0,93,22.7,Port Harcourt
2001-07-11,26.8,23.1,24.7,10.1,11.6,9.37,89,1012.5,97,22.7,Port Harcourt
2001-07-12,26.8,23.4,24.3,12.0,9.8,7.32,90,1013.2,97,22.5,Port Harcourt
2001-07-13,27.4,22.3,24.5,2.7,12.5,12.48,88,1011.8,80,22.3,Port Harcourt
2001-07-14,28.3,22.9,25.0,1.6,14.2,18.1,86,1011.0,59,22.4,Port Harcourt
2001-07-15,26.3,23.4,24.4,6.5,14.0,7.6,88,1012.4,95,22.3,Port Harcourt
2001-07-16,27.1,23.2,24.6,0.9,14.8,11.67,83,1014.2,97,21.5,Port Harcourt
2001-07-17,28.0,22.4,24.8,0.4,8.6,13.92,82,1014.8,88,21.3,Port Harcourt
2001-07-18,28.2,23.2,24.7,6.4,11.5,14.2,85,1013.8,87,21.9,Port Harcourt
2001-07-19,27.5,23.2,24.7,4.9,14.6,15.33,86,1012.4,89,22.2,Port Harcourt
2001-07-20,26.7,22.7,24.3,3.5,18.9,10.14,87,1012.0,90,21.9,Port Harcourt
2001-07-21,25.9,23.2,24.2,0.9,19.7,7.83,82,1012.3,99,20.9,Port Harcourt
2001-07-22,27.0,22.1,24.5,0.4,15.4,15.91,78,1012.9,77,20.3,Port Harcourt
2001-07-23,27.8,21.6,24.4,0.0,9.0,17.38,78,1012.3,83,20.2,Port Harcourt
2001-07-24,28.0,21.1,24.4,0.0,11.0,13.84,80,1012.2,76,20.5,Port Harcourt
2001-07-25,28.7,21.7,24.8,1.6,13.3,17.91,82,1012.3,92,21.4,Port Harcourt
2001-07-26,27.6,22.6,25.0,1.0,14.7,15.25,79,1012.8,94,21.0,Port Harcourt
2001-07-27,28.9,22.6,25.4,2.6,15.9,17.85,79,1013.0,95,21.3,Port Harcourt
2001-07-28,27.7,22.7,24.4,7.6,16.3,14.11,86,1013.0,92,21.8,Port Harcourt
2001-07-29,26.7,22.3,23.8,12.9,14.2,10.89,91,1013.3,94,22.1,Port Harcourt
2001-07-30,27.3,22.4,24.6,1.7,15.0,15.29,85,1014.7,88,21.8,Port Harcourt
2001-07-31,27.0,22.4,24.2,5.2,12.3,14.26,87,1015.3,92,21.9,Port Harcourt
2001-08-01,26.5,22.0,23.6,16.6,13.4,11.75,91,1015.1,85,22.0,Port Harcourt
2001-08-02,26.3,21.6,23.1,16.5,15.8,9.79,93,1014.3,91,21.8,Port Harcourt
2001-08-03,27.2,22.1,23.8,7.4,14.3,12.37,90,1013.4,97,22.0,Port Harcourt
2001-08-04,26.4,22.5,23.9,7.0,13.2,10.48,89,1014.1,91,22.0,Port Harcourt
2001-08-05,28.6,22.1,24.5,8.7,13.4,16.83,86,1014.9,75,21.9,Port Harcourt
2001-08-06,29.2,22.7,24.8,3.7,12.7,16.24,88,1014.3,87,22.6,Port Harcourt
2001-08-07,26.4,22.9,24.1,9.4,17.1,11.34,89,1013.9,91,22.1,Port Harcourt
2001-08-08,27.4,22.5,24.2,6.1,12.0,15.26,88,1014.3,64,22.1,Port Harcourt
2001-08-09,28.7,22.2,24.3,14.9,13.0,17.97,88,1014.5,77,22.1,Port Harcourt
2001-08-10,27.1,22.5,23.9,8.1,11.9,10.42,90,1014.7,97,22.2,Port Harcourt
2001-08-11,25.8,23.0,24.1,5.8,15.2,9.32,88,1014.3,97,22.0,Port Harcourt
2001-08-12,27.5,22.7,24.5,3.6,15.7,14.92,87,1013.8,98,22.1,Port Harcourt
2001-08-13,27.3,22.5,24.2,5.0,14.6,15.23,87,1013.8,77,21.9,Port Harcourt
2001-08-14,24.4,22.5,23.1,7.1,11.3,4.9,93,1014.8,91,21.8,Port Harcourt
2001-08-15,26.8,21.8,23.6,3.6,14.1,10.58,89,1015.7,90,21.7,Port Harcourt
2001-08-16,27.7,21.7,24.5,1.3,11.8,16.25,84,1016.0,85,21.4,Port Harcourt
2001-08-17,26.6,23.3,24.5,1.6,13.0,7.68,84,1015.3,99,21.6,Port Harcourt
2001-08-18,27.7,22.9,24.5,2.5,13.9,12.24,85,1014.1,94,21.8,Port Harcourt
2001-08-19,27.2,22.6,24.4,5.5,14.3,10.42,88,1013.7,97,22.3,Port Harcourt
2001-08-20,25.8,22.9,24.2,2.8,14.8,6.73,88,1014.1,100,22.1,Port Harcourt
2001-08-21,26.6,23.2,24.6,0.2,13.4,11.05,85,1014.8,99,21.9,Port Harcourt
2001-08-22,28.5,23.0,25.6,1.3,11.2,15.91,80,1014.3,90,21.8,Port Harcourt
2001-08-23,28.3,23.3,24.9,7.1,11.5,10.75,87,1013.8,98,22.5,Port Harcourt
2001-08-24,27.9,22.9,24.5,4.6,11.7,10.51,89,1012.8,97,22.5,Port Harcourt
2001-08-25,27.4,23.0,24.4,4.1,11.5,9.22,89,1013.2,96,22.5,Port Harcourt
2001-08-26,28.1,23.4,25.2,2.2,11.5,14.64,85,1013.5,99,22.4,Port Harcourt
2001-08-27,28.4,22.9,25.3,1.0,16.4,18.59,85,1012.7,81,22.5,Port Harcourt
2001-08-28,28.3,23.1,24.9,5.5,13.8,15.74,86,1012.8,90,22.3,Port Harcourt
2001-08-29,27.0,22.9,24.4,4.0,12.8,11.85,87,1013.8,95,22.1,Port Harcourt
2001-08-30,27.2,22.2,24.6,7.2,10.9,15.16,87,1013.8,83,22.2,Port Harcourt
2001-08-31,28.2,23.3,25.4,1.6,15.8,17.67,82,1013.0,85,22.0,Port Harcourt
2001-09-01,28.6,23.2,25.2,4.0,17.3,18.31,83,1012.3,73,21.9,Port Harcourt
2001-09-02,28.2,22.7,24.4,10.8,17.2,16.63,87,1011.7,92,22.1,Port Harcourt
2001-09-03,27.3,22.8,24.2,7.1,13.9,13.28,88,1012.3,94,22.0,Port Harcourt
2001-09-04,28.0,22.4,24.8,1.8,14.6,18.88,85,1012.6,70,22.0,Port Harcourt
2001-09-05,28.2,23.1,24.5,12.0,14.7,14.88,86,1012.1,94,22.0,Port Harcourt
2001-09-06,27.9,22.9,24.4,5.7,16.9,13.41,88,1011.7,96,22.3,Port Harcourt
2001-09-07,28.4,23.3,25.3,2.0,10.1,15.43,82,1011.2,93,22.0,Port Harcourt
2001-09-08,27.4,23.2,24.6,26.8,15.9,9.05,89,1011.1,100,22.6,Port Harcourt
2001-09-09,27.9,22.9,24.4,7.2,13.4,13.76,90,1011.6,98,22.7,Port Harcourt
2001-09-10,28.8,22.8,24.8,4.8,8.0,16.93,89,1012.2,92,22.8,Port Harcourt
2001-09-11,28.7,22.6,24.8,6.6,11.5,14.82,89,1011.4,99,22.7,Port Harcourt
2001-09-12,25.0,22.6,23.3,121.9,15.3,2.1,96,1012.0,100,22.6,Port Harcourt
2001-09-13,26.0,22.3,23.7,9.8,9.0,8.2,93,1012.7,99,22.5,Port Harcourt
2001-09-14,28.6,22.6,24.4,15.6,8.4,13.23,90,1011.3,95,22.6,Port Harcourt
2001-09-15,28.5,22.1,24.3,9.1,10.6,13.79,90,1011.3,93,22.5,Port Harcourt
2001-09-16,28.8,21.8,24.6,9.9,13.0,16.41,88,1012.1,79,22.4,Port Harcourt
2001-09-17,28.4,23.2,24.8,8.2,13.2,16.28,88,1011.3,96,22.7,Port Harcourt
2001-09-18,27.0,22.4,23.9,13.8,14.1,11.73,92,1011.8,94,22.6,Port Harcourt
2001-09-19,26.8,21.9,23.7,8.9,13.4,10.56,93,1012.4,94,22.4,Port Harcourt
2001-09-20,26.4,21.8,23.4,16.3,10.2,10.79,94,1012.9,96,22.4,Port Harcourt
2001-09-21,26.3,22.0,23.3,6.1,9.7,6.6,94,1011.9,96,22.2,Port Harcourt
2001-09-22,25.5,22.4,23.3,38.5,13.3,5.21,95,1011.6,98,22.4,Port Harcourt
2001-09-23,25.9,22.7,23.7,12.1,10.8,8.21,94,1012.2,100,22.7,Port Harcourt
2001-09-24,27.9,22.3,24.2,9.9,9.6,14.0,90,1012.3,84,22.4,Port Harcourt
2001-09-25,28.5,22.5,24.6,4.6,16.1,17.24,86,1012.9,75,22.0,Port Harcourt
2001-09-26,27.3,22.5,24.4,8.2,10.5,13.49,88,1012.9,92,22.2,Port Harcourt
2001-09-27,28.9,22.0,24.3,15.8,8.3,14.4,90,1012.3,95,22.4,Port Harcourt
2001-09-28,29.0,22.4,25.0,3.0,14.1,19.94,87,1011.9,67,22.5,Port Harcourt
2001-09-29,28.7,22.8,25.0,8.7,10.2,16.95,88,1012.5,84,22.9,Port Harcourt
2001-09-30,27.8,22.5,24.7,11.4,11.7,16.67,91,1012.6,71,23.0,Port Harcourt
2001-10-01,28.4,22.6,24.6,15.1,9.2,13.85,90,1013.2,96,22.8,Port Harcourt
2001-10-02,29.4,22.0,25.0,4.5,11.6,17.46,90,1012.7,81,23.1,Port Harcourt
2001-10-03,27.0,23.0,24.2,13.8,8.7,9.92,93,1013.2,97,23.1,Port Harcourt
2001-10-04,28.1,22.6,24.4,12.0,13.0,11.17,92,1013.1,90,23.1,Port Harcourt
2001-10-05,28.4,22.5,24.5,12.2,11.9,14.64,92,1013.4,89,23.1,Port Harcourt
2001-10-06,27.8,22.6,24.5,9.2,8.5,13.47,92,1012.8,87,23.1,Port Harcourt
2001-10-07,29.0,22.4,25.1,3.2,11.9,17.92,88,1012.1,67,22.9,Port Harcourt
2001-10-08,29.8,22.5,25.5,4.1,10.5,19.45,87,1011.1,60,23.2,Port Harcourt
2001-10-09,29.1,23.7,25.7,8.7,11.2,16.23,88,1010.6,62,23.4,Port Harcourt
2001-10-10,29.9,22.9,25.7,6.1,8.7,18.36,88,1010.3,59,23.5,Port Harcourt
2001-10-11,27.8,23.8,25.1,13.0,7.7,12.49,93,1010.9,91,23.8,Port Harcourt
2001-10-12,28.4,23.3,25.0,14.3,7.4,13.77,94,1011.1,94,23.9,Port Harcourt
2001-10-13,28.9,23.0,25.1,12.3,6.4,15.97,93,1011.0,96,23.7,Port Harcourt
2001-10-14,29.0,22.8,25.3,5.3,8.3,17.34,91,1010.5,88,23.6,Port Harcourt
2001-10-15,28.7,23.1,25.2,9.6,9.4,17.85,90,1010.9,79,23.4,Port Harcourt
2001-10-16,28.3,23.0,24.8,17.3,8.3,12.95,91,1012.0,99,23.2,Port Harcourt
2001-10-17,27.8,23.0,25.0,6.5,8.5,14.91,92,1012.1,98,23.6,Port Harcourt
2001-10-18,29.7,23.1,25.5,6.9,10.0,16.68,89,1010.8,70,23.4,Port Harcourt
2001-10-19,29.4,23.1,25.7,3.2,9.7,15.54,87,1009.4,64,23.3,Port Harcourt
2001-10-20,29.0,23.9,26.0,4.7,9.3,16.16,88,1009.4,57,23.9,Port Harcourt
2001-10-21,30.5,23.8,26.0,6.1,10.4,16.55,88,1009.0,71,23.8,Port Harcourt
2001-10-22,26.8,24.4,25.4,11.9,9.1,9.43,90,1009.8,99,23.7,Port Harcourt
2001-10-23,28.4,23.8,25.6,14.2,10.4,15.61,90,1011.1,98,23.7,Port Harcourt
2001-10-24,29.9,23.4,25.7,5.1,10.9,16.29,87,1011.7,73,23.3,Port Harcourt
2001-10-25,29.6,23.2,25.5,9.2,12.2,17.79,88,1010.8,89,23.3,Port Harcourt
2001-10-26,28.7,23.3,25.1,8.9,11.3,15.29,91,1010.4,94,23.4,Port Harcourt
2001-10-27,29.2,22.8,24.9,16.3,14.3,17.15,91,1011.0,79,23.2,Port Harcourt
2001-10-28,29.7,22.8,25.4,11.1,9.4,16.43,88,1012.0,82,23.3,Port Harcourt
2001-10-29,28.6,23.5,25.2,6.6,11.6,14.09,88,1012.2,85,23.0,Port Harcourt
2001-10-30,29.3,22.9,25.3,6.6,11.9,16.98,87,1012.0,62,22.9,Port Harcourt
2001-10-31,29.0,22.7,25.0,5.8,9.2,14.72,88,1012.1,78,22.9,Port Harcourt
2001-11-01,28.1,22.7,25.2,5.7,8.1,17.13,89,1011.6,70,23.1,Port Harcourt
2001-11-02,30.1,23.0,26.1,1.3,9.8,19.53,85,1010.7,44,23.2,Port Harcourt
2001-11-03,29.8,23.6,26.0,1.7,12.5,17.4,87,1010.4,73,23.5,Port Harcourt
2001-11-04,29.5,23.4,25.6,9.4,11.2,18.18,87,1010.3,63,23.2,Port Harcourt
2001-11-05,29.4,23.8,26.0,1.8,10.6,18.39,87,1010.6,75,23.7,Port Harcourt
2001-11-06,28.5,23.8,25.9,1.0,10.9,13.47,89,1011.5,99,23.9,Port Harcourt
2001-11-07,28.7,23.2,25.8,5.2,10.8,13.42,89,1012.0,93,23.7,Port Harcourt
2001-11-08,29.2,23.6,25.7,9.0,11.3,14.6,89,1011.9,70,23.6,Port Harcourt
2001-11-09,27.9,23.7,25.3,6.5,11.8,14.44,89,1011.4,84,23.4,Port Harcourt
2001-11-10,28.5,23.0,25.2,4.3,10.2,15.62,90,1011.5,72,23.5,Port Harcourt
2001-11-11,27.8,22.8,24.9,15.2,10.9,16.46,93,1012.8,70,23.7,Port Harcourt
2001-11-12,28.3,22.9,25.2,6.9,10.2,14.73,89,1012.5,70,23.2,Port Harcourt
2001-11-13,29.5,22.7,25.5,2.5,10.8,15.81,88,1011.0,59,23.1,Port Harcourt
2001-11-14,30.3,23.0,26.0,2.4,13.2,18.96,86,1010.3,35,23.4,Port Harcourt
2001-11-15,29.6,23.5,25.9,7.2,8.6,18.09,89,1011.2,62,23.9,Port Harcourt
2001-11-16,30.5,23.5,26.3,1.0,7.6,17.02,86,1011.7,65,23.7,Port Harcourt
2001-11-17,30.5,23.5,26.2,4.2,10.9,17.98,87,1011.2,63,23.7,Port Harcourt
2001-11-18,30.4,23.4,26.3,2.0,8.9,18.41,87,1010.5,76,23.8,Port Harcourt
2001-11-19,30.2,23.5,26.2,1.4,10.5,17.57,86,1010.8,49,23.6,Port Harcourt
2001-11-20,29.3,23.8,26.0,0.7,10.9,17.61,86,1010.8,49,23.3,Port Harcourt
2001-11-21,29.7,23.9,26.0,2.7,9.5,16.18,86,1011.3,59,23.3,Port Harcourt
2001-11-22,28.2,24.1,25.8,0.7,8.2,9.05,90,1011.2,85,24.0,Port Harcourt
2001-11-23,26.9,23.4,25.2,0.2,6.2,5.86,92,1009.9,76,23.7,Port Harcourt
2001-11-24,29.7,23.1,25.9,3.6,9.1,17.55,88,1009.4,57,23.6,Port Harcourt
2001-11-25,29.4,23.8,25.8,8.9,10.9,16.0,88,1008.7,50,23.6,Port Harcourt
2001-11-26,29.8,23.2,25.9,2.4,10.1,14.5,88,1008.2,62,23.6,Port Harcourt
2001-11-27,30.4,23.4,26.2,1.1,11.7,17.02,87,1008.3,37,23.7,Port Harcourt
2001-11-28,28.6,24.3,26.2,1.1,12.4,14.86,88,1009.0,45,23.9,Port Harcourt
2001-11-29,29.3,23.5,26.0,1.1,12.2,15.1,87,1008.9,76,23.6,Port Harcourt
2001-11-30,29.7,23.9,26.0,5.1,10.5,15.76,88,1009.4,49,23.7,Port Harcourt
2001-12-01,30.4,23.1,26.2,1.4,9.3,16.82,86,1009.0,71,23.5,Port Harcourt
2001-12-02,29.4,23.6,25.8,5.7,10.0,16.06,89,1009.1,60,23.6,Port Harcourt
2001-12-03,29.5,23.0,25.9,3.3,8.7,16.83,87,1009.4,68,23.4,Port Harcourt
2001-12-04,31.2,23.3,26.7,0.1,10.4,18.53,83,1008.4,27,23.1,Port Harcourt
2001-12-05,31.1,23.3,26.8,0.7,11.9,17.81,83,1008.7,31,23.4,Port Harcourt
2001-12-06,31.4,23.6,26.8,1.5,12.4,19.65,82,1009.6,19,23.2,Port Harcourt
2001-12-07,30.8,23.5,26.6,0.9,12.3,18.45,81,1009.2,34,22.8,Port Harcourt
2001-12-08,29.8,23.7,26.0,2.9,8.6,16.22,85,1008.4,61,23.2,Port Harcourt
2001-12-09,30.5,23.6,26.6,1.4,10.1,17.14,84,1008.6,42,23.4,Port Harcourt
2001-12-10,30.2,24.3,26.8,0.3,11.7,17.12,86,1009.8,38,24.1,Port Harcourt
2001-12-11,31.3,24.3,26.8,0.9,12.8,15.34,86,1009.2,93,24.0,Port Harcourt
2001-12-12,30.3,24.0,26.7,1.4,11.5,15.64,83,1008.6,61,23.4,Port Harcourt
2001-12-13,29.4,23.9,26.4,0.5,11.5,16.02,87,1008.9,57,23.9,Port Harcourt
2001-12-14,30.2,24.0,26.5,0.7,11.9,16.43,85,1009.8,31,23.7,Port Harcourt
2001-12-15,29.0,24.0,26.2,3.8,10.8,15.62,87,1009.8,41,23.8,Port Harcourt
2001-12-16,28.3,24.6,25.8,2.0,9.8,8.05,91,1009.6,94,24.3,Port Harcourt
2001-12-17,31.5,23.6,27.1,0.1,11.0,17.94,82,1008.7,26,23.5,Port Harcourt
2001-12-18,30.3,24.0,27.0,1.7,11.6,17.24,83,1009.3,53,23.8,Port Harcourt
2001-12-19,30.3,24.1,26.8,1.9,9.7,16.86,86,1009.5,61,24.2,Port Harcourt
2001-12-20,31.0,24.0,26.9,4.1,10.0,18.63,87,1009.5,39,24.3,Port Harcourt
2001-12-21,30.8,24.1,27.1,0.8,11.1,17.49,85,1010.0,36,24.2,Port Harcourt
2001-12-22,31.3,24.9,27.3,2.1,9.2,17.83,85,1009.7,34,24.4,Port Harcourt
2001-12-23,30.7,24.4,27.0,1.6,11.5,16.23,86,1010.5,40,24.3,Port Harcourt
2001-12-24,31.2,24.2,27.0,1.6,12.4,17.86,84,1011.0,73,23.8,Port Harcourt
2001-12-25,31.9,24.4,27.5,0.4,11.1,17.73,82,1010.1,73,23.8,Port Harcourt
2001-12-26,31.4,24.4,27.3,1.7,12.1,17.68,83,1009.7,34,24.0,Port Harcourt
2001-12-27,30.9,24.0,26.9,1.0,9.8,17.23,86,1010.0,27,24.1,Port Harcourt
2001-12-28,31.8,24.2,27.6,1.1,11.5,17.85,82,1010.4,14,23.9,Port Harcourt
2001-12-29,30.9,24.2,27.1,1.4,9.7,15.6,86,1010.6,34,24.4,Port Harcourt
2001-12-30,31.3,24.5,27.0,3.2,9.9,16.12,86,1009.6,36,24.2,Port Harcourt
2001-12-31,31.5,23.8,27.2,1.0,13.0,17.52,85,1009.1,49,24.2,Port Harcourt
2002-01-01,32.7,24.4,27.7,0.0,14.1,19.43,81,1009.3,52,23.7,Port Harcourt
2002-01-02,32.2,24.7,27.7,0.0,10.9,17.64,81,1009.7,48,23.7,Port Harcourt
2002-01-03,32.7,24.2,27.7,0.1,11.2,20.13,79,1009.7,74,23.2,Port Harcourt
2002-01-04,32.6,24.2,27.4,0.2,12.9,18.33,80,1009.3,74,23.3,Port Harcourt
2002-01-05,31.0,24.7,27.1,1.3,12.5,16.6,82,1008.9,59,23.5,Port Harcourt
2002-01-06,30.3,23.8,26.6,4.0,12.0,16.5,87,1008.9,83,24.0,Port Harcourt
2002-01-07,29.6,23.5,26.0,1.5,9.5,14.1,85,1008.3,74,23.3,Port Harcourt
2002-01-08,32.9,23.6,27.5,0.0,12.8,19.61,80,1008.3,97,23.2,Port Harcourt
2002-01-09,32.8,24.4,27.5,0.0,9.9,20.34,75,1009.5,99,21.8,Port Harcourt
2002-01-10,33.3,22.8,27.1,0.0,12.2,22.72,71,1010.0,100,19.7,Port Harcourt
2002-01-11,33.5,22.5,26.9,0.0,13.2,22.43,66,1011.0,86,17.4,Port Harcourt
2002-01-12,33.0,20.5,25.9,0.0,12.4,23.44,59,1011.3,86,14.6,Port Harcourt
2002-01-13,32.7,19.6,25.7,0.0,10.6,22.86,57,1011.5,85,14.8,Port Harcourt
2002-01-14,32.5,19.7,26.1,0.0,9.5,22.49,69,1010.4,84,19.0,Port Harcourt
2002-01-15,32.8,20.9,26.4,0.0,11.2,21.0,72,1009.6,97,19.7,Port Harcourt
2002-01-16,32.6,21.7,26.8,0.0,14.4,21.76,76,1009.2,78,21.4,Port Harcourt
2002-01-17,32.6,22.2,27.0,0.0,12.6,20.56,76,1008.8,97,21.8,Port Harcourt
2002-01-18,33.3,23.8,27.8,0.0,14.8,19.81,76,1008.1,97,22.5,Port Harcourt
2002-01-19,33.6,24.2,27.9,0.3,14.1,19.34,76,1008.5,82,22.6,Port Harcourt
2002-01-20,33.2,24.4,27.9,0.3,15.1,18.41,76,1009.6,94,22.7,Port Harcourt
2002-01-21,32.9,24.8,28.1,0.0,12.3,18.03,75,1010.6,98,22.9,Port Harcourt
2002-01-22,32.8,24.5,27.4,2.3,11.7,18.51,79,1011.0,95,23.0,Port Harcourt
2002-01-23,32.9,23.9,27.5,0.1,15.5,19.23,77,1011.2,56,22.5,Port Harcourt
2002-01-24,32.6,23.2,27.6,0.1,11.4,18.6,76,1011.5,23,22.6,Port Harcourt
2002-01-25,32.2,24.3,27.5,0.0,12.7,17.37,76,1011.8,55,22.5,Port Harcourt
2002-01-26,33.4,22.9,28.0,0.0,12.8,20.67,75,1011.1,16,22.4,Port Harcourt
2002-01-27,34.0,23.5,28.0,0.0,14.2,21.71,74,1010.5,14,21.8,Port Harcourt
2002-01-28,34.1,23.9,28.0,0.0,13.6,22.04,73,1010.1,21,21.4,Port Harcourt
2002-01-29,34.4,24.4,28.0,0.0,11.9,22.86,63,1010.3,39,17.6,Port Harcourt
2002-01-30,33.8,21.5,27.3,0.0,13.7,24.05,69,1010.9,11,19.6,Port Harcourt
2002-01-31,34.3,22.6,27.8,0.0,13.5,23.37,70,1010.8,17,20.6,Port Harcourt
2002-02-01,34.7,22.8,27.9,0.0,15.2,24.34,66,1009.7,61,19.2,Port Harcourt
2002-02-02,34.5,22.3,27.9,0.0,14.2,23.35,71,1010.1,46,21.0,Port Harcourt
2002-02-03,35.4,23.0,28.4,0.0,17.3,23.47,70,1009.8,4,21.3,Port Harcourt
2002-02-04,34.6,23.4,28.3,0.0,16.8,21.47,71,1009.4,26,21.6,Port Harcourt
2002-02-05,34.3,23.9,28.3,0.0,15.8,21.34,71,1009.2,40,22.0,Port Harcourt
2002-02-06,33.3,24.4,28.2,0.6,14.6,18.75,73,1009.8,25,22.6,Port Harcourt
2002-02-07,30.1,25.0,27.0,11.7,13.2,16.99,82,1010.1,63,23.6,Port Harcourt
2002-02-08,31.8,23.9,27.0,2.6,11.2,18.25,83,1009.8,90,23.6,Port Harcourt
2002-02-09,30.3,24.5,26.4,7.3,12.1,15.47,86,1009.0,75,23.8,Port Harcourt
2002-02-10,31.9,23.6,26.5,10.2,11.3,17.27,86,1008.9,75,23.7,Port Harcourt
2002-02-11,32.9,22.9,27.1,0.1,12.0,20.27,76,1009.7,100,21.8,Port Harcourt
2002-02-12,33.0,23.9,27.6,0.0,11.9,21.68,76,1011.0,87,22.4,Port Harcourt
2002-02-13,33.4,22.6,27.6,0.0,15.7,23.09,75,1010.4,43,22.2,Port Harcourt
2002-02-14,32.3,22.8,27.6,0.0,12.8,21.34,73,1010.3,59,21.8,Port Harcourt
2002-02-15,32.8,24.2,27.8,0.5,12.9,19.27,76,1010.7,52,22.8,Port Harcourt
2002-02-16,32.8,24.5,27.9,1.0,14.3,18.87,76,1010.6,61,23.0,Port Harcourt
2002-02-17,31.5,24.6,27.1,3.4,14.6,17.78,82,1011.1,55,23.7,Port Harcourt
2002-02-18,31.7,23.8,27.3,1.8,11.8,19.77,82,1010.8,36,23.8,Port Harcourt
2002-02-19,32.1,24.6,27.8,1.8,15.5,20.49,82,1010.1,41,24.2,Port Harcourt
2002-02-20,32.6,24.9,27.8,3.2,15.3,19.95,80,1009.9,56,23.8,Port Harcourt
2002-02-21,31.0,24.8,27.4,1.3,13.8,16.39,83,1008.6,33,24.2,Port Harcourt
2002-02-22,31.9,24.5,27.9,0.4,11.0,16.23,82,1007.5,40,24.3,Port Harcourt
2002-02-23,31.9,25.1,27.4,9.5,13.3,18.56,86,1008.1,47,24.6,Port Harcourt
2002-02-24,31.7,24.8,27.1,4.5,15.5,17.24,88,1008.5,65,24.7,Port Harcourt
2002-02-25,31.0,25.2,26.9,8.0,13.1,16.61,87,1009.2,80,24.3,Port Harcourt
2002-02-26,29.8,24.5,26.6,12.2,12.2,15.89,88,1009.1,90,24.3,Port Harcourt
2002-02-27,28.2,23.8,26.1,7.4,9.2,13.13,89,1010.0,84,24.0,Port Harcourt
2002-02-28,31.7,23.8,27.1,2.0,12.0,20.49,84,1008.5,44,23.8,Port Harcourt
2002-03-01,29.9,24.9,26.6,11.5,9.4,14.98,88,1009.1,70,24.3,Port Harcourt
2002-03-02,29.4,24.2,26.3,6.0,12.3,15.32,88,1009.8,91,24.0,Port Harcourt
2002-03-03,32.1,23.5,27.0,2.4,10.6,20.21,84,1008.6,78,23.7,Port Harcourt
2002-03-04,30.4,24.7,26.9,3.4,12.6,17.37,86,1007.8,77,24.3,Port Harcourt
2002-03-05,30.8,24.3,26.7,3.9,12.1,19.53,86,1007.8,74,24.1,Port Harcourt
2002-03-06,30.4,23.9,26.6,0.8,11.2,16.58,86,1008.9,91,24.0,Port Harcourt
2002-03-07,30.0,23.8,26.6,6.7,12.0,16.95,88,1009.8,72,24.2,Port Harcourt
2002-03-08,29.5,24.0,26.2,14.8,12.5,14.21,91,1009.6,96,24.6,Port Harcourt
2002-03-09,28.3,23.6,25.5,19.0,12.6,10.99,91,1010.0,99,23.9,Port Harcourt
2002-03-10,30.0,23.8,26.3,4.4,9.4,13.46,88,1010.5,94,24.0,Port Harcourt
2002-03-11,28.0,24.2,25.9,11.0,12.8,11.19,90,1010.8,90,24.0,Port Harcourt
2002-03-12,31.6,23.9,26.9,0.3,10.9,17.72,85,1010.3,54,24.0,Port Harcourt
2002-03-13,31.7,24.6,27.6,1.3,11.6,20.55,83,1009.3,35,24.3,Port Harcourt
2002-03-14,32.0,24.7,27.4,4.2,9.8,19.75,84,1008.6,62,24.3,Port Harcourt
2002-03-15,30.8,25.1,26.8,12.8,14.6,18.33,87,1008.6,91,24.4,Port Harcourt
2002-03-16,28.7,24.1,25.6,15.4,12.5,10.15,92,1009.2,100,24.1,Port Harcourt
2002-03-17,29.3,24.0,26.2,5.9,13.5,11.37,89,1008.5,99,24.1,Port Harcourt
2002-03-18,31.8,24.1,27.0,4.4,12.9,20.61,85,1008.6,81,24.0,Port Harcourt
2002-03-19,31.4,24.2,27.0,4.7,14.8,20.91,87,1009.5,61,24.4,Port Harcourt
2002-03-20,30.9,23.9,26.5,7.1,6.9,17.13,89,1009.8,92,24.3,Port Harcourt
2002-03-21,32.3,24.6,27.4,7.6,9.2,21.26,86,1008.1,83,24.7,Port Harcourt
2002-03-22,30.7,25.5,27.0,11.5,13.0,17.99,88,1008.1,99,24.8,Port Harcourt
2002-03-23,30.8,24.4,26.8,8.7,11.3,18.44,87,1008.8,81,24.4,Port Harcourt
2002-03-24,30.2,24.2,26.3,13.9,10.5,17.71,88,1009.0,92,24.1,Port Harcourt
2002-03-25,30.4,24.3,26.1,11.2,12.7,13.26,89,1009.2,97,23.9,Port Harcourt
2002-03-26,30.3,24.1,26.8,1.5,12.7,17.43,86,1009.2,95,24.2,Port Harcourt
2002-03-27,29.1,24.6,26.5,7.7,12.9,15.89,87,1009.6,73,24.2,Port Harcourt
2002-03-28,28.7,24.1,26.2,8.4,10.7,12.8,88,1009.7,86,24.0,Port Harcourt
2002-03-29,31.8,23.7,27.5,0.9,9.3,22.35,82,1008.5,85,23.9,Port Harcourt
2002-03-30,29.8,25.2,27.0,7.9,11.2,14.37,87,1008.5,95,24.5,Port Harcourt
2002-03-31,31.3,24.7,27.3,3.2,11.2,19.06,86,1008.3,81,24.6,Port Harcourt
2002-04-01,31.7,24.7,27.5,2.1,11.0,20.51,84,1008.2,61,24.3,Port Harcourt
2002-04-02,31.8,25.1,27.7,4.0,10.2,20.74,84,1009.1,64,24.6,Port Harcourt
2002-04-03,30.4,25.3,27.2,4.4,14.8,17.92,85,1010.1,96,24.4,Port Harcourt
2002-04-04,29.2,24.8,26.7,3.7,7.4,12.03,89,1009.0,99,24.6,Port Harcourt
2002-04-05,30.9,25.0,27.2,5.9,12.2,17.63,88,1006.9,98,24.9,Port Harcourt
2002-04-06,31.5,24.7,27.5,5.2,10.5,19.54,86,1006.0,94,24.9,Port Harcourt
2002-04-07,27.6,24.9,26.2,18.8,8.0,10.95,93,1006.4,100,24.9,Port Harcourt
2002-04-08,28.0,24.3,26.0,15.8,7.6,10.25,92,1006.4,100,24.6,Port Harcourt
2002-04-09,30.5,24.4,26.6,4.2,13.0,14.97,88,1006.5,100,24.3,Port Harcourt
2002-04-10,30.1,23.8,26.5,14.4,10.9,14.22,88,1006.8,100,24.4,Port Harcourt
2002-04-11,29.7,24.1,26.3,11.7,11.7,16.59,88,1007.5,99,24.1,Port Harcourt
2002-04-12,31.8,23.6,27.2,1.5,11.1,20.01,84,1007.8,91,24.1,Port Harcourt
2002-04-13,29.6,24.6,26.5,8.8,8.9,13.72,89,1008.3,85,24.5,Port Harcourt
2002-04-14,31.4,23.9,26.8,3.7,9.0,20.01,87,1008.1,97,24.3,Port Harcourt
2002-04-15,27.9,24.8,25.6,20.6,8.1,10.16,93,1008.3,99,24.4,Port Harcourt
2002-04-16,29.4,23.9,26.4,3.2,15.5,15.5,87,1008.9,99,23.8,Port Harcourt
2002-04-17,31.1,23.9,26.8,1.7,11.5,19.24,84,1009.3,89,23.8,Port Harcourt
2002-04-18,28.7,24.3,26.0,12.8,14.4,13.38,88,1009.9,99,23.9,Port Harcourt
2002-04-19,28.2,23.3,25.7,12.2,10.0,11.01,89,1009.7,93,23.6,Port Harcourt
2002-04-20,31.5,23.9,27.3,0.7,12.1,21.72,82,1009.0,77,23.7,Port Harcourt
2002-04-21,27.7,24.2,25.9,19.4,11.4,11.11,90,1009.4,99,24.2,Port Harcourt
2002-04-22,30.1,23.5,26.5,1.8,7.6,14.71,87,1008.5,90,24.1,Port Harcourt
2002-04-23,30.5,24.2,26.8,9.7,10.9,16.5,88,1007.3,95,24.6,Port Harcourt
2002-04-24,29.8,24.5,26.8,1.0,12.3,13.81,86,1006.7,98,24.3,Port Harcourt
2002-04-25,32.0,24.2,27.4,2.3,9.1,20.85,84,1006.0,75,24.3,Port Harcourt
2002-04-26,30.1,24.9,26.9,8.9,12.3,17.02,88,1006.4,98,24.6,Port Harcourt
2002-04-27,31.4,24.4,27.3,4.3,11.9,19.87,85,1007.3,99,24.3,Port Harcourt
2002-04-28,30.2,24.8,26.4,6.3,11.2,15.01,90,1009.1,97,24.5,Port Harcourt
2002-04-29,30.8,23.7,26.6,2.9,10.8,19.04,86,1010.2,88,24.0,Port Harcourt
2002-04-30,29.5,24.0,26.0,6.9,10.6,16.27,88,1009.9,92,23.9,Port Harcourt
2002-05-01,27.5,24.3,25.5,16.6,11.2,9.35,92,1009.7,99,24.0,Port Harcourt
2002-05-02,29.5,23.9,26.1,9.9,9.7,15.19,88,1009.5,100,23.8,Port Harcourt
2002-05-03,31.2,23.5,26.9,3.0,8.1,21.84,87,1009.1,77,24.4,Port Harcourt
2002-05-04,31.4,23.7,27.4,0.4,8.9,20.66,84,1009.7,93,24.3,Port Harcourt
2002-05-05,30.5,24.6,27.2,6.8,12.6,18.61,85,1009.9,91,24.3,Port Harcourt
2002-05-06,30.5,24.6,26.6,8.8,11.5,16.82,89,1009.9,98,24.5,Port Harcourt
2002-05-07,30.4,24.0,26.3,8.7,9.4,15.45,88,1010.2,88,24.1,Port Harcourt
2002-05-08,31.0,24.3,26.8,8.5,12.9,19.52,87,1010.8,58,24.2,Port Harcourt
2002-05-09,31.0,23.9,26.6,7.4,10.9,18.53,89,1012.0,92,24.5,Port Harcourt
2002-05-10,30.3,24.2,26.6,10.2,12.0,16.19,88,1011.8,73,24.4,Port Harcourt
2002-05-11,30.1,24.5,26.9,2.9,16.2,19.03,87,1011.1,75,24.4,Port Harcourt
2002-05-12,30.6,24.4,26.9,6.0,10.4,19.76,87,1010.4,68,24.5,Port Harcourt
2002-05-13,29.5,24.4,26.4,5.7,11.9,15.86,89,1010.7,74,24.3,Port Harcourt
2002-05-14,30.9,24.2,27.0,3.8,9.7,19.19,87,1011.3,66,24.5,Port Harcourt
2002-05-15,30.9,24.6,26.8,13.1,11.2,17.82,88,1011.0,71,24.5,Port Harcourt
2002-05-16,30.0,24.6,26.4,12.7,10.8,14.93,90,1010.4,88,24.5,Port Harcourt
2002-05-17,30.1,24.6,26.6,9.1,14.1,18.21,89,1009.5,59,24.6,Port Harcourt
2002-05-18,29.2,24.5,26.4,9.6,10.2,14.04,91,1009.7,78,24.9,Port Harcourt
2002-05-19,31.0,24.9,26.6,6.1,8.9,16.47,89,1009.8,97,24.5,Port Harcourt
2002-05-20,31.0,24.0,26.5,10.7,8.3,18.12,88,1009.8,93,24.3,Port Harcourt
2002-05-21,30.7,24.4,26.7,5.6,11.1,18.37,89,1010.0,92,24.6,Port Harcourt
2002-05-22,28.6,24.7,26.2,7.6,7.6,12.5,90,1010.3,100,24.4,Port Harcourt
2002-05-23,30.6,24.0,26.7,5.7,11.5,18.19,89,1009.4,74,24.7,Port Harcourt
2002-05-24,29.9,24.3,26.5,14.2,9.2,15.55,89,1009.4,98,24.6,Port Harcourt
2002-05-25,31.0,24.7,26.8,8.4,10.6,17.8,89,1009.2,87,24.7,Port Harcourt
2002-05-26,29.7,24.5,26.4,9.6,11.4,13.12,89,1009.1,98,24.3,Port Harcourt
2002-05-27,28.7,24.0,25.8,14.1,11.6,12.48,91,1009.6,99,24.2,Port Harcourt
2002-05-28,28.9,23.9,25.6,14.4,9.4,10.41,90,1009.9,95,23.8,Port Harcourt
2002-05-29,27.7,23.8,25.1,12.5,9.7,8.86,92,1011.0,100,23.6,Port Harcourt
2002-05-30,30.4,23.3,26.1,11.1,9.0,18.18,88,1011.1,84,23.8,Port Harcourt
2002-05-31,29.5,24.3,26.1,4.5,11.7,16.64,88,1011.1,93,23.9,Port Harcourt
2002-06-01,28.2,23.8,25.6,5.8,9.2,13.49,89,1010.8,93,23.5,Port Harcourt
2002-06-02,27.3,23.6,25.4,12.5,9.4,10.5,89,1010.8,99,23.5,Port Harcourt
2002-06-03,30.1,23.3,26.1,1.4,10.8,19.63,87,1010.9,93,23.8,Port Harcourt
2002-06-04,29.1,23.2,25.4,13.5,5.9,14.55,90,1011.3,96,23.7,Port Harcourt
2002-06-05,28.4,23.2,25.1,16.7,13.7,12.67,91,1011.0,99,23.4,Port Harcourt
2002-06-06,27.6,23.0,24.4,18.4,12.5,11.14,93,1012.7,95,23.1,Port Harcourt
2002-06-07,30.3,23.0,26.1,0.8,10.1,18.93,83,1011.8,75,22.9,Port Harcourt
2002-06-08,29.4,23.7,25.8,8.9,9.7,16.1,90,1010.8,94,23.9,Port Harcourt
2002-06-09,26.5,23.3,24.6,19.6,11.4,8.98,92,1010.6,99,23.3,Port Harcourt
2002-06-10,28.1,22.8,25.0,13.7,10.2,11.84,90,1011.3,96,23.2,Port Harcourt
2002-06-11,29.8,22.9,25.3,15.9,8.2,15.61,90,1012.2,94,23.6,Port Harcourt
2002-06-12,27.1,23.1,24.7,10.7,8.1,9.5,94,1012.6,99,23.6,Port Harcourt
2002-06-13,26.8,23.1,24.8,7.8,12.1,11.78,91,1012.7,82,23.1,Port Harcourt
2002-06-14,27.1,23.1,24.8,7.6,10.7,11.74,89,1012.3,88,22.9,Port Harcourt
2002-06-15,27.5,23.1,24.9,8.5,9.9,10.41,89,1012.5,96,22.9,Port Harcourt
2002-06-16,28.4,23.5,25.1,10.0,9.7,12.28,89,1012.4,99,23.0,Port Harcourt
2002-06-17,28.0,22.9,24.9,7.2,10.1,13.29,90,1012.2,95,23.1,Port Harcourt
2002-06-18,26.3,23.0,24.1,19.8,11.5,7.11,94,1012.5,99,23.0,Port Harcourt
2002-06-19,25.2,22.9,23.8,24.1,12.1,4.76,96,1012.3,99,23.1,Port Harcourt
2002-06-20,25.0,22.7,23.7,14.4,9.0,5.53,96,1013.5,99,23.0,Port Harcourt
2002-06-21,29.4,22.3,25.4,3.4,7.5,18.69,87,1013.4,71,23.0,Port Harcourt
2002-06-22,28.4,23.1,25.3,7.5,11.5,14.66,89,1013.2,70,23.4,Port Harcourt
2002-06-23,28.1,23.4,24.9,9.7,9.6,11.56,91,1013.5,86,23.3,Port Harcourt
2002-06-24,29.0,22.6,25.0,10.2,10.3,14.41,90,1014.3,99,23.3,Port Harcourt
2002-06-25,28.2,23.1,25.0,7.7,10.0,12.12,91,1014.4,89,23.4,Port Harcourt
2002-06-26,29.5,23.3,25.3,11.4,10.9,16.56,90,1014.1,82,23.4,Port Harcourt
2002-06-27,28.2,23.2,24.3,16.5,13.0,9.26,94,1013.8,96,23.2,Port Harcourt
2002-06-28,27.6,23.0,24.6,10.5,9.7,12.12,91,1014.5,94,23.0,Port Harcourt
2002-06-29,28.6,22.6,24.8,10.9,12.0,16.63,91,1014.7,73,23.1,Port Harcourt
2002-06-30,28.5,22.5,25.1,11.6,9.8,16.11,89,1014.8,80,23.2,Port Harcourt
2002-07-01,28.4,23.3,25.4,8.8,9.9,13.56,87,1013.7,87,23.1,Port Harcourt
2002-07-02,28.8,23.5,24.9,22.9,12.3,12.68,91,1013.2,96,23.2,Port Harcourt
2002-07-03,28.1,23.1,24.3,36.6,8.5,8.7,95,1013.7,98,23.4,Port Harcourt
2002-07-04,28.7,22.6,25.2,1.8,10.9,15.29,90,1013.6,81,23.3,Port Harcourt
2002-07-05,28.5,23.0,25.3,6.3,10.5,16.95,89,1012.7,67,23.3,Port Harcourt
2002-07-06,28.8,23.1,25.3,8.6,11.3,13.18,87,1012.4,88,22.9,Port Harcourt
2002-07-07,28.5,23.2,25.0,10.0,12.1,12.67,90,1012.8,91,23.1,Port Harcourt
2002-07-08,25.5,23.2,24.2,22.1,7.9,6.98,96,1013.6,98,23.5,Port Harcourt
2002-07-09,28.4,23.0,25.1,3.2,10.9,13.24,89,1014.1,98,23.0,Port Harcourt
2002-07-10,28.0,23.3,25.1,2.7,8.0,11.38,89,1013.7,95,23.0,Port Harcourt
2002-07-11,29.1,23.0,25.2,13.9,7.7,16.18,90,1013.2,94,23.4,Port Harcourt
2002-07-12,28.6,23.2,25.0,7.1,11.6,12.92,89,1012.8,93,23.0,Port Harcourt
2002-07-13,29.2,23.0,25.6,3.4,12.1,17.32,87,1012.9,80,23.2,Port Harcourt
2002-07-14,27.6,24.0,25.2,8.1,11.6,11.24,88,1013.0,80,23.0,Port Harcourt
2002-07-15,26.9,23.3,24.6,11.8,9.7,10.12,91,1013.1,93,23.0,Port Harcourt
2002-07-16,28.8,23.1,24.6,14.5,13.5,12.89,91,1013.2,99,23.0,Port Harcourt
2002-07-17,26.1,22.8,23.8,23.9,13.8,7.71,95,1013.7,97,23.0,Port Harcourt
2002-07-18,24.6,22.5,23.3,39.8,10.0,4.53,97,1013.1,95,22.8,Port Harcourt
2002-07-19,27.0,22.1,24.0,9.8,9.4,11.25,92,1012.9,93,22.6,Port Harcourt
2002-07-20,27.2,22.8,24.1,38.4,15.6,8.59,93,1012.4,96,22.7,Port Harcourt
2002-07-21,24.0,22.6,23.3,95.6,10.1,2.92,97,1012.7,98,22.7,Port Harcourt
2002-07-22,24.7,22.3,23.4,18.8,11.2,6.25,97,1013.3,100,22.8,Port Harcourt
2002-07-23,27.6,22.5,24.4,10.6,9.7,12.71,91,1014.1,95,22.8,Port Harcourt
2002-07-24,28.2,23.0,24.5,11.6,12.2,11.83,91,1014.6,98,23.0,Port Harcourt
2002-07-25,26.0,22.6,24.0,14.7,9.3,7.45,95,1014.4,100,23.0,Port Harcourt
2002-07-26,25.4,22.9,23.9,8.0,6.9,6.47,94,1014.3,99,22.9,Port Harcourt
2002-07-27,25.0,22.3,23.3,11.7,5.1,4.46,96,1013.9,99,22.6,Port Harcourt
2002-07-28,29.4,21.8,24.8,2.4,9.6,17.7,88,1013.9,93,22.5,Port Harcourt
2002-07-29,28.8,22.5,25.1,3.2,12.5,16.1,88,1014.3,93,22.9,Port Harcourt
2002-07-30,27.0,23.0,24.4,8.0,12.4,10.83,90,1013.5,98,22.7,Port Harcourt
2002-07-31,26.7,22.6,23.8,13.4,13.6,10.68,94,1012.2,98,22.8,Port Harcourt
2002-08-01,26.0,22.5,23.9,10.7,11.1,9.94,92,1012.8,90,22.5,Port Harcourt
2002-08-02,26.6,22.1,23.9,5.7,6.1,8.74,93,1013.7,96,22.5,Port Harcourt
2002-08-03,27.2,22.7,24.5,5.5,9.0,9.94,91,1012.8,92,22.9,Port Harcourt
2002-08-04,29.3,22.7,25.0,7.2,14.8,17.15,87,1011.5,85,22.5,Port Harcourt
2002-08-05,25.9,22.3,23.6,11.4,16.1,8.73,93,1012.2,97,22.4,Port Harcourt
2002-08-06,26.4,22.4,24.2,4.5,9.8,8.64,91,1014.1,100,22.4,Port Harcourt
2002-08-07,28.9,22.4,24.9,0.7,8.4,16.59,88,1014.1,80,22.7,Port Harcourt
2002-08-08,28.4,22.3,25.2,1.0,9.5,15.75,86,1013.2,70,22.6,Port Harcourt
2002-08-09,27.4,23.1,24.9,6.2,10.2,13.81,89,1012.5,85,22.9,Port Harcourt
2002-08-10,27.0,22.5,24.6,8.4,10.2,11.67,88,1012.6,89,22.5,Port Harcourt
2002-08-11,24.3,22.6,23.5,27.6,8.1,4.1,96,1013.8,97,22.7,Port Harcourt
2002-08-12,28.6,21.8,24.6,3.8,13.8,15.26,88,1013.7,74,22.3,Port Harcourt
2002-08-13,27.5,22.5,24.1,10.6,16.4,12.6,91,1014.5,95,22.5,Port Harcourt
2002-08-14,24.7,22.6,23.5,13.9,12.2,5.26,95,1014.9,93,22.7,Port Harcourt
2002-08-15,27.4,22.2,24.8,0.1,12.6,13.8,83,1015.5,79,21.6,Port Harcourt
2002-08-16,28.3,22.8,24.9,4.0,13.0,17.22,84,1014.5,76,22.0,Port Harcourt
2002-08-17,27.7,22.7,24.5,11.3,11.5,15.35,89,1013.1,82,22.6,Port Harcourt
2002-08-18,28.5,22.7,25.0,2.0,12.3,17.99,88,1012.5,73,22.7,Port Harcourt
2002-08-19,28.0,22.7,24.9,5.1,10.7,14.23,88,1012.4,91,22.8,Port Harcourt
2002-08-20,26.7,23.0,24.1,26.2,15.3,8.1,93,1012.6,94,23.0,Port Harcourt
2002-08-21,24.3,22.6,23.3,41.8,14.1,3.68,97,1013.1,100,22.8,Port Harcourt
2002-08-22,25.1,22.6,23.4,16.9,10.4,6.3,95,1013.7,100,22.6,Port Harcourt
2002-08-23,29.5,22.0,24.7,9.1,11.9,18.84,89,1012.7,87,22.7,Port Harcourt
2002-08-24,28.4,22.7,24.7,9.8,13.9,15.38,87,1012.5,91,22.2,Port Harcourt
2002-08-25,29.4,22.8,25.1,4.6,11.6,17.61,87,1012.0,74,22.6,Port Harcourt
2002-08-26,27.5,23.1,24.9,5.2,14.5,16.76,87,1011.7,75,22.5,Port Harcourt
2002-08-27,28.7,22.8,25.2,2.9,8.2,13.43,86,1011.7,96,22.5,Port Harcourt
2002-08-28,29.7,23.6,25.2,21.3,14.1,14.0,88,1010.7,98,23.0,Port Harcourt
2002-08-29,27.2,22.4,24.1,15.7,12.1,9.73,92,1012.0,100,22.8,Port Harcourt
2002-08-30,26.8,22.5,24.3,2.1,8.2,9.76,91,1013.4,98,22.7,Port Harcourt
2002-08-31,29.3,22.4,24.9,5.5,9.3,17.03,89,1012.7,96,22.9,Port Harcourt
2002-09-01,27.7,22.9,24.8,6.6,9.0,13.18,90,1011.4,92,22.9,Port Harcourt
2002-09-02,29.2,22.9,25.3,2.8,14.2,17.81,88,1011.3,79,23.1,Port Harcourt
2002-09-03,29.4,23.1,25.3,8.4,13.0,16.41,87,1011.6,80,22.9,Port Harcourt
2002-09-04,24.1,22.9,23.7,51.9,10.5,2.25,96,1012.0,100,23.0,Port Harcourt
2002-09-05,28.6,22.4,24.4,13.6,10.5,13.18,93,1012.2,100,23.1,Port Harcourt
2002-09-06,26.9,22.4,24.0,10.1,14.3,11.93,93,1012.2,97,22.7,Port Harcourt
2002-09-07,27.1,22.6,24.5,5.5,9.4,12.46,89,1013.2,80,22.6,Port Harcourt
2002-09-08,29.6,22.8,24.9,11.0,11.8,15.96,89,1012.8,90,22.9,Port Harcourt
2002-09-09,27.4,22.8,24.2,11.6,10.4,11.41,91,1013.2,93,22.7,Port Harcourt
2002-09-10,27.6,22.0,24.4,4.6,11.9,15.61,89,1012.9,89,22.3,Port Harcourt
2002-09-11,28.6,22.5,24.5,12.8,11.5,15.61,90,1012.1,88,22.7,Port Harcourt
2002-09-12,26.1,22.5,23.8,9.4,8.6,8.74,93,1012.6,95,22.7,Port Harcourt
2002-09-13,28.1,22.2,24.5,5.1,12.7,15.36,90,1013.4,83,22.6,Port Harcourt
2002-09-14,28.6,23.1,25.0,5.0,9.2,15.05,88,1013.8,87,22.7,Port Harcourt
2002-09-15,29.4,23.1,25.2,4.6,11.0,18.87,88,1013.3,76,23.0,Port Harcourt
2002-09-16,28.7,22.7,24.9,3.3,13.0,14.26,88,1013.4,79,22.7,Port Harcourt
2002-09-17,28.2,22.9,24.5,15.9,11.5,12.11,92,1012.6,97,23.1,Port Harcourt
2002-09-18,26.7,22.5,24.0,15.3,14.1,10.32,93,1011.4,99,22.8,Port Harcourt
2002-09-19,27.6,22.7,24.7,9.2,9.5,15.51,89,1011.7,92,22.7,Port Harcourt
2002-09-20,29.9,22.2,25.1,7.0,11.9,18.98,89,1011.9,94,23.0,Port Harcourt
2002-09-21,29.8,22.8,25.9,1.4,13.3,20.1,85,1011.7,67,23.1,Port Harcourt
2002-09-22,28.4,23.3,25.4,8.9,13.3,17.63,89,1012.0,67,23.3,Port Harcourt
2002-09-23,29.3,23.1,25.1,14.3,12.5,15.48,88,1011.8,83,22.8,Port Harcourt
2002-09-24,26.5,22.4,24.2,9.8,7.7,9.79,95,1012.3,98,23.3,Port Harcourt
2002-09-25,29.7,22.8,25.7,2.0,10.3,20.58,86,1011.7,74,23.0,Port Harcourt
2002-09-26,28.5,23.4,25.4,4.1,13.0,13.4,88,1011.7,80,23.2,Port Harcourt
2002-09-27,28.9,22.8,25.3,6.7,11.8,15.59,87,1011.1,96,23.0,Port Harcourt
2002-09-28,27.9,23.2,25.1,9.1,12.0,15.8,88,1011.5,98,23.0,Port Harcourt
2002-09-29,27.6,23.1,24.4,12.6,10.5,10.21,92,1011.8,98,23.1,Port Harcourt
2002-09-30,27.1,22.9,24.7,8.4,9.5,13.14,91,1011.9,90,23.0,Port Harcourt
2002-10-01,26.0,22.7,23.9,20.5,8.3,8.62,93,1012.4,96,22.8,Port Harcourt
2002-10-02,28.2,21.9,24.1,8.7,12.5,11.64,93,1012.0,99,22.9,Port Harcourt
2002-10-03,27.0,22.7,24.0,9.8,8.0,8.97,95,1012.7,99,23.2,Port Harcourt
2002-10-04,28.2,22.7,24.8,7.3,12.5,14.53,89,1012.4,83,22.8,Port Harcourt
2002-10-05,27.5,22.0,24.4,9.5,10.9,15.57,90,1012.8,78,22.6,Port Harcourt
2002-10-06,27.8,22.2,24.3,5.8,8.3,14.28,90,1012.4,83,22.6,Port Harcourt
2002-10-07,29.4,22.3,25.0,2.4,9.2,18.57,88,1011.9,64,22.8,Port Harcourt
2002-10-08,28.6,22.9,25.2,6.1,9.9,15.61,88,1010.9,54,23.0,Port Harcourt
2002-10-09,28.5,23.5,25.3,8.2,11.8,16.91,88,1010.8,89,23.1,Port Harcourt
2002-10-10,27.4,23.0,24.6,12.9,10.5,10.41,94,1011.8,97,23.6,Port Harcourt
2002-10-11,28.3,22.8,25.0,15.3,8.7,14.77,92,1012.3,93,23.5,Port Harcourt
2002-10-12,27.0,23.3,24.6,24.2,9.0,10.12,94,1011.4,100,23.6,Port Harcourt
2002-10-13,28.5,23.1,25.4,4.0,9.2,13.2,88,1010.8,88,23.2,Port Harcourt
2002-10-14,28.6,23.4,25.5,11.0,10.1,16.42,90,1011.4,67,23.6,Port Harcourt
2002-10-15,27.9,23.3,24.9,9.2,6.9,12.18,92,1011.1,83,23.5,Port Harcourt
2002-10-16,28.3,22.9,25.2,12.1,11.8,15.16,90,1010.8,71,23.4,Port Harcourt
2002-10-17,30.1,23.3,25.7,6.7,12.3,18.4,87,1011.0,66,23.1,Port Harcourt
2002-10-18,28.7,22.4,25.0,9.9,9.9,16.47,90,1010.6,69,23.1,Port Harcourt
2002-10-19,29.0,22.9,25.2,10.4,11.2,16.5,90,1010.3,97,23.3,Port Harcourt
2002-10-20,29.2,23.3,25.4,9.9,10.5,14.45,90,1009.7,86,23.6,Port Harcourt
2002-10-21,28.7,23.0,25.1,11.5,7.0,13.95,92,1010.0,98,23.7,Port Harcourt
2002-10-22,28.2,23.2,25.1,6.5,9.5,12.57,92,1010.7,97,23.8,Port Harcourt
2002-10-23,29.5,22.9,25.5,8.5,9.7,18.87,89,1011.2,97,23.5,Port Harcourt
2002-10-24,29.7,22.7,25.3,10.3,9.5,19.03,90,1010.7,95,23.4,Port Harcourt
2002-10-25,29.7,22.7,25.3,5.2,11.3,18.32,89,1010.3,96,23.2,Port Harcourt
2002-10-26,30.5,22.4,25.4,17.9,5.1,20.44,89,1009.7,90,23.4,Port Harcourt
2002-10-27,27.7,23.1,24.9,9.7,10.6,12.74,94,1009.9,86,23.8,Port Harcourt
2002-10-28,27.1,23.3,24.8,14.5,10.2,13.3,95,1009.8,93,23.9,Port Harcourt
2002-10-29,26.9,22.6,24.5,10.4,4.5,8.77,94,1010.1,90,23.5,Port Harcourt
2002-10-30,29.6,23.1,25.5,5.3,11.6,18.63,88,1010.4,67,23.2,Port Harcourt
2002-10-31,27.7,22.4,24.6,11.7,7.2,12.15,94,1011.3,89,23.6,Port Harcourt
2002-11-01,29.0,23.4,25.7,2.2,8.5,14.7,88,1010.4,84,23.4,Port Harcourt
2002-11-02,30.5,23.1,25.9,8.9,8.8,17.87,88,1010.0,64,23.7,Port Harcourt
2002-11-03,26.3,23.3,24.6,18.7,8.5,8.3,95,1010.1,99,23.7,Port Harcourt
2002-11-04,28.0,23.2,24.6,10.4,10.6,9.46,95,1011.1,100,23.8,Port Harcourt
2002-11-05,29.6,22.9,25.6,1.5,7.6,17.81,86,1011.4,64,22.9,Port Harcourt
2002-11-06,29.9,23.1,25.6,8.4,7.6,17.76,89,1011.9,76,23.5,Port Harcourt
2002-11-07,30.1,22.8,25.7,7.4,7.9,18.61,87,1011.4,46,23.3,Port Harcourt
2002-11-08,29.0,23.5,25.2,12.9,11.9,13.68,90,1012.5,93,23.4,Port Harcourt
2002-11-09,28.5,23.2,25.2,2.8,9.1,12.84,90,1012.2,94,23.5,Port Harcourt
2002-11-10,30.7,23.0,25.7,9.3,10.2,19.69,89,1011.1,83,23.5,Port Harcourt
2002-11-11,27.8,23.6,24.9,11.6,9.5,10.77,91,1011.2,88,23.4,Port Harcourt
2002-11-12,29.4,23.4,25.6,3.5,9.3,16.72,89,1011.9,70,23.4,Port Harcourt
2002-11-13,28.8,23.1,25.5,3.9,14.1,17.0,88,1012.3,68,23.4,Port Harcourt
2002-11-14,28.5,23.1,24.9,9.7,10.5,12.15,90,1012.1,95,23.2,Port Harcourt
2002-11-15,30.7,22.2,25.9,0.0,10.0,17.07,85,1010.6,72,22.9,Port Harcourt
2002-11-16,28.2,24.1,25.7,7.6,10.8,13.8,89,1011.0,62,23.7,Port Harcourt
2002-11-17,29.5,23.1,25.7,4.0,10.4,16.51,88,1011.4,86,23.5,Port Harcourt
2002-11-18,29.9,23.1,26.0,0.5,9.6,19.19,88,1010.5,67,23.7,Port Harcourt
2002-11-19,28.6,23.2,25.6,8.3,10.1,17.61,88,1010.5,40,23.5,Port Harcourt
2002-11-20,29.9,22.4,25.7,1.8,7.6,16.68,88,1010.7,48,23.3,Port Harcourt
2002-11-21,30.1,23.2,25.9,5.2,10.5,18.0,87,1010.3,45,23.5,Port Harcourt
2002-11-22,29.2,23.7,25.5,13.9,13.0,15.21,90,1011.1,62,23.6,Port Harcourt
2002-11-23,30.1,23.0,26.0,0.7,7.7,17.81,86,1011.0,43,23.3,Port Harcourt
2002-11-24,31.0,23.8,26.3,3.6,10.6,18.3,85,1011.4,35,23.4,Port Harcourt
2002-11-25,29.4,23.0,25.8,0.7,10.2,14.71,87,1011.6,73,23.4,Port Harcourt
2002-11-26,29.9,23.2,26.3,1.1,9.1,17.64,86,1011.1,43,23.5,Port Harcourt
2002-11-27,31.1,22.8,26.3,0.9,7.9,18.31,86,1010.4,38,23.5,Port Harcourt
2002-11-28,30.7,24.1,26.4,4.1,10.9,17.29,87,1010.5,51,24.0,Port Harcourt
2002-11-29,30.1,23.7,26.3,1.6,8.3,15.31,87,1010.4,43,23.8,Port Harcourt
2002-11-30,30.2,23.6,26.4,3.1,9.7,16.01,86,1010.6,44,23.8,Port Harcourt
2002-12-01,29.9,23.7,26.1,4.7,10.2,16.42,88,1010.3,81,23.8,Port Harcourt
2002-12-02,29.2,23.6,25.5,5.1,10.3,14.26,91,1009.8,93,23.9,Port Harcourt
2002-12-03,30.4,23.5,26.3,2.0,7.5,16.02,86,1010.2,68,23.6,Port Harcourt
2002-12-04,30.3,23.7,26.1,2.1,12.2,16.19,86,1010.2,70,23.5,Port Harcourt
2002-12-05,29.6,23.3,25.8,4.3,11.5,16.19,89,1009.1,57,23.9,Port Harcourt
2002-12-06,29.6,23.5,25.6,9.1,10.7,14.42,89,1008.2,59,23.6,Port Harcourt
2002-12-07,29.9,23.3,25.7,2.2,9.8,15.36,89,1008.2,77,23.8,Port Harcourt
2002-12-08,29.8,23.7,25.7,7.8,11.7,14.64,89,1009.5,71,23.7,Port Harcourt
2002-12-09,29.4,23.7,25.8,5.6,11.0,12.94,88,1011.1,67,23.6,Port Harcourt
2002-12-10,30.0,23.2,26.2,2.3,11.0,17.57,88,1011.8,47,23.9,Port Harcourt
2002-12-11,30.3,23.5,26.1,3.3,9.5,17.08,88,1011.9,62,23.9,Port Harcourt
2002-12-12,29.1,24.0,25.9,7.6,11.1,15.04,89,1012.4,77,23.9,Port Harcourt
2002-12-13,28.5,23.6,25.7,2.4,8.4,13.06,90,1013.8,80,23.9,Port Harcourt
2002-12-14,30.4,23.9,26.7,1.1,8.0,18.18,86,1013.0,48,23.9,Port Harcourt
2002-12-15,31.5,23.5,26.9,1.1,10.9,18.94,84,1011.3,21,23.6,Port Harcourt
2002-12-16,31.5,24.1,27.1,0.6,11.6,18.14,82,1010.4,24,23.5,Port Harcourt
2002-12-17,30.4,24.3,26.7,1.1,8.4,17.1,87,1011.1,32,24.2,Port Harcourt
2002-12-18,31.5,24.3,27.3,0.0,10.0,17.73,81,1011.0,87,23.4,Port Harcourt
2002-12-19,32.8,23.4,27.6,0.0,12.4,20.83,79,1010.1,84,23.1,Port Harcourt
2002-12-20,32.2,24.1,27.7,0.0,11.2,19.61,77,1010.6,66,22.8,Port Harcourt
2002-12-21,32.1,23.5,27.5,0.0,9.4,19.18,77,1010.3,59,22.6,Port Harcourt
2002-12-22,31.4,23.0,27.1,0.5,9.9,19.18,78,1010.8,52,22.7,Port Harcourt
2002-12-23,30.8,23.3,26.5,1.8,9.7,17.6,83,1012.0,58,23.1,Port Harcourt
2002-12-24,31.7,23.5,26.9,0.0,9.1,19.95,76,1012.2,63,21.6,Port Harcourt
2002-12-25,32.7,23.2,27.1,0.0,9.6,21.66,74,1012.2,53,20.7,Port Harcourt
2002-12-26,32.7,21.5,26.6,0.0,10.8,22.51,71,1011.5,32,19.6,Port Harcourt
2002-12-27,32.0,21.8,26.7,0.0,11.3,21.72,76,1011.6,66,21.5,Port Harcourt
2002-12-28,30.5,22.4,26.6,0.8,11.3,17.16,80,1012.1,38,22.5,Port Harcourt
2002-12-29,33.3,23.3,27.3,0.0,10.6,21.63,76,1012.0,17,21.7,Port Harcourt
2002-12-30,32.8,23.3,27.2,0.0,12.0,21.23,77,1011.8,21,21.9,Port Harcourt
2002-12-31,33.3,23.5,27.4,0.0,11.5,21.72,76,1011.3,33,21.8,Port Harcourt
2003-01-01,32.2,23.5,27.3,0.0,10.1,19.13,79,1011.3,50,22.8,Port Harcourt
2003-01-02,33.3,23.2,27.7,0.0,12.0,20.98,75,1011.7,12,22.1,Port Harcourt
2003-01-03,33.4,24.4,28.1,0.0,12.1,20.69,76,1011.9,21,22.6,Port Harcourt
2003-01-04,33.9,23.0,27.9,0.0,12.1,21.81,73,1010.8,11,21.5,Port Harcourt
2003-01-05,32.6,23.1,27.4,0.0,12.1,20.13,75,1009.9,23,22.0,Port Harcourt
2003-01-06,33.6,22.8,28.0,0.0,12.4,21.05,73,1010.7,39,22.1,Port Harcourt
2003-01-07,33.6,24.5,28.3,0.0,14.6,20.11,76,1011.2,40,23.3,Port Harcourt
2003-01-08,32.3,24.5,28.0,2.0,12.4,18.35,79,1011.4,28,23.7,Port Harcourt
2003-01-09,31.6,24.6,27.1,2.4,13.5,15.35,83,1011.4,42,23.9,Port Harcourt
2003-01-10,31.4,24.3,27.1,3.1,14.4,16.67,84,1010.7,43,23.8,Port Harcourt
2003-01-11,31.5,23.6,27.3,0.6,13.4,16.52,82,1010.2,46,23.6,Port Harcourt
2003-01-12,30.6,24.5,27.0,6.2,9.8,15.24,86,1010.4,97,24.4,Port Harcourt
2003-01-13,32.1,24.6,27.2,3.0,14.0,17.6,84,1010.9,45,23.9,Port Harcourt
2003-01-14,30.3,24.4,26.8,1.4,14.6,14.95,84,1010.8,60,23.7,Port Harcourt
2003-01-15,29.4,24.4,26.3,7.3,11.3,14.37,87,1011.3,67,23.8,Port Harcourt
2003-01-16,30.3,23.5,26.1,3.6,11.2,14.85,87,1011.2,64,23.6,Port Harcourt
2003-01-17,31.4,23.9,26.8,0.9,11.5,17.71,82,1010.7,36,23.2,Port Harcourt
2003-01-18,31.0,24.2,26.5,4.8,11.3,16.15,87,1011.6,72,24.0,Port Harcourt
2003-01-19,31.6,24.1,26.8,6.7,11.3,18.44,85,1011.1,36,23.9,Port Harcourt
2003-01-20,30.3,24.3,26.8,1.4,11.8,16.89,85,1010.7,69,23.9,Port Harcourt
2003-01-21,29.6,23.9,26.1,2.9,12.9,14.5,86,1010.1,88,23.4,Port Harcourt
2003-01-22,29.7,23.6,25.8,10.2,12.3,16.92,87,1010.5,51,23.3,Port Harcourt
2003-01-23,30.7,22.5,26.0,2.8,10.4,18.64,87,1010.9,58,23.6,Port Harcourt
2003-01-24,31.2,23.5,26.6,2.0,9.8,19.47,85,1010.1,76,23.6,Port Harcourt
2003-01-25,29.2,23.8,26.2,6.9,12.9,17.67,87,1010.3,82,23.7,Port Harcourt
2003-01-26,29.4,22.8,25.7,11.3,11.3,17.2,87,1011.2,54,23.3,Port Harcourt
2003-01-27,28.8,23.2,25.6,8.8,13.2,15.48,88,1011.4,90,23.5,Port Harcourt
2003-01-28,30.4,23.0,26.1,2.8,10.3,16.15,88,1011.0,90,23.9,Port Harcourt
2003-01-29,28.3,23.9,25.8,12.9,8.7,13.51,89,1011.0,86,23.8,Port Harcourt
2003-01-30,31.8,23.3,26.6,1.0,12.4,18.48,84,1010.9,93,23.3,Port Harcourt
2003-01-31,32.5,23.1,27.5,0.0,11.8,21.03,81,1009.2,46,23.7,Port Harcourt
2003-02-01,31.7,24.3,27.5,0.9,12.3,17.44,82,1009.3,86,23.8,Port Harcourt
2003-02-02,32.7,24.2,28.0,0.0,14.1,19.43,79,1009.9,96,23.6,Port Harcourt
2003-02-03,33.3,24.6,28.4,0.0,14.5,19.6,78,1009.7,45,23.8,Port Harcourt
2003-02-04,30.8,24.9,27.5,1.1,12.7,18.58,86,1010.3,42,24.8,Port Harcourt
2003-02-05,31.7,24.3,27.5,0.7,8.6,19.29,86,1009.6,35,24.9,Port Harcourt
2003-02-06,33.2,24.5,28.3,0.0,12.4,20.59,80,1008.5,24,24.1,Port Harcourt
2003-02-07,33.9,24.8,28.6,0.0,15.2,21.06,77,1007.6,38,23.8,Port Harcourt
2003-02-08,32.9,25.4,28.4,1.3,16.3,18.93,79,1007.0,57,24.1,Port Harcourt
2003-02-09,31.1,25.2,27.7,1.6,13.5,18.34,82,1007.6,69,24.3,Port Harcourt
2003-02-10,30.9,25.0,27.3,2.3,13.9,18.22,84,1008.5,54,24.2,Port Harcourt
2003-02-11,31.1,24.6,27.2,4.0,12.4,17.58,83,1009.4,57,23.8,Port Harcourt
2003-02-12,31.9,24.4,27.4,2.8,11.8,19.77,82,1010.2,64,23.9,Port Harcourt
2003-02-13,31.1,24.4,27.2,1.2,10.2,18.46,85,1009.8,68,24.3,Port Harcourt
2003-02-14,30.4,24.5,26.8,5.7,13.2,16.03,87,1009.3,70,24.3,Port Harcourt
2003-02-15,29.9,24.3,26.7,8.2,11.7,18.7,87,1008.9,73,24.3,Port Harcourt
2003-02-16,31.2,24.2,27.0,2.1,13.0,18.2,86,1008.8,95,24.3,Port Harcourt
2003-02-17,29.7,24.9,26.8,5.5,9.9,14.3,87,1009.7,98,24.4,Port Harcourt
2003-02-18,32.1,24.2,27.0,2.6,9.7,17.79,87,1009.7,96,24.4,Port Harcourt
2003-02-19,28.3,24.7,26.2,11.4,9.4,7.67,91,1009.0,100,24.5,Port Harcourt
2003-02-20,30.8,25.1,27.0,2.8,14.1,13.74,87,1008.7,90,24.5,Port Harcourt
2003-02-21,31.7,24.0,27.1,2.9,9.7,19.46,86,1009.2,85,24.4,Port Harcourt
2003-02-22,30.9,24.9,27.4,1.9,10.7,18.57,87,1010.3,91,24.8,Port Harcourt
2003-02-23,30.6,24.6,27.1,3.7,9.7,15.35,87,1010.8,98,24.6,Port Harcourt
2003-02-24,29.9,24.5,26.2,12.5,10.4,14.04,89,1010.2,100,24.3,Port Harcourt
2003-02-25,31.1,24.2,26.7,6.7,9.0,17.95,87,1010.5,98,24.1,Port Harcourt
2003-02-26,31.2,23.7,27.1,2.4,11.6,17.58,85,1010.4,100,24.2,Port Harcourt
2003-02-27,29.8,24.8,26.6,8.2,11.6,14.43,88,1010.7,99,24.4,Port Harcourt
2003-02-28,30.7,24.2,27.0,3.3,8.6,17.5,85,1010.4,83,24.2,Port Harcourt
2003-03-01,30.1,24.8,26.7,8.8,12.9,14.81,87,1009.6,87,24.2,Port Harcourt
2003-03-02,31.3,23.8,26.9,3.5,9.7,17.94,86,1009.2,71,24.1,Port Harcourt
2003-03-03,32.2,23.8,27.2,5.1,15.5,19.3,84,1008.7,47,24.0,Port Harcourt
2003-03-04,32.3,24.6,27.8,1.7,12.5,20.13,81,1008.7,44,24.0,Port Harcourt
2003-03-05,31.8,24.9,27.6,2.6,13.2,19.8,83,1007.3,49,24.1,Port Harcourt
2003-03-06,31.6,25.0,27.6,2.9,10.9,20.73,83,1007.2,88,24.2,Port Harcourt
2003-03-07,30.7,25.1,27.1,8.2,12.3,16.86,87,1008.6,80,24.6,Port Harcourt
2003-03-08,30.4,24.6,26.8,6.2,11.9,17.81,88,1009.4,49,24.5,Port Harcourt
2003-03-09,28.6,24.2,26.1,4.4,9.5,11.35,89,1009.5,92,24.1,Port Harcourt
2003-03-10,31.0,23.9,27.0,2.1,11.9,19.18,84,1009.1,41,23.8,Port Harcourt
2003-03-11,31.9,24.4,27.0,7.4,13.2,20.57,85,1009.8,58,24.1,Port Harcourt
2003-03-12,30.2,24.1,26.6,11.7,9.6,18.71,88,1009.8,57,24.4,Port Harcourt
2003-03-13,32.5,23.8,27.5,0.8,11.1,20.71,83,1009.0,35,24.0,Port Harcourt
2003-03-14,31.5,24.9,27.8,1.9,12.7,19.74,82,1008.9,52,24.3,Port Harcourt
2003-03-15,31.7,25.2,27.9,1.4,11.2,19.8,84,1009.2,41,24.7,Port Harcourt
2003-03-16,32.1,24.8,27.7,1.3,10.7,20.08,83,1008.4,44,24.3,Port Harcourt
2003-03-17,32.2,24.6,27.8,2.0,12.4,21.45,84,1007.9,69,24.6,Port Harcourt
2003-03-18,31.6,24.9,27.6,1.0,11.9,17.61,85,1008.4,91,24.8,Port Harcourt
2003-03-19,30.3,25.5,27.4,4.1,13.1,16.04,87,1008.8,100,25.0,Port Harcourt
2003-03-20,29.5,24.5,26.2,11.2,13.2,12.36,88,1009.1,100,24.1,Port Harcourt
2003-03-21,31.4,24.5,27.6,0.0,12.1,20.24,81,1008.3,74,23.7,Port Harcourt
2003-03-22,29.4,24.2,26.2,14.2,10.6,11.59,89,1009.6,78,24.1,Port Harcourt
2003-03-23,30.6,23.6,26.7,3.6,10.8,16.6,86,1009.9,66,24.0,Port Harcourt
2003-03-24,29.7,24.2,26.5,7.0,10.3,13.46,88,1009.7,84,24.2,Port Harcourt
2003-03-25,30.7,25.4,27.0,9.1,11.8,15.73,88,1008.9,82,24.8,Port Harcourt
2003-03-26,31.2,25.2,27.1,7.8,11.7,17.59,88,1008.9,92,24.7,Port Harcourt
2003-03-27,27.9,24.7,26.3,10.1,11.8,10.94,91,1010.9,94,24.6,Port Harcourt
2003-03-28,31.0,24.0,26.9,2.8,11.3,16.78,86,1010.7,86,24.3,Port Harcourt
2003-03-29,31.8,24.8,27.9,0.5,12.2,20.5,81,1009.5,66,24.1,Port Harcourt
2003-03-30,32.0,25.4,28.0,2.6,11.6,22.34,84,1008.8,72,24.8,Port Harcourt
2003-03-31,32.3,24.6,27.7,2.3,11.5,22.42,84,1008.1,57,24.6,Port Harcourt
2003-04-01,30.0,25.6,27.2,6.4,12.2,17.19,87,1008.1,54,24.9,Port Harcourt
2003-04-02,30.1,25.0,26.6,7.7,10.3,15.54,89,1008.7,76,24.6,Port Harcourt
2003-04-03,29.5,24.1,26.0,12.7,11.8,14.05,90,1008.7,78,24.2,Port Harcourt
2003-04-04,30.9,23.9,27.0,2.0,10.3,19.52,84,1009.8,53,24.0,Port Harcourt
2003-04-05,32.6,24.0,27.9,0.1,10.0,23.3,80,1008.9,42,23.8,Port Harcourt
2003-04-06,31.9,25.1,27.6,5.0,12.3,20.86,85,1008.0,44,24.7,Port Harcourt
2003-04-07,30.6,24.4,26.7,8.4,10.9,17.23,86,1007.7,93,24.1,Port Harcourt
2003-04-08,30.5,24.8,26.3,12.3,10.8,13.4,89,1008.6,98,24.3,Port Harcourt
2003-04-09,30.6,24.8,26.7,12.4,14.0,17.42,87,1008.9,54,24.2,Port Harcourt
2003-04-10,31.7,24.4,27.4,2.6,11.1,21.48,84,1008.8,95,24.2,Port Harcourt
2003-04-11,31.3,25.2,27.8,3.2,14.1,20.17,83,1009.4,75,24.5,Port Harcourt
2003-04-12,30.7,24.9,26.7,18.0,10.9,14.9,89,1010.4,97,24.6,Port Harcourt
2003-04-13,31.4,24.8,27.0,11.9,12.1,17.1,88,1009.9,92,24.7,Port Harcourt
2003-04-14,28.3,24.7,25.8,16.3,12.1,9.61,91,1009.6,100,24.3,Port Harcourt
2003-04-15,29.0,24.3,26.3,3.9,12.1,12.43,88,1009.4,87,24.1,Port Harcourt
2003-04-16,31.8,23.3,26.9,5.3,9.6,22.94,87,1009.3,65,24.3,Port Harcourt
2003-04-17,30.0,24.6,26.3,11.6,7.2,15.02,89,1010.8,80,24.4,Port Harcourt
2003-04-18,28.5,24.2,25.5,17.1,8.7,11.51,93,1010.5,99,24.2,Port Harcourt
2003-04-19,26.8,23.5,25.0,26.4,10.3,8.54,94,1011.1,98,23.9,Port Harcourt
2003-04-20,30.3,23.4,26.0,8.9,9.9,19.59,90,1011.3,71,24.2,Port Harcourt
2003-04-21,28.6,24.0,25.9,3.8,10.2,12.12,90,1011.2,99,24.2,Port Harcourt
2003-04-22,30.5,23.8,26.8,3.9,9.7,18.07,85,1009.6,70,23.9,Port Harcourt
2003-04-23,30.9,24.2,27.2,1.7,11.8,18.35,85,1008.5,61,24.2,Port Harcourt
2003-04-24,30.4,24.7,26.7,6.9,9.0,17.58,89,1008.7,84,24.8,Port Harcourt
2003-04-25,30.9,24.0,27.1,4.9,13.9,20.69,88,1009.0,93,24.8,Port Harcourt
2003-04-26,28.5,24.3,26.3,16.8,11.9,11.34,90,1010.3,99,24.6,Port Harcourt
2003-04-27,31.2,24.3,26.9,1.8,9.2,19.48,85,1010.0,88,24.1,Port Harcourt
2003-04-28,30.6,24.7,27.0,1.3,12.0,19.29,87,1009.2,74,24.6,Port Harcourt
2003-04-29,30.9,24.4,26.5,10.2,10.8,15.97,88,1010.4,60,24.3,Port Harcourt
2003-04-30,31.2,24.4,26.6,4.6,11.0,17.66,87,1011.4,99,24.1,Port Harcourt
2003-05-01,28.5,24.0,25.8,5.4,10.0,8.94,90,1011.7,99,24.1,Port Harcourt
2003-05-02,29.6,24.4,26.4,0.9,8.4,12.15,88,1010.6,86,24.2,Port Harcourt
2003-05-03,29.9,24.3,26.5,6.9,9.7,17.0,88,1010.8,82,24.3,Port Harcourt
2003-05-04,27.7,23.8,25.7,14.8,8.1,11.96,92,1010.6,98,24.3,Port Harcourt
2003-05-05,31.1,23.9,26.3,10.6,9.6,18.87,89,1010.3,79,24.2,Port Harcourt
2003-05-06,29.1,24.3,26.0,10.1,11.7,14.27,90,1010.5,95,24.1,Port Harcourt
2003-05-07,30.9,23.9,26.5,5.8,8.8,18.13,88,1010.5,90,24.2,Port Harcourt
2003-05-08,30.8,24.1,26.7,7.0,8.4,18.94,89,1010.2,91,24.6,Port Harcourt
2003-05-09,30.1,24.9,26.8,4.0,10.3,15.09,87,1010.0,90,24.4,Port Harcourt
2003-05-10,31.3,24.3,27.0,3.6,10.9,19.3,87,1009.6,66,24.5,Port Harcourt
2003-05-11,29.9,25.1,26.5,9.6,8.9,15.25,89,1010.6,92,24.5,Port Harcourt
2003-05-12,28.9,24.7,25.9,13.6,11.3,13.15,90,1011.1,95,24.2,Port Harcourt
2003-05-13,28.5,23.7,25.4,8.4,9.9,11.7,91,1012.3,97,23.8,Port Harcourt
2003-05-14,30.5,23.4,26.3,4.6,7.2,17.78,87,1012.2,95,23.9,Port Harcourt
2003-05-15,30.0,23.9,26.7,4.3,13.3,19.12,87,1011.2,57,24.3,Port Harcourt
2003-05-16,30.8,24.5,26.7,9.2,11.5,18.22,88,1010.4,58,24.3,Port Harcourt
2003-05-17,30.9,24.3,26.7,3.7,9.3,19.6,88,1009.8,64,24.5,Port Harcourt
2003-05-18,30.5,24.3,26.6,9.1,10.3,17.92,89,1009.3,89,24.6,Port Harcourt
2003-05-19,29.2,24.6,26.0,12.9,11.5,9.87,90,1009.5,100,24.2,Port Harcourt
2003-05-20,28.9,24.6,26.2,4.3,11.4,12.82,88,1010.0,100,24.0,Port Harcourt
2003-05-21,29.3,24.1,26.6,5.4,10.3,16.2,87,1010.9,99,24.2,Port Harcourt
2003-05-22,30.1,23.9,26.7,6.2,11.1,17.52,88,1010.9,85,24.4,Port Harcourt
2003-05-23,29.8,24.6,26.3,12.6,12.0,13.33,90,1010.6,98,24.4,Port Harcourt
2003-05-24,29.0,23.6,25.8,13.9,12.2,12.74,91,1009.9,89,24.0,Port Harcourt
2003-05-25,29.6,24.2,26.3,9.3,13.1,16.89,88,1010.7,97,24.0,Port Harcourt
2003-05-26,29.0,24.4,26.0,3.9,8.5,13.54,92,1011.0,98,24.6,Port Harcourt
2003-05-27,30.5,23.7,26.5,6.9,11.0,18.74,89,1010.2,81,24.4,Port Harcourt
2003-05-28,28.0,24.7,25.8,13.3,11.9,11.61,91,1010.4,95,24.1,Port Harcourt
2003-05-29,27.9,23.7,24.8,40.5,6.7,9.83,94,1011.5,98,23.7,Port Harcourt
2003-05-30,26.4,23.4,24.4,47.5,10.0,5.02,96,1012.0,99,23.6,Port Harcourt
2003-05-31,28.8,23.4,25.5,6.5,8.9,15.3,92,1012.0,94,24.1,Port Harcourt
2003-06-01,29.1,23.4,25.3,11.7,10.0,14.46,91,1012.3,87,23.8,Port Harcourt
2003-06-02,28.4,23.4,24.8,7.3,6.6,10.46,92,1012.0,95,23.4,Port Harcourt
2003-06-03,27.4,22.8,24.6,11.2,7.4,9.96,93,1011.7,98,23.3,Port Harcourt
2003-06-04,29.6,23.1,25.6,9.7,8.3,16.3,90,1010.8,98,23.8,Port Harcourt
2003-06-05,28.5,23.5,25.4,9.6,11.8,13.89,90,1010.9,95,23.6,Port Harcourt
2003-06-06,28.0,23.1,25.2,16.7,10.3,16.02,92,1011.3,84,23.7,Port Harcourt
2003-06-07,28.6,22.8,25.6,2.3,8.9,15.84,87,1011.0,87,23.3,Port Harcourt
2003-06-08,28.1,24.3,25.6,5.3,10.9,12.08,88,1011.1,98,23.4,Port Harcourt
2003-06-09,27.8,24.0,25.3,8.8,13.3,9.67,89,1011.6,92,23.4,Port Harcourt
2003-06-10,27.3,23.7,25.1,9.5,13.0,10.98,92,1011.9,99,23.6,Port Harcourt
2003-06-11,27.7,23.2,25.2,6.7,9.9,14.16,89,1011.6,91,23.3,Port Harcourt
2003-06-12,27.8,23.4,25.0,9.7,9.4,13.09,89,1012.0,92,22.9,Port Harcourt
2003-06-13,29.2,23.1,25.8,1.2,9.8,14.93,84,1012.0,90,22.7,Port Harcourt
2003-06-14,29.7,24.7,26.2,5.7,9.4,16.07,82,1012.2,89,22.9,Port Harcourt
2003-06-15,29.1,23.6,25.9,4.1,8.6,15.92,86,1011.7,93,23.4,Port Harcourt
2003-06-16,27.2,23.3,25.0,9.8,8.7,10.99,91,1010.9,74,23.4,Port Harcourt
2003-06-17,27.7,23.3,24.7,26.1,9.7,9.12,93,1011.0,97,23.5,Port Harcourt
2003-06-18,28.1,23.3,25.1,9.5,9.4,14.08,92,1011.5,97,23.7,Port Harcourt
2003-06-19,28.4,23.3,25.4,7.1,8.4,15.12,91,1012.0,92,23.7,Port Harcourt
2003-06-20,28.9,22.8,25.3,7.1,12.7,16.73,91,1011.3,82,23.6,Port Harcourt
2003-06-21,26.9,23.0,24.7,10.1,10.0,10.36,92,1011.6,98,23.2,Port Harcourt
2003-06-22,25.9,22.6,23.6,15.8,10.5,6.05,97,1011.8,100,23.0,Port Harcourt
2003-06-23,26.3,22.7,23.9,18.5,10.2,7.88,93,1012.9,97,22.8,Port Harcourt
2003-06-24,27.2,22.0,24.0,21.4,10.0,11.66,94,1013.6,95,22.8,Port Harcourt
2003-06-25,27.3,22.1,23.8,16.9,13.2,10.95,93,1013.1,88,22.6,Port Harcourt
2003-06-26,28.7,22.1,24.9,2.7,8.2,14.93,85,1012.9,82,22.0,Port Harcourt
2003-06-27,28.3,23.6,25.1,6.8,9.1,14.56,85,1012.7,82,22.4,Port Harcourt
2003-06-28,27.7,22.5,24.5,11.9,10.9,12.93,89,1013.0,80,22.5,Port Harcourt
2003-06-29,26.5,22.5,24.5,8.6,11.8,14.13,90,1013.0,84,22.7,Port Harcourt
2003-06-30,29.5,22.7,24.7,14.5,11.3,15.18,91,1013.2,91,23.0,Port Harcourt
2003-07-01,26.2,22.6,24.2,11.1,13.0,10.34,92,1012.5,90,22.8,Port Harcourt
2003-07-02,28.2,22.6,24.2,14.7,14.7,13.75,91,1013.1,91,22.6,Port Harcourt
2003-07-03,25.7,21.8,23.5,8.4,13.5,6.48,94,1014.3,69,22.4,Port Harcourt
2003-07-04,29.1,21.3,24.8,0.0,10.1,17.47,84,1013.1,78,21.8,Port Harcourt
2003-07-05,29.5,23.2,25.9,1.1,9.7,20.53,82,1011.8,73,22.5,Port Harcourt
2003-07-06,28.1,23.1,25.4,3.5,10.8,17.25,84,1011.7,80,22.5,Port Harcourt
2003-07-07,27.5,22.7,24.6,5.2,10.2,13.33,90,1012.8,84,22.7,Port Harcourt
2003-07-08,26.9,22.8,24.2,18.5,13.5,12.54,91,1012.4,74,22.5,Port Harcourt
2003-07-09,27.6,22.0,24.1,17.3,8.9,12.04,91,1012.3,92,22.5,Port Harcourt
2003-07-10,29.2,22.3,24.3,16.1,12.8,13.5,91,1012.2,87,22.8,Port Harcourt
2003-07-11,29.3,22.2,25.0,4.7,14.3,19.01,88,1012.8,72,22.8,Port Harcourt
2003-07-12,28.3,22.5,24.7,9.5,10.4,14.91,89,1013.2,95,22.8,Port Harcourt
2003-07-13,27.7,22.3,24.6,11.8,8.4,13.37,90,1012.9,93,22.8,Port Harcourt
2003-07-14,29.1,22.4,25.0,5.1,9.0,16.89,89,1012.4,85,22.9,Port Harcourt
2003-07-15,28.2,22.9,25.1,2.9,8.6,13.83,88,1012.6,85,22.9,Port Harcourt
2003-07-16,27.6,22.4,24.4,12.0,12.3,10.76,91,1012.8,87,22.8,Port Harcourt
2003-07-17,27.5,23.0,24.1,20.5,11.6,10.04,93,1014.2,98,23.0,Port Harcourt
2003-07-18,27.0,22.2,24.3,9.3,11.9,12.05,90,1015.0,89,22.5,Port Harcourt
2003-07-19,27.4,22.0,24.0,19.8,12.5,12.92,91,1015.1,93,22.5,Port Harcourt
2003-07-20,25.9,22.3,23.4,15.7,10.3,7.66,95,1014.6,100,22.5,Port Harcourt
2003-07-21,26.7,22.3,23.9,8.9,9.1,8.9,92,1014.9,97,22.5,Port Harcourt
2003-07-22,29.6,22.6,25.2,2.1,10.8,18.92,86,1014.7,86,22.6,Port Harcourt
2003-07-23,28.8,23.0,24.8,7.6,12.5,14.15,87,1014.2,82,22.5,Port Harcourt
2003-07-24,27.2,22.1,24.3,6.6,9.7,11.58,91,1013.8,88,22.6,Port Harcourt
2003-07-25,28.3,22.1,25.0,0.6,10.6,13.08,87,1014.0,75,22.5,Port Harcourt
2003-07-26,29.4,22.6,25.3,7.6,13.0,17.59,86,1013.5,60,22.8,Port Harcourt
2003-07-27,28.3,23.1,25.1,4.8,8.2,14.38,90,1013.5,80,23.2,Port Harcourt
2003-07-28,28.4,22.9,24.7,8.1,9.4,11.2,90,1013.3,95,22.9,Port Harcourt
2003-07-29,27.2,22.6,24.6,6.3,12.2,10.73,91,1013.3,93,23.0,Port Harcourt
2003-07-30,27.9,22.9,24.5,15.6,15.6,12.27,91,1013.0,87,22.9,Port Harcourt
2003-07-31,25.7,23.0,23.9,14.4,11.8,5.26,94,1013.4,100,22.8,Port Harcourt
2003-08-01,27.1,22.9,24.5,4.5,11.5,10.08,91,1013.7,94,22.8,Port Harcourt
2003-08-02,29.2,22.7,25.1,7.0,13.1,18.67,86,1013.4,91,22.6,Port Harcourt
2003-08-03,28.8,23.0,25.1,2.8,12.5,17.9,87,1012.7,69,22.7,Port Harcourt
2003-08-04,28.9,23.2,25.3,3.2,11.6,14.0,85,1011.7,94,22.5,Port Harcourt
2003-08-05,27.2,23.1,24.4,14.1,17.6,10.47,90,1011.7,94,22.6,Port Harcourt
2003-08-06,28.4,22.6,25.0,1.9,12.7,17.6,88,1012.8,83,22.8,Port Harcourt
2003-08-07,29.7,22.3,25.3,2.9,9.6,19.98,85,1013.2,60,22.4,Port Harcourt
2003-08-08,28.6,23.0,24.9,7.4,8.6,13.31,88,1013.6,89,22.7,Port Harcourt
2003-08-09,29.1,22.6,24.8,7.1,9.2,15.23,90,1013.2,87,22.9,Port Harcourt
2003-08-10,27.3,23.3,24.4,12.8,13.3,10.08,91,1012.8,96,22.8,Port Harcourt
2003-08-11,27.9,22.4,24.2,7.4,11.2,11.82,91,1012.6,93,22.6,Port Harcourt
2003-08-12,28.9,22.7,24.3,13.9,10.7,13.27,91,1013.0,96,22.8,Port Harcourt
2003-08-13,28.2,22.3,24.5,8.8,12.6,14.03,90,1013.7,93,22.6,Port Harcourt
2003-08-14,27.9,23.1,24.9,4.7,11.8,15.29,88,1013.8,67,22.7,Port Harcourt
2003-08-15,28.7,22.5,24.6,8.5,12.3,13.53,89,1013.6,76,22.7,Port Harcourt
2003-08-16,28.1,22.9,24.6,11.8,10.7,13.41,90,1013.4,97,22.7,Port Harcourt
2003-08-17,28.5,22.6,24.8,8.8,12.6,14.24,88,1013.6,92,22.5,Port Harcourt
2003-08-18,27.5,23.0,24.6,7.0,9.8,12.4,90,1014.1,97,22.8,Port Harcourt
2003-08-19,27.2,23.1,24.0,14.5,17.1,11.11,93,1013.4,97,22.8,Port Harcourt
2003-08-20,27.3,22.9,24.4,4.0,14.2,13.5,89,1013.0,93,22.5,Port Harcourt
2003-08-21,28.1,23.3,25.2,0.4,11.8,15.27,86,1012.5,99,22.5,Port Harcourt
2003-08-22,29.6,21.9,25.5,0.1,13.2,19.03,81,1012.1,94,21.8,Port Harcourt
2003-08-23,28.6,24.2,25.8,1.8,15.3,19.69,80,1013.4,88,22.1,Port Harcourt
2003-08-24,28.4,23.6,25.2,4.9,14.5,17.29,85,1013.5,96,22.5,Port Harcourt
2003-08-25,27.6,23.5,24.8,6.5,12.3,10.82,89,1012.8,98,22.8,Port Harcourt
2003-08-26,29.3,22.9,25.1,3.2,10.1,14.6,87,1012.6,93,22.7,Port Harcourt
2003-08-27,28.2,23.5,25.1,9.1,9.6,14.18,88,1012.6,82,22.9,Port Harcourt
2003-08-28,27.4,23.3,24.7,2.8,9.7,10.63,88,1012.7,86,22.6,Port Harcourt
2003-08-29,28.3,22.9,25.1,0.5,10.2,12.85,86,1013.1,80,22.6,Port Harcourt
2003-08-30,28.4,22.5,25.1,0.7,12.3,13.16,87,1013.1,95,22.6,Port Harcourt
2003-08-31,28.1,22.9,24.7,9.7,10.5,12.62,89,1013.4,96,22.8,Port Harcourt
2003-09-01,27.2,22.9,24.2,14.5,11.1,10.81,92,1013.2,87,22.7,Port Harcourt
2003-09-02,28.9,22.6,24.3,25.2,14.3,13.59,92,1013.7,94,22.9,Port Harcourt
2003-09-03,26.2,22.8,23.7,24.2,7.6,7.87,97,1013.9,98,23.2,Port Harcourt
2003-09-04,26.2,22.5,23.8,6.2,9.6,7.8,93,1013.7,91,22.6,Port Harcourt
2003-09-05,26.4,22.5,23.9,11.8,8.7,8.41,93,1013.8,84,22.6,Port Harcourt
2003-09-06,26.7,22.1,23.8,14.9,11.4,11.1,93,1013.6,95,22.7,Port Harcourt
2003-09-07,26.2,22.3,23.6,16.8,6.4,8.81,96,1013.8,97,22.8,Port Harcourt
2003-09-08,27.1,21.6,24.1,8.3,8.6,12.21,93,1013.6,90,22.7,Port Harcourt
2003-09-09,27.3,22.1,24.5,6.4,10.2,13.11,90,1013.5,82,22.7,Port Harcourt
2003-09-10,29.6,22.8,25.1,8.3,10.6,18.23,88,1013.0,89,22.9,Port Harcourt
2003-09-11,29.7,22.0,25.6,1.4,11.1,19.47,84,1012.2,90,22.6,Port Harcourt
2003-09-12,28.5,23.2,24.8,9.8,10.7,12.75,90,1012.6,88,23.1,Port Harcourt
2003-09-13,28.9,22.4,24.6,12.8,13.5,15.76,91,1013.8,87,22.8,Port Harcourt
2003-09-14,28.1,22.3,24.8,0.9,8.4,11.35,87,1012.8,96,22.4,Port Harcourt
2003-09-15,28.5,22.1,24.6,9.6,9.9,15.63,90,1012.7,86,22.7,Port Harcourt
2003-09-16,29.6,22.2,24.9,7.4,11.1,16.88,89,1012.7,90,22.8,Port Harcourt
2003-09-17,28.8,22.6,25.1,8.6,12.6,17.99,88,1011.9,86,22.9,Port Harcourt
2003-09-18,28.9,22.6,24.7,11.4,12.9,14.49,90,1011.4,95,22.9,Port Harcourt
2003-09-19,26.4,22.8,24.2,13.1,13.1,10.92,92,1011.6,94,22.9,Port Harcourt
2003-09-20,28.5,22.3,25.0,12.9,7.0,18.35,90,1013.0,90,23.0,Port Harcourt
2003-09-21,29.1,22.8,24.9,11.0,7.9,14.13,91,1012.9,96,23.3,Port Harcourt
2003-09-22,29.7,22.5,25.2,7.2,11.0,19.13,89,1011.7,81,23.1,Port Harcourt
2003-09-23,29.9,23.3,25.6,8.6,10.4,18.47,88,1010.6,83,23.4,Port Harcourt
2003-09-24,27.3,23.2,24.6,21.1,6.4,10.36,94,1011.1,100,23.5,Port Harcourt
2003-09-25,29.6,23.0,25.3,10.9,9.4,16.17,91,1010.6,98,23.7,Port Harcourt
2003-09-26,25.6,23.4,24.1,22.2,6.5,5.43,96,1011.3,100,23.5,Port Harcourt
2003-09-27,28.9,23.2,25.1,7.6,5.6,15.18,91,1011.3,100,23.4,Port Harcourt
2003-09-28,30.8,22.6,26.0,7.0,9.2,20.45,88,1011.1,85,23.6,Port Harcourt
2003-09-29,30.7,23.5,25.8,6.4,12.0,17.94,88,1011.1,89,23.6,Port Harcourt
2003-09-30,28.3,23.2,25.0,11.4,8.6,11.83,91,1011.8,97,23.4,Port Harcourt
2003-10-01,30.2,23.3,25.9,3.8,6.5,17.87,88,1010.6,87,23.7,Port Harcourt
2003-10-02,30.7,24.0,26.5,4.7,12.8,19.47,85,1010.1,58,23.6,Port Harcourt
2003-10-03,30.0,23.6,26.1,7.5,10.5,19.92,88,1010.1,81,24.0,Port Harcourt
2003-10-04,29.6,23.5,25.9,7.0,10.0,17.16,89,1010.4,88,23.8,Port Harcourt
2003-10-05,26.4,23.2,24.7,11.1,8.9,9.89,94,1011.1,100,23.6,Port Harcourt
2003-10-06,30.5,23.0,25.5,6.5,9.8,16.7,88,1010.8,97,23.3,Port Harcourt
2003-10-07,29.5,23.5,25.9,4.7,10.1,18.89,90,1011.1,88,24.0,Port Harcourt
2003-10-08,29.5,23.1,25.5,9.2,13.4,14.36,91,1010.2,97,23.9,Port Harcourt
2003-10-09,30.0,23.8,25.9,12.0,12.3,17.1,89,1009.4,91,23.9,Port Harcourt
2003-10-10,29.7,23.3,25.7,8.0,11.8,14.76,87,1009.9,98,23.4,Port Harcourt
2003-10-11,29.9,24.2,26.2,4.8,11.2,17.33,88,1010.3,97,23.9,Port Harcourt
2003-10-12,29.0,23.9,26.0,6.1,12.4,16.32,87,1010.6,96,23.6,Port Harcourt
2003-10-13,28.7,23.5,25.3,15.8,13.2,13.05,90,1009.4,98,23.5,Port Harcourt
2003-10-14,28.4,22.7,24.6,21.3,8.6,13.6,93,1010.1,99,23.3,Port Harcourt
2003-10-15,28.4,22.9,24.9,11.1,11.2,11.57,92,1010.7,98,23.5,Port Harcourt
2003-10-16,27.6,22.9,25.0,16.5,9.3,12.6,93,1011.8,100,23.7,Port Harcourt
2003-10-17,30.6,23.2,25.5,12.3,6.3,17.56,90,1011.7,98,23.7,Port Harcourt
2003-10-18,29.6,22.8,25.5,10.9,7.7,16.09,89,1011.5,92,23.4,Port Harcourt
2003-10-19,29.2,23.2,25.7,5.0,10.6,16.25,91,1011.6,96,24.0,Port Harcourt
2003-10-20,30.3,23.7,26.1,3.4,9.6,19.52,90,1010.7,86,24.2,Port Harcourt
2003-10-21,28.8,24.1,25.5,8.2,8.3,13.04,92,1010.8,95,24.1,Port Harcourt
2003-10-22,28.6,23.6,25.6,8.8,10.2,15.11,91,1011.1,92,23.9,Port Harcourt
2003-10-23,29.4,23.1,25.7,7.8,11.3,16.2,91,1011.3,74,23.9,Port Harcourt
2003-10-24,28.2,23.3,25.8,6.9,7.8,14.93,89,1011.2,98,23.7,Port Harcourt
2003-10-25,28.7,23.6,25.8,7.8,8.9,15.09,88,1010.6,87,23.6,Port Harcourt
2003-10-26,28.2,23.3,25.7,11.9,9.2,15.17,88,1009.8,97,23.5,Port Harcourt
2003-10-27,30.2,23.3,25.8,10.4,9.4,17.43,89,1009.6,72,23.7,Port Harcourt
2003-10-28,30.3,23.0,25.9,8.0,9.4,18.56,89,1009.7,90,23.8,Port Harcourt
2003-10-29,29.2,24.0,25.9,10.4,9.4,14.67,90,1010.6,98,24.1,Port Harcourt
2003-10-30,29.2,23.6,26.0,6.8,11.0,17.52,88,1010.0,84,23.9,Port Harcourt
2003-10-31,29.1,23.5,25.8,5.8,7.7,15.31,90,1009.3,71,23.9,Port Harcourt
2003-11-01,29.5,23.5,25.8,7.4,9.6,15.36,89,1008.7,97,23.7,Port Harcourt
2003-11-02,28.9,23.3,25.5,16.3,11.4,12.74,91,1009.1,94,24.0,Port Harcourt
2003-11-03,28.8,23.0,25.4,9.3,8.4,14.6,92,1009.7,97,24.0,Port Harcourt
2003-11-04,26.7,23.3,24.9,13.8,8.7,9.53,94,1009.7,97,23.8,Port Harcourt
2003-11-05,29.7,23.4,25.4,10.8,10.1,15.5,92,1009.4,92,23.9,Port Harcourt
2003-11-06,28.5,23.2,25.6,7.1,11.6,15.88,90,1009.7,77,23.7,Port Harcourt
2003-11-07,30.4,22.8,25.8,6.5,10.4,19.61,88,1010.2,82,23.6,Port Harcourt
2003-11-08,30.2,23.2,25.8,13.0,11.4,16.93,89,1010.8,70,23.7,Port Harcourt
2003-11-09,28.7,23.7,25.4,12.4,10.6,12.37,91,1010.9,93,23.8,Port Harcourt
2003-11-10,30.5,23.9,26.0,7.1,7.7,19.24,88,1009.6,68,23.8,Port Harcourt
2003-11-11,30.3,22.7,25.8,4.2,10.4,19.08,87,1009.8,47,23.4,Port Harcourt
2003-11-12,30.0,23.5,25.8,15.0,11.2,17.11,89,1010.6,59,23.8,Port Harcourt
2003-11-13,30.4,23.3,25.6,10.5,9.7,15.39,90,1012.1,72,23.8,Port Harcourt
2003-11-14,28.6,23.1,25.3,9.8,5.9,13.92,93,1012.0,94,24.1,Port Harcourt
2003-11-15,30.5,23.7,26.2,6.4,8.9,18.04,90,1010.8,70,24.2,Port Harcourt
2003-11-16,28.9,24.2,26.2,10.9,10.0,14.55,89,1009.2,46,24.2,Port Harcourt
2003-11-17,30.1,23.6,26.1,5.3,9.2,15.5,89,1008.8,68,24.2,Port Harcourt
2003-11-18,30.7,23.6,26.5,2.6,8.4,17.33,89,1008.1,93,24.4,Port Harcourt
2003-11-19,30.7,24.7,26.9,0.7,9.5,15.41,87,1008.0,81,24.5,Port Harcourt
2003-11-20,30.3,24.4,26.4,8.7,10.6,17.43,88,1008.9,78,24.2,Port Harcourt
2003-11-21,31.1,24.0,26.9,1.4,9.9,17.3,83,1010.0,73,23.5,Port Harcourt
2003-11-22,31.7,23.6,27.3,0.1,12.6,20.2,83,1009.4,30,23.8,Port Harcourt
2003-11-23,29.0,24.3,26.3,4.0,12.1,13.83,89,1010.3,75,24.4,Port Harcourt
2003-11-24,29.3,24.0,26.4,0.3,9.6,14.63,87,1010.2,73,24.1,Port Harcourt
2003-11-25,30.8,24.3,26.6,3.2,11.2,17.18,87,1009.6,84,24.2,Port Harcourt
2003-11-26,30.7,23.7,26.5,3.0,11.3,18.51,86,1010.2,53,23.9,Port Harcourt
2003-11-27,29.6,23.7,25.7,5.9,11.6,15.15,90,1010.0,86,23.9,Port Harcourt
2003-11-28,29.3,23.9,25.9,5.9,7.9,15.68,88,1009.2,84,23.6,Port Harcourt
2003-11-29,30.5,23.1,26.3,1.3,10.5,19.68,85,1009.1,28,23.5,Port Harcourt
2003-11-30,29.8,23.7,26.2,5.1,10.1,17.48,87,1008.5,32,23.8,Port Harcourt
2003-12-01,29.6,24.0,25.9,6.8,9.6,16.39,89,1008.8,61,23.8,Port Harcourt
2003-12-02,29.3,23.8,25.7,10.6,9.3,13.58,91,1009.4,96,24.0,Port Harcourt
2003-12-03,29.9,24.0,26.1,4.2,12.1,12.33,89,1009.2,99,24.0,Port Harcourt
2003-12-04,30.6,23.5,26.5,1.5,6.6,16.21,87,1008.8,76,24.0,Port Harcourt
2003-12-05,30.6,24.3,27.1,1.0,9.1,19.5,85,1009.2,43,24.3,Port Harcourt
2003-12-06,31.8,24.3,27.4,1.0,11.6,18.49,83,1009.8,31,23.9,Port Harcourt
2003-12-07,32.0,23.9,27.4,0.0,10.8,20.17,81,1009.4,39,23.4,Port Harcourt
2003-12-08,32.2,24.8,27.4,0.2,9.8,20.87,80,1010.0,83,22.9,Port Harcourt
2003-12-09,30.3,24.8,27.1,1.3,8.7,17.53,83,1010.5,85,23.7,Port Harcourt
2003-12-10,31.5,23.9,27.1,0.4,14.4,19.98,80,1010.7,66,23.2,Port Harcourt
2003-12-11,30.7,23.6,26.6,1.7,9.2,17.65,85,1011.1,66,23.7,Port Harcourt
2003-12-12,30.8,24.3,26.6,3.9,10.0,17.79,86,1010.3,77,24.0,Port Harcourt
2003-12-13,28.8,24.2,25.7,8.3,11.7,14.14,90,1010.4,67,24.0,Port Harcourt
2003-12-14,28.3,23.8,25.6,9.9,8.2,14.94,91,1011.1,89,24.0,Port Harcourt
2003-12-15,30.9,23.3,26.0,2.9,12.0,17.99,89,1009.9,63,23.8,Port Harcourt
2003-12-16,30.4,23.5,26.1,3.1,12.0,16.01,88,1009.9,53,23.8,Port Harcourt
2003-12-17,29.9,23.3,26.2,4.8,8.3,17.04,88,1010.7,56,23.9,Port Harcourt
2003-12-18,31.6,23.5,27.1,0.1,11.6,18.21,83,1010.6,59,23.5,Port Harcourt
2003-12-19,31.6,24.6,27.4,0.9,11.8,16.97,82,1010.4,58,23.8,Port Harcourt
2003-12-20,29.0,24.7,26.4,1.3,10.7,13.55,88,1011.3,75,24.3,Port Harcourt
2003-12-21,31.2,23.8,26.7,0.4,10.8,15.8,84,1010.9,93,23.5,Port Harcourt
2003-12-22,31.6,23.4,27.2,0.0,11.6,18.03,80,1010.5,52,23.2,Port Harcourt
2003-12-23,31.6,23.7,27.4,0.2,10.9,17.93,78,1010.6,42,22.8,Port Harcourt
2003-12-24,31.6,23.8,27.3,0.7,11.9,19.2,79,1010.7,51,23.0,Port Harcourt
2003-12-25,31.2,24.4,27.2,0.3,8.2,18.53,82,1010.7,45,23.6,Port Harcourt
2003-12-26,31.7,24.2,27.3,1.0,10.0,18.71,81,1009.8,22,23.6,Port Harcourt
2003-12-27,32.6,23.6,27.5,0.0,13.6,20.84,79,1008.3,21,23.0,Port Harcourt
2003-12-28,32.3,24.3,27.5,0.0,9.1,19.93,78,1007.1,82,22.9,Port Harcourt
2003-12-29,33.3,23.5,27.6,0.0,13.1,22.09,77,1007.5,54,22.4,Port Harcourt
2003-12-30,31.1,24.1,27.4,0.0,10.9,19.01,79,1009.8,80,23.2,Port Harcourt
2003-12-31,31.1,24.6,27.2,0.7,10.5,17.7,84,1011.5,62,24.1,Port Harcourt
2004-01-01,32.3,23.8,27.5,0.0,13.6,19.06,80,1010.1,51,23.4,Port Harcourt
2004-01-02,31.4,24.8,27.6,0.4,10.5,19.02,80,1009.9,88,23.5,Port Harcourt
2004-01-03,33.1,24.0,28.0,0.0,11.6,20.26,79,1008.3,97,23.5,Port Harcourt
2004-01-04,33.1,24.4,28.0,0.9,12.2,19.93,82,1007.5,63,24.3,Port Harcourt
2004-01-05,32.9,25.1,28.1,1.8,11.0,17.51,82,1007.7,77,24.4,Port Harcourt
2004-01-06,30.8,25.5,27.5,0.6,10.0,12.88,85,1008.3,95,24.7,Port Harcourt
2004-01-07,30.3,24.9,27.0,3.4,12.7,12.06,87,1007.5,96,24.7,Port Harcourt
2004-01-08,31.8,24.2,27.6,0.7,12.0,17.23,85,1007.7,70,24.6,Port Harcourt
2004-01-09,33.7,25.1,28.2,0.2,15.2,18.85,80,1007.9,57,23.9,Port Harcourt
2004-01-10,33.7,24.6,28.2,0.0,13.4,20.38,77,1007.9,71,23.3,Port Harcourt
2004-01-11,33.1,25.2,28.4,0.0,13.9,19.64,78,1008.5,60,23.8,Port Harcourt
2004-01-12,34.0,24.7,28.5,0.0,15.7,20.99,75,1009.8,56,23.1,Port Harcourt
2004-01-13,34.6,24.5,28.8,0.0,14.2,21.21,74,1009.8,89,22.9,Port Harcourt
2004-01-14,34.5,24.9,28.9,0.0,14.5,21.52,74,1009.2,89,22.9,Port Harcourt
2004-01-15,32.4,25.3,28.0,2.4,10.9,17.55,79,1007.7,32,23.7,Port Harcourt
2004-01-16,32.1,24.4,27.7,1.5,10.9,17.9,83,1007.7,56,24.3,Port Harcourt
2004-01-17,34.0,25.2,28.4,0.2,13.9,19.62,77,1008.1,80,23.4,Port Harcourt
2004-01-18,32.2,25.2,28.0,1.0,13.8,18.19,81,1007.9,61,24.0,Port Harcourt
2004-01-19,31.1,24.6,27.5,5.4,10.0,17.29,84,1007.7,97,24.4,Port Harcourt
2004-01-20,29.4,24.7,26.3,5.5,13.4,13.24,85,1008.9,94,23.5,Port Harcourt
2004-01-21,30.4,23.8,25.7,11.7,15.6,14.03,88,1010.5,94,23.3,Port Harcourt
2004-01-22,31.4,22.9,26.3,0.1,9.2,15.75,83,1010.4,95,22.9,Port Harcourt
2004-01-23,30.9,24.1,26.6,10.6,12.1,15.81,84,1010.0,92,23.5,Port Harcourt
2004-01-24,30.2,23.7,26.5,0.8,9.8,16.88,85,1008.8,75,23.6,Port Harcourt
2004-01-25,31.3,23.9,27.3,0.1,9.7,20.12,81,1007.6,71,23.6,Port Harcourt
2004-01-26,32.7,24.0,27.5,0.4,14.9,19.17,81,1008.0,98,23.5,Port Harcourt
2004-01-27,33.7,24.5,28.1,1.0,13.6,20.25,78,1009.8,99,23.4,Port Harcourt
2004-01-28,30.3,25.3,27.2,0.8,12.8,15.38,83,1010.8,100,24.0,Port Harcourt
2004-01-29,31.3,24.1,27.0,4.4,9.8,18.78,84,1009.6,63,23.8,Port Harcourt
2004-01-30,29.9,24.5,26.7,2.0,12.1,16.88,86,1010.1,48,24.0,Port Harcourt
2004-01-31,31.2,23.7,26.8,1.6,12.9,18.75,84,1011.3,55,23.6,Port Harcourt
2004-02-01,31.2,24.0,27.0,1.9,9.3,19.66,84,1010.9,86,24.0,Port Harcourt
2004-02-02,31.2,24.0,26.7,1.6,14.4,17.25,84,1010.2,90,23.6,Port Harcourt
2004-02-03,32.3,23.0,26.7,1.3,14.3,19.69,82,1010.8,38,22.9,Port Harcourt
2004-02-04,33.0,22.9,27.5,0.0,10.8,22.2,76,1010.2,79,21.9,Port Harcourt
2004-02-05,33.9,22.9,27.3,0.0,11.6,23.58,66,1009.1,86,18.3,Port Harcourt
2004-02-06,33.8,20.9,26.8,0.0,14.4,24.6,64,1008.8,66,17.9,Port Harcourt
2004-02-07,34.0,21.0,26.9,0.0,13.4,24.63,70,1009.4,5,19.4,Port Harcourt
2004-02-08,33.4,22.2,27.3,0.0,14.2,22.92,76,1009.1,17,22.0,Port Harcourt
2004-02-09,33.8,23.6,28.0,0.0,16.2,22.9,76,1008.4,7,22.6,Port Harcourt
2004-02-10,34.3,23.9,28.5,0.0,16.3,22.2,74,1008.9,16,22.5,Port Harcourt
2004-02-11,33.5,25.0,28.6,0.1,17.8,20.63,75,1008.9,28,23.4,Port Harcourt
2004-02-12,33.2,25.2,28.2,2.5,14.1,20.26,77,1009.8,38,23.7,Port Harcourt
2004-02-13,31.1,25.1,27.2,4.1,14.4,17.02,83,1011.0,67,23.9,Port Harcourt
2004-02-14,32.0,24.6,27.5,4.5,12.6,19.38,82,1011.2,54,24.1,Port Harcourt
2004-02-15,29.2,24.8,26.7,6.6,11.0,14.13,87,1010.6,52,24.3,Port Harcourt
2004-02-16,32.6,23.7,27.6,0.0,12.5,18.57,80,1009.4,72,23.2,Port Harcourt
2004-02-17,32.4,24.5,27.7,2.1,12.0,19.95,82,1010.0,30,24.0,Port Harcourt
2004-02-18,29.9,25.0,27.2,3.2,13.7,17.27,83,1009.2,48,24.0,Port Harcourt
2004-02-19,32.4,24.5,27.8,0.3,13.9,17.72,79,1008.0,55,23.4,Port Harcourt
2004-02-20,33.0,24.5,28.1,0.5,14.9,19.91,79,1007.9,31,23.8,Port Harcourt
2004-02-21,32.8,25.3,28.3,0.6,15.2,19.87,79,1009.2,34,24.0,Port Harcourt
2004-02-22,31.6,25.4,27.6,3.9,14.0,18.77,84,1009.6,47,24.5,Port Harcourt
2004-02-23,32.6,24.9,28.1,2.1,13.0,20.02,80,1008.0,30,23.9,Port Harcourt
2004-02-24,33.7,25.0,28.4,2.4,16.8,20.15,79,1007.9,35,24.0,Port Harcourt
2004-02-25,31.8,25.4,27.1,6.6,14.8,18.15,86,1010.2,68,24.4,Port Harcourt
2004-02-26,30.4,24.5,26.9,1.9,12.4,16.89,85,1011.5,89,24.1,Port Harcourt
2004-02-27,32.2,24.2,27.6,1.0,16.1,20.2,81,1010.8,73,23.9,Port Harcourt
2004-02-28,32.4,24.5,27.6,1.7,13.4,19.58,82,1009.8,48,24.0,Port Harcourt
2004-02-29,31.1,24.8,27.6,2.7,11.9,19.72,83,1009.2,51,24.4,Port Harcourt
2004-03-01,32.3,24.6,27.4,5.7,15.0,20.96,83,1009.1,55,24.1,Port Harcourt
2004-03-02,30.9,24.3,26.9,7.3,12.7,17.4,85,1008.4,86,24.1,Port Harcourt
2004-03-03,32.2,23.8,27.2,4.8,9.2,18.05,85,1008.5,65,24.3,Port Harcourt
2004-03-04,30.4,24.5,26.4,12.5,8.9,12.96,88,1010.3,92,24.1,Port Harcourt
2004-03-05,30.1,24.4,26.6,6.2,10.1,13.93,88,1011.0,97,24.3,Port Harcourt
2004-03-06,31.0,24.1,27.0,2.5,14.2,17.69,83,1010.1,90,23.6,Port Harcourt
2004-03-07,33.0,23.6,27.5,0.0,13.7,23.06,79,1010.2,78,22.9,Port Harcourt
2004-03-08,33.5,25.2,28.3,0.0,12.3,23.7,77,1010.8,45,23.2,Port Harcourt
2004-03-09,33.3,24.7,28.2,0.0,15.1,22.09,78,1011.0,62,23.4,Port Harcourt
2004-03-10,33.5,24.4,28.3,0.0,16.5,22.62,76,1010.5,88,23.2,Port Harcourt
2004-03-11,32.4,24.5,28.0,0.9,12.8,20.29,79,1010.4,62,23.6,Port Harcourt
2004-03-12,31.7,24.7,27.6,2.4,10.8,20.18,82,1010.1,68,24.2,Port Harcourt
2004-03-13,31.8,24.5,27.7,0.6,10.8,18.35,83,1009.9,52,24.5,Port Harcourt
2004-03-14,31.3,25.0,27.8,0.5,15.2,19.34,83,1009.6,42,24.5,Port Harcourt
2004-03-15,30.9,24.7,27.5,1.9,13.4,19.01,83,1009.2,31,24.3,Port Harcourt
2004-03-16,30.4,25.1,27.5,2.1,11.7,15.41,83,1009.3,53,24.2,Port Harcourt
2004-03-17,31.6,24.9,27.7,0.9,15.1,20.31,83,1008.1,31,24.5,Port Harcourt
2004-03-18,31.1,25.0,27.5,2.7,10.9,18.72,85,1008.0,57,24.7,Port Harcourt
2004-03-19,32.2,25.3,28.0,3.2,12.3,20.88,83,1008.1,37,24.6,Port Harcourt
2004-03-20,31.7,25.3,27.8,2.4,12.5,19.83,83,1007.9,54,24.6,Port Harcourt
2004-03-21,31.7,24.7,27.8,1.3,13.6,19.83,83,1007.6,48,24.6,Port Harcourt
2004-03-22,31.8,25.3,28.0,1.8,15.1,18.74,82,1007.8,37,24.4,Port Harcourt
2004-03-23,32.5,25.4,28.4,1.9,13.7,22.22,82,1007.8,27,24.8,Port Harcourt
2004-03-24,30.7,25.4,28.0,3.4,14.2,18.72,82,1008.2,63,24.6,Port Harcourt
2004-03-25,31.9,25.4,28.3,2.0,14.0,19.95,83,1007.7,44,25.1,Port Harcourt
2004-03-26,31.7,25.9,28.3,1.7,14.0,19.95,83,1006.7,66,25.1,Port Harcourt
2004-03-27,31.5,25.6,28.0,1.9,13.2,18.15,83,1005.6,66,24.7,Port Harcourt
2004-03-28,31.9,25.4,27.7,5.6,13.5,19.09,85,1006.2,72,24.9,Port Harcourt
2004-03-29,29.1,25.2,26.8,5.4,10.2,12.24,88,1007.1,88,24.5,Port Harcourt
2004-03-30,31.3,25.3,27.1,8.1,12.5,16.93,87,1008.3,94,24.5,Port Harcourt
2004-03-31,30.1,25.2,26.9,5.6,13.9,16.42,88,1008.8,99,24.7,Port Harcourt
2004-04-01,28.3,24.9,26.3,13.2,11.4,9.86,90,1008.8,99,24.5,Port Harcourt
2004-04-02,28.5,24.7,26.3,13.6,10.7,11.53,88,1009.9,99,24.2,Port Harcourt
2004-04-03,29.3,24.4,26.3,9.2,12.6,13.21,89,1011.3,100,24.2,Port Harcourt
2004-04-04,30.3,24.1,26.6,7.5,13.1,16.0,86,1011.9,93,24.0,Port Harcourt
2004-04-05,30.8,24.1,26.7,6.9,11.1,18.36,88,1011.1,83,24.4,Port Harcourt
2004-04-06,30.2,24.7,26.4,10.6,11.3,14.94,89,1010.1,90,24.4,Port Harcourt
2004-04-07,29.2,24.2,25.8,22.8,14.5,13.73,91,1010.5,95,24.2,Port Harcourt
2004-04-08,28.6,24.1,25.1,23.2,5.8,9.77,93,1011.5,100,23.9,Port Harcourt
2004-04-09,30.6,23.0,26.1,3.6,9.7,17.64,87,1010.0,72,23.7,Port Harcourt
2004-04-10,30.0,24.2,26.4,5.5,10.2,17.51,88,1008.6,75,24.3,Port Harcourt
2004-04-11,30.7,24.7,26.7,4.9,11.5,19.53,86,1008.2,54,24.1,Port Harcourt
2004-04-12,30.2,24.5,26.6,7.2,10.4,17.84,88,1008.4,61,24.4,Port Harcourt
2004-04-13,28.5,24.8,26.3,15.0,9.4,12.33,92,1007.2,96,24.8,Port Harcourt
2004-04-14,29.3,24.7,26.1,17.9,9.1,11.35,91,1006.2,91,24.4,Port Harcourt
2004-04-15,28.0,24.1,25.2,70.2,11.8,8.56,94,1008.9,99,24.2,Port Harcourt
2004-04-16,30.9,23.3,26.1,8.3,11.5,18.09,88,1010.2,87,23.7,Port Harcourt
2004-04-17,30.6,23.2,26.3,11.3,11.1,18.36,88,1010.7,55,24.0,Port Harcourt
2004-04-18,29.1,24.5,26.1,9.6,11.5,14.97,88,1010.7,82,23.9,Port Harcourt
2004-04-19,30.3,23.7,25.9,9.0,12.0,17.86,89,1010.5,84,23.8,Port Harcourt
2004-04-20,29.6,23.2,26.0,8.1,12.0,16.29,89,1010.7,90,23.8,Port Harcourt
2004-04-21,30.4,24.1,26.5,2.4,14.4,19.58,87,1010.7,92,24.2,Port Harcourt
2004-04-22,29.8,24.3,26.7,5.0,6.1,14.89,89,1008.6,87,24.6,Port Harcourt
2004-04-23,30.3,25.0,26.7,5.1,11.6,16.72,88,1007.1,97,24.4,Port Harcourt
2004-04-24,28.4,24.2,26.0,6.0,13.3,10.85,90,1007.9,100,24.2,Port Harcourt
2004-04-25,31.4,24.1,27.4,0.4,11.9,21.12,83,1006.8,83,24.0,Port Harcourt
2004-04-26,28.3,24.2,25.9,24.5,12.7,9.8,92,1007.7,94,24.6,Port Harcourt
2004-04-27,29.3,23.5,25.6,16.5,12.0,13.26,91,1009.3,100,23.9,Port Harcourt
2004-04-28,30.0,24.0,25.9,12.6,12.1,13.18,90,1010.6,100,24.1,Port Harcourt
2004-04-29,29.3,24.2,25.9,13.7,11.5,14.74,90,1010.5,98,24.1,Port Harcourt
2004-04-30,30.7,23.4,26.4,3.2,9.0,19.13,87,1010.6,95,23.8,Port Harcourt
2004-05-01,28.9,24.2,26.0,10.3,9.4,15.22,89,1010.7,77,24.1,Port Harcourt
2004-05-02,30.0,24.4,26.7,2.5,12.6,17.11,85,1010.7,83,23.9,Port Harcourt
2004-05-03,30.6,24.5,27.2,0.9,14.4,18.63,83,1009.1,57,24.0,Port Harcourt
2004-05-04,29.6,24.8,26.5,4.5,12.2,17.59,89,1009.4,66,24.4,Port Harcourt
2004-05-05,29.3,24.0,26.2,4.7,10.6,14.81,88,1009.9,78,24.1,Port Harcourt
2004-05-06,28.7,24.3,26.1,15.7,9.2,12.9,90,1010.8,99,24.3,Port Harcourt
2004-05-07,30.0,24.4,26.4,11.7,9.0,15.81,90,1011.6,96,24.5,Port Harcourt
2004-05-08,30.3,23.9,26.2,12.1,11.9,15.44,89,1011.4,90,24.2,Port Harcourt
2004-05-09,30.6,24.1,26.6,4.9,10.8,19.84,88,1010.6,98,24.3,Port Harcourt
2004-05-10,29.8,24.3,26.6,5.9,11.4,17.68,88,1010.3,66,24.4,Port Harcourt
2004-05-11,30.0,24.4,26.2,10.0,11.6,14.16,89,1010.5,95,24.1,Port Harcourt
2004-05-12,26.8,24.3,25.0,37.2,10.4,5.81,94,1010.8,98,24.1,Port Harcourt
2004-05-13,29.6,23.7,25.8,8.2,10.9,17.76,90,1010.0,86,24.0,Port Harcourt
2004-05-14,29.0,23.9,26.1,6.5,9.9,17.93,88,1010.2,88,23.9,Port Harcourt
2004-05-15,28.8,24.4,25.8,8.8,9.7,10.35,90,1010.4,91,23.9,Port Harcourt
2004-05-16,30.1,23.8,26.1,6.0,9.2,16.8,88,1009.9,80,24.0,Port Harcourt
2004-05-17,30.3,23.9,26.6,3.6,11.7,20.3,88,1008.9,78,24.3,Port Harcourt
2004-05-18,27.6,24.6,25.8,11.0,8.2,11.53,92,1010.5,97,24.3,Port Harcourt
2004-05-19,28.6,23.6,25.8,9.1,8.1,13.59,91,1011.8,90,24.2,Port Harcourt
2004-05-20,26.6,24.0,25.3,5.9,9.3,9.72,93,1012.2,95,24.0,Port Harcourt
2004-05-21,29.9,23.8,25.4,12.2,10.7,13.62,90,1012.0,96,23.5,Port Harcourt
2004-05-22,29.1,23.4,25.6,7.8,13.8,16.42,90,1011.8,93,23.8,Port Harcourt
2004-05-23,29.6,23.4,25.6,9.1,6.7,16.26,91,1012.0,97,24.0,Port Harcourt
2004-05-24,28.8,23.5,25.5,6.0,12.4,14.45,90,1011.7,94,23.8,Port Harcourt
2004-05-25,26.8,23.6,25.1,14.7,8.2,9.26,92,1012.0,96,23.7,Port Harcourt
2004-05-26,26.6,23.7,24.7,17.0,10.6,9.7,92,1012.8,100,23.3,Port Harcourt
2004-05-27,25.7,23.1,24.4,12.4,9.2,8.05,93,1014.4,100,23.1,Port Harcourt
2004-05-28,30.0,22.9,25.4,5.3,8.1,18.23,88,1014.3,86,23.1,Port Harcourt
2004-05-29,28.8,23.1,25.6,6.2,10.3,18.28,89,1013.0,59,23.5,Port Harcourt
2004-05-30,28.8,23.1,25.3,8.1,10.5,16.9,88,1012.1,74,23.1,Port Harcourt
2004-05-31,26.6,22.9,24.2,12.9,7.7,7.5,93,1011.1,99,23.0,Port Harcourt
2004-06-01,27.1,22.9,24.4,12.4,10.5,11.19,93,1012.3,94,23.2,Port Harcourt
2004-06-02,28.6,22.1,24.9,4.7,8.9,14.15,91,1013.3,96,23.1,Port Harcourt
2004-06-03,27.3,22.5,24.5,13.1,9.3,10.05,91,1014.2,97,22.9,Port Harcourt
2004-06-04,27.8,23.2,24.6,10.0,8.2,10.14,91,1013.6,94,23.1,Port Harcourt
2004-06-05,29.3,23.0,25.4,4.1,8.8,17.81,89,1013.2,75,23.4,Port Harcourt
2004-06-06,26.9,23.4,24.7,11.9,9.4,10.84,92,1013.0,91,23.3,Port Harcourt
2004-06-07,29.7,22.7,25.2,5.6,10.5,15.83,88,1013.7,90,22.9,Port Harcourt
2004-06-08,29.1,23.1,25.2,9.5,11.4,16.8,89,1014.3,90,23.2,Port Harcourt
2004-06-09,28.4,23.0,24.8,9.0,10.6,12.75,89,1013.8,94,22.9,Port Harcourt
2004-06-10,29.4,22.6,25.5,4.3,10.7,19.35,88,1013.3,78,23.1,Port Harcourt
2004-06-11,28.9,23.2,25.2,6.5,7.4,14.48,89,1013.0,84,23.2,Port Harcourt
2004-06-12,28.9,23.1,25.5,6.2,11.8,17.87,87,1014.0,93,23.1,Port Harcourt
2004-06-13,29.0,23.0,25.0,17.3,11.1,15.97,90,1014.7,84,23.2,Port Harcourt
2004-06-14,28.7,22.9,25.1,11.2,13.0,14.74,89,1014.4,88,23.1,Port Harcourt
2004-06-15,27.4,22.7,24.9,7.9,10.8,12.97,90,1014.0,83,23.0,Port Harcourt
2004-06-16,25.9,22.9,24.0,15.5,10.5,7.86,94,1013.8,95,23.0,Port Harcourt
2004-06-17,28.0,22.8,24.3,13.1,8.7,9.55,92,1014.2,99,23.0,Port Harcourt
2004-06-18,26.1,22.8,23.9,26.8,10.2,6.03,95,1014.7,88,23.1,Port Harcourt
2004-06-19,28.9,22.0,24.9,3.5,10.2,17.43,89,1014.2,79,22.9,Port Harcourt
2004-06-20,28.8,23.0,24.6,15.8,7.9,13.77,92,1013.2,94,23.2,Port Harcourt
2004-06-21,25.8,22.8,24.0,8.7,10.4,6.52,94,1013.6,97,22.9,Port Harcourt
2004-06-22,28.3,22.7,24.6,4.1,11.5,11.3,90,1014.9,92,22.7,Port Harcourt
2004-06-23,28.5,22.7,25.4,0.5,9.7,15.72,87,1015.2,60,23.0,Port Harcourt
2004-06-24,27.8,23.3,24.8,3.0,13.0,11.08,89,1014.1,95,22.7,Port Harcourt
2004-06-25,27.6,23.0,24.5,3.3,9.3,10.85,91,1013.6,96,22.8,Port Harcourt
2004-06-26,29.3,22.6,24.8,7.3,11.5,14.89,89,1013.3,77,22.7,Port Harcourt
2004-06-27,27.5,22.7,24.5,14.8,9.5,11.08,92,1012.7,96,23.1,Port Harcourt
2004-06-28,27.1,22.8,24.0,27.2,10.0,9.72,94,1013.3,98,22.9,Port Harcourt
2004-06-29,27.6,22.5,24.5,11.7,12.8,14.34,90,1013.5,89,22.7,Port Harcourt
2004-06-30,28.8,22.4,24.8,6.1,9.7,15.57,88,1013.2,88,22.6,Port Harcourt
2004-07-01,28.5,23.3,25.3,3.3,11.4,16.26,86,1013.3,72,22.7,Port Harcourt
2004-07-02,27.2,23.0,24.5,8.2,9.6,10.79,91,1013.0,86,22.9,Port Harcourt
2004-07-03,26.8,23.1,24.7,12.5,8.8,12.87,90,1011.8,88,23.0,Port Harcourt
2004-07-04,28.5,22.5,24.8,7.4,9.5,13.2,90,1012.4,99,22.9,Port Harcourt
2004-07-05,26.9,22.7,24.4,8.7,8.0,9.61,92,1012.4,94,23.0,Port Harcourt
2004-07-06,28.2,23.1,24.9,11.4,8.9,15.18,91,1011.4,85,23.3,Port Harcourt
2004-07-07,27.9,23.1,24.9,6.4,8.4,12.66,88,1010.9,95,22.8,Port Harcourt
2004-07-08,27.4,22.3,24.0,14.9,10.5,11.86,91,1011.7,98,22.4,Port Harcourt
2004-07-09,26.2,22.0,23.5,11.4,10.5,8.18,94,1010.9,98,22.5,Port Harcourt
2004-07-10,23.9,22.4,23.1,38.4,9.1,3.56,97,1011.9,100,22.6,Port Harcourt
2004-07-11,28.3,22.0,24.3,4.2,7.7,14.57,89,1012.6,96,22.4,Port Harcourt
2004-07-12,27.1,22.2,24.4,1.8,7.4,11.28,90,1012.3,91,22.6,Port Harcourt
2004-07-13,29.0,23.1,24.9,2.8,10.8,14.79,87,1012.7,94,22.6,Port Harcourt
2004-07-14,27.6,23.1,24.6,7.1,10.5,12.87,89,1012.2,93,22.6,Port Harcourt
2004-07-15,27.5,22.5,24.6,3.1,7.8,11.35,90,1012.2,75,22.7,Port Harcourt
2004-07-16,27.0,22.8,24.4,7.2,9.5,11.96,92,1012.6,91,23.0,Port Harcourt
2004-07-17,27.9,22.1,23.9,14.7,11.8,10.09,94,1012.5,98,22.7,Port Harcourt
2004-07-18,26.5,22.7,24.0,13.4,8.9,8.29,92,1012.8,96,22.7,Port Harcourt
2004-07-19,27.6,22.6,24.0,11.7,10.2,10.52,91,1012.6,98,22.5,Port Harcourt
2004-07-20,26.3,21.9,23.6,28.8,11.3,11.67,93,1011.3,90,22.5,Port Harcourt
2004-07-21,24.1,22.2,23.0,27.9,9.3,4.68,97,1012.3,96,22.5,Port Harcourt
2004-07-22,27.9,21.6,24.0,5.3,10.6,13.83,90,1013.2,90,22.2,Port Harcourt
2004-07-23,26.9,22.3,23.8,18.6,12.8,10.93,92,1013.7,98,22.4,Port Harcourt
2004-07-24,26.2,22.3,23.4,44.6,11.3,7.79,94,1014.2,99,22.3,Port Harcourt
2004-07-25,25.6,22.1,23.3,18.5,13.8,9.84,95,1014.3,99,22.3,Port Harcourt
2004-07-26,25.2,21.7,22.9,10.3,11.1,5.91,95,1013.9,90,22.1,Port Harcourt
2004-07-27,25.5,21.8,23.0,9.4,13.2,6.47,95,1014.6,99,22.1,Port Harcourt
2004-07-28,27.2,22.0,23.4,13.7,10.9,10.85,93,1014.2,98,22.1,Port Harcourt
2004-07-29,27.8,21.6,24.1,5.4,11.5,15.58,89,1013.6,85,22.2,Port Harcourt
2004-07-30,27.0,22.2,23.7,15.9,11.7,8.57,93,1014.4,98,22.4,Port Harcourt
2004-07-31,28.3,22.2,24.5,2.5,12.2,14.98,90,1014.2,86,22.6,Port Harcourt
2004-08-01,27.7,22.5,24.3,10.7,8.8,11.93,91,1013.4,95,22.8,Port Harcourt
2004-08-02,26.6,22.6,24.3,10.9,10.5,11.65,90,1013.8,82,22.6,Port Harcourt
2004-08-03,27.3,22.2,24.2,4.8,12.0,13.51,91,1013.2,83,22.6,Port Harcourt
2004-08-04,27.4,22.7,24.3,9.9,11.1,13.27,89,1013.1,84,22.4,Port Harcourt
2004-08-05,25.5,22.5,23.5,9.4,14.4,6.55,93,1012.8,98,22.3,Port Harcourt
2004-08-06,26.8,22.4,23.9,10.7,11.7,12.55,91,1014.2,92,22.4,Port Harcourt
2004-08-07,25.2,22.7,23.6,28.9,10.9,5.53,95,1014.8,96,22.7,Port Harcourt
2004-08-08,27.2,22.6,24.0,11.9,12.4,12.0,92,1014.4,96,22.5,Port Harcourt
2004-08-09,24.6,22.6,23.3,13.0,13.0,3.88,95,1013.5,100,22.4,Port Harcourt
2004-08-10,25.5,22.7,23.7,12.1,12.8,7.72,93,1013.9,98,22.6,Port Harcourt
2004-08-11,28.2,22.8,24.8,0.9,13.0,17.5,85,1014.4,72,22.1,Port Harcourt
2004-08-12,29.0,23.6,25.7,0.2,10.6,14.51,79,1014.5,84,21.6,Port Harcourt
2004-08-13,27.3,23.1,24.8,9.7,12.7,13.31,87,1014.1,95,22.5,Port Harcourt
2004-08-14,25.9,22.3,23.7,22.3,14.8,10.26,93,1014.9,97,22.5,Port Harcourt
2004-08-15,26.3,22.7,24.3,2.4,10.8,10.16,90,1015.2,95,22.4,Port Harcourt
2004-08-16,27.8,23.4,24.9,4.1,12.5,15.09,85,1014.2,96,22.2,Port Harcourt
2004-08-17,27.8,22.6,24.6,3.1,9.7,13.64,88,1013.6,99,22.3,Port Harcourt
2004-08-18,27.3,22.9,24.6,4.5,9.7,11.29,89,1014.3,95,22.6,Port Harcourt
2004-08-19,28.1,23.4,25.1,0.7,13.8,14.02,84,1014.5,90,22.2,Port Harcourt
2004-08-20,28.0,23.3,25.3,1.4,14.0,12.96,83,1012.8,82,22.2,Port Harcourt
2004-08-21,28.1,23.1,25.0,3.6,15.5,15.54,86,1012.0,85,22.3,Port Harcourt
2004-08-22,28.5,22.8,24.8,4.6,15.3,18.96,88,1012.1,74,22.6,Port Harcourt
2004-08-23,28.8,22.6,24.8,7.1,10.7,18.36,88,1013.1,78,22.5,Port Harcourt
2004-08-24,26.2,22.8,24.3,6.5,9.2,8.28,92,1014.0,99,22.9,Port Harcourt
2004-08-25,28.0,22.4,24.7,8.5,11.5,13.34,90,1013.5,90,22.8,Port Harcourt
2004-08-26,27.9,23.1,25.0,2.0,13.4,14.35,87,1013.0,94,22.6,Port Harcourt
2004-08-27,26.5,23.0,24.3,13.1,9.1,12.25,90,1012.2,90,22.7,Port Harcourt
2004-08-28,26.6,22.4,24.2,13.5,9.4,12.64,93,1011.9,95,23.0,Port Harcourt
2004-08-29,28.8,22.4,24.8,11.2,13.0,15.93,88,1012.1,83,22.7,Port Harcourt
2004-08-30,28.0,23.2,24.7,4.5,6.8,10.08,89,1013.0,96,22.7,Port Harcourt
2004-08-31,28.4,22.4,24.7,6.4,11.5,14.28,89,1013.3,79,22.7,Port Harcourt
2004-09-01,28.1,22.5,24.4,9.7,10.7,12.72,91,1013.0,94,22.8,Port Harcourt
2004-09-02,29.1,22.2,24.4,10.0,13.0,16.98,90,1012.2,92,22.6,Port Harcourt
2004-09-03,26.8,22.4,23.9,14.4,9.2,10.73,93,1012.6,97,22.6,Port Harcourt
2004-09-04,26.6,22.0,23.9,14.2,10.8,11.16,94,1011.9,94,22.8,Port Harcourt
2004-09-05,27.2,22.4,23.8,26.2,11.4,9.8,93,1011.2,99,22.6,Port Harcourt
2004-09-06,25.0,22.6,23.4,10.3,9.7,6.47,96,1010.5,98,22.7,Port Harcourt
2004-09-07,27.6,22.4,24.8,5.8,10.2,16.97,88,1010.1,90,22.6,Port Harcourt
2004-09-08,27.3,22.3,24.5,9.4,9.9,14.18,92,1010.6,97,23.1,Port Harcourt
2004-09-09,29.1,22.8,25.1,3.9,10.3,16.97,89,1010.6,83,23.0,Port Harcourt
2004-09-10,29.0,22.8,25.2,7.5,12.9,16.3,87,1011.2,87,22.9,Port Harcourt
2004-09-11,28.9,23.4,25.5,9.5,11.8,18.83,88,1012.0,95,23.4,Port Harcourt
2004-09-12,29.4,23.0,25.6,7.5,9.1,18.67,89,1012.5,95,23.5,Port Harcourt
2004-09-13,29.4,23.1,25.4,10.7,10.7,13.99,89,1012.6,97,23.3,Port Harcourt
2004-09-14,29.1,22.8,25.3,9.3,11.1,16.22,89,1012.4,97,23.3,Port Harcourt
2004-09-15,28.1,23.1,24.8,13.6,9.9,11.7,90,1012.4,100,23.0,Port Harcourt
2004-09-16,28.3,23.0,24.9,7.6,12.2,15.19,91,1011.9,98,23.3,Port Harcourt
2004-09-17,28.0,22.8,24.8,9.5,11.8,11.75,90,1012.4,99,22.9,Port Harcourt
2004-09-18,26.3,22.8,24.2,12.6,9.4,9.25,93,1012.0,99,23.1,Port Harcourt
2004-09-19,27.8,22.8,24.9,5.4,10.3,13.65,89,1011.2,97,22.9,Port Harcourt
2004-09-20,29.9,22.9,25.4,9.1,10.6,15.93,87,1011.6,99,23.1,Port Harcourt
2004-09-21,28.7,23.3,25.1,11.8,12.1,15.92,88,1012.5,98,22.9,Port Harcourt
2004-09-22,26.5,23.0,24.3,12.4,8.9,10.49,93,1013.0,99,23.1,Port Harcourt
2004-09-23,28.2,22.2,24.5,8.9,9.2,13.94,92,1013.3,97,23.1,Port Harcourt
2004-09-24,28.5,22.4,24.6,11.0,10.8,16.48,92,1013.5,96,23.2,Port Harcourt
2004-09-25,28.4,22.4,24.4,14.7,10.9,14.97,90,1013.3,91,22.5,Port Harcourt
2004-09-26,29.0,22.2,24.9,5.3,13.7,17.43,88,1012.6,77,22.6,Port Harcourt
2004-09-27,29.1,22.8,25.2,6.6,10.7,18.19,88,1011.8,81,22.9,Port Harcourt
2004-09-28,27.8,23.2,25.1,6.6,10.0,14.55,88,1011.2,80,22.8,Port Harcourt
2004-09-29,27.5,23.0,24.5,17.1,13.2,11.66,92,1010.4,97,23.1,Port Harcourt
2004-09-30,27.9,22.4,24.5,7.2,14.3,12.75,92,1010.9,93,23.0,Port Harcourt
2004-10-01,27.6,22.9,24.8,2.2,7.4,11.07,89,1011.6,81,22.9,Port Harcourt
2004-10-02,29.1,22.4,25.4,1.6,11.5,15.36,86,1011.2,87,22.8,Port Harcourt
2004-10-03,28.0,23.0,25.1,5.2,11.4,13.58,88,1011.0,97,22.9,Port Harcourt
2004-10-04,27.6,23.1,24.6,16.9,14.0,10.83,92,1011.0,100,23.2,Port Harcourt
2004-10-05,27.6,22.7,24.7,8.0,7.1,11.11,93,1011.9,98,23.5,Port Harcourt
2004-10-06,28.1,23.8,25.5,10.3,9.0,12.53,90,1011.6,95,23.6,Port Harcourt
2004-10-07,28.0,23.4,25.1,11.8,11.4,11.63,91,1011.6,99,23.5,Port Harcourt
2004-10-08,28.7,23.5,25.4,5.6,10.8,13.31,90,1011.4,100,23.6,Port Harcourt
2004-10-09,29.3,23.2,25.6,8.2,12.3,17.81,90,1011.1,89,23.8,Port Harcourt
2004-10-10,27.4,23.3,24.6,15.6,11.8,7.93,95,1011.3,99,23.7,Port Harcourt
2004-10-11,29.7,22.8,25.3,13.0,10.3,16.9,89,1011.6,99,23.3,Port Harcourt
2004-10-12,28.7,23.2,25.2,10.7,8.9,14.07,90,1011.3,96,23.3,Port Harcourt
2004-10-13,29.4,22.8,25.6,6.6,10.9,18.19,90,1011.0,88,23.7,Port Harcourt
2004-10-14,28.9,23.5,25.7,7.1,12.2,14.56,88,1010.8,95,23.6,Port Harcourt
2004-10-15,27.7,23.2,25.1,11.9,8.1,11.48,92,1011.7,92,23.7,Port Harcourt
2004-10-16,30.2,22.9,26.1,0.4,7.2,18.12,86,1011.5,76,23.5,Port Harcourt
2004-10-17,27.7,23.9,25.5,14.5,9.0,13.56,92,1011.0,71,24.0,Port Harcourt
2004-10-18,29.2,23.5,25.7,7.3,9.2,17.29,90,1010.6,66,24.0,Port Harcourt
2004-10-19,28.4,23.4,25.6,10.9,10.0,12.88,90,1010.9,96,23.8,Port Harcourt
2004-10-20,26.9,23.3,25.0,5.0,11.2,8.92,91,1010.9,98,23.4,Port Harcourt
2004-10-21,27.8,23.3,24.9,20.0,9.4,12.19,91,1010.8,98,23.3,Port Harcourt
2004-10-22,28.6,22.6,25.0,3.0,7.4,13.1,90,1010.6,94,23.0,Port Harcourt
2004-10-23,30.4,23.3,25.9,3.8,10.8,19.28,87,1009.7,62,23.4,Port Harcourt
2004-10-24,28.2,22.9,25.0,11.1,11.8,14.94,91,1010.5,92,23.3,Port Harcourt
2004-10-25,26.8,23.1,24.8,13.5,7.8,12.27,94,1011.0,100,23.7,Port Harcourt
2004-10-26,29.4,23.2,25.7,2.5,10.4,17.59,88,1010.2,87,23.3,Port Harcourt
2004-10-27,29.1,23.2,25.6,5.9,9.7,16.8,89,1010.7,79,23.6,Port Harcourt
2004-10-28,30.6,22.9,25.9,7.5,7.7,18.51,88,1010.8,78,23.5,Port Harcourt
2004-10-29,28.2,23.4,25.0,8.1,11.4,10.39,91,1010.9,96,23.5,Port Harcourt
2004-10-30,27.5,23.0,24.9,12.7,10.1,9.29,92,1010.9,99,23.6,Port Harcourt
2004-10-31,29.7,23.2,25.8,4.2,8.9,17.25,88,1011.1,71,23.6,Port Harcourt
2004-11-01,29.6,23.4,25.6,6.1,10.6,14.62,89,1010.8,94,23.5,Port Harcourt
2004-11-02,29.9,23.5,26.1,5.3,11.2,18.05,87,1010.1,89,23.6,Port Harcourt
2004-11-03,29.6,22.8,25.8,2.1,9.4,18.69,88,1010.2,96,23.6,Port Harcourt
2004-11-04,28.9,23.0,25.6,6.4,11.2,15.69,90,1010.0,93,23.7,Port Harcourt
2004-11-05,26.1,23.3,24.6,12.4,6.3,5.72,95,1010.0,99,23.7,Port Harcourt
2004-11-06,29.7,23.2,25.9,2.3,7.2,16.66,88,1009.6,77,23.7,Port Harcourt
2004-11-07,29.3,24.3,25.8,10.0,7.4,12.92,90,1009.6,92,24.0,Port Harcourt
2004-11-08,29.8,23.4,25.8,7.4,8.0,17.34,90,1009.8,84,23.9,Port Harcourt
2004-11-09,30.4,23.0,25.7,16.5,9.8,18.39,90,1009.4,85,23.7,Port Harcourt
2004-11-10,29.6,23.5,26.0,6.3,13.2,16.91,90,1009.1,63,24.0,Port Harcourt
2004-11-11,30.0,23.2,25.9,6.4,9.2,17.23,88,1008.7,66,23.8,Port Harcourt
2004-11-12,30.4,23.4,25.8,5.7,11.9,17.85,90,1009.3,74,23.9,Port Harcourt
2004-11-13,26.9,23.2,24.8,14.3,8.9,7.64,94,1010.5,96,23.8,Port Harcourt
2004-11-14,29.8,23.4,25.9,3.6,9.7,16.53,89,1009.7,51,23.9,Port Harcourt
2004-11-15,29.7,24.2,26.3,8.0,11.2,18.36,89,1009.7,54,24.2,Port Harcourt
2004-11-16,30.3,23.5,26.3,6.4,6.8,17.37,90,1010.0,62,24.3,Port Harcourt
2004-11-17,29.6,23.7,25.8,9.5,10.0,11.76,90,1010.0,93,23.9,Port Harcourt
2004-11-18,28.9,23.6,25.6,6.8,10.9,10.62,90,1010.8,98,23.8,Port Harcourt
2004-11-19,27.6,23.6,25.3,10.8,12.4,10.93,92,1011.8,92,23.8,Port Harcourt
2004-11-20,30.6,23.1,25.9,13.4,6.5,17.44,91,1011.8,76,24.1,Port Harcourt
2004-11-21,29.7,23.9,26.3,6.8,7.8,15.68,90,1010.9,79,24.4,Port Harcourt
2004-11-22,26.3,24.2,25.3,4.8,10.0,7.45,92,1010.7,97,23.9,Port Harcourt
2004-11-23,29.5,23.7,25.9,8.9,10.2,15.35,88,1010.5,78,23.6,Port Harcourt
2004-11-24,28.8,23.4,25.4,7.6,12.0,12.77,89,1010.7,71,23.4,Port Harcourt
2004-11-25,30.3,22.7,26.0,1.3,8.7,18.37,86,1010.3,65,23.3,Port Harcourt
2004-11-26,30.6,23.3,26.3,2.9,8.0,18.8,87,1010.1,38,23.9,Port Harcourt
2004-11-27,30.3,23.7,26.3,4.9,8.6,17.06,87,1009.5,82,23.9,Port Harcourt
2004-11-28,30.1,24.0,26.3,2.8,9.5,17.02,88,1009.8,94,24.0,Port Harcourt
2004-11-29,31.3,23.9,26.9,1.3,11.3,19.55,84,1010.3,66,23.6,Port Harcourt
2004-11-30,31.7,23.5,27.1,0.0,9.8,19.9,81,1010.1,51,23.2,Port Harcourt
2004-12-01,32.1,24.0,27.4,0.0,9.0,21.21,81,1008.8,47,23.3,Port Harcourt
2004-12-02,31.9,24.4,27.5,0.0,10.2,19.97,82,1007.8,26,23.6,Port Harcourt
2004-12-03,31.3,24.2,27.3,0.7,10.0,18.17,82,1008.8,38,23.8,Port Harcourt
2004-12-04,32.0,24.2,27.5,0.5,10.5,18.73,81,1009.6,67,23.7,Port Harcourt
2004-12-05,32.0,24.3,27.4,0.4,12.0,18.57,81,1010.1,70,23.5,Port Harcourt
2004-12-06,31.1,23.8,26.9,1.2,11.8,16.5,84,1010.4,88,23.8,Port Harcourt
2004-12-07,31.6,23.9,27.3,0.4,9.7,18.31,82,1010.5,49,23.6,Port Harcourt
2004-12-08,30.9,24.0,27.0,1.8,11.4,19.05,85,1010.1,26,24.0,Port Harcourt
2004-12-09,31.0,23.8,26.5,2.5,9.8,18.21,87,1009.9,51,24.0,Port Harcourt
2004-12-10,31.0,23.7,26.8,1.2,9.3,16.37,84,1008.6,40,23.6,Port Harcourt
2004-12-11,29.9,24.3,26.3,4.7,9.3,14.43,88,1009.2,75,24.0,Port Harcourt
2004-12-12,30.6,24.1,26.5,3.2,9.6,15.48,87,1009.7,89,24.1,Port Harcourt
2004-12-13,30.5,24.1,27.0,1.4,10.1,17.26,85,1010.0,33,24.1,Port Harcourt
2004-12-14,29.7,24.3,26.7,2.3,11.2,16.05,87,1009.9,36,24.3,Port Harcourt
2004-12-15,30.6,23.3,26.7,2.8,8.3,16.76,85,1008.8,58,23.8,Port Harcourt
2004-12-16,32.0,23.8,27.4,0.1,10.5,18.24,83,1008.0,42,23.9,Port Harcourt
2004-12-17,32.1,24.5,27.7,1.2,12.0,17.63,82,1008.9,20,24.0,Port Harcourt
2004-12-18,32.9,24.4,27.9,0.1,12.7,19.41,80,1009.5,41,23.6,Port Harcourt
2004-12-19,32.1,24.7,27.7,0.6,11.3,17.9,81,1009.7,87,23.7,Port Harcourt
2004-12-20,32.1,24.2,27.6,0.3,11.8,17.07,80,1009.0,92,23.5,Port Harcourt
2004-12-21,31.1,24.0,26.8,1.1,9.7,17.01,86,1009.2,79,24.1,Port Harcourt
2004-12-22,31.1,23.5,26.7,1.0,11.0,16.97,85,1008.9,45,23.7,Port Harcourt
2004-12-23,31.9,24.0,27.2,0.8,10.9,17.7,82,1008.1,29,23.4,Port Harcourt
2004-12-24,32.5,24.1,27.7,0.0,10.4,18.47,80,1006.9,25,23.5,Port Harcourt
2004-12-25,31.5,24.7,27.4,0.8,14.1,17.14,83,1007.5,57,24.1,Port Harcourt
2004-12-26,30.4,24.8,26.7,0.9,12.1,15.45,86,1008.7,99,24.1,Port Harcourt
2004-12-27,30.3,24.2,26.3,2.0,11.1,11.8,86,1009.9,99,23.6,Port Harcourt
2004-12-28,30.5,24.1,26.9,0.0,10.8,12.28,83,1010.1,99,23.6,Port Harcourt
2004-12-29,31.2,24.3,27.1,1.0,10.5,16.1,85,1010.0,73,24.2,Port Harcourt
2004-12-30,30.0,24.0,26.3,1.4,12.9,13.84,86,1010.0,97,23.7,Port Harcourt
2004-12-31,30.6,22.5,26.4,0.2,9.0,17.24,86,1010.4,88,23.6,Port Harcourt
2005-01-01,31.4,24.2,26.8,4.6,10.5,18.01,85,1011.8,38,23.8,Port Harcourt
2005-01-02,29.7,24.0,26.3,5.0,12.0,13.97,87,1012.1,86,24.0,Port Harcourt
2005-01-03,31.2,24.2,26.8,1.2,9.4,17.36,85,1010.8,47,23.9,Port Harcourt
2005-01-04,29.9,24.5,26.9,1.2,10.4,16.37,87,1010.7,44,24.5,Port Harcourt
2005-01-05,32.4,24.4,27.7,0.2,10.8,18.99,81,1010.7,25,23.5,Port Harcourt
2005-01-06,33.5,24.4,27.7,0.0,11.9,21.55,71,1010.2,49,20.4,Port Harcourt
2005-01-07,32.1,21.8,26.1,0.0,10.4,23.19,67,1009.8,25,18.0,Port Harcourt
2005-01-08,32.6,19.9,25.4,0.0,15.0,23.72,60,1009.8,2,14.9,Port Harcourt
2005-01-09,33.4,20.6,25.6,0.0,15.6,23.46,42,1008.6,77,10.5,Port Harcourt
2005-01-10,33.8,19.1,25.5,0.0,15.1,23.23,53,1009.0,77,13.5,Port Harcourt
2005-01-11,33.4,18.7,25.3,0.0,9.7,23.7,56,1010.0,18,14.2,Port Harcourt
2005-01-12,33.3,18.4,25.7,0.0,10.4,23.53,62,1010.8,77,16.0,Port Harcourt
2005-01-13,33.1,19.6,25.9,0.0,13.3,23.29,73,1010.6,11,19.8,Port Harcourt
2005-01-14,33.6,22.1,26.9,0.0,14.4,22.44,75,1009.1,28,21.3,Port Harcourt
2005-01-15,34.9,23.4,28.1,0.0,13.4,22.29,73,1008.0,70,21.6,Port Harcourt
2005-01-16,34.1,23.8,27.9,0.0,13.0,21.05,76,1007.0,18,22.4,Port Harcourt
2005-01-17,34.1,22.8,27.8,0.0,14.5,22.22,75,1007.9,30,22.1,Port Harcourt
2005-01-18,34.7,23.0,27.7,0.0,13.3,22.98,70,1008.6,71,20.3,Port Harcourt
2005-01-19,33.2,23.5,27.4,0.0,13.3,21.1,76,1008.1,81,22.1,Port Harcourt
2005-01-20,34.1,22.6,27.8,0.0,13.4,22.78,75,1007.1,64,22.1,Port Harcourt
2005-01-21,34.9,24.1,29.0,0.0,12.4,22.37,70,1007.7,89,22.1,Port Harcourt
2005-01-22,35.2,24.6,29.3,0.2,13.5,20.91,70,1008.8,94,22.4,Port Harcourt
2005-01-23,33.5,25.3,28.8,0.2,10.9,18.76,73,1010.3,91,23.1,Port Harcourt
2005-01-24,31.4,24.9,27.9,0.5,13.8,14.93,79,1010.5,96,23.8,Port Harcourt
2005-01-25,34.2,24.4,28.8,0.0,12.8,18.35,74,1010.1,79,23.0,Port Harcourt
2005-01-26,35.4,25.3,29.3,0.0,15.7,20.37,72,1009.9,99,23.0,Port Harcourt
2005-01-27,34.1,25.8,29.2,0.1,13.2,20.57,72,1009.2,96,23.2,Port Harcourt
2005-01-28,32.7,25.6,28.2,2.3,13.3,17.86,78,1008.8,86,23.7,Port Harcourt
2005-01-29,32.3,25.4,28.0,1.2,16.7,16.45,79,1008.5,85,23.7,Port Harcourt
2005-01-30,32.4,25.3,28.0,1.3,14.6,17.18,78,1008.2,56,23.6,Port Harcourt
2005-01-31,32.3,24.3,27.7,2.1,12.1,17.11,79,1007.2,70,23.5,Port Harcourt
2005-02-01,32.9,24.9,28.2,0.9,12.6,17.82,77,1006.9,88,23.5,Port Harcourt
2005-02-02,32.8,24.9,28.1,1.8,14.2,19.22,79,1007.9,66,23.8,Port Harcourt
2005-02-03,32.2,24.6,27.8,1.2,12.0,18.24,81,1008.1,26,23.9,Port Harcourt
2005-02-04,33.0,25.3,28.2,2.4,11.0,19.25,81,1008.0,83,24.3,Port Harcourt
2005-02-05,31.4,25.2,27.1,7.5,11.5,12.91,85,1007.3,100,24.2,Port Harcourt
2005-02-06,31.8,24.9,27.0,4.2,14.4,14.85,83,1008.0,98,23.7,Port Harcourt
2005-02-07,29.9,24.2,26.8,3.9,12.4,11.16,84,1009.7,100,23.7,Port Harcourt
2005-02-08,30.9,24.7,27.3,2.0,13.1,15.52,84,1009.7,96,24.1,Port Harcourt
2005-02-09,31.4,24.2,27.3,5.5,10.9,18.16,83,1009.0,83,24.0,Port Harcourt
2005-02-10,31.3,24.2,27.2,4.6,9.8,16.12,84,1007.9,66,24.0,Port Harcourt
2005-02-11,30.4,24.9,27.2,7.0,11.4,14.35,87,1007.9,88,24.8,Port Harcourt
2005-02-12,32.0,24.6,27.8,0.7,11.7,18.1,84,1007.8,67,24.6,Port Harcourt
2005-02-13,33.4,25.6,28.4,1.1,13.3,20.0,81,1007.2,67,24.5,Port Harcourt
2005-02-14,33.8,25.3,28.8,0.0,14.3,20.04,77,1006.2,69,23.8,Port Harcourt
2005-02-15,34.7,24.7,28.8,0.0,15.3,22.05,77,1006.3,68,23.8,Port Harcourt
2005-02-16,33.7,25.9,28.9,1.3,15.4,19.51,78,1007.2,57,24.3,Port Harcourt
2005-02-17,32.3,25.4,28.4,1.5,12.3,19.42,81,1008.1,40,24.6,Port Harcourt
2005-02-18,33.2,25.4,28.6,1.1,13.6,19.85,80,1007.8,39,24.5,Port Harcourt
2005-02-19,32.4,25.7,28.5,1.0,13.7,19.32,81,1007.5,45,24.7,Port Harcourt
2005-02-20,32.4,25.6,28.1,7.3,13.7,18.73,82,1007.4,30,24.6,Port Harcourt
2005-02-21,32.0,25.6,27.6,9.4,12.6,16.68,84,1008.5,56,24.6,Port Harcourt
2005-02-22,33.1,24.5,28.0,1.6,13.0,20.31,83,1008.7,70,24.7,Port Harcourt
2005-02-23,33.1,24.8,28.7,0.2,14.0,18.0,82,1007.6,47,25.0,Port Harcourt
2005-02-24,32.0,26.2,28.4,3.3,13.6,16.68,84,1008.2,74,25.3,Port Harcourt
2005-02-25,30.5,25.8,27.2,6.9,10.8,14.71,87,1009.4,98,24.8,Port Harcourt
2005-02-26,31.8,25.6,27.4,8.5,10.8,17.46,86,1010.1,99,24.7,Port Harcourt
2005-02-27,31.7,24.6,27.7,0.8,11.1,17.59,84,1009.7,82,24.5,Port Harcourt
2005-02-28,31.9,26.2,28.4,0.5,14.2,18.26,81,1009.0,54,24.6,Port Harcourt
2005-03-01,32.2,25.3,28.3,2.0,13.4,18.93,82,1008.8,62,24.8,Port Harcourt
2005-03-02,31.4,25.7,27.9,7.1,11.8,17.4,83,1009.1,89,24.7,Port Harcourt
2005-03-03,31.7,25.2,27.4,5.9,13.2,16.73,87,1010.1,100,24.8,Port Harcourt
2005-03-04,32.1,25.3,27.6,2.5,16.9,16.96,84,1010.6,92,24.5,Port Harcourt
2005-03-05,32.2,25.3,27.8,3.5,12.0,18.31,85,1010.2,83,24.9,Port Harcourt
2005-03-06,31.2,25.2,27.3,5.7,12.1,17.24,87,1010.6,79,24.8,Port Harcourt
2005-03-07,32.0,25.1,28.0,3.9,9.7,22.08,85,1009.3,92,25.1,Port Harcourt
2005-03-08,33.0,24.7,28.3,0.8,13.5,18.55,84,1007.7,75,25.0,Port Harcourt
2005-03-09,32.8,25.3,28.5,3.2,11.7,18.51,84,1007.5,82,25.3,Port Harcourt
2005-03-10,31.1,25.4,27.7,11.3,14.6,14.55,86,1007.7,97,25.0,Port Harcourt
2005-03-11,30.5,25.2,26.6,18.4,12.4,13.18,91,1008.9,98,24.9,Port Harcourt
2005-03-12,27.4,24.8,25.8,15.4,10.5,7.06,93,1010.1,99,24.6,Port Harcourt
2005-03-13,31.4,24.7,27.5,3.1,10.3,20.27,84,1008.7,66,24.5,Port Harcourt
2005-03-14,31.6,25.1,27.3,7.6,12.9,16.96,85,1008.9,85,24.4,Port Harcourt
2005-03-15,31.2,24.8,27.2,3.5,9.2,16.99,85,1008.5,98,24.5,Port Harcourt
2005-03-16,31.2,25.9,27.6,3.2,10.9,16.15,86,1008.3,99,24.9,Port Harcourt
2005-03-17,30.7,25.1,27.2,2.9,11.5,16.55,87,1008.7,99,24.8,Port Harcourt
2005-03-18,30.8,24.7,27.0,7.9,8.3,15.4,88,1009.4,98,24.6,Port Harcourt
2005-03-19,31.1,24.0,27.1,2.6,12.3,16.44,86,1009.2,97,24.4,Port Harcourt
2005-03-20,31.1,24.8,26.9,12.6,10.7,16.88,88,1009.2,82,24.7,Port Harcourt
2005-03-21,30.3,24.7,26.4,19.7,10.8,15.41,89,1009.1,97,24.4,Port Harcourt
2005-03-22,30.1,23.8,26.7,1.1,6.6,12.49,86,1009.2,97,24.1,Port Harcourt
2005-03-23,29.4,24.8,26.2,13.5,11.8,11.91,90,1011.0,96,24.3,Port Harcourt
2005-03-24,31.7,23.6,27.0,1.0,7.8,20.8,83,1010.3,58,23.7,Port Harcourt
2005-03-25,31.9,24.1,27.8,1.4,10.7,22.18,81,1009.2,47,24.0,Port Harcourt
2005-03-26,30.3,25.2,27.0,3.2,11.5,16.61,85,1009.7,95,24.2,Port Harcourt
2005-03-27,31.5,24.3,27.3,2.9,11.2,21.16,85,1009.6,73,24.3,Port Harcourt
2005-03-28,31.6,24.7,27.7,1.5,10.3,21.33,83,1009.9,76,24.4,Port Harcourt
2005-03-29,31.9,25.2,27.9,1.0,8.6,20.3,81,1009.3,85,24.2,Port Harcourt
2005-03-30,31.1,25.7,27.7,5.9,11.1,19.25,84,1008.9,80,24.5,Port Harcourt
2005-03-31,29.0,25.2,26.7,6.2,13.3,14.06,87,1008.9,94,24.3,Port Harcourt
2005-04-01,31.0,24.7,27.0,4.6,13.0,17.14,87,1009.2,96,24.5,Port Harcourt
2005-04-02,31.1,25.1,27.1,3.6,10.8,18.39,88,1010.3,82,24.8,Port Harcourt
2005-04-03,31.9,24.7,27.5,4.0,11.5,20.4,86,1010.6,46,24.8,Port Harcourt
2005-04-04,31.3,25.3,27.4,3.8,13.6,20.2,87,1010.9,62,25.0,Port Harcourt
2005-04-05,30.7,25.2,27.4,3.9,14.0,18.36,86,1010.7,73,24.7,Port Harcourt
2005-04-06,31.4,25.3,27.5,10.8,11.8,19.94,86,1010.1,53,24.9,Port Harcourt
2005-04-07,29.1,25.2,26.7,8.7,13.1,13.42,89,1009.2,92,24.7,Port Harcourt
2005-04-08,29.1,25.2,26.5,10.6,11.3,13.43,92,1008.7,83,25.1,Port Harcourt
2005-04-09,29.8,25.2,26.8,3.5,11.7,15.18,89,1008.0,88,24.8,Port Harcourt
2005-04-10,31.4,25.0,27.5,4.1,11.2,19.91,86,1007.3,66,24.9,Port Harcourt
2005-04-11,30.9,25.4,27.3,4.9,12.6,18.99,87,1007.7,61,24.9,Port Harcourt
2005-04-12,29.9,24.5,26.7,8.3,11.7,14.62,89,1008.4,71,24.6,Port Harcourt
2005-04-13,31.3,25.0,27.4,10.1,10.7,17.37,88,1008.6,98,25.0,Port Harcourt
2005-04-14,30.1,25.3,27.1,8.6,11.2,14.45,87,1009.1,98,24.7,Port Harcourt
2005-04-15,30.6,25.2,27.1,4.2,12.7,14.63,88,1009.1,100,24.9,Port Harcourt
2005-04-16,31.6,24.6,27.5,2.7,10.7,19.86,84,1009.3,64,24.4,Port Harcourt
2005-04-17,28.9,25.3,26.6,7.3,11.9,8.86,91,1009.0,96,24.9,Port Harcourt
2005-04-18,28.5,24.0,26.2,12.9,13.6,11.58,91,1008.7,88,24.6,Port Harcourt
2005-04-19,30.9,24.1,26.9,2.9,10.1,15.4,89,1008.4,87,24.9,Port Harcourt
2005-04-20,30.4,24.9,27.2,5.6,8.4,17.62,89,1008.5,95,25.2,Port Harcourt
2005-04-21,28.4,25.3,26.7,9.9,10.2,12.27,89,1008.8,99,24.7,Port Harcourt
2005-04-22,29.7,24.8,26.8,5.0,12.3,13.73,87,1008.7,98,24.3,Port Harcourt
2005-04-23,30.6,24.5,27.1,1.6,10.6,15.42,86,1008.0,96,24.5,Port Harcourt
2005-04-24,31.1,24.3,27.0,12.3,11.5,17.63,87,1008.2,78,24.5,Port Harcourt
2005-04-25,28.5,24.4,26.3,14.7,13.6,11.4,91,1009.0,100,24.6,Port Harcourt
2005-04-26,29.4,25.0,26.3,15.2,13.0,12.98,91,1010.1,99,24.6,Port Harcourt
2005-04-27,29.9,23.8,26.3,6.4,13.1,17.38,89,1011.2,96,24.4,Port Harcourt
2005-04-28,31.0,23.8,27.2,2.3,10.4,19.68,87,1010.2,82,24.7,Port Harcourt
2005-04-29,30.1,24.8,26.3,15.0,13.5,12.51,90,1010.3,85,24.4,Port Harcourt
2005-04-30,27.6,24.0,25.5,14.0,14.0,12.87,91,1010.3,96,23.9,Port Harcourt
2005-05-01,26.7,23.8,24.9,12.2,10.1,8.15,95,1011.1,93,24.0,Port Harcourt
2005-05-02,29.8,23.2,25.8,12.2,11.4,17.41,90,1011.6,91,23.9,Port Harcourt
2005-05-03,30.8,23.6,26.2,12.1,13.0,19.36,88,1012.0,79,24.1,Port Harcourt
2005-05-04,27.9,23.6,25.0,16.1,12.0,11.61,94,1012.3,99,24.1,Port Harcourt
2005-05-05,26.7,23.1,24.4,16.2,7.2,8.36,94,1013.1,93,23.4,Port Harcourt
2005-05-06,29.7,22.7,25.4,7.7,11.3,20.05,89,1012.8,75,23.3,Port Harcourt
2005-05-07,30.5,23.4,26.1,3.5,10.6,19.27,86,1012.4,53,23.4,Port Harcourt
2005-05-08,29.0,23.8,25.9,11.5,7.2,17.68,92,1011.8,87,24.4,Port Harcourt
2005-05-09,29.2,23.5,25.7,8.0,12.0,14.54,90,1011.3,99,23.9,Port Harcourt
2005-05-10,29.9,23.7,26.0,8.6,6.3,17.17,89,1011.1,98,24.1,Port Harcourt
2005-05-11,30.7,24.0,26.9,1.5,9.4,19.34,85,1010.6,75,24.0,Port Harcourt
2005-05-12,29.6,24.3,26.7,8.3,14.0,15.11,87,1010.5,78,24.3,Port Harcourt
2005-05-13,30.0,24.9,26.8,4.1,13.3,18.37,88,1010.8,64,24.5,Port Harcourt
2005-05-14,29.5,24.2,26.4,6.1,7.6,15.9,89,1010.2,68,24.4,Port Harcourt
2005-05-15,30.2,24.0,26.5,5.8,10.4,17.66,87,1009.4,88,24.1,Port Harcourt
2005-05-16,29.9,24.6,26.6,11.6,11.3,16.61,90,1008.3,96,24.7,Port Harcourt
2005-05-17,29.6,24.7,26.4,10.0,11.9,16.5,91,1007.8,90,24.7,Port Harcourt
2005-05-18,30.3,24.9,26.6,5.8,12.4,16.12,89,1008.3,91,24.5,Port Harcourt
2005-05-19,28.6,24.5,26.3,10.3,10.9,13.28,89,1008.6,89,24.3,Port Harcourt
2005-05-20,30.3,24.4,27.1,4.1,12.5,16.8,86,1008.7,74,24.3,Port Harcourt
2005-05-21,30.5,24.8,27.0,6.8,11.4,17.43,86,1008.2,57,24.5,Port Harcourt
2005-05-22,29.2,25.0,26.3,8.9,15.5,15.76,89,1009.5,93,24.3,Port Harcourt
2005-05-23,28.0,24.0,25.8,7.4,10.1,10.53,88,1010.8,99,23.7,Port Harcourt
2005-05-24,29.8,24.0,26.6,3.8,10.9,17.46,87,1010.0,76,24.0,Port Harcourt
2005-05-25,30.4,24.5,26.9,3.7,10.9,17.2,87,1010.1,77,24.4,Port Harcourt
2005-05-26,28.0,23.6,25.3,16.3,10.8,9.98,91,1010.9,100,23.6,Port Harcourt
2005-05-27,27.2,23.4,24.9,10.2,7.6,9.68,92,1012.3,94,23.5,Port Harcourt
2005-05-28,28.9,23.6,25.8,3.1,11.2,15.35,87,1012.2,99,23.3,Port Harcourt
2005-05-29,28.3,23.9,25.8,2.8,14.5,16.34,87,1011.5,72,23.4,Port Harcourt
2005-05-30,27.8,23.4,25.1,13.7,10.9,13.05,90,1012.3,89,23.3,Port Harcourt
2005-05-31,27.7,23.7,25.4,4.9,8.4,11.92,89,1012.7,78,23.4,Port Harcourt
2005-06-01,29.7,23.2,26.1,3.5,8.6,18.3,86,1011.2,80,23.6,Port Harcourt
2005-06-02,27.4,24.1,25.7,7.9,10.2,10.19,90,1010.5,75,23.9,Port Harcourt
2005-06-03,28.2,24.2,25.9,3.0,13.4,13.69,87,1010.3,83,23.4,Port Harcourt
2005-06-04,28.3,24.2,25.7,4.7,13.3,11.78,88,1010.4,98,23.6,Port Harcourt
2005-06-05,28.8,23.8,26.0,3.3,12.7,15.69,86,1010.6,91,23.4,Port Harcourt
2005-06-06,28.2,23.3,25.2,24.6,10.2,11.47,91,1011.0,99,23.5,Port Harcourt
2005-06-07,26.5,23.7,25.0,9.5,10.2,6.84,92,1011.2,97,23.6,Port Harcourt
2005-06-08,28.7,23.7,25.8,2.6,12.8,13.86,88,1011.3,73,23.5,Port Harcourt
2005-06-09,28.2,24.2,25.4,11.7,10.0,11.94,90,1012.0,85,23.6,Port Harcourt
2005-06-10,29.0,23.5,25.5,4.9,11.5,15.72,89,1012.1,96,23.5,Port Harcourt
2005-06-11,25.7,23.4,24.5,21.0,12.8,5.6,95,1012.2,100,23.7,Port Harcourt
2005-06-12,27.7,23.6,25.3,4.8,13.5,12.69,88,1013.0,96,23.2,Port Harcourt
2005-06-13,29.1,23.5,25.8,0.8,11.5,16.57,86,1011.7,84,23.1,Port Harcourt
2005-06-14,29.2,24.3,26.2,1.1,10.7,14.84,84,1011.3,95,23.2,Port Harcourt
2005-06-15,28.5,24.4,25.6,6.4,15.6,11.77,87,1012.6,86,23.3,Port Harcourt
2005-06-16,28.5,23.9,25.6,8.8,11.0,15.33,85,1012.6,78,22.9,Port Harcourt
2005-06-17,27.6,23.3,25.0,12.2,11.5,11.26,89,1013.3,97,23.1,Port Harcourt
2005-06-18,27.5,23.0,24.9,6.0,9.1,11.38,90,1013.7,91,23.1,Port Harcourt
2005-06-19,29.0,23.0,25.3,9.3,8.5,17.69,88,1013.3,69,23.1,Port Harcourt
2005-06-20,28.7,23.4,25.2,9.2,8.7,15.07,90,1012.7,90,23.3,Port Harcourt
2005-06-21,28.7,23.3,24.9,12.2,9.4,12.64,92,1012.6,73,23.5,Port Harcourt
2005-06-22,28.5,23.6,25.3,7.3,9.8,15.02,90,1012.1,83,23.5,Port Harcourt
2005-06-23,27.5,23.3,24.8,9.7,12.3,10.25,91,1011.9,89,23.2,Port Harcourt
2005-06-24,25.4,23.3,24.1,17.3,9.4,5.06,94,1011.8,99,23.0,Port Harcourt
2005-06-25,24.7,23.0,23.6,29.8,9.6,3.69,97,1012.2,100,23.2,Port Harcourt
2005-06-26,25.5,22.9,23.7,24.2,8.7,6.24,95,1014.0,91,22.8,Port Harcourt
2005-06-27,27.7,21.8,23.9,5.9,10.1,11.73,93,1014.0,93,22.7,Port Harcourt
2005-06-28,28.2,22.5,24.8,8.6,8.3,13.63,91,1013.3,83,23.2,Port Harcourt
2005-06-29,28.2,23.2,25.2,9.8,11.6,17.77,90,1012.6,67,23.3,Port Harcourt
2005-06-30,26.3,23.1,24.5,4.8,10.7,8.73,91,1012.6,85,22.9,Port Harcourt
2005-07-01,28.3,22.8,24.7,8.3,12.1,12.41,90,1012.7,88,22.8,Port Harcourt
2005-07-02,25.6,23.0,24.2,40.2,13.7,8.93,93,1013.4,97,23.0,Port Harcourt
2005-07-03,24.4,23.0,23.5,26.8,9.1,4.5,97,1014.2,99,23.0,Port Harcourt
2005-07-04,27.3,22.3,24.3,10.7,8.7,10.88,92,1013.6,100,22.8,Port Harcourt
2005-07-05,26.1,23.0,24.0,24.0,11.2,8.92,93,1013.4,99,22.8,Port Harcourt
2005-07-06,25.5,22.7,23.9,60.0,13.6,7.86,94,1014.3,93,22.8,Port Harcourt
2005-07-07,28.6,22.0,24.7,5.1,6.9,14.89,89,1014.4,91,22.7,Port Harcourt
2005-07-08,27.0,22.9,24.4,7.6,11.0,12.83,90,1013.9,95,22.6,Port Harcourt
2005-07-09,25.4,22.5,23.7,18.3,12.2,7.79,94,1014.2,99,22.6,Port Harcourt
2005-07-10,27.1,22.7,23.9,5.0,8.0,9.21,92,1015.0,98,22.5,Port Harcourt
2005-07-11,29.5,21.7,24.9,2.6,9.0,19.09,89,1014.8,74,22.8,Port Harcourt
2005-07-12,27.9,23.0,24.5,7.8,13.0,13.41,91,1013.8,72,22.9,Port Harcourt
2005-07-13,26.1,22.5,24.1,15.6,12.4,9.95,92,1013.2,98,22.8,Port Harcourt
2005-07-14,25.7,22.0,23.9,10.0,7.7,8.43,93,1013.0,86,22.7,Port Harcourt
2005-07-15,29.3,22.1,24.9,5.0,10.3,17.42,88,1013.9,72,22.6,Port Harcourt
2005-07-16,27.1,22.4,24.6,13.7,13.5,14.13,93,1014.5,86,23.3,Port Harcourt
2005-07-17,27.5,22.9,24.6,6.0,10.5,13.85,90,1013.7,77,22.9,Port Harcourt
2005-07-18,26.4,22.8,24.3,5.4,8.2,9.5,91,1012.6,96,22.7,Port Harcourt
2005-07-19,28.5,22.3,24.8,4.5,8.2,15.33,88,1012.4,78,22.6,Port Harcourt
2005-07-20,28.3,23.0,24.7,5.7,12.7,13.05,89,1012.8,95,22.7,Port Harcourt
2005-07-21,27.7,23.5,24.6,9.8,11.0,11.58,89,1013.4,96,22.6,Port Harcourt
2005-07-22,27.8,22.3,24.7,1.7,8.6,13.52,88,1013.5,85,22.6,Port Harcourt
2005-07-23,28.4,22.7,25.2,2.3,11.8,14.56,88,1013.0,84,23.0,Port Harcourt
2005-07-24,28.2,23.4,25.4,2.7,9.5,13.78,87,1013.1,78,23.1,Port Harcourt
2005-07-25,28.2,23.4,25.1,4.8,11.9,14.57,88,1013.7,91,22.9,Port Harcourt
2005-07-26,25.6,23.0,24.2,6.7,12.5,6.86,92,1014.3,100,22.8,Port Harcourt
2005-07-27,28.5,23.5,24.8,8.2,14.4,13.37,89,1013.8,89,22.8,Port Harcourt
2005-07-28,27.9,23.4,24.5,20.7,15.5,11.36,91,1013.8,88,22.8,Port Harcourt
2005-07-29,26.9,23.0,24.4,7.4,11.5,11.2,89,1014.2,84,22.5,Port Harcourt
2005-07-30,28.9,22.9,24.7,1.3,9.2,14.43,88,1013.9,94,22.5,Port Harcourt
2005-07-31,27.8,22.6,24.8,2.4,12.2,13.89,86,1013.4,77,22.2,Port Harcourt
2005-08-01,29.3,22.6,25.6,0.0,13.9,19.04,79,1013.4,52,21.4,Port Harcourt
2005-08-02,28.7,22.8,25.3,2.0,11.0,18.66,83,1013.3,62,22.1,Port Harcourt
2005-08-03,29.0,22.9,25.7,0.6,12.0,19.75,78,1013.0,64,21.5,Port Harcourt
2005-08-04,28.5,23.2,25.4,1.7,11.0,17.24,84,1012.9,99,22.4,Port Harcourt
2005-08-05,28.7,23.2,25.1,7.0,14.8,16.71,88,1013.0,98,22.9,Port Harcourt
2005-08-06,28.8,23.5,25.1,5.2,13.9,14.94,87,1012.8,99,22.7,Port Harcourt
2005-08-07,28.0,23.2,25.0,3.2,16.8,15.47,84,1013.6,92,22.0,Port Harcourt
2005-08-08,27.7,23.5,25.0,1.4,12.1,11.24,86,1013.8,92,22.4,Port Harcourt
2005-08-09,28.1,23.2,25.1,1.9,9.4,13.56,86,1014.0,89,22.5,Port Harcourt
2005-08-10,30.1,22.8,26.1,0.7,11.5,18.41,80,1013.3,77,22.2,Port Harcourt
2005-08-11,29.4,24.0,25.6,1.9,14.5,15.11,84,1012.0,99,22.6,Port Harcourt
2005-08-12,27.2,22.7,24.5,17.2,16.9,12.82,89,1011.4,96,22.5,Port Harcourt
2005-08-13,26.8,22.7,24.5,2.0,10.3,9.15,88,1013.1,99,22.2,Port Harcourt
2005-08-14,27.1,22.7,24.5,2.1,12.2,10.6,87,1014.1,93,22.2,Port Harcourt
2005-08-15,28.1,22.4,24.4,9.4,17.4,15.84,87,1014.1,88,22.0,Port Harcourt
2005-08-16,28.1,22.6,24.6,3.9,15.8,16.7,86,1013.2,67,22.0,Port Harcourt
2005-08-17,27.5,22.5,24.7,1.4,15.1,17.46,83,1013.9,59,21.7,Port Harcourt
2005-08-18,27.6,22.1,24.6,1.3,12.6,17.26,85,1013.6,78,21.9,Port Harcourt
2005-08-19,29.1,21.9,25.1,1.6,11.8,19.3,82,1013.6,74,21.6,Port Harcourt
2005-08-20,28.1,23.2,25.0,3.3,15.1,17.09,82,1013.7,71,21.6,Port Harcourt
2005-08-21,28.6,23.1,25.4,0.9,13.0,19.85,81,1013.2,68,21.7,Port Harcourt
2005-08-22,28.4,23.1,24.8,12.2,11.1,13.28,85,1012.8,85,22.1,Port Harcourt
2005-08-23,27.9,22.8,24.4,24.5,16.9,13.74,87,1012.9,98,22.1,Port Harcourt
2005-08-24,25.6,22.5,23.4,26.3,11.5,8.19,95,1013.6,98,22.6,Port Harcourt
2005-08-25,26.3,22.2,23.8,8.5,8.4,10.29,92,1013.8,97,22.4,Port Harcourt
2005-08-26,27.7,22.3,24.6,2.5,9.0,11.03,88,1013.0,97,22.4,Port Harcourt
2005-08-27,28.7,23.5,25.3,6.7,13.0,17.52,85,1011.7,95,22.5,Port Harcourt
2005-08-28,28.3,23.1,24.5,29.7,11.0,13.37,91,1011.1,99,23.0,Port Harcourt
2005-08-29,26.4,22.8,23.6,78.0,14.3,6.25,95,1011.2,100,22.7,Port Harcourt
2005-08-30,27.7,22.2,24.8,1.8,7.7,15.61,87,1012.7,73,22.2,Port Harcourt
2005-08-31,29.4,23.2,25.2,6.5,12.7,15.78,86,1011.6,89,22.7,Port Harcourt
2005-09-01,27.3,22.7,24.3,12.8,13.0,13.53,90,1010.8,78,22.5,Port Harcourt
2005-09-02,27.6,22.4,24.8,4.2,8.7,14.7,87,1011.9,83,22.4,Port Harcourt
2005-09-03,29.4,23.1,25.2,7.7,11.2,17.07,87,1012.9,85,22.8,Port Harcourt
2005-09-04,29.6,22.4,24.8,11.0,11.7,15.48,89,1012.8,89,22.7,Port Harcourt
2005-09-05,28.6,22.6,24.9,8.2,13.7,18.38,89,1011.9,81,22.9,Port Harcourt
2005-09-06,29.0,23.1,25.1,6.4,13.3,17.9,87,1012.8,84,22.8,Port Harcourt
2005-09-07,28.1,23.2,24.9,5.8,8.0,12.47,89,1013.8,90,22.8,Port Harcourt
2005-09-08,29.6,22.7,25.3,4.8,12.2,19.86,87,1013.4,69,22.9,Port Harcourt
2005-09-09,29.5,23.7,25.6,6.5,12.0,18.45,85,1013.7,64,22.9,Port Harcourt
2005-09-10,28.0,23.1,24.8,7.2,9.5,13.23,89,1013.1,70,22.8,Port Harcourt
2005-09-11,26.4,23.2,24.4,5.9,9.2,9.03,92,1012.2,81,23.0,Port Harcourt
2005-09-12,27.5,23.1,24.6,12.4,11.1,11.46,89,1011.7,74,22.7,Port Harcourt
2005-09-13,28.4,23.1,25.2,3.1,11.8,16.79,88,1012.3,58,23.0,Port Harcourt
2005-09-14,27.1,23.4,24.9,10.7,13.7,12.75,90,1012.8,71,23.0,Port Harcourt
2005-09-15,28.2,23.1,24.8,12.3,12.2,13.33,91,1013.0,87,23.2,Port Harcourt
2005-09-16,27.1,23.2,24.8,1.9,10.0,9.5,90,1012.7,90,23.0,Port Harcourt
2005-09-17,29.6,22.8,25.7,2.3,11.2,20.46,85,1011.7,59,22.9,Port Harcourt
2005-09-18,29.2,23.5,25.6,3.4,14.1,16.12,87,1012.4,94,23.2,Port Harcourt
2005-09-19,26.1,23.3,24.4,16.2,10.4,8.07,96,1013.0,99,23.7,Port Harcourt
2005-09-20,26.2,23.3,24.4,12.0,13.0,7.75,92,1012.1,95,23.0,Port Harcourt
2005-09-21,28.6,22.8,24.9,4.0,10.5,14.07,89,1011.6,86,22.8,Port Harcourt
2005-09-22,29.9,21.7,25.2,2.1,10.8,18.59,86,1011.2,67,22.4,Port Harcourt
2005-09-23,26.5,23.2,24.5,9.4,10.6,8.61,92,1011.6,99,23.2,Port Harcourt
2005-09-24,26.3,23.0,24.2,50.1,9.7,7.99,95,1011.8,99,23.3,Port Harcourt
2005-09-25,28.8,22.8,24.7,13.7,9.5,14.74,90,1011.6,94,22.9,Port Harcourt
2005-09-26,28.8,23.0,24.6,17.3,10.2,13.31,91,1012.0,91,23.1,Port Harcourt
2005-09-27,30.4,23.0,25.9,2.8,12.6,21.28,87,1012.2,83,23.4,Port Harcourt
2005-09-28,25.5,23.3,24.3,16.1,8.7,6.18,95,1012.6,98,23.5,Port Harcourt
2005-09-29,28.9,23.1,25.3,7.3,11.2,17.12,88,1011.9,64,23.1,Port Harcourt
2005-09-30,29.9,22.8,25.5,3.8,13.6,18.26,87,1011.3,71,23.2,Port Harcourt
2005-10-01,26.5,23.2,24.5,8.5,8.1,8.61,93,1012.2,98,23.2,Port Harcourt
2005-10-02,29.9,22.8,25.7,1.8,9.1,20.0,85,1011.6,87,22.7,Port Harcourt
2005-10-03,27.7,23.6,25.0,6.1,8.8,11.55,91,1012.0,99,23.3,Port Harcourt
2005-10-04,26.2,22.6,24.3,13.6,7.8,10.14,94,1012.3,97,23.3,Port Harcourt
2005-10-05,28.8,22.6,24.9,11.9,9.9,15.25,89,1012.6,97,22.8,Port Harcourt
2005-10-06,26.6,22.9,24.7,3.2,11.3,8.65,90,1012.0,88,22.9,Port Harcourt
2005-10-07,28.8,22.8,25.2,2.4,13.6,17.87,89,1012.2,87,23.1,Port Harcourt
2005-10-08,29.0,22.7,25.1,12.8,10.6,15.98,90,1012.6,87,23.2,Port Harcourt
2005-10-09,28.4,23.3,25.1,7.9,8.5,11.7,89,1012.2,96,23.1,Port Harcourt
2005-10-10,29.6,22.4,25.6,4.4,11.8,20.88,87,1011.7,79,23.1,Port Harcourt
2005-10-11,29.4,22.9,25.6,5.8,8.0,14.72,88,1011.7,94,23.3,Port Harcourt
2005-10-12,28.6,24.0,25.6,6.2,9.1,16.98,90,1011.3,87,23.8,Port Harcourt
2005-10-13,29.9,23.5,25.8,10.0,13.6,19.01,89,1010.8,84,23.8,Port Harcourt
2005-10-14,26.6,23.9,25.1,6.6,12.2,9.55,90,1011.5,100,23.3,Port Harcourt
2005-10-15,29.2,23.1,25.6,3.3,11.2,14.01,87,1011.6,95,23.1,Port Harcourt
2005-10-16,29.3,23.7,25.5,11.9,11.2,15.72,87,1011.0,97,23.2,Port Harcourt
2005-10-17,29.4,23.0,25.4,10.4,10.7,17.82,89,1010.7,86,23.4,Port Harcourt
2005-10-18,29.1,23.2,25.4,11.5,12.0,16.59,89,1011.0,89,23.4,Port Harcourt
2005-10-19,28.6,23.0,25.0,10.8,5.6,13.84,90,1012.1,99,23.2,Port Harcourt
2005-10-20,29.0,23.1,25.5,5.3,12.3,18.07,90,1011.5,84,23.6,Port Harcourt
2005-10-21,28.6,23.5,25.6,8.4,10.4,15.39,90,1010.7,86,23.7,Port Harcourt
2005-10-22,28.5,22.8,25.5,10.5,10.0,16.2,91,1010.3,94,23.8,Port Harcourt
2005-10-23,31.1,23.2,26.3,8.5,9.4,20.1,87,1010.1,63,23.7,Port Harcourt
2005-10-24,26.9,23.8,25.1,17.5,8.5,8.55,92,1010.5,97,23.7,Port Harcourt
2005-10-25,27.3,23.4,25.0,6.4,7.6,7.96,93,1010.8,99,23.7,Port Harcourt
2005-10-26,30.0,23.2,26.0,5.1,8.4,18.51,87,1010.5,83,23.5,Port Harcourt
2005-10-27,30.1,23.8,26.2,3.1,10.7,18.79,86,1010.5,63,23.5,Port Harcourt
2005-10-28,28.2,23.8,25.2,12.6,10.9,12.32,90,1012.2,91,23.5,Port Harcourt
2005-10-29,30.4,23.3,26.3,1.6,7.6,16.41,85,1012.1,86,23.4,Port Harcourt
2005-10-30,29.3,24.1,26.1,5.9,10.3,15.97,88,1012.0,76,23.9,Port Harcourt
2005-10-31,28.9,24.0,25.8,10.8,11.5,15.6,89,1012.7,82,23.7,Port Harcourt
2005-11-01,27.7,23.4,25.0,10.0,9.4,8.1,90,1013.3,98,23.3,Port Harcourt
2005-11-02,30.0,23.1,25.6,15.0,6.4,17.17,91,1012.5,87,23.9,Port Harcourt
2005-11-03,29.7,23.0,25.4,15.5,9.8,15.42,91,1011.7,96,23.7,Port Harcourt
2005-11-04,29.5,23.8,25.8,8.4,11.9,17.56,89,1012.1,80,23.8,Port Harcourt
2005-11-05,29.0,22.7,25.4,6.2,5.8,15.81,87,1011.6,78,23.1,Port Harcourt
2005-11-06,30.8,23.2,26.5,1.4,10.8,18.64,84,1010.6,38,23.4,Port Harcourt
2005-11-07,30.1,23.9,26.4,2.1,12.5,18.85,86,1010.5,36,23.8,Port Harcourt
2005-11-08,30.2,23.5,26.4,2.5,10.2,17.29,86,1009.8,36,23.7,Port Harcourt
2005-11-09,29.5,24.2,26.5,2.6,12.1,17.35,86,1010.0,62,23.9,Port Harcourt
2005-11-10,31.2,23.8,26.7,1.3,11.6,19.01,86,1009.8,78,23.9,Port Harcourt
2005-11-11,30.6,24.2,26.5,5.5,9.7,18.74,87,1009.6,86,24.1,Port Harcourt
2005-11-12,30.5,23.5,26.5,1.0,10.0,18.96,86,1009.1,48,23.7,Port Harcourt
2005-11-13,30.8,23.9,26.8,0.6,10.2,19.38,85,1008.9,33,23.8,Port Harcourt
2005-11-14,29.8,24.2,26.6,3.5,9.7,16.02,88,1009.1,55,24.3,Port Harcourt
2005-11-15,30.1,24.1,26.5,5.5,11.2,18.34,87,1008.9,78,24.0,Port Harcourt
2005-11-16,30.2,24.2,26.3,3.6,11.1,18.51,87,1008.8,75,23.8,Port Harcourt
2005-11-17,30.9,23.1,26.5,1.5,11.7,17.78,84,1009.1,50,23.4,Port Harcourt
2005-11-18,29.3,23.9,26.2,5.1,11.9,16.73,88,1009.3,54,24.0,Port Harcourt
2005-11-19,30.2,23.4,26.4,2.5,11.0,16.35,87,1009.1,29,24.1,Port Harcourt
2005-11-20,30.3,24.7,26.8,3.1,10.3,18.68,86,1009.1,55,24.1,Port Harcourt
2005-11-21,30.1,24.6,26.6,3.5,10.1,17.36,87,1008.7,40,24.1,Port Harcourt
2005-11-22,30.8,24.1,26.6,1.9,9.4,17.72,87,1008.4,33,24.1,Port Harcourt
2005-11-23,30.7,24.3,26.6,4.8,9.7,18.33,86,1008.9,60,24.0,Port Harcourt
2005-11-24,30.9,23.1,26.5,0.6,10.7,17.28,86,1008.6,74,23.7,Port Harcourt
2005-11-25,28.5,24.8,26.2,8.9,12.0,14.23,89,1008.5,78,24.2,Port Harcourt
2005-11-26,28.6,23.2,25.7,5.8,9.2,13.47,90,1008.9,98,23.9,Port Harcourt
2005-11-27,29.7,23.3,25.7,8.9,8.8,14.05,89,1008.6,78,23.7,Port Harcourt
2005-11-28,29.9,23.6,26.0,4.4,9.9,15.56,87,1008.3,71,23.6,Port Harcourt
2005-11-29,30.2,24.0,26.2,5.9,9.6,16.05,88,1009.2,91,24.0,Port Harcourt
2005-11-30,30.1,23.8,26.0,9.6,12.2,17.09,88,1008.5,72,23.9,Port Harcourt
2005-12-01,28.9,23.6,25.7,7.8,11.9,15.08,89,1008.5,83,23.8,Port Harcourt
2005-12-02,29.5,23.8,25.9,5.1,9.4,15.08,90,1009.3,94,24.0,Port Harcourt
2005-12-03,29.8,23.9,26.3,1.2,9.4,14.99,87,1009.1,72,23.9,Port Harcourt
2005-12-04,30.6,24.2,26.7,0.8,11.8,16.64,87,1008.2,74,24.2,Port Harcourt
2005-12-05,29.1,24.2,26.1,7.4,11.3,14.99,89,1007.2,74,24.0,Port Harcourt
2005-12-06,30.7,23.5,25.9,8.5,7.7,16.97,87,1007.0,74,23.6,Port Harcourt
2005-12-07,30.5,23.8,26.3,4.9,10.1,16.98,88,1007.3,41,24.0,Port Harcourt
2005-12-08,28.4,24.2,25.8,7.6,9.5,12.5,89,1009.3,91,23.8,Port Harcourt
2005-12-09,30.3,23.2,26.4,1.0,10.0,17.81,85,1009.5,80,23.5,Port Harcourt
2005-12-10,29.0,23.4,25.7,4.5,10.1,16.0,89,1009.1,62,23.7,Port Harcourt
2005-12-11,29.1,23.0,25.2,13.3,6.7,13.96,91,1010.3,96,23.5,Port Harcourt
2005-12-12,30.0,23.5,25.7,4.2,9.0,16.17,88,1010.1,67,23.5,Port Harcourt
2005-12-13,30.2,23.3,26.4,0.8,7.8,16.32,86,1008.3,44,23.7,Port Harcourt
2005-12-14,30.0,24.2,26.8,2.1,8.0,16.55,86,1007.1,62,24.2,Port Harcourt
2005-12-15,31.0,24.3,26.7,2.2,9.9,16.14,87,1007.8,53,24.2,Port Harcourt
2005-12-16,29.2,24.9,26.3,9.9,10.1,14.64,89,1009.1,91,24.2,Port Harcourt
2005-12-17,30.3,24.0,26.6,2.0,7.9,16.88,86,1009.2,51,23.9,Port Harcourt
2005-12-18,30.7,24.1,27.0,1.8,9.0,17.85,85,1008.9,40,24.2,Port Harcourt
2005-12-19,31.3,24.1,27.2,1.3,7.9,17.18,84,1008.4,32,24.1,Port Harcourt
2005-12-20,30.6,24.5,27.1,0.9,9.7,16.85,84,1008.0,50,24.1,Port Harcourt
2005-12-21,31.2,24.2,27.1,0.5,11.6,16.77,86,1007.9,61,24.4,Port Harcourt
2005-12-22,30.2,24.5,26.8,1.6,11.5,16.52,87,1009.1,65,24.4,Port Harcourt
2005-12-23,30.4,24.0,26.2,4.0,13.1,15.75,88,1010.6,76,23.8,Port Harcourt
2005-12-24,31.0,24.0,26.9,0.0,10.2,18.1,81,1010.3,69,23.1,Port Harcourt
2005-12-25,29.4,24.0,26.5,1.2,9.6,16.42,83,1010.7,57,23.3,Port Harcourt
2005-12-26,30.6,23.7,26.7,1.7,9.7,16.84,83,1010.3,47,23.3,Port Harcourt
2005-12-27,31.8,23.8,27.1,0.0,9.0,19.89,80,1009.3,13,22.9,Port Harcourt
2005-12-28,31.7,24.0,27.2,0.0,11.0,19.33,80,1008.2,16,23.0,Port Harcourt
2005-12-29,32.0,23.8,27.4,0.0,13.0,18.77,79,1008.0,15,23.0,Port Harcourt
2005-12-30,31.6,23.8,27.2,0.3,13.1,17.96,80,1008.5,20,23.2,Port Harcourt
2005-12-31,30.8,24.5,27.2,0.6,12.2,17.35,83,1008.5,27,23.8,Port Harcourt
2006-01-01,30.2,24.7,26.7,2.8,9.7,16.35,88,1008.2,67,24.5,Port Harcourt
2006-01-02,30.9,24.0,26.4,3.8,9.8,15.48,88,1008.2,89,24.0,Port Harcourt
2006-01-03,31.1,24.1,26.5,2.0,16.3,15.84,86,1007.2,94,23.7,Port Harcourt
2006-01-04,30.3,24.4,26.7,0.6,12.1,14.27,84,1006.6,99,23.6,Port Harcourt
2006-01-05,30.8,23.9,26.5,1.4,12.0,16.65,86,1006.3,96,23.9,Port Harcourt
2006-01-06,30.5,24.0,26.7,2.5,9.9,17.06,86,1006.9,90,24.1,Port Harcourt
2006-01-07,28.9,23.9,26.1,3.9,10.2,13.11,87,1007.9,84,23.7,Port Harcourt
2006-01-08,30.0,23.7,26.4,1.8,11.3,17.23,86,1007.7,98,23.7,Port Harcourt
2006-01-09,28.3,24.2,25.8,3.8,11.0,11.62,87,1009.0,96,23.4,Port Harcourt
2006-01-10,30.5,23.6,26.6,0.8,11.6,18.65,85,1009.6,70,23.6,Port Harcourt
2006-01-11,30.4,23.5,26.7,0.6,10.7,17.09,84,1009.4,53,23.4,Port Harcourt
2006-01-12,30.7,23.9,26.6,1.7,10.2,16.68,84,1010.0,71,23.6,Port Harcourt
2006-01-13,30.8,23.8,26.3,5.2,11.0,17.26,86,1010.6,65,23.7,Port Harcourt
2006-01-14,31.1,23.2,26.5,0.9,13.4,18.05,85,1010.5,70,23.6,Port Harcourt
2006-01-15,31.5,23.5,27.1,1.0,10.8,18.42,81,1009.3,50,23.3,Port Harcourt
2006-01-16,31.5,24.1,27.0,1.7,9.8,18.43,83,1008.8,39,23.7,Port Harcourt
2006-01-17,31.4,24.4,27.0,1.1,12.7,18.9,83,1008.1,50,23.6,Port Harcourt
2006-01-18,30.9,24.0,26.8,0.8,12.0,18.42,85,1008.0,57,24.0,Port Harcourt
2006-01-19,30.1,24.2,26.8,0.8,11.1,16.22,85,1007.1,88,24.0,Port Harcourt
2006-01-20,30.5,24.6,26.8,3.7,11.5,15.97,86,1007.9,63,24.1,Port Harcourt
2006-01-21,30.7,24.4,27.1,0.9,10.3,16.98,86,1008.5,93,24.5,Port Harcourt
2006-01-22,30.8,24.7,27.2,0.9,10.7,15.52,86,1008.3,80,24.6,Port Harcourt
2006-01-23,31.1,24.6,27.5,1.8,11.1,17.11,85,1007.7,71,24.6,Port Harcourt
2006-01-24,31.1,25.0,27.0,5.6,13.9,14.73,86,1008.8,64,24.4,Port Harcourt
2006-01-25,30.3,24.7,26.6,7.5,9.3,14.75,88,1009.1,61,24.3,Port Harcourt
2006-01-26,31.4,24.3,27.1,1.3,9.7,17.31,85,1009.7,67,24.1,Port Harcourt
2006-01-27,30.0,24.8,26.7,7.3,10.5,15.78,87,1010.7,59,24.2,Port Harcourt
2006-01-28,30.3,24.3,26.8,1.8,11.5,17.4,86,1010.8,73,24.1,Port Harcourt
2006-01-29,30.6,23.9,26.6,4.5,9.7,17.78,88,1010.4,77,24.4,Port Harcourt
2006-01-30,30.1,23.9,26.5,3.5,9.0,15.12,87,1009.6,69,24.0,Port Harcourt
2006-01-31,30.1,24.1,26.7,0.7,11.1,16.62,87,1008.6,58,24.2,Port Harcourt
2006-02-01,32.0,23.8,27.5,0.7,11.8,19.32,84,1007.2,32,24.4,Port Harcourt
2006-02-02,29.9,25.0,26.6,11.8,10.5,14.57,90,1007.3,50,24.8,Port Harcourt
2006-02-03,31.1,24.4,26.5,8.1,11.6,14.58,88,1007.7,75,24.3,Port Harcourt
2006-02-04,32.1,24.8,27.6,0.7,11.7,18.76,82,1008.1,62,24.0,Port Harcourt
2006-02-05,30.9,24.9,27.3,4.0,11.3,18.41,85,1008.2,65,24.5,Port Harcourt
2006-02-06,30.7,24.6,27.3,0.3,11.2,19.18,86,1007.6,56,24.6,Port Harcourt
2006-02-07,31.9,24.6,27.5,0.9,10.4,18.63,84,1007.7,64,24.3,Port Harcourt
2006-02-08,31.6,24.8,27.0,3.2,9.4,17.76,87,1007.3,74,24.5,Port Harcourt
2006-02-09,30.8,24.5,27.2,0.8,15.0,16.68,85,1008.1,79,24.3,Port Harcourt
2006-02-10,29.6,24.5,27.0,1.6,12.9,15.24,86,1010.0,63,24.3,Port Harcourt
2006-02-11,30.4,24.7,26.4,3.8,12.1,15.78,87,1011.3,63,23.9,Port Harcourt
2006-02-12,31.2,23.8,26.6,1.9,10.7,17.73,87,1010.1,60,24.2,Port Harcourt
2006-02-13,30.7,24.1,27.0,0.6,14.1,18.09,85,1008.9,48,24.1,Port Harcourt
2006-02-14,30.6,23.9,26.8,3.6,11.3,19.5,86,1008.0,83,24.1,Port Harcourt
2006-02-15,29.2,23.9,26.2,5.6,10.0,14.8,87,1008.1,74,23.9,Port Harcourt
2006-02-16,31.5,23.9,26.9,2.1,14.1,18.6,85,1007.3,96,23.9,Port Harcourt
2006-02-17,29.9,24.9,26.8,1.5,12.2,15.64,86,1008.9,78,24.1,Port Harcourt
2006-02-18,30.5,24.1,26.7,4.6,10.2,15.76,87,1009.9,97,24.2,Port Harcourt
2006-02-19,30.0,24.2,26.2,15.7,10.0,14.79,89,1009.7,89,24.2,Port Harcourt
2006-02-20,30.0,24.5,26.7,4.0,10.2,11.61,86,1009.0,96,24.0,Port Harcourt
2006-02-21,30.0,24.0,26.6,1.9,10.1,15.32,84,1009.6,98,23.4,Port Harcourt
2006-02-22,29.7,24.2,26.7,1.3,10.8,11.7,83,1010.2,90,23.4,Port Harcourt
2006-02-23,31.7,24.1,27.3,1.2,13.5,20.63,82,1009.7,83,23.7,Port Harcourt
2006-02-24,30.6,24.6,26.6,15.1,11.9,17.89,87,1009.0,87,24.3,Port Harcourt
2006-02-25,29.5,24.3,25.9,14.9,12.7,12.47,90,1009.0,95,24.1,Port Harcourt
2006-02-26,30.0,23.7,26.0,10.7,10.0,13.54,89,1009.5,90,23.9,Port Harcourt
2006-02-27,31.4,23.7,26.9,5.1,9.6,19.62,86,1009.1,86,24.1,Port Harcourt
2006-02-28,31.9,24.0,27.4,2.6,11.3,20.85,85,1008.8,70,24.4,Port Harcourt
2006-03-01,30.1,24.9,26.8,7.0,14.1,17.29,87,1009.7,83,24.4,Port Harcourt
2006-03-02,30.5,24.1,26.6,8.7,9.8,19.77,89,1010.6,68,24.6,Port Harcourt
2006-03-03,31.5,24.2,26.9,5.8,11.7,20.6,86,1010.5,80,24.2,Port Harcourt
2006-03-04,30.9,24.2,26.9,2.1,13.3,18.1,86,1010.1,95,24.3,Port Harcourt
2006-03-05,29.6,24.5,26.7,5.8,12.0,18.43,87,1010.3,92,24.2,Port Harcourt
2006-03-06,30.5,23.8,26.8,4.9,12.3,19.2,87,1010.1,98,24.2,Port Harcourt
2006-03-07,30.5,24.4,26.6,7.5,13.2,17.36,87,1009.8,97,24.1,Port Harcourt
2006-03-08,30.5,23.9,26.6,3.6,13.9,18.22,87,1009.1,88,24.1,Port Harcourt
2006-03-09,30.5,23.2,26.1,14.5,7.1,16.8,90,1008.7,91,24.3,Port Harcourt
2006-03-10,30.8,23.7,26.9,4.4,12.0,18.1,84,1009.1,89,23.8,Port Harcourt
2006-03-11,31.4,24.2,27.5,1.7,12.4,20.48,81,1009.5,96,23.8,Port Harcourt
2006-03-12,29.5,24.8,26.6,6.7,10.7,13.1,86,1009.5,99,24.0,Port Harcourt
2006-03-13,31.3,24.1,27.2,0.7,11.8,18.84,83,1008.0,73,23.8,Port Harcourt
2006-03-14,31.9,23.9,26.8,7.7,11.3,19.04,87,1008.6,90,24.3,Port Harcourt
2006-03-15,28.8,24.9,26.5,8.0,10.1,13.44,88,1009.8,99,24.2,Port Harcourt
2006-03-16,31.2,24.0,27.0,4.2,13.1,17.72,84,1009.2,86,24.0,Port Harcourt
2006-03-17,31.1,24.4,27.0,6.4,12.8,18.59,85,1008.1,98,24.1,Port Harcourt
2006-03-18,30.5,24.8,26.5,7.8,14.2,16.8,86,1008.3,86,23.9,Port Harcourt
2006-03-19,29.9,24.1,26.3,4.8,14.7,14.48,88,1008.8,98,24.1,Port Harcourt
2006-03-20,30.8,24.3,27.0,3.2,8.6,17.42,86,1008.6,92,24.4,Port Harcourt
2006-03-21,30.6,25.2,27.0,9.3,12.4,16.45,85,1009.2,93,24.1,Port Harcourt
2006-03-22,28.6,24.4,25.9,9.0,10.7,9.1,90,1009.9,100,24.1,Port Harcourt
2006-03-23,31.8,24.5,27.6,0.0,9.9,21.77,80,1008.5,46,23.5,Port Harcourt
2006-03-24,31.6,24.4,27.6,0.6,12.0,21.07,79,1008.0,71,23.6,Port Harcourt
2006-03-25,31.4,24.4,27.1,3.2,12.0,18.9,83,1008.8,84,23.9,Port Harcourt
2006-03-26,31.4,24.7,27.1,4.4,13.5,17.11,86,1010.3,76,24.4,Port Harcourt
2006-03-27,31.5,24.8,27.2,3.4,10.6,18.46,85,1010.4,78,24.4,Port Harcourt
2006-03-28,31.8,24.3,27.2,3.8,10.2,20.04,84,1009.9,68,24.0,Port Harcourt
2006-03-29,31.8,24.7,27.1,7.2,12.8,20.12,85,1010.3,66,24.3,Port Harcourt
2006-03-30,31.0,24.2,27.3,2.6,9.6,21.47,85,1010.0,72,24.5,Port Harcourt
2006-03-31,30.6,24.9,27.2,7.4,14.6,19.29,86,1009.3,63,24.5,Port Harcourt
2006-04-01,29.3,25.1,26.3,13.7,10.6,11.39,90,1009.1,99,24.5,Port Harcourt
2006-04-02,29.2,25.1,26.2,8.4,12.8,9.72,90,1009.3,97,24.4,Port Harcourt
2006-04-03,31.1,24.5,27.2,3.5,10.8,15.86,86,1009.1,87,24.5,Port Harcourt
2006-04-04,30.4,25.1,27.4,1.8,12.2,16.01,86,1008.9,94,24.6,Port Harcourt
2006-04-05,31.6,24.9,27.3,5.9,10.7,20.47,86,1008.7,64,24.6,Port Harcourt
2006-04-06,31.2,24.1,26.7,10.3,9.2,15.96,88,1008.4,68,24.4,Port Harcourt
2006-04-07,31.5,24.8,27.4,3.2,8.5,18.42,86,1008.0,81,24.7,Port Harcourt
2006-04-08,31.2,25.5,27.6,5.7,10.2,20.03,86,1007.0,63,25.0,Port Harcourt
2006-04-09,30.9,25.6,28.0,2.9,12.7,19.99,85,1005.5,79,25.2,Port Harcourt
2006-04-10,30.9,25.9,28.1,1.7,12.4,18.79,84,1005.6,79,24.9,Port Harcourt
2006-04-11,30.9,25.7,27.5,4.2,14.6,18.43,85,1007.1,92,24.8,Port Harcourt
2006-04-12,29.5,25.2,26.9,3.6,14.2,16.62,88,1007.8,89,24.6,Port Harcourt
2006-04-13,31.5,24.5,27.4,1.7,9.3,20.05,84,1006.5,98,24.4,Port Harcourt
2006-04-14,30.5,25.2,27.7,3.6,13.4,20.28,85,1006.9,53,25.0,Port Harcourt
2006-04-15,30.6,25.6,27.5,2.4,12.5,18.82,86,1009.2,66,24.9,Port Harcourt
2006-04-16,28.8,25.0,26.4,11.8,6.9,14.52,91,1009.8,97,24.8,Port Harcourt
2006-04-17,31.1,24.8,27.2,3.5,12.8,19.77,85,1008.2,78,24.3,Port Harcourt
2006-04-18,30.2,24.7,26.7,10.6,11.7,15.92,87,1008.2,87,24.2,Port Harcourt
2006-04-19,29.2,24.3,26.6,10.0,10.1,15.16,87,1009.5,88,24.2,Port Harcourt
2006-04-20,28.0,24.5,25.8,9.6,9.4,10.22,92,1010.4,98,24.3,Port Harcourt
2006-04-21,30.2,24.5,26.1,11.8,12.5,15.65,90,1010.8,92,24.1,Port Harcourt
2006-04-22,30.5,24.0,26.8,0.8,12.2,18.9,85,1010.5,97,24.0,Port Harcourt
2006-04-23,30.7,24.6,27.5,0.2,12.8,21.75,82,1009.2,75,23.9,Port Harcourt
2006-04-24,29.9,24.7,26.6,13.3,10.9,14.48,88,1008.7,96,24.4,Port Harcourt
2006-04-25,28.3,23.9,25.3,15.7,10.2,9.57,92,1009.1,99,23.8,Port Harcourt
2006-04-26,30.5,22.9,26.1,5.7,7.6,16.62,90,1008.0,99,24.2,Port Harcourt
2006-04-27,30.4,25.3,27.0,7.3,9.7,15.94,86,1008.5,99,24.4,Port Harcourt
2006-04-28,30.7,25.0,27.5,2.3,11.9,18.13,84,1008.2,93,24.4,Port Harcourt
2006-04-29,30.5,24.6,26.8,7.2,12.1,16.89,88,1008.1,95,24.6,Port Harcourt
2006-04-30,28.8,24.7,26.6,6.0,12.3,12.83,88,1009.3,99,24.4,Port Harcourt
2006-05-01,31.0,23.8,27.5,0.1,11.9,19.03,82,1009.6,86,24.0,Port Harcourt
2006-05-02,31.5,24.5,27.5,3.2,12.3,20.97,84,1010.4,93,24.3,Port Harcourt
2006-05-03,30.8,24.6,27.2,3.6,12.8,17.97,84,1009.9,60,24.1,Port Harcourt
2006-05-04,30.6,24.4,27.0,7.4,11.2,16.78,88,1009.0,86,24.7,Port Harcourt
2006-05-05,30.5,24.6,27.0,8.7,13.6,17.76,87,1008.5,92,24.6,Port Harcourt
2006-05-06,30.5,24.6,26.7,10.8,10.1,18.48,88,1008.4,96,24.6,Port Harcourt
2006-05-07,29.6,24.4,26.4,11.7,10.8,15.07,90,1008.8,99,24.6,Port Harcourt
2006-05-08,29.0,24.2,26.4,3.9,10.5,14.51,89,1008.2,91,24.4,Port Harcourt
2006-05-09,30.8,24.3,26.8,4.7,10.0,18.17,87,1008.6,92,24.5,Port Harcourt
2006-05-10,27.6,24.4,25.5,12.4,8.3,8.15,93,1009.5,100,24.3,Port Harcourt
2006-05-11,31.0,23.9,26.9,5.4,8.9,19.67,85,1009.9,95,24.0,Port Harcourt
2006-05-12,30.0,24.4,26.3,7.2,10.5,15.09,88,1011.3,96,24.2,Port Harcourt
2006-05-13,28.9,23.5,26.1,1.7,6.6,11.61,88,1011.9,98,23.8,Port Harcourt
2006-05-14,28.6,24.5,25.8,9.9,11.1,13.25,91,1011.9,99,24.2,Port Harcourt
2006-05-15,26.6,23.5,24.6,37.7,9.0,8.26,95,1011.8,100,23.6,Port Harcourt
2006-05-16,25.2,23.2,24.0,31.2,9.5,5.16,96,1012.1,100,23.3,Port Harcourt
2006-05-17,28.6,24.2,25.9,4.8,10.0,13.98,89,1012.5,90,23.9,Port Harcourt
2006-05-18,29.9,24.3,26.6,0.3,7.9,18.99,82,1012.2,57,23.2,Port Harcourt
2006-05-19,28.4,23.8,26.0,8.0,12.5,15.72,86,1011.2,90,23.4,Port Harcourt
2006-05-20,28.4,23.3,25.2,11.2,10.4,13.2,90,1011.6,100,23.5,Port Harcourt
2006-05-21,28.8,23.4,25.5,1.5,8.4,12.16,88,1012.2,92,23.2,Port Harcourt
2006-05-22,28.7,24.2,25.7,8.4,9.4,12.57,90,1013.0,96,23.8,Port Harcourt
2006-05-23,28.7,23.7,25.6,7.8,12.3,13.91,90,1012.9,87,23.8,Port Harcourt
2006-05-24,28.9,23.5,25.5,5.9,15.0,15.37,90,1012.4,75,23.6,Port Harcourt
2006-05-25,28.8,23.1,25.8,6.4,8.4,15.4,88,1011.7,94,23.5,Port Harcourt
2006-05-26,28.0,23.7,25.5,10.3,10.5,11.92,89,1011.7,97,23.5,Port Harcourt
2006-05-27,29.0,23.6,25.6,9.4,11.9,13.52,90,1012.8,98,23.8,Port Harcourt
2006-05-28,28.6,23.4,25.5,9.0,12.4,14.37,90,1013.0,97,23.7,Port Harcourt
2006-05-29,29.6,23.5,25.6,14.1,10.7,15.39,88,1012.7,89,23.5,Port Harcourt
2006-05-30,27.8,23.7,25.5,9.5,7.5,12.87,91,1012.0,97,23.9,Port Harcourt
2006-05-31,29.9,23.4,26.2,2.0,9.9,17.46,87,1011.2,78,23.7,Port Harcourt
2006-06-01,30.5,23.7,26.4,5.3,8.8,17.33,87,1011.6,82,24.0,Port Harcourt
2006-06-02,29.3,24.0,26.2,10.1,11.5,15.98,89,1011.2,72,24.1,Port Harcourt
2006-06-03,28.7,23.7,25.4,17.9,10.8,10.94,91,1010.2,95,23.8,Port Harcourt
2006-06-04,28.0,23.6,25.2,6.4,8.9,8.79,90,1010.7,99,23.4,Port Harcourt
2006-06-05,29.4,23.3,26.2,1.1,9.0,15.38,87,1011.2,95,23.8,Port Harcourt
2006-06-06,30.5,23.6,26.9,0.0,8.2,17.43,82,1010.8,64,23.5,Port Harcourt
2006-06-07,30.2,24.1,26.3,10.8,11.5,18.06,89,1010.4,73,24.2,Port Harcourt
2006-06-08,29.1,23.7,25.6,10.3,10.5,14.01,90,1009.9,96,23.7,Port Harcourt
2006-06-09,28.5,24.0,25.6,13.7,8.0,13.67,89,1009.6,98,23.6,Port Harcourt
2006-06-10,28.5,23.5,25.0,20.9,7.6,12.33,91,1010.3,99,23.5,Port Harcourt
2006-06-11,28.9,23.1,25.3,11.7,10.5,14.96,90,1012.0,100,23.5,Port Harcourt
2006-06-12,30.5,23.1,26.5,0.4,8.4,19.98,83,1011.8,66,23.2,Port Harcourt
2006-06-13,29.8,23.8,26.5,2.3,9.2,17.78,85,1011.3,61,23.6,Port Harcourt
2006-06-14,29.2,24.3,26.3,5.9,9.6,16.64,87,1010.4,68,23.8,Port Harcourt
2006-06-15,28.5,24.0,25.4,8.6,11.0,10.67,89,1011.4,99,23.4,Port Harcourt
2006-06-16,27.8,23.0,24.9,11.2,11.1,12.49,91,1012.5,99,23.3,Port Harcourt
2006-06-17,26.8,23.0,24.2,31.2,10.2,8.98,94,1013.1,91,23.2,Port Harcourt
2006-06-18,29.0,22.1,24.8,8.9,11.7,16.12,90,1013.2,76,22.9,Port Harcourt
2006-06-19,29.3,22.7,25.5,5.0,9.4,17.28,85,1012.8,72,22.8,Port Harcourt
2006-06-20,27.6,23.3,25.3,7.6,9.8,12.58,89,1012.6,86,23.3,Port Harcourt
2006-06-21,28.2,22.5,25.1,6.2,6.9,14.43,91,1012.3,94,23.6,Port Harcourt
2006-06-22,28.7,23.2,25.4,9.3,14.1,16.97,89,1011.9,56,23.3,Port Harcourt
2006-06-23,29.9,22.7,25.8,3.1,9.0,18.66,88,1012.5,77,23.6,Port Harcourt
2006-06-24,29.9,23.4,26.1,8.6,10.0,17.1,88,1011.7,80,23.7,Port Harcourt
2006-06-25,27.9,23.8,25.4,13.4,10.8,11.76,90,1012.3,99,23.6,Port Harcourt
2006-06-26,28.8,23.7,25.7,6.5,13.1,15.06,88,1013.6,72,23.5,Port Harcourt
2006-06-27,28.4,23.5,25.6,6.3,11.5,15.35,88,1014.7,82,23.3,Port Harcourt
2006-06-28,29.7,23.2,26.1,2.3,13.5,17.16,85,1013.7,53,23.1,Port Harcourt
2006-06-29,28.0,23.5,25.2,9.9,10.1,11.88,89,1013.7,98,23.3,Port Harcourt
2006-06-30,26.4,23.5,24.6,31.6,8.2,6.09,93,1013.6,94,23.4,Port Harcourt
2006-07-01,30.3,22.9,25.4,8.4,11.0,15.03,88,1013.9,91,23.1,Port Harcourt
2006-07-02,28.9,23.7,25.3,9.8,10.7,14.61,90,1014.1,90,23.6,Port Harcourt
2006-07-03,27.5,23.9,25.2,7.5,11.7,10.75,90,1013.8,91,23.3,Port Harcourt
2006-07-04,29.0,23.6,25.2,19.0,10.5,13.62,91,1013.5,83,23.6,Port Harcourt
2006-07-05,26.5,23.3,24.5,12.8,14.7,7.34,91,1014.5,99,23.0,Port Harcourt
2006-07-06,26.9,23.8,25.1,0.3,16.1,9.66,80,1015.4,96,21.4,Port Harcourt
2006-07-07,28.2,23.9,25.6,0.8,9.0,12.42,79,1014.6,97,21.7,Port Harcourt
2006-07-08,28.4,24.3,25.7,4.8,13.0,15.37,84,1014.1,76,22.7,Port Harcourt
2006-07-09,28.2,23.6,25.4,4.3,10.7,15.26,86,1014.0,71,22.8,Port Harcourt
2006-07-10,28.7,23.7,25.3,10.7,9.5,14.79,88,1014.0,57,23.0,Port Harcourt
2006-07-11,27.0,23.2,24.9,7.1,10.2,13.0,90,1013.5,69,23.1,Port Harcourt
2006-07-12,27.1,23.0,24.7,7.6,12.2,9.63,90,1012.6,83,23.0,Port Harcourt
2006-07-13,26.9,22.9,24.3,11.6,11.2,7.86,92,1011.4,96,23.0,Port Harcourt
2006-07-14,27.4,23.4,24.6,13.8,12.0,9.81,92,1011.9,99,23.3,Port Harcourt
2006-07-15,28.1,22.8,24.6,11.3,8.9,11.12,92,1012.8,98,23.2,Port Harcourt
2006-07-16,25.5,22.7,23.8,13.9,13.4,6.72,96,1012.8,100,23.2,Port Harcourt
2006-07-17,28.4,23.4,25.1,4.7,14.0,14.28,90,1012.4,95,23.2,Port Harcourt
2006-07-18,25.2,23.2,24.0,25.5,10.6,7.85,96,1012.9,100,23.3,Port Harcourt
2006-07-19,25.3,22.8,23.6,34.4,8.7,5.1,97,1013.5,100,23.0,Port Harcourt
2006-07-20,28.0,22.7,23.9,17.2,14.2,10.26,94,1014.3,98,22.8,Port Harcourt
2006-07-21,26.9,22.2,23.5,13.6,9.4,10.02,95,1014.3,97,22.7,Port Harcourt
2006-07-22,28.5,22.4,24.1,9.0,13.5,14.57,91,1013.1,93,22.6,Port Harcourt
2006-07-23,27.3,22.0,24.3,2.8,12.5,9.64,88,1012.5,80,22.2,Port Harcourt
2006-07-24,28.3,22.7,24.9,2.2,15.3,16.48,85,1012.5,80,22.0,Port Harcourt
2006-07-25,27.4,23.2,24.8,2.6,12.8,12.71,85,1012.5,89,22.1,Port Harcourt
2006-07-26,28.7,23.9,25.4,5.1,7.2,14.61,85,1013.4,84,22.6,Port Harcourt
2006-07-27,29.0,24.1,25.5,4.5,10.2,15.09,87,1013.3,96,23.1,Port Harcourt
2006-07-28,28.1,23.0,24.9,5.5,11.2,12.74,88,1011.5,92,22.8,Port Harcourt
2006-07-29,27.5,23.3,25.2,7.6,13.8,14.39,86,1010.9,86,22.7,Port Harcourt
2006-07-30,28.3,23.6,24.6,8.3,8.2,9.35,91,1012.3,95,22.9,Port Harcourt
2006-07-31,26.4,22.9,24.1,6.6,10.4,7.88,92,1012.9,95,22.6,Port Harcourt
2006-08-01,27.6,22.9,24.1,10.6,13.5,9.02,93,1012.6,99,22.9,Port Harcourt
2006-08-02,24.7,22.9,23.4,64.9,16.1,3.84,96,1012.8,100,22.8,Port Harcourt
2006-08-03,25.5,22.6,23.7,7.8,12.5,6.35,93,1013.2,99,22.5,Port Harcourt
2006-08-04,26.3,22.6,24.0,8.8,11.6,9.71,91,1013.3,96,22.4,Port Harcourt
2006-08-05,29.5,22.0,25.2,0.0,12.8,17.61,81,1013.4,95,21.4,Port Harcourt
2006-08-06,26.5,22.7,24.7,0.6,11.3,8.31,83,1014.0,96,21.6,Port Harcourt
2006-08-07,27.4,23.7,25.1,1.7,15.1,15.5,83,1014.1,86,21.9,Port Harcourt
2006-08-08,28.2,23.1,25.0,0.2,13.0,12.86,81,1013.6,94,21.4,Port Harcourt
2006-08-09,28.6,23.5,25.6,0.0,14.2,15.23,76,1012.9,97,21.0,Port Harcourt
2006-08-10,28.2,23.8,25.5,1.5,12.6,15.2,80,1012.6,99,21.9,Port Harcourt
2006-08-11,28.0,23.7,25.2,2.0,16.1,15.44,84,1012.6,92,22.3,Port Harcourt
2006-08-12,28.0,22.5,25.1,1.5,9.2,17.94,84,1012.4,77,22.1,Port Harcourt
2006-08-13,28.5,22.8,25.1,3.5,11.4,17.39,87,1012.4,89,22.6,Port Harcourt
2006-08-14,27.6,23.6,24.9,14.0,12.2,12.95,88,1012.5,98,22.7,Port Harcourt
2006-08-15,27.0,23.1,24.4,8.5,11.7,10.59,92,1012.7,89,22.9,Port Harcourt
2006-08-16,25.0,23.1,23.8,4.3,9.2,3.5,94,1012.3,99,22.9,Port Harcourt
2006-08-17,27.5,22.7,24.6,6.9,12.4,13.25,90,1011.1,88,22.8,Port Harcourt
2006-08-18,28.1,22.9,24.5,11.0,9.0,10.91,91,1011.2,95,22.8,Port Harcourt
2006-08-19,27.6,22.9,24.7,3.9,12.6,13.36,89,1011.3,95,22.7,Port Harcourt
2006-08-20,27.3,23.0,24.9,2.5,13.9,12.41,87,1012.3,96,22.6,Port Harcourt
2006-08-21,28.5,23.6,24.9,5.2,15.6,13.27,87,1012.2,94,22.6,Port Harcourt
2006-08-22,27.2,22.8,24.1,6.9,14.8,11.1,91,1013.0,99,22.5,Port Harcourt
2006-08-23,27.0,22.4,24.2,7.0,13.5,13.4,88,1013.7,89,22.0,Port Harcourt
2006-08-24,28.1,22.5,24.6,3.9,11.8,15.83,86,1013.6,88,22.1,Port Harcourt
2006-08-25,28.8,22.6,24.7,9.8,10.9,15.97,90,1013.0,93,22.9,Port Harcourt
2006-08-26,24.0,22.9,23.4,44.3,10.5,2.8,97,1012.3,100,23.0,Port Harcourt
2006-08-27,26.1,22.8,23.9,42.8,11.6,7.73,93,1012.0,93,22.8,Port Harcourt
2006-08-28,26.8,22.9,24.4,5.2,11.3,11.76,89,1012.2,87,22.5,Port Harcourt
2006-08-29,28.3,22.9,24.6,4.7,8.3,14.46,89,1011.7,97,22.6,Port Harcourt
2006-08-30,26.2,22.9,23.9,6.1,10.2,6.52,92,1011.7,100,22.6,Port Harcourt
2006-08-31,26.7,22.6,24.3,12.4,11.6,9.77,92,1012.5,99,22.9,Port Harcourt
2006-09-01,27.3,22.6,24.4,6.6,8.8,12.89,92,1011.9,96,23.0,Port Harcourt
2006-09-02,29.5,22.4,25.4,5.0,13.7,18.35,86,1010.8,62,22.7,Port Harcourt
2006-09-03,25.7,22.7,24.0,24.2,15.7,8.87,93,1011.3,95,22.8,Port Harcourt
2006-09-04,27.8,22.9,24.5,13.3,13.4,13.0,92,1012.6,99,23.1,Port Harcourt
2006-09-05,27.1,22.8,24.4,5.6,11.3,10.82,92,1013.1,97,22.9,Port Harcourt
2006-09-06,28.5,22.8,24.5,11.4,10.4,15.9,91,1011.9,92,22.7,Port Harcourt
2006-09-07,23.8,22.6,23.0,133.4,12.1,1.89,98,1011.6,100,22.6,Port Harcourt
2006-09-08,25.4,22.4,23.5,33.0,14.8,8.33,94,1012.4,97,22.4,Port Harcourt
2006-09-09,26.7,21.8,23.4,21.0,10.1,10.21,94,1013.6,93,22.3,Port Harcourt
2006-09-10,26.4,21.9,23.2,21.2,6.5,7.05,96,1014.1,99,22.5,Port Harcourt
2006-09-11,28.2,21.9,24.1,6.7,11.9,13.6,90,1013.8,96,22.3,Port Harcourt
2006-09-12,26.7,22.3,24.1,10.2,10.8,11.73,91,1012.6,79,22.5,Port Harcourt
2006-09-13,27.2,22.5,24.3,7.2,9.4,11.6,90,1013.7,91,22.5,Port Harcourt
2006-09-14,28.8,22.3,24.6,16.4,11.9,15.61,90,1013.8,78,22.8,Port Harcourt
2006-09-15,29.0,22.7,24.7,8.3,11.6,13.68,89,1012.8,83,22.8,Port Harcourt
2006-09-16,28.9,22.9,25.1,3.4,14.9,17.38,87,1012.8,82,22.7,Port Harcourt
2006-09-17,29.0,22.3,24.8,6.8,8.7,15.12,88,1013.4,89,22.7,Port Harcourt
2006-09-18,29.9,22.8,25.2,4.9,14.1,17.83,87,1012.3,79,22.7,Port Harcourt
2006-09-19,28.2,23.3,24.8,7.3,11.3,12.07,90,1011.9,88,22.9,Port Harcourt
2006-09-20,29.3,23.3,25.6,1.8,10.6,14.96,86,1012.7,90,23.0,Port Harcourt
2006-09-21,28.6,23.1,25.0,8.9,11.3,14.64,89,1012.6,97,23.0,Port Harcourt
2006-09-22,27.9,23.2,25.1,5.4,12.2,13.45,87,1012.2,79,22.7,Port Harcourt
2006-09-23,29.5,23.0,25.4,9.8,14.6,16.15,87,1011.6,90,23.0,Port Harcourt
2006-09-24,28.0,23.0,24.8,9.9,8.2,12.21,89,1012.2,94,22.9,Port Harcourt
2006-09-25,29.4,22.9,25.5,2.3,11.5,19.59,88,1013.0,75,23.2,Port Harcourt
2006-09-26,29.3,23.4,25.2,13.1,9.4,13.17,90,1011.9,86,23.4,Port Harcourt
2006-09-27,28.9,23.3,24.7,12.2,11.1,12.12,91,1011.3,83,23.1,Port Harcourt
2006-09-28,28.8,23.0,24.8,10.8,13.2,16.46,89,1011.9,92,22.9,Port Harcourt
2006-09-29,26.5,22.8,24.1,14.1,10.8,10.4,93,1013.4,94,23.0,Port Harcourt
2006-09-30,26.5,22.2,24.1,11.1,6.8,9.8,93,1013.7,94,22.9,Port Harcourt
2006-10-01,29.1,21.8,24.9,6.7,10.5,17.38,89,1012.7,87,22.8,Port Harcourt
2006-10-02,28.4,22.9,24.9,10.0,12.5,14.48,88,1012.1,89,22.6,Port Harcourt
2006-10-03,28.4,22.9,25.1,7.8,10.0,16.57,87,1011.6,68,22.8,Port Harcourt
2006-10-04,27.9,23.0,24.8,5.8,10.4,11.35,90,1012.1,84,22.9,Port Harcourt
2006-10-05,30.0,22.8,25.9,2.0,10.6,21.47,87,1011.9,43,23.3,Port Harcourt
2006-10-06,30.0,23.5,25.8,3.3,8.8,17.98,89,1012.2,80,23.7,Port Harcourt
2006-10-07,28.9,23.6,25.5,23.6,10.1,14.34,91,1011.8,85,23.8,Port Harcourt
2006-10-08,28.2,23.9,25.5,7.1,7.1,12.27,89,1012.1,89,23.6,Port Harcourt
2006-10-09,30.0,23.7,26.1,3.5,10.4,16.74,87,1011.3,89,23.7,Port Harcourt
2006-10-10,29.4,24.2,26.1,11.1,10.8,15.94,89,1010.3,87,24.0,Port Harcourt
2006-10-11,28.5,23.7,25.5,16.9,9.8,16.01,91,1009.7,94,23.9,Port Harcourt
2006-10-12,29.9,23.3,25.5,9.2,11.3,15.94,89,1010.1,90,23.5,Port Harcourt
2006-10-13,26.6,23.4,24.9,16.6,5.1,10.32,94,1011.0,97,23.9,Port Harcourt
2006-10-14,29.9,23.2,25.6,5.0,12.9,17.2,88,1010.9,95,23.4,Port Harcourt
2006-10-15,30.6,23.1,26.2,2.3,9.3,19.78,86,1010.6,78,23.5,Port Harcourt
2006-10-16,30.2,23.3,26.1,4.1,9.3,18.74,87,1009.7,80,23.7,Port Harcourt
2006-10-17,30.8,23.9,26.5,6.0,11.6,19.88,86,1009.2,66,23.9,Port Harcourt
2006-10-18,29.2,23.9,25.8,14.2,11.9,15.4,91,1009.5,87,24.3,Port Harcourt
2006-10-19,29.9,23.8,26.1,8.1,10.4,15.75,88,1010.2,100,24.0,Port Harcourt
2006-10-20,30.1,23.6,25.7,18.6,7.4,16.31,89,1010.7,86,23.7,Port Harcourt
2006-10-21,30.0,23.0,25.8,5.5,9.5,17.56,87,1010.9,84,23.4,Port Harcourt
2006-10-22,29.7,23.7,25.9,4.3,9.0,14.85,88,1011.4,94,23.7,Port Harcourt
2006-10-23,28.7,23.2,25.3,18.7,8.0,11.58,90,1011.9,97,23.5,Port Harcourt
2006-10-24,30.7,22.8,25.8,8.1,13.0,18.16,87,1012.1,93,23.4,Port Harcourt
2006-10-25,31.0,23.3,26.4,1.5,10.4,20.72,85,1011.4,37,23.4,Port Harcourt
2006-10-26,30.1,23.8,26.0,7.7,13.9,16.75,86,1011.1,84,23.4,Port Harcourt
2006-10-27,28.8,23.8,25.5,5.8,7.3,14.65,90,1011.2,93,23.8,Port Harcourt
2006-10-28,30.5,22.7,25.4,10.4,12.1,16.69,89,1010.5,76,23.5,Port Harcourt
2006-10-29,28.0,23.3,25.1,15.3,9.4,12.24,92,1009.3,99,23.8,Port Harcourt
2006-10-30,28.2,23.4,25.3,15.1,11.6,11.66,91,1008.1,100,23.6,Port Harcourt
2006-10-31,28.1,23.1,25.0,13.9,11.8,11.82,92,1008.8,98,23.5,Port Harcourt
2006-11-01,29.9,23.0,25.6,8.2,9.9,16.66,89,1010.1,80,23.5,Port Harcourt
2006-11-02,29.2,23.3,25.4,9.8,8.0,13.34,90,1010.2,98,23.6,Port Harcourt
2006-11-03,28.1,23.6,25.3,5.7,6.9,10.57,92,1009.6,99,23.8,Port Harcourt
2006-11-04,29.1,23.3,25.7,13.1,9.3,15.9,89,1009.8,83,23.7,Port Harcourt
2006-11-05,30.1,22.9,26.0,3.9,9.3,17.92,89,1009.5,65,23.8,Port Harcourt
2006-11-06,30.9,23.3,26.3,3.3,9.4,18.81,87,1009.1,85,23.8,Port Harcourt
2006-11-07,30.4,23.7,26.2,5.1,11.4,17.9,87,1009.2,82,23.8,Port Harcourt
2006-11-08,28.8,23.8,25.6,11.6,9.3,13.4,89,1010.3,84,23.7,Port Harcourt
2006-11-09,31.0,23.3,26.2,3.9,9.0,19.14,88,1010.0,72,23.9,Port Harcourt
2006-11-10,28.9,24.7,26.3,0.4,8.0,11.83,89,1010.2,95,24.3,Port Harcourt
2006-11-11,31.1,24.0,26.5,6.9,10.5,18.17,87,1010.8,67,24.0,Port Harcourt
2006-11-12,31.3,24.2,27.1,1.5,8.6,18.86,84,1010.3,71,23.9,Port Harcourt
2006-11-13,29.5,24.1,26.0,8.0,10.4,15.37,88,1010.3,72,23.8,Port Harcourt
2006-11-14,30.2,23.4,26.1,2.6,7.4,17.81,87,1010.2,58,23.8,Port Harcourt
2006-11-15,29.8,24.1,26.3,1.0,9.6,18.14,87,1009.7,44,23.9,Port Harcourt
2006-11-16,30.3,24.2,26.6,1.5,8.1,18.82,86,1009.9,46,23.9,Port Harcourt
2006-11-17,30.1,24.1,26.4,4.5,8.4,16.27,85,1009.5,82,23.6,Port Harcourt
2006-11-18,31.1,24.1,26.9,0.6,12.1,17.32,83,1009.3,74,23.4,Port Harcourt
2006-11-19,30.8,24.0,26.8,0.5,9.3,16.6,83,1009.9,97,23.3,Port Harcourt
2006-11-20,30.7,24.2,26.8,1.5,11.8,18.3,83,1010.8,82,23.4,Port Harcourt
2006-11-21,30.0,23.8,26.2,2.0,9.3,14.98,86,1011.1,97,23.4,Port Harcourt
2006-11-22,31.3,23.1,26.6,0.7,11.5,19.19,82,1010.3,92,22.8,Port Harcourt
2006-11-23,30.9,23.8,26.7,1.6,12.2,20.26,82,1010.2,57,23.1,Port Harcourt
2006-11-24,30.0,23.5,26.3,2.0,9.4,17.87,84,1010.8,71,23.2,Port Harcourt
2006-11-25,31.3,23.3,26.9,0.6,10.8,18.47,81,1010.2,37,23.0,Port Harcourt
2006-11-26,31.6,24.0,27.2,0.0,12.0,18.94,79,1010.2,25,22.9,Port Harcourt
2006-11-27,31.3,23.1,26.8,0.2,12.3,19.8,81,1009.5,24,22.9,Port Harcourt
2006-11-28,30.5,23.4,26.6,0.8,8.6,18.72,85,1009.4,46,23.6,Port Harcourt
2006-11-29,31.7,23.3,27.0,0.5,11.5,20.47,80,1009.1,28,22.9,Port Harcourt
2006-11-30,32.1,23.8,27.1,0.3,13.4,19.26,81,1009.3,36,23.0,Port Harcourt
2006-12-01,31.7,23.9,27.3,0.0,11.2,19.39,79,1009.6,41,22.8,Port Harcourt
2006-12-02,30.3,24.2,26.7,2.6,10.4,17.56,84,1010.0,34,23.7,Port Harcourt
2006-12-03,32.0,23.6,27.2,0.7,9.8,19.49,81,1010.1,29,23.3,Port Harcourt
2006-12-04,32.6,23.3,27.5,0.0,10.8,20.66,78,1010.3,14,22.9,Port Harcourt
2006-12-05,32.8,24.0,27.8,0.0,12.1,20.63,76,1010.6,88,22.5,Port Harcourt
2006-12-06,32.7,24.1,27.8,0.0,13.4,20.53,76,1010.9,91,22.6,Port Harcourt
2006-12-07,32.3,24.1,27.8,0.0,11.4,19.25,75,1009.9,81,22.5,Port Harcourt
2006-12-08,32.8,24.5,28.0,0.0,12.4,19.7,77,1009.1,22,23.2,Port Harcourt
2006-12-09,31.2,24.6,27.3,2.3,9.7,17.62,81,1009.0,38,23.6,Port Harcourt
2006-12-10,31.6,24.5,27.2,2.4,13.3,15.65,84,1009.4,82,24.1,Port Harcourt
2006-12-11,33.6,23.6,27.9,0.0,13.3,20.42,77,1010.6,70,22.9,Port Harcourt
2006-12-12,32.0,25.0,27.8,1.1,10.6,18.96,80,1010.6,55,23.6,Port Harcourt
2006-12-13,32.1,24.4,27.3,1.3,12.1,17.45,82,1010.3,98,23.6,Port Harcourt
2006-12-14,32.2,23.9,27.5,0.3,13.6,18.17,80,1009.4,47,23.3,Port Harcourt
2006-12-15,32.4,24.5,27.6,1.7,12.3,17.8,82,1010.4,47,23.9,Port Harcourt
2006-12-16,32.3,24.3,27.6,1.1,13.3,18.0,80,1010.6,30,23.5,Port Harcourt
2006-12-17,33.1,24.4,28.0,0.4,14.0,18.44,78,1010.5,84,23.2,Port Harcourt
2006-12-18,33.1,24.9,28.1,0.0,13.0,19.18,77,1010.7,78,23.1,Port Harcourt
2006-12-19,31.4,24.2,27.2,1.4,13.3,16.59,81,1011.3,60,23.4,Port Harcourt
2006-12-20,32.7,24.7,27.9,0.1,13.7,18.81,78,1011.2,44,23.2,Port Harcourt
2006-12-21,33.6,24.7,28.3,0.0,14.7,19.93,77,1011.0,45,23.2,Port Harcourt
2006-12-22,33.5,24.6,28.2,0.9,15.2,18.76,77,1010.7,52,23.2,Port Harcourt
2006-12-23,32.6,25.1,28.0,2.4,12.3,17.76,78,1010.5,44,23.4,Port Harcourt
2006-12-24,32.6,24.5,27.9,0.0,13.2,18.54,77,1009.9,21,23.0,Port Harcourt
2006-12-25,33.4,24.0,28.0,0.2,12.5,18.92,75,1009.9,17,22.5,Port Harcourt
2006-12-26,32.6,24.1,27.6,0.2,15.8,17.66,77,1010.7,28,22.8,Port Harcourt
2006-12-27,32.2,23.6,27.1,2.6,15.8,17.84,81,1011.7,28,23.2,Port Harcourt
2006-12-28,32.8,24.1,27.8,0.9,12.4,17.5,76,1012.3,19,22.7,Port Harcourt
2006-12-29,34.7,23.1,28.1,0.0,12.7,22.27,67,1012.6,9,19.0,Port Harcourt
2006-12-30,32.6,24.2,27.5,0.0,11.9,19.45,76,1013.2,46,22.2,Port Harcourt
2006-12-31,32.7,23.2,27.6,0.0,11.2,19.7,74,1012.8,20,22.0,Port Harcourt
2007-01-01,32.9,22.9,27.5,0.0,13.4,20.49,72,1012.6,13,21.3,Port Harcourt
2007-01-02,33.6,23.3,27.4,0.0,11.2,22.32,63,1012.5,18,17.4,Port Harcourt
2007-01-03,34.0,21.7,26.8,0.0,13.0,22.78,67,1011.8,12,18.1,Port Harcourt
2007-01-04,34.0,21.4,26.9,0.0,14.5,22.77,71,1011.3,10,20.1,Port Harcourt
2007-01-05,34.9,21.8,27.3,0.0,13.3,22.93,68,1010.8,1,19.0,Port Harcourt
2007-01-06,34.0,21.7,27.1,0.0,13.0,22.73,70,1010.9,34,19.8,Port Harcourt
2007-01-07,34.0,21.8,27.3,0.0,14.0,22.86,70,1010.7,1,20.0,Port Harcourt
2007-01-08,34.5,22.4,27.6,0.0,13.7,22.26,69,1009.9,11,19.9,Port Harcourt
2007-01-09,34.5,22.4,27.7,0.0,14.5,22.93,69,1009.5,21,19.9,Port Harcourt
2007-01-10,34.6,22.0,27.5,0.0,13.0,22.04,67,1010.0,91,18.8,Port Harcourt
2007-01-11,34.3,22.0,27.2,0.0,12.6,22.43,70,1010.1,67,19.7,Port Harcourt
2007-01-12,35.5,21.4,27.5,0.0,15.5,23.94,60,1010.3,31,15.6,Port Harcourt
2007-01-13,34.4,20.6,26.8,0.0,12.8,23.87,55,1010.9,55,13.5,Port Harcourt
2007-01-14,35.2,19.0,26.6,0.0,13.3,23.9,51,1010.2,41,12.4,Port Harcourt
2007-01-15,35.1,19.3,26.9,0.0,13.2,23.75,57,1009.6,1,14.6,Port Harcourt
2007-01-16,35.8,20.8,27.5,0.0,13.3,23.55,63,1009.5,2,17.1,Port Harcourt
2007-01-17,36.4,21.8,28.0,0.0,12.4,23.72,60,1009.8,18,16.3,Port Harcourt
2007-01-18,35.9,21.2,27.5,0.0,15.3,23.88,61,1010.6,35,16.3,Port Harcourt
2007-01-19,34.2,20.9,27.1,0.0,15.1,23.37,70,1010.9,51,19.9,Port Harcourt
2007-01-20,35.0,21.6,27.8,0.0,15.5,23.37,69,1010.1,11,20.5,Port Harcourt
2007-01-21,37.0,22.7,28.7,0.0,15.3,23.59,60,1008.8,55,18.1,Port Harcourt
2007-01-22,34.6,23.6,28.2,0.0,18.0,22.93,72,1009.5,69,21.8,Port Harcourt
2007-01-23,34.4,24.6,28.6,0.0,16.8,21.97,70,1011.3,36,21.9,Port Harcourt
2007-01-24,34.3,24.8,28.7,0.0,17.1,21.02,71,1011.7,20,22.5,Port Harcourt
2007-01-25,34.0,24.6,28.6,0.2,16.6,19.27,73,1010.6,73,22.7,Port Harcourt
2007-01-26,33.8,24.9,28.6,0.1,16.3,19.06,73,1009.9,60,22.9,Port Harcourt
2007-01-27,33.0,25.1,28.4,1.1,16.3,19.07,77,1009.9,45,23.6,Port Harcourt
2007-01-28,33.1,25.8,28.6,1.3,13.3,18.51,78,1011.1,79,24.1,Port Harcourt
2007-01-29,34.4,24.8,28.8,0.5,13.4,19.67,76,1010.3,84,23.6,Port Harcourt
2007-01-30,35.2,25.1,29.4,0.0,13.8,19.79,73,1009.3,77,23.3,Port Harcourt
2007-01-31,35.3,25.0,29.3,0.0,16.8,21.4,75,1009.5,96,23.6,Port Harcourt
2007-02-01,35.3,26.1,29.3,0.2,17.4,20.82,74,1010.6,99,23.4,Port Harcourt
2007-02-02,35.2,25.6,29.0,0.0,17.9,20.26,73,1010.8,100,23.0,Port Harcourt
2007-02-03,33.5,24.3,28.6,0.4,16.5,19.82,75,1010.1,82,23.2,Port Harcourt
2007-02-04,33.7,25.6,28.7,2.1,15.9,18.7,76,1010.0,56,23.6,Port Harcourt
2007-02-05,32.1,25.2,27.7,8.3,12.6,17.68,82,1009.7,81,24.1,Port Harcourt
2007-02-06,33.5,25.2,28.4,0.8,12.2,19.35,80,1008.2,58,24.3,Port Harcourt
2007-02-07,32.3,25.1,28.1,1.0,14.1,17.09,81,1008.5,44,24.3,Port Harcourt
2007-02-08,32.5,24.5,27.8,2.7,15.6,19.07,81,1010.0,49,24.1,Port Harcourt
2007-02-09,31.3,25.0,27.5,5.0,14.3,16.89,83,1010.2,90,24.3,Port Harcourt
2007-02-10,28.0,24.8,26.3,10.2,11.7,8.14,87,1010.4,99,23.9,Port Harcourt
2007-02-11,32.4,24.2,27.3,1.1,10.3,16.89,82,1010.9,98,23.6,Port Harcourt
2007-02-12,31.9,24.9,27.4,3.1,12.2,17.68,81,1011.2,89,23.7,Port Harcourt
2007-02-13,33.4,24.7,28.1,0.1,14.7,19.18,77,1010.2,52,23.1,Port Harcourt
2007-02-14,33.5,24.0,28.1,0.0,12.7,21.88,77,1009.9,64,23.1,Port Harcourt
2007-02-15,32.9,25.1,28.2,1.0,15.5,19.52,78,1009.4,91,23.5,Port Harcourt
2007-02-16,33.3,25.2,28.4,1.0,15.7,20.35,77,1008.3,92,23.4,Port Harcourt
2007-02-17,33.4,25.3,28.4,0.5,14.0,19.68,77,1007.2,69,23.4,Port Harcourt
2007-02-18,32.8,25.3,28.3,0.4,15.3,19.74,79,1006.8,95,24.0,Port Harcourt
2007-02-19,32.1,25.0,27.9,2.0,15.6,17.37,80,1006.5,89,24.0,Port Harcourt
2007-02-20,31.4,25.3,27.4,9.0,16.4,18.32,82,1007.3,89,23.9,Port Harcourt
2007-02-21,29.9,24.8,26.5,6.3,13.4,13.91,84,1009.9,98,23.6,Port Harcourt
2007-02-22,31.8,24.3,27.5,3.4,14.5,19.11,80,1010.6,80,23.7,Port Harcourt
2007-02-23,30.5,25.0,26.6,14.5,12.2,13.01,86,1010.7,98,23.9,Port Harcourt
2007-02-24,28.0,24.5,26.0,7.8,8.2,10.18,87,1010.4,99,23.6,Port Harcourt
2007-02-25,30.0,23.6,26.6,0.9,10.2,12.38,85,1010.5,99,23.7,Port Harcourt
2007-02-26,30.2,24.8,26.7,4.6,13.1,15.43,86,1010.7,99,24.0,Port Harcourt
2007-02-27,31.6,24.6,27.2,3.8,10.0,19.89,84,1010.3,81,24.0,Port Harcourt
2007-02-28,30.5,24.4,27.1,1.2,11.5,19.51,85,1009.3,74,24.1,Port Harcourt
2007-03-01,32.2,24.6,27.7,1.0,13.0,20.53,82,1008.4,80,24.0,Port Harcourt
2007-03-02,33.4,24.5,28.2,0.0,14.9,21.58,78,1008.0,83,23.5,Port Harcourt
2007-03-03,33.0,25.5,28.4,0.0,14.9,21.21,78,1008.5,59,23.8,Port Harcourt
2007-03-04,33.0,25.3,28.4,0.0,14.6,21.44,77,1008.2,47,23.5,Port Harcourt
2007-03-05,33.3,25.4,28.6,0.0,14.7,20.02,77,1007.9,54,23.7,Port Harcourt
2007-03-06,31.9,25.5,27.4,13.4,14.1,16.78,84,1008.9,90,24.3,Port Harcourt
2007-03-07,31.8,25.4,27.9,0.5,12.8,17.49,80,1009.8,89,24.1,Port Harcourt
2007-03-08,31.8,25.6,27.9,2.2,12.5,18.39,80,1008.8,84,24.0,Port Harcourt
2007-03-09,30.9,25.5,27.2,10.1,12.3,17.2,85,1009.6,79,24.5,Port Harcourt
2007-03-10,31.3,24.8,27.2,5.9,12.1,18.59,84,1009.8,65,24.1,Port Harcourt
2007-03-11,29.8,23.9,26.2,13.3,9.4,13.64,89,1009.6,73,24.2,Port Harcourt
2007-03-12,30.8,24.4,26.9,1.1,8.4,14.64,85,1009.1,89,24.1,Port Harcourt
2007-03-13,31.2,24.7,27.7,0.6,11.8,19.18,81,1008.7,39,24.0,Port Harcourt
2007-03-14,30.1,25.2,27.1,6.2,11.4,15.63,86,1009.0,91,24.5,Port Harcourt
2007-03-15,32.1,24.3,27.1,6.1,12.1,20.94,85,1008.8,63,24.1,Port Harcourt
2007-03-16,29.9,24.8,27.0,5.6,10.8,17.79,86,1008.7,65,24.4,Port Harcourt
2007-03-17,30.6,24.7,27.5,2.1,13.0,19.12,84,1008.9,79,24.4,Port Harcourt
2007-03-18,31.5,24.7,27.5,3.0,13.1,20.79,84,1009.3,95,24.4,Port Harcourt
2007-03-19,29.4,24.9,26.7,8.3,12.0,16.04,86,1009.8,99,24.0,Port Harcourt
2007-03-20,31.8,24.0,27.4,1.2,13.2,21.64,82,1008.5,72,23.8,Port Harcourt
2007-03-21,30.3,25.2,27.4,4.6,13.3,17.34,84,1008.0,63,24.5,Port Harcourt
2007-03-22,29.9,24.9,26.8,11.0,11.6,15.72,87,1008.0,88,24.5,Port Harcourt
2007-03-23,31.0,24.9,26.8,12.2,12.3,16.19,87,1008.0,86,24.3,Port Harcourt
2007-03-24,30.1,25.3,27.2,2.6,11.5,18.06,84,1008.7,99,24.2,Port Harcourt
2007-03-25,31.6,24.6,27.0,6.0,9.4,19.43,85,1009.4,98,24.0,Port Harcourt
2007-03-26,30.0,25.0,26.8,4.2,13.7,16.96,87,1009.5,96,24.4,Port Harcourt
2007-03-27,31.8,24.7,27.6,1.4,9.8,19.6,82,1008.9,95,24.1,Port Harcourt
2007-03-28,31.5,24.5,27.9,0.4,11.5,21.15,81,1007.9,42,24.1,Port Harcourt
2007-03-29,31.2,25.3,27.8,4.0,10.2,19.26,85,1007.7,56,24.8,Port Harcourt
2007-03-30,30.7,25.3,26.9,10.9,9.5,15.04,88,1007.1,99,24.6,Port Harcourt
2007-03-31,30.9,24.9,27.0,10.5,13.2,13.51,89,1005.5,97,24.8,Port Harcourt
2007-04-01,28.3,24.6,25.9,38.0,11.5,6.32,93,1006.5,99,24.7,Port Harcourt
2007-04-02,30.6,24.2,27.3,1.3,8.9,15.78,86,1007.2,98,24.6,Port Harcourt
2007-04-03,31.8,24.7,27.7,2.9,10.4,19.75,83,1006.9,82,24.4,Port Harcourt
2007-04-04,30.5,25.5,27.4,4.8,15.2,17.32,84,1007.9,98,24.4,Port Harcourt
2007-04-05,31.3,24.8,27.7,2.3,11.3,18.64,83,1008.6,98,24.3,Port Harcourt
2007-04-06,29.7,25.0,27.1,4.2,10.9,13.48,87,1009.8,93,24.5,Port Harcourt
2007-04-07,27.8,24.2,25.7,16.2,13.2,9.75,93,1011.0,98,24.4,Port Harcourt
2007-04-08,31.1,23.5,26.6,3.3,10.5,19.7,86,1010.5,66,23.8,Port Harcourt
2007-04-09,31.2,25.0,27.5,5.2,11.8,19.97,85,1010.4,71,24.5,Port Harcourt
2007-04-10,30.8,25.1,27.3,7.1,14.8,18.72,85,1010.0,76,24.5,Port Harcourt
2007-04-11,31.3,25.4,27.4,5.4,11.8,19.4,85,1009.8,63,24.5,Port Harcourt
2007-04-12,31.0,24.6,27.0,6.5,9.7,17.86,88,1009.1,80,24.7,Port Harcourt
2007-04-13,30.7,25.4,27.2,6.0,9.1,17.39,87,1008.8,98,24.8,Port Harcourt
2007-04-14,30.7,25.0,27.0,5.5,10.4,16.7,87,1009.3,98,24.6,Port Harcourt
2007-04-15,29.9,25.0,26.8,7.6,9.0,15.58,90,1009.9,98,24.9,Port Harcourt
2007-04-16,29.5,24.5,26.2,14.0,12.1,13.3,90,1009.9,99,24.4,Port Harcourt
2007-04-17,27.7,24.2,25.5,15.7,9.4,7.49,94,1010.0,99,24.4,Port Harcourt
2007-04-18,30.5,24.2,27.0,1.0,8.3,18.88,84,1010.0,97,23.9,Port Harcourt
2007-04-19,31.1,24.5,27.7,0.1,10.9,20.01,81,1009.8,82,23.8,Port Harcourt
2007-04-20,30.6,24.9,27.0,4.7,10.7,17.6,86,1009.3,80,24.5,Port Harcourt
2007-04-21,30.6,24.6,26.8,13.6,10.8,17.64,88,1008.5,73,24.5,Port Harcourt
2007-04-22,29.9,24.8,26.8,9.6,10.5,17.1,87,1008.4,81,24.4,Port Harcourt
2007-04-23,28.6,24.7,26.3,5.4,10.4,10.19,90,1008.7,96,24.6,Port Harcourt
2007-04-24,31.0,24.9,27.4,1.1,11.2,19.59,84,1007.7,98,24.2,Port Harcourt
2007-04-25,27.4,24.6,25.7,16.3,13.9,8.33,92,1008.3,99,24.2,Port Harcourt
2007-04-26,27.7,23.6,25.3,14.8,10.7,12.16,93,1009.3,99,24.0,Port Harcourt
2007-04-27,28.1,23.7,25.7,14.6,8.2,14.34,92,1010.8,97,24.4,Port Harcourt
2007-04-28,30.7,24.1,26.4,3.9,9.2,15.21,88,1011.5,99,24.1,Port Harcourt
2007-04-29,28.7,24.5,26.0,9.1,9.2,11.87,91,1011.1,99,24.4,Port Harcourt
2007-04-30,29.2,24.3,26.3,5.6,9.6,14.34,91,1009.3,99,24.6,Port Harcourt
2007-05-01,30.2,24.0,26.8,9.2,10.6,13.78,87,1009.2,99,24.3,Port Harcourt
2007-05-02,30.8,24.5,27.4,1.7,9.8,19.52,84,1009.2,71,24.3,Port Harcourt
2007-05-03,30.9,24.5,26.9,6.9,11.2,16.91,87,1009.0,98,24.5,Port Harcourt
2007-05-04,30.9,24.3,26.7,10.7,9.7,15.97,86,1008.8,99,24.0,Port Harcourt
2007-05-05,27.9,24.4,25.8,8.3,7.2,7.99,91,1009.3,100,24.3,Port Harcourt
2007-05-06,30.7,24.3,26.6,10.4,9.4,18.0,87,1009.5,95,24.2,Port Harcourt
2007-05-07,32.0,24.4,27.3,3.2,10.8,21.42,85,1009.1,66,24.5,Port Harcourt
2007-05-08,31.1,24.2,27.3,1.1,9.0,18.73,87,1009.1,91,24.7,Port Harcourt
2007-05-09,31.7,24.8,27.7,1.1,10.1,22.13,85,1008.6,77,24.8,Port Harcourt
2007-05-10,31.9,25.0,27.4,7.3,14.6,18.9,87,1008.2,99,24.9,Port Harcourt
2007-05-11,25.5,23.8,25.0,68.6,13.8,2.05,97,1009.5,100,24.4,Port Harcourt
2007-05-12,31.1,23.5,27.0,0.4,10.2,20.19,84,1010.1,86,23.9,Port Harcourt
2007-05-13,28.0,24.0,25.7,29.8,10.7,7.55,92,1012.6,100,24.3,Port Harcourt
2007-05-14,25.5,23.2,24.3,34.2,7.1,3.94,97,1013.4,100,23.8,Port Harcourt
2007-05-15,30.4,23.3,25.9,9.0,8.7,18.08,90,1012.3,99,23.9,Port Harcourt
2007-05-16,29.6,23.2,26.0,2.2,11.2,15.07,89,1011.9,99,23.9,Port Harcourt
2007-05-17,30.1,24.0,26.5,2.5,10.1,15.39,88,1011.4,98,24.1,Port Harcourt
2007-05-18,30.0,24.4,26.7,5.2,9.1,17.51,90,1010.1,96,24.8,Port Harcourt
2007-05-19,31.2,24.5,27.1,3.6,9.7,19.05,86,1009.5,81,24.5,Port Harcourt
2007-05-20,30.7,24.6,27.1,4.6,10.2,18.26,88,1008.8,94,24.8,Port Harcourt
2007-05-21,30.0,24.9,26.7,10.6,8.9,13.09,89,1008.2,94,24.6,Port Harcourt
2007-05-22,28.0,23.2,25.5,29.0,12.5,6.67,93,1008.4,99,24.3,Port Harcourt
2007-05-23,29.6,22.9,25.6,7.3,11.3,16.28,90,1009.3,99,23.7,Port Harcourt
2007-05-24,29.0,23.6,25.9,8.5,12.1,15.53,90,1010.8,96,24.1,Port Harcourt
2007-05-25,30.6,23.7,26.6,1.8,7.4,19.58,89,1011.0,84,24.5,Port Harcourt
2007-05-26,30.7,24.2,26.9,2.7,11.6,19.36,86,1010.4,56,24.2,Port Harcourt
2007-05-27,27.7,24.3,25.7,6.4,9.3,10.95,91,1010.8,94,24.2,Port Harcourt
2007-05-28,27.7,24.1,25.5,15.0,12.4,11.07,92,1010.8,98,24.2,Port Harcourt
2007-05-29,29.5,23.5,25.9,9.1,13.8,14.4,88,1011.1,95,23.7,Port Harcourt
2007-05-30,28.2,23.8,25.6,7.0,8.3,9.47,91,1011.4,98,24.0,Port Harcourt
2007-05-31,30.4,24.5,27.0,1.0,12.0,18.58,83,1010.9,54,23.7,Port Harcourt
2007-06-01,29.1,24.1,25.9,9.0,9.8,15.77,88,1011.5,91,23.8,Port Harcourt
2007-06-02,27.6,23.8,25.2,23.2,9.8,11.41,92,1011.0,99,23.8,Port Harcourt
2007-06-03,26.6,23.3,24.6,25.9,10.8,9.54,95,1011.9,99,23.7,Port Harcourt
2007-06-04,29.1,22.9,25.2,2.6,7.9,13.83,86,1012.8,98,22.4,Port Harcourt
2007-06-05,29.9,23.8,25.8,14.0,13.0,17.31,85,1012.5,99,22.9,Port Harcourt
2007-06-06,26.1,23.4,24.4,20.0,12.3,7.37,94,1011.8,99,23.4,Port Harcourt
2007-06-07,26.9,22.8,24.6,20.9,11.3,11.43,92,1012.2,97,23.3,Port Harcourt
2007-06-08,25.4,22.9,23.6,28.9,8.2,4.19,97,1012.6,96,23.1,Port Harcourt
2007-06-09,29.1,22.2,25.0,6.4,9.9,17.53,88,1012.2,97,22.8,Port Harcourt
2007-06-10,27.9,23.4,24.8,15.0,12.1,12.52,89,1012.2,95,22.9,Port Harcourt
2007-06-11,25.3,22.8,24.0,14.2,13.9,6.27,95,1012.8,91,23.2,Port Harcourt
2007-06-12,29.0,22.4,25.2,4.9,8.6,14.54,89,1012.2,89,23.1,Port Harcourt
2007-06-13,28.0,23.9,25.5,8.1,13.4,13.25,88,1011.3,79,23.3,Port Harcourt
2007-06-14,28.5,23.7,25.4,2.9,10.6,13.93,86,1011.9,91,22.9,Port Harcourt
2007-06-15,28.7,23.5,25.2,5.9,13.0,13.93,89,1012.1,80,23.2,Port Harcourt
2007-06-16,25.8,23.5,24.3,27.6,11.2,6.52,94,1012.1,97,23.2,Port Harcourt
2007-06-17,25.1,22.7,23.9,8.5,8.7,5.57,95,1012.0,87,23.1,Port Harcourt
2007-06-18,29.1,22.3,25.2,4.7,9.5,16.98,88,1011.9,81,23.0,Port Harcourt
2007-06-19,28.0,23.3,25.2,8.7,12.1,14.02,89,1012.2,91,23.2,Port Harcourt
2007-06-20,24.5,23.0,23.8,21.1,13.2,3.46,96,1012.8,98,23.2,Port Harcourt
2007-06-21,26.8,22.5,24.6,6.2,9.7,10.62,92,1012.8,94,23.1,Port Harcourt
2007-06-22,28.3,22.6,24.8,11.1,11.0,12.81,91,1011.0,85,23.1,Port Harcourt
2007-06-23,26.0,22.7,23.9,17.0,11.8,7.57,95,1011.1,100,23.0,Port Harcourt
2007-06-24,27.5,22.4,24.5,8.3,9.4,11.79,91,1013.0,76,23.0,Port Harcourt
2007-06-25,29.0,22.7,25.0,7.2,11.3,14.37,89,1014.4,66,22.9,Port Harcourt
2007-06-26,27.4,23.5,25.1,7.6,11.6,14.39,88,1013.1,76,23.0,Port Harcourt
2007-06-27,26.6,23.1,24.5,14.7,13.2,11.31,92,1012.5,82,23.2,Port Harcourt
2007-06-28,26.5,22.9,24.7,6.9,15.9,10.14,89,1013.2,96,22.8,Port Harcourt
2007-06-29,28.4,23.6,25.9,0.9,12.5,14.74,81,1013.5,85,22.3,Port Harcourt
2007-06-30,28.1,24.4,25.7,4.4,15.5,17.02,84,1014.0,90,22.7,Port Harcourt
2007-07-01,27.9,23.6,25.0,3.3,14.2,10.39,85,1014.2,97,22.3,Port Harcourt
2007-07-02,27.6,23.3,25.1,1.7,14.1,10.96,82,1014.6,96,21.8,Port Harcourt
2007-07-03,27.6,23.4,24.8,18.9,12.2,12.83,89,1014.3,92,22.8,Port Harcourt
2007-07-04,27.6,23.2,24.4,8.7,12.0,9.84,91,1015.0,98,22.8,Port Harcourt
2007-07-05,25.8,22.7,24.0,11.8,14.0,6.63,93,1015.4,89,22.8,Port Harcourt
2007-07-06,28.7,22.4,25.2,1.1,15.1,17.85,82,1013.9,45,21.7,Port Harcourt
2007-07-07,28.1,22.5,25.1,0.0,14.5,17.73,78,1013.5,54,20.8,Port Harcourt
2007-07-08,29.0,23.0,25.6,0.0,11.6,16.25,76,1013.8,73,20.8,Port Harcourt
2007-07-09,28.9,23.2,25.9,0.0,12.2,16.28,76,1013.4,85,21.2,Port Harcourt
2007-07-10,28.5,23.7,26.1,0.5,9.4,14.92,78,1012.1,78,21.8,Port Harcourt
2007-07-11,29.7,24.2,26.2,2.7,12.3,18.96,81,1012.2,76,22.6,Port Harcourt
2007-07-12,27.8,23.5,25.1,8.7,14.0,13.15,86,1012.2,98,22.6,Port Harcourt
2007-07-13,28.2,23.0,24.4,17.2,14.9,10.58,92,1012.1,88,23.0,Port Harcourt
2007-07-14,25.8,22.7,24.0,10.2,8.4,6.68,94,1012.1,99,22.9,Port Harcourt
2007-07-15,29.8,22.5,25.0,9.5,12.1,17.56,88,1012.5,84,22.8,Port Harcourt
2007-07-16,27.7,22.7,24.8,4.6,12.5,14.43,90,1013.1,81,22.9,Port Harcourt
2007-07-17,27.3,22.6,24.8,4.1,11.5,13.36,88,1012.5,77,22.6,Port Harcourt
2007-07-18,27.7,22.6,24.6,9.1,11.4,14.14,89,1011.7,83,22.6,Port Harcourt
2007-07-19,28.3,22.6,24.3,17.4,10.6,13.3,91,1011.4,95,22.8,Port Harcourt
2007-07-20,24.2,22.2,23.2,112.0,7.7,4.67,97,1012.0,100,22.7,Port Harcourt
2007-07-21,25.2,22.7,23.8,44.3,9.2,6.94,95,1011.8,98,22.9,Port Harcourt
2007-07-22,26.5,22.9,24.2,14.3,10.7,9.76,92,1011.8,97,22.8,Port Harcourt
2007-07-23,27.9,22.3,24.6,14.2,9.7,12.52,91,1012.1,98,22.9,Port Harcourt
2007-07-24,27.0,23.0,24.3,10.2,6.9,10.5,91,1012.6,97,22.8,Port Harcourt
2007-07-25,26.4,22.7,23.8,19.6,10.8,7.46,95,1011.8,99,22.9,Port Harcourt
2007-07-26,26.7,22.5,24.1,10.8,17.1,13.94,92,1011.5,95,22.7,Port Harcourt
2007-07-27,28.3,22.8,24.7,2.5,12.7,15.06,88,1012.6,95,22.5,Port Harcourt
2007-07-28,27.5,21.5,24.0,5.7,10.0,12.86,90,1012.5,97,22.2,Port Harcourt
2007-07-29,28.8,22.1,24.8,2.2,13.2,17.64,87,1012.5,63,22.3,Port Harcourt
2007-07-30,27.7,23.0,24.6,6.3,11.7,12.7,89,1012.7,92,22.5,Port Harcourt
2007-07-31,27.5,23.2,24.9,2.2,8.4,11.58,87,1012.9,99,22.6,Port Harcourt
2007-08-01,28.7,23.4,25.2,2.4,11.2,13.08,86,1012.7,95,22.5,Port Harcourt
2007-08-02,24.6,22.8,23.6,20.7,11.8,4.72,96,1012.2,97,22.9,Port Harcourt
2007-08-03,26.1,22.6,23.8,11.7,12.0,8.58,94,1013.3,99,22.7,Port Harcourt
2007-08-04,26.4,22.5,24.2,7.6,15.0,11.1,90,1013.1,91,22.4,Port Harcourt
2007-08-05,27.4,22.9,24.7,3.0,14.8,13.95,85,1012.7,88,22.0,Port Harcourt
2007-08-06,28.8,22.0,24.7,1.5,12.7,16.35,84,1013.3,89,21.7,Port Harcourt
2007-08-07,29.2,23.1,25.4,1.6,12.8,19.04,83,1012.6,77,22.3,Port Harcourt
2007-08-08,27.6,22.8,25.2,1.2,13.6,14.89,81,1012.4,95,21.5,Port Harcourt
2007-08-09,28.4,23.3,25.5,1.1,15.3,18.86,82,1012.0,84,22.1,Port Harcourt
2007-08-10,28.1,23.0,24.9,6.1,10.9,14.36,86,1011.6,95,22.3,Port Harcourt
2007-08-11,29.0,23.1,25.2,1.8,12.2,16.66,85,1012.0,79,22.4,Port Harcourt
2007-08-12,29.9,22.5,25.4,2.3,11.2,18.44,84,1012.2,80,22.3,Port Harcourt
2007-08-13,27.3,22.9,24.2,19.8,13.1,11.57,91,1011.6,94,22.6,Port Harcourt
2007-08-14,27.2,22.6,24.4,8.6,12.4,12.36,91,1012.0,96,22.7,Port Harcourt
2007-08-15,27.3,22.7,24.3,10.5,9.9,11.89,92,1012.3,99,22.9,Port Harcourt
2007-08-16,28.1,22.5,24.3,16.4,14.9,12.87,92,1011.4,93,22.9,Port Harcourt
2007-08-17,26.9,22.7,24.3,10.2,12.2,9.84,91,1011.9,86,22.6,Port Harcourt
2007-08-18,28.9,22.9,25.1,1.3,11.1,15.72,88,1012.1,93,22.9,Port Harcourt
2007-08-19,27.4,23.5,24.8,3.2,10.2,10.19,89,1011.8,99,22.8,Port Harcourt
2007-08-20,28.0,23.1,24.5,12.4,16.3,14.66,90,1012.1,98,22.7,Port Harcourt
2007-08-21,27.8,22.6,25.0,2.7,13.2,15.3,87,1012.5,97,22.7,Port Harcourt
2007-08-22,29.2,22.9,25.5,1.9,9.7,17.26,87,1012.2,95,23.1,Port Harcourt
2007-08-23,28.3,23.6,25.4,4.2,12.8,13.4,86,1010.4,99,22.8,Port Harcourt
2007-08-24,27.6,22.9,24.2,18.4,12.6,10.57,92,1010.4,100,22.8,Port Harcourt
2007-08-25,28.0,22.4,24.6,4.2,11.6,11.79,90,1010.9,99,22.8,Port Harcourt
2007-08-26,27.1,22.8,24.7,2.6,8.3,11.39,89,1011.7,92,22.7,Port Harcourt
2007-08-27,27.3,22.1,24.4,10.0,11.2,12.63,91,1011.6,96,22.8,Port Harcourt
2007-08-28,28.1,23.1,25.1,5.1,8.2,14.17,88,1011.9,99,22.9,Port Harcourt
2007-08-29,30.1,22.4,25.1,1.4,9.2,15.25,87,1011.6,95,22.7,Port Harcourt
2007-08-30,27.5,23.0,24.8,14.9,12.8,11.11,90,1011.9,98,23.1,Port Harcourt
2007-08-31,27.0,22.9,24.1,27.7,15.3,10.07,92,1012.2,97,22.7,Port Harcourt
2007-09-01,25.7,22.9,23.9,22.5,12.5,8.76,94,1013.4,99,22.8,Port Harcourt
2007-09-02,27.5,22.3,24.0,12.9,11.1,10.36,91,1013.9,91,22.5,Port Harcourt
2007-09-03,27.8,21.7,24.3,10.5,10.8,14.67,91,1013.0,97,22.7,Port Harcourt
2007-09-04,26.2,22.7,23.7,15.4,16.4,9.3,94,1012.8,98,22.6,Port Harcourt
2007-09-05,25.7,22.7,23.6,13.8,14.2,8.5,94,1013.4,98,22.6,Port Harcourt
2007-09-06,26.4,21.8,23.8,6.5,5.7,10.38,93,1014.5,95,22.6,Port Harcourt
2007-09-07,30.0,21.8,25.1,5.8,10.0,19.85,87,1012.9,80,22.5,Port Harcourt
2007-09-08,28.1,23.0,24.4,9.6,8.7,11.28,91,1012.4,99,22.9,Port Harcourt
2007-09-09,26.7,22.3,23.9,12.4,12.6,8.92,92,1012.0,97,22.5,Port Harcourt
2007-09-10,28.7,22.4,24.7,2.6,6.9,13.49,89,1012.8,99,22.6,Port Harcourt
2007-09-11,28.9,22.6,24.5,26.0,9.5,14.23,91,1012.5,86,22.9,Port Harcourt
2007-09-12,29.3,22.1,24.8,4.1,12.9,17.0,89,1012.0,81,22.7,Port Harcourt
2007-09-13,28.7,22.6,24.8,8.0,10.5,14.88,89,1012.2,96,22.8,Port Harcourt
2007-09-14,29.7,22.4,25.3,7.8,9.9,19.29,89,1011.5,89,23.2,Port Harcourt
2007-09-15,28.1,22.4,25.1,9.9,9.4,15.38,89,1011.1,95,23.0,Port Harcourt
2007-09-16,27.5,22.7,24.4,11.9,7.4,10.52,92,1011.1,99,23.0,Port Harcourt
2007-09-17,29.0,23.0,25.0,9.8,11.4,15.2,90,1010.7,94,23.2,Port Harcourt
2007-09-18,27.9,23.2,24.8,10.0,10.2,11.59,91,1011.3,97,23.2,Port Harcourt
2007-09-19,28.9,23.4,25.0,16.5,11.9,14.9,91,1011.7,97,23.4,Port Harcourt
2007-09-20,24.7,22.8,23.5,39.3,12.0,4.23,98,1012.7,100,23.2,Port Harcourt
2007-09-21,28.5,22.4,24.7,5.1,9.1,14.15,88,1012.5,98,22.5,Port Harcourt
2007-09-22,29.2,23.1,25.6,1.5,13.2,17.78,87,1011.8,71,23.1,Port Harcourt
2007-09-23,28.5,22.5,25.1,5.9,8.3,15.31,89,1011.5,85,23.2,Port Harcourt
2007-09-24,29.2,23.6,25.7,9.5,12.6,15.96,89,1011.3,99,23.6,Port Harcourt
2007-09-25,27.0,23.7,25.0,11.1,8.9,10.62,92,1012.4,99,23.7,Port Harcourt
2007-09-26,29.4,22.7,25.6,1.9,8.9,16.83,86,1012.5,83,22.8,Port Harcourt
2007-09-27,28.9,23.3,25.4,9.9,11.9,14.48,90,1011.7,91,23.5,Port Harcourt
2007-09-28,29.1,22.9,24.8,12.3,9.4,12.53,90,1012.1,96,23.1,Port Harcourt
2007-09-29,24.7,22.8,23.8,68.4,13.6,4.94,97,1012.9,99,23.3,Port Harcourt
2007-09-30,30.3,22.1,25.8,2.3,10.5,18.31,83,1013.6,87,22.4,Port Harcourt
2007-10-01,28.6,23.2,25.3,10.0,10.0,15.44,90,1013.0,93,23.5,Port Harcourt
2007-10-02,26.8,23.1,24.5,16.7,9.2,9.89,93,1012.1,98,23.3,Port Harcourt
2007-10-03,28.9,22.5,24.5,16.6,10.5,13.27,91,1012.1,93,22.9,Port Harcourt
2007-10-04,28.6,22.5,24.7,10.9,12.2,17.05,92,1012.0,92,23.4,Port Harcourt
2007-10-05,25.9,22.9,24.0,20.0,9.2,8.85,95,1011.9,93,23.2,Port Harcourt
2007-10-06,25.9,22.5,24.0,10.5,12.4,9.27,95,1011.4,100,23.2,Port Harcourt
2007-10-07,24.4,22.3,23.3,32.1,8.1,3.23,97,1011.6,98,22.8,Port Harcourt
2007-10-08,27.5,22.3,24.2,7.5,8.2,10.55,95,1012.2,95,23.4,Port Harcourt
2007-10-09,30.0,22.7,25.3,4.6,10.2,18.28,88,1010.9,86,23.0,Port Harcourt
2007-10-10,28.1,23.2,25.1,14.9,8.9,14.26,91,1009.8,94,23.5,Port Harcourt
2007-10-11,25.2,22.7,23.9,23.5,9.7,5.57,96,1009.3,96,23.2,Port Harcourt
2007-10-12,27.1,22.1,24.0,17.1,9.8,7.86,95,1009.2,95,23.2,Port Harcourt
2007-10-13,24.8,22.7,23.7,20.8,9.5,5.49,97,1010.2,99,23.3,Port Harcourt
2007-10-14,26.6,22.4,24.5,8.9,5.7,11.46,93,1010.8,96,23.4,Port Harcourt
2007-10-15,27.8,22.6,24.8,9.3,6.9,13.0,93,1010.7,92,23.5,Port Harcourt
2007-10-16,28.8,22.8,25.3,9.5,12.2,19.65,90,1011.6,65,23.6,Port Harcourt
2007-10-17,28.7,22.6,25.3,6.1,7.7,16.23,91,1011.5,82,23.7,Port Harcourt
2007-10-18,25.5,23.4,24.3,15.6,8.1,8.23,94,1011.2,91,23.3,Port Harcourt
2007-10-19,28.9,22.6,24.7,9.9,11.1,14.31,92,1011.3,91,23.2,Port Harcourt
2007-10-20,26.4,22.7,24.3,7.8,10.0,9.73,93,1011.9,96,23.0,Port Harcourt
2007-10-21,28.9,22.6,25.4,2.6,10.5,13.53,88,1011.7,89,23.2,Port Harcourt
2007-10-22,29.6,23.0,25.5,9.7,10.6,17.43,90,1011.0,77,23.5,Port Harcourt
2007-10-23,26.6,23.4,24.7,18.3,9.2,9.77,94,1010.8,93,23.6,Port Harcourt
2007-10-24,27.8,22.9,25.0,10.6,10.5,12.99,91,1010.6,99,23.5,Port Harcourt
2007-10-25,27.4,22.2,24.5,12.6,10.5,12.53,94,1010.5,99,23.4,Port Harcourt
2007-10-26,27.9,23.4,24.6,10.7,12.0,10.21,92,1010.9,99,23.2,Port Harcourt
2007-10-27,24.7,22.9,23.7,44.5,9.9,2.52,97,1011.3,100,23.2,Port Harcourt
2007-10-28,28.6,22.4,24.4,12.6,11.4,12.43,93,1011.0,95,23.0,Port Harcourt
2007-10-29,30.4,22.4,25.6,3.4,9.5,18.37,87,1010.3,60,23.0,Port Harcourt
2007-10-30,29.6,23.1,25.9,5.1,8.9,17.13,87,1008.8,92,23.4,Port Harcourt
2007-10-31,29.6,23.5,25.9,8.0,10.1,18.95,89,1008.3,73,23.8,Port Harcourt
2007-11-01,30.0,23.7,25.9,10.1,9.7,19.28,89,1008.8,63,23.8,Port Harcourt
2007-11-02,26.4,23.3,24.8,9.7,11.3,6.93,94,1009.1,98,23.8,Port Harcourt
2007-11-03,29.3,23.2,25.7,6.3,9.8,15.38,87,1008.9,98,23.3,Port Harcourt
2007-11-04,28.0,23.1,25.4,1.0,13.0,14.5,88,1009.3,99,23.3,Port Harcourt
2007-11-05,30.2,23.2,25.8,4.0,10.8,18.37,87,1010.0,89,23.3,Port Harcourt
2007-11-06,30.1,22.8,25.6,5.8,12.7,18.67,87,1010.4,73,23.2,Port Harcourt
2007-11-07,29.2,23.6,25.6,9.4,10.8,16.04,88,1010.0,67,23.4,Port Harcourt
2007-11-08,30.0,22.9,25.8,6.8,9.1,19.53,88,1009.1,61,23.5,Port Harcourt
2007-11-09,27.9,22.7,24.8,12.1,10.1,11.69,92,1009.4,91,23.4,Port Harcourt
2007-11-10,30.0,22.9,25.6,4.6,11.2,18.93,89,1009.2,88,23.6,Port Harcourt
2007-11-11,29.5,22.8,25.0,10.1,8.0,15.75,91,1008.8,95,23.4,Port Harcourt
2007-11-12,27.5,23.5,25.0,6.0,6.1,9.86,93,1008.9,98,23.7,Port Harcourt
2007-11-13,29.5,22.8,25.6,5.4,9.2,16.34,89,1009.5,97,23.5,Port Harcourt
2007-11-14,24.3,23.3,23.8,35.5,9.0,3.47,97,1009.9,100,23.3,Port Harcourt
2007-11-15,27.9,22.6,24.8,4.1,11.6,12.34,90,1010.7,99,22.9,Port Harcourt
2007-11-16,28.3,22.8,25.0,5.7,10.8,13.71,91,1011.5,88,23.3,Port Harcourt
2007-11-17,30.4,23.0,26.4,0.3,10.0,18.08,85,1010.3,84,23.6,Port Harcourt
2007-11-18,30.0,23.8,26.2,7.2,10.8,17.57,87,1009.3,39,23.8,Port Harcourt
2007-11-19,29.2,23.6,25.8,11.8,8.8,16.81,90,1009.1,71,23.9,Port Harcourt
2007-11-20,29.5,23.2,25.4,23.9,11.6,13.29,91,1009.8,90,23.7,Port Harcourt
2007-11-21,28.7,23.8,25.5,14.5,12.2,11.89,91,1011.0,99,23.8,Port Harcourt
2007-11-22,28.1,23.1,25.2,6.3,8.6,13.69,90,1011.4,58,23.5,Port Harcourt
2007-11-23,30.5,22.8,25.8,6.6,8.2,17.8,88,1011.1,88,23.5,Port Harcourt
2007-11-24,30.7,23.6,26.2,6.6,10.0,19.1,89,1009.8,60,24.1,Port Harcourt
2007-11-25,29.0,23.4,25.6,12.4,10.5,14.95,91,1009.7,90,24.1,Port Harcourt
2007-11-26,30.4,23.6,26.0,4.0,10.8,16.07,88,1010.2,97,23.7,Port Harcourt
2007-11-27,31.0,23.3,26.7,0.4,8.7,18.63,83,1009.5,46,23.4,Port Harcourt
2007-11-28,30.9,23.7,26.9,0.2,11.2,18.48,83,1008.2,21,23.5,Port Harcourt
2007-11-29,31.1,24.1,27.0,0.7,11.7,18.68,85,1007.7,88,24.1,Port Harcourt
2007-11-30,30.6,24.5,27.0,1.6,10.5,18.46,86,1007.7,69,24.4,Port Harcourt
2007-12-01,30.4,24.3,26.7,3.1,11.6,17.05,86,1008.8,76,24.1,Port Harcourt
2007-12-02,30.6,24.4,26.4,4.0,11.2,17.11,88,1009.6,83,24.1,Port Harcourt
2007-12-03,30.6,23.4,26.0,2.9,8.7,16.03,88,1008.9,84,23.8,Port Harcourt
2007-12-04,27.9,23.9,25.5,8.5,8.9,10.42,90,1008.7,97,23.8,Port Harcourt
2007-12-05,30.2,23.0,26.0,6.0,8.0,15.88,89,1009.4,97,23.9,Port Harcourt
2007-12-06,26.8,23.5,25.0,16.1,7.6,9.11,92,1010.8,100,23.5,Port Harcourt
2007-12-07,28.6,22.8,25.1,10.5,9.0,12.16,89,1011.5,95,23.2,Port Harcourt
2007-12-08,29.9,22.9,25.7,2.0,10.5,16.72,86,1011.4,76,23.0,Port Harcourt
2007-12-09,29.8,22.8,25.4,1.0,14.2,14.31,88,1011.2,99,23.1,Port Harcourt
2007-12-10,31.4,23.4,26.7,0.1,7.1,19.36,80,1010.2,76,22.7,Port Harcourt
2007-12-11,31.6,23.5,27.1,0.0,11.6,20.5,81,1009.6,21,23.0,Port Harcourt
2007-12-12,29.7,24.0,26.4,0.6,11.0,16.55,86,1010.6,57,23.8,Port Harcourt
2007-12-13,30.3,23.6,26.1,2.0,10.8,16.18,85,1010.1,86,23.3,Port Harcourt
2007-12-14,31.3,23.2,26.6,0.0,8.9,16.03,83,1007.6,36,23.2,Port Harcourt
2007-12-15,31.2,24.0,27.0,0.5,10.7,17.62,83,1006.1,67,23.6,Port Harcourt
2007-12-16,30.0,24.2,26.3,3.2,11.2,15.92,87,1007.6,63,23.9,Port Harcourt
2007-12-17,31.8,23.9,27.1,0.0,12.5,16.77,82,1009.0,80,23.5,Port Harcourt
2007-12-18,30.1,24.3,26.6,2.0,14.3,15.97,85,1010.3,80,23.6,Port Harcourt
2007-12-19,29.8,24.0,26.1,0.8,9.7,16.41,87,1010.7,81,23.8,Port Harcourt
2007-12-20,31.1,23.6,26.8,0.6,10.6,18.54,82,1009.9,44,23.2,Port Harcourt
2007-12-21,31.5,23.8,26.9,0.0,11.6,19.26,80,1009.6,22,22.7,Port Harcourt
2007-12-22,31.2,24.0,26.9,0.0,9.4,20.01,80,1010.2,50,22.6,Port Harcourt
2007-12-23,31.7,23.3,26.9,0.0,11.2,19.85,79,1010.0,35,22.4,Port Harcourt
2007-12-24,32.0,22.9,26.9,0.0,10.2,20.3,78,1010.1,55,22.0,Port Harcourt
2007-12-25,31.4,23.8,26.9,0.0,11.5,20.01,79,1009.7,28,22.5,Port Harcourt
2007-12-26,31.1,23.7,26.7,0.4,11.2,18.43,82,1009.3,21,23.1,Port Harcourt
2007-12-27,30.9,23.9,26.7,0.4,10.2,18.02,83,1009.2,32,23.4,Port Harcourt
2007-12-28,32.1,23.8,27.2,0.0,12.4,19.6,79,1008.7,30,22.8,Port Harcourt
2007-12-29,31.1,23.9,26.9,1.0,14.2,17.19,81,1008.7,63,23.0,Port Harcourt
2007-12-30,29.9,23.6,26.4,1.1,14.0,16.0,85,1008.2,46,23.5,Port Harcourt
2007-12-31,29.8,24.4,26.0,4.1,12.1,15.53,87,1008.8,83,23.5,Port Harcourt
2008-01-01,30.3,23.9,26.0,2.5,12.4,14.71,88,1009.2,69,23.7,Port Harcourt
2008-01-02,28.0,23.5,25.3,12.5,7.0,11.04,91,1010.1,84,23.6,Port Harcourt
2008-01-03,29.9,23.7,26.1,2.7,8.1,16.43,87,1010.7,70,23.7,Port Harcourt
2008-01-04,30.3,23.8,26.3,1.5,13.7,15.57,84,1011.5,87,23.2,Port Harcourt
2008-01-05,29.0,23.6,26.0,2.6,9.4,14.3,87,1011.3,90,23.6,Port Harcourt
2008-01-06,29.6,23.3,25.4,8.6,11.3,14.24,90,1011.0,94,23.6,Port Harcourt
2008-01-07,29.8,23.7,25.9,1.3,12.6,13.6,88,1010.1,87,23.7,Port Harcourt
2008-01-08,28.8,23.7,25.3,3.8,9.7,11.91,89,1009.8,94,23.4,Port Harcourt
2008-01-09,29.4,23.5,25.7,5.8,8.4,14.28,88,1008.6,84,23.4,Port Harcourt
2008-01-10,31.1,23.0,26.1,1.7,9.7,16.83,85,1007.7,74,23.1,Port Harcourt
2008-01-11,31.9,23.4,27.1,0.7,14.2,19.82,80,1008.0,91,22.9,Port Harcourt
2008-01-12,30.8,24.1,26.8,1.0,10.2,16.67,83,1008.6,62,23.5,Port Harcourt
2008-01-13,29.7,23.8,26.3,1.2,11.0,17.07,85,1009.5,45,23.5,Port Harcourt
2008-01-14,30.2,23.4,26.3,2.4,14.4,18.18,86,1010.4,42,23.6,Port Harcourt
2008-01-15,31.0,23.5,26.7,1.2,11.1,17.98,81,1009.5,39,22.9,Port Harcourt
2008-01-16,31.6,23.5,26.8,1.2,12.2,18.36,83,1008.7,51,23.4,Port Harcourt
2008-01-17,32.4,23.7,27.4,0.0,11.8,20.29,79,1008.5,22,23.0,Port Harcourt
2008-01-18,31.4,24.3,27.1,1.7,12.2,17.96,81,1008.3,70,23.2,Port Harcourt
2008-01-19,30.9,24.4,26.7,2.9,13.1,16.39,83,1008.4,81,23.3,Port Harcourt
2008-01-20,32.2,23.8,27.2,0.9,13.2,17.82,79,1008.8,94,22.9,Port Harcourt
2008-01-21,32.7,23.0,26.7,0.0,13.8,22.4,63,1009.6,65,16.6,Port Harcourt
2008-01-22,32.3,18.9,25.0,0.0,12.4,23.92,55,1009.7,49,13.5,Port Harcourt
2008-01-23,32.5,19.9,25.9,0.0,10.2,22.85,59,1009.7,71,15.4,Port Harcourt
2008-01-24,31.8,21.3,26.3,0.0,13.0,21.87,72,1009.8,52,20.0,Port Harcourt
2008-01-25,32.7,21.8,26.9,0.0,12.6,21.56,74,1010.0,70,21.2,Port Harcourt
2008-01-26,33.3,22.1,26.8,0.0,11.9,22.98,66,1009.4,97,17.6,Port Harcourt
2008-01-27,33.2,21.4,26.3,0.0,12.6,23.7,60,1009.6,80,15.2,Port Harcourt
2008-01-28,34.3,20.1,26.3,0.0,13.8,24.3,54,1009.0,51,13.7,Port Harcourt
2008-01-29,33.7,18.9,26.0,0.0,11.3,24.26,59,1008.9,87,14.9,Port Harcourt
2008-01-30,33.4,20.0,26.5,0.0,14.1,24.07,67,1009.4,100,17.9,Port Harcourt
2008-01-31,33.3,21.6,26.5,0.0,12.3,23.43,69,1008.4,88,18.5,Port Harcourt
2008-02-01,34.1,21.6,27.1,0.0,11.5,23.17,72,1007.8,89,20.2,Port Harcourt
2008-02-02,35.0,21.9,27.6,0.0,14.5,24.21,71,1007.3,19,20.6,Port Harcourt
2008-02-03,33.1,23.7,27.7,0.0,13.0,19.67,77,1008.9,98,22.7,Port Harcourt
2008-02-04,34.1,23.5,28.3,0.0,15.1,21.07,74,1010.1,89,22.6,Port Harcourt
2008-02-05,33.4,24.3,28.3,0.0,13.5,20.09,75,1010.7,77,22.9,Port Harcourt
2008-02-06,34.5,24.1,28.6,0.0,15.2,20.64,74,1010.3,95,22.9,Port Harcourt
2008-02-07,33.4,25.5,28.2,1.8,16.6,19.3,78,1010.3,78,23.5,Port Harcourt
2008-02-08,33.7,24.6,28.2,0.5,14.0,20.57,76,1009.2,93,23.1,Port Harcourt
2008-02-09,32.5,24.7,27.9,1.5,14.3,18.94,78,1009.5,81,23.3,Port Harcourt
2008-02-10,33.2,24.1,28.0,0.8,15.0,18.9,78,1010.3,62,23.2,Port Harcourt
2008-02-11,32.8,24.4,28.0,0.2,13.0,18.23,77,1010.5,78,23.1,Port Harcourt
2008-02-12,34.7,24.5,28.7,0.0,15.9,22.37,73,1009.1,23,22.5,Port Harcourt
2008-02-13,34.7,23.7,28.6,0.0,15.9,23.01,73,1008.9,26,22.5,Port Harcourt
2008-02-14,34.1,24.9,28.4,0.1,16.3,21.36,75,1008.7,47,22.9,Port Harcourt
2008-02-15,34.4,25.3,28.9,0.1,15.5,22.06,73,1008.5,51,22.9,Port Harcourt
2008-02-16,35.5,24.7,29.1,0.0,16.3,23.09,71,1008.1,37,22.4,Port Harcourt
2008-02-17,35.9,25.1,29.4,0.0,14.9,23.78,68,1008.3,30,21.2,Port Harcourt
2008-02-18,35.9,23.9,29.1,0.0,15.6,24.57,68,1008.9,40,21.0,Port Harcourt
2008-02-19,35.4,23.7,29.1,0.0,16.5,24.1,68,1009.0,14,21.5,Port Harcourt
2008-02-20,35.7,23.8,28.9,0.0,17.0,24.74,69,1009.4,76,21.3,Port Harcourt
2008-02-21,35.2,23.3,28.7,0.0,14.8,24.85,66,1009.2,83,20.2,Port Harcourt
2008-02-22,34.7,23.1,28.2,0.0,16.9,23.87,69,1009.4,85,21.0,Port Harcourt
2008-02-23,35.1,23.5,28.6,0.0,18.3,23.07,69,1009.8,88,21.5,Port Harcourt
2008-02-24,35.2,25.0,29.1,0.0,19.2,23.07,68,1009.9,39,21.8,Port Harcourt
2008-02-25,32.8,25.3,28.3,2.2,16.5,18.96,71,1010.5,59,22.4,Port Harcourt
2008-02-26,33.9,24.9,28.5,0.9,13.4,21.4,72,1010.2,22,22.4,Port Harcourt
2008-02-27,33.7,24.6,28.5,0.7,15.4,21.73,73,1010.1,28,22.6,Port Harcourt
2008-02-28,32.3,25.0,27.4,5.2,13.4,18.07,80,1010.2,56,23.5,Port Harcourt
2008-02-29,30.4,24.2,26.9,4.1,11.8,14.73,82,1009.8,62,23.4,Port Harcourt
2008-03-01,31.1,24.4,27.2,4.0,12.3,19.53,82,1008.6,67,23.8,Port Harcourt
2008-03-02,31.3,24.7,27.1,5.9,12.3,18.73,84,1008.1,63,24.1,Port Harcourt
2008-03-03,32.3,24.5,27.7,3.3,11.7,21.58,82,1008.2,44,24.0,Port Harcourt
2008-03-04,33.2,24.6,28.4,0.1,13.7,22.13,76,1007.3,82,23.4,Port Harcourt
2008-03-05,33.1,25.3,27.9,5.1,15.0,21.26,79,1006.4,95,23.7,Port Harcourt
2008-03-06,32.6,24.2,27.6,1.3,14.6,19.35,80,1006.8,92,23.7,Port Harcourt
2008-03-07,30.1,24.6,26.9,12.5,14.1,18.31,85,1008.1,73,24.0,Port Harcourt
2008-03-08,30.9,24.2,26.8,2.0,12.6,17.3,84,1008.8,84,23.5,Port Harcourt
2008-03-09,31.4,23.8,26.1,12.2,10.0,16.14,88,1008.7,89,23.7,Port Harcourt
2008-03-10,29.1,23.5,25.5,18.4,11.9,11.52,89,1009.4,100,23.4,Port Harcourt
2008-03-11,27.9,23.6,25.7,8.3,9.2,11.89,88,1009.7,99,23.5,Port Harcourt
2008-03-12,31.4,23.7,26.5,9.3,11.9,18.24,86,1009.4,92,23.9,Port Harcourt
2008-03-13,30.3,23.9,26.8,0.8,9.4,16.8,84,1009.0,95,23.7,Port Harcourt
2008-03-14,30.6,24.7,26.9,7.1,13.1,18.25,86,1008.6,95,24.3,Port Harcourt
2008-03-15,27.9,24.6,25.8,7.1,10.8,10.08,89,1009.6,99,23.7,Port Harcourt
2008-03-16,30.7,23.8,26.5,2.7,10.9,17.98,85,1010.0,88,23.7,Port Harcourt
2008-03-17,28.3,23.6,25.8,5.3,9.7,10.51,89,1009.2,98,23.8,Port Harcourt
2008-03-18,30.3,23.8,26.6,5.2,12.3,20.0,87,1009.2,72,24.1,Port Harcourt
2008-03-19,28.2,24.4,26.0,1.8,14.1,11.47,88,1009.9,95,23.9,Port Harcourt
2008-03-20,30.9,24.2,26.6,4.2,10.7,16.8,85,1010.2,96,23.8,Port Harcourt
2008-03-21,31.2,23.8,26.6,5.5,12.4,20.74,85,1008.8,96,23.8,Port Harcourt
2008-03-22,29.7,23.8,26.2,11.6,11.9,17.28,88,1008.1,77,24.0,Port Harcourt
2008-03-23,30.0,23.9,26.3,10.7,10.0,16.43,88,1008.7,97,24.1,Port Harcourt
2008-03-24,28.0,24.1,25.4,14.9,11.0,9.89,91,1009.6,100,23.9,Port Harcourt
2008-03-25,30.8,24.1,26.6,5.0,10.8,16.46,87,1008.8,81,24.0,Port Harcourt
2008-03-26,31.5,24.1,27.0,3.1,11.9,19.72,84,1007.8,61,24.0,Port Harcourt
2008-03-27,31.5,24.3,26.9,4.0,13.0,19.75,85,1007.9,58,24.1,Port Harcourt
2008-03-28,31.2,24.2,26.7,7.7,14.1,19.27,88,1007.5,55,24.4,Port Harcourt
2008-03-29,30.9,24.3,26.9,3.9,10.6,17.29,87,1008.0,85,24.4,Port Harcourt
2008-03-30,30.9,24.1,26.5,6.7,13.1,19.32,88,1007.1,96,24.2,Port Harcourt
2008-03-31,29.0,24.4,26.3,5.1,8.2,14.37,90,1006.3,99,24.5,Port Harcourt
2008-04-01,30.9,24.4,27.0,3.6,11.6,18.89,85,1005.1,88,24.2,Port Harcourt
2008-04-02,29.6,24.4,26.6,8.5,11.3,16.5,90,1006.4,98,24.8,Port Harcourt
2008-04-03,30.9,24.5,26.9,7.4,11.5,18.89,87,1007.0,97,24.4,Port Harcourt
2008-04-04,27.5,24.2,25.7,16.5,6.0,12.74,94,1007.7,99,24.6,Port Harcourt
2008-04-05,26.8,24.0,25.2,6.3,8.7,8.16,93,1008.4,100,24.0,Port Harcourt
2008-04-06,31.7,23.4,27.0,1.0,11.9,22.04,83,1009.0,87,23.5,Port Harcourt
2008-04-07,28.4,24.4,25.8,5.1,9.0,7.79,91,1010.3,100,24.2,Port Harcourt
2008-04-08,30.2,24.4,26.9,1.0,11.9,16.57,83,1009.4,97,23.5,Port Harcourt
2008-04-09,31.0,24.3,26.8,2.9,9.2,18.24,85,1008.7,96,23.9,Port Harcourt
2008-04-10,31.3,24.5,26.9,3.3,12.6,18.9,87,1007.9,80,24.5,Port Harcourt
2008-04-11,30.2,24.5,26.6,4.5,11.5,18.72,85,1007.9,87,23.7,Port Harcourt
2008-04-12,29.6,24.0,26.4,9.3,8.8,16.84,88,1007.7,98,24.1,Port Harcourt
2008-04-13,30.8,24.2,27.0,1.4,11.2,19.7,86,1006.8,84,24.4,Port Harcourt
2008-04-14,30.1,25.0,26.8,2.7,15.1,15.8,85,1007.4,98,24.0,Port Harcourt
2008-04-15,30.6,24.2,26.6,6.1,11.5,17.77,86,1008.1,91,24.0,Port Harcourt
2008-04-16,31.1,24.2,27.0,1.8,8.7,19.94,85,1008.8,83,24.1,Port Harcourt
2008-04-17,30.9,24.9,26.9,10.2,13.0,20.67,86,1009.1,95,24.3,Port Harcourt
2008-04-18,27.9,24.2,25.6,7.4,8.2,9.8,92,1010.3,100,24.1,Port Harcourt
2008-04-19,30.9,23.6,26.8,0.0,10.5,18.78,83,1009.5,96,23.3,Port Harcourt
2008-04-20,31.8,24.8,27.6,0.3,12.5,22.21,81,1009.3,47,23.9,Port Harcourt
2008-04-21,31.1,24.5,27.7,0.5,10.3,20.46,82,1008.1,35,24.2,Port Harcourt
2008-04-22,30.9,25.1,27.1,9.5,11.9,18.32,87,1007.5,76,24.6,Port Harcourt
2008-04-23,30.3,24.5,26.5,12.1,11.3,17.6,90,1008.2,99,24.7,Port Harcourt
2008-04-24,31.2,23.9,26.7,2.1,8.2,17.82,86,1008.9,99,24.0,Port Harcourt
2008-04-25,31.1,23.9,26.9,4.3,9.4,19.58,84,1007.6,96,23.7,Port Harcourt
2008-04-26,30.4,24.5,26.8,11.2,12.2,17.17,88,1007.7,97,24.5,Port Harcourt
2008-04-27,28.8,24.4,26.0,11.3,6.8,12.68,92,1008.3,99,24.6,Port Harcourt
2008-04-28,30.5,24.0,26.2,5.3,9.2,16.57,89,1008.1,99,24.1,Port Harcourt
2008-04-29,31.9,24.1,27.3,0.0,10.5,20.24,84,1007.2,66,24.2,Port Harcourt
2008-04-30,31.1,24.8,27.2,2.6,12.4,18.59,85,1007.2,93,24.3,Port Harcourt
2008-05-01,30.7,24.6,27.2,2.0,8.7,18.95,87,1007.6,95,24.7,Port Harcourt
2008-05-02,30.6,24.5,26.5,15.9,7.7,15.51,90,1007.9,99,24.7,Port Harcourt
2008-05-03,29.4,24.4,26.2,12.1,8.5,14.64,91,1008.3,92,24.5,Port Harcourt
2008-05-04,28.6,24.3,26.0,7.8,11.3,11.53,90,1009.5,98,24.2,Port Harcourt
2008-05-05,31.0,24.5,27.1,0.3,8.0,17.41,85,1010.2,85,24.1,Port Harcourt
2008-05-06,30.1,25.4,27.0,13.4,10.5,16.97,90,1010.1,84,25.1,Port Harcourt
2008-05-07,31.2,24.5,26.8,7.2,10.0,20.36,87,1009.8,70,24.3,Port Harcourt
2008-05-08,28.6,24.5,26.0,10.3,10.6,10.73,90,1009.4,99,24.2,Port Harcourt
2008-05-09,30.8,23.7,26.7,4.3,9.8,20.38,88,1008.5,81,24.5,Port Harcourt
2008-05-10,30.1,24.4,26.7,7.5,7.9,18.13,88,1009.5,90,24.6,Port Harcourt
2008-05-11,30.7,24.9,26.6,6.8,10.3,13.0,87,1009.6,100,24.1,Port Harcourt
2008-05-12,30.4,24.6,27.0,1.0,14.2,14.98,86,1009.3,99,24.3,Port Harcourt
2008-05-13,29.0,24.8,26.3,10.9,9.2,14.97,92,1010.3,97,24.8,Port Harcourt
2008-05-14,29.1,23.8,26.0,4.0,7.1,14.24,91,1011.1,98,24.4,Port Harcourt
2008-05-15,30.8,23.4,26.6,4.9,8.6,17.84,87,1010.3,97,24.1,Port Harcourt
2008-05-16,27.5,24.5,25.9,16.2,12.4,9.66,92,1011.1,100,24.5,Port Harcourt
2008-05-17,29.2,24.4,26.1,9.0,10.7,14.69,91,1010.8,99,24.5,Port Harcourt
2008-05-18,30.0,23.7,26.5,8.1,8.6,18.3,88,1010.1,87,24.2,Port Harcourt
2008-05-19,28.4,24.3,26.0,7.3,8.4,13.2,89,1009.4,86,24.0,Port Harcourt
2008-05-20,31.1,23.8,26.7,2.2,11.0,20.41,85,1009.4,61,23.7,Port Harcourt
2008-05-21,27.8,23.9,25.6,6.1,11.0,9.6,92,1009.6,97,24.2,Port Harcourt
2008-05-22,29.8,24.1,25.9,7.0,9.8,16.4,88,1009.6,98,23.6,Port Harcourt
2008-05-23,29.0,23.8,25.5,9.0,11.2,13.67,90,1009.5,100,23.6,Port Harcourt
2008-05-24,28.5,23.1,25.2,18.5,12.8,16.24,92,1009.8,96,23.8,Port Harcourt
2008-05-25,28.8,22.9,25.3,12.1,8.9,15.93,90,1010.0,94,23.4,Port Harcourt
2008-05-26,26.8,23.5,25.0,7.4,9.7,8.45,94,1010.1,100,23.9,Port Harcourt
2008-05-27,27.5,23.8,25.3,18.3,8.6,12.19,93,1009.8,99,23.9,Port Harcourt
2008-05-28,26.9,23.6,24.9,10.0,13.0,9.01,92,1010.1,99,23.5,Port Harcourt
2008-05-29,29.8,22.8,25.8,8.7,9.7,17.46,89,1009.8,88,23.8,Port Harcourt
2008-05-30,29.2,23.7,25.6,7.1,10.5,13.56,90,1010.4,98,23.8,Port Harcourt
2008-05-31,26.6,23.1,24.7,10.7,9.4,7.48,95,1010.9,100,23.8,Port Harcourt
2008-06-01,30.3,23.6,26.3,2.3,11.6,16.99,84,1010.6,98,23.2,Port Harcourt
2008-06-02,27.3,24.2,25.4,13.2,10.4,12.27,89,1010.5,98,23.5,Port Harcourt
2008-06-03,26.1,23.3,24.5,16.6,7.6,7.49,94,1011.7,100,23.4,Port Harcourt
2008-06-04,27.3,23.2,25.1,7.7,7.9,10.14,90,1012.5,98,23.2,Port Harcourt
2008-06-05,30.2,23.9,26.0,7.2,8.3,17.81,86,1011.7,87,23.3,Port Harcourt
2008-06-06,29.5,23.3,25.7,2.7,15.2,18.44,88,1011.5,65,23.4,Port Harcourt
2008-06-07,27.6,23.7,25.2,7.5,12.1,13.75,88,1011.9,73,23.2,Port Harcourt
2008-06-08,28.6,23.0,25.0,10.0,12.0,14.54,90,1011.7,89,23.2,Port Harcourt
2008-06-09,26.6,23.2,24.6,4.4,9.9,7.5,91,1011.7,99,23.1,Port Harcourt
2008-06-10,28.0,23.3,25.5,4.6,11.3,12.59,88,1011.9,86,23.3,Port Harcourt
2008-06-11,29.2,23.2,25.8,3.2,10.8,17.64,87,1011.2,73,23.3,Port Harcourt
2008-06-12,26.6,23.8,24.9,7.3,9.4,7.39,90,1010.5,99,23.2,Port Harcourt
2008-06-13,27.1,23.5,24.7,25.7,10.5,8.73,93,1010.6,98,23.5,Port Harcourt
2008-06-14,28.0,22.9,25.1,7.6,11.6,12.53,89,1011.4,95,23.1,Port Harcourt
2008-06-15,28.6,23.8,25.3,5.3,11.6,14.01,89,1011.1,96,23.2,Port Harcourt
2008-06-16,27.1,23.3,24.8,6.7,10.5,9.16,90,1011.4,99,23.1,Port Harcourt
2008-06-17,26.1,23.3,24.3,9.3,10.3,7.32,93,1012.0,99,23.1,Port Harcourt
2008-06-18,28.8,22.8,24.7,13.5,10.7,14.79,92,1012.4,97,23.3,Port Harcourt
2008-06-19,28.5,22.7,24.3,20.6,9.9,13.25,92,1012.3,83,22.9,Port Harcourt
2008-06-20,27.9,21.9,24.8,4.4,13.0,15.9,88,1011.7,66,22.6,Port Harcourt
2008-06-21,28.9,22.8,25.4,2.1,12.6,17.16,86,1010.3,75,22.8,Port Harcourt
2008-06-22,28.7,23.2,24.7,10.0,9.8,11.6,91,1011.4,99,23.1,Port Harcourt
2008-06-23,27.6,22.5,24.2,13.0,13.1,11.48,94,1011.4,100,23.1,Port Harcourt
2008-06-24,25.0,23.0,23.9,32.7,7.7,5.43,97,1011.7,100,23.3,Port Harcourt
2008-06-25,27.0,22.5,24.0,28.6,8.0,8.5,94,1012.3,99,23.1,Port Harcourt
2008-06-26,26.9,22.5,24.1,17.8,6.7,9.29,95,1013.1,98,23.2,Port Harcourt
2008-06-27,27.8,22.6,24.7,5.7,7.3,12.83,90,1013.5,85,22.9,Port Harcourt
2008-06-28,27.2,23.1,25.0,6.3,8.6,11.76,90,1013.2,98,23.2,Port Harcourt
2008-06-29,30.2,22.8,25.8,7.2,9.1,18.64,88,1012.2,90,23.5,Port Harcourt
2008-06-30,27.7,23.3,24.5,36.7,9.7,8.21,93,1013.1,97,23.4,Port Harcourt
2008-07-01,25.9,22.6,23.7,21.3,8.5,4.61,96,1013.4,100,23.0,Port Harcourt
2008-07-02,28.2,22.2,24.6,6.7,10.8,13.62,91,1013.0,88,22.9,Port Harcourt
2008-07-03,28.4,22.9,25.0,7.5,15.0,17.34,90,1013.1,61,23.2,Port Harcourt
2008-07-04,28.1,22.5,25.1,1.8,13.0,17.53,88,1012.7,63,23.0,Port Harcourt
2008-07-05,28.0,22.7,25.2,6.8,12.9,17.74,86,1013.4,89,22.7,Port Harcourt
2008-07-06,27.1,23.2,24.3,8.4,11.7,10.43,90,1012.7,97,22.4,Port Harcourt
2008-07-07,26.9,22.5,24.0,27.1,16.4,11.65,92,1012.5,92,22.6,Port Harcourt
2008-07-08,25.9,22.4,23.6,34.1,12.6,9.35,94,1013.4,100,22.6,Port Harcourt
2008-07-09,25.0,22.6,23.3,20.4,6.3,6.34,96,1014.9,98,22.7,Port Harcourt
2008-07-10,27.7,21.8,24.6,1.0,8.1,10.27,90,1014.8,94,22.7,Port Harcourt
2008-07-11,27.5,23.4,25.0,5.6,10.6,12.86,88,1013.7,86,22.8,Port Harcourt
2008-07-12,27.3,23.6,25.0,2.9,12.0,12.71,86,1012.0,85,22.4,Port Harcourt
2008-07-13,28.4,23.2,24.9,4.9,9.7,14.46,87,1010.8,92,22.6,Port Harcourt
2008-07-14,27.7,22.7,24.1,19.8,11.7,10.13,92,1011.6,100,22.7,Port Harcourt
2008-07-15,26.2,22.6,24.1,5.5,11.1,8.58,92,1012.7,86,22.6,Port Harcourt
2008-07-16,26.7,22.2,24.3,1.6,7.6,8.96,89,1012.9,86,22.4,Port Harcourt
2008-07-17,28.0,22.7,24.1,13.3,11.2,10.91,92,1012.7,99,22.6,Port Harcourt
2008-07-18,25.8,22.4,23.7,12.6,7.9,9.09,94,1013.4,99,22.6,Port Harcourt
2008-07-19,28.1,21.8,24.8,1.4,11.6,18.76,87,1013.1,75,22.4,Port Harcourt
2008-07-20,27.2,22.5,24.8,6.2,7.8,14.61,88,1012.9,71,22.6,Port Harcourt
2008-07-21,27.5,22.9,24.4,12.3,10.5,13.13,91,1012.8,95,22.8,Port Harcourt
2008-07-22,24.2,22.5,23.0,41.3,6.8,3.46,98,1012.4,100,22.7,Port Harcourt
2008-07-23,25.5,22.2,23.4,6.9,8.1,5.32,96,1013.1,89,22.7,Port Harcourt
2008-07-24,28.6,21.6,24.6,1.9,11.1,17.89,89,1013.2,58,22.5,Port Harcourt
2008-07-25,28.2,22.5,24.5,10.2,9.8,13.13,89,1013.1,96,22.6,Port Harcourt
2008-07-26,26.3,22.6,24.0,10.6,14.0,8.6,90,1013.5,98,22.2,Port Harcourt
2008-07-27,26.3,22.3,24.0,9.3,8.7,10.29,91,1014.5,92,22.5,Port Harcourt
2008-07-28,27.9,22.9,24.8,0.8,9.7,12.45,87,1013.3,90,22.4,Port Harcourt
2008-07-29,27.3,22.7,24.2,10.0,9.2,12.38,92,1012.5,86,22.8,Port Harcourt
2008-07-30,27.6,22.7,24.5,7.5,12.7,14.84,89,1012.2,93,22.5,Port Harcourt
2008-07-31,27.5,22.6,24.4,4.1,11.5,13.85,89,1012.1,94,22.5,Port Harcourt
2008-08-01,28.1,22.9,24.9,1.1,11.6,13.36,87,1011.7,89,22.5,Port Harcourt
2008-08-02,28.8,23.3,25.3,1.3,14.4,16.46,85,1011.7,77,22.5,Port Harcourt
2008-08-03,26.1,23.3,24.5,2.7,8.2,8.7,90,1011.6,99,22.8,Port Harcourt
2008-08-04,28.3,22.5,25.0,3.7,8.6,15.11,87,1011.8,98,22.5,Port Harcourt
2008-08-05,28.8,22.9,25.1,3.2,10.3,14.69,87,1012.1,75,22.6,Port Harcourt
2008-08-06,28.8,22.5,25.0,2.8,12.0,17.19,87,1011.7,87,22.6,Port Harcourt
2008-08-07,26.9,22.9,24.4,7.3,12.4,12.91,89,1011.4,96,22.5,Port Harcourt
2008-08-08,26.3,22.4,24.0,13.9,11.4,11.0,92,1011.9,97,22.6,Port Harcourt
2008-08-09,28.8,22.4,24.9,3.5,8.4,15.26,90,1012.7,93,23.1,Port Harcourt
2008-08-10,30.1,21.9,25.6,2.7,9.0,20.99,85,1011.7,59,22.8,Port Harcourt
2008-08-11,27.1,23.5,25.1,4.4,10.2,12.54,87,1010.3,94,22.8,Port Harcourt
2008-08-12,27.2,23.4,24.6,9.1,13.6,10.14,91,1010.1,100,23.0,Port Harcourt
2008-08-13,24.1,22.7,23.4,13.7,9.0,3.74,97,1012.1,99,22.8,Port Harcourt
2008-08-14,27.4,21.8,24.2,6.0,9.8,12.62,90,1012.8,96,22.5,Port Harcourt
2008-08-15,26.8,22.3,23.7,17.8,16.3,12.02,94,1011.9,99,22.6,Port Harcourt
2008-08-16,26.4,22.8,23.9,10.4,14.5,10.05,91,1010.8,97,22.4,Port Harcourt
2008-08-17,26.8,22.5,24.2,4.7,11.0,10.6,90,1011.2,97,22.3,Port Harcourt
2008-08-18,27.3,22.3,24.2,8.6,11.2,13.82,88,1011.5,97,22.1,Port Harcourt
2008-08-19,27.3,21.9,24.5,1.4,9.4,12.12,87,1011.7,98,22.1,Port Harcourt
2008-08-20,27.7,22.5,24.7,1.3,8.8,11.61,87,1011.4,86,22.2,Port Harcourt
2008-08-21,28.5,22.1,24.8,3.3,13.4,15.48,87,1011.6,74,22.4,Port Harcourt
2008-08-22,27.3,22.9,24.7,4.6,12.4,13.91,88,1011.8,94,22.5,Port Harcourt
2008-08-23,26.1,22.8,24.1,10.3,6.3,9.49,93,1012.5,100,22.8,Port Harcourt
2008-08-24,26.0,22.4,24.1,10.2,8.4,9.72,95,1012.3,99,23.2,Port Harcourt
2008-08-25,29.4,22.5,25.0,7.2,12.2,18.75,88,1011.1,79,22.7,Port Harcourt
2008-08-26,28.3,22.7,24.5,9.5,10.1,12.16,91,1011.3,90,22.8,Port Harcourt
2008-08-27,28.8,22.6,24.5,12.5,8.6,14.08,91,1010.7,99,22.8,Port Harcourt
2008-08-28,28.1,22.5,24.5,9.6,12.6,14.41,90,1010.0,94,22.7,Port Harcourt
2008-08-29,27.2,22.2,23.9,11.9,10.7,10.31,93,1011.1,97,22.6,Port Harcourt
2008-08-30,24.4,22.4,23.1,31.0,8.0,4.41,98,1012.0,100,22.6,Port Harcourt
2008-08-31,27.4,22.1,24.0,15.5,11.8,10.97,93,1011.0,96,22.7,Port Harcourt
2008-09-01,27.3,21.9,24.1,10.2,10.8,10.53,92,1010.7,97,22.7,Port Harcourt
2008-09-02,25.8,22.7,23.6,90.4,8.7,3.99,96,1010.8,100,22.9,Port Harcourt
2008-09-03,29.9,22.0,24.9,8.2,13.5,15.84,89,1010.5,88,22.7,Port Harcourt
2008-09-04,26.8,22.6,24.0,22.4,15.5,10.0,94,1011.0,98,22.9,Port Harcourt
2008-09-05,26.6,22.7,24.1,9.9,8.0,7.8,94,1013.3,95,23.0,Port Harcourt
2008-09-06,30.3,22.4,25.7,1.0,9.4,18.41,85,1012.3,67,22.6,Port Harcourt
2008-09-07,29.9,23.0,25.6,8.9,12.6,16.56,86,1011.4,75,23.0,Port Harcourt
2008-09-08,29.4,23.0,25.4,5.3,13.1,17.15,88,1011.7,78,23.1,Port Harcourt
2008-09-09,27.6,22.9,24.9,5.8,11.7,11.72,89,1013.0,93,22.9,Port Harcourt
2008-09-10,29.5,22.6,25.1,7.2,11.7,17.58,88,1013.1,96,22.8,Port Harcourt
2008-09-11,27.9,22.4,24.8,9.3,12.2,14.26,88,1012.4,83,22.6,Port Harcourt
2008-09-12,28.3,22.8,24.7,5.7,10.0,12.3,90,1011.7,87,22.8,Port Harcourt
2008-09-13,29.9,22.6,25.4,2.9,11.8,16.14,87,1011.5,88,23.0,Port Harcourt
2008-09-14,28.1,23.1,24.7,13.4,11.3,11.26,92,1012.3,100,23.3,Port Harcourt
2008-09-15,27.4,22.3,24.4,7.4,11.8,10.95,92,1013.2,97,23.0,Port Harcourt
2008-09-16,29.3,23.0,25.0,12.8,11.0,15.59,90,1012.4,95,23.1,Port Harcourt
2008-09-17,24.2,22.5,23.5,29.5,8.1,3.32,98,1010.8,100,23.1,Port Harcourt
2008-09-18,24.6,22.9,23.7,33.5,7.1,4.17,98,1011.1,100,23.4,Port Harcourt
2008-09-19,27.3,22.9,24.4,13.5,8.3,10.09,95,1011.9,98,23.5,Port Harcourt
2008-09-20,27.9,22.5,24.7,7.9,9.0,12.46,92,1011.9,97,23.3,Port Harcourt
2008-09-21,24.3,23.0,23.6,24.2,10.4,4.14,98,1011.9,100,23.3,Port Harcourt
2008-09-22,27.1,23.0,24.6,8.7,10.3,9.6,94,1012.4,100,23.5,Port Harcourt
2008-09-23,28.3,23.3,25.2,4.9,8.2,12.41,89,1011.7,98,23.1,Port Harcourt
2008-09-24,29.4,23.4,25.7,3.4,8.9,15.11,88,1011.0,93,23.4,Port Harcourt
2008-09-25,30.3,23.4,26.1,3.2,12.0,20.57,86,1010.6,67,23.4,Port Harcourt
2008-09-26,27.0,23.6,25.0,12.9,9.2,10.12,91,1011.0,97,23.4,Port Harcourt
2008-09-27,28.1,23.1,24.4,17.8,13.1,10.78,94,1010.9,100,23.3,Port Harcourt
2008-09-28,27.3,22.9,24.7,10.1,5.4,10.86,94,1011.6,99,23.6,Port Harcourt
2008-09-29,28.5,23.3,25.6,2.6,9.0,13.77,86,1012.4,98,23.0,Port Harcourt
2008-09-30,28.9,23.0,25.3,6.8,9.3,15.2,90,1012.3,91,23.4,Port Harcourt
2008-10-01,29.3,22.8,25.3,8.9,8.4,14.0,89,1011.8,90,23.3,Port Harcourt
2008-10-02,28.3,23.2,24.9,7.2,10.1,13.64,91,1011.6,93,23.3,Port Harcourt
2008-10-03,29.4,23.8,25.7,4.9,13.6,17.4,88,1010.0,89,23.5,Port Harcourt
2008-10-04,28.7,23.0,25.0,7.3,9.5,13.47,89,1010.1,97,23.1,Port Harcourt
2008-10-05,29.3,23.5,25.6,5.5,10.5,16.51,88,1009.1,95,23.5,Port Harcourt
2008-10-06,27.4,23.7,25.2,10.1,10.8,11.82,91,1009.9,97,23.6,Port Harcourt
2008-10-07,26.1,22.8,24.1,27.8,12.6,8.01,93,1011.3,100,22.9,Port Harcourt
2008-10-08,30.2,22.1,25.2,11.5,8.9,19.98,88,1011.0,87,23.0,Port Harcourt
2008-10-09,30.0,22.4,25.5,5.5,12.3,20.34,88,1010.0,44,23.1,Port Harcourt
2008-10-10,28.5,23.2,25.3,5.3,13.4,17.42,88,1010.6,85,23.1,Port Harcourt
2008-10-11,28.0,22.8,25.1,2.3,10.4,11.94,88,1011.8,97,22.9,Port Harcourt
2008-10-12,30.4,22.6,26.0,1.5,10.8,20.65,85,1011.6,73,23.1,Port Harcourt
2008-10-13,27.7,24.0,25.4,7.4,11.0,13.14,89,1010.7,93,23.4,Port Harcourt
2008-10-14,28.9,23.1,25.3,7.4,10.5,14.63,89,1010.4,87,23.2,Port Harcourt
2008-10-15,28.4,23.0,25.3,6.6,9.5,15.68,90,1011.5,95,23.6,Port Harcourt
2008-10-16,30.5,22.7,25.7,7.9,12.6,17.64,88,1011.8,88,23.4,Port Harcourt
2008-10-17,27.5,23.3,24.6,14.3,9.9,7.99,93,1011.2,98,23.4,Port Harcourt
2008-10-18,27.7,22.8,24.8,9.8,10.6,9.49,93,1011.2,94,23.5,Port Harcourt
2008-10-19,30.0,23.5,26.0,5.4,10.8,17.47,90,1011.6,87,24.1,Port Harcourt
2008-10-20,29.9,23.3,25.9,3.5,11.1,16.69,88,1011.6,93,23.8,Port Harcourt
2008-10-21,26.8,23.5,25.1,6.4,12.2,10.42,89,1011.7,95,23.1,Port Harcourt
2008-10-22,25.9,22.8,24.1,12.8,10.5,8.64,93,1012.3,94,22.9,Port Harcourt
2008-10-23,30.5,22.5,25.9,0.0,9.3,18.87,84,1011.6,68,22.8,Port Harcourt
2008-10-24,29.9,23.2,26.1,5.4,9.0,18.87,87,1011.2,78,23.7,Port Harcourt
2008-10-25,30.0,23.8,26.2,3.6,12.4,18.7,86,1010.7,78,23.6,Port Harcourt
2008-10-26,28.7,23.6,25.2,28.6,9.0,12.01,91,1010.9,99,23.6,Port Harcourt
2008-10-27,28.9,22.9,25.3,11.9,12.2,14.49,92,1011.4,88,23.9,Port Harcourt
2008-10-28,29.6,23.2,25.7,4.9,8.5,16.12,90,1011.5,97,23.9,Port Harcourt
2008-10-29,29.5,23.4,25.6,10.6,12.2,12.84,92,1011.2,96,24.0,Port Harcourt
2008-10-30,29.4,23.7,25.8,10.0,10.2,16.14,91,1010.5,72,24.0,Port Harcourt
2008-10-31,28.3,23.2,25.1,8.9,9.7,12.88,92,1010.3,82,23.7,Port Harcourt
2008-11-01,28.6,23.5,25.6,4.1,9.0,12.48,91,1010.0,91,23.9,Port Harcourt
2008-11-02,29.6,23.6,26.1,3.9,10.5,16.54,88,1010.1,83,23.8,Port Harcourt
2008-11-03,29.1,23.7,25.6,20.4,12.6,15.37,89,1010.3,82,23.6,Port Harcourt
2008-11-04,30.2,23.4,25.9,4.7,8.9,18.8,88,1010.9,85,23.5,Port Harcourt
2008-11-05,31.0,22.8,26.2,1.2,10.3,20.1,86,1010.2,78,23.5,Port Harcourt
2008-11-06,29.1,23.8,25.7,4.3,11.3,13.58,89,1010.0,91,23.7,Port Harcourt
2008-11-07,28.9,22.8,25.2,7.2,8.9,15.49,91,1008.9,90,23.6,Port Harcourt
2008-11-08,30.5,22.8,25.8,8.7,9.5,18.58,88,1009.2,88,23.6,Port Harcourt
2008-11-09,29.0,23.6,25.4,9.8,9.1,14.3,91,1010.4,94,23.7,Port Harcourt
2008-11-10,28.5,22.9,25.0,3.5,8.0,10.8,90,1010.8,98,23.2,Port Harcourt
2008-11-11,28.1,23.7,25.4,5.0,9.8,9.13,90,1011.7,100,23.6,Port Harcourt
2008-11-12,29.9,22.7,26.1,2.3,8.1,18.67,86,1010.6,52,23.4,Port Harcourt
2008-11-13,28.3,23.6,25.9,2.8,12.0,14.07,87,1010.1,73,23.4,Port Harcourt
2008-11-14,30.6,23.8,26.7,0.3,7.0,19.21,85,1008.9,39,23.9,Port Harcourt
2008-11-15,30.6,24.0,26.4,7.6,9.4,17.92,86,1007.9,42,23.8,Port Harcourt
2008-11-16,30.3,24.3,26.3,5.7,9.2,15.93,90,1007.7,85,24.4,Port Harcourt
2008-11-17,31.0,24.1,26.8,2.0,11.8,17.94,84,1007.7,99,23.8,Port Harcourt
2008-11-18,29.7,24.2,26.2,5.4,11.4,14.86,87,1007.9,80,23.8,Port Harcourt
2008-11-19,30.3,23.3,26.0,1.5,12.6,18.4,88,1008.8,66,23.7,Port Harcourt
2008-11-20,28.9,23.4,26.0,5.3,9.2,14.62,89,1011.0,77,23.9,Port Harcourt
2008-11-21,29.9,23.6,26.7,1.3,10.9,17.87,85,1011.9,69,23.8,Port Harcourt
2008-11-22,30.8,23.7,26.7,1.2,10.1,18.15,86,1010.6,42,24.1,Port Harcourt
2008-11-23,30.4,24.3,26.9,0.2,9.4,18.07,87,1008.8,41,24.3,Port Harcourt
2008-11-24,29.8,24.4,26.7,2.1,12.4,17.56,86,1009.7,63,24.1,Port Harcourt
2008-11-25,29.9,24.0,26.8,0.5,9.1,17.4,87,1010.6,58,24.2,Port Harcourt
2008-11-26,30.7,24.2,27.2,0.6,8.5,16.53,85,1010.6,36,24.2,Port Harcourt
2008-11-27,30.4,24.4,27.1,0.9,10.1,17.02,86,1009.3,40,24.5,Port Harcourt
2008-11-28,30.3,24.5,27.0,1.4,11.4,17.27,86,1008.3,38,24.3,Port Harcourt
2008-11-29,30.0,24.3,26.6,3.0,14.1,17.34,88,1009.1,73,24.3,Port Harcourt
2008-11-30,29.6,24.5,26.4,2.9,10.1,14.51,87,1010.2,74,23.9,Port Harcourt
2008-12-01,29.9,24.4,26.6,3.6,9.2,15.95,87,1010.4,76,24.2,Port Harcourt
2008-12-02,29.1,24.6,26.4,2.2,11.0,15.58,86,1009.9,59,23.9,Port Harcourt
2008-12-03,28.7,24.1,26.1,3.5,13.7,13.72,86,1009.0,86,23.4,Port Harcourt
2008-12-04,30.2,23.8,26.1,6.4,10.7,16.06,88,1008.2,93,23.8,Port Harcourt
2008-12-05,26.7,23.6,25.1,9.0,6.1,8.22,93,1009.9,99,23.8,Port Harcourt
2008-12-06,27.7,23.9,25.3,9.9,5.2,11.85,93,1011.1,82,24.1,Port Harcourt
2008-12-07,27.6,23.1,25.0,13.7,7.0,13.9,94,1011.5,76,23.9,Port Harcourt
2008-12-08,30.1,23.4,26.0,0.4,7.7,18.06,86,1011.4,95,23.2,Port Harcourt
2008-12-09,30.6,23.4,26.4,2.1,9.7,18.45,85,1010.5,52,23.4,Port Harcourt
2008-12-10,29.2,23.3,25.5,11.9,10.2,14.72,90,1010.6,53,23.7,Port Harcourt
2008-12-11,29.1,23.4,25.5,4.3,8.8,14.64,90,1011.6,84,23.7,Port Harcourt
2008-12-12,29.8,23.3,26.1,1.4,9.8,17.72,86,1010.5,39,23.4,Port Harcourt
2008-12-13,29.3,23.8,26.1,2.3,9.6,16.68,87,1010.0,50,23.7,Port Harcourt
2008-12-14,30.1,23.6,26.2,1.6,8.8,18.03,88,1009.2,43,23.9,Port Harcourt
2008-12-15,28.3,23.8,26.0,1.6,11.2,13.34,87,1008.5,49,23.7,Port Harcourt
2008-12-16,29.1,24.0,25.8,2.5,8.4,13.6,90,1008.5,87,24.0,Port Harcourt
2008-12-17,30.0,23.3,26.1,0.6,10.8,14.05,88,1008.5,70,23.7,Port Harcourt
2008-12-18,30.7,23.3,26.8,0.6,8.8,17.29,87,1007.1,72,24.3,Port Harcourt
2008-12-19,30.4,23.9,26.7,1.3,11.2,16.98,87,1007.6,63,24.3,Port Harcourt
2008-12-20,30.3,24.1,26.7,1.4,8.6,17.2,86,1007.2,59,24.1,Port Harcourt
2008-12-21,31.9,23.4,27.1,0.2,10.8,18.03,83,1007.6,41,23.6,Port Harcourt
2008-12-22,31.5,23.9,27.0,1.6,12.0,17.82,84,1009.0,50,23.9,Port Harcourt
2008-12-23,32.1,23.3,27.1,0.0,11.2,20.59,80,1009.7,81,22.6,Port Harcourt
2008-12-24,31.5,24.2,27.2,0.3,10.6,17.99,82,1009.8,86,23.5,Port Harcourt
2008-12-25,30.3,24.2,26.5,1.7,10.8,16.82,87,1009.4,68,24.0,Port Harcourt
2008-12-26,31.5,23.1,26.9,0.0,11.4,17.78,81,1008.5,36,23.0,Port Harcourt
2008-12-27,31.5,24.2,27.1,0.0,9.7,19.7,81,1007.4,23,23.0,Port Harcourt
2008-12-28,32.3,23.3,27.2,0.0,11.6,20.87,81,1006.8,13,23.1,Port Harcourt
2008-12-29,32.8,24.4,27.6,0.0,14.2,19.14,81,1007.7,24,23.6,Port Harcourt
2008-12-30,32.0,24.4,27.3,0.4,11.9,17.29,82,1009.0,43,23.6,Port Harcourt
2008-12-31,30.9,24.2,26.9,2.5,10.0,17.13,86,1009.5,39,24.2,Port Harcourt
2009-01-01,32.7,24.4,27.6,0.0,13.7,19.8,80,1009.4,87,23.2,Port Harcourt
2009-01-02,29.7,25.0,26.8,2.9,10.4,16.1,85,1010.5,88,23.9,Port Harcourt
2009-01-03,31.9,24.2,27.3,0.3,11.6,17.9,80,1010.4,79,23.2,Port Harcourt
2009-01-04,32.1,24.0,27.3,0.6,10.6,18.29,81,1009.7,23,23.6,Port Harcourt
2009-01-05,31.5,24.3,27.1,4.2,10.4,17.86,85,1009.7,36,24.1,Port Harcourt
2009-01-06,31.6,24.1,27.4,0.7,12.4,18.07,82,1008.4,52,23.8,Port Harcourt
2009-01-07,31.4,24.4,27.5,0.4,13.6,17.88,80,1007.1,61,23.5,Port Harcourt
2009-01-08,30.3,24.4,26.7,1.7,16.6,15.8,83,1008.5,75,23.5,Port Harcourt
2009-01-09,30.3,24.1,26.5,6.8,11.8,17.14,86,1010.5,77,23.7,Port Harcourt
2009-01-10,30.4,23.3,26.0,7.6,10.8,16.22,88,1011.3,82,23.8,Port Harcourt
2009-01-11,31.1,23.8,26.7,2.0,11.6,18.32,85,1010.4,68,23.9,Port Harcourt
2009-01-12,29.6,23.9,26.4,1.5,10.5,14.68,87,1010.3,78,24.0,Port Harcourt
2009-01-13,30.2,23.8,26.5,1.0,9.1,15.87,85,1010.3,43,23.7,Port Harcourt
2009-01-14,30.0,23.6,25.9,7.6,9.6,13.38,91,1009.3,40,24.1,Port Harcourt
2009-01-15,30.2,24.0,26.5,0.6,11.2,14.81,86,1008.6,38,23.8,Port Harcourt
2009-01-16,30.1,24.7,26.9,2.2,15.8,17.01,85,1008.5,67,24.1,Port Harcourt
2009-01-17,28.5,24.3,26.2,6.8,10.2,13.05,89,1009.4,92,24.1,Port Harcourt
2009-01-18,29.2,24.0,26.3,6.1,11.2,15.97,87,1010.1,87,23.8,Port Harcourt
2009-01-19,30.1,24.1,26.2,6.8,10.8,16.11,87,1010.6,69,23.8,Port Harcourt
2009-01-20,29.6,23.8,26.0,8.0,10.9,15.07,88,1009.5,71,23.7,Port Harcourt
2009-01-21,30.8,23.6,26.6,3.5,11.2,16.37,85,1009.6,97,23.7,Port Harcourt
2009-01-22,30.9,24.5,27.0,1.0,9.2,17.36,83,1010.0,97,23.7,Port Harcourt
2009-01-23,29.1,24.4,26.5,4.4,10.7,14.22,86,1009.8,85,23.8,Port Harcourt
2009-01-24,29.4,24.8,26.1,7.5,13.0,12.29,86,1010.1,99,23.4,Port Harcourt
2009-01-25,29.0,23.6,25.8,3.0,7.9,15.15,87,1010.7,91,23.3,Port Harcourt
2009-01-26,31.6,22.7,26.8,0.6,10.7,20.32,85,1010.2,71,23.7,Port Harcourt
2009-01-27,31.0,24.1,26.8,2.0,12.5,17.32,84,1010.4,47,23.8,Port Harcourt
2009-01-28,29.8,24.3,26.6,2.2,13.9,16.14,86,1010.0,97,23.9,Port Harcourt
2009-01-29,30.8,24.8,26.9,1.2,10.2,18.57,86,1010.0,74,24.2,Port Harcourt
2009-01-30,30.8,24.5,27.0,0.3,11.2,17.12,86,1009.8,70,24.4,Port Harcourt
2009-01-31,30.1,24.3,26.8,1.6,11.5,17.56,85,1009.3,61,23.9,Port Harcourt
2009-02-01,31.8,24.0,27.2,0.7,12.0,19.88,82,1008.9,90,23.5,Port Harcourt
2009-02-02,30.3,24.1,27.0,0.8,11.1,18.23,84,1009.8,96,24.0,Port Harcourt
2009-02-03,31.6,24.1,27.2,2.2,12.8,20.67,84,1010.5,45,24.1,Port Harcourt
2009-02-04,30.0,24.6,27.0,0.0,13.0,17.81,85,1009.9,30,24.3,Port Harcourt
2009-02-05,30.9,24.7,27.2,2.0,12.4,19.11,85,1009.9,32,24.3,Port Harcourt
2009-02-06,30.8,24.0,26.5,2.5,16.3,16.65,87,1010.1,42,24.0,Port Harcourt
2009-02-07,30.6,24.5,26.8,3.4,12.4,18.84,85,1009.8,56,24.0,Port Harcourt
2009-02-08,31.5,24.3,27.1,2.3,12.2,19.3,84,1009.6,47,23.9,Port Harcourt
2009-02-09,30.1,24.7,26.9,0.9,11.3,14.72,86,1010.4,96,24.3,Port Harcourt
2009-02-10,31.6,24.0,27.5,1.0,9.0,20.6,83,1010.5,58,24.1,Port Harcourt
2009-02-11,31.2,24.4,27.0,6.1,12.3,18.19,85,1009.6,71,24.2,Port Harcourt
2009-02-12,30.9,24.0,26.7,4.2,13.8,17.51,86,1008.2,78,24.0,Port Harcourt
2009-02-13,31.7,24.0,27.0,3.0,13.6,19.48,85,1006.8,77,24.1,Port Harcourt
2009-02-14,27.5,24.4,25.4,12.3,9.2,8.68,94,1007.8,88,24.2,Port Harcourt
2009-02-15,30.9,23.6,26.6,0.2,13.2,18.44,84,1007.5,76,23.4,Port Harcourt
2009-02-16,30.1,23.9,26.3,5.8,13.8,18.45,86,1007.8,87,23.7,Port Harcourt
2009-02-17,29.5,23.4,25.9,2.1,10.8,14.92,89,1008.4,81,23.9,Port Harcourt
2009-02-18,28.9,23.5,26.0,5.3,12.4,16.36,87,1008.1,82,23.7,Port Harcourt
2009-02-19,30.9,23.9,26.5,2.9,14.0,19.06,85,1007.8,97,23.7,Port Harcourt
2009-02-20,32.2,23.2,26.9,5.2,11.5,20.89,84,1007.6,52,23.8,Port Harcourt
2009-02-21,29.6,24.6,26.4,3.1,12.2,13.08,87,1008.6,90,24.0,Port Harcourt
2009-02-22,31.0,24.3,27.1,0.7,14.0,20.2,85,1008.4,93,24.1,Port Harcourt
2009-02-23,30.9,24.1,27.0,0.6,13.3,19.68,83,1006.7,59,23.8,Port Harcourt
2009-02-24,30.6,24.5,26.8,6.1,11.2,18.84,84,1006.7,42,23.8,Port Harcourt
2009-02-25,28.2,24.1,26.1,1.1,9.0,9.98,89,1007.7,98,24.0,Port Harcourt
2009-02-26,31.7,24.1,27.3,0.4,12.8,18.04,82,1008.1,86,23.7,Port Harcourt
2009-02-27,31.2,24.6,27.6,0.6,12.4,20.29,83,1008.2,56,24.2,Port Harcourt
2009-02-28,31.2,24.4,27.4,1.0,12.7,20.0,84,1008.8,88,24.4,Port Harcourt
2009-03-01,32.1,24.0,27.7,1.2,10.3,20.2,81,1009.8,91,23.9,Port Harcourt
2009-03-02,32.7,24.0,27.8,1.0,14.8,20.23,81,1009.5,98,23.9,Port Harcourt
2009-03-03,31.4,25.1,27.8,1.7,12.7,20.37,82,1009.1,85,24.3,Port Harcourt
2009-03-04,32.1,25.5,28.1,0.2,12.9,20.85,81,1008.5,65,24.2,Port Harcourt
2009-03-05,31.4,25.3,27.8,1.7,11.7,18.71,83,1008.3,58,24.5,Port Harcourt
2009-03-06,31.7,25.5,27.6,1.6,13.9,17.99,84,1008.0,58,24.6,Port Harcourt
2009-03-07,31.6,25.0,27.6,1.3,13.8,18.62,82,1008.2,83,24.2,Port Harcourt
2009-03-08,30.3,25.0,27.1,6.8,14.1,17.69,86,1008.6,88,24.4,Port Harcourt
2009-03-09,31.4,24.2,27.1,6.7,8.2,19.68,87,1008.1,96,24.7,Port Harcourt
2009-03-10,29.3,25.2,26.7,8.7,12.1,14.55,87,1008.2,100,24.4,Port Harcourt
2009-03-11,31.0,24.2,27.4,1.2,10.1,19.42,82,1007.8,45,23.8,Port Harcourt
2009-03-12,31.7,24.4,27.8,0.7,13.6,20.56,81,1007.2,33,23.9,Port Harcourt
2009-03-13,30.7,24.9,27.0,2.1,13.7,17.08,86,1008.1,93,24.4,Port Harcourt
2009-03-14,31.2,23.7,27.3,1.2,12.2,18.63,84,1008.5,93,24.2,Port Harcourt
2009-03-15,31.0,24.6,27.0,4.7,11.3,16.74,86,1009.0,99,24.3,Port Harcourt
2009-03-16,29.7,24.1,27.0,1.7,13.8,19.04,84,1008.7,98,23.9,Port Harcourt
2009-03-17,32.0,24.5,27.3,2.4,13.4,21.24,83,1008.3,94,23.9,Port Harcourt
2009-03-18,31.2,24.3,26.7,8.0,12.5,17.07,87,1008.4,97,24.3,Port Harcourt
2009-03-19,29.8,24.1,26.2,7.6,12.8,13.99,87,1009.5,99,23.8,Port Harcourt
2009-03-20,30.9,24.7,26.8,4.0,12.2,15.78,86,1009.2,90,24.1,Port Harcourt
2009-03-21,29.9,24.9,26.6,5.9,11.5,12.19,86,1009.3,89,24.1,Port Harcourt
2009-03-22,31.4,24.6,27.5,1.4,14.3,20.8,82,1008.6,86,24.0,Port Harcourt
2009-03-23,29.4,24.9,26.9,7.2,10.9,15.42,87,1007.5,97,24.4,Port Harcourt
2009-03-24,29.8,24.8,27.3,4.1,11.4,16.39,85,1006.6,98,24.5,Port Harcourt
2009-03-25,31.0,24.6,27.4,2.8,10.7,19.53,86,1005.9,98,24.6,Port Harcourt
2009-03-26,32.1,24.9,27.7,2.0,11.2,20.29,84,1006.6,99,24.6,Port Harcourt
2009-03-27,31.7,25.4,27.8,1.6,14.5,20.71,85,1006.6,100,24.8,Port Harcourt
2009-03-28,30.7,25.7,27.5,2.3,16.1,18.58,84,1006.3,100,24.4,Port Harcourt
2009-03-29,31.4,24.7,27.4,1.6,10.7,18.29,84,1006.4,100,24.5,Port Harcourt
2009-03-30,31.7,25.0,27.6,2.3,14.7,19.95,83,1006.8,100,24.2,Port Harcourt
2009-03-31,29.1,24.9,26.8,10.6,10.5,16.51,87,1007.3,93,24.3,Port Harcourt
2009-04-01,30.5,24.1,26.4,6.8,12.9,15.78,88,1007.7,95,24.1,Port Harcourt
2009-04-02,29.1,24.1,26.0,11.9,15.5,12.01,87,1008.8,96,23.6,Port Harcourt
2009-04-03,31.2,23.3,27.2,0.2,12.0,21.06,81,1008.7,75,23.5,Port Harcourt
2009-04-04,31.4,24.3,27.4,5.3,12.6,20.89,83,1008.9,80,23.9,Port Harcourt
2009-04-05,31.4,24.1,27.4,0.6,8.7,20.7,83,1009.8,85,24.0,Port Harcourt
2009-04-06,30.8,24.6,27.3,4.3,10.5,20.08,84,1009.7,56,24.3,Port Harcourt
2009-04-07,29.8,25.1,27.0,4.9,10.1,15.37,87,1009.6,84,24.6,Port Harcourt
2009-04-08,29.0,24.3,26.6,3.5,12.7,15.17,87,1009.7,99,24.2,Port Harcourt
2009-04-09,28.9,24.3,25.8,25.3,12.3,10.64,91,1009.7,99,24.2,Port Harcourt
2009-04-10,29.1,24.2,26.4,3.1,15.2,11.86,88,1009.6,85,24.1,Port Harcourt
2009-04-11,30.8,24.3,27.2,4.3,11.6,19.25,85,1009.3,92,24.4,Port Harcourt
2009-04-12,30.0,24.4,26.9,1.6,9.0,15.99,86,1009.2,87,24.2,Port Harcourt
2009-04-13,30.7,24.2,27.0,1.8,9.4,17.67,84,1009.7,97,23.9,Port Harcourt
2009-04-14,31.2,24.1,27.4,0.2,9.7,20.94,83,1010.2,93,24.0,Port Harcourt
2009-04-15,30.3,24.7,27.0,4.5,11.7,16.21,87,1011.2,98,24.5,Port Harcourt
2009-04-16,26.9,23.9,25.4,27.6,12.3,6.07,94,1011.5,99,24.3,Port Harcourt
2009-04-17,29.8,24.0,26.3,6.5,12.3,15.87,87,1010.8,99,23.8,Port Harcourt
2009-04-18,27.7,24.3,25.8,9.0,8.7,9.73,91,1010.5,100,24.2,Port Harcourt
2009-04-19,30.4,24.4,27.0,0.3,10.3,19.21,86,1010.4,99,24.2,Port Harcourt
2009-04-20,32.6,23.9,27.8,0.1,13.5,24.15,83,1009.9,73,24.5,Port Harcourt
2009-04-21,28.8,25.2,26.6,17.9,10.1,12.55,90,1009.3,86,24.7,Port Harcourt
2009-04-22,29.6,24.7,26.9,0.1,10.7,12.54,86,1007.9,100,24.3,Port Harcourt
2009-04-23,31.7,24.5,27.4,4.1,12.3,21.73,86,1007.6,85,24.7,Port Harcourt
2009-04-24,30.0,24.8,26.6,10.5,11.1,14.02,91,1008.4,99,25.0,Port Harcourt
2009-04-25,30.1,24.0,26.9,7.4,10.9,17.55,88,1008.8,98,24.6,Port Harcourt
2009-04-26,30.8,24.9,26.6,13.8,8.0,15.02,89,1010.0,99,24.6,Port Harcourt
2009-04-27,30.9,24.3,26.7,2.6,10.6,16.26,87,1009.8,98,24.2,Port Harcourt
2009-04-28,30.4,24.6,26.8,3.0,12.8,18.79,86,1010.6,88,24.1,Port Harcourt
2009-04-29,30.0,24.6,26.7,8.3,10.7,16.57,88,1010.9,97,24.4,Port Harcourt
2009-04-30,29.1,24.6,26.3,2.0,12.8,9.37,88,1010.1,100,24.2,Port Harcourt
2009-05-01,31.5,24.6,27.2,4.0,13.0,20.04,84,1008.6,86,24.1,Port Harcourt
2009-05-02,30.1,24.8,26.6,7.7,11.5,17.72,89,1008.8,95,24.7,Port Harcourt
2009-05-03,30.5,24.4,26.7,5.3,7.9,19.4,89,1008.6,89,24.6,Port Harcourt
2009-05-04,29.3,24.5,26.0,13.1,9.7,10.94,92,1009.0,98,24.6,Port Harcourt
2009-05-05,25.4,24.0,24.6,28.4,12.3,4.31,97,1010.0,100,24.2,Port Harcourt
2009-05-06,26.1,23.6,24.7,12.5,7.1,5.62,97,1010.7,100,24.2,Port Harcourt
2009-05-07,28.8,23.5,26.0,4.4,7.7,12.91,89,1009.9,95,24.0,Port Harcourt
2009-05-08,28.4,23.8,25.2,24.7,10.1,11.83,93,1010.8,99,24.0,Port Harcourt
2009-05-09,26.0,22.9,24.3,16.6,10.5,6.2,96,1011.5,100,23.6,Port Harcourt
2009-05-10,30.8,22.7,26.1,0.5,11.1,20.79,85,1010.3,93,23.1,Port Harcourt
2009-05-11,30.9,23.3,26.5,4.2,9.4,19.74,85,1009.9,97,23.6,Port Harcourt
2009-05-12,28.3,23.8,25.7,10.4,11.6,12.2,90,1010.4,97,23.9,Port Harcourt
2009-05-13,29.6,23.9,26.0,7.3,8.3,14.03,89,1010.5,98,23.9,Port Harcourt
2009-05-14,27.9,23.8,25.6,5.7,7.4,12.87,90,1010.5,99,23.9,Port Harcourt
2009-05-15,31.0,23.1,26.7,1.3,10.9,21.21,85,1009.5,54,23.8,Port Harcourt
2009-05-16,30.5,24.6,27.0,6.0,8.3,19.43,87,1009.3,64,24.6,Port Harcourt
2009-05-17,30.7,23.9,26.7,5.8,9.4,18.89,89,1009.5,79,24.8,Port Harcourt
2009-05-18,29.4,24.1,26.6,5.2,9.0,16.63,90,1009.1,79,24.6,Port Harcourt
2009-05-19,29.9,25.3,27.0,6.6,11.8,16.97,88,1010.0,91,24.8,Port Harcourt
2009-05-20,29.3,24.6,26.2,12.4,12.3,12.1,91,1010.3,99,24.5,Port Harcourt
2009-05-21,28.7,24.5,26.3,4.0,16.2,8.18,90,1010.2,92,24.4,Port Harcourt
2009-05-22,30.5,24.1,27.1,1.0,12.2,20.47,83,1010.4,35,23.9,Port Harcourt
2009-05-23,30.9,24.1,27.2,3.3,10.4,19.14,84,1011.3,75,24.0,Port Harcourt
2009-05-24,30.1,24.6,26.3,16.9,9.2,15.1,90,1010.7,98,24.5,Port Harcourt
2009-05-25,27.6,23.9,25.2,9.4,7.9,6.69,94,1011.0,95,24.1,Port Harcourt
2009-05-26,30.3,23.4,26.5,1.4,9.5,19.09,85,1010.1,54,23.5,Port Harcourt
2009-05-27,30.7,24.6,27.1,0.8,11.6,19.27,84,1009.5,72,24.1,Port Harcourt
2009-05-28,30.7,23.7,26.5,4.6,10.5,19.05,90,1009.1,88,24.8,Port Harcourt
2009-05-29,30.3,24.1,26.2,18.8,9.8,17.57,91,1009.5,77,24.4,Port Harcourt
2009-05-30,28.0,23.7,25.6,1.2,11.0,7.87,90,1010.5,95,23.8,Port Harcourt
2009-05-31,29.7,24.2,26.5,5.2,12.2,16.66,87,1011.0,62,24.0,Port Harcourt
2009-06-01,28.5,24.6,26.1,10.8,12.6,12.22,90,1011.1,96,24.3,Port Harcourt
2009-06-02,29.9,23.6,26.5,3.0,10.6,14.9,87,1011.3,87,24.0,Port Harcourt
2009-06-03,29.3,23.9,26.1,9.9,13.7,16.8,88,1011.8,86,23.9,Port Harcourt
2009-06-04,29.5,24.4,26.3,5.9,14.2,17.69,88,1012.5,87,24.0,Port Harcourt
2009-06-05,29.6,23.8,25.7,12.6,11.0,13.15,90,1012.7,95,23.8,Port Harcourt
2009-06-06,28.4,24.3,25.8,7.2,10.5,13.25,88,1012.2,89,23.7,Port Harcourt
2009-06-07,28.2,23.9,25.6,7.9,12.1,12.88,90,1011.7,88,23.7,Port Harcourt
2009-06-08,29.9,23.8,26.2,4.4,12.3,17.84,87,1010.4,87,23.7,Port Harcourt
2009-06-09,29.2,24.5,26.1,6.8,12.3,14.04,87,1010.4,94,23.8,Port Harcourt
2009-06-10,27.7,23.9,25.3,12.8,10.2,10.74,91,1011.2,97,23.6,Port Harcourt
2009-06-11,26.9,23.0,24.9,10.5,8.7,10.74,93,1011.9,99,23.6,Port Harcourt
2009-06-12,28.2,23.0,24.8,9.4,10.1,9.8,91,1012.2,97,23.3,Port Harcourt
2009-06-13,29.0,23.3,25.3,16.9,10.4,11.95,89,1012.4,99,23.4,Port Harcourt
2009-06-14,27.6,22.6,25.1,6.1,11.8,11.71,90,1012.8,97,23.3,Port Harcourt
2009-06-15,26.8,23.7,24.8,15.1,12.6,9.18,93,1012.4,100,23.6,Port Harcourt
2009-06-16,25.0,23.2,24.0,62.3,11.1,3.29,96,1012.2,98,23.2,Port Harcourt
2009-06-17,27.7,22.4,24.2,12.4,8.5,9.94,95,1012.5,97,23.3,Port Harcourt
2009-06-18,29.2,23.1,25.5,9.3,8.6,16.45,88,1011.6,88,23.3,Port Harcourt
2009-06-19,28.1,23.0,25.0,12.7,13.3,11.41,90,1011.6,98,23.2,Port Harcourt
2009-06-20,24.6,23.1,23.8,21.0,6.7,4.66,96,1012.3,99,23.1,Port Harcourt
2009-06-21,27.2,22.6,24.3,11.1,8.4,11.26,93,1012.5,90,23.1,Port Harcourt
2009-06-22,25.7,22.3,23.9,8.1,12.0,6.46,96,1013.3,99,23.2,Port Harcourt
2009-06-23,27.4,22.4,25.1,5.2,10.4,12.66,91,1012.5,88,23.4,Port Harcourt
2009-06-24,28.3,23.6,25.5,3.3,13.0,16.51,88,1012.0,66,23.4,Port Harcourt
2009-06-25,27.4,23.0,24.9,14.1,8.8,11.65,90,1012.3,81,23.0,Port Harcourt
2009-06-26,25.8,23.3,24.5,12.9,11.0,6.42,93,1012.2,94,23.3,Port Harcourt
2009-06-27,25.2,23.2,23.9,85.4,8.4,4.36,97,1013.1,100,23.4,Port Harcourt
2009-06-28,28.6,23.0,25.0,5.3,11.0,15.41,89,1013.5,89,23.1,Port Harcourt
2009-06-29,27.1,22.7,24.2,19.9,13.5,11.49,91,1013.5,78,22.6,Port Harcourt
2009-06-30,25.3,22.0,23.7,13.2,7.8,7.22,95,1013.7,95,22.8,Port Harcourt
2009-07-01,26.3,21.5,23.8,6.7,6.9,10.0,92,1013.8,81,22.5,Port Harcourt
2009-07-02,29.0,22.6,25.1,3.7,7.9,16.52,89,1013.5,69,23.1,Port Harcourt
2009-07-03,29.0,23.0,25.3,2.1,9.8,16.65,89,1013.2,88,23.3,Port Harcourt
2009-07-04,28.9,22.9,25.5,4.0,13.7,16.08,87,1012.2,92,23.0,Port Harcourt
2009-07-05,28.2,23.0,25.3,6.8,9.0,15.4,89,1011.6,88,23.2,Port Harcourt
2009-07-06,26.1,23.5,24.3,6.5,10.2,6.1,93,1011.1,93,23.0,Port Harcourt
2009-07-07,28.5,22.8,24.7,14.5,10.2,13.3,90,1011.3,98,22.8,Port Harcourt
2009-07-08,24.8,22.9,23.7,52.2,8.2,5.75,96,1011.9,97,23.1,Port Harcourt
2009-07-09,28.2,22.5,23.9,16.8,16.1,11.56,93,1012.9,97,22.7,Port Harcourt
2009-07-10,24.3,22.7,23.4,11.4,10.5,4.74,97,1013.4,96,22.8,Port Harcourt
2009-07-11,28.0,22.1,24.1,3.8,12.3,10.47,90,1014.2,94,22.3,Port Harcourt
2009-07-12,27.9,22.3,24.7,6.0,10.7,14.89,89,1014.1,75,22.6,Port Harcourt
2009-07-13,27.4,22.6,24.6,5.7,11.6,10.52,87,1014.1,92,22.3,Port Harcourt
2009-07-14,27.9,23.5,25.1,8.7,14.3,12.87,86,1013.8,98,22.5,Port Harcourt
2009-07-15,27.3,23.1,25.0,2.3,8.2,8.43,88,1014.2,78,22.9,Port Harcourt
2009-07-16,27.2,23.6,24.9,7.6,12.2,11.07,89,1014.1,91,22.9,Port Harcourt
2009-07-17,25.5,23.2,24.0,16.4,9.7,6.13,95,1013.8,100,23.1,Port Harcourt
2009-07-18,28.1,23.0,24.9,6.7,10.1,16.46,89,1013.6,73,22.9,Port Harcourt
2009-07-19,28.4,22.9,24.8,7.3,8.5,14.16,89,1014.0,82,22.8,Port Harcourt
2009-07-20,27.9,22.1,24.6,5.4,7.6,13.7,90,1013.8,83,22.8,Port Harcourt
2009-07-21,27.3,22.8,24.5,13.1,12.0,12.45,91,1013.2,85,22.8,Port Harcourt
2009-07-22,28.9,22.8,25.0,2.1,12.9,17.02,86,1012.5,65,22.5,Port Harcourt
2009-07-23,27.7,22.9,24.7,11.6,9.7,14.57,90,1012.1,81,22.8,Port Harcourt
2009-07-24,25.3,22.6,23.7,12.5,8.5,5.6,97,1012.2,97,23.2,Port Harcourt
2009-07-25,27.1,22.9,24.4,11.6,12.5,12.02,91,1012.6,86,22.9,Port Harcourt
2009-07-26,27.0,23.2,24.5,9.7,10.6,11.13,91,1012.9,89,22.8,Port Harcourt
2009-07-27,25.0,22.5,23.4,46.8,11.3,3.96,97,1012.7,99,23.0,Port Harcourt
2009-07-28,24.2,22.8,23.3,83.8,7.2,2.49,97,1013.4,100,22.9,Port Harcourt
2009-07-29,28.6,22.7,25.0,1.9,10.8,13.08,88,1013.2,95,22.6,Port Harcourt
2009-07-30,27.8,23.3,24.8,9.6,11.7,11.22,90,1012.8,98,23.1,Port Harcourt
2009-07-31,23.9,22.8,23.3,47.6,13.2,2.26,97,1013.2,100,22.9,Port Harcourt
2009-08-01,28.4,22.7,24.5,12.4,8.9,12.96,91,1013.6,91,22.8,Port Harcourt
2009-08-02,29.2,22.6,24.7,13.8,8.8,14.21,91,1013.1,88,23.1,Port Harcourt
2009-08-03,26.0,23.1,24.2,2.6,9.9,6.69,92,1013.1,79,22.8,Port Harcourt
2009-08-04,26.9,22.8,24.4,14.6,7.7,11.49,92,1013.4,97,23.0,Port Harcourt
2009-08-05,28.1,23.3,24.3,14.2,12.4,9.34,93,1013.2,100,23.1,Port Harcourt
2009-08-06,24.2,23.0,23.6,15.1,8.0,2.57,97,1013.1,95,23.0,Port Harcourt
2009-08-07,27.1,23.1,24.5,4.3,10.0,7.77,91,1013.2,90,22.8,Port Harcourt
2009-08-08,29.0,22.6,24.8,6.2,12.1,12.85,89,1012.5,82,22.8,Port Harcourt
2009-08-09,27.6,23.0,24.4,20.0,13.2,9.28,91,1011.7,98,22.8,Port Harcourt
2009-08-10,23.7,23.1,23.4,141.3,10.7,1.32,97,1012.4,100,23.0,Port Harcourt
2009-08-11,24.4,22.7,23.6,13.4,9.9,4.49,97,1013.5,100,23.0,Port Harcourt
2009-08-12,26.1,22.5,23.7,13.5,11.5,7.65,95,1013.0,99,22.9,Port Harcourt
2009-08-13,25.4,22.7,23.5,17.0,9.6,6.18,96,1012.2,97,22.8,Port Harcourt
2009-08-14,27.4,22.1,23.8,10.0,9.8,10.11,93,1012.3,100,22.6,Port Harcourt
2009-08-15,25.6,22.3,23.8,22.9,7.2,7.34,95,1012.6,95,22.9,Port Harcourt
2009-08-16,25.6,22.5,23.6,17.9,11.8,5.49,95,1012.4,92,22.8,Port Harcourt
2009-08-17,27.4,22.3,24.0,8.7,10.0,12.18,93,1011.9,90,22.7,Port Harcourt
2009-08-18,27.9,22.7,24.7,3.9,9.0,13.13,89,1011.6,96,22.7,Port Harcourt
2009-08-19,29.0,23.0,24.8,9.6,8.4,15.86,89,1011.6,95,22.8,Port Harcourt
2009-08-20,27.7,22.5,24.2,25.2,8.4,10.71,92,1011.8,96,22.7,Port Harcourt
2009-08-21,26.6,22.9,24.2,15.3,11.7,8.25,93,1011.5,99,22.9,Port Harcourt
2009-08-22,26.0,22.8,24.0,18.3,9.6,8.03,93,1011.3,97,22.8,Port Harcourt
2009-08-23,27.3,22.3,24.4,8.0,12.5,11.46,92,1011.5,96,22.9,Port Harcourt
2009-08-24,26.4,22.6,24.4,18.4,12.7,11.54,93,1011.3,91,23.2,Port Harcourt
2009-08-25,27.9,22.8,24.8,3.7,13.8,12.57,88,1011.6,72,22.6,Port Harcourt
2009-08-26,28.2,23.0,25.0,3.1,11.9,15.13,87,1012.1,91,22.6,Port Harcourt
2009-08-27,28.9,23.3,25.0,6.4,11.8,14.04,88,1012.4,89,22.9,Port Harcourt
2009-08-28,28.0,22.8,24.8,10.3,14.3,13.49,89,1011.6,96,22.8,Port Harcourt
2009-08-29,28.2,23.0,24.7,8.0,12.9,16.0,90,1011.8,96,22.9,Port Harcourt
2009-08-30,27.7,22.8,24.2,12.8,10.5,9.66,92,1012.9,99,22.7,Port Harcourt
2009-08-31,27.7,22.7,24.0,13.6,12.7,9.4,94,1013.7,98,22.9,Port Harcourt
2009-09-01,24.9,22.5,23.7,14.6,7.3,4.77,96,1014.1,99,23.0,Port Harcourt
2009-09-02,29.3,22.9,25.2,5.3,10.2,16.35,89,1013.6,93,23.1,Port Harcourt
2009-09-03,26.5,23.2,24.6,6.4,9.4,8.65,91,1013.2,92,23.0,Port Harcourt
2009-09-04,29.8,22.5,25.0,12.1,13.0,15.32,90,1013.0,89,23.1,Port Harcourt
2009-09-05,28.0,23.1,24.8,13.1,14.1,15.6,90,1013.7,83,22.9,Port Harcourt
2009-09-06,28.2,22.7,24.9,7.7,13.2,15.98,90,1014.2,82,23.0,Port Harcourt
2009-09-07,28.6,22.5,24.7,10.8,10.2,13.03,90,1013.2,93,22.9,Port Harcourt
2009-09-08,29.6,23.0,25.1,5.0,10.4,16.12,89,1012.3,85,23.0,Port Harcourt
2009-09-09,28.3,23.0,24.9,15.6,11.6,14.44,91,1011.9,81,23.3,Port Harcourt
2009-09-10,27.0,23.0,24.5,9.0,9.4,10.04,92,1012.7,91,23.1,Port Harcourt
2009-09-11,28.6,23.0,24.9,13.4,8.8,13.05,90,1012.5,90,23.0,Port Harcourt
2009-09-12,28.2,22.5,24.9,10.0,8.7,14.87,91,1012.3,86,23.2,Port Harcourt
2009-09-13,29.3,23.0,25.3,5.6,12.1,15.09,89,1013.1,92,23.3,Port Harcourt
2009-09-14,26.9,23.2,24.2,50.8,12.7,5.64,94,1013.8,100,23.1,Port Harcourt
2009-09-15,26.3,22.8,23.9,17.4,11.6,7.24,94,1013.6,99,22.9,Port Harcourt
2009-09-16,25.9,22.8,24.2,10.9,7.4,8.51,94,1012.9,99,23.1,Port Harcourt
2009-09-17,30.4,22.9,25.6,7.2,9.1,20.03,88,1012.1,86,23.3,Port Harcourt
2009-09-18,29.3,23.6,25.8,5.3,13.8,16.97,86,1012.1,88,23.1,Port Harcourt
2009-09-19,27.3,23.5,24.8,11.2,11.0,11.63,91,1012.8,96,23.1,Port Harcourt
2009-09-20,23.8,23.1,23.4,76.8,6.3,1.51,98,1012.7,99,23.0,Port Harcourt
2009-09-21,27.3,22.8,24.6,3.2,9.4,8.92,91,1012.4,92,22.9,Port Harcourt
2009-09-22,29.8,22.4,25.6,2.2,9.3,19.41,86,1011.1,68,22.9,Port Harcourt
2009-09-23,29.5,23.1,25.8,5.1,13.1,18.61,87,1011.2,63,23.4,Port Harcourt
2009-09-24,29.6,23.4,25.8,4.9,9.7,15.94,87,1011.6,93,23.3,Port Harcourt
2009-09-25,29.3,23.2,26.0,3.5,12.9,18.1,85,1011.4,93,23.2,Port Harcourt
2009-09-26,29.1,24.6,25.8,8.6,13.0,12.27,87,1011.8,93,23.5,Port Harcourt
2009-09-27,28.2,23.1,24.7,17.0,10.6,9.67,92,1012.7,92,23.2,Port Harcourt
2009-09-28,29.2,22.5,25.4,1.3,13.3,17.45,89,1012.3,82,23.3,Port Harcourt
2009-09-29,30.5,22.9,26.3,3.2,9.9,19.42,83,1012.1,80,23.0,Port Harcourt
2009-09-30,27.2,23.0,25.0,16.6,13.0,11.84,92,1012.7,97,23.5,Port Harcourt
2009-10-01,29.4,23.5,25.6,12.3,11.4,15.58,87,1012.5,93,23.3,Port Harcourt
2009-10-02,28.6,23.2,25.4,8.7,11.5,15.12,90,1012.3,77,23.6,Port Harcourt
2009-10-03,28.9,23.3,25.3,13.0,10.3,16.74,90,1012.1,93,23.4,Port Harcourt
2009-10-04,28.9,22.9,25.0,12.9,13.2,13.69,90,1011.8,84,23.1,Port Harcourt
2009-10-05,28.3,23.0,24.8,12.7,12.7,12.5,91,1011.9,92,23.3,Port Harcourt
2009-10-06,28.0,23.0,24.7,8.0,9.4,10.26,91,1012.3,94,23.0,Port Harcourt
2009-10-07,27.3,23.1,24.4,21.5,12.8,9.57,94,1012.5,98,23.4,Port Harcourt
2009-10-08,25.3,23.0,24.0,21.2,9.1,5.17,97,1012.4,98,23.6,Port Harcourt
2009-10-09,28.8,23.2,25.0,10.4,10.1,11.84,91,1011.7,99,23.5,Port Harcourt
2009-10-10,30.3,23.0,25.5,15.3,11.0,18.73,89,1010.7,75,23.3,Port Harcourt
2009-10-11,29.1,22.6,25.0,14.7,11.2,16.78,91,1010.5,72,23.4,Port Harcourt
2009-10-12,25.9,23.0,24.2,42.3,11.5,7.58,96,1010.8,82,23.4,Port Harcourt
2009-10-13,28.9,22.4,24.7,12.2,10.7,15.97,93,1010.6,76,23.4,Port Harcourt
2009-10-14,27.7,22.7,24.5,8.8,9.1,10.83,92,1010.4,74,23.1,Port Harcourt
2009-10-15,28.9,22.5,24.9,8.1,11.3,15.33,91,1009.9,95,23.3,Port Harcourt
2009-10-16,28.9,22.7,25.2,9.4,8.3,14.65,90,1010.7,98,23.4,Port Harcourt
2009-10-17,28.0,23.1,24.9,7.6,8.3,10.48,91,1010.3,96,23.3,Port Harcourt
2009-10-18,29.4,23.3,25.4,6.0,9.5,14.5,89,1009.3,90,23.5,Port Harcourt
2009-10-19,28.3,22.7,24.9,12.0,9.0,14.52,92,1009.5,95,23.4,Port Harcourt
2009-10-20,27.2,22.9,24.2,19.9,10.0,7.89,95,1010.6,100,23.3,Port Harcourt
2009-10-21,29.6,22.5,24.8,11.2,12.1,17.86,91,1011.1,72,23.1,Port Harcourt
2009-10-22,29.7,22.2,25.8,4.2,9.8,18.99,86,1010.9,55,23.1,Port Harcourt
2009-10-23,29.4,23.6,26.1,2.2,10.1,18.14,86,1011.2,86,23.4,Port Harcourt
2009-10-24,29.5,23.1,25.4,12.9,12.0,14.41,89,1010.8,92,23.3,Port Harcourt
2009-10-25,26.7,23.4,24.9,8.1,7.5,8.19,94,1009.8,97,23.8,Port Harcourt
2009-10-26,30.4,23.4,26.0,4.3,10.4,18.51,86,1009.4,67,23.4,Port Harcourt
2009-10-27,29.2,23.2,25.9,6.1,8.2,16.23,88,1010.4,63,23.6,Port Harcourt
2009-10-28,27.3,23.3,24.9,12.8,9.3,10.82,94,1010.4,86,23.8,Port Harcourt
2009-10-29,27.7,22.9,24.6,12.7,6.4,9.57,94,1009.9,100,23.5,Port Harcourt
2009-10-30,30.2,22.8,26.2,0.4,6.2,17.64,87,1008.9,77,23.5,Port Harcourt
2009-10-31,29.7,23.8,26.1,7.4,10.3,14.07,88,1008.6,64,23.9,Port Harcourt
2009-11-01,28.0,24.2,25.5,14.4,9.8,12.84,91,1008.7,90,23.9,Port Harcourt
2009-11-02,30.4,23.3,25.8,9.9,8.5,17.01,90,1008.4,80,24.0,Port Harcourt
2009-11-03,26.7,23.1,24.8,14.1,7.6,6.52,94,1009.3,94,23.8,Port Harcourt
2009-11-04,28.3,23.5,25.4,13.7,12.7,12.32,92,1010.7,94,23.9,Port Harcourt
2009-11-05,29.3,23.3,25.3,11.2,7.4,13.54,90,1011.4,98,23.5,Port Harcourt
2009-11-06,30.7,22.5,25.8,2.7,8.0,18.25,87,1009.4,80,23.4,Port Harcourt
2009-11-07,29.6,23.9,25.7,12.9,10.7,14.26,89,1009.5,89,23.8,Port Harcourt
2009-11-08,28.4,23.6,25.1,15.6,10.8,11.92,91,1010.2,99,23.5,Port Harcourt
2009-11-09,26.4,23.5,24.5,15.2,10.7,7.4,96,1011.4,100,23.8,Port Harcourt
2009-11-10,30.6,22.8,26.1,0.0,12.0,15.16,85,1010.0,73,23.1,Port Harcourt
2009-11-11,28.9,23.9,25.6,7.7,11.1,14.46,89,1009.1,76,23.6,Port Harcourt
2009-11-12,28.9,23.2,25.2,11.0,11.7,15.04,91,1009.3,81,23.6,Port Harcourt
2009-11-13,28.2,23.2,25.1,10.2,10.8,12.63,90,1009.6,72,23.3,Port Harcourt
2009-11-14,29.9,23.1,25.7,7.1,9.2,18.04,88,1010.0,36,23.5,Port Harcourt
2009-11-15,30.3,23.4,25.7,6.2,8.4,15.61,88,1009.8,58,23.4,Port Harcourt
2009-11-16,29.7,23.1,25.9,5.7,7.8,18.15,88,1009.8,56,23.6,Port Harcourt
2009-11-17,30.4,23.4,26.4,1.5,7.2,17.61,85,1009.5,38,23.5,Port Harcourt
2009-11-18,30.8,24.1,26.6,1.3,10.3,17.78,83,1010.5,43,23.2,Port Harcourt
2009-11-19,31.2,23.5,26.8,0.0,10.6,17.44,81,1010.7,68,22.8,Port Harcourt
2009-11-20,31.6,23.9,27.2,0.2,10.1,20.17,80,1011.7,41,23.1,Port Harcourt
2009-11-21,31.2,23.5,26.7,0.5,10.7,18.98,82,1011.7,30,23.0,Port Harcourt
2009-11-22,30.7,23.8,26.4,2.2,9.0,18.77,86,1011.5,32,23.7,Port Harcourt
2009-11-23,30.5,23.7,26.3,1.0,10.5,16.79,85,1010.9,80,23.4,Port Harcourt
2009-11-24,30.7,23.8,26.5,1.8,9.4,18.31,85,1010.3,45,23.5,Port Harcourt
2009-11-25,30.6,24.1,26.8,1.5,11.4,18.55,85,1009.7,29,24.0,Port Harcourt
2009-11-26,31.9,24.6,27.2,1.1,12.9,19.15,82,1010.2,42,23.6,Port Harcourt
2009-11-27,32.0,24.3,27.4,0.1,9.7,17.77,80,1010.4,91,23.3,Port Harcourt
2009-11-28,31.5,24.5,27.3,1.3,12.0,19.23,82,1010.4,33,23.6,Port Harcourt
2009-11-29,31.4,24.2,27.2,0.4,13.0,18.65,81,1009.7,19,23.4,Port Harcourt
2009-11-30,31.7,24.2,27.3,0.3,11.9,18.75,81,1009.0,17,23.4,Port Harcourt
2009-12-01,31.9,24.3,27.1,1.0,11.2,18.73,81,1009.5,37,23.2,Port Harcourt
2009-12-02,32.0,24.3,27.5,0.0,13.2,18.51,79,1009.6,83,23.3,Port Harcourt
2009-12-03,31.4,24.1,27.4,0.9,11.3,17.2,81,1009.9,50,23.4,Port Harcourt
2009-12-04,30.0,24.4,26.9,2.2,9.8,16.68,86,1009.9,29,24.3,Port Harcourt
2009-12-05,31.9,24.3,27.4,1.6,11.1,19.23,82,1010.2,28,23.8,Port Harcourt
2009-12-06,33.0,24.5,27.9,0.1,12.7,19.45,79,1009.0,23,23.5,Port Harcourt
2009-12-07,32.7,24.4,27.9,0.4,13.7,18.47,79,1008.4,46,23.5,Port Harcourt
2009-12-08,33.4,24.5,28.1,0.0,13.4,18.7,78,1008.9,52,23.4,Port Harcourt
2009-12-09,31.7,24.9,27.5,1.1,11.7,16.24,81,1009.6,96,23.8,Port Harcourt
2009-12-10,30.4,24.5,26.8,4.6,11.8,17.74,84,1009.9,50,23.7,Port Harcourt
2009-12-11,30.9,24.1,26.9,1.4,10.2,17.41,83,1009.6,58,23.6,Port Harcourt
2009-12-12,29.8,24.2,26.5,2.9,11.3,17.52,85,1009.6,60,23.6,Port Harcourt
2009-12-13,30.7,23.7,26.5,4.8,11.7,17.94,86,1010.3,32,23.8,Port Harcourt
2009-12-14,32.0,23.5,27.2,0.4,11.8,18.6,81,1010.3,23,23.4,Port Harcourt
2009-12-15,30.6,24.5,27.0,4.9,11.2,17.38,86,1010.2,42,24.3,Port Harcourt
2009-12-16,31.0,24.8,27.2,1.3,13.0,17.23,85,1010.1,53,24.4,Port Harcourt
2009-12-17,31.0,24.6,27.3,1.7,13.7,16.89,85,1009.7,27,24.4,Port Harcourt
2009-12-18,31.4,24.7,27.2,2.3,12.1,17.59,85,1009.3,35,24.4,Port Harcourt
2009-12-19,30.2,24.8,26.9,1.5,13.2,16.41,85,1009.2,51,24.1,Port Harcourt
2009-12-20,31.5,24.1,27.4,1.0,11.8,16.77,82,1009.9,35,23.9,Port Harcourt
2009-12-21,30.2,24.8,27.3,1.3,10.6,15.51,84,1011.0,76,24.3,Port Harcourt
2009-12-22,31.4,24.4,27.3,1.2,12.5,16.38,82,1011.7,83,23.7,Port Harcourt
2009-12-23,31.7,24.6,27.2,1.4,12.4,17.23,83,1011.0,43,23.9,Port Harcourt
2009-12-24,32.3,24.1,27.5,0.5,10.9,17.02,80,1010.3,66,23.4,Port Harcourt
2009-12-25,31.9,24.4,27.4,1.5,15.3,17.59,81,1011.0,45,23.4,Port Harcourt
2009-12-26,32.2,23.8,27.1,0.6,15.3,17.86,81,1010.9,62,23.1,Port Harcourt
2009-12-27,32.9,23.9,27.4,0.0,11.2,19.44,78,1010.3,64,22.5,Port Harcourt
2009-12-28,32.9,24.2,27.6,0.1,12.9,19.58,78,1009.6,38,22.9,Port Harcourt
2009-12-29,33.1,23.3,27.7,0.4,12.2,19.2,78,1009.1,30,22.8,Port Harcourt
2009-12-30,33.5,24.0,27.9,0.0,14.6,20.72,77,1008.5,15,22.8,Port Harcourt
2009-12-31,33.0,24.4,27.8,0.3,14.7,18.09,78,1010.1,47,23.0,Port Harcourt
2010-01-01,33.0,24.2,27.7,0.0,12.7,19.27,78,1010.1,42,22.9,Port Harcourt
2010-01-02,33.9,24.3,28.3,0.2,12.4,20.6,75,1010.1,30,22.7,Port Harcourt
2010-01-03,33.9,24.2,28.3,0.0,14.6,20.15,75,1009.8,66,22.7,Port Harcourt
2010-01-04,33.5,24.4,28.2,0.0,14.6,19.39,76,1010.0,76,22.9,Port Harcourt
2010-01-05,31.1,24.5,27.0,1.9,11.6,15.26,82,1009.9,65,23.6,Port Harcourt
2010-01-06,32.3,23.5,27.5,0.8,14.3,18.36,78,1009.7,66,22.8,Port Harcourt
2010-01-07,33.4,24.2,28.1,0.0,11.8,17.77,76,1009.6,65,23.0,Port Harcourt
2010-01-08,31.6,24.7,27.5,1.4,10.5,16.05,82,1009.6,58,24.0,Port Harcourt
2010-01-09,32.7,24.1,28.0,0.2,11.3,18.59,78,1009.1,25,23.4,Port Harcourt
2010-01-10,32.1,24.3,27.8,2.3,13.7,18.69,81,1008.8,44,24.0,Port Harcourt
2010-01-11,32.1,24.7,27.8,1.6,10.4,18.09,79,1009.5,69,23.6,Port Harcourt
2010-01-12,33.3,25.1,28.0,3.3,12.6,17.75,80,1009.3,34,24.0,Port Harcourt
2010-01-13,32.0,25.3,27.7,2.3,14.5,17.5,82,1010.1,79,24.3,Port Harcourt
2010-01-14,31.3,24.6,27.3,1.1,11.0,16.95,82,1011.2,94,23.9,Port Harcourt
2010-01-15,31.9,23.7,27.4,0.3,9.7,17.66,82,1011.8,98,23.8,Port Harcourt
2010-01-16,31.5,24.2,27.6,1.2,13.6,16.62,81,1012.2,97,23.8,Port Harcourt
2010-01-17,31.0,24.6,27.1,2.4,13.3,16.52,84,1012.4,83,24.1,Port Harcourt
2010-01-18,31.1,24.6,26.8,1.9,10.7,14.59,84,1011.7,80,23.8,Port Harcourt
2010-01-19,33.7,22.6,27.1,0.0,9.7,21.85,72,1011.0,63,20.5,Port Harcourt
2010-01-20,34.4,22.7,27.5,0.0,16.6,23.41,70,1010.2,54,20.3,Port Harcourt
2010-01-21,33.9,23.1,27.8,0.0,14.8,21.66,75,1010.7,33,22.0,Port Harcourt
2010-01-22,33.9,24.3,28.3,0.0,12.6,21.42,74,1010.3,84,22.6,Port Harcourt
2010-01-23,33.8,24.2,28.3,0.0,13.8,21.31,77,1009.1,23,23.2,Port Harcourt
2010-01-24,33.4,25.5,28.5,0.8,13.8,19.04,76,1008.1,65,23.5,Port Harcourt
2010-01-25,32.7,25.3,28.3,0.5,15.4,17.68,76,1008.2,75,23.3,Port Harcourt
2010-01-26,32.5,25.1,28.1,1.4,14.2,19.38,78,1008.6,63,23.8,Port Harcourt
2010-01-27,32.4,24.9,27.7,3.9,13.4,18.55,82,1008.6,32,24.1,Port Harcourt
2010-01-28,31.2,24.9,27.6,4.0,11.1,15.89,82,1009.1,59,24.1,Port Harcourt
2010-01-29,32.5,25.0,27.9,2.3,12.3,16.71,83,1008.2,65,24.5,Port Harcourt
2010-01-30,33.5,25.3,28.4,1.1,13.9,17.42,81,1008.7,58,24.6,Port Harcourt
2010-01-31,32.2,26.4,28.3,3.6,13.1,18.93,83,1009.0,55,25.0,Port Harcourt
2010-02-01,32.0,25.5,28.1,1.9,12.5,16.64,82,1009.7,48,24.6,Port Harcourt
2010-02-02,32.6,25.7,28.2,3.0,12.9,18.16,81,1010.1,89,24.4,Port Harcourt
2010-02-03,31.6,25.2,27.8,1.1,12.3,17.52,84,1010.4,75,24.8,Port Harcourt
2010-02-04,32.0,25.2,28.2,0.9,12.3,18.72,83,1010.3,56,24.8,Port Harcourt
2010-02-05,33.2,25.0,28.2,1.0,13.8,19.5,82,1009.6,41,24.6,Port Harcourt
2010-02-06,35.0,24.8,29.0,0.0,13.0,22.22,76,1007.8,17,23.7,Port Harcourt
2010-02-07,34.3,25.4,28.9,0.9,15.8,20.11,76,1007.5,22,23.6,Port Harcourt
2010-02-08,33.0,25.6,28.2,1.8,13.0,19.18,80,1008.4,57,24.1,Port Harcourt
2010-02-09,31.9,25.9,28.1,0.3,10.5,12.83,79,1008.2,84,23.9,Port Harcourt
2010-02-10,32.7,25.5,28.0,6.9,13.1,18.07,81,1008.5,78,24.2,Port Harcourt
2010-02-11,31.9,25.5,27.9,1.4,13.1,18.39,81,1008.2,55,24.1,Port Harcourt
2010-02-12,31.3,24.7,27.7,2.5,13.2,18.16,83,1008.0,30,24.3,Port Harcourt
2010-02-13,31.5,25.4,27.6,6.5,11.4,16.69,84,1009.1,78,24.6,Port Harcourt
2010-02-14,33.5,24.4,28.1,0.0,15.7,21.25,79,1008.7,67,23.6,Port Harcourt
2010-02-15,32.8,25.6,28.5,1.1,12.3,18.72,77,1009.3,93,23.8,Port Harcourt
2010-02-16,33.2,25.1,28.7,0.3,13.4,19.63,77,1009.6,95,23.8,Port Harcourt
2010-02-17,32.7,25.4,28.4,1.6,12.6,18.89,80,1009.4,99,24.4,Port Harcourt
2010-02-18,31.9,25.9,28.5,2.1,14.4,17.29,80,1010.4,76,24.4,Port Harcourt
2010-02-19,33.2,25.5,28.7,2.4,14.6,20.37,80,1010.3,65,24.7,Port Harcourt
2010-02-20,32.9,25.7,28.4,4.9,12.7,19.23,83,1009.7,88,25.0,Port Harcourt
2010-02-21,32.4,26.0,28.5,1.8,13.6,17.88,82,1008.5,80,25.0,Port Harcourt
2010-02-22,32.4,26.1,28.5,3.6,13.2,19.01,82,1008.3,35,25.0,Port Harcourt
2010-02-23,32.4,25.7,27.8,5.8,12.8,13.99,85,1008.8,75,24.9,Port Harcourt
2010-02-24,32.7,25.0,28.3,1.1,12.5,19.54,81,1008.5,98,24.5,Port Harcourt
2010-02-25,31.9,26.1,28.1,4.4,12.9,16.93,83,1008.2,99,25.0,Port Harcourt
2010-02-26,31.8,25.6,28.0,4.0,12.8,19.22,84,1008.6,86,25.0,Port Harcourt
2010-02-27,32.6,25.4,28.3,1.1,12.4,18.72,80,1009.2,73,24.4,Port Harcourt
2010-02-28,32.3,25.7,28.5,0.9,14.1,19.81,81,1009.9,68,24.7,Port Harcourt
2010-03-01,33.0,25.6,28.6,0.9,9.7,20.7,81,1010.1,77,24.9,Port Harcourt
2010-03-02,33.3,25.3,28.9,1.2,13.6,20.33,80,1010.3,73,24.8,Port Harcourt
2010-03-03,33.1,26.2,28.7,3.3,14.0,20.58,82,1009.8,78,25.3,Port Harcourt
2010-03-04,32.0,26.1,28.8,0.4,12.4,19.21,81,1009.6,88,24.9,Port Harcourt
2010-03-05,32.9,25.7,28.5,2.8,13.1,20.98,82,1008.8,77,25.0,Port Harcourt
2010-03-06,32.2,25.6,28.4,2.3,15.6,19.01,82,1008.7,58,24.8,Port Harcourt
2010-03-07,32.5,26.1,28.3,0.9,13.8,18.19,82,1009.2,45,24.8,Port Harcourt
2010-03-08,32.2,25.6,28.3,5.2,12.3,18.76,83,1009.0,51,25.1,Port Harcourt
2010-03-09,31.0,25.9,27.6,10.6,11.7,17.37,85,1009.1,64,24.8,Port Harcourt
2010-03-10,32.6,25.5,28.2,3.2,10.9,19.52,81,1008.6,57,24.5,Port Harcourt
2010-03-11,28.7,25.8,27.0,6.7,12.0,10.65,89,1009.9,91,25.1,Port Harcourt
2010-03-12,31.6,25.3,27.8,1.4,12.3,17.11,84,1009.6,71,24.5,Port Harcourt
2010-03-13,32.3,25.2,27.9,2.8,12.5,19.02,83,1009.6,83,24.6,Port Harcourt
2010-03-14,31.1,25.0,27.0,9.0,11.8,15.42,88,1009.1,88,24.9,Port Harcourt
2010-03-15,32.0,24.8,27.6,8.6,11.6,20.01,86,1009.1,77,24.8,Port Harcourt
2010-03-16,30.6,24.4,26.5,24.4,8.7,13.52,89,1010.5,99,24.5,Port Harcourt
2010-03-17,31.0,24.2,27.2,5.5,8.8,16.17,86,1010.4,94,24.5,Port Harcourt
2010-03-18,32.1,25.0,28.1,3.0,11.4,20.1,82,1010.4,79,24.5,Port Harcourt
2010-03-19,31.8,25.3,27.8,3.4,13.7,18.15,84,1010.4,62,24.6,Port Harcourt
2010-03-20,30.4,25.2,27.2,6.5,9.4,17.62,86,1010.4,93,24.7,Port Harcourt
2010-03-21,32.8,24.9,28.2,0.1,11.2,18.53,80,1009.8,89,24.0,Port Harcourt
2010-03-22,33.5,25.0,28.7,0.2,10.9,22.27,78,1008.6,94,24.1,Port Harcourt
2010-03-23,33.0,26.1,28.8,1.0,11.9,20.53,79,1007.0,77,24.6,Port Harcourt
2010-03-24,33.2,26.5,29.0,1.0,14.8,19.92,78,1006.5,97,24.4,Port Harcourt
2010-03-25,31.3,25.8,28.1,1.1,12.3,18.7,84,1008.2,96,25.0,Port Harcourt
2010-03-26,31.6,25.3,28.2,0.8,13.6,20.47,84,1009.8,92,25.0,Port Harcourt
2010-03-27,32.6,26.4,28.5,2.8,15.2,21.42,83,1009.8,79,25.2,Port Harcourt
2010-03-28,32.0,25.9,28.5,1.5,11.5,20.83,83,1009.8,45,25.2,Port Harcourt
2010-03-29,32.2,26.2,28.7,2.0,11.8,21.45,83,1009.2,84,25.2,Port Harcourt
2010-03-30,31.8,26.2,28.6,1.0,10.8,20.24,84,1009.3,89,25.5,Port Harcourt
2010-03-31,31.2,26.3,28.3,1.4,11.4,18.71,85,1008.7,67,25.4,Port Harcourt
2010-04-01,31.7,26.0,28.3,2.5,14.4,20.96,84,1007.9,51,25.3,Port Harcourt
2010-04-02,31.9,25.8,28.4,1.2,13.7,20.09,83,1007.2,68,25.2,Port Harcourt
2010-04-03,32.5,26.5,28.7,1.7,14.0,21.41,81,1007.5,53,24.9,Port Harcourt
2010-04-04,32.2,25.6,28.3,1.7,11.9,19.41,84,1007.5,80,25.3,Port Harcourt
2010-04-05,31.5,26.2,28.1,3.5,13.4,17.68,86,1008.5,80,25.3,Port Harcourt
2010-04-06,32.5,25.5,28.3,3.1,11.4,20.0,82,1007.9,71,24.8,Port Harcourt
2010-04-07,31.1,25.8,27.8,6.8,12.0,17.19,84,1007.8,75,24.8,Port Harcourt
2010-04-08,31.6,24.6,27.9,4.0,12.1,19.53,84,1007.5,45,24.8,Port Harcourt
2010-04-09,30.9,26.5,27.9,14.5,11.7,18.14,85,1008.8,66,25.1,Port Harcourt
2010-04-10,32.1,26.0,28.6,2.3,11.5,20.94,82,1008.5,87,25.1,Port Harcourt
2010-04-11,33.0,25.8,28.9,0.2,11.6,22.51,80,1006.9,84,24.9,Port Harcourt
2010-04-12,29.2,26.3,27.6,1.2,10.5,7.61,88,1007.7,98,25.3,Port Harcourt
2010-04-13,30.1,25.5,27.1,11.9,12.0,12.33,88,1008.4,99,24.9,Port Harcourt
2010-04-14,31.1,25.6,27.8,7.3,9.2,16.51,88,1008.1,93,25.5,Port Harcourt
2010-04-15,30.7,25.7,27.5,15.9,11.7,14.54,89,1008.7,92,25.4,Port Harcourt
2010-04-16,31.0,25.6,27.7,4.9,12.8,19.11,87,1009.5,84,25.2,Port Harcourt
2010-04-17,32.3,24.5,27.7,3.6,9.7,18.18,85,1009.5,90,24.8,Port Harcourt
2010-04-18,32.2,25.5,28.8,0.4,11.6,20.61,82,1008.8,83,25.2,Port Harcourt
2010-04-19,30.0,26.6,28.1,5.3,12.9,16.23,85,1009.3,76,25.3,Port Harcourt
2010-04-20,29.8,25.0,26.8,9.2,10.5,11.21,89,1009.3,99,24.7,Port Harcourt
2010-04-21,30.2,24.7,26.7,10.5,8.6,14.04,91,1009.6,98,25.0,Port Harcourt
2010-04-22,31.0,25.1,27.4,5.9,16.2,18.4,88,1010.4,93,25.1,Port Harcourt
2010-04-23,31.6,24.9,28.0,1.8,13.4,19.23,84,1010.1,44,24.8,Port Harcourt
2010-04-24,31.3,25.0,27.5,7.2,11.5,18.49,85,1010.5,59,24.6,Port Harcourt
2010-04-25,29.9,25.4,27.2,4.9,11.6,12.31,86,1009.7,97,24.6,Port Harcourt
2010-04-26,30.6,25.2,27.1,7.5,16.6,16.85,88,1008.4,88,24.8,Port Harcourt
2010-04-27,30.6,25.0,26.8,9.7,12.6,17.96,89,1009.5,85,24.9,Port Harcourt
2010-04-28,30.4,24.7,26.8,5.6,11.4,13.19,89,1010.0,99,24.7,Port Harcourt
2010-04-29,30.3,24.9,26.8,12.9,11.3,17.38,89,1009.8,93,24.9,Port Harcourt
2010-04-30,29.1,25.0,26.4,12.9,13.2,10.12,93,1009.6,99,25.0,Port Harcourt
2010-05-01,32.5,24.7,28.0,1.7,12.3,21.02,83,1009.5,77,24.5,Port Harcourt
2010-05-02,28.0,24.6,26.3,11.8,7.6,9.94,92,1010.6,100,24.8,Port Harcourt
2010-05-03,28.2,25.0,26.4,13.1,9.1,11.78,92,1010.0,98,25.1,Port Harcourt
2010-05-04,29.2,24.6,26.4,11.1,8.6,12.32,90,1009.4,96,24.7,Port Harcourt
2010-05-05,29.7,24.7,26.0,14.1,10.0,11.01,91,1009.3,100,24.3,Port Harcourt
2010-05-06,31.3,23.9,27.0,6.1,10.5,19.54,87,1009.4,97,24.4,Port Harcourt
2010-05-07,27.2,24.6,25.8,12.9,7.2,9.69,94,1009.9,99,24.7,Port Harcourt
2010-05-08,30.4,24.3,26.7,7.2,9.7,15.91,88,1009.3,98,24.4,Port Harcourt
2010-05-09,28.6,24.4,26.2,7.1,12.2,10.26,91,1010.9,100,24.5,Port Harcourt
2010-05-10,30.3,24.8,27.3,0.0,11.6,13.52,85,1009.8,98,24.5,Port Harcourt
2010-05-11,31.2,25.4,27.6,4.8,12.4,20.37,87,1009.3,66,25.1,Port Harcourt
2010-05-12,31.4,24.9,27.3,7.7,11.7,18.21,88,1009.6,67,24.9,Port Harcourt
2010-05-13,28.6,24.9,26.1,28.0,11.2,8.98,92,1010.5,100,24.8,Port Harcourt
2010-05-14,30.6,24.2,27.1,2.3,10.9,20.15,86,1011.2,83,24.5,Port Harcourt
2010-05-15,30.2,25.1,26.9,8.4,10.5,15.88,88,1010.3,69,24.7,Port Harcourt
2010-05-16,30.2,24.9,27.1,5.6,11.3,18.59,88,1010.8,57,24.8,Port Harcourt
2010-05-17,28.4,24.9,26.4,12.4,12.0,13.37,92,1010.1,70,24.9,Port Harcourt
2010-05-18,31.0,24.7,26.9,1.6,11.7,18.58,87,1009.7,60,24.4,Port Harcourt
2010-05-19,30.0,25.1,26.9,3.1,12.3,16.93,86,1009.1,58,24.3,Port Harcourt
2010-05-20,28.0,24.1,26.1,14.9,9.4,11.84,92,1009.2,89,24.7,Port Harcourt
2010-05-21,29.0,24.3,26.0,8.3,7.8,11.9,92,1010.4,93,24.6,Port Harcourt
2010-05-22,30.3,24.0,26.2,9.9,9.1,15.92,89,1010.3,96,24.2,Port Harcourt
2010-05-23,29.5,24.3,26.6,8.5,10.3,16.07,89,1010.4,77,24.6,Port Harcourt
2010-05-24,30.3,24.5,26.9,4.6,11.7,18.77,87,1009.5,77,24.5,Port Harcourt
2010-05-25,28.5,24.7,26.4,13.2,9.7,13.56,90,1009.6,76,24.6,Port Harcourt
2010-05-26,28.8,24.8,26.1,21.8,10.0,11.67,91,1009.7,92,24.5,Port Harcourt
2010-05-27,29.9,24.0,26.6,3.1,12.1,14.52,87,1010.7,98,24.2,Port Harcourt
2010-05-28,29.6,24.5,26.5,7.8,7.8,14.53,90,1010.9,91,24.7,Port Harcourt
2010-05-29,31.1,24.4,27.1,2.6,10.2,19.4,88,1010.5,80,24.9,Port Harcourt
2010-05-30,28.8,24.5,25.7,26.3,11.5,8.37,93,1010.5,99,24.5,Port Harcourt
2010-05-31,25.0,24.2,24.6,184.7,16.7,1.11,97,1012.2,100,24.0,Port Harcourt
2010-06-01,29.3,24.0,26.3,2.2,11.3,13.58,87,1012.8,93,23.8,Port Harcourt
2010-06-02,28.3,24.2,26.0,9.5,9.9,13.86,87,1013.7,89,23.6,Port Harcourt
2010-06-03,29.5,24.0,26.3,1.3,12.0,16.48,85,1013.3,83,23.4,Port Harcourt
2010-06-04,29.8,24.0,26.1,6.1,11.0,17.16,86,1013.7,87,23.6,Port Harcourt
2010-06-05,29.9,24.0,26.3,3.2,9.4,15.39,85,1014.2,76,23.4,Port Harcourt
2010-06-06,27.6,23.9,25.5,7.8,6.6,11.83,92,1013.7,96,24.1,Port Harcourt
2010-06-07,29.8,23.9,25.9,6.0,10.2,15.71,89,1012.5,85,23.9,Port Harcourt
2010-06-08,30.1,24.2,26.3,6.5,10.8,17.18,86,1012.4,68,23.7,Port Harcourt
2010-06-09,27.1,23.7,25.0,23.2,8.4,8.93,95,1012.6,97,24.0,Port Harcourt
2010-06-10,30.0,23.3,25.8,6.9,9.8,15.92,89,1013.1,95,23.7,Port Harcourt
2010-06-11,30.3,24.2,26.2,8.1,6.6,16.71,86,1013.3,93,23.5,Port Harcourt
2010-06-12,29.1,24.5,26.2,8.4,11.3,15.4,87,1012.4,82,23.9,Port Harcourt
2010-06-13,29.1,24.3,26.1,2.2,12.2,14.34,86,1011.9,78,23.4,Port Harcourt
2010-06-14,27.9,24.1,25.7,4.8,9.2,11.08,88,1012.4,76,23.6,Port Harcourt
2010-06-15,27.6,23.9,25.2,35.3,9.7,8.43,91,1013.2,99,23.6,Port Harcourt
2010-06-16,26.2,23.7,24.4,92.6,11.4,5.83,95,1013.1,90,23.6,Port Harcourt
2010-06-17,29.0,23.4,25.6,5.3,14.8,18.19,88,1012.6,68,23.3,Port Harcourt
2010-06-18,29.8,23.5,26.2,2.5,11.6,19.37,85,1012.1,67,23.4,Port Harcourt
2010-06-19,28.7,24.5,26.0,2.5,10.0,13.64,86,1010.8,96,23.5,Port Harcourt
2010-06-20,28.2,24.1,25.6,4.0,12.1,12.0,89,1010.6,85,23.6,Port Harcourt
2010-06-21,28.8,24.0,25.8,9.5,9.0,12.68,88,1011.0,94,23.7,Port Harcourt
2010-06-22,29.1,23.9,26.1,6.2,9.7,16.75,88,1010.6,85,23.8,Port Harcourt
2010-06-23,27.0,24.0,25.2,67.2,13.8,8.1,92,1010.3,99,23.7,Port Harcourt
2010-06-24,26.9,24.0,24.9,77.7,13.0,9.42,95,1011.1,98,24.1,Port Harcourt
2010-06-25,24.6,23.2,23.8,102.0,8.4,1.92,98,1011.7,98,23.5,Port Harcourt
2010-06-26,28.1,23.2,24.7,9.6,15.0,12.58,92,1012.4,100,23.3,Port Harcourt
2010-06-27,27.4,22.8,24.7,5.6,6.2,9.99,91,1013.0,99,23.1,Port Harcourt
2010-06-28,27.6,23.0,25.3,6.9,9.8,12.29,89,1012.6,95,23.3,Port Harcourt
2010-06-29,29.4,24.1,26.1,2.7,12.6,16.6,86,1012.0,87,23.4,Port Harcourt
2010-06-30,28.8,24.5,25.8,5.2,12.2,14.57,88,1011.3,90,23.6,Port Harcourt
2010-07-01,25.3,23.7,24.3,59.8,12.7,4.47,95,1011.8,100,23.4,Port Harcourt
2010-07-02,24.9,23.0,23.9,18.3,11.4,4.83,97,1012.6,99,23.5,Port Harcourt
2010-07-03,29.4,22.8,25.5,4.8,9.2,17.15,87,1012.1,77,23.0,Port Harcourt
2010-07-04,27.1,23.5,24.8,6.8,8.1,9.06,92,1012.4,93,23.5,Port Harcourt
2010-07-05,27.4,22.9,24.6,12.8,10.4,10.86,92,1012.2,73,23.2,Port Harcourt
2010-07-06,24.5,23.0,23.6,29.3,10.7,2.05,97,1011.3,94,23.0,Port Harcourt
2010-07-07,27.5,22.6,24.5,9.6,7.7,12.8,91,1011.9,93,22.9,Port Harcourt
2010-07-08,28.5,22.8,24.7,8.9,9.7,10.92,91,1012.4,95,23.0,Port Harcourt
2010-07-09,26.5,23.4,24.4,10.4,13.4,8.59,94,1012.1,96,23.3,Port Harcourt
2010-07-10,28.0,23.0,24.6,10.3,14.1,14.86,91,1012.1,96,23.1,Port Harcourt
2010-07-11,26.7,22.6,24.0,15.2,7.5,9.02,94,1012.5,98,23.0,Port Harcourt
2010-07-12,29.5,21.9,24.8,7.2,10.8,15.58,90,1011.9,90,23.0,Port Harcourt
2010-07-13,27.4,23.4,24.8,11.1,11.3,12.2,91,1011.7,83,23.1,Port Harcourt
2010-07-14,28.4,23.2,25.2,4.7,12.9,16.29,88,1011.5,88,23.0,Port Harcourt
2010-07-15,26.5,23.2,24.2,8.9,11.0,6.94,92,1011.8,94,22.8,Port Harcourt
2010-07-16,27.7,23.3,25.1,2.0,14.6,17.19,86,1011.7,74,22.4,Port Harcourt
2010-07-17,29.0,23.1,25.6,0.5,10.3,14.79,81,1012.9,85,22.0,Port Harcourt
2010-07-18,30.2,24.0,26.3,0.0,11.9,17.36,79,1013.7,80,22.2,Port Harcourt
2010-07-19,28.4,23.6,25.7,1.0,17.4,14.27,83,1013.6,97,22.6,Port Harcourt
2010-07-20,28.5,23.9,25.5,1.3,14.3,14.33,84,1013.6,94,22.6,Port Harcourt
2010-07-21,29.2,23.2,25.8,3.5,10.5,16.55,81,1014.4,92,22.2,Port Harcourt
2010-07-22,30.3,22.5,26.0,0.0,11.8,17.88,78,1013.7,96,21.6,Port Harcourt
2010-07-23,28.0,23.4,25.3,2.9,16.8,13.17,81,1014.2,93,21.7,Port Harcourt
2010-07-24,29.9,22.6,25.8,0.0,11.2,18.6,77,1014.3,89,21.2,Port Harcourt
2010-07-25,29.7,22.8,25.4,3.3,10.8,16.24,82,1012.5,89,22.0,Port Harcourt
2010-07-26,27.3,23.6,25.0,6.0,14.5,12.01,87,1012.0,96,22.6,Port Harcourt
2010-07-27,27.9,22.9,25.2,1.0,11.2,14.88,87,1013.6,98,22.7,Port Harcourt
2010-07-28,28.3,23.2,25.3,2.3,10.8,15.44,85,1014.1,87,22.6,Port Harcourt
2010-07-29,29.2,22.8,25.5,1.5,11.3,16.32,83,1012.7,84,22.3,Port Harcourt
2010-07-30,27.4,23.2,24.6,6.6,14.2,13.03,89,1011.0,88,22.7,Port Harcourt
2010-07-31,28.4,22.8,25.0,1.8,12.2,17.34,86,1011.2,88,22.4,Port Harcourt
2010-08-01,27.3,23.6,24.7,13.8,10.6,9.2,89,1011.7,97,22.6,Port Harcourt
2010-08-02,29.1,23.1,25.6,1.5,11.2,19.08,85,1012.1,78,22.7,Port Harcourt
2010-08-03,29.5,23.7,25.3,8.0,11.1,12.37,87,1012.1,96,23.0,Port Harcourt
2010-08-04,28.3,23.4,25.3,4.9,12.2,14.44,86,1011.8,99,22.8,Port Harcourt
2010-08-05,26.5,23.2,24.5,11.0,9.9,6.5,92,1011.8,100,23.0,Port Harcourt
2010-08-06,26.7,23.4,24.5,6.5,13.3,9.03,92,1011.8,99,23.1,Port Harcourt
2010-08-07,24.6,23.0,23.7,58.7,9.7,2.56,97,1013.2,99,23.1,Port Harcourt
2010-08-08,27.3,22.7,24.1,24.1,14.1,11.21,94,1013.5,98,23.0,Port Harcourt
2010-08-09,26.6,22.7,24.1,9.1,10.2,9.26,93,1013.5,100,22.9,Port Harcourt
2010-08-10,28.7,22.6,24.8,8.3,11.9,15.17,89,1012.6,94,22.8,Port Harcourt
2010-08-11,26.8,23.3,24.3,20.0,12.4,8.23,93,1012.9,93,23.0,Port Harcourt
2010-08-12,24.4,22.9,23.6,32.3,11.5,3.65,97,1013.6,100,23.1,Port Harcourt
2010-08-13,26.7,22.5,23.9,15.5,9.4,10.21,93,1013.2,99,22.8,Port Harcourt
2010-08-14,28.8,22.6,24.6,8.7,9.4,13.48,91,1013.0,91,23.0,Port Harcourt
2010-08-15,29.7,22.6,25.8,1.3,9.8,18.94,85,1012.4,61,22.9,Port Harcourt
2010-08-16,29.6,23.4,25.4,8.3,12.2,15.21,89,1012.1,87,23.4,Port Harcourt
2010-08-17,27.0,23.7,24.6,17.7,11.4,9.15,92,1012.5,96,23.3,Port Harcourt
2010-08-18,29.3,23.0,25.3,3.3,10.2,17.37,86,1011.9,88,22.7,Port Harcourt
2010-08-19,30.5,22.6,25.2,10.5,11.9,16.34,89,1011.8,77,23.1,Port Harcourt
2010-08-20,27.2,22.8,24.2,15.1,9.7,8.9,92,1012.5,98,22.9,Port Harcourt
2010-08-21,26.7,22.5,24.0,8.8,10.6,7.0,93,1013.5,91,22.7,Port Harcourt
2010-08-22,29.0,22.5,25.0,3.2,11.8,15.7,86,1013.6,77,22.4,Port Harcourt
2010-08-23,28.1,23.4,24.5,17.5,10.9,11.24,90,1012.8,98,22.8,Port Harcourt
2010-08-24,25.2,22.8,24.0,6.9,11.5,5.15,93,1013.0,98,22.8,Port Harcourt
2010-08-25,28.2,23.0,24.7,5.4,12.4,15.04,89,1013.5,92,22.7,Port Harcourt
2010-08-26,27.3,22.4,24.4,3.9,14.3,11.66,90,1013.0,74,22.6,Port Harcourt
2010-08-27,27.8,22.8,24.8,4.4,11.5,15.39,89,1011.4,98,22.8,Port Harcourt
2010-08-28,28.7,23.2,25.5,2.1,13.0,17.25,83,1011.0,96,22.4,Port Harcourt
2010-08-29,27.6,23.1,25.3,2.2,14.7,16.91,83,1011.3,76,22.2,Port Harcourt
2010-08-30,28.6,23.6,25.5,2.4,15.8,19.13,83,1011.9,86,22.4,Port Harcourt
2010-08-31,28.2,23.5,25.5,1.2,16.3,17.91,83,1011.4,79,22.3,Port Harcourt
2010-09-01,28.7,23.0,25.5,0.5,13.0,19.71,85,1011.7,79,22.7,Port Harcourt
2010-09-02,28.3,24.2,25.7,1.5,9.7,10.88,83,1012.1,98,22.6,Port Harcourt
2010-09-03,27.3,23.7,24.8,12.6,9.6,9.72,92,1011.6,99,23.3,Port Harcourt
2010-09-04,27.0,23.2,24.8,2.8,13.4,10.06,89,1011.4,96,22.9,Port Harcourt
2010-09-05,27.3,23.3,24.8,6.8,12.9,13.43,88,1012.4,92,22.7,Port Harcourt
2010-09-06,27.5,23.3,25.1,2.2,12.8,11.53,87,1013.3,99,22.7,Port Harcourt
2010-09-07,28.6,23.3,24.6,8.4,12.1,13.4,91,1012.9,99,22.9,Port Harcourt
2010-09-08,27.7,22.4,24.5,8.7,12.0,12.03,91,1013.3,99,22.8,Port Harcourt
2010-09-09,27.8,22.8,24.6,12.1,12.2,13.46,90,1013.5,96,22.9,Port Harcourt
2010-09-10,27.0,22.7,23.9,19.2,9.2,9.31,95,1013.0,98,23.0,Port Harcourt
2010-09-11,26.8,22.4,24.0,6.6,8.5,10.26,92,1011.8,93,22.6,Port Harcourt
2010-09-12,28.9,22.3,25.3,1.8,12.8,19.79,86,1011.7,67,22.5,Port Harcourt
2010-09-13,29.1,23.2,25.3,8.4,11.5,18.33,87,1011.5,85,23.0,Port Harcourt
2010-09-14,27.1,22.6,24.2,4.9,10.7,9.32,91,1011.6,97,22.7,Port Harcourt
2010-09-15,29.0,22.7,25.4,1.6,11.8,17.1,86,1011.5,88,22.8,Port Harcourt
2010-09-16,28.6,23.5,25.7,3.0,11.6,15.79,85,1011.3,98,22.9,Port Harcourt
2010-09-17,28.9,23.6,25.5,2.5,12.5,13.53,86,1011.3,97,22.9,Port Harcourt
2010-09-18,27.1,23.1,24.6,13.3,14.5,9.96,90,1012.1,91,22.8,Port Harcourt
2010-09-19,29.4,23.1,25.1,19.7,12.9,16.02,88,1011.4,93,22.9,Port Harcourt
2010-09-20,28.0,22.9,24.9,14.5,11.8,14.83,90,1010.3,91,23.1,Port Harcourt
2010-09-21,27.7,23.2,25.0,4.5,9.4,13.85,88,1010.3,74,22.8,Port Harcourt
2010-09-22,28.2,22.5,24.4,12.4,12.5,12.37,92,1010.4,95,22.9,Port Harcourt
2010-09-23,24.7,22.8,23.7,28.8,14.2,4.85,96,1011.3,100,23.1,Port Harcourt
2010-09-24,26.3,22.6,24.2,16.8,9.4,8.84,93,1011.8,100,23.1,Port Harcourt
2010-09-25,29.6,22.6,25.3,6.4,12.7,18.03,87,1011.8,87,22.7,Port Harcourt
2010-09-26,29.0,23.0,25.5,4.7,12.1,17.56,88,1010.8,87,23.1,Port Harcourt
2010-09-27,26.5,23.4,24.5,9.9,11.7,9.49,92,1010.4,99,23.1,Port Harcourt
2010-09-28,27.4,22.6,24.7,9.5,6.0,13.8,93,1010.2,95,23.4,Port Harcourt
2010-09-29,30.4,23.1,25.9,1.6,9.3,16.14,87,1009.5,99,23.4,Port Harcourt
2010-09-30,29.4,23.8,25.9,8.4,7.2,16.05,89,1009.9,98,23.9,Port Harcourt
2010-10-01,30.1,23.9,26.2,7.7,9.3,19.0,86,1008.9,71,23.6,Port Harcourt
2010-10-02,28.1,23.9,25.7,3.0,12.3,12.63,89,1009.3,91,23.6,Port Harcourt
2010-10-03,28.3,23.5,25.2,9.8,7.7,10.28,92,1009.7,98,23.7,Port Harcourt
2010-10-04,27.6,23.2,25.0,6.5,11.5,12.46,91,1010.8,99,23.4,Port Harcourt
2010-10-05,26.9,23.1,24.6,7.9,6.6,11.25,93,1011.4,99,23.4,Port Harcourt
2010-10-06,29.8,22.9,25.5,6.7,9.4,17.89,89,1011.8,92,23.4,Port Harcourt
2010-10-07,30.6,22.9,25.5,16.0,12.9,17.22,88,1012.7,93,23.3,Port Harcourt
2010-10-08,30.4,23.1,25.7,12.8,13.2,17.81,87,1013.1,91,23.3,Port Harcourt
2010-10-09,29.7,23.9,26.2,3.2,11.8,16.72,88,1012.3,84,23.9,Port Harcourt
2010-10-10,27.7,23.8,25.0,16.7,9.5,9.43,93,1011.0,99,23.8,Port Harcourt
2010-10-11,26.2,23.3,24.5,24.9,10.4,6.12,96,1011.1,100,23.7,Port Harcourt
2010-10-12,29.8,23.3,25.3,8.4,9.1,18.0,90,1011.5,95,23.4,Port Harcourt
2010-10-13,27.7,23.2,25.2,9.2,10.0,11.08,93,1011.6,95,23.9,Port Harcourt
2010-10-14,28.9,23.1,25.5,7.7,14.8,15.58,88,1011.9,86,23.3,Port Harcourt
2010-10-15,30.3,22.6,25.7,10.6,11.1,18.38,89,1010.8,93,23.5,Port Harcourt
2010-10-16,30.0,23.2,25.9,8.6,11.6,17.21,88,1010.2,91,23.6,Port Harcourt
2010-10-17,28.6,23.8,25.5,6.9,10.5,13.85,89,1009.8,94,23.6,Port Harcourt
2010-10-18,29.3,23.5,25.4,10.3,9.3,13.51,90,1010.0,94,23.6,Port Harcourt
2010-10-19,28.2,23.4,24.9,21.2,9.4,11.44,93,1010.1,99,23.7,Port Harcourt
2010-10-20,29.0,23.1,25.0,15.1,13.2,12.81,91,1010.8,97,23.4,Port Harcourt
2010-10-21,29.8,23.3,25.5,8.2,10.1,17.64,90,1011.1,97,23.6,Port Harcourt
2010-10-22,28.2,23.3,24.8,12.4,10.8,12.14,93,1010.7,99,23.5,Port Harcourt
2010-10-23,28.9,23.0,25.4,4.2,12.5,17.58,88,1009.5,82,23.1,Port Harcourt
2010-10-24,28.6,22.6,24.6,14.2,9.3,12.78,91,1009.5,99,23.0,Port Harcourt
2010-10-25,28.4,22.8,24.9,2.5,9.4,12.36,90,1009.9,99,23.1,Port Harcourt
2010-10-26,29.0,22.8,25.4,2.8,11.7,13.8,88,1010.0,96,23.1,Port Harcourt
2010-10-27,27.2,23.7,25.0,21.5,8.7,8.32,92,1010.2,94,23.6,Port Harcourt
2010-10-28,29.0,22.8,25.3,6.3,10.6,14.78,90,1010.0,94,23.4,Port Harcourt
2010-10-29,29.7,23.1,25.9,5.6,9.9,16.65,87,1009.3,92,23.3,Port Harcourt
2010-10-30,28.9,23.9,26.1,1.7,11.3,12.3,89,1009.5,98,24.1,Port Harcourt
2010-10-31,28.1,24.5,25.7,5.0,11.2,10.96,89,1010.9,99,23.7,Port Harcourt
2010-11-01,29.0,23.1,25.4,5.3,10.1,13.08,90,1010.1,96,23.5,Port Harcourt
2010-11-02,29.6,22.9,25.6,9.4,6.8,15.65,90,1009.3,96,23.6,Port Harcourt
2010-11-03,31.1,23.2,26.6,0.8,9.9,19.72,84,1008.2,64,23.4,Port Harcourt
2010-11-04,30.0,24.1,26.5,7.6,10.8,17.7,88,1009.2,77,24.2,Port Harcourt
2010-11-05,27.7,24.2,25.8,9.6,7.9,12.85,92,1009.9,96,24.3,Port Harcourt
2010-11-06,29.7,23.5,25.5,19.1,8.0,15.07,91,1010.1,95,23.8,Port Harcourt
2010-11-07,26.9,23.6,24.9,16.7,11.7,9.99,94,1010.5,100,23.8,Port Harcourt
2010-11-08,30.4,23.2,25.8,8.6,7.3,18.73,91,1009.6,76,24.1,Port Harcourt
2010-11-09,29.9,23.9,26.6,2.4,11.9,19.07,86,1008.1,38,23.9,Port Harcourt
2010-11-10,29.2,24.1,25.9,8.1,12.9,15.64,89,1009.7,94,24.0,Port Harcourt
2010-11-11,29.1,23.7,25.5,11.8,7.6,11.06,91,1010.8,99,24.0,Port Harcourt
2010-11-12,29.1,23.2,25.6,5.1,10.5,10.7,91,1009.2,98,23.9,Port Harcourt
2010-11-13,29.0,23.6,25.8,2.7,14.3,15.72,88,1007.7,82,23.5,Port Harcourt
2010-11-14,27.5,23.8,25.1,1.2,7.6,8.76,89,1009.5,87,23.1,Port Harcourt
2010-11-15,30.9,23.0,26.3,3.4,10.7,19.51,87,1010.2,36,23.8,Port Harcourt
2010-11-16,29.2,23.6,25.5,11.9,12.6,11.24,90,1011.0,100,23.7,Port Harcourt
2010-11-17,30.3,23.6,26.0,2.3,10.6,15.97,85,1009.4,98,23.2,Port Harcourt
2010-11-18,29.8,23.6,26.0,2.1,10.1,17.37,87,1009.0,95,23.7,Port Harcourt
2010-11-19,29.5,23.2,26.1,3.1,9.2,18.22,88,1009.1,53,23.9,Port Harcourt
2010-11-20,28.0,24.0,25.6,13.4,10.9,13.84,90,1009.3,66,23.9,Port Harcourt
2010-11-21,26.6,23.6,25.0,27.3,12.8,10.53,92,1008.2,90,23.7,Port Harcourt
2010-11-22,29.6,23.7,25.9,3.7,10.5,15.13,87,1007.6,97,23.5,Port Harcourt
2010-11-23,29.8,22.8,25.7,5.3,11.6,17.47,89,1007.8,77,23.7,Port Harcourt
2010-11-24,30.3,22.9,26.0,1.6,8.4,16.66,87,1007.9,75,23.6,Port Harcourt
2010-11-25,30.0,23.8,26.1,3.4,9.0,15.28,89,1007.9,87,23.9,Port Harcourt
2010-11-26,29.5,23.9,25.8,4.0,9.8,13.11,88,1008.4,95,23.6,Port Harcourt
2010-11-27,28.4,23.1,25.5,7.0,10.1,10.75,91,1008.9,94,23.7,Port Harcourt
2010-11-28,29.9,23.7,26.0,5.8,9.1,14.93,87,1009.9,86,23.6,Port Harcourt
2010-11-29,30.7,23.6,26.3,3.9,9.5,17.49,87,1009.0,51,23.9,Port Harcourt
2010-11-30,29.3,24.1,26.1,3.7,12.0,15.95,89,1009.0,52,24.2,Port Harcourt
2010-12-01,30.7,23.3,26.6,1.4,8.7,19.05,84,1008.0,32,23.5,Port Harcourt
2010-12-02,30.1,23.5,26.3,2.5,10.0,17.77,87,1007.8,24,23.7,Port Harcourt
2010-12-03,29.6,24.1,26.3,1.2,12.4,15.7,87,1008.8,45,23.9,Port Harcourt
2010-12-04,29.7,23.2,26.1,4.6,8.7,16.66,89,1008.8,69,24.0,Port Harcourt
2010-12-05,28.0,24.2,25.8,5.7,10.7,11.18,90,1009.5,97,23.9,Port Harcourt
2010-12-06,29.8,23.8,25.8,9.5,9.0,16.26,87,1009.5,67,23.4,Port Harcourt
2010-12-07,30.2,23.2,25.8,2.4,9.4,16.72,87,1009.1,83,23.3,Port Harcourt
2010-12-08,30.8,22.7,26.3,0.0,10.8,19.36,83,1009.5,28,22.7,Port Harcourt
2010-12-09,31.3,22.9,26.8,0.0,10.0,20.11,81,1009.2,63,22.8,Port Harcourt
2010-12-10,31.7,23.3,27.1,0.0,9.1,20.33,80,1009.2,11,22.9,Port Harcourt
2010-12-11,32.1,23.6,27.2,0.0,10.2,20.77,79,1007.4,7,22.7,Port Harcourt
2010-12-12,31.7,23.3,27.0,0.2,10.0,18.46,80,1006.1,14,22.9,Port Harcourt
2010-12-13,31.2,23.5,27.0,0.6,11.7,18.52,82,1006.2,42,23.4,Port Harcourt
2010-12-14,31.5,23.7,27.2,0.8,9.4,18.48,82,1007.4,54,23.5,Port Harcourt
2010-12-15,31.2,24.5,27.1,2.7,8.7,18.24,84,1008.2,41,24.0,Port Harcourt
2010-12-16,30.9,24.5,26.8,3.4,9.3,16.98,86,1007.4,74,24.1,Port Harcourt
2010-12-17,31.6,24.0,27.2,0.1,12.2,17.78,81,1006.4,64,23.4,Port Harcourt
2010-12-18,30.7,24.6,27.2,1.1,11.4,17.52,85,1007.0,89,24.2,Port Harcourt
2010-12-19,30.7,24.7,27.0,0.5,10.6,15.94,86,1008.6,74,24.3,Port Harcourt
2010-12-20,31.8,24.1,27.3,0.7,13.0,17.59,81,1009.3,80,23.4,Port Harcourt
2010-12-21,31.1,23.5,26.7,2.2,11.3,16.47,86,1008.8,68,24.0,Port Harcourt
2010-12-22,31.4,23.8,26.7,1.4,13.6,18.56,82,1008.8,73,23.1,Port Harcourt
2010-12-23,31.7,23.3,27.1,0.0,10.4,18.91,80,1008.3,63,22.9,Port Harcourt
2010-12-24,31.7,24.1,27.2,0.0,11.2,18.6,80,1008.0,17,23.1,Port Harcourt
2010-12-25,31.8,23.9,27.1,1.2,15.1,17.85,82,1008.7,28,23.4,Port Harcourt
2010-12-26,30.6,23.6,26.6,0.9,11.7,17.3,83,1009.1,92,23.4,Port Harcourt
2010-12-27,30.8,23.6,26.8,0.4,8.4,15.33,82,1008.2,89,23.2,Port Harcourt
2010-12-28,30.9,24.7,26.8,6.5,11.9,16.12,85,1007.5,71,24.0,Port Harcourt
2010-12-29,30.1,24.3,26.4,3.5,8.7,17.73,86,1007.8,57,23.9,Port Harcourt
2010-12-30,32.2,23.2,26.7,0.0,13.4,20.41,78,1008.2,50,21.5,Port Harcourt
2010-12-31,32.0,23.4,26.5,0.0,9.7,21.67,71,1007.1,52,19.6,Port Harcourt
2011-01-01,32.5,21.3,26.4,0.0,12.6,22.47,73,1006.7,50,20.3,Port Harcourt
2011-01-02,31.8,23.6,27.1,0.0,12.7,20.18,78,1006.4,87,22.5,Port Harcourt
2011-01-03,31.8,23.9,27.0,0.6,14.7,18.27,82,1006.7,80,23.5,Port Harcourt
2011-01-04,31.4,24.0,27.2,1.3,12.9,18.29,83,1007.3,76,23.9,Port Harcourt
2011-01-05,30.2,24.3,26.6,5.4,11.3,15.48,86,1007.9,71,23.9,Port Harcourt
2011-01-06,32.4,23.6,27.3,0.0,13.6,18.89,79,1008.2,81,22.9,Port Harcourt
2011-01-07,33.1,23.8,27.5,0.0,10.9,21.88,77,1008.8,48,22.2,Port Harcourt
2011-01-08,32.1,24.5,27.2,0.0,11.2,20.46,77,1008.4,66,22.2,Port Harcourt
2011-01-09,32.7,23.0,27.1,0.0,12.0,22.24,73,1007.9,57,20.8,Port Harcourt
2011-01-10,33.3,22.5,27.1,0.0,12.0,23.12,72,1009.5,47,20.3,Port Harcourt
2011-01-11,34.3,22.7,27.2,0.0,11.6,22.99,66,1008.9,73,18.4,Port Harcourt
2011-01-12,33.2,22.1,27.0,0.0,16.3,22.62,74,1009.2,45,21.0,Port Harcourt
2011-01-13,32.8,23.5,27.6,0.0,12.8,19.97,74,1008.5,58,21.9,Port Harcourt
2011-01-14,32.0,23.0,27.2,2.3,12.9,17.87,78,1008.5,48,22.7,Port Harcourt
2011-01-15,34.2,23.0,27.6,0.1,11.5,23.2,70,1008.6,10,19.9,Port Harcourt
2011-01-16,33.9,22.4,27.1,0.0,12.6,22.9,60,1009.2,23,15.6,Port Harcourt
2011-01-17,34.4,21.1,27.1,0.0,14.5,22.33,51,1008.8,51,13.2,Port Harcourt
2011-01-18,34.4,21.4,27.2,0.0,12.2,23.9,51,1007.6,21,14.0,Port Harcourt
2011-01-19,33.8,20.9,27.1,0.0,13.1,23.54,66,1007.2,36,18.9,Port Harcourt
2011-01-20,33.7,23.0,27.4,0.0,16.6,23.11,68,1006.7,62,19.9,Port Harcourt
2011-01-21,33.4,23.0,27.5,0.0,14.1,21.48,71,1006.4,99,21.0,Port Harcourt
2011-01-22,32.8,23.6,27.6,0.2,12.2,20.14,73,1006.7,95,21.9,Port Harcourt
2011-01-23,34.0,23.9,28.1,0.0,17.7,21.24,75,1006.2,95,22.7,Port Harcourt
2011-01-24,32.7,24.2,28.0,0.0,15.2,18.72,75,1007.0,84,22.6,Port Harcourt
2011-01-25,32.6,24.5,27.9,1.1,15.1,18.77,76,1007.9,63,23.0,Port Harcourt
2011-01-26,31.5,24.8,27.5,1.8,13.5,18.51,80,1008.1,91,23.6,Port Harcourt
2011-01-27,31.9,24.3,27.4,1.2,13.8,17.29,79,1008.3,76,23.2,Port Harcourt
2011-01-28,33.6,24.2,28.2,0.2,16.9,20.32,75,1008.9,64,22.8,Port Harcourt
2011-01-29,31.7,24.9,27.8,2.4,14.3,17.86,80,1009.9,59,23.7,Port Harcourt
2011-01-30,31.2,24.9,27.5,1.8,12.3,18.16,83,1009.3,72,24.1,Port Harcourt
2011-01-31,32.1,24.9,27.5,2.0,13.6,18.51,82,1009.1,82,23.8,Port Harcourt
2011-02-01,31.5,24.3,27.1,2.3,15.6,17.78,82,1009.1,69,23.5,Port Harcourt
2011-02-02,30.9,24.8,27.0,3.5,13.7,17.3,82,1009.8,83,23.4,Port Harcourt
2011-02-03,30.4,24.6,26.6,6.5,14.2,15.21,86,1009.2,92,23.9,Port Harcourt
2011-02-04,29.2,24.2,26.2,11.0,9.5,14.64,87,1009.1,97,23.8,Port Harcourt
2011-02-05,28.7,23.2,25.3,10.6,9.2,11.91,91,1008.9,100,23.7,Port Harcourt
2011-02-06,29.5,23.8,25.8,6.1,13.0,12.78,87,1009.6,99,23.5,Port Harcourt
2011-02-07,30.4,23.2,26.2,6.4,10.5,15.69,86,1009.8,77,23.7,Port Harcourt
2011-02-08,30.6,23.7,26.5,5.4,11.2,16.95,85,1008.3,91,23.6,Port Harcourt
2011-02-09,30.5,23.7,26.3,5.0,10.2,17.4,86,1008.1,72,23.6,Port Harcourt
2011-02-10,30.9,24.3,26.6,5.9,14.3,18.14,85,1008.8,97,23.6,Port Harcourt
2011-02-11,30.8,23.9,26.7,1.0,10.5,15.68,84,1009.6,93,23.5,Port Harcourt
2011-02-12,30.7,24.8,27.1,2.1,13.2,16.9,84,1009.3,96,24.0,Port Harcourt
2011-02-13,30.1,24.3,26.4,5.7,13.2,15.95,85,1010.0,91,23.7,Port Harcourt
2011-02-14,29.8,24.0,26.2,8.3,9.9,15.2,87,1009.7,94,23.8,Port Harcourt
2011-02-15,31.2,23.9,26.2,6.4,10.0,14.59,88,1008.4,92,23.8,Port Harcourt
2011-02-16,30.6,24.3,26.7,2.1,10.3,17.02,86,1007.9,78,24.0,Port Harcourt
2011-02-17,31.5,24.3,27.1,2.9,10.9,19.02,84,1007.9,48,23.9,Port Harcourt
2011-02-18,30.8,24.4,26.8,3.2,10.5,18.0,85,1008.1,77,23.9,Port Harcourt
2011-02-19,31.8,24.3,26.9,2.7,15.5,17.66,84,1008.3,99,23.8,Port Harcourt
2011-02-20,31.5,24.6,27.4,1.4,10.5,18.06,84,1009.2,93,24.2,Port Harcourt
2011-02-21,31.1,24.5,27.0,6.3,11.7,18.07,87,1009.3,74,24.4,Port Harcourt
2011-02-22,28.9,23.9,25.3,16.6,11.5,10.52,91,1009.3,100,23.6,Port Harcourt
2011-02-23,29.0,23.5,26.0,3.6,14.4,14.82,87,1009.4,94,23.5,Port Harcourt
2011-02-24,30.9,23.7,26.8,2.7,9.7,18.69,85,1009.0,79,23.9,Port Harcourt
2011-02-25,29.1,23.9,25.9,8.1,9.0,14.88,89,1008.0,94,23.9,Port Harcourt
2011-02-26,30.8,23.7,26.4,6.9,9.1,19.16,87,1006.8,79,23.8,Port Harcourt
2011-02-27,31.5,23.5,26.7,1.8,11.8,19.41,85,1007.2,63,23.7,Port Harcourt
2011-02-28,31.9,24.3,27.1,1.9,13.0,18.94,84,1007.3,99,24.0,Port Harcourt
2011-03-01,29.0,25.0,26.5,4.1,14.5,14.99,86,1008.0,98,23.9,Port Harcourt
2011-03-02,30.3,23.8,26.8,1.2,11.6,16.23,83,1008.7,99,23.5,Port Harcourt
2011-03-03,30.3,24.1,27.1,2.3,10.2,18.89,83,1008.0,94,23.8,Port Harcourt
2011-03-04,29.4,24.3,26.7,3.1,11.0,16.67,84,1009.0,75,23.7,Port Harcourt
2011-03-05,30.7,24.0,26.8,2.1,9.4,18.39,84,1008.7,44,23.8,Port Harcourt
2011-03-06,31.0,24.8,27.1,2.7,10.4,17.97,87,1007.5,65,24.6,Port Harcourt
2011-03-07,30.7,24.6,27.4,1.6,10.5,17.95,84,1006.9,98,24.4,Port Harcourt
2011-03-08,31.7,25.1,27.7,2.2,13.5,20.57,83,1006.7,83,24.5,Port Harcourt
2011-03-09,31.4,24.6,27.5,1.9,14.4,19.44,83,1007.3,97,24.2,Port Harcourt
2011-03-10,31.7,25.1,27.7,0.9,11.3,19.81,84,1008.0,89,24.6,Port Harcourt
2011-03-11,31.3,25.1,27.7,1.3,12.2,19.8,84,1007.5,95,24.7,Port Harcourt
2011-03-12,31.6,24.9,27.6,3.1,12.8,19.03,84,1006.9,89,24.6,Port Harcourt
2011-03-13,31.6,25.5,27.8,2.0,10.9,19.79,84,1006.5,86,24.8,Port Harcourt
2011-03-14,30.1,25.3,26.9,5.0,10.8,18.04,86,1008.0,86,24.3,Port Harcourt
2011-03-15,32.1,24.8,27.6,1.9,13.8,20.77,82,1008.3,47,24.1,Port Harcourt
2011-03-16,31.5,24.6,27.4,1.7,12.8,20.48,83,1008.2,64,24.2,Port Harcourt
2011-03-17,30.9,24.7,26.9,2.1,13.0,18.86,86,1008.1,91,24.2,Port Harcourt
2011-03-18,31.4,24.6,27.1,2.7,12.1,19.14,83,1008.6,93,23.8,Port Harcourt
2011-03-19,30.1,24.1,26.5,7.3,15.3,17.96,87,1008.3,81,24.1,Port Harcourt
2011-03-20,31.4,24.3,27.1,2.1,11.5,17.79,83,1008.1,98,23.8,Port Harcourt
2011-03-21,30.9,24.4,27.0,11.1,14.3,19.07,87,1008.1,86,24.4,Port Harcourt
2011-03-22,30.4,24.6,26.7,9.3,8.9,16.59,87,1008.6,61,24.3,Port Harcourt
2011-03-23,29.7,23.7,25.9,10.6,11.6,11.69,89,1009.0,97,23.8,Port Harcourt
2011-03-24,29.1,24.5,26.1,4.5,12.0,10.29,89,1008.8,100,24.1,Port Harcourt
2011-03-25,30.3,24.7,26.8,5.3,13.2,16.29,85,1009.6,97,24.0,Port Harcourt
2011-03-26,32.4,23.5,27.6,0.2,10.6,22.66,80,1008.7,58,23.5,Port Harcourt
2011-03-27,29.3,25.3,26.9,11.2,9.8,13.64,86,1010.0,99,24.2,Port Harcourt
2011-03-28,30.5,25.0,27.1,5.4,9.2,15.29,87,1009.5,91,24.6,Port Harcourt
2011-03-29,31.2,24.9,27.6,1.7,13.1,19.73,83,1009.3,89,24.3,Port Harcourt
2011-03-30,31.4,25.4,27.5,4.1,13.2,20.44,84,1009.3,82,24.3,Port Harcourt
2011-03-31,31.7,24.6,27.6,1.7,12.6,20.17,83,1009.0,80,24.3,Port Harcourt
2011-04-01,30.6,25.1,26.9,10.6,13.4,19.18,87,1009.1,53,24.6,Port Harcourt
2011-04-02,28.9,24.7,26.5,8.6,13.8,14.95,89,1009.6,73,24.4,Port Harcourt
2011-04-03,30.7,24.1,27.0,1.6,12.1,17.28,86,1008.5,71,24.2,Port Harcourt
2011-04-04,28.4,24.0,25.8,6.8,10.1,9.43,91,1009.4,99,24.0,Port Harcourt
2011-04-05,31.8,23.7,27.2,0.0,11.0,22.24,78,1009.6,51,22.6,Port Harcourt
2011-04-06,30.9,24.5,27.6,0.0,11.8,19.95,80,1009.0,46,23.6,Port Harcourt
2011-04-07,31.1,25.0,27.5,6.1,12.4,19.93,83,1008.3,81,24.2,Port Harcourt
2011-04-08,31.0,25.0,27.3,3.3,13.0,20.15,86,1008.8,94,24.6,Port Harcourt
2011-04-09,30.7,24.7,27.0,10.9,8.4,19.65,88,1010.0,89,24.8,Port Harcourt
2011-04-10,31.7,24.3,27.3,2.0,9.2,20.39,85,1009.1,76,24.2,Port Harcourt
2011-04-11,31.1,24.7,27.3,7.2,9.5,19.0,86,1007.8,93,24.7,Port Harcourt
2011-04-12,29.3,25.4,26.9,9.0,14.2,14.76,89,1007.8,99,24.9,Port Harcourt
2011-04-13,30.6,25.1,27.5,2.0,11.8,15.84,85,1008.1,98,24.7,Port Harcourt
2011-04-14,29.9,25.4,27.0,6.0,11.1,14.22,86,1007.9,97,24.4,Port Harcourt
2011-04-15,30.0,24.8,26.7,5.2,11.3,14.59,88,1006.8,100,24.5,Port Harcourt
2011-04-16,31.4,24.5,27.3,2.8,9.7,20.38,85,1006.2,99,24.4,Port Harcourt
2011-04-17,30.4,25.2,27.5,7.1,10.0,16.66,84,1007.1,96,24.5,Port Harcourt
2011-04-18,29.5,24.4,26.3,11.1,11.6,10.92,89,1008.1,100,24.2,Port Harcourt
2011-04-19,31.0,25.0,26.6,12.0,9.1,15.89,89,1007.2,99,24.5,Port Harcourt
2011-04-20,29.7,24.7,26.3,10.3,12.8,14.59,89,1007.4,99,24.3,Port Harcourt
2011-04-21,30.0,24.3,26.4,1.6,10.0,13.17,88,1008.4,97,24.1,Port Harcourt
2011-04-22,30.0,23.9,26.3,10.5,8.7,15.0,89,1007.6,97,24.2,Port Harcourt
2011-04-23,27.9,23.7,25.6,17.6,12.2,13.06,94,1007.8,97,24.5,Port Harcourt
2011-04-24,30.2,24.1,26.3,7.2,10.8,17.53,88,1008.8,99,24.1,Port Harcourt
2011-04-25,30.2,23.9,26.7,5.4,5.9,15.81,88,1009.1,99,24.3,Port Harcourt
2011-04-26,30.5,24.4,26.9,4.2,12.5,19.25,85,1008.8,82,24.1,Port Harcourt
2011-04-27,31.9,24.3,27.6,0.5,14.3,23.67,81,1008.9,47,23.8,Port Harcourt
2011-04-28,29.4,24.5,26.4,5.8,13.0,13.35,89,1009.5,98,24.4,Port Harcourt
2011-04-29,29.2,24.1,26.2,9.4,14.1,14.44,90,1009.0,99,24.2,Port Harcourt
2011-04-30,31.1,24.1,26.8,2.4,12.8,18.94,86,1008.4,93,24.2,Port Harcourt
2011-05-01,30.5,24.0,26.8,3.9,10.7,19.11,87,1009.2,97,24.4,Port Harcourt
2011-05-02,29.5,24.6,26.9,6.9,10.5,16.44,88,1010.0,99,24.6,Port Harcourt
2011-05-03,29.3,24.1,26.2,11.0,8.4,13.33,90,1010.6,99,24.4,Port Harcourt
2011-05-04,30.5,24.4,26.8,5.5,9.3,16.12,87,1010.1,100,24.4,Port Harcourt
2011-05-05,30.4,24.9,27.2,3.5,9.4,17.55,89,1009.3,97,25.3,Port Harcourt
2011-05-06,30.7,24.4,27.3,4.2,9.0,19.49,89,1009.3,96,25.3,Port Harcourt
2011-05-07,30.8,25.4,27.5,2.4,12.1,19.09,88,1008.7,77,25.2,Port Harcourt
2011-05-08,30.1,24.5,26.5,11.0,12.4,15.0,90,1007.9,91,24.7,Port Harcourt
2011-05-09,30.3,24.4,26.5,9.4,11.5,14.89,89,1008.2,98,24.5,Port Harcourt
2011-05-10,28.8,24.8,25.9,17.0,9.2,9.45,91,1009.0,100,24.4,Port Harcourt
2011-05-11,27.8,24.1,25.9,15.3,9.3,13.52,93,1009.3,99,24.7,Port Harcourt
2011-05-12,27.9,24.2,25.8,11.8,8.4,10.12,91,1008.6,99,24.2,Port Harcourt
2011-05-13,30.3,24.0,26.6,6.9,12.1,17.5,89,1008.5,94,24.6,Port Harcourt
2011-05-14,30.4,24.0,26.7,5.1,8.5,14.1,88,1008.3,99,24.3,Port Harcourt
2011-05-15,29.0,24.6,26.3,12.0,12.1,14.09,90,1008.1,99,24.5,Port Harcourt
2011-05-16,30.8,24.5,26.9,2.0,9.7,17.52,87,1008.2,99,24.5,Port Harcourt
2011-05-17,29.7,24.7,26.9,2.9,10.8,15.46,88,1009.1,98,24.7,Port Harcourt
2011-05-18,29.3,24.6,26.2,17.1,11.1,13.74,90,1009.6,99,24.3,Port Harcourt
2011-05-19,29.5,24.1,26.2,6.9,11.6,15.49,88,1009.9,97,24.1,Port Harcourt
2011-05-20,28.1,23.9,25.6,17.9,11.9,10.66,91,1010.3,100,24.0,Port Harcourt
2011-05-21,29.3,23.6,25.7,13.9,14.4,14.13,89,1010.3,98,23.8,Port Harcourt
2011-05-22,27.3,23.6,25.1,13.3,14.0,9.82,92,1011.0,94,23.6,Port Harcourt
2011-05-23,29.8,23.2,25.8,4.4,12.8,19.67,87,1011.7,76,23.5,Port Harcourt
2011-05-24,29.2,23.3,25.7,6.5,11.7,16.97,89,1012.5,81,23.6,Port Harcourt
2011-05-25,29.2,24.0,26.0,6.5,13.4,15.64,87,1012.1,92,23.6,Port Harcourt
2011-05-26,29.2,24.2,26.0,7.6,11.6,16.34,86,1012.3,95,23.4,Port Harcourt
2011-05-27,29.2,23.1,25.9,3.2,9.7,15.84,88,1011.9,91,23.6,Port Harcourt
2011-05-28,29.2,24.2,25.9,5.0,11.1,15.12,88,1011.9,97,23.8,Port Harcourt
2011-05-29,28.5,23.3,25.3,11.9,9.0,12.24,91,1011.6,98,23.6,Port Harcourt
2011-05-30,28.9,23.5,25.7,5.1,10.1,15.25,89,1012.0,94,23.8,Port Harcourt
2011-05-31,28.7,23.4,25.7,5.0,13.4,12.15,89,1011.8,90,23.6,Port Harcourt
2011-06-01,28.8,24.3,26.2,3.9,12.2,15.08,86,1010.8,86,23.5,Port Harcourt
2011-06-02,29.1,24.6,26.1,5.3,6.5,13.74,89,1010.0,80,24.1,Port Harcourt
2011-06-03,29.5,24.1,26.0,8.7,10.5,14.85,90,1010.0,88,24.1,Port Harcourt
2011-06-04,25.0,24.1,24.6,48.2,8.9,3.53,96,1010.6,100,23.9,Port Harcourt
2011-06-05,29.4,23.6,26.1,4.3,6.9,14.5,88,1011.3,99,23.8,Port Harcourt
2011-06-06,30.4,24.4,26.7,2.7,7.6,16.75,86,1011.0,98,24.0,Port Harcourt
2011-06-07,29.1,24.3,26.0,9.6,12.6,12.62,90,1010.9,92,24.1,Port Harcourt
2011-06-08,29.4,24.2,25.9,7.7,10.2,15.2,90,1012.0,99,24.1,Port Harcourt
2011-06-09,25.5,23.6,24.5,57.3,11.3,4.95,94,1013.6,99,23.4,Port Harcourt
2011-06-10,27.6,23.3,25.2,6.3,9.4,13.02,89,1013.4,99,23.2,Port Harcourt
2011-06-11,26.5,23.6,24.8,14.7,13.1,10.84,92,1013.4,97,23.5,Port Harcourt
2011-06-12,29.2,23.2,25.6,8.4,10.2,17.57,87,1013.9,75,23.1,Port Harcourt
2011-06-13,29.7,22.7,26.1,1.1,9.4,16.02,84,1013.7,68,23.0,Port Harcourt
2011-06-14,28.4,24.1,25.7,5.1,11.4,13.45,89,1012.3,89,23.7,Port Harcourt
2011-06-15,28.5,23.8,25.5,5.3,8.9,12.14,89,1011.8,93,23.4,Port Harcourt
2011-06-16,28.3,24.0,25.6,5.4,14.0,14.1,88,1011.4,70,23.3,Port Harcourt
2011-06-17,27.9,23.5,24.9,13.5,10.9,10.22,92,1011.8,96,23.6,Port Harcourt
2011-06-18,28.1,23.3,24.6,21.5,8.2,11.11,94,1012.3,96,23.6,Port Harcourt
2011-06-19,27.8,22.7,24.8,9.1,10.1,11.09,91,1012.0,88,23.1,Port Harcourt
2011-06-20,29.1,23.0,25.2,5.1,9.9,14.12,90,1011.1,93,23.3,Port Harcourt
2011-06-21,27.3,23.4,24.7,8.9,11.6,9.83,91,1012.4,99,23.2,Port Harcourt
2011-06-22,27.8,23.2,24.9,11.7,10.7,13.06,91,1012.9,98,23.3,Port Harcourt
2011-06-23,26.7,22.9,24.4,14.8,7.8,9.0,93,1011.8,99,23.2,Port Harcourt
2011-06-24,25.5,23.0,24.0,52.0,10.5,5.91,94,1012.1,91,23.0,Port Harcourt
2011-06-25,27.6,22.5,24.7,6.7,8.4,13.68,90,1012.6,80,22.9,Port Harcourt
2011-06-26,27.7,23.2,24.8,9.4,11.1,13.89,89,1012.7,97,22.8,Port Harcourt
2011-06-27,28.7,22.5,25.1,1.4,15.0,18.5,88,1012.5,83,22.8,Port Harcourt
2011-06-28,28.2,23.2,25.1,2.7,11.4,15.05,88,1012.3,88,22.9,Port Harcourt
2011-06-29,28.4,23.1,25.0,5.9,10.1,13.76,87,1012.4,90,22.7,Port Harcourt
2011-06-30,27.6,23.2,24.9,6.3,7.6,13.85,89,1012.2,88,22.9,Port Harcourt
2011-07-01,27.6,22.9,24.9,3.7,9.4,10.98,89,1012.3,89,23.0,Port Harcourt
2011-07-02,29.0,23.3,25.3,4.5,11.4,13.78,89,1011.4,99,23.2,Port Harcourt
2011-07-03,27.2,23.0,24.5,11.0,11.2,9.53,91,1011.6,96,22.9,Port Harcourt
2011-07-04,29.1,22.3,25.3,2.8,9.8,16.61,88,1012.2,83,23.0,Port Harcourt
2011-07-05,29.5,24.0,25.5,3.1,11.5,12.97,88,1013.2,90,23.3,Port Harcourt
2011-07-06,28.8,23.6,25.2,3.7,12.1,12.6,88,1012.4,97,23.1,Port Harcourt
2011-07-07,27.7,23.5,25.3,6.0,9.7,15.05,90,1011.8,98,23.4,Port Harcourt
2011-07-08,29.1,23.9,25.5,4.6,10.6,16.68,87,1011.3,92,23.2,Port Harcourt
2011-07-09,27.3,23.4,24.6,23.4,14.7,9.49,92,1012.1,99,23.1,Port Harcourt
2011-07-10,24.4,22.9,23.5,39.3,16.0,5.36,97,1013.1,100,22.9,Port Harcourt
2011-07-11,26.9,22.5,23.9,13.7,6.9,10.07,93,1013.6,95,22.7,Port Harcourt
2011-07-12,28.8,21.6,24.3,11.6,10.6,17.98,89,1012.8,66,22.2,Port Harcourt
2011-07-13,28.2,22.4,24.8,5.4,11.6,15.72,88,1012.1,68,22.5,Port Harcourt
2011-07-14,29.2,23.0,24.6,10.5,9.4,14.89,89,1011.8,78,22.7,Port Harcourt
2011-07-15,27.6,22.5,24.2,5.3,6.0,10.86,92,1012.5,98,22.7,Port Harcourt
2011-07-16,29.2,22.2,24.7,5.3,9.1,18.2,89,1012.6,94,22.7,Port Harcourt
2011-07-17,27.9,22.5,24.6,8.4,9.8,13.94,90,1012.8,86,22.8,Port Harcourt
2011-07-18,29.1,22.1,25.1,4.0,12.6,19.51,87,1012.5,60,22.7,Port Harcourt
2011-07-19,30.2,23.5,26.0,3.2,10.7,18.58,84,1012.7,84,22.9,Port Harcourt
2011-07-20,27.1,23.3,24.5,13.9,9.0,7.37,92,1013.0,98,23.1,Port Harcourt
2011-07-21,27.1,23.0,24.5,13.5,14.8,10.27,90,1013.3,98,22.8,Port Harcourt
2011-07-22,27.8,22.6,24.8,1.0,11.5,13.77,88,1013.9,94,22.7,Port Harcourt
2011-07-23,29.7,23.0,25.3,6.5,10.4,17.65,88,1014.0,66,23.1,Port Harcourt
2011-07-24,27.2,23.2,24.4,9.6,14.2,9.81,90,1013.9,88,22.6,Port Harcourt
2011-07-25,27.4,22.8,24.2,8.5,14.8,12.92,88,1012.6,98,22.1,Port Harcourt
2011-07-26,26.5,23.2,24.6,0.3,13.8,11.09,82,1011.7,96,21.2,Port Harcourt
2011-07-27,25.8,22.9,23.9,11.2,15.2,8.45,88,1012.3,93,21.8,Port Harcourt
2011-07-28,26.0,22.7,23.7,5.8,11.5,6.27,92,1011.8,100,22.4,Port Harcourt
2011-07-29,26.4,22.7,24.1,3.3,14.1,7.63,90,1011.1,100,22.3,Port Harcourt
2011-07-30,25.5,23.0,23.9,9.3,8.6,5.72,93,1011.6,99,22.7,Port Harcourt
2011-07-31,28.0,22.9,24.7,1.3,14.5,13.0,89,1011.2,86,22.7,Port Harcourt
2011-08-01,28.1,23.0,24.7,6.3,10.5,10.86,88,1010.5,93,22.6,Port Harcourt
2011-08-02,27.9,23.0,24.6,8.8,11.8,10.96,92,1011.1,97,23.2,Port Harcourt
2011-08-03,27.0,23.6,24.9,1.0,14.5,8.16,89,1012.0,98,22.9,Port Harcourt
2011-08-04,27.7,23.4,24.6,6.6,15.4,9.64,91,1013.7,100,23.1,Port Harcourt
2011-08-05,26.6,23.0,23.9,24.3,16.4,8.79,95,1013.2,99,23.0,Port Harcourt
2011-08-06,24.7,22.6,23.3,31.4,17.1,5.09,96,1013.1,100,22.7,Port Harcourt
2011-08-07,27.1,22.7,24.7,3.9,13.0,14.91,88,1013.0,89,22.5,Port Harcourt
2011-08-08,29.4,23.2,25.0,1.9,9.5,16.2,86,1013.4,70,22.3,Port Harcourt
2011-08-09,28.2,22.4,24.9,1.0,10.2,13.62,88,1012.7,81,22.7,Port Harcourt
2011-08-10,28.2,23.5,25.0,1.9,11.3,12.12,85,1012.3,92,22.3,Port Harcourt
2011-08-11,27.6,23.0,24.5,10.4,12.3,12.22,90,1012.1,96,22.6,Port Harcourt
2011-08-12,27.7,22.6,24.6,3.4,13.7,14.8,89,1011.5,95,22.6,Port Harcourt
2011-08-13,28.4,23.0,24.3,12.0,14.2,12.99,91,1011.1,98,22.6,Port Harcourt
2011-08-14,27.1,22.0,24.2,3.3,10.8,10.93,88,1011.8,96,22.0,Port Harcourt
2011-08-15,29.2,22.4,25.0,3.8,10.8,20.08,87,1011.7,85,22.5,Port Harcourt
2011-08-16,28.4,23.3,25.2,1.4,14.2,18.61,85,1011.7,66,22.5,Port Harcourt
2011-08-17,28.5,22.5,25.2,2.0,13.0,17.98,82,1011.8,97,21.8,Port Harcourt
2011-08-18,27.8,23.4,25.1,5.1,15.5,16.62,84,1011.6,97,22.1,Port Harcourt
2011-08-19,29.3,22.2,24.7,5.6,9.8,17.05,86,1011.9,90,22.1,Port Harcourt
2011-08-20,28.7,21.6,24.7,5.9,9.8,16.26,89,1011.7,89,22.7,Port Harcourt
2011-08-21,26.7,22.9,24.0,20.6,10.8,7.51,94,1011.9,96,23.0,Port Harcourt
2011-08-22,26.0,22.4,23.7,20.9,15.6,8.78,94,1012.6,97,22.7,Port Harcourt
2011-08-23,24.9,22.7,23.4,32.6,10.0,5.79,97,1013.4,99,23.0,Port Harcourt
2011-08-24,29.5,22.9,25.2,5.0,11.5,17.28,88,1013.5,83,23.0,Port Harcourt
2011-08-25,28.5,22.8,25.0,8.4,14.6,15.17,86,1013.5,89,22.5,Port Harcourt
2011-08-26,25.9,22.7,23.8,20.7,11.8,8.64,93,1013.8,100,22.6,Port Harcourt
2011-08-27,26.3,22.5,24.1,7.5,9.3,10.4,92,1014.2,96,22.7,Port Harcourt
2011-08-28,28.1,22.5,24.4,8.1,12.3,14.86,90,1013.6,97,22.5,Port Harcourt
2011-08-29,27.1,22.2,24.3,7.1,10.9,11.32,91,1013.1,96,22.7,Port Harcourt
2011-08-30,25.5,22.6,23.5,15.5,10.6,7.59,96,1013.4,99,22.7,Port Harcourt
2011-08-31,25.8,22.5,23.5,20.6,10.4,6.0,96,1014.1,100,22.8,Port Harcourt
2011-09-01,27.8,22.4,24.4,6.9,9.8,11.32,91,1014.4,95,22.7,Port Harcourt
2011-09-02,28.7,22.4,25.3,1.7,11.1,17.7,86,1012.8,70,22.7,Port Harcourt
2011-09-03,26.6,23.4,24.8,6.0,13.3,11.02,89,1011.9,93,22.8,Port Harcourt
2011-09-04,23.9,23.1,23.6,27.1,16.1,2.79,96,1012.3,100,23.0,Port Harcourt
2011-09-05,29.2,22.3,24.7,6.1,9.4,17.29,91,1012.6,92,23.0,Port Harcourt
2011-09-06,28.7,22.2,25.1,4.1,11.5,17.7,90,1012.6,74,23.1,Port Harcourt
2011-09-07,28.5,23.5,25.3,5.1,10.8,14.12,87,1013.0,83,22.9,Port Harcourt
2011-09-08,25.7,23.1,23.9,8.9,14.8,5.92,93,1012.4,97,22.7,Port Harcourt
2011-09-09,27.3,22.4,24.2,14.3,12.0,13.54,91,1012.0,86,22.5,Port Harcourt
2011-09-10,29.8,22.0,25.3,2.2,10.1,19.43,86,1011.7,76,22.6,Port Harcourt
2011-09-11,29.2,23.9,25.4,5.6,9.8,13.28,87,1012.3,97,23.1,Port Harcourt
2011-09-12,28.1,23.2,24.9,13.6,12.5,13.87,91,1012.0,95,23.2,Port Harcourt
2011-09-13,28.7,23.5,25.2,8.4,15.1,13.58,87,1011.9,98,22.9,Port Harcourt
2011-09-14,28.2,23.4,24.8,5.5,14.3,12.74,88,1012.5,99,22.7,Port Harcourt
2011-09-15,27.1,22.5,24.7,3.2,12.4,13.44,88,1013.0,94,22.5,Port Harcourt
2011-09-16,28.1,23.0,24.9,2.5,12.0,12.93,87,1012.6,98,22.4,Port Harcourt
2011-09-17,28.4,22.8,25.1,2.3,14.8,15.97,86,1011.9,86,22.5,Port Harcourt
2011-09-18,28.7,23.3,24.8,13.9,13.3,18.0,90,1012.3,95,23.1,Port Harcourt
2011-09-19,27.3,22.3,24.1,22.9,10.1,11.28,93,1012.8,83,23.0,Port Harcourt
2011-09-20,29.7,22.1,25.2,7.4,10.2,20.28,89,1012.3,78,23.1,Port Harcourt
2011-09-21,28.9,23.5,25.3,4.4,12.6,13.0,88,1012.6,88,23.1,Port Harcourt
2011-09-22,29.1,23.8,25.5,5.1,8.6,13.35,88,1012.9,99,23.3,Port Harcourt
2011-09-23,29.2,23.0,25.1,13.0,10.6,12.65,91,1012.0,94,23.5,Port Harcourt
2011-09-24,29.2,24.1,25.9,5.6,12.5,16.95,87,1011.8,94,23.4,Port Harcourt
2011-09-25,28.3,23.6,25.3,11.9,12.9,13.38,89,1012.7,95,23.4,Port Harcourt
2011-09-26,27.0,23.2,24.6,4.9,7.9,8.27,92,1012.8,97,23.3,Port Harcourt
2011-09-27,28.7,22.7,24.9,7.9,11.3,16.12,90,1012.7,89,23.2,Port Harcourt
2011-09-28,27.5,23.1,24.5,11.5,9.5,10.72,93,1012.0,99,23.2,Port Harcourt
2011-09-29,27.5,22.7,24.3,22.3,8.8,11.67,93,1012.3,99,23.1,Port Harcourt
2011-09-30,27.8,22.5,24.2,14.0,13.2,12.23,93,1012.1,90,23.0,Port Harcourt
2011-10-01,28.7,22.1,24.9,4.1,12.6,15.11,88,1012.2,95,22.7,Port Harcourt
2011-10-02,28.3,22.6,24.6,8.1,9.8,12.22,92,1012.4,96,23.1,Port Harcourt
2011-10-03,29.3,22.7,25.4,6.4,10.2,18.63,88,1011.9,95,23.3,Port Harcourt
2011-10-04,29.4,23.5,25.9,3.6,12.1,17.72,87,1011.2,88,23.4,Port Harcourt
2011-10-05,28.2,24.0,25.5,9.7,9.1,13.9,89,1010.9,90,23.4,Port Harcourt
2011-10-06,28.3,23.2,24.9,10.0,10.6,10.39,92,1011.5,98,23.5,Port Harcourt
2011-10-07,28.4,23.1,25.1,7.3,11.4,11.95,90,1011.4,99,23.4,Port Harcourt
2011-10-08,28.3,23.0,25.2,18.7,8.9,13.06,90,1010.3,94,23.4,Port Harcourt
2011-10-09,29.0,23.2,25.3,16.1,10.5,14.03,90,1010.1,90,23.5,Port Harcourt
2011-10-10,27.9,23.2,25.0,12.1,8.5,10.36,92,1010.4,97,23.6,Port Harcourt
2011-10-11,26.8,23.3,24.8,7.1,12.1,9.31,92,1010.2,100,23.3,Port Harcourt
2011-10-12,28.1,23.0,24.9,11.1,10.6,13.1,92,1009.3,98,23.4,Port Harcourt
2011-10-13,28.3,22.8,25.1,7.6,10.4,13.77,90,1008.9,81,23.3,Port Harcourt
2011-10-14,27.6,23.0,25.0,8.5,12.5,12.19,91,1008.8,88,23.3,Port Harcourt
2011-10-15,28.0,22.4,24.5,19.5,7.4,10.67,92,1010.0,96,23.1,Port Harcourt
2011-10-16,29.2,22.2,25.5,2.0,10.8,19.14,86,1009.7,79,22.8,Port Harcourt
2011-10-17,30.0,23.3,26.1,7.2,12.3,19.68,86,1008.6,68,23.5,Port Harcourt
2011-10-18,28.9,23.2,25.5,5.5,9.3,12.23,90,1008.8,98,23.6,Port Harcourt
2011-10-19,28.8,23.5,25.9,4.4,10.5,15.31,87,1009.1,96,23.5,Port Harcourt
2011-10-20,27.2,23.6,25.0,5.3,9.0,10.07,92,1008.8,99,23.5,Port Harcourt
2011-10-21,29.4,23.1,25.6,12.5,7.1,16.36,88,1008.1,98,23.4,Port Harcourt
2011-10-22,28.1,23.2,24.7,14.1,7.0,10.36,93,1009.1,98,23.5,Port Harcourt
2011-10-23,30.1,22.5,25.7,1.3,12.2,16.4,84,1010.0,95,22.6,Port Harcourt
2011-10-24,25.2,23.0,23.8,150.2,9.8,2.07,96,1010.3,100,23.0,Port Harcourt
2011-10-25,27.6,22.7,24.3,12.6,5.5,11.84,95,1010.7,98,23.4,Port Harcourt
2011-10-26,29.8,22.9,25.1,9.8,8.7,16.8,89,1010.5,71,22.9,Port Harcourt
2011-10-27,29.3,21.8,25.0,2.4,12.8,17.41,88,1010.9,96,22.6,Port Harcourt
2011-10-28,29.0,22.6,25.2,2.9,9.7,17.38,87,1010.5,69,22.9,Port Harcourt
2011-10-29,29.4,22.5,25.6,8.0,8.9,19.16,88,1009.8,63,23.4,Port Harcourt
2011-10-30,27.2,23.3,24.8,15.6,9.2,10.87,93,1009.4,89,23.5,Port Harcourt
2011-10-31,29.2,22.5,25.1,5.5,10.3,15.7,90,1009.8,81,23.1,Port Harcourt
2011-11-01,28.1,23.2,25.3,6.4,10.2,14.63,90,1010.5,93,23.4,Port Harcourt
2011-11-02,28.2,23.0,25.0,6.5,10.3,10.92,91,1011.3,99,23.4,Port Harcourt
2011-11-03,29.9,23.0,25.2,10.9,12.5,15.34,90,1010.8,98,23.4,Port Harcourt
2011-11-04,28.1,23.1,25.0,6.5,11.3,11.54,90,1011.1,99,23.2,Port Harcourt
2011-11-05,28.6,22.6,25.1,13.6,10.3,15.33,90,1011.6,92,23.2,Port Harcourt
2011-11-06,29.0,23.0,25.5,2.4,9.2,16.46,90,1011.3,93,23.8,Port Harcourt
2011-11-07,29.5,23.6,25.9,8.4,7.7,16.47,90,1011.0,97,24.0,Port Harcourt
2011-11-08,28.9,23.7,25.8,3.4,9.1,15.3,90,1011.0,95,24.1,Port Harcourt
2011-11-09,29.9,23.0,26.1,1.7,10.4,18.92,87,1009.7,51,23.6,Port Harcourt
2011-11-10,29.1,23.5,25.7,10.2,12.6,15.71,90,1008.4,74,23.9,Port Harcourt
2011-11-11,28.4,23.1,25.6,6.5,9.7,15.47,90,1008.5,89,23.7,Port Harcourt
2011-11-12,28.3,23.9,25.7,8.6,10.2,13.82,90,1009.7,71,23.9,Port Harcourt
2011-11-13,29.6,23.3,25.7,9.5,9.1,17.0,90,1010.5,78,23.8,Port Harcourt
2011-11-14,28.2,23.8,25.6,5.2,11.3,13.73,90,1009.7,95,23.8,Port Harcourt
2011-11-15,28.6,23.9,25.7,5.3,8.9,14.14,89,1008.8,81,23.8,Port Harcourt
2011-11-16,29.2,23.9,25.8,8.9,8.6,14.57,91,1008.9,94,24.2,Port Harcourt
2011-11-17,30.6,23.2,26.5,0.5,11.4,18.03,85,1009.0,97,23.6,Port Harcourt
2011-11-18,29.8,24.1,26.3,8.7,10.5,17.4,87,1009.5,91,23.8,Port Harcourt
2011-11-19,28.1,23.9,25.7,7.2,11.2,11.73,88,1010.2,96,23.5,Port Harcourt
2011-11-20,30.2,23.5,26.3,0.7,11.0,16.95,86,1009.4,91,23.7,Port Harcourt
2011-11-21,29.3,24.2,26.0,6.3,9.0,15.2,89,1009.8,94,24.0,Port Harcourt
2011-11-22,29.2,23.3,25.4,6.9,10.0,13.47,91,1010.4,96,23.8,Port Harcourt
2011-11-23,29.0,23.7,25.9,0.3,9.7,13.32,89,1010.9,83,23.9,Port Harcourt
2011-11-24,29.5,23.6,26.0,3.0,8.4,16.66,88,1011.0,73,23.7,Port Harcourt
2011-11-25,30.1,23.4,26.2,2.4,8.1,18.3,87,1010.1,43,23.8,Port Harcourt
2011-11-26,30.6,23.5,26.5,1.2,10.7,18.62,84,1009.0,56,23.5,Port Harcourt
2011-11-27,32.0,23.6,27.1,0.0,11.3,19.98,81,1009.0,64,23.0,Port Harcourt
2011-11-28,31.9,23.9,27.2,0.0,12.1,19.59,81,1009.6,52,23.1,Port Harcourt
2011-11-29,31.4,24.0,27.1,1.4,11.8,19.0,81,1010.1,37,23.3,Port Harcourt
2011-11-30,32.1,24.1,27.4,0.0,10.8,20.74,80,1009.6,41,23.2,Port Harcourt
2011-12-01,32.1,24.0,27.4,0.0,10.7,20.61,80,1008.9,19,23.1,Port Harcourt
2011-12-02,32.4,23.8,27.5,0.0,11.5,20.86,77,1009.2,12,22.3,Port Harcourt
2011-12-03,32.8,23.7,27.7,0.0,10.6,21.39,76,1008.8,10,22.5,Port Harcourt
2011-12-04,32.5,23.4,27.5,0.0,12.6,21.28,76,1008.4,33,22.2,Port Harcourt
2011-12-05,30.5,24.1,26.5,2.3,9.6,18.08,84,1009.0,52,23.5,Port Harcourt
2011-12-06,30.8,23.4,26.5,1.4,9.4,17.76,84,1009.5,40,23.3,Port Harcourt
2011-12-07,31.7,24.1,27.1,0.9,13.3,18.94,81,1009.7,24,23.2,Port Harcourt
2011-12-08,31.9,24.0,27.4,0.2,12.1,18.84,80,1008.7,26,23.2,Port Harcourt
2011-12-09,32.6,23.6,27.4,0.0,12.3,20.51,78,1008.2,46,22.6,Port Harcourt
2011-12-10,32.0,23.8,27.2,0.0,10.8,18.32,79,1008.6,23,22.5,Port Harcourt
2011-12-11,32.6,23.0,26.6,0.0,11.3,22.2,70,1009.1,30,19.2,Port Harcourt
2011-12-12,32.0,21.8,26.5,0.0,11.3,20.51,76,1010.0,60,21.1,Port Harcourt
2011-12-13,32.0,22.9,26.9,0.0,12.0,20.51,77,1009.8,11,21.8,Port Harcourt
2011-12-14,31.0,23.1,26.8,0.0,11.6,17.95,76,1010.2,18,21.7,Port Harcourt
2011-12-15,31.4,23.0,26.7,0.0,13.3,17.68,79,1010.4,21,22.3,Port Harcourt
2011-12-16,32.7,23.8,27.4,0.0,11.5,20.21,77,1010.2,25,22.2,Port Harcourt
2011-12-17,32.0,24.0,27.3,0.8,10.6,17.61,79,1010.0,27,22.7,Port Harcourt
2011-12-18,32.2,24.0,27.5,0.1,13.2,19.03,78,1009.5,19,22.7,Port Harcourt
2011-12-19,31.9,24.2,27.2,2.8,12.8,17.63,79,1009.9,59,23.0,Port Harcourt
2011-12-20,31.2,24.2,26.8,2.2,12.9,16.78,84,1010.5,79,23.7,Port Harcourt
2011-12-21,30.8,24.2,26.6,3.7,12.3,17.0,85,1010.6,57,23.7,Port Harcourt
2011-12-22,31.1,23.8,26.9,0.7,12.3,17.27,83,1010.9,66,23.6,Port Harcourt
2011-12-23,32.4,23.9,27.5,2.2,12.6,18.7,80,1010.4,26,23.3,Port Harcourt
2011-12-24,32.2,24.1,27.4,1.7,13.8,16.96,80,1009.6,32,23.2,Port Harcourt
2011-12-25,31.7,24.7,27.4,0.7,13.7,17.57,80,1010.0,36,23.2,Port Harcourt
2011-12-26,32.9,24.2,27.6,0.0,12.3,18.65,79,1010.2,21,23.0,Port Harcourt
2011-12-27,33.9,24.4,28.3,0.3,16.6,20.04,76,1010.9,15,22.9,Port Harcourt
2011-12-28,30.9,25.0,27.5,2.1,13.4,16.07,80,1010.9,48,23.6,Port Harcourt
2011-12-29,29.7,24.0,26.0,11.8,12.7,15.57,86,1011.8,53,23.5,Port Harcourt
2011-12-30,28.9,23.7,25.8,1.5,13.3,13.88,87,1011.8,40,23.4,Port Harcourt
2011-12-31,28.3,23.5,25.5,1.7,9.7,12.0,89,1011.4,51,23.5,Port Harcourt
2012-01-01,30.8,23.2,26.6,0.5,11.1,17.1,82,1011.2,43,23.0,Port Harcourt
2012-01-02,32.6,23.7,27.5,0.0,13.2,19.71,78,1011.3,69,22.7,Port Harcourt
2012-01-03,31.3,24.3,27.3,1.2,10.5,16.4,80,1010.9,79,23.1,Port Harcourt
2012-01-04,34.0,23.2,27.8,0.0,15.9,22.02,75,1010.3,20,21.9,Port Harcourt
2012-01-05,32.2,24.3,27.5,0.7,13.6,18.5,79,1011.0,78,22.9,Port Harcourt
2012-01-06,31.5,24.6,27.2,1.6,11.0,17.73,80,1010.8,90,23.3,Port Harcourt
2012-01-07,33.7,23.2,27.8,0.0,14.0,21.42,76,1010.2,71,22.4,Port Harcourt
2012-01-08,31.8,23.8,27.5,0.4,14.8,18.28,77,1010.3,92,22.7,Port Harcourt
2012-01-09,31.6,23.9,27.1,1.4,12.0,17.04,79,1010.3,97,22.9,Port Harcourt
2012-01-10,33.6,24.1,27.9,0.0,14.9,20.75,75,1010.2,94,22.3,Port Harcourt
2012-01-11,33.4,23.9,28.0,0.0,15.9,20.8,76,1010.1,51,22.6,Port Harcourt
2012-01-12,33.5,23.2,28.0,0.0,14.5,21.57,74,1010.7,69,22.3,Port Harcourt
2012-01-13,34.0,24.0,28.0,0.1,13.2,20.79,73,1011.5,74,21.5,Port Harcourt
2012-01-14,34.2,23.3,27.6,0.0,14.0,22.99,68,1010.9,76,19.0,Port Harcourt
2012-01-15,33.5,22.6,27.2,0.0,15.5,23.22,71,1009.8,74,20.2,Port Harcourt
2012-01-16,33.4,22.3,27.2,0.0,14.4,19.8,72,1009.2,71,20.9,Port Harcourt
2012-01-17,33.2,23.1,27.4,0.0,16.2,22.04,74,1008.5,87,21.7,Port Harcourt
2012-01-18,32.1,23.3,27.0,2.2,15.1,17.67,79,1009.3,75,22.7,Port Harcourt
2012-01-19,30.6,24.3,26.7,2.7,15.3,16.52,82,1010.0,66,23.1,Port Harcourt
2012-01-20,30.6,24.0,26.6,0.8,11.2,15.98,83,1009.9,89,23.2,Port Harcourt
2012-01-21,32.6,23.7,27.1,0.7,13.0,17.01,78,1009.7,67,22.5,Port Harcourt
2012-01-22,30.7,24.1,26.5,2.7,15.8,16.76,83,1009.9,63,23.2,Port Harcourt
2012-01-23,31.6,23.9,27.2,0.6,9.8,19.02,80,1009.9,24,23.1,Port Harcourt
2012-01-24,31.5,24.5,27.4,0.9,12.9,16.35,81,1009.1,83,23.7,Port Harcourt
2012-01-25,32.6,24.6,27.4,2.1,14.9,17.64,80,1008.7,84,23.4,Port Harcourt
2012-01-26,31.8,24.1,27.0,1.9,15.8,18.1,81,1009.0,75,23.2,Port Harcourt
2012-01-27,30.8,24.3,27.0,0.8,13.2,17.06,82,1009.4,93,23.5,Port Harcourt
2012-01-28,30.8,23.9,26.6,2.2,12.5,15.3,84,1008.7,83,23.5,Port Harcourt
2012-01-29,30.1,23.6,26.2,6.1,15.4,17.65,84,1008.3,70,23.1,Port Harcourt
2012-01-30,30.3,24.0,26.0,6.0,12.9,16.71,84,1008.8,71,23.0,Port Harcourt
2012-01-31,31.3,23.7,26.6,6.5,11.0,18.9,85,1009.3,63,23.6,Port Harcourt
2012-02-01,31.3,24.1,26.8,5.0,10.2,18.44,83,1009.7,71,23.4,Port Harcourt
2012-02-02,31.2,24.2,26.9,2.3,13.3,17.91,81,1009.8,39,23.2,Port Harcourt
2012-02-03,29.7,23.5,26.4,1.0,13.6,15.6,85,1010.2,38,23.5,Port Harcourt
2012-02-04,30.6,24.0,26.9,1.1,13.7,17.86,82,1009.3,34,23.3,Port Harcourt
2012-02-05,31.7,24.3,27.0,2.3,13.8,19.61,82,1008.3,54,23.5,Port Harcourt
2012-02-06,29.3,24.4,26.4,1.9,12.6,14.13,85,1008.4,92,23.5,Port Harcourt
2012-02-07,29.1,24.3,26.2,3.2,12.6,13.35,85,1007.5,75,23.4,Port Harcourt
2012-02-08,27.1,23.7,24.9,23.7,10.8,9.17,92,1008.6,81,23.4,Port Harcourt
2012-02-09,29.3,23.3,25.7,2.4,8.2,13.09,88,1009.0,93,23.6,Port Harcourt
2012-02-10,31.1,23.7,26.6,2.1,10.5,18.7,83,1008.4,96,23.2,Port Harcourt
2012-02-11,29.7,24.2,26.5,3.9,14.7,17.66,84,1009.0,66,23.5,Port Harcourt
2012-02-12,30.5,23.8,26.4,2.6,12.5,19.01,85,1008.5,40,23.5,Port Harcourt
2012-02-13,28.9,23.5,25.6,7.5,11.7,14.11,86,1009.1,64,23.0,Port Harcourt
2012-02-14,30.5,24.4,26.4,3.3,11.3,19.23,84,1009.5,72,23.4,Port Harcourt
2012-02-15,29.3,24.1,25.8,7.8,10.4,16.09,86,1009.6,81,23.2,Port Harcourt
2012-02-16,28.8,23.3,25.7,7.1,9.4,12.94,87,1009.3,86,23.2,Port Harcourt
2012-02-17,30.6,23.2,26.2,5.5,10.1,17.58,85,1008.7,97,23.4,Port Harcourt
2012-02-18,28.8,23.8,25.7,10.8,12.6,13.47,89,1009.3,100,23.6,Port Harcourt
2012-02-19,29.5,23.0,25.7,12.7,9.0,16.76,89,1009.1,99,23.7,Port Harcourt
2012-02-20,28.1,23.1,25.6,10.4,11.1,12.65,88,1009.6,99,23.5,Port Harcourt
2012-02-21,28.5,23.3,25.2,21.6,11.0,13.87,90,1009.2,97,23.3,Port Harcourt
2012-02-22,28.4,23.1,25.3,1.2,14.1,10.13,89,1008.6,100,23.4,Port Harcourt
2012-02-23,29.3,22.7,26.1,0.0,9.8,16.23,83,1008.2,56,22.6,Port Harcourt
2012-02-24,30.9,23.5,26.2,6.1,9.8,20.1,85,1008.6,68,23.3,Port Harcourt
2012-02-25,30.5,23.6,26.2,2.1,11.2,19.02,85,1008.5,50,23.3,Port Harcourt
2012-02-26,29.6,23.7,26.2,2.8,12.1,17.17,86,1008.0,79,23.5,Port Harcourt
2012-02-27,29.6,23.4,25.7,6.9,12.1,15.36,88,1008.3,98,23.5,Port Harcourt
2012-02-28,29.8,23.7,25.9,4.5,13.0,15.92,90,1009.0,98,23.9,Port Harcourt
2012-02-29,29.4,23.8,26.1,4.3,11.9,16.42,87,1009.3,91,23.6,Port Harcourt
2012-03-01,30.0,23.4,26.0,3.4,12.0,17.54,87,1009.7,94,23.6,Port Harcourt
2012-03-02,30.3,23.5,26.2,5.4,13.9,18.3,86,1009.8,78,23.6,Port Harcourt
2012-03-03,30.5,24.0,26.9,1.3,10.9,19.83,83,1009.4,93,23.5,Port Harcourt
2012-03-04,30.8,24.0,26.9,0.7,12.7,20.15,83,1009.2,95,23.6,Port Harcourt
2012-03-05,29.7,24.1,26.1,5.0,13.6,15.52,88,1009.4,98,23.8,Port Harcourt
2012-03-06,29.8,23.6,25.8,2.7,13.2,14.01,88,1009.4,100,23.5,Port Harcourt
2012-03-07,30.8,23.6,26.4,5.8,11.9,17.54,86,1009.0,94,23.6,Port Harcourt
2012-03-08,30.9,24.3,26.6,5.5,12.3,20.11,85,1009.3,73,23.8,Port Harcourt
2012-03-09,31.1,23.8,26.4,5.8,13.3,19.72,87,1010.0,86,24.0,Port Harcourt
2012-03-10,31.0,23.5,26.3,9.2,10.1,18.8,87,1010.5,81,23.9,Port Harcourt
2012-03-11,30.3,23.4,25.9,13.0,8.0,14.65,88,1010.1,77,23.7,Port Harcourt
2012-03-12,30.6,23.8,26.6,4.5,10.6,19.31,87,1009.3,72,24.1,Port Harcourt
2012-03-13,31.5,24.4,27.2,1.6,10.2,19.65,85,1010.1,90,24.2,Port Harcourt
2012-03-14,32.3,24.4,27.5,1.3,13.3,21.95,84,1009.8,60,24.3,Port Harcourt
2012-03-15,31.9,24.9,27.7,2.1,13.2,22.1,86,1009.4,88,25.0,Port Harcourt
2012-03-16,31.5,25.3,27.8,2.7,12.2,20.97,85,1009.4,58,24.8,Port Harcourt
2012-03-17,31.1,25.1,27.4,1.1,14.1,17.45,86,1008.8,92,24.8,Port Harcourt
2012-03-18,30.4,25.4,27.4,1.6,13.0,19.13,86,1008.6,68,24.9,Port Harcourt
2012-03-19,30.8,24.7,27.4,2.1,11.5,20.56,86,1008.3,79,24.6,Port Harcourt
2012-03-20,31.7,25.1,27.7,1.2,14.0,19.66,85,1008.0,99,24.8,Port Harcourt
2012-03-21,30.8,25.6,27.7,1.8,13.4,20.06,86,1007.4,98,25.0,Port Harcourt
2012-03-22,31.7,24.7,27.8,1.2,14.6,21.06,83,1007.0,64,24.4,Port Harcourt
2012-03-23,31.3,25.1,27.7,1.7,12.7,21.92,85,1007.3,52,24.7,Port Harcourt
2012-03-24,31.2,25.3,27.7,1.3,10.8,20.07,85,1007.9,71,24.8,Port Harcourt
2012-03-25,32.0,24.9,27.5,3.4,12.8,20.67,84,1008.3,36,24.4,Port Harcourt
2012-03-26,31.3,24.9,27.4,2.5,11.9,20.29,86,1008.3,92,24.6,Port Harcourt
2012-03-27,31.6,25.2,27.7,1.9,12.1,18.49,86,1007.6,97,25.0,Port Harcourt
2012-03-28,30.8,25.7,27.3,2.1,15.3,17.58,87,1008.8,95,24.9,Port Harcourt
2012-03-29,31.0,25.2,27.1,1.6,13.7,18.99,85,1010.0,86,24.2,Port Harcourt
2012-03-30,30.8,24.8,26.9,5.7,12.7,17.77,86,1011.0,98,24.2,Port Harcourt
2012-03-31,31.6,24.3,27.4,1.6,10.1,19.52,84,1010.4,95,24.3,Port Harcourt
2012-04-01,30.5,24.9,26.9,6.9,12.7,16.06,87,1010.0,94,24.4,Port Harcourt
2012-04-02,31.1,24.5,26.9,9.3,10.8,17.22,87,1009.2,76,24.4,Port Harcourt
2012-04-03,30.3,24.1,26.3,22.7,12.0,15.89,89,1009.1,86,24.2,Port Harcourt
2012-04-04,30.7,23.4,25.8,14.0,11.2,13.77,88,1009.6,100,23.5,Port Harcourt
2012-04-05,31.4,23.5,27.0,1.1,12.5,21.17,85,1009.1,88,24.0,Port Harcourt
2012-04-06,30.6,24.6,27.3,0.5,13.0,20.33,85,1009.1,95,24.5,Port Harcourt
2012-04-07,31.3,24.3,27.1,3.3,10.8,21.05,87,1008.5,87,24.6,Port Harcourt
2012-04-08,30.7,24.3,26.9,6.8,10.0,16.22,87,1006.9,86,24.4,Port Harcourt
2012-04-09,28.4,25.0,26.5,13.2,12.2,14.12,89,1006.8,95,24.4,Port Harcourt
2012-04-10,29.5,24.3,26.6,5.6,10.7,17.11,87,1007.9,100,24.3,Port Harcourt
2012-04-11,30.8,24.4,26.7,9.2,10.3,17.82,88,1008.4,98,24.4,Port Harcourt
2012-04-12,28.5,24.6,25.9,16.3,12.3,13.48,91,1009.1,99,24.3,Port Harcourt
2012-04-13,29.7,24.4,26.0,15.1,11.9,15.29,90,1009.2,96,24.2,Port Harcourt
2012-04-14,29.1,23.8,25.9,14.7,12.2,11.89,90,1009.3,100,24.1,Port Harcourt
2012-04-15,29.0,24.4,26.0,12.4,10.9,12.39,92,1008.7,100,24.4,Port Harcourt
2012-04-16,30.2,23.8,26.4,11.9,13.4,18.54,88,1009.6,99,24.2,Port Harcourt
2012-04-17,29.6,24.1,26.2,4.7,11.5,16.25,88,1010.9,100,23.9,Port Harcourt
2012-04-18,30.0,23.7,26.7,7.0,13.8,17.18,87,1010.1,96,24.3,Port Harcourt
2012-04-19,29.7,24.2,26.4,3.8,9.7,12.2,89,1009.7,100,24.3,Port Harcourt
2012-04-20,30.3,24.5,26.9,7.0,7.5,16.55,87,1009.8,99,24.4,Port Harcourt
2012-04-21,30.7,25.2,27.1,6.2,12.0,15.11,86,1010.5,94,24.5,Port Harcourt
2012-04-22,29.3,24.6,26.2,12.3,15.1,13.36,91,1011.2,91,24.5,Port Harcourt
2012-04-23,30.7,24.4,27.3,0.3,12.6,19.46,83,1010.0,77,24.0,Port Harcourt
2012-04-24,30.8,24.9,27.1,3.0,12.7,20.27,84,1009.7,65,24.0,Port Harcourt
2012-04-25,28.8,23.9,25.4,24.4,13.7,9.8,93,1010.4,98,24.1,Port Harcourt
2012-04-26,30.6,24.4,26.5,6.2,9.2,19.91,88,1010.6,80,24.3,Port Harcourt
2012-04-27,31.1,23.9,27.0,2.8,11.8,20.08,85,1009.1,68,24.1,Port Harcourt
2012-04-28,30.5,25.0,27.2,3.4,12.0,19.24,86,1008.6,58,24.6,Port Harcourt
2012-04-29,31.1,24.5,27.1,6.0,11.7,19.15,87,1008.7,49,24.5,Port Harcourt
2012-04-30,28.8,24.1,26.2,8.4,10.1,13.81,92,1009.0,84,24.7,Port Harcourt
2012-05-01,29.3,24.4,26.7,6.7,12.7,14.38,88,1009.2,98,24.4,Port Harcourt
2012-05-02,29.8,24.3,26.5,5.8,11.5,16.49,89,1009.8,97,24.6,Port Harcourt
2012-05-03,29.0,23.8,25.9,11.3,10.9,13.37,89,1010.8,91,23.9,Port Harcourt
2012-05-04,30.9,23.7,26.5,8.9,11.1,19.11,87,1010.4,54,23.9,Port Harcourt
2012-05-05,30.6,24.1,26.5,5.7,9.8,18.42,88,1010.2,93,24.3,Port Harcourt
2012-05-06,31.2,24.1,26.9,2.9,10.8,19.24,85,1010.2,70,24.0,Port Harcourt
2012-05-07,30.1,24.4,26.9,2.0,12.4,19.82,87,1010.3,87,24.4,Port Harcourt
2012-05-08,29.8,24.4,26.9,5.4,11.8,15.76,87,1009.3,93,24.4,Port Harcourt
2012-05-09,29.9,24.2,26.6,4.7,11.2,14.57,86,1009.2,97,23.9,Port Harcourt
2012-05-10,31.3,23.8,26.9,7.4,7.9,20.79,87,1009.9,69,24.5,Port Harcourt
2012-05-11,27.6,23.9,25.6,14.6,10.1,11.25,93,1010.8,92,24.3,Port Harcourt
2012-05-12,27.3,23.9,25.3,17.3,7.4,12.24,94,1011.2,99,24.2,Port Harcourt
2012-05-13,27.2,23.4,25.1,12.0,10.0,11.73,93,1010.2,97,23.9,Port Harcourt
2012-05-14,28.8,23.1,25.4,8.5,10.8,13.87,90,1009.9,97,23.6,Port Harcourt
2012-05-15,29.2,23.2,26.4,0.9,9.8,13.84,85,1010.8,96,23.6,Port Harcourt
2012-05-16,30.0,23.9,26.2,7.9,12.5,19.33,89,1011.5,93,24.1,Port Harcourt
2012-05-17,30.0,23.9,26.2,10.0,9.3,17.61,88,1010.5,70,23.9,Port Harcourt
2012-05-18,29.4,23.2,25.9,10.7,10.0,15.65,88,1009.9,99,23.8,Port Harcourt
2012-05-19,30.3,24.3,26.5,8.3,12.2,18.22,87,1009.5,91,24.1,Port Harcourt
2012-05-20,30.7,24.2,26.5,11.9,14.7,17.41,88,1010.3,69,24.2,Port Harcourt
2012-05-21,29.1,23.6,25.7,5.4,13.0,11.94,91,1011.1,94,24.1,Port Harcourt
2012-05-22,30.2,23.5,26.3,8.3,14.8,19.0,88,1010.7,75,24.1,Port Harcourt
2012-05-23,29.5,23.5,25.9,7.9,11.5,14.23,88,1011.6,99,23.6,Port Harcourt
2012-05-24,28.6,23.6,25.8,8.4,13.9,12.38,88,1011.5,100,23.7,Port Harcourt
2012-05-25,27.8,23.5,25.4,11.5,9.4,11.93,90,1012.2,97,23.6,Port Harcourt
2012-05-26,27.2,23.8,25.0,16.9,8.9,8.19,93,1013.1,100,23.7,Port Harcourt
2012-05-27,29.6,22.9,25.4,8.1,10.0,16.34,88,1012.9,97,23.2,Port Harcourt
2012-05-28,28.6,23.4,25.5,7.8,11.6,13.12,90,1012.4,98,23.8,Port Harcourt
2012-05-29,28.4,23.3,25.1,14.5,11.5,11.55,93,1012.1,100,23.8,Port Harcourt
2012-05-30,26.9,23.1,24.6,15.3,11.8,9.01,93,1013.1,100,23.5,Port Harcourt
2012-05-31,30.6,22.6,25.8,5.6,7.2,18.53,88,1013.3,99,23.4,Port Harcourt
2012-06-01,29.4,23.5,25.6,13.6,11.0,14.85,91,1012.5,92,24.0,Port Harcourt
2012-06-02,29.0,23.7,25.2,15.6,8.8,10.72,92,1012.4,99,23.8,Port Harcourt
2012-06-03,29.2,23.7,25.3,15.0,12.9,13.53,91,1012.5,97,23.6,Port Harcourt
2012-06-04,28.2,22.8,24.7,15.7,10.0,8.6,92,1013.1,99,23.2,Port Harcourt
2012-06-05,27.6,22.6,24.9,4.4,13.9,9.37,91,1013.2,90,23.2,Port Harcourt
2012-06-06,28.5,23.6,25.7,6.0,13.3,17.42,88,1013.5,64,23.4,Port Harcourt
2012-06-07,28.0,23.1,25.0,4.0,7.2,12.47,91,1013.3,93,23.4,Port Harcourt
2012-06-08,30.0,23.3,26.1,3.0,9.2,20.35,87,1012.5,44,23.6,Port Harcourt
2012-06-09,30.2,23.2,26.2,1.3,10.7,18.72,88,1012.1,49,24.1,Port Harcourt
2012-06-10,29.4,23.9,26.3,3.0,11.3,16.71,89,1010.7,56,24.2,Port Harcourt
2012-06-11,28.6,24.3,25.9,4.8,8.4,15.15,89,1011.1,89,23.9,Port Harcourt
2012-06-12,28.3,23.9,25.2,9.1,12.1,9.93,91,1011.1,99,23.6,Port Harcourt
2012-06-13,28.4,23.2,25.0,8.4,9.0,11.12,91,1010.8,99,23.3,Port Harcourt
2012-06-14,24.5,23.1,23.8,35.1,9.2,3.06,98,1011.1,100,23.4,Port Harcourt
2012-06-15,27.1,23.2,24.5,21.7,11.0,8.22,95,1011.9,91,23.6,Port Harcourt
2012-06-16,24.4,23.0,23.5,36.6,8.0,3.25,97,1012.4,98,23.1,Port Harcourt
2012-06-17,27.9,22.1,24.2,11.6,6.6,10.24,92,1012.8,89,22.9,Port Harcourt
2012-06-18,28.2,22.6,25.0,7.4,10.0,14.84,90,1013.4,92,23.1,Port Harcourt
2012-06-19,27.1,22.9,24.6,5.7,11.5,11.43,92,1013.8,99,23.2,Port Harcourt
2012-06-20,26.6,22.9,24.4,12.3,8.3,10.33,93,1013.4,95,23.2,Port Harcourt
2012-06-21,27.0,22.7,24.9,6.9,10.4,11.93,90,1012.2,76,23.1,Port Harcourt
2012-06-22,28.2,22.7,24.9,11.0,12.3,16.22,89,1013.2,81,22.9,Port Harcourt
2012-06-23,28.5,23.1,25.3,2.3,11.7,15.12,88,1014.0,76,23.0,Port Harcourt
2012-06-24,27.1,22.5,24.6,7.1,10.1,11.17,90,1013.1,89,22.8,Port Harcourt
2012-06-25,28.1,22.7,24.7,5.8,11.0,14.12,88,1013.2,95,22.5,Port Harcourt
2012-06-26,28.6,22.8,24.9,3.8,13.6,16.55,87,1013.9,85,22.6,Port Harcourt
2012-06-27,26.1,22.7,23.9,14.9,12.7,8.84,92,1014.3,97,22.5,Port Harcourt
2012-06-28,26.5,22.2,23.8,6.0,11.8,8.94,93,1013.9,94,22.5,Port Harcourt
2012-06-29,27.6,21.8,24.4,2.7,8.0,12.89,89,1013.0,84,22.3,Port Harcourt
2012-06-30,27.3,21.9,24.3,6.3,9.4,12.56,91,1012.5,97,22.7,Port Harcourt
2012-07-01,28.5,22.5,24.3,16.6,14.5,14.87,91,1011.7,94,22.6,Port Harcourt
2012-07-02,27.2,22.1,24.3,18.2,11.5,12.98,91,1012.0,77,22.6,Port Harcourt
2012-07-03,27.8,22.6,24.5,3.1,9.5,12.2,90,1012.5,98,22.7,Port Harcourt
2012-07-04,27.5,22.4,23.8,17.0,11.7,11.07,93,1012.0,97,22.6,Port Harcourt
2012-07-05,27.4,22.1,24.0,5.0,7.7,10.96,91,1011.9,96,22.4,Port Harcourt
2012-07-06,29.1,22.1,25.1,2.1,14.0,18.85,86,1012.0,75,22.6,Port Harcourt
2012-07-07,27.6,22.9,24.5,14.8,10.7,13.41,89,1012.8,89,22.5,Port Harcourt
2012-07-08,28.1,22.5,24.5,8.0,10.0,15.55,89,1012.3,83,22.6,Port Harcourt
2012-07-09,27.0,22.1,24.2,8.8,11.4,12.92,91,1011.7,81,22.5,Port Harcourt
2012-07-10,28.1,22.4,25.0,3.5,11.7,15.85,88,1011.5,86,22.8,Port Harcourt
2012-07-11,27.2,23.2,24.7,8.3,11.2,12.54,91,1012.0,97,23.1,Port Harcourt
2012-07-12,27.2,22.7,24.5,9.0,11.5,9.67,92,1011.9,92,23.0,Port Harcourt
2012-07-13,28.3,23.2,25.2,1.2,13.0,11.87,87,1011.8,90,22.8,Port Harcourt
2012-07-14,27.5,23.2,24.6,4.4,15.0,10.53,90,1011.6,97,22.7,Port Harcourt
2012-07-15,27.3,23.0,24.7,6.5,16.6,13.71,87,1012.0,89,22.3,Port Harcourt
2012-07-16,28.4,23.4,25.5,0.8,12.0,17.37,79,1013.7,79,21.4,Port Harcourt
2012-07-17,28.1,23.0,24.8,5.6,10.0,11.34,87,1014.9,90,22.4,Port Harcourt
2012-07-18,28.0,22.6,24.9,4.9,11.6,14.81,89,1014.0,92,22.8,Port Harcourt
2012-07-19,27.7,22.9,24.6,8.6,13.2,13.65,90,1013.9,98,22.7,Port Harcourt
2012-07-20,27.3,22.4,24.5,7.6,11.7,13.7,89,1014.5,94,22.6,Port Harcourt
2012-07-21,24.6,22.3,23.4,51.4,13.1,4.24,96,1014.2,100,22.7,Port Harcourt
2012-07-22,25.0,22.7,23.4,16.4,11.6,3.21,96,1014.7,100,22.8,Port Harcourt
2012-07-23,28.2,22.6,24.4,8.6,13.4,14.04,91,1014.1,91,22.8,Port Harcourt
2012-07-24,28.4,22.7,24.5,12.4,12.8,14.53,89,1013.3,83,22.5,Port Harcourt
2012-07-25,26.4,22.4,24.0,8.3,10.2,10.16,92,1013.4,97,22.6,Port Harcourt
2012-07-26,26.8,22.3,24.2,11.5,11.8,12.4,93,1014.1,96,23.0,Port Harcourt
2012-07-27,26.1,22.9,24.3,0.9,9.9,8.07,90,1013.9,97,22.6,Port Harcourt
2012-07-28,28.4,23.2,24.9,2.8,13.1,15.33,85,1012.2,80,22.1,Port Harcourt
2012-07-29,26.9,23.3,24.6,5.6,11.0,11.8,88,1012.2,93,22.5,Port Harcourt
2012-07-30,26.4,22.9,23.9,22.7,11.6,6.5,93,1012.8,98,22.7,Port Harcourt
2012-07-31,24.5,22.7,23.4,31.0,14.9,4.11,98,1012.8,100,23.0,Port Harcourt
2012-08-01,26.6,22.5,24.4,1.8,13.5,10.91,87,1012.6,95,22.0,Port Harcourt
2012-08-02,28.6,22.6,24.5,4.7,10.8,13.53,89,1013.0,97,22.6,Port Harcourt
2012-08-03,27.5,22.4,24.4,5.7,9.7,12.31,91,1012.5,97,22.8,Port Harcourt
2012-08-04,25.0,23.0,23.6,22.9,12.2,4.13,95,1012.8,100,22.8,Port Harcourt
2012-08-05,26.5,21.7,23.9,9.1,15.4,8.43,91,1013.9,94,22.2,Port Harcourt
2012-08-06,29.5,21.9,25.4,0.0,13.4,18.04,78,1013.6,84,21.1,Port Harcourt
2012-08-07,27.7,22.8,25.0,0.4,13.0,11.48,82,1012.9,96,21.7,Port Harcourt
2012-08-08,27.8,23.2,24.9,3.4,14.8,11.92,86,1012.5,96,22.4,Port Harcourt
2012-08-09,28.4,23.5,24.8,5.0,13.4,11.97,85,1012.6,97,22.2,Port Harcourt
2012-08-10,27.7,22.7,24.4,4.8,17.2,13.66,87,1013.0,90,22.0,Port Harcourt
2012-08-11,27.5,22.7,24.5,1.1,14.8,12.7,87,1013.8,85,22.1,Port Harcourt
2012-08-12,28.5,22.5,24.8,2.1,12.0,18.24,83,1014.6,70,21.5,Port Harcourt
2012-08-13,28.0,22.4,25.1,1.5,13.7,17.25,79,1014.1,71,21.0,Port Harcourt
2012-08-14,27.6,23.0,25.0,0.5,18.1,17.65,80,1013.3,91,21.2,Port Harcourt
2012-08-15,28.6,22.4,24.9,2.4,13.0,21.75,81,1014.5,71,21.3,Port Harcourt
2012-08-16,28.5,22.6,25.1,1.1,13.1,17.05,79,1014.2,74,21.0,Port Harcourt
2012-08-17,26.7,22.2,24.3,3.0,16.7,10.41,84,1012.1,89,21.3,Port Harcourt
2012-08-18,27.9,22.6,24.6,2.8,13.6,14.3,86,1011.2,80,22.0,Port Harcourt
2012-08-19,27.7,22.3,24.6,3.2,13.7,17.49,86,1013.3,60,22.0,Port Harcourt
2012-08-20,27.6,21.9,23.9,10.0,10.0,10.32,91,1014.4,99,22.3,Port Harcourt
2012-08-21,27.1,22.2,23.9,7.6,14.2,8.76,93,1013.1,99,22.6,Port Harcourt
2012-08-22,28.0,22.5,24.3,14.3,14.7,17.41,89,1013.6,76,22.3,Port Harcourt
2012-08-23,28.4,22.7,24.8,4.5,10.9,16.73,86,1013.4,95,22.2,Port Harcourt
2012-08-24,25.6,22.4,23.9,13.8,9.8,8.67,92,1013.7,100,22.4,Port Harcourt
2012-08-25,25.9,21.8,23.4,9.9,7.4,7.85,94,1014.9,98,22.3,Port Harcourt
2012-08-26,29.3,22.1,25.0,1.3,12.8,18.14,86,1014.0,80,22.3,Port Harcourt
2012-08-27,29.1,23.1,25.1,4.2,13.2,16.21,86,1013.4,85,22.5,Port Harcourt
2012-08-28,27.9,22.7,24.6,7.6,14.1,14.47,89,1013.3,90,22.7,Port Harcourt
2012-08-29,29.2,22.3,25.2,1.2,13.0,18.43,87,1013.4,91,22.9,Port Harcourt
2012-08-30,29.3,23.7,25.7,2.6,12.9,18.71,83,1013.5,90,22.5,Port Harcourt
2012-08-31,28.6,23.1,24.9,8.6,13.1,12.72,88,1013.4,98,22.8,Port Harcourt
2012-09-01,26.9,22.7,24.3,13.1,13.1,11.7,91,1013.2,90,22.8,Port Harcourt
2012-09-02,28.1,22.7,24.7,5.8,13.6,16.05,88,1014.2,80,22.4,Port Harcourt
2012-09-03,28.5,23.0,25.0,4.8,14.3,17.13,85,1014.7,84,22.3,Port Harcourt
2012-09-04,27.6,22.6,24.2,14.2,11.9,12.01,91,1014.1,92,22.6,Port Harcourt
2012-09-05,28.4,22.6,24.9,7.5,11.5,14.31,87,1014.1,78,22.5,Port Harcourt
2012-09-06,27.8,23.0,24.6,10.4,10.0,12.84,91,1014.4,87,22.9,Port Harcourt
2012-09-07,29.7,22.4,25.3,2.0,11.9,16.25,85,1013.6,74,22.5,Port Harcourt
2012-09-08,28.2,23.5,24.5,13.9,16.1,11.31,89,1013.5,98,22.6,Port Harcourt
2012-09-09,26.2,22.9,24.2,15.0,12.0,11.33,91,1014.0,97,22.7,Port Harcourt
2012-09-10,27.6,22.5,24.6,0.7,7.6,11.08,90,1013.1,83,22.7,Port Harcourt
2012-09-11,29.5,22.5,25.2,3.6,12.4,17.17,86,1013.0,75,22.6,Port Harcourt
2012-09-12,27.9,23.1,24.8,13.5,9.7,13.9,89,1013.9,93,22.8,Port Harcourt
2012-09-13,28.8,23.2,25.0,7.1,9.4,14.43,89,1013.3,95,23.0,Port Harcourt
2012-09-14,28.7,23.2,25.5,5.8,9.6,16.25,87,1012.7,77,23.1,Port Harcourt
2012-09-15,29.1,23.5,25.5,3.1,12.8,16.75,86,1012.1,69,23.0,Port Harcourt
2012-09-16,26.5,23.1,24.4,13.2,13.7,8.7,90,1012.7,99,22.7,Port Harcourt
2012-09-17,29.3,22.8,24.7,15.0,8.3,14.79,92,1013.4,87,23.2,Port Harcourt
2012-09-18,30.2,22.3,25.2,4.6,11.5,18.48,88,1012.9,89,23.0,Port Harcourt
2012-09-19,27.2,23.3,24.6,8.3,11.0,12.08,89,1011.9,87,22.6,Port Harcourt
2012-09-20,28.6,23.0,25.2,4.3,11.3,16.02,87,1012.1,96,22.8,Port Harcourt
2012-09-21,29.4,22.7,25.3,5.9,11.1,16.72,88,1012.5,89,23.0,Port Harcourt
2012-09-22,28.3,23.2,25.1,13.6,12.4,15.84,89,1012.6,81,23.2,Port Harcourt
2012-09-23,30.5,23.1,25.7,1.8,9.8,20.06,87,1012.8,74,23.2,Port Harcourt
2012-09-24,30.0,23.4,25.7,4.4,11.6,16.37,86,1011.9,81,23.2,Port Harcourt
2012-09-25,29.0,24.2,25.5,6.0,9.8,13.63,88,1011.5,99,23.3,Port Harcourt
2012-09-26,28.0,23.2,25.1,7.4,12.0,11.64,89,1012.0,86,23.1,Port Harcourt
2012-09-27,28.4,23.1,25.4,2.1,11.3,13.41,88,1013.1,90,23.1,Port Harcourt
2012-09-28,30.8,23.9,26.1,8.6,9.0,19.39,86,1012.9,87,23.3,Port Harcourt
2012-09-29,25.6,23.1,24.1,19.8,12.2,7.17,95,1012.6,100,23.3,Port Harcourt
2012-09-30,27.7,23.2,24.9,9.1,14.7,16.04,90,1012.0,84,23.1,Port Harcourt
2012-10-01,27.9,22.5,24.5,9.2,12.9,12.63,93,1012.8,90,23.3,Port Harcourt
2012-10-02,30.3,22.6,25.2,5.2,9.3,16.86,89,1012.4,98,23.0,Port Harcourt
2012-10-03,29.6,23.1,25.3,10.5,11.6,17.13,89,1011.9,92,23.3,Port Harcourt
2012-10-04,27.5,23.1,24.6,12.8,10.0,11.53,92,1011.5,97,23.2,Port Harcourt
2012-10-05,28.2,22.8,25.1,7.4,13.4,13.27,89,1010.9,85,23.0,Port Harcourt
2012-10-06,29.5,23.2,25.1,13.6,9.8,14.21,90,1011.1,83,23.3,Port Harcourt
2012-10-07,27.6,23.1,25.0,5.8,10.6,13.23,90,1011.4,97,23.2,Port Harcourt
2012-10-08,29.2,23.1,25.3,10.0,10.0,17.35,89,1011.5,92,23.2,Port Harcourt
2012-10-09,27.9,23.0,25.3,5.8,9.0,10.23,90,1011.0,97,23.4,Port Harcourt
2012-10-10,27.2,23.6,25.1,20.5,12.5,10.72,92,1010.9,99,23.8,Port Harcourt
2012-10-11,27.5,23.0,25.0,9.5,13.0,11.79,93,1011.5,97,23.8,Port Harcourt
2012-10-12,29.2,22.6,25.3,7.7,10.0,18.15,90,1012.3,93,23.4,Port Harcourt
2012-10-13,29.9,23.1,25.8,4.3,9.7,18.69,87,1011.5,95,23.3,Port Harcourt
2012-10-14,29.6,23.4,25.9,3.6,9.6,17.5,89,1010.0,98,23.8,Port Harcourt
2012-10-15,28.8,23.3,25.6,9.1,7.4,14.16,90,1010.2,86,23.8,Port Harcourt
2012-10-16,28.4,23.8,25.5,8.8,8.7,12.78,92,1010.5,98,24.1,Port Harcourt
2012-10-17,28.0,23.6,24.9,16.7,8.7,10.59,94,1010.7,95,23.9,Port Harcourt
2012-10-18,29.1,23.3,25.4,12.6,13.1,15.2,91,1010.0,99,23.7,Port Harcourt
2012-10-19,26.5,23.4,24.3,33.2,9.7,6.61,94,1009.8,100,23.2,Port Harcourt
2012-10-20,28.4,22.9,25.1,3.6,11.5,13.1,90,1009.5,93,23.2,Port Harcourt
2012-10-21,28.5,23.0,25.4,6.0,12.1,13.62,91,1008.8,83,23.7,Port Harcourt
2012-10-22,27.9,23.4,25.3,5.0,10.3,10.3,90,1009.8,97,23.4,Port Harcourt
2012-10-23,29.2,23.6,25.4,13.6,11.1,13.41,91,1010.9,96,23.8,Port Harcourt
2012-10-24,27.8,23.5,25.5,1.7,7.6,9.95,90,1011.2,93,23.6,Port Harcourt
2012-10-25,28.9,23.6,26.1,0.5,7.6,11.78,87,1010.3,80,23.5,Port Harcourt
2012-10-26,30.1,23.4,26.1,4.6,10.4,19.64,87,1010.1,53,23.7,Port Harcourt
2012-10-27,28.2,23.7,25.5,7.2,8.6,12.39,90,1009.8,96,23.7,Port Harcourt
2012-10-28,29.0,24.2,25.9,13.3,10.7,13.4,88,1010.5,96,23.7,Port Harcourt
2012-10-29,28.7,23.5,25.6,10.4,10.8,11.89,89,1011.1,89,23.6,Port Harcourt
2012-10-30,29.8,23.0,25.8,3.2,10.1,18.62,87,1011.5,94,23.4,Port Harcourt
2012-10-31,29.8,23.4,25.9,5.8,9.2,18.84,89,1010.8,78,23.8,Port Harcourt
2012-11-01,31.0,23.1,26.7,0.3,9.6,19.45,84,1010.0,47,23.4,Port Harcourt
2012-11-02,29.3,23.9,26.2,0.6,12.9,17.22,88,1009.9,82,23.9,Port Harcourt
2012-11-03,29.3,23.9,25.6,5.3,8.7,14.8,88,1010.9,93,23.4,Port Harcourt
2012-11-04,29.4,23.2,25.6,8.6,11.0,16.87,89,1010.9,77,23.6,Port Harcourt
2012-11-05,29.7,23.1,25.6,10.8,11.6,17.78,90,1010.4,86,23.7,Port Harcourt
2012-11-06,29.4,23.0,25.6,8.1,9.0,16.65,90,1010.8,93,23.7,Port Harcourt
2012-11-07,27.6,22.7,24.7,18.0,7.6,13.72,94,1011.2,90,23.6,Port Harcourt
2012-11-08,27.9,22.5,24.8,0.5,9.3,11.76,90,1010.3,99,22.9,Port Harcourt
2012-11-09,28.1,22.6,25.0,10.5,7.4,14.61,93,1009.4,87,23.7,Port Harcourt
2012-11-10,29.4,23.2,25.7,1.3,8.6,15.23,89,1008.9,93,23.7,Port Harcourt
2012-11-11,27.9,23.6,25.4,8.3,13.3,10.46,90,1009.7,99,23.7,Port Harcourt
2012-11-12,29.7,23.4,25.5,14.7,8.2,12.94,91,1010.4,98,23.8,Port Harcourt
2012-11-13,29.9,23.5,25.6,12.7,8.1,15.65,92,1010.5,79,24.2,Port Harcourt
2012-11-14,27.8,23.2,25.3,2.9,8.7,11.56,92,1010.2,88,23.8,Port Harcourt
2012-11-15,31.0,23.3,26.6,0.7,8.4,18.41,87,1009.2,39,24.1,Port Harcourt
2012-11-16,30.5,24.1,26.6,5.2,10.7,18.95,89,1009.3,38,24.5,Port Harcourt
2012-11-17,30.0,24.5,26.4,7.2,12.2,16.66,89,1009.5,90,24.3,Port Harcourt
2012-11-18,29.9,24.0,26.0,9.5,9.8,13.78,89,1010.2,98,24.0,Port Harcourt
2012-11-19,30.2,23.8,26.0,9.8,8.0,16.96,89,1011.0,98,23.9,Port Harcourt
2012-11-20,30.5,23.6,26.6,1.2,7.4,17.01,87,1010.3,78,24.0,Port Harcourt
2012-11-21,28.1,24.6,26.1,8.9,10.1,11.18,91,1010.3,100,24.4,Port Harcourt
2012-11-22,30.8,23.7,26.6,1.8,8.8,17.72,86,1009.1,69,24.0,Port Harcourt
2012-11-23,29.7,24.0,26.0,7.3,10.1,15.75,90,1009.2,66,24.1,Port Harcourt
2012-11-24,29.1,23.9,25.9,6.6,9.2,15.12,89,1009.5,68,24.0,Port Harcourt
2012-11-25,29.2,23.3,25.7,7.3,9.0,14.4,91,1010.3,76,24.1,Port Harcourt
2012-11-26,27.9,24.3,25.4,14.3,11.9,12.86,93,1011.6,86,24.1,Port Harcourt
2012-11-27,29.8,23.9,26.1,1.2,6.4,15.77,86,1011.4,66,23.4,Port Harcourt
2012-11-28,29.1,23.6,25.9,1.4,9.7,14.04,88,1010.4,66,23.8,Port Harcourt
2012-11-29,30.6,23.6,26.6,1.1,9.4,17.14,86,1008.7,62,23.8,Port Harcourt
2012-11-30,30.3,24.6,26.8,3.0,8.8,16.57,87,1007.7,76,24.2,Port Harcourt
2012-12-01,29.9,24.4,26.5,5.6,10.6,16.35,88,1008.2,87,24.3,Port Harcourt
2012-12-02,30.3,24.0,26.5,1.9,10.0,15.64,87,1009.3,75,24.0,Port Harcourt
2012-12-03,29.0,24.1,26.0,3.2,11.7,12.49,90,1010.3,92,24.1,Port Harcourt
2012-12-04,29.9,23.7,26.3,1.3,11.6,16.2,87,1010.0,57,23.9,Port Harcourt
2012-12-05,29.0,23.8,26.0,1.3,13.1,17.0,88,1009.4,91,23.7,Port Harcourt
2012-12-06,29.6,23.5,25.9,5.2,9.8,17.08,89,1009.9,83,23.9,Port Harcourt
2012-12-07,29.0,23.8,25.8,6.3,11.3,14.14,89,1011.0,94,23.7,Port Harcourt
2012-12-08,29.9,23.8,26.4,0.7,11.0,15.86,87,1011.5,84,23.9,Port Harcourt
2012-12-09,30.7,24.1,26.8,0.7,9.0,16.84,85,1010.7,87,23.8,Port Harcourt
2012-12-10,28.6,24.1,25.8,7.1,8.6,12.74,91,1009.2,74,24.1,Port Harcourt
2012-12-11,28.1,23.7,25.6,5.5,10.8,12.24,89,1009.2,63,23.7,Port Harcourt
2012-12-12,30.2,23.6,26.4,2.2,9.7,16.95,86,1008.8,41,23.8,Port Harcourt
2012-12-13,31.0,23.8,26.7,0.5,12.1,17.42,83,1008.5,57,23.2,Port Harcourt
2012-12-14,31.2,23.7,26.8,0.0,10.8,17.91,83,1009.0,72,23.3,Port Harcourt
2012-12-15,30.8,24.8,27.0,2.5,9.2,17.11,87,1009.4,52,24.5,Port Harcourt
2012-12-16,30.9,24.6,26.9,2.8,10.4,17.72,86,1008.9,35,24.2,Port Harcourt
2012-12-17,30.4,24.5,26.8,3.5,10.0,17.65,87,1008.2,57,24.2,Port Harcourt
2012-12-18,30.8,24.3,26.8,0.1,11.4,14.39,83,1008.5,96,23.3,Port Harcourt
2012-12-19,32.2,24.1,27.4,0.0,10.2,20.52,80,1008.8,59,23.2,Port Harcourt
2012-12-20,31.1,24.4,27.1,1.5,11.2,17.07,83,1009.0,56,23.7,Port Harcourt
2012-12-21,29.9,24.1,26.4,2.1,10.4,16.85,88,1009.6,38,24.1,Port Harcourt
2012-12-22,31.5,23.7,27.0,0.3,8.6,17.77,82,1009.9,39,23.4,Port Harcourt
2012-12-23,32.2,23.3,27.2,0.0,9.0,19.62,81,1009.6,26,23.1,Port Harcourt
2012-12-24,31.7,23.8,27.4,0.0,11.3,18.65,80,1009.6,19,23.3,Port Harcourt
2012-12-25,30.8,24.8,27.1,1.7,10.8,15.81,84,1009.9,67,24.0,Port Harcourt
2012-12-26,33.3,22.8,27.5,0.0,10.8,21.67,76,1010.2,43,21.9,Port Harcourt
2012-12-27,32.6,23.5,27.4,0.0,12.1,20.19,78,1010.0,88,22.5,Port Harcourt
2012-12-28,30.2,23.5,26.6,0.8,11.9,16.0,86,1009.7,38,23.8,Port Harcourt
2012-12-29,32.1,24.1,27.4,0.0,10.8,19.91,78,1009.3,24,22.7,Port Harcourt
2012-12-30,31.0,24.4,27.5,0.7,11.1,16.72,80,1009.4,34,23.4,Port Harcourt
2012-12-31,33.1,23.9,27.9,0.8,15.6,20.22,78,1008.9,46,23.1,Port Harcourt
2013-01-01,32.2,25.1,27.8,0.2,13.1,17.52,78,1008.9,40,23.1,Port Harcourt
2013-01-02,33.6,24.1,28.2,0.1,10.8,21.23,75,1009.6,25,22.4,Port Harcourt
2013-01-03,33.7,24.6,28.3,0.0,13.6,20.95,76,1011.0,16,23.0,Port Harcourt
2013-01-04,33.5,24.4,28.4,0.0,11.6,19.49,75,1011.3,42,23.0,Port Harcourt
2013-01-05,31.1,24.1,27.3,1.0,14.3,17.21,82,1010.9,45,23.7,Port Harcourt
2013-01-06,30.1,24.5,26.6,4.4,15.8,16.24,84,1011.1,46,23.6,Port Harcourt
2013-01-07,28.5,23.8,25.8,6.4,9.8,13.59,86,1012.2,47,23.3,Port Harcourt
2013-01-08,31.6,22.3,26.3,0.0,9.4,17.75,81,1012.2,62,22.2,Port Harcourt
2013-01-09,33.2,24.0,27.3,0.0,12.3,21.16,78,1010.8,58,22.2,Port Harcourt
2013-01-10,33.4,24.6,27.7,0.0,12.6,21.19,77,1010.5,33,22.5,Port Harcourt
2013-01-11,32.4,24.5,27.5,0.0,12.3,20.93,79,1009.4,29,22.8,Port Harcourt
2013-01-12,33.8,23.5,27.8,0.0,12.6,21.9,77,1008.5,17,22.6,Port Harcourt
2013-01-13,34.1,24.1,28.1,0.0,13.0,21.98,76,1007.8,10,22.8,Port Harcourt
2013-01-14,32.1,24.8,28.0,0.2,12.1,18.27,78,1007.7,25,23.4,Port Harcourt
2013-01-15,32.7,25.1,28.2,0.8,11.2,16.64,80,1008.0,75,24.0,Port Harcourt
2013-01-16,33.3,25.7,28.6,0.9,13.2,17.96,78,1008.5,87,24.1,Port Harcourt
2013-01-17,32.6,25.7,28.1,2.0,14.9,16.05,82,1009.5,85,24.4,Port Harcourt
2013-01-18,30.0,25.6,27.3,4.8,11.5,12.41,84,1009.9,95,24.3,Port Harcourt
2013-01-19,31.3,25.5,27.4,5.8,11.3,16.05,84,1009.7,73,24.4,Port Harcourt
2013-01-20,32.2,24.7,27.8,0.5,8.5,18.24,83,1009.5,63,24.5,Port Harcourt
2013-01-21,31.3,25.0,27.7,2.5,9.0,16.58,86,1009.3,50,25.1,Port Harcourt
2013-01-22,29.5,25.6,27.2,5.7,10.0,11.92,87,1009.9,86,24.8,Port Harcourt
2013-01-23,31.3,25.7,27.4,5.1,12.4,15.81,84,1010.5,73,24.4,Port Harcourt
2013-01-24,30.4,25.1,26.6,10.4,12.3,14.32,87,1010.9,98,24.2,Port Harcourt
2013-01-25,31.4,24.4,27.1,2.8,10.9,18.09,85,1010.1,62,24.2,Port Harcourt
2013-01-26,29.3,24.4,26.1,15.7,9.8,10.76,89,1010.7,97,24.0,Port Harcourt
2013-01-27,31.1,24.3,26.5,3.8,10.1,16.52,87,1011.6,90,24.1,Port Harcourt
2013-01-28,30.2,23.2,25.8,17.0,10.0,13.75,90,1011.6,97,24.1,Port Harcourt
2013-01-29,31.7,24.1,27.3,0.5,12.2,17.77,82,1011.2,79,23.7,Port Harcourt
2013-01-30,30.8,24.5,26.8,4.3,10.9,18.32,87,1011.1,61,24.4,Port Harcourt
2013-01-31,31.9,24.0,27.2,0.1,10.2,17.05,81,1010.5,79,23.1,Port Harcourt
2013-02-01,33.6,22.3,26.7,0.0,12.9,24.53,64,1010.4,49,17.2,Port Harcourt
2013-02-02,32.5,20.4,26.3,0.0,9.2,24.34,64,1010.2,81,17.4,Port Harcourt
2013-02-03,31.7,22.1,26.5,0.0,10.9,23.39,78,1008.7,11,22.0,Port Harcourt
2013-02-04,32.9,22.7,27.2,0.0,11.3,22.14,80,1009.2,21,23.1,Port Harcourt
2013-02-05,33.0,24.5,28.3,0.7,13.8,19.9,82,1009.1,58,24.5,Port Harcourt
2013-02-06,31.0,25.7,27.7,2.0,11.2,16.9,84,1009.7,58,24.7,Port Harcourt
2013-02-07,32.3,24.8,27.5,1.4,13.0,17.51,84,1008.5,75,24.3,Port Harcourt
2013-02-08,33.7,24.7,28.0,1.0,14.0,19.64,81,1007.7,55,24.0,Port Harcourt
2013-02-09,33.7,24.7,28.4,0.4,17.1,20.19,79,1007.2,43,24.0,Port Harcourt
2013-02-10,31.1,25.6,27.8,2.1,13.9,17.36,85,1008.1,71,25.0,Port Harcourt
2013-02-11,30.9,24.8,27.1,5.4,11.8,16.9,84,1008.3,90,24.0,Port Harcourt
2013-02-12,29.9,25.0,27.0,1.5,12.1,15.15,84,1008.3,78,24.0,Port Harcourt
2013-02-13,31.7,24.8,27.4,2.9,13.4,19.9,83,1008.5,62,24.1,Port Harcourt
2013-02-14,31.0,25.0,27.5,0.7,11.4,18.09,84,1008.4,91,24.4,Port Harcourt
2013-02-15,30.7,24.6,26.9,5.9,7.5,16.77,86,1008.4,92,24.3,Port Harcourt
2013-02-16,31.2,24.5,27.0,4.4,16.9,18.43,86,1008.2,96,24.2,Port Harcourt
2013-02-17,30.5,24.8,26.5,4.2,11.8,13.94,87,1009.0,98,24.1,Port Harcourt
2013-02-18,31.0,24.1,26.3,6.0,9.4,17.92,87,1009.2,82,23.9,Port Harcourt
2013-02-19,30.8,24.5,26.9,2.3,11.9,19.09,86,1009.7,65,24.3,Port Harcourt
2013-02-20,29.8,24.0,26.8,5.1,13.4,18.89,87,1010.7,69,24.3,Port Harcourt
2013-02-21,30.9,25.0,27.7,0.9,10.8,18.56,83,1009.2,59,24.3,Port Harcourt
2013-02-22,32.2,24.3,27.7,0.7,9.1,18.11,83,1007.8,44,24.2,Port Harcourt
2013-02-23,31.2,25.2,27.1,10.3,13.0,15.97,87,1007.6,67,24.6,Port Harcourt
2013-02-24,31.0,25.2,27.5,1.5,12.0,17.15,84,1007.6,98,24.3,Port Harcourt
2013-02-25,31.1,25.5,27.9,1.1,13.2,18.22,83,1008.6,88,24.6,Port Harcourt
2013-02-26,31.0,25.8,27.6,4.3,13.0,17.85,84,1009.9,95,24.7,Port Harcourt
2013-02-27,31.4,25.5,27.5,2.0,11.3,16.91,86,1009.8,93,24.9,Port Harcourt
2013-02-28,31.9,25.3,27.9,1.6,13.6,18.81,83,1009.0,60,24.6,Port Harcourt
2013-03-01,31.9,25.1,27.9,1.7,11.7,18.56,82,1008.4,38,24.3,Port Harcourt
2013-03-02,31.0,25.1,27.6,2.4,13.3,17.85,86,1008.9,66,25.0,Port Harcourt
2013-03-03,31.0,25.3,27.3,11.1,10.2,18.51,89,1009.2,36,25.2,Port Harcourt
2013-03-04,29.8,25.7,26.9,14.7,13.4,14.55,88,1010.3,80,24.8,Port Harcourt
2013-03-05,32.0,24.7,28.0,0.3,11.1,21.61,81,1010.0,56,24.1,Port Harcourt
2013-03-06,31.1,25.2,27.7,6.2,12.6,19.23,84,1009.8,43,24.6,Port Harcourt
2013-03-07,31.2,25.0,27.6,8.8,13.5,18.81,86,1009.3,72,24.9,Port Harcourt
2013-03-08,31.5,25.1,27.3,12.8,16.1,18.11,90,1009.4,68,25.4,Port Harcourt
2013-03-09,28.5,25.3,26.3,11.3,9.9,8.9,91,1010.2,97,24.6,Port Harcourt
2013-03-10,31.3,24.5,27.6,1.1,12.6,19.03,83,1010.1,77,24.3,Port Harcourt
2013-03-11,31.4,24.9,27.5,4.5,10.0,18.4,85,1009.5,53,24.5,Port Harcourt
2013-03-12,32.0,24.7,27.6,7.0,12.6,21.14,85,1009.1,70,24.5,Port Harcourt
2013-03-13,32.3,24.7,27.5,5.5,9.8,19.84,86,1008.5,80,24.6,Port Harcourt
2013-03-14,32.1,25.1,27.5,8.5,11.4,19.68,85,1008.0,62,24.6,Port Harcourt
2013-03-15,30.6,25.1,26.6,15.4,11.6,12.49,89,1008.5,77,24.6,Port Harcourt
2013-03-16,31.4,25.4,27.7,2.1,11.2,16.23,84,1009.3,84,24.5,Port Harcourt
2013-03-17,30.4,25.2,27.2,2.9,13.5,13.91,86,1010.1,96,24.4,Port Harcourt
2013-03-18,31.6,24.7,27.7,4.5,11.0,20.78,84,1008.9,71,24.6,Port Harcourt
2013-03-19,31.3,25.1,27.3,9.2,10.7,17.33,86,1007.7,81,24.6,Port Harcourt
2013-03-20,32.0,25.0,27.7,2.9,10.9,18.48,83,1007.4,85,24.5,Port Harcourt
2013-03-21,30.2,25.8,27.1,11.9,16.6,16.45,88,1008.2,73,24.8,Port Harcourt
2013-03-22,31.2,24.4,27.3,5.2,13.3,19.23,84,1007.8,83,24.1,Port Harcourt
2013-03-23,30.1,24.8,26.8,9.2,9.9,18.3,88,1008.2,83,24.6,Port Harcourt
2013-03-24,30.4,24.4,26.3,5.0,12.2,15.47,89,1009.2,100,24.1,Port Harcourt
2013-03-25,31.0,24.7,27.4,1.6,10.9,18.66,84,1009.4,78,24.4,Port Harcourt
2013-03-26,30.9,25.6,27.3,12.1,13.0,16.68,87,1009.2,73,24.8,Port Harcourt
2013-03-27,29.3,24.3,25.9,25.2,12.8,8.91,92,1009.8,97,24.5,Port Harcourt
2013-03-28,29.9,24.0,25.8,11.5,11.3,13.76,91,1010.9,100,24.1,Port Harcourt
2013-03-29,30.8,23.3,26.9,0.5,11.5,17.84,84,1011.2,97,23.7,Port Harcourt
2013-03-30,29.0,25.0,26.1,10.2,14.8,10.6,91,1011.4,98,24.4,Port Harcourt
2013-03-31,31.4,24.0,27.2,2.0,9.4,21.45,84,1010.8,69,24.1,Port Harcourt
2013-04-01,31.9,25.1,28.0,3.6,10.8,22.18,83,1010.7,23,24.5,Port Harcourt
2013-04-02,30.0,24.5,26.7,9.9,8.4,14.67,89,1011.0,87,24.6,Port Harcourt
2013-04-03,31.8,24.5,27.5,4.5,11.9,20.39,84,1009.6,84,24.3,Port Harcourt
2013-04-04,30.6,24.7,27.0,8.1,12.3,17.16,88,1009.4,55,24.7,Port Harcourt
2013-04-05,28.8,24.7,26.7,4.3,12.7,14.31,89,1010.2,93,24.6,Port Harcourt
2013-04-06,31.3,23.6,26.8,8.3,15.0,19.94,87,1010.3,86,24.2,Port Harcourt
2013-04-07,30.1,24.4,26.5,8.7,11.4,17.94,88,1010.0,92,24.3,Port Harcourt
2013-04-08,30.2,24.4,26.6,8.9,11.1,16.42,88,1010.2,88,24.3,Port Harcourt
2013-04-09,30.4,24.3,26.1,14.2,12.4,16.29,89,1011.0,85,24.1,Port Harcourt
2013-04-10,30.3,24.1,26.6,7.0,9.7,17.87,89,1011.2,93,24.4,Port Harcourt
2013-04-11,31.8,25.4,28.1,0.4,9.7,20.89,82,1009.1,47,24.6,Port Harcourt
2013-04-12,31.7,25.4,28.0,0.6,13.2,21.86,81,1008.2,27,24.2,Port Harcourt
2013-04-13,30.9,25.1,27.2,15.8,9.7,17.76,87,1009.0,78,24.8,Port Harcourt
2013-04-14,30.1,24.3,26.3,20.9,13.6,12.9,91,1010.1,97,24.8,Port Harcourt
2013-04-15,25.7,24.3,24.9,4.0,9.5,3.83,93,1010.1,98,23.7,Port Harcourt
2013-04-16,29.1,24.8,26.5,4.8,10.9,10.77,89,1009.5,99,24.4,Port Harcourt
2013-04-17,30.0,24.4,26.4,9.2,10.5,16.26,90,1009.8,73,24.5,Port Harcourt
2013-04-18,30.4,23.9,26.1,10.0,12.3,15.84,89,1009.3,86,24.1,Port Harcourt
2013-04-19,28.7,24.5,26.2,3.3,7.2,10.05,90,1009.1,86,24.3,Port Harcourt
2013-04-20,31.9,23.5,27.2,0.1,10.6,22.8,85,1008.9,45,24.2,Port Harcourt
2013-04-21,30.5,24.5,26.8,8.7,10.7,17.5,89,1008.9,87,24.7,Port Harcourt
2013-04-22,27.5,24.4,25.7,10.7,9.0,10.57,92,1009.0,100,24.4,Port Harcourt
2013-04-23,30.1,24.1,26.4,5.5,11.2,13.3,89,1008.3,100,24.3,Port Harcourt
2013-04-24,28.4,24.3,26.0,11.8,8.0,12.13,92,1010.1,100,24.6,Port Harcourt
2013-04-25,30.9,24.3,27.2,3.7,10.6,20.28,86,1010.7,86,24.5,Port Harcourt
2013-04-26,30.4,24.8,26.7,11.2,9.4,16.73,89,1011.0,99,24.7,Port Harcourt
2013-04-27,28.6,24.7,25.9,9.7,11.0,11.25,91,1009.7,100,24.2,Port Harcourt
2013-04-28,31.8,23.7,26.9,4.6,10.8,21.63,86,1009.4,89,24.1,Port Harcourt
2013-04-29,30.4,24.8,26.7,6.7,8.6,15.02,90,1009.0,91,24.9,Port Harcourt
2013-04-30,29.1,24.6,26.7,9.1,11.0,15.32,91,1010.0,91,25.0,Port Harcourt
2013-05-01,28.8,23.9,25.8,12.8,10.8,8.95,91,1010.7,99,24.2,Port Harcourt
2013-05-02,31.2,23.9,26.9,6.2,10.9,19.37,88,1009.2,84,24.5,Port Harcourt
2013-05-03,28.5,24.8,26.2,11.4,8.9,10.54,92,1009.0,99,24.7,Port Harcourt
2013-05-04,30.6,25.1,27.1,9.3,11.0,18.76,87,1009.3,98,24.7,Port Harcourt
2013-05-05,31.2,24.6,27.0,8.8,11.6,20.79,88,1010.4,90,24.7,Port Harcourt
2013-05-06,29.9,24.7,26.8,7.9,9.9,16.14,91,1011.0,91,25.1,Port Harcourt
2013-05-07,30.5,24.3,26.5,11.0,13.0,16.83,89,1012.0,97,24.5,Port Harcourt
2013-05-08,29.5,24.8,26.9,0.9,11.2,13.26,87,1011.8,79,24.4,Port Harcourt
2013-05-09,31.0,24.6,27.0,6.8,12.4,20.87,86,1011.3,53,24.3,Port Harcourt
2013-05-10,29.3,24.3,26.0,4.8,11.5,13.75,89,1012.1,92,24.0,Port Harcourt
2013-05-11,27.8,24.1,25.7,8.9,8.9,11.39,92,1012.1,93,24.2,Port Harcourt
2013-05-12,27.9,24.1,25.8,11.2,8.4,12.18,91,1012.1,98,24.2,Port Harcourt
2013-05-13,28.9,23.9,25.4,13.6,8.9,11.96,92,1012.7,99,24.0,Port Harcourt
2013-05-14,30.6,24.1,26.5,8.9,11.8,18.32,88,1011.4,86,24.1,Port Harcourt
2013-05-15,28.1,24.0,25.8,4.2,7.9,8.25,91,1010.1,97,24.1,Port Harcourt
2013-05-16,30.3,24.4,26.8,5.8,10.8,19.17,86,1009.0,75,24.1,Port Harcourt
2013-05-17,25.7,24.3,25.0,67.6,8.4,4.37,96,1009.9,100,24.3,Port Harcourt
2013-05-18,27.3,23.7,25.4,13.1,10.3,9.96,94,1011.3,99,24.3,Port Harcourt
2013-05-19,30.3,24.4,26.9,0.2,11.2,18.17,85,1011.1,79,24.0,Port Harcourt
2013-05-20,28.4,24.6,26.3,3.7,11.6,13.72,88,1011.1,97,24.0,Port Harcourt
2013-05-21,30.1,24.5,26.7,2.2,11.1,19.29,89,1010.4,76,24.6,Port Harcourt
2013-05-22,29.5,24.6,26.4,6.5,11.7,17.4,90,1011.0,64,24.5,Port Harcourt
2013-05-23,28.9,24.1,26.4,10.8,9.9,16.1,88,1011.1,63,24.2,Port Harcourt
2013-05-24,30.8,24.6,27.3,0.5,11.9,19.6,84,1010.8,69,24.1,Port Harcourt
2013-05-25,29.5,24.8,26.7,3.5,11.2,16.28,89,1010.8,80,24.7,Port Harcourt
2013-05-26,27.7,24.2,25.3,16.7,9.0,9.02,93,1011.0,99,24.0,Port Harcourt
2013-05-27,27.6,23.8,25.2,20.3,9.0,10.82,92,1010.6,89,23.9,Port Harcourt
2013-05-28,25.5,23.4,24.4,20.3,13.4,5.53,96,1011.2,100,23.7,Port Harcourt
2013-05-29,29.5,23.1,25.9,1.2,6.1,15.29,88,1011.3,96,23.6,Port Harcourt
2013-05-30,27.1,23.9,24.9,13.6,8.7,5.12,96,1011.8,99,24.2,Port Harcourt
2013-05-31,30.2,24.0,26.6,3.7,9.0,18.35,86,1010.9,91,23.9,Port Harcourt
2013-06-01,30.0,24.4,26.4,5.1,11.7,15.64,86,1009.9,87,23.8,Port Harcourt
2013-06-02,28.5,24.0,25.9,2.9,10.8,14.88,88,1011.3,84,23.8,Port Harcourt
2013-06-03,27.5,23.8,24.7,15.0,14.5,8.96,94,1012.5,99,23.8,Port Harcourt
2013-06-04,28.6,23.5,25.3,5.6,10.0,10.23,91,1012.6,99,23.6,Port Harcourt
2013-06-05,29.1,23.2,25.4,6.2,10.4,15.2,89,1012.2,94,23.4,Port Harcourt
2013-06-06,28.4,23.3,25.2,9.3,13.2,14.16,89,1013.4,93,23.3,Port Harcourt
2013-06-07,29.0,23.1,25.8,1.1,10.7,18.6,86,1013.2,90,23.2,Port Harcourt
2013-06-08,29.0,23.7,25.9,2.8,10.9,16.74,88,1012.3,82,23.7,Port Harcourt
2013-06-09,27.4,24.2,25.5,6.6,13.0,12.34,89,1011.8,93,23.4,Port Harcourt
2013-06-10,27.8,23.5,25.2,6.5,9.4,10.41,91,1012.1,95,23.6,Port Harcourt
2013-06-11,28.7,23.4,25.6,6.5,8.4,14.35,88,1012.9,93,23.4,Port Harcourt
2013-06-12,28.3,24.2,25.6,12.2,11.8,12.97,88,1012.8,95,23.5,Port Harcourt
2013-06-13,29.0,24.2,26.2,2.4,15.3,17.84,86,1012.4,75,23.6,Port Harcourt
2013-06-14,28.3,24.0,25.4,7.5,10.2,14.54,89,1012.2,71,23.3,Port Harcourt
2013-06-15,27.6,23.1,25.2,9.1,9.1,13.73,90,1012.0,96,23.4,Port Harcourt
2013-06-16,27.3,23.5,25.3,4.7,9.6,11.26,90,1012.2,99,23.5,Port Harcourt
2013-06-17,29.3,23.7,25.6,9.2,12.0,15.86,90,1012.2,96,23.7,Port Harcourt
2013-06-18,28.4,23.6,25.1,10.6,11.0,12.34,91,1011.7,99,23.6,Port Harcourt
2013-06-19,27.6,23.4,24.4,30.5,9.7,9.65,93,1011.6,97,23.3,Port Harcourt
2013-06-20,25.7,23.1,24.1,20.0,10.0,5.22,96,1012.2,94,23.4,Port Harcourt
2013-06-21,28.9,23.1,25.3,2.3,11.9,14.96,88,1012.6,81,23.0,Port Harcourt
2013-06-22,29.3,23.2,25.6,4.1,11.1,17.15,87,1012.4,44,23.2,Port Harcourt
2013-06-23,26.6,23.8,25.0,8.1,11.4,9.83,91,1012.3,91,23.3,Port Harcourt
2013-06-24,26.5,23.5,24.6,12.0,13.0,8.51,92,1012.4,98,23.2,Port Harcourt
2013-06-25,27.6,22.8,24.5,11.1,6.8,9.41,93,1012.8,93,23.3,Port Harcourt
2013-06-26,29.1,22.5,25.0,10.6,10.0,14.08,90,1012.3,95,23.1,Port Harcourt
2013-06-27,26.9,23.1,24.3,27.1,17.9,9.72,93,1012.7,99,23.2,Port Harcourt
2013-06-28,24.5,22.4,23.4,17.7,7.9,3.8,98,1013.0,100,23.0,Port Harcourt
2013-06-29,27.8,22.2,24.5,4.1,10.2,12.45,89,1012.8,76,22.6,Port Harcourt
2013-06-30,28.0,22.9,25.1,1.8,12.8,14.59,88,1012.8,93,22.9,Port Harcourt
2013-07-01,28.7,23.7,25.3,1.5,10.2,14.82,85,1013.2,95,22.4,Port Harcourt
2013-07-02,27.9,23.4,25.1,1.6,13.7,10.79,85,1012.9,97,22.3,Port Harcourt
2013-07-03,27.4,23.0,24.4,10.4,13.0,9.87,90,1012.5,98,22.5,Port Harcourt
2013-07-04,27.1,22.6,24.2,8.4,11.8,10.29,91,1012.0,86,22.6,Port Harcourt
2013-07-05,26.2,23.2,24.4,1.6,14.8,8.03,88,1012.3,97,22.2,Port Harcourt
2013-07-06,25.2,22.6,23.5,18.0,10.8,4.89,94,1013.2,99,22.4,Port Harcourt
2013-07-07,24.4,22.1,23.1,26.7,8.4,4.85,97,1013.7,99,22.5,Port Harcourt
2013-07-08,23.2,22.6,22.9,77.6,7.1,1.67,97,1014.1,100,22.4,Port Harcourt
2013-07-09,27.7,22.4,24.3,2.9,9.4,11.61,89,1014.1,85,22.3,Port Harcourt
2013-07-10,28.7,22.2,24.7,5.2,11.9,15.39,88,1012.8,87,22.5,Port Harcourt
2013-07-11,27.9,22.9,24.2,12.9,9.2,13.1,90,1012.7,99,22.5,Port Harcourt
2013-07-12,27.2,22.9,24.3,15.8,10.8,11.58,90,1013.6,88,22.6,Port Harcourt
2013-07-13,27.8,22.2,24.1,13.7,11.0,11.88,91,1013.9,96,22.5,Port Harcourt
2013-07-14,26.2,22.1,23.9,7.0,12.8,9.78,92,1013.3,93,22.4,Port Harcourt
2013-07-15,28.0,22.4,24.8,3.2,11.8,16.21,87,1013.7,74,22.5,Port Harcourt
2013-07-16,28.6,22.6,24.9,5.0,11.9,16.78,89,1014.3,82,22.9,Port Harcourt
2013-07-17,28.0,22.7,24.3,9.0,7.9,11.72,89,1014.7,98,22.4,Port Harcourt
2013-07-18,26.3,22.9,24.1,8.9,11.4,10.25,91,1013.6,89,22.5,Port Harcourt
2013-07-19,27.5,23.0,24.5,4.4,12.9,12.67,88,1013.1,83,22.4,Port Harcourt
2013-07-20,26.9,22.7,24.5,4.8,11.9,11.61,87,1012.9,84,22.1,Port Harcourt
2013-07-21,25.9,23.5,24.4,4.9,11.2,10.41,89,1012.5,82,22.5,Port Harcourt
2013-07-22,29.5,23.2,25.1,9.3,11.5,16.22,85,1011.9,91,22.4,Port Harcourt
2013-07-23,28.4,23.0,24.4,13.5,11.0,11.54,89,1011.4,92,22.5,Port Harcourt
2013-07-24,25.9,22.9,23.8,59.6,16.0,8.86,93,1013.4,100,22.5,Port Harcourt
2013-07-25,25.4,23.2,24.2,0.0,11.8,5.11,87,1015.3,99,21.8,Port Harcourt
2013-07-26,27.7,22.7,24.5,4.0,11.5,12.39,86,1015.2,99,22.0,Port Harcourt
2013-07-27,28.0,22.2,24.4,2.1,12.6,13.53,87,1013.5,83,22.0,Port Harcourt
2013-07-28,26.4,23.1,24.5,1.2,15.0,10.09,86,1013.7,96,21.9,Port Harcourt
2013-07-29,26.6,23.4,24.7,2.1,16.4,13.22,83,1014.9,100,21.5,Port Harcourt
2013-07-30,29.0,22.7,25.3,0.1,12.3,15.86,79,1015.1,85,21.2,Port Harcourt
2013-07-31,28.5,22.9,25.1,1.4,13.0,16.46,81,1014.1,86,21.5,Port Harcourt
2013-08-01,27.9,23.3,25.0,2.0,14.2,17.47,84,1014.4,88,22.0,Port Harcourt
2013-08-02,27.5,22.3,24.3,4.5,14.7,13.2,89,1014.7,85,22.3,Port Harcourt
2013-08-03,28.0,22.4,24.8,1.0,11.8,14.46,85,1013.9,81,22.1,Port Harcourt
2013-08-04,27.8,23.4,24.8,6.1,11.5,14.16,86,1013.2,98,22.4,Port Harcourt
2013-08-05,26.6,23.1,24.2,5.7,13.3,10.22,91,1012.5,97,22.6,Port Harcourt
2013-08-06,27.6,23.1,24.4,6.9,13.2,11.69,90,1011.7,93,22.6,Port Harcourt
2013-08-07,24.2,22.8,23.4,16.8,12.4,4.63,95,1011.0,100,22.5,Port Harcourt
2013-08-08,27.6,22.5,24.4,4.9,14.1,16.25,87,1011.0,84,22.0,Port Harcourt
2013-08-09,27.9,22.7,24.6,2.2,11.7,13.84,87,1011.8,82,22.2,Port Harcourt
2013-08-10,28.5,23.4,25.3,0.9,13.0,17.44,82,1012.1,81,21.8,Port Harcourt
2013-08-11,27.8,23.1,25.1,1.3,12.4,18.09,84,1012.5,92,22.1,Port Harcourt
2013-08-12,26.2,23.2,24.6,2.5,13.8,12.41,84,1013.1,99,21.6,Port Harcourt
2013-08-13,28.8,23.2,25.3,0.3,12.5,18.15,77,1013.5,83,20.8,Port Harcourt
2013-08-14,26.3,23.0,24.4,0.0,15.0,8.12,79,1013.0,97,20.5,Port Harcourt
2013-08-15,26.1,22.7,24.3,0.3,20.4,10.79,77,1012.6,83,20.0,Port Harcourt
2013-08-16,27.2,21.4,24.3,0.8,12.3,14.48,81,1012.4,82,20.7,Port Harcourt
2013-08-17,27.3,23.2,24.8,2.0,13.3,13.58,83,1012.3,93,21.6,Port Harcourt
2013-08-18,28.5,23.1,25.5,2.0,11.6,16.22,81,1012.1,88,21.9,Port Harcourt
2013-08-19,28.2,23.8,25.6,2.3,9.7,15.24,82,1011.7,82,22.3,Port Harcourt
2013-08-20,27.9,23.8,25.1,5.6,14.8,15.39,86,1012.2,91,22.6,Port Harcourt
2013-08-21,28.4,23.1,24.6,6.0,15.6,14.79,88,1012.3,92,22.5,Port Harcourt
2013-08-22,27.3,22.5,24.3,7.7,10.4,10.4,90,1012.3,99,22.5,Port Harcourt
2013-08-23,26.9,23.4,24.5,5.1,12.4,7.89,90,1012.0,96,22.7,Port Harcourt
2013-08-24,24.4,22.7,23.4,29.3,13.2,3.91,95,1012.5,100,22.5,Port Harcourt
2013-08-25,27.5,22.7,24.5,27.7,13.0,13.29,91,1011.7,95,22.8,Port Harcourt
2013-08-26,27.9,23.4,25.3,1.9,12.2,15.59,85,1011.8,83,22.4,Port Harcourt
2013-08-27,27.5,23.7,24.9,3.9,10.0,9.09,87,1012.2,94,22.6,Port Harcourt
2013-08-28,26.9,23.5,24.5,10.2,14.0,10.13,89,1012.9,97,22.6,Port Harcourt
2013-08-29,27.5,23.2,24.4,11.3,15.0,12.35,91,1013.5,98,22.8,Port Harcourt
2013-08-30,26.4,22.8,23.7,9.5,10.1,7.03,93,1013.6,100,22.5,Port Harcourt
2013-08-31,26.1,22.6,23.7,13.4,14.1,8.68,92,1012.4,92,22.3,Port Harcourt
2013-09-01,23.7,22.4,23.0,46.2,14.0,3.1,97,1012.2,100,22.4,Port Harcourt
2013-09-02,27.3,22.5,24.6,3.0,9.8,13.14,89,1012.6,98,22.5,Port Harcourt
2013-09-03,29.5,22.8,25.1,7.5,9.4,16.98,87,1013.1,84,22.7,Port Harcourt
2013-09-04,28.0,23.3,24.9,1.9,10.5,13.26,88,1013.4,99,22.7,Port Harcourt
2013-09-05,27.0,22.5,24.1,6.0,12.3,9.85,91,1012.8,94,22.4,Port Harcourt
2013-09-06,28.3,22.5,24.7,5.7,9.1,13.38,87,1012.9,97,22.4,Port Harcourt
2013-09-07,29.7,22.9,24.8,12.9,15.3,15.74,89,1012.5,91,22.8,Port Harcourt
2013-09-08,25.3,22.6,23.9,14.1,11.5,7.22,93,1012.9,99,22.7,Port Harcourt
2013-09-09,25.3,22.5,23.7,13.7,10.8,7.97,94,1013.0,98,22.7,Port Harcourt
2013-09-10,26.4,22.1,23.9,9.3,12.0,11.11,91,1012.6,90,22.4,Port Harcourt
2013-09-11,27.9,22.2,24.4,4.2,12.1,16.07,89,1011.8,91,22.4,Port Harcourt
2013-09-12,27.2,22.4,24.4,3.7,12.2,12.09,90,1011.8,90,22.6,Port Harcourt
2013-09-13,27.4,22.4,24.3,9.3,8.7,12.76,92,1013.0,93,22.8,Port Harcourt
2013-09-14,26.6,22.2,24.4,7.2,12.1,11.6,91,1013.8,86,22.7,Port Harcourt
2013-09-15,28.7,22.1,25.0,4.2,12.0,18.84,88,1013.7,77,22.8,Port Harcourt
2013-09-16,28.4,23.3,25.2,4.0,10.0,13.78,88,1013.0,97,23.0,Port Harcourt
2013-09-17,28.4,23.5,25.4,5.4,9.0,14.65,88,1012.5,84,23.1,Port Harcourt
2013-09-18,30.1,23.1,25.9,5.4,10.7,18.28,86,1011.7,77,23.4,Port Harcourt
2013-09-19,30.0,24.6,26.4,3.8,12.2,19.42,86,1010.5,82,23.8,Port Harcourt
2013-09-20,28.3,23.6,25.2,10.5,12.5,11.62,89,1011.2,98,23.2,Port Harcourt
2013-09-21,29.5,23.9,25.6,3.8,12.0,18.5,88,1011.5,85,23.3,Port Harcourt
2013-09-22,27.9,23.3,24.5,17.3,13.3,12.3,93,1011.8,98,23.2,Port Harcourt
2013-09-23,26.5,23.1,24.4,11.7,15.8,11.85,92,1012.8,100,23.0,Port Harcourt
2013-09-24,27.9,23.2,25.2,1.3,10.7,13.6,86,1013.6,100,22.7,Port Harcourt
2013-09-25,28.7,23.4,25.1,8.6,9.6,14.34,88,1013.4,88,23.0,Port Harcourt
2013-09-26,30.0,23.2,25.3,10.3,10.3,15.34,89,1012.9,89,23.2,Port Harcourt
2013-09-27,27.9,23.2,24.7,11.6,12.7,12.48,92,1012.8,98,23.2,Port Harcourt
2013-09-28,27.7,23.1,24.7,7.6,8.9,10.44,90,1013.1,91,22.9,Port Harcourt
2013-09-29,29.0,23.4,25.1,7.6,9.2,13.51,90,1012.7,85,23.3,Port Harcourt
2013-09-30,29.1,23.3,25.6,2.3,10.6,18.85,86,1011.6,67,23.0,Port Harcourt
2013-10-01,29.3,23.4,25.4,11.4,11.2,18.32,89,1011.4,66,23.2,Port Harcourt
2013-10-02,27.5,22.8,24.8,4.9,9.0,10.8,91,1011.1,98,23.2,Port Harcourt
2013-10-03,24.7,23.0,23.7,59.6,12.5,4.33,97,1011.5,100,23.2,Port Harcourt
2013-10-04,25.6,23.1,24.0,27.8,10.0,6.36,95,1012.8,98,23.2,Port Harcourt
2013-10-05,28.6,22.7,24.8,8.0,9.0,13.49,91,1012.1,93,23.1,Port Harcourt
2013-10-06,27.9,22.5,24.4,11.0,7.5,10.91,91,1012.3,100,22.8,Port Harcourt
2013-10-07,28.1,23.3,24.8,16.1,9.0,13.46,91,1012.3,98,23.2,Port Harcourt
2013-10-08,26.8,22.9,24.5,14.0,8.2,10.64,92,1012.4,99,23.1,Port Harcourt
2013-10-09,28.3,23.0,24.6,14.3,14.5,12.74,91,1011.9,95,23.0,Port Harcourt
2013-10-10,26.4,23.2,24.5,13.5,12.0,10.93,92,1012.1,89,23.1,Port Harcourt
2013-10-11,29.5,22.0,24.9,6.9,9.9,17.68,89,1012.3,96,22.9,Port Harcourt
2013-10-12,29.5,23.1,25.7,1.6,11.5,18.9,88,1012.3,65,23.5,Port Harcourt
2013-10-13,29.3,23.1,25.3,9.9,10.7,17.22,91,1011.3,80,23.7,Port Harcourt
2013-10-14,26.6,23.1,24.6,23.4,12.2,12.48,91,1011.2,82,23.0,Port Harcourt
2013-10-15,29.4,22.5,25.5,2.9,7.4,18.49,87,1012.0,77,23.0,Port Harcourt
2013-10-16,29.9,22.9,25.8,7.9,11.0,17.18,87,1012.0,91,23.2,Port Harcourt
2013-10-17,28.0,23.9,25.4,6.6,10.3,10.32,91,1011.2,97,23.8,Port Harcourt
2013-10-18,29.7,23.4,25.6,12.7,7.3,15.95,91,1011.2,85,23.9,Port Harcourt
2013-10-19,26.3,23.5,24.8,18.0,9.3,10.13,94,1011.1,99,23.8,Port Harcourt
2013-10-20,27.5,23.6,24.9,16.2,11.6,9.97,93,1011.1,100,23.6,Port Harcourt
2013-10-21,28.5,23.3,25.1,9.7,9.8,13.71,92,1011.0,86,23.7,Port Harcourt
2013-10-22,28.5,23.4,25.1,10.5,12.6,15.14,91,1011.4,84,23.4,Port Harcourt
2013-10-23,30.0,22.7,25.6,3.4,10.6,18.8,88,1011.4,57,23.3,Port Harcourt
2013-10-24,29.1,23.5,25.3,12.6,10.9,15.62,90,1011.5,87,23.6,Port Harcourt
2013-10-25,29.4,23.1,25.6,8.8,11.2,17.37,89,1011.3,90,23.6,Port Harcourt
2013-10-26,29.5,22.8,25.4,10.7,8.4,17.44,90,1011.3,74,23.6,Port Harcourt
2013-10-27,29.8,23.0,25.6,9.8,9.4,18.46,89,1011.8,86,23.5,Port Harcourt
2013-10-28,29.7,23.9,25.8,6.1,8.2,17.33,88,1012.2,83,23.6,Port Harcourt
2013-10-29,29.1,23.2,25.6,10.8,12.1,16.45,89,1011.5,87,23.5,Port Harcourt
2013-10-30,29.4,23.3,25.8,5.8,11.8,18.01,88,1010.2,47,23.6,Port Harcourt
2013-10-31,30.4,23.0,26.0,8.1,9.4,19.01,88,1009.2,66,23.7,Port Harcourt
2013-11-01,28.2,23.5,25.4,12.3,13.2,12.09,89,1009.3,90,23.5,Port Harcourt
2013-11-02,30.0,23.2,25.5,13.8,11.4,15.24,89,1009.0,91,23.3,Port Harcourt
2013-11-03,29.4,23.0,25.5,3.6,7.9,15.13,88,1009.0,91,23.3,Port Harcourt
2013-11-04,27.8,23.7,25.3,7.4,11.0,11.62,90,1010.3,93,23.6,Port Harcourt
2013-11-05,29.2,23.3,25.4,6.4,9.5,15.0,88,1011.9,95,23.3,Port Harcourt
2013-11-06,30.7,23.4,26.1,2.8,9.7,17.72,86,1011.4,44,23.5,Port Harcourt
2013-11-07,29.7,23.1,25.8,9.3,13.7,17.8,89,1011.3,59,23.8,Port Harcourt
2013-11-08,29.7,23.5,25.9,5.9,10.9,17.36,89,1010.6,68,23.9,Port Harcourt
2013-11-09,28.5,24.2,25.4,8.6,9.3,11.56,89,1010.8,91,23.5,Port Harcourt
2013-11-10,30.5,22.9,26.6,1.0,9.6,19.21,83,1010.2,80,23.2,Port Harcourt
2013-11-11,29.1,24.1,26.0,1.8,11.6,15.78,88,1009.2,75,23.8,Port Harcourt
2013-11-12,30.2,23.2,25.8,11.6,12.4,16.71,89,1009.2,99,23.8,Port Harcourt
2013-11-13,27.7,23.6,24.8,15.2,9.7,9.79,93,1010.0,100,23.6,Port Harcourt
2013-11-14,26.7,22.8,24.4,3.8,6.8,6.51,95,1010.4,100,23.5,Port Harcourt
2013-11-15,29.6,23.0,25.3,8.5,9.4,16.31,92,1010.2,86,23.8,Port Harcourt
2013-11-16,30.1,23.0,25.8,6.1,8.9,18.26,90,1010.5,62,23.9,Port Harcourt
2013-11-17,28.5,23.5,25.5,11.3,9.0,13.27,92,1009.5,88,24.0,Port Harcourt
2013-11-18,29.5,23.1,25.7,6.6,12.1,14.53,88,1008.7,94,23.5,Port Harcourt
2013-11-19,29.1,24.0,25.7,15.5,12.2,12.4,89,1009.0,84,23.6,Port Harcourt
2013-11-20,28.0,23.3,24.8,15.4,10.8,9.2,94,1009.8,95,23.7,Port Harcourt
2013-11-21,30.2,23.2,25.6,3.5,9.3,17.47,88,1008.9,77,23.4,Port Harcourt
2013-11-22,29.8,23.0,25.7,5.9,12.4,17.03,88,1008.8,58,23.4,Port Harcourt
2013-11-23,28.8,23.4,25.1,7.9,8.1,14.13,92,1010.1,96,23.6,Port Harcourt
2013-11-24,27.4,23.1,24.9,15.6,10.0,13.41,94,1010.4,94,23.9,Port Harcourt
2013-11-25,29.9,22.8,25.5,6.5,13.0,17.79,88,1009.4,67,23.3,Port Harcourt
2013-11-26,29.1,23.2,25.7,3.9,10.1,16.17,89,1008.5,57,23.6,Port Harcourt
2013-11-27,29.7,23.7,25.8,5.4,10.9,16.69,88,1009.4,58,23.6,Port Harcourt
2013-11-28,30.2,23.3,26.2,3.0,8.0,14.65,88,1009.2,97,24.1,Port Harcourt
2013-11-29,30.8,24.2,26.4,8.2,9.1,16.77,89,1008.4,93,24.4,Port Harcourt
2013-11-30,29.8,24.5,26.2,7.0,11.5,15.81,88,1008.3,98,24.1,Port Harcourt
2013-12-01,29.4,23.8,25.9,5.8,11.2,13.4,90,1009.1,81,24.0,Port Harcourt
2013-12-02,28.8,23.9,25.5,17.2,9.7,14.41,93,1010.6,79,24.2,Port Harcourt
2013-12-03,27.0,24.0,25.4,14.3,11.0,10.3,92,1011.4,84,24.0,Port Harcourt
2013-12-04,29.8,23.6,25.7,12.2,8.1,14.41,91,1011.5,75,24.0,Port Harcourt
2013-12-05,30.0,23.5,25.7,7.5,11.9,17.19,90,1010.7,85,23.8,Port Harcourt
2013-12-06,27.6,23.4,25.1,5.6,10.2,11.78,91,1010.5,71,23.5,Port Harcourt
2013-12-07,29.4,23.2,25.8,0.3,9.7,15.11,88,1010.6,71,23.4,Port Harcourt
2013-12-08,29.7,23.1,25.6,7.6,10.5,15.48,89,1010.7,69,23.5,Port Harcourt
2013-12-09,28.5,23.1,25.3,9.6,8.8,13.62,91,1010.9,81,23.6,Port Harcourt
2013-12-10,29.2,23.6,25.4,9.2,9.7,13.74,91,1010.9,96,23.7,Port Harcourt
2013-12-11,27.2,23.2,24.6,15.3,10.5,12.08,93,1011.9,85,23.3,Port Harcourt
2013-12-12,28.7,22.7,24.7,12.7,8.9,13.57,91,1012.2,78,23.0,Port Harcourt
2013-12-13,29.2,22.0,25.0,2.7,7.9,14.78,89,1011.8,63,22.9,Port Harcourt
2013-12-14,28.9,23.1,25.3,3.8,7.6,15.6,86,1011.6,66,22.8,Port Harcourt
2013-12-15,30.2,23.2,26.0,1.2,7.2,17.33,83,1011.8,38,22.5,Port Harcourt
2013-12-16,30.5,23.3,26.0,0.0,11.5,21.0,76,1011.4,25,20.8,Port Harcourt
2013-12-17,30.7,20.9,25.4,0.0,11.6,22.25,71,1010.3,9,18.5,Port Harcourt
2013-12-18,31.1,19.4,25.4,0.0,11.8,22.63,70,1009.4,0,18.5,Port Harcourt
2013-12-19,32.1,20.8,26.0,0.0,9.0,22.36,74,1008.5,2,20.2,Port Harcourt
2013-12-20,31.3,22.4,26.2,0.0,10.8,21.52,81,1008.3,18,22.3,Port Harcourt
2013-12-21,31.3,23.1,26.7,0.0,10.4,19.61,80,1009.3,11,22.6,Port Harcourt
2013-12-22,30.9,24.0,26.8,1.0,10.5,18.56,84,1009.7,50,23.7,Port Harcourt
2013-12-23,30.8,24.2,26.8,0.8,9.4,15.57,85,1009.1,86,23.8,Port Harcourt
2013-12-24,31.0,24.0,27.1,1.1,9.6,16.44,83,1009.3,66,23.7,Port Harcourt
2013-12-25,32.7,24.2,27.6,0.0,12.5,18.76,81,1010.1,89,23.6,Port Harcourt
2013-12-26,32.1,24.6,27.6,0.0,10.8,17.67,83,1010.3,87,24.1,Port Harcourt
2013-12-27,31.4,25.2,27.4,1.1,12.0,17.88,85,1010.9,86,24.4,Port Harcourt
2013-12-28,30.3,24.2,26.5,1.3,9.5,14.9,88,1010.9,60,24.3,Port Harcourt
2013-12-29,32.4,24.3,27.1,1.3,15.1,18.04,82,1010.2,85,23.5,Port Harcourt
2013-12-30,31.4,24.0,27.0,1.8,12.1,17.8,82,1010.2,68,23.4,Port Harcourt
2013-12-31,31.2,24.2,26.6,2.6,10.1,17.1,85,1010.3,66,23.6,Port Harcourt
2014-01-01,30.3,23.7,26.3,3.1,10.2,16.1,85,1009.9,68,23.4,Port Harcourt
2014-01-02,31.9,23.2,27.0,0.0,8.8,19.24,81,1009.1,47,23.0,Port Harcourt
2014-01-03,32.6,23.3,27.3,0.0,10.1,18.66,80,1009.3,99,23.0,Port Harcourt
2014-01-04,32.2,25.1,27.7,0.0,11.8,19.45,80,1009.8,64,23.4,Port Harcourt
2014-01-05,31.3,24.2,27.0,1.0,10.5,18.32,82,1009.6,41,23.5,Port Harcourt
2014-01-06,31.5,23.8,26.3,3.5,11.2,16.45,85,1009.0,71,23.4,Port Harcourt
2014-01-07,32.8,23.0,27.1,0.0,12.6,21.08,77,1009.1,31,22.1,Port Harcourt
2014-01-08,32.7,23.6,27.5,0.0,11.5,19.23,80,1009.3,46,23.1,Port Harcourt
2014-01-09,31.4,24.7,27.3,2.0,12.1,17.82,81,1009.4,48,23.4,Port Harcourt
2014-01-10,32.5,24.2,27.5,0.3,13.7,17.97,78,1010.0,50,22.8,Port Harcourt
2014-01-11,33.5,24.7,27.9,0.0,13.9,21.78,78,1010.5,45,22.8,Port Harcourt
2014-01-12,31.1,25.1,27.3,0.8,11.3,15.78,83,1011.7,71,23.8,Port Harcourt
2014-01-13,32.7,24.5,27.8,0.0,11.1,19.63,77,1011.4,61,22.9,Port Harcourt
2014-01-14,32.6,24.2,27.9,0.4,12.4,18.58,76,1010.4,85,22.8,Port Harcourt
2014-01-15,32.8,24.5,27.8,1.0,10.6,19.88,80,1010.5,40,23.8,Port Harcourt
2014-01-16,30.0,24.7,27.2,3.5,11.2,15.81,83,1011.1,66,24.0,Port Harcourt
2014-01-17,30.4,24.9,27.2,0.4,12.2,16.11,84,1011.2,98,24.2,Port Harcourt
2014-01-18,31.4,24.3,27.0,5.3,13.9,17.4,83,1011.1,85,23.8,Port Harcourt
2014-01-19,32.5,24.7,27.7,0.9,14.2,18.42,80,1011.1,83,23.5,Port Harcourt
2014-01-20,31.7,25.2,27.6,2.4,14.3,18.5,83,1010.8,66,24.3,Port Harcourt
2014-01-21,32.0,24.2,27.3,1.4,10.4,18.37,84,1009.8,57,24.3,Port Harcourt
2014-01-22,32.1,24.7,27.3,2.0,14.0,17.25,84,1009.4,53,24.0,Port Harcourt
2014-01-23,31.1,24.7,26.8,5.2,13.2,17.81,86,1008.9,40,24.1,Port Harcourt
2014-01-24,31.9,23.9,27.0,3.4,11.0,18.05,84,1008.5,47,23.8,Port Harcourt
2014-01-25,32.3,24.9,27.2,3.9,14.1,17.48,83,1008.7,81,23.9,Port Harcourt
2014-01-26,31.2,24.4,27.2,0.3,12.9,17.42,85,1009.2,51,24.3,Port Harcourt
2014-01-27,31.2,24.3,26.7,5.2,10.5,16.22,86,1008.8,80,24.1,Port Harcourt
2014-01-28,30.2,24.0,26.7,2.7,12.2,16.83,86,1007.8,85,24.1,Port Harcourt
2014-01-29,30.9,24.4,26.7,4.0,15.6,16.84,85,1008.5,98,23.8,Port Harcourt
2014-01-30,30.2,23.9,26.5,2.0,14.0,15.88,87,1008.7,92,24.0,Port Harcourt
2014-01-31,31.3,23.9,26.4,6.0,11.9,17.07,86,1009.4,97,23.8,Port Harcourt
2014-02-01,27.6,23.9,25.8,12.8,11.2,12.45,90,1010.0,100,24.0,Port Harcourt
2014-02-02,28.9,24.7,26.3,4.7,10.0,13.04,87,1008.9,99,23.9,Port Harcourt
2014-02-03,30.8,23.7,26.6,3.1,12.8,18.32,86,1008.4,99,23.8,Port Harcourt
2014-02-04,31.6,23.7,26.7,6.1,11.9,19.56,86,1008.2,74,24.0,Port Harcourt
2014-02-05,32.3,23.4,27.4,0.3,11.6,18.35,80,1008.5,83,23.4,Port Harcourt
2014-02-06,33.2,24.1,28.0,0.1,13.9,21.1,79,1008.3,97,23.5,Port Harcourt
2014-02-07,31.5,24.8,27.3,2.1,12.1,19.14,84,1009.7,96,24.2,Port Harcourt
2014-02-08,31.9,24.3,27.4,1.0,9.8,19.96,83,1009.8,75,24.0,Port Harcourt
2014-02-09,31.4,24.1,27.2,1.2,12.2,18.24,85,1009.3,70,24.2,Port Harcourt
2014-02-10,31.6,24.0,27.2,1.4,12.5,19.05,85,1009.6,99,24.2,Port Harcourt
2014-02-11,31.9,24.7,27.7,1.3,13.0,18.99,81,1009.3,88,23.9,Port Harcourt
2014-02-12,31.6,24.9,27.5,0.9,11.5,20.2,84,1008.9,89,24.3,Port Harcourt
2014-02-13,32.4,24.2,27.6,1.9,14.3,19.84,82,1008.2,75,23.9,Port Harcourt
2014-02-14,31.5,24.8,27.4,1.5,12.2,19.44,83,1009.0,73,24.0,Port Harcourt
2014-02-15,33.4,24.5,28.0,0.1,12.6,22.15,78,1009.4,79,23.2,Port Harcourt
2014-02-16,33.2,24.7,28.0,0.0,12.0,21.72,78,1009.3,94,23.2,Port Harcourt
2014-02-17,33.3,24.4,27.9,0.0,14.9,21.63,80,1008.6,53,23.5,Port Harcourt
2014-02-18,32.5,25.2,28.0,1.1,11.6,19.67,79,1009.5,54,23.6,Port Harcourt
2014-02-19,32.3,24.6,27.7,2.4,12.5,19.19,81,1010.2,55,23.9,Port Harcourt
2014-02-20,31.5,24.7,27.6,2.0,13.8,19.19,83,1009.5,43,24.3,Port Harcourt
2014-02-21,32.5,24.5,28.1,0.8,11.7,19.25,82,1008.3,52,24.4,Port Harcourt
2014-02-22,33.2,25.3,28.3,1.0,14.4,19.35,81,1007.8,98,24.5,Port Harcourt
2014-02-23,31.3,25.6,27.8,1.4,12.1,17.26,83,1007.8,99,24.6,Port Harcourt
2014-02-24,31.2,25.3,27.3,4.9,13.0,17.7,84,1007.7,99,24.3,Port Harcourt
2014-02-25,31.1,24.6,27.2,3.3,13.0,18.59,85,1007.8,98,24.3,Port Harcourt
2014-02-26,32.0,25.2,27.3,3.4,13.0,18.35,83,1008.5,90,24.0,Port Harcourt
2014-02-27,31.1,24.4,26.9,2.1,12.9,15.87,85,1008.9,94,24.0,Port Harcourt
2014-02-28,29.4,24.6,26.5,10.7,13.0,14.64,87,1009.6,89,24.1,Port Harcourt
2014-03-01,30.8,23.6,26.5,11.2,10.9,17.19,86,1009.4,92,23.9,Port Harcourt
2014-03-02,29.0,24.0,25.9,7.6,8.0,10.88,90,1009.3,100,24.0,Port Harcourt
2014-03-03,31.7,24.4,27.3,0.6,7.3,15.07,85,1009.2,86,24.3,Port Harcourt
2014-03-04,29.1,24.2,26.1,20.3,11.6,14.88,91,1008.8,69,24.3,Port Harcourt
2014-03-05,31.7,23.5,26.8,4.4,8.3,18.99,87,1008.8,78,24.2,Port Harcourt
2014-03-06,30.4,24.9,26.7,8.6,10.6,18.08,87,1009.1,90,24.4,Port Harcourt
2014-03-07,30.1,24.0,26.4,11.2,10.0,14.46,88,1008.3,93,24.2,Port Harcourt
2014-03-08,31.0,24.7,26.8,7.4,13.2,17.0,88,1009.0,86,24.5,Port Harcourt
2014-03-09,29.2,24.7,26.1,12.4,12.2,11.11,90,1009.1,99,24.2,Port Harcourt
2014-03-10,29.3,24.3,25.8,18.0,9.7,13.54,90,1010.1,99,23.9,Port Harcourt
2014-03-11,30.3,24.0,26.2,9.6,10.4,18.16,87,1011.0,78,23.7,Port Harcourt
2014-03-12,32.0,23.5,27.2,1.6,8.0,20.9,83,1010.8,42,23.7,Port Harcourt
2014-03-13,31.5,24.4,27.7,1.2,11.6,20.94,83,1009.8,45,24.3,Port Harcourt
2014-03-14,30.8,24.9,27.3,3.3,11.3,18.47,86,1009.5,65,24.7,Port Harcourt
2014-03-15,28.8,24.9,26.8,4.4,10.3,13.69,87,1008.9,94,24.3,Port Harcourt
2014-03-16,28.6,24.4,25.7,19.1,8.0,9.45,91,1008.3,100,24.2,Port Harcourt
2014-03-17,30.7,23.8,26.6,6.2,9.9,16.91,87,1008.9,80,24.2,Port Harcourt
2014-03-18,29.6,24.3,26.5,5.6,14.2,13.0,87,1009.8,98,24.2,Port Harcourt
2014-03-19,32.1,24.1,27.7,0.6,9.3,20.81,83,1009.6,89,24.2,Port Harcourt
2014-03-20,31.4,25.3,27.7,1.2,11.5,20.42,85,1009.6,74,24.8,Port Harcourt
2014-03-21,31.2,24.8,27.1,10.0,12.0,20.26,87,1009.0,76,24.7,Port Harcourt
2014-03-22,30.1,24.4,26.4,6.1,11.4,16.37,89,1008.6,97,24.3,Port Harcourt
2014-03-23,30.9,24.7,26.5,14.9,14.5,16.01,87,1008.7,88,24.2,Port Harcourt
2014-03-24,30.3,24.2,26.7,0.9,12.5,13.25,86,1009.7,99,24.0,Port Harcourt
2014-03-25,29.9,24.3,26.8,1.2,10.5,12.69,87,1009.8,99,24.3,Port Harcourt
2014-03-26,28.8,24.8,26.2,11.2,12.7,12.26,91,1009.7,99,24.7,Port Harcourt
2014-03-27,29.7,24.3,26.0,9.4,11.8,14.13,90,1009.6,97,24.3,Port Harcourt
2014-03-28,30.3,23.2,26.1,5.9,14.3,18.6,88,1009.8,94,23.7,Port Harcourt
2014-03-29,28.5,23.9,25.5,15.6,11.5,12.23,92,1010.8,99,24.2,Port Harcourt
2014-03-30,30.4,24.0,26.6,4.7,11.2,18.95,87,1010.2,83,24.1,Port Harcourt
2014-03-31,30.6,24.5,26.9,1.3,10.0,14.18,86,1009.9,100,24.2,Port Harcourt
2014-04-01,30.7,24.4,26.7,18.3,11.7,17.88,88,1009.8,97,24.4,Port Harcourt
2014-04-02,28.2,24.6,25.6,17.8,11.9,10.63,92,1009.7,98,24.3,Port Harcourt
2014-04-03,29.1,24.0,26.5,3.8,14.5,14.72,89,1009.9,91,24.3,Port Harcourt
2014-04-04,31.4,24.6,27.5,2.8,10.3,20.31,85,1010.2,33,24.5,Port Harcourt
2014-04-05,30.8,25.0,27.3,3.2,12.6,16.88,84,1010.6,90,24.3,Port Harcourt
2014-04-06,31.6,24.8,27.5,2.8,10.8,20.88,84,1010.5,79,24.4,Port Harcourt
2014-04-07,30.7,24.8,27.0,4.8,10.5,15.75,87,1010.6,84,24.6,Port Harcourt
2014-04-08,27.0,24.4,25.5,21.7,8.3,10.42,93,1011.3,90,24.4,Port Harcourt
2014-04-09,31.0,23.8,26.5,6.8,13.9,19.3,88,1010.9,79,24.3,Port Harcourt
2014-04-10,27.4,24.1,25.2,23.2,12.0,9.62,94,1009.8,97,24.2,Port Harcourt
2014-04-11,30.5,23.8,26.4,7.7,10.4,19.17,89,1010.1,83,24.4,Port Harcourt
2014-04-12,31.3,24.4,26.8,9.7,12.5,19.39,86,1009.4,60,24.1,Port Harcourt
2014-04-13,26.1,24.1,24.8,21.5,12.2,6.24,95,1010.4,100,24.0,Port Harcourt
2014-04-14,30.6,23.5,26.4,5.6,15.0,19.0,88,1010.7,96,24.2,Port Harcourt
2014-04-15,31.1,24.3,26.8,1.9,11.8,18.21,87,1010.3,77,24.2,Port Harcourt
2014-04-16,31.5,24.7,27.5,0.7,13.6,20.87,83,1009.4,49,24.1,Port Harcourt
2014-04-17,30.8,24.5,27.4,1.5,11.9,19.46,84,1008.4,48,24.3,Port Harcourt
2014-04-18,30.7,24.2,27.0,4.6,12.6,19.3,88,1008.8,92,24.7,Port Harcourt
2014-04-19,31.1,24.7,27.2,3.4,7.2,17.19,86,1009.8,92,24.5,Port Harcourt
2014-04-20,30.7,24.6,26.5,19.9,10.7,17.89,91,1009.4,78,24.8,Port Harcourt
2014-04-21,30.8,24.2,27.0,8.6,11.4,18.98,87,1008.6,83,24.5,Port Harcourt
2014-04-22,30.3,24.8,26.6,11.5,8.9,15.99,90,1009.4,83,24.9,Port Harcourt
2014-04-23,28.1,24.6,26.0,17.1,9.1,13.56,94,1010.0,95,24.9,Port Harcourt
2014-04-24,30.8,24.3,26.9,7.4,11.5,19.94,87,1009.2,82,24.3,Port Harcourt
2014-04-25,30.4,24.3,26.9,4.3,12.2,18.51,88,1009.3,96,24.6,Port Harcourt
2014-04-26,30.2,24.8,26.7,5.8,8.7,14.95,89,1010.0,95,24.6,Port Harcourt
2014-04-27,31.8,24.6,27.8,1.0,10.4,20.91,83,1009.3,73,24.5,Port Harcourt
2014-04-28,29.0,25.4,26.5,15.6,7.4,13.21,91,1009.7,96,24.8,Port Harcourt
2014-04-29,31.5,24.4,27.0,9.9,8.9,21.26,87,1009.4,84,24.5,Port Harcourt
2014-04-30,28.8,24.6,26.3,6.5,9.0,12.04,90,1009.3,98,24.6,Port Harcourt
2014-05-01,30.3,25.2,27.0,3.8,8.0,15.81,87,1009.4,97,24.5,Port Harcourt
2014-05-02,30.9,24.3,27.0,7.3,13.0,18.77,89,1009.4,92,24.9,Port Harcourt
2014-05-03,30.3,24.6,27.2,5.7,11.5,14.24,87,1009.3,96,24.7,Port Harcourt
2014-05-04,31.9,24.8,27.7,6.8,8.9,19.79,85,1008.0,96,24.9,Port Harcourt
2014-05-05,28.1,24.7,26.2,19.4,8.8,9.99,93,1008.5,99,24.9,Port Harcourt
2014-05-06,28.9,24.3,25.7,10.2,9.3,10.11,92,1010.1,100,24.3,Port Harcourt
2014-05-07,28.0,23.8,25.8,7.3,9.2,10.88,92,1010.6,100,24.4,Port Harcourt
2014-05-08,27.8,24.3,25.9,10.5,6.5,11.78,93,1010.8,100,24.7,Port Harcourt
2014-05-09,30.6,23.9,26.6,9.6,11.1,16.93,87,1010.4,97,24.1,Port Harcourt
2014-05-10,30.4,24.3,26.9,1.7,6.6,14.6,86,1010.0,96,24.4,Port Harcourt
2014-05-11,31.0,24.4,27.2,2.9,11.3,19.53,85,1009.4,88,24.2,Port Harcourt
2014-05-12,31.4,24.8,27.3,5.0,9.8,19.14,88,1009.4,95,25.0,Port Harcourt
2014-05-13,28.6,24.8,25.9,15.8,7.7,10.52,92,1010.8,100,24.4,Port Harcourt
2014-05-14,26.3,24.3,25.1,16.7,7.0,5.17,95,1011.7,100,24.3,Port Harcourt
2014-05-15,27.4,24.1,25.5,1.1,10.3,8.6,91,1010.1,80,23.7,Port Harcourt
2014-05-16,29.1,24.5,26.2,2.9,15.3,10.14,89,1009.5,89,24.2,Port Harcourt
2014-05-17,32.0,23.1,27.1,0.0,13.0,20.4,83,1009.2,42,23.8,Port Harcourt
2014-05-18,31.5,24.0,27.3,0.3,10.5,20.31,83,1009.7,28,23.9,Port Harcourt
2014-05-19,29.4,24.3,26.6,8.7,8.6,15.06,88,1010.5,72,24.3,Port Harcourt
2014-05-20,30.6,23.9,26.9,2.4,11.7,18.36,86,1010.3,68,24.1,Port Harcourt
2014-05-21,31.0,24.6,26.9,7.8,13.0,18.94,88,1010.0,97,24.6,Port Harcourt
2014-05-22,28.0,24.5,25.8,7.5,9.2,10.83,92,1010.6,99,24.4,Port Harcourt
2014-05-23,30.1,24.0,26.5,5.6,10.3,18.68,90,1010.6,80,24.5,Port Harcourt
2014-05-24,30.5,24.2,27.0,2.7,11.2,19.41,87,1010.6,94,24.5,Port Harcourt
2014-05-25,31.4,24.5,27.4,1.2,8.7,18.26,84,1010.1,74,24.3,Port Harcourt
2014-05-26,30.8,25.0,27.2,5.8,12.4,17.32,86,1010.4,80,24.5,Port Harcourt
2014-05-27,28.5,24.4,25.9,23.0,9.8,10.79,90,1010.6,92,24.2,Port Harcourt
2014-05-28,29.9,23.8,25.7,19.5,15.1,15.77,90,1010.5,92,23.9,Port Harcourt
2014-05-29,25.3,23.9,24.6,16.1,8.4,4.56,96,1011.6,100,23.9,Port Harcourt
2014-05-30,30.3,23.5,26.2,7.3,7.9,18.04,87,1011.1,92,23.8,Port Harcourt
2014-05-31,30.7,24.0,26.2,8.8,10.5,17.74,90,1010.3,73,24.3,Port Harcourt
2014-06-01,27.2,23.9,25.3,16.1,11.8,8.77,92,1009.8,98,23.9,Port Harcourt
2014-06-02,30.1,23.7,26.2,5.5,10.1,15.73,90,1009.8,98,24.4,Port Harcourt
2014-06-03,29.6,24.4,26.1,7.3,10.0,13.55,92,1009.4,99,24.6,Port Harcourt
2014-06-04,29.2,24.3,25.5,13.8,12.6,10.44,92,1009.4,98,24.0,Port Harcourt
2014-06-05,28.5,23.1,25.4,14.4,10.8,12.15,91,1009.5,90,23.7,Port Harcourt
2014-06-06,27.3,23.3,25.3,7.4,8.6,10.61,91,1010.5,92,23.7,Port Harcourt
2014-06-07,28.5,23.5,25.4,12.1,9.2,12.57,91,1010.6,90,23.8,Port Harcourt
2014-06-08,24.7,23.2,23.8,52.3,7.4,1.59,98,1011.3,100,23.4,Port Harcourt
2014-06-09,29.0,22.8,25.3,10.2,9.3,14.44,90,1010.7,89,23.5,Port Harcourt
2014-06-10,27.5,23.6,25.0,12.6,10.1,9.84,94,1011.5,98,23.9,Port Harcourt
2014-06-11,27.8,23.4,25.3,6.0,7.0,12.47,90,1012.1,95,23.5,Port Harcourt
2014-06-12,28.8,23.4,25.6,7.2,13.1,12.89,90,1012.3,98,23.7,Port Harcourt
2014-06-13,26.6,24.1,25.1,5.9,8.9,6.1,92,1012.1,97,23.8,Port Harcourt
2014-06-14,28.1,23.9,25.3,12.7,11.7,12.02,91,1012.8,99,23.7,Port Harcourt
2014-06-15,29.8,23.4,25.7,8.4,8.9,16.6,89,1012.7,81,23.7,Port Harcourt
2014-06-16,28.3,24.0,25.8,6.7,10.6,13.57,88,1012.5,77,23.6,Port Harcourt
2014-06-17,27.8,24.1,25.2,17.4,16.5,8.79,91,1012.8,99,23.6,Port Harcourt
2014-06-18,26.8,23.7,25.0,6.0,10.0,8.81,93,1014.2,97,23.7,Port Harcourt
2014-06-19,28.8,23.6,25.6,5.5,10.2,14.71,88,1013.8,67,23.4,Port Harcourt
2014-06-20,28.2,23.5,25.4,4.0,10.6,13.55,90,1012.8,74,23.6,Port Harcourt
2014-06-21,29.4,23.9,25.8,6.1,9.2,15.14,89,1012.9,84,23.8,Port Harcourt
2014-06-22,28.0,23.5,25.0,10.5,13.8,9.4,92,1013.2,93,23.6,Port Harcourt
2014-06-23,27.4,23.3,24.6,13.1,8.4,9.69,93,1014.4,95,23.2,Port Harcourt
2014-06-24,26.2,23.1,24.3,12.1,9.9,8.16,96,1013.9,97,23.6,Port Harcourt
2014-06-25,27.3,23.0,24.5,24.2,9.2,9.72,92,1013.3,91,23.2,Port Harcourt
2014-06-26,29.0,23.0,25.4,7.0,9.9,16.78,88,1012.6,76,23.3,Port Harcourt
2014-06-27,26.9,23.6,24.9,11.4,10.2,11.57,91,1013.2,83,23.3,Port Harcourt
2014-06-28,28.4,23.2,25.2,9.1,13.4,15.26,88,1013.4,94,23.1,Port Harcourt
2014-06-29,28.1,24.0,25.3,8.2,10.3,11.86,89,1012.7,92,23.3,Port Harcourt
2014-06-30,27.6,23.5,25.1,5.6,10.3,11.93,90,1012.1,85,23.3,Port Harcourt
2014-07-01,26.5,23.5,24.7,6.8,9.2,8.14,91,1012.4,94,23.1,Port Harcourt
2014-07-02,29.1,22.9,25.3,9.9,9.7,15.25,89,1013.5,92,23.2,Port Harcourt
2014-07-03,27.4,23.6,24.6,29.3,10.9,8.97,92,1014.1,98,23.2,Port Harcourt
2014-07-04,27.4,23.4,24.9,12.0,13.7,10.45,91,1013.9,99,23.2,Port Harcourt
2014-07-05,27.7,23.3,24.8,6.7,12.5,11.75,90,1014.1,94,23.1,Port Harcourt
2014-07-06,28.1,23.6,24.9,6.9,12.3,13.29,87,1014.3,87,22.5,Port Harcourt
2014-07-07,27.3,23.9,25.1,2.2,14.2,11.71,82,1015.5,93,21.8,Port Harcourt
2014-07-08,27.8,23.5,25.4,0.8,10.9,11.43,81,1016.2,98,21.8,Port Harcourt
2014-07-09,28.8,24.0,25.5,4.1,9.7,16.13,84,1014.8,77,22.5,Port Harcourt
2014-07-10,28.9,23.8,25.9,1.4,12.0,17.59,82,1014.8,62,22.4,Port Harcourt
2014-07-11,28.1,24.1,25.7,1.4,13.2,16.72,85,1014.8,69,22.9,Port Harcourt
2014-07-12,28.7,23.7,25.4,4.5,11.4,15.12,86,1014.2,62,22.8,Port Harcourt
2014-07-13,28.3,23.8,25.3,7.2,11.7,15.42,88,1013.9,92,23.1,Port Harcourt
2014-07-14,28.2,23.1,25.5,2.3,11.0,15.13,87,1013.2,72,23.0,Port Harcourt
2014-07-15,29.3,23.8,25.4,20.5,16.3,13.13,88,1013.2,87,23.2,Port Harcourt
2014-07-16,25.7,23.4,24.2,13.8,18.5,4.72,94,1013.9,88,23.0,Port Harcourt
2014-07-17,27.8,23.3,24.8,4.0,15.5,15.62,86,1014.9,93,22.3,Port Harcourt
2014-07-18,27.9,22.8,24.5,7.7,11.5,12.64,90,1015.4,87,22.6,Port Harcourt
2014-07-19,28.0,23.0,24.9,2.5,12.5,14.19,85,1015.1,79,22.2,Port Harcourt
2014-07-20,28.0,23.4,25.2,5.7,14.5,16.78,84,1014.9,90,22.4,Port Harcourt
2014-07-21,27.1,24.0,25.4,0.7,15.3,11.53,83,1015.1,91,22.3,Port Harcourt
2014-07-22,27.1,23.6,25.0,1.7,14.2,13.74,84,1014.8,84,22.1,Port Harcourt
2014-07-23,28.3,23.0,25.2,1.4,13.6,16.83,82,1015.1,83,21.9,Port Harcourt
2014-07-24,27.9,23.2,25.0,1.3,17.2,16.74,82,1014.9,89,21.7,Port Harcourt
2014-07-25,26.8,23.7,24.6,1.7,10.4,8.06,86,1014.6,95,22.1,Port Harcourt
2014-07-26,27.7,23.6,24.8,6.2,13.9,14.14,88,1013.3,80,22.7,Port Harcourt
2014-07-27,26.6,23.2,24.3,6.0,13.1,9.59,92,1012.9,93,22.9,Port Harcourt
2014-07-28,27.8,23.3,25.0,0.9,14.8,14.7,87,1013.0,87,22.6,Port Harcourt
2014-07-29,28.0,23.8,25.6,2.1,11.0,14.64,83,1012.7,95,22.4,Port Harcourt
2014-07-30,26.9,24.0,24.9,7.9,13.4,7.82,89,1013.3,100,23.0,Port Harcourt
2014-07-31,25.5,23.3,24.0,9.4,14.2,6.62,93,1014.2,99,22.8,Port Harcourt
2014-08-01,26.6,23.5,24.6,1.3,17.0,12.51,87,1014.6,94,22.2,Port Harcourt
2014-08-02,26.9,23.0,24.5,2.0,14.4,11.62,88,1014.0,96,22.2,Port Harcourt
2014-08-03,26.5,23.2,24.4,2.7,10.9,9.29,90,1014.5,89,22.6,Port Harcourt
2014-08-04,27.6,22.8,24.3,6.3,9.4,11.58,91,1014.3,96,22.7,Port Harcourt
2014-08-05,24.0,22.8,23.2,90.1,16.8,2.56,97,1013.7,98,22.7,Port Harcourt
2014-08-06,27.9,22.6,24.6,3.6,16.5,15.59,86,1013.8,78,22.0,Port Harcourt
2014-08-07,28.1,23.0,25.1,1.6,11.6,18.56,85,1013.7,84,22.3,Port Harcourt
2014-08-08,28.0,23.0,25.0,3.0,12.6,15.78,86,1013.6,86,22.4,Port Harcourt
2014-08-09,28.6,22.9,25.0,3.0,11.6,18.99,85,1013.7,78,22.2,Port Harcourt
2014-08-10,29.1,22.8,25.4,2.2,12.0,18.78,83,1013.8,48,22.2,Port Harcourt
2014-08-11,29.6,23.1,25.4,2.8,14.4,18.47,81,1013.3,68,21.9,Port Harcourt
2014-08-12,28.6,23.1,25.3,1.7,18.3,18.04,82,1012.5,91,21.8,Port Harcourt
2014-08-13,28.5,23.3,25.3,0.9,14.8,19.73,79,1013.5,71,21.3,Port Harcourt
2014-08-14,28.5,22.7,25.5,0.8,12.3,20.13,80,1013.7,68,21.6,Port Harcourt
2014-08-15,28.0,23.2,25.1,8.3,17.1,16.25,83,1013.6,84,22.0,Port Harcourt
2014-08-16,28.5,23.2,25.4,0.9,16.2,18.91,81,1013.3,71,21.7,Port Harcourt
2014-08-17,28.2,22.8,25.2,0.2,8.7,13.58,83,1013.3,97,21.8,Port Harcourt
2014-08-18,27.4,22.8,24.6,16.1,11.1,13.43,90,1012.9,96,22.8,Port Harcourt
2014-08-19,26.2,22.8,24.3,7.6,10.0,10.71,90,1013.0,90,22.6,Port Harcourt
2014-08-20,27.3,23.1,24.5,7.1,14.8,14.51,89,1013.5,83,22.6,Port Harcourt
2014-08-21,27.6,22.8,24.0,9.5,13.3,11.22,93,1013.9,91,22.8,Port Harcourt
2014-08-22,25.5,22.6,23.4,15.8,11.2,6.26,97,1013.8,97,22.9,Port Harcourt
2014-08-23,27.3,22.4,24.5,3.4,8.3,12.82,90,1013.1,70,22.6,Port Harcourt
2014-08-24,29.3,22.3,25.4,4.9,10.4,17.19,85,1012.6,73,22.6,Port Harcourt
2014-08-25,27.6,23.0,24.7,22.4,12.7,11.45,91,1012.3,96,23.0,Port Harcourt
2014-08-26,26.8,22.9,24.4,15.5,17.0,13.46,89,1012.6,85,22.5,Port Harcourt
2014-08-27,28.8,21.8,25.5,1.2,9.9,17.74,83,1013.3,83,22.1,Port Harcourt
2014-08-28,28.5,24.1,25.3,5.0,10.2,12.1,86,1011.9,95,22.8,Port Harcourt
2014-08-29,26.2,23.2,24.3,12.3,12.4,7.44,93,1011.6,99,23.1,Port Harcourt
2014-08-30,29.0,23.2,25.2,2.0,11.9,15.29,88,1012.4,94,22.9,Port Harcourt
2014-08-31,27.9,23.4,24.7,8.6,13.6,9.85,90,1012.2,99,22.9,Port Harcourt
2014-09-01,27.2,22.9,24.6,2.5,14.0,13.28,89,1013.0,98,22.5,Port Harcourt
2014-09-02,27.7,22.9,24.4,10.3,14.2,13.94,89,1013.2,98,22.4,Port Harcourt
2014-09-03,27.7,23.0,24.5,4.7,11.7,12.64,90,1013.0,97,22.7,Port Harcourt
2014-09-04,26.6,23.0,24.3,11.8,10.8,10.51,91,1012.4,91,22.8,Port Harcourt
2014-09-05,28.1,22.8,24.5,2.8,15.2,14.73,90,1012.2,92,22.7,Port Harcourt
2014-09-06,26.1,23.0,24.4,2.9,7.6,9.08,91,1012.4,98,22.8,Port Harcourt
2014-09-07,28.9,23.0,24.7,14.7,10.4,14.48,90,1013.4,95,22.9,Port Harcourt
2014-09-08,24.8,22.6,23.5,13.0,13.8,6.05,96,1014.0,100,22.9,Port Harcourt
2014-09-09,26.1,22.4,23.9,6.5,11.1,7.5,93,1013.2,99,22.7,Port Harcourt
2014-09-10,27.3,22.5,24.3,12.0,9.2,12.91,93,1012.4,89,23.0,Port Harcourt
2014-09-11,29.0,22.1,24.4,12.9,12.7,13.83,91,1012.0,86,22.8,Port Harcourt
2014-09-12,29.2,22.2,24.8,2.5,12.1,14.53,89,1011.4,70,22.8,Port Harcourt
2014-09-13,29.2,22.5,25.2,4.4,12.6,19.2,87,1012.3,72,22.8,Port Harcourt
2014-09-14,29.1,23.1,25.2,7.4,8.9,14.96,88,1012.5,84,23.0,Port Harcourt
2014-09-15,27.9,22.9,24.6,12.1,12.5,11.13,91,1012.4,97,23.0,Port Harcourt
2014-09-16,26.9,23.0,24.3,10.1,12.9,8.55,92,1012.4,98,22.9,Port Harcourt
2014-09-17,27.2,22.6,24.5,11.3,11.2,12.81,91,1012.3,89,22.9,Port Harcourt
2014-09-18,28.9,23.1,24.8,7.1,9.5,13.56,90,1012.4,95,22.9,Port Harcourt
2014-09-19,28.6,23.1,24.9,5.8,13.0,13.74,88,1012.5,95,22.8,Port Harcourt
2014-09-20,26.4,23.3,24.5,7.6,12.2,10.45,90,1013.0,98,22.8,Port Harcourt
2014-09-21,29.0,22.9,24.9,9.5,9.9,15.53,89,1013.1,98,22.9,Port Harcourt
2014-09-22,28.7,23.0,25.0,4.0,9.4,12.66,89,1012.2,92,22.9,Port Harcourt
2014-09-23,27.2,23.3,25.0,8.0,10.2,11.26,89,1012.0,97,23.0,Port Harcourt
2014-09-24,25.9,22.5,23.8,63.4,13.4,5.22,96,1012.8,98,23.1,Port Harcourt
2014-09-25,28.0,22.7,24.8,2.4,10.2,10.86,88,1012.9,95,22.6,Port Harcourt
2014-09-26,27.7,23.3,24.5,16.9,11.7,11.28,92,1013.0,96,23.1,Port Harcourt
2014-09-27,25.6,22.7,23.7,9.3,11.3,6.24,95,1013.0,95,22.9,Port Harcourt
2014-09-28,24.5,22.7,23.4,30.6,8.6,4.29,97,1013.2,99,23.0,Port Harcourt
2014-09-29,27.5,22.3,23.9,17.9,11.2,9.2,94,1012.8,97,22.8,Port Harcourt
2014-09-30,28.1,22.8,24.5,12.0,15.7,13.91,91,1012.1,90,22.8,Port Harcourt
2014-10-01,28.5,22.6,24.8,8.5,12.8,16.26,89,1012.7,79,22.8,Port Harcourt
2014-10-02,27.3,22.4,24.2,9.5,9.0,12.1,93,1013.5,99,22.9,Port Harcourt
2014-10-03,29.2,22.3,24.9,8.6,12.0,17.97,88,1012.6,74,22.7,Port Harcourt
2014-10-04,27.9,22.2,25.1,5.7,11.5,16.97,88,1011.7,53,22.8,Port Harcourt
2014-10-05,30.1,22.7,25.8,3.0,10.9,19.13,85,1011.4,60,22.9,Port Harcourt
2014-10-06,29.4,23.7,25.2,9.9,11.9,13.35,90,1011.8,80,23.3,Port Harcourt
2014-10-07,28.0,23.3,24.8,17.9,10.6,12.7,93,1011.8,89,23.6,Port Harcourt
2014-10-08,30.5,23.4,25.9,5.5,11.4,19.52,87,1011.1,71,23.3,Port Harcourt
2014-10-09,28.7,23.2,25.5,7.5,12.7,18.42,89,1010.7,86,23.5,Port Harcourt
2014-10-10,29.0,23.2,25.7,8.2,13.4,17.27,88,1010.5,98,23.6,Port Harcourt
2014-10-11,27.1,23.7,24.9,15.7,12.1,10.44,91,1011.1,100,23.3,Port Harcourt
2014-10-12,24.9,22.7,23.9,49.8,10.2,4.26,98,1012.2,99,23.5,Port Harcourt
2014-10-13,29.3,22.7,25.2,7.7,8.0,17.45,90,1012.8,82,23.3,Port Harcourt
2014-10-14,29.3,24.0,25.5,8.0,9.5,15.45,89,1013.1,98,23.5,Port Harcourt
2014-10-15,30.0,23.3,25.6,12.6,13.5,16.15,89,1012.5,92,23.6,Port Harcourt
2014-10-16,29.4,23.4,25.5,10.4,11.0,12.83,90,1011.3,99,23.7,Port Harcourt
2014-10-17,28.9,23.5,25.2,15.0,7.9,11.88,91,1010.8,100,23.4,Port Harcourt
2014-10-18,27.6,23.2,24.2,36.7,14.3,8.34,95,1011.5,100,23.4,Port Harcourt
2014-10-19,28.5,23.3,24.6,12.6,10.0,11.85,93,1012.0,100,23.3,Port Harcourt
2014-10-20,30.2,23.1,25.6,5.5,9.7,16.61,88,1011.6,83,23.4,Port Harcourt
2014-10-21,29.6,22.9,25.8,4.1,10.9,18.33,88,1011.2,77,23.4,Port Harcourt
2014-10-22,28.3,23.8,25.0,8.4,10.9,10.12,91,1012.1,97,23.5,Port Harcourt
2014-10-23,28.7,23.0,24.8,17.2,8.3,12.1,93,1012.1,95,23.5,Port Harcourt
2014-10-24,29.0,22.8,24.9,6.0,10.5,12.99,91,1011.3,95,23.3,Port Harcourt
2014-10-25,27.3,23.1,24.6,13.1,9.8,10.01,94,1010.9,99,23.5,Port Harcourt
2014-10-26,27.5,23.3,25.2,13.0,11.3,12.81,93,1011.4,96,23.9,Port Harcourt
2014-10-27,29.1,22.9,25.1,10.7,7.9,12.15,91,1011.5,97,23.4,Port Harcourt
2014-10-28,28.6,22.6,25.3,1.0,9.5,12.19,89,1010.5,93,23.2,Port Harcourt
2014-10-29,30.4,23.0,26.0,5.6,11.3,18.68,87,1009.1,80,23.5,Port Harcourt
2014-10-30,29.4,23.4,25.3,23.7,9.7,11.74,90,1010.3,96,23.5,Port Harcourt
2014-10-31,29.0,23.3,24.8,14.8,11.2,11.15,92,1011.2,97,23.4,Port Harcourt
2014-11-01,29.9,22.7,25.3,4.8,11.4,18.04,90,1010.8,69,23.5,Port Harcourt
2014-11-02,28.7,23.1,25.3,2.9,9.6,12.63,89,1010.6,93,23.3,Port Harcourt
2014-11-03,28.9,23.7,25.6,7.6,12.6,15.01,89,1010.3,84,23.7,Port Harcourt
2014-11-04,28.7,23.7,25.9,11.2,7.1,15.44,89,1011.3,95,23.9,Port Harcourt
2014-11-05,26.0,23.5,24.2,52.8,9.4,5.01,97,1012.5,100,23.7,Port Harcourt
2014-11-06,27.5,23.4,24.9,5.4,8.5,9.4,90,1013.6,85,23.1,Port Harcourt
2014-11-07,30.7,23.3,26.6,0.0,8.7,19.58,83,1011.6,57,23.3,Port Harcourt
2014-11-08,29.7,23.9,26.2,3.5,11.2,13.88,87,1010.1,45,23.8,Port Harcourt
2014-11-09,29.6,23.7,25.8,14.2,12.0,14.52,89,1009.5,59,23.8,Port Harcourt
2014-11-10,29.0,23.8,25.2,23.3,10.6,13.06,92,1009.7,90,23.8,Port Harcourt
2014-11-11,27.9,23.4,25.4,6.3,7.2,11.53,92,1009.9,87,23.9,Port Harcourt
2014-11-12,27.3,23.6,25.3,11.5,10.1,13.4,92,1010.0,84,23.9,Port Harcourt
2014-11-13,29.0,23.1,25.4,6.6,11.9,16.7,90,1009.9,73,23.6,Port Harcourt
2014-11-14,28.4,22.9,25.5,9.2,8.3,14.17,88,1010.4,60,23.4,Port Harcourt
2014-11-15,30.2,23.7,26.3,2.4,11.5,17.73,86,1009.8,41,23.6,Port Harcourt
2014-11-16,28.8,23.3,25.7,8.8,8.0,13.81,90,1009.0,70,23.9,Port Harcourt
2014-11-17,26.3,23.7,24.8,11.5,10.3,6.55,94,1009.4,100,23.7,Port Harcourt
2014-11-18,29.8,22.7,25.6,1.2,6.7,17.36,87,1011.3,84,23.1,Port Harcourt
2014-11-19,29.9,22.9,25.9,2.8,7.6,15.86,87,1011.4,92,23.3,Port Harcourt
2014-11-20,29.6,23.5,25.9,3.7,9.8,16.13,88,1011.3,89,23.6,Port Harcourt
2014-11-21,29.4,23.4,25.7,4.5,12.8,16.21,89,1011.2,73,23.7,Port Harcourt
2014-11-22,29.9,23.1,26.1,1.9,9.0,18.49,87,1011.3,44,23.6,Port Harcourt
2014-11-23,29.9,23.7,26.5,1.6,10.3,14.83,87,1010.6,87,24.1,Port Harcourt
2014-11-24,30.1,24.4,26.2,8.6,12.8,15.96,89,1010.7,93,24.1,Port Harcourt
2014-11-25,28.2,24.2,25.5,4.1,9.5,10.54,90,1011.2,96,23.7,Port Harcourt
2014-11-26,29.9,23.1,25.9,1.2,10.2,18.66,87,1010.5,56,23.6,Port Harcourt
2014-11-27,30.2,23.4,26.1,2.0,8.2,17.35,86,1010.3,73,23.5,Port Harcourt
2014-11-28,30.0,23.4,26.3,0.9,10.0,16.74,87,1010.4,95,23.8,Port Harcourt
2014-11-29,30.8,23.4,26.7,1.4,13.3,18.89,84,1010.1,38,23.5,Port Harcourt
2014-11-30,30.8,24.5,26.8,1.2,8.4,18.91,87,1010.6,69,24.3,Port Harcourt
2014-12-01,30.5,24.1,26.2,4.3,10.8,15.08,87,1009.9,86,23.8,Port Harcourt
2014-12-02,31.0,24.0,26.5,2.5,9.5,17.27,86,1009.4,87,23.7,Port Harcourt
2014-12-03,29.8,23.6,26.1,1.8,11.7,16.15,88,1009.1,70,24.0,Port Harcourt
2014-12-04,29.9,23.6,26.3,0.5,10.1,15.76,87,1010.4,43,23.9,Port Harcourt
2014-12-05,30.0,24.0,26.3,4.0,10.1,17.49,87,1010.7,34,23.7,Port Harcourt
2014-12-06,30.2,23.9,26.4,1.3,9.9,17.29,87,1010.2,32,23.9,Port Harcourt
2014-12-07,29.9,24.0,26.3,1.8,12.1,16.62,88,1009.7,38,24.0,Port Harcourt
2014-12-08,29.2,24.2,26.2,1.9,12.8,15.23,87,1010.1,43,23.8,Port Harcourt
2014-12-09,28.8,23.8,26.0,1.2,12.5,15.61,88,1010.0,45,23.8,Port Harcourt
2014-12-10,29.2,23.7,25.7,1.6,10.0,14.51,89,1009.8,57,23.7,Port Harcourt
2014-12-11,29.6,24.0,26.0,8.2,10.6,16.19,88,1010.7,50,23.7,Port Harcourt
2014-12-12,29.1,24.0,26.1,2.9,9.4,14.4,89,1009.9,69,24.1,Port Harcourt
2014-12-13,29.4,23.9,26.3,0.1,9.8,11.31,86,1009.5,59,23.7,Port Harcourt
2014-12-14,31.5,23.8,27.1,0.0,11.0,17.64,81,1010.1,88,23.3,Port Harcourt
2014-12-15,31.5,23.8,27.2,0.0,11.1,17.36,80,1011.4,98,23.1,Port Harcourt
2014-12-16,31.0,23.8,26.9,0.0,9.0,18.62,82,1011.3,53,23.4,Port Harcourt
2014-12-17,31.1,24.3,27.0,1.4,10.5,18.77,83,1010.9,38,23.6,Port Harcourt
2014-12-18,31.5,24.5,27.0,1.1,11.6,17.55,83,1011.1,38,23.5,Port Harcourt
2014-12-19,31.2,24.3,27.0,0.9,10.1,18.08,84,1011.3,40,23.8,Port Harcourt
2014-12-20,30.7,24.2,26.6,0.4,13.3,16.54,85,1011.5,43,23.7,Port Harcourt
2014-12-21,31.9,24.1,27.2,0.3,12.3,17.87,81,1011.1,30,23.2,Port Harcourt
2014-12-22,32.3,24.1,27.2,0.1,12.8,19.18,81,1010.7,22,23.2,Port Harcourt
2014-12-23,32.3,24.2,27.5,0.0,11.4,19.39,78,1011.4,44,22.7,Port Harcourt
2014-12-24,32.5,23.7,27.5,0.0,13.1,20.04,79,1011.7,30,22.8,Port Harcourt
2014-12-25,32.1,24.1,27.6,0.0,10.2,18.31,77,1012.2,34,22.6,Port Harcourt
2014-12-26,32.6,23.0,27.3,0.0,12.8,20.2,76,1011.2,73,21.9,Port Harcourt
2014-12-27,32.1,24.0,27.3,0.7,12.4,18.95,78,1010.2,30,22.7,Port Harcourt
2014-12-28,31.5,24.3,27.3,0.3,10.5,19.63,80,1010.9,59,23.3,Port Harcourt
2014-12-29,33.1,23.5,27.5,0.0,16.9,17.69,78,1011.2,78,22.9,Port Harcourt
2014-12-30,31.1,24.3,26.8,4.1,11.8,16.88,85,1011.3,76,24.0,Port Harcourt
2014-12-31,30.8,24.2,26.1,11.2,12.1,14.67,86,1010.7,59,23.5,Port Harcourt
2015-01-01,30.6,23.4,26.4,2.0,13.2,18.22,86,1010.9,37,23.7,Port Harcourt
2015-01-02,31.9,23.7,27.0,0.4,13.7,18.76,79,1011.5,23,22.5,Port Harcourt
2015-01-03,32.9,23.9,27.4,0.0,11.9,20.61,76,1012.9,48,21.8,Port Harcourt
2015-01-04,32.5,23.0,26.6,0.0,13.2,22.95,62,1012.7,41,16.4,Port Harcourt
2015-01-05,32.7,18.9,25.7,0.0,10.7,23.16,58,1012.1,44,14.7,Port Harcourt
2015-01-06,32.0,20.9,25.5,0.0,11.3,23.14,70,1011.6,44,18.4,Port Harcourt
2015-01-07,33.4,20.5,25.9,0.0,14.0,22.56,70,1011.4,42,18.2,Port Harcourt
2015-01-08,33.1,21.3,26.3,0.0,13.6,22.91,70,1012.4,40,18.8,Port Harcourt
2015-01-09,34.3,20.8,26.4,0.0,13.7,23.26,65,1013.0,56,16.5,Port Harcourt
2015-01-10,32.1,18.3,25.2,0.0,14.3,23.85,59,1013.0,76,14.7,Port Harcourt
2015-01-11,33.2,20.4,25.8,0.0,14.5,23.4,55,1012.9,41,13.2,Port Harcourt
2015-01-12,34.2,18.7,25.7,0.0,14.2,23.92,46,1011.4,9,10.7,Port Harcourt
2015-01-13,33.6,18.2,25.2,0.0,12.4,23.81,44,1011.1,9,10.5,Port Harcourt
2015-01-14,33.7,18.3,25.4,0.0,12.8,23.49,59,1011.4,31,14.3,Port Harcourt
2015-01-15,34.5,20.0,26.3,0.0,16.6,22.92,68,1011.5,64,18.0,Port Harcourt
2015-01-16,34.3,22.5,27.1,0.0,14.2,22.41,73,1011.6,31,20.4,Port Harcourt
2015-01-17,34.6,22.4,27.5,0.0,17.0,22.83,71,1011.5,28,20.7,Port Harcourt
2015-01-18,34.0,23.1,27.6,0.0,15.5,22.08,74,1012.2,63,21.7,Port Harcourt
2015-01-19,33.2,24.4,28.1,0.0,12.8,19.64,72,1011.1,40,22.0,Port Harcourt
2015-01-20,32.3,23.7,27.4,0.7,14.7,19.21,78,1009.8,69,23.0,Port Harcourt
2015-01-21,31.9,24.7,27.4,1.2,13.9,17.96,81,1010.6,59,23.6,Port Harcourt
2015-01-22,33.6,23.7,27.9,0.3,15.4,19.46,77,1011.1,83,23.1,Port Harcourt
2015-01-23,33.5,24.9,28.2,0.4,16.9,18.95,77,1010.3,85,23.3,Port Harcourt
2015-01-24,30.9,25.2,27.1,2.5,13.9,16.7,83,1009.5,98,23.8,Port Harcourt
2015-01-25,29.4,24.4,26.4,3.1,13.4,14.95,85,1009.4,91,23.5,Port Harcourt
2015-01-26,30.8,23.8,26.7,1.9,12.1,15.47,83,1010.6,98,23.5,Port Harcourt
2015-01-27,29.4,24.3,26.6,1.3,15.4,9.52,85,1010.4,98,23.7,Port Harcourt
2015-01-28,31.1,24.5,26.7,4.5,13.6,16.06,82,1010.0,95,23.3,Port Harcourt
2015-01-29,30.8,24.3,27.1,0.8,13.4,17.11,82,1010.1,48,23.7,Port Harcourt
2015-01-30,30.5,23.9,26.6,6.3,11.7,15.86,85,1010.7,64,23.7,Port Harcourt
2015-01-31,31.4,23.8,27.2,1.0,14.5,18.5,82,1010.9,79,23.7,Port Harcourt
2015-02-01,32.2,24.7,27.8,0.7,11.7,17.75,79,1009.9,82,23.6,Port Harcourt
2015-02-02,32.7,24.7,28.0,1.4,16.2,19.03,79,1009.5,63,23.6,Port Harcourt
2015-02-03,32.0,24.7,27.4,2.3,13.2,17.26,82,1009.8,99,24.0,Port Harcourt
2015-02-04,31.7,24.8,27.5,0.4,12.8,17.27,84,1009.8,70,24.3,Port Harcourt
2015-02-05,31.7,25.1,27.5,1.9,12.6,18.53,84,1009.4,43,24.3,Port Harcourt
2015-02-06,31.7,25.3,27.5,0.9,14.0,16.98,82,1009.4,55,24.1,Port Harcourt
2015-02-07,31.7,24.7,27.4,1.9,15.3,17.55,82,1009.5,80,24.0,Port Harcourt
2015-02-08,32.0,24.6,27.1,7.6,15.5,17.7,85,1009.5,94,24.2,Port Harcourt
2015-02-09,32.1,25.1,27.3,3.9,14.6,16.97,84,1009.0,98,24.3,Port Harcourt
2015-02-10,32.2,24.9,28.0,2.1,13.5,18.46,82,1009.0,86,24.3,Port Harcourt
2015-02-11,31.7,25.0,27.8,3.6,14.1,18.53,84,1008.9,80,24.7,Port Harcourt
2015-02-12,31.8,24.9,27.5,3.5,15.8,16.64,82,1010.4,91,24.0,Port Harcourt
2015-02-13,31.0,25.1,27.2,3.1,10.9,14.5,84,1012.0,98,24.2,Port Harcourt
2015-02-14,31.7,24.9,27.6,1.9,12.7,17.33,80,1011.6,81,23.7,Port Harcourt
2015-02-15,31.7,24.8,27.9,0.2,13.2,19.89,79,1010.9,80,23.6,Port Harcourt
2015-02-16,32.9,24.5,28.0,0.8,13.8,19.25,79,1010.4,70,23.8,Port Harcourt
2015-02-17,31.6,24.4,27.3,6.4,10.6,18.32,84,1009.4,87,24.2,Port Harcourt
2015-02-18,30.2,24.5,26.1,12.1,12.8,13.05,87,1009.5,98,23.7,Port Harcourt
2015-02-19,30.7,24.1,26.5,2.8,10.6,18.06,85,1008.8,77,23.6,Port Harcourt
2015-02-20,31.3,24.0,26.8,7.4,12.3,17.62,85,1008.2,89,23.9,Port Harcourt
2015-02-21,30.0,24.0,26.4,6.1,12.1,15.14,87,1008.3,72,24.1,Port Harcourt
2015-02-22,30.0,24.5,26.0,19.1,15.1,13.04,89,1009.9,69,23.9,Port Harcourt
2015-02-23,30.5,24.1,26.2,8.7,12.5,15.98,89,1010.8,89,24.1,Port Harcourt
2015-02-24,30.8,24.0,26.8,0.8,9.9,15.14,87,1010.1,99,24.2,Port Harcourt
2015-02-25,30.2,25.0,26.5,6.1,11.5,12.35,88,1008.7,99,24.3,Port Harcourt
2015-02-26,29.5,24.2,25.8,15.3,9.8,10.98,89,1009.0,100,23.8,Port Harcourt
2015-02-27,29.6,23.3,25.7,11.6,9.7,14.54,90,1010.2,100,23.7,Port Harcourt
2015-02-28,31.4,23.1,26.6,1.4,9.7,18.93,85,1010.0,98,23.7,Port Harcourt
2015-03-01,31.5,25.0,27.2,4.9,12.4,17.09,84,1009.5,94,24.0,Port Harcourt
2015-03-02,31.5,24.2,27.1,0.9,13.2,20.37,83,1009.3,74,23.6,Port Harcourt
2015-03-03,30.7,24.6,26.7,2.7,12.9,18.22,87,1009.6,81,24.2,Port Harcourt
2015-03-04,30.7,23.8,26.8,2.6,10.4,18.81,87,1010.3,83,24.3,Port Harcourt
2015-03-05,31.8,23.9,27.4,0.9,12.5,18.45,82,1009.5,73,23.7,Port Harcourt
2015-03-06,32.1,24.9,27.7,0.9,13.3,18.85,83,1009.5,98,24.3,Port Harcourt
2015-03-07,31.0,25.1,27.6,0.8,14.0,20.35,85,1009.2,92,24.7,Port Harcourt
2015-03-08,29.1,25.1,26.5,11.7,12.4,15.33,89,1009.1,83,24.5,Port Harcourt
2015-03-09,28.9,24.5,26.0,12.5,11.6,10.44,90,1009.3,78,24.3,Port Harcourt
2015-03-10,30.5,25.1,26.9,9.5,12.1,18.2,88,1010.1,63,24.6,Port Harcourt
2015-03-11,31.6,24.9,27.4,1.1,9.0,17.85,85,1010.4,91,24.5,Port Harcourt
2015-03-12,32.3,24.6,27.6,2.8,10.4,20.09,85,1008.5,38,24.6,Port Harcourt
2015-03-13,31.1,25.2,27.5,3.9,9.3,17.48,86,1007.5,60,24.8,Port Harcourt
2015-03-14,32.5,24.6,27.9,1.1,10.6,20.46,84,1006.8,46,24.6,Port Harcourt
2015-03-15,32.5,25.3,27.7,4.6,15.3,19.8,84,1007.4,55,24.5,Port Harcourt
2015-03-16,30.8,25.8,27.3,2.1,12.6,15.51,85,1009.0,90,24.5,Port Harcourt
2015-03-17,29.5,24.9,26.4,10.3,11.2,13.02,91,1009.4,84,24.7,Port Harcourt
2015-03-18,32.1,24.2,27.3,0.8,10.4,20.0,83,1007.9,59,23.9,Port Harcourt
2015-03-19,31.3,25.1,27.4,6.4,11.5,19.8,84,1007.3,66,24.3,Port Harcourt
2015-03-20,30.3,25.2,27.4,3.1,10.5,17.46,86,1007.5,78,24.9,Port Harcourt
2015-03-21,29.7,24.4,26.3,18.2,13.7,11.58,90,1008.5,98,24.4,Port Harcourt
2015-03-22,29.8,24.3,26.2,7.8,10.2,10.89,90,1009.1,100,24.2,Port Harcourt
2015-03-23,31.7,24.1,27.3,3.7,11.8,19.4,86,1008.5,80,24.6,Port Harcourt
2015-03-24,29.0,25.1,26.7,9.4,11.1,12.37,87,1008.7,99,24.3,Port Harcourt
2015-03-25,29.7,24.4,26.1,20.1,9.3,13.81,90,1009.2,98,24.2,Port Harcourt
2015-03-26,30.8,24.2,26.2,11.8,10.4,14.9,90,1010.7,98,24.3,Port Harcourt
2015-03-27,28.3,24.3,25.5,28.1,13.9,8.1,93,1012.5,99,24.3,Port Harcourt
2015-03-28,32.1,24.3,26.7,8.6,10.0,18.8,88,1011.4,95,24.3,Port Harcourt
2015-03-29,30.2,24.6,26.5,3.3,13.8,15.53,87,1010.8,99,24.1,Port Harcourt
2015-03-30,29.9,24.0,26.0,12.0,15.9,16.3,89,1010.6,99,23.9,Port Harcourt
2015-03-31,27.2,23.5,25.2,4.5,5.8,7.14,93,1010.9,100,24.0,Port Harcourt
2015-04-01,30.9,23.6,26.4,5.3,10.2,17.71,86,1010.8,91,23.6,Port Harcourt
2015-04-02,32.4,23.9,27.3,0.7,12.5,20.51,82,1010.5,75,23.7,Port Harcourt
2015-04-03,30.3,25.1,26.8,9.4,10.5,17.73,88,1009.6,87,24.6,Port Harcourt
2015-04-04,31.1,24.3,26.5,6.1,11.5,18.81,88,1009.1,64,24.2,Port Harcourt
2015-04-05,30.5,23.8,26.4,8.0,12.3,19.86,89,1009.3,82,24.3,Port Harcourt
2015-04-06,30.6,23.6,26.2,5.4,9.0,15.82,88,1009.4,65,23.9,Port Harcourt
2015-04-07,28.6,24.3,26.0,12.2,11.7,11.39,91,1010.3,84,24.3,Port Harcourt
2015-04-08,31.4,24.2,27.4,0.3,13.9,20.11,83,1009.7,83,24.1,Port Harcourt
2015-04-09,29.9,24.4,27.0,0.6,14.7,13.28,87,1010.0,95,24.5,Port Harcourt
2015-04-10,30.3,25.0,27.0,3.9,13.0,17.15,86,1009.9,96,24.4,Port Harcourt
2015-04-11,29.0,24.6,26.3,11.4,10.5,12.0,91,1010.6,90,24.7,Port Harcourt
2015-04-12,29.3,24.6,26.3,7.9,7.4,14.12,90,1011.5,97,24.5,Port Harcourt
2015-04-13,29.8,24.2,26.5,1.2,7.7,14.39,89,1011.5,98,24.4,Port Harcourt
2015-04-14,32.6,24.7,27.9,0.5,13.3,20.96,82,1009.8,79,24.0,Port Harcourt
2015-04-15,30.8,25.1,27.1,3.9,12.3,20.06,87,1009.6,49,24.6,Port Harcourt
2015-04-16,31.2,24.6,27.1,3.0,11.4,20.5,84,1010.7,85,24.0,Port Harcourt
2015-04-17,31.4,24.3,27.3,1.5,11.0,20.69,84,1011.0,71,24.2,Port Harcourt
2015-04-18,30.6,24.7,27.2,3.7,10.9,19.96,87,1010.6,35,24.7,Port Harcourt
2015-04-19,30.7,25.1,27.3,1.7,11.4,19.55,88,1009.9,78,25.0,Port Harcourt
2015-04-20,30.5,25.7,27.3,2.6,12.1,17.67,87,1009.6,94,24.8,Port Harcourt
2015-04-21,31.7,24.6,27.8,1.0,11.7,22.27,83,1009.4,54,24.5,Port Harcourt
2015-04-22,31.1,25.4,27.0,10.9,13.8,17.31,88,1009.9,69,24.8,Port Harcourt
2015-04-23,30.6,24.7,27.0,5.2,11.6,15.45,87,1010.1,98,24.6,Port Harcourt
2015-04-24,30.3,25.6,27.4,4.9,12.0,18.08,86,1010.9,88,24.7,Port Harcourt
2015-04-25,30.5,25.2,27.2,5.5,9.4,18.49,86,1011.7,69,24.5,Port Harcourt
2015-04-26,30.5,25.0,27.3,2.4,12.1,19.48,84,1011.8,66,24.1,Port Harcourt
2015-04-27,31.0,23.8,27.2,0.0,11.6,18.33,81,1010.4,46,23.5,Port Harcourt
2015-04-28,31.3,24.9,27.5,2.0,13.2,19.22,83,1010.4,37,24.1,Port Harcourt
2015-04-29,30.4,25.1,26.7,17.7,11.5,18.01,89,1010.1,59,24.6,Port Harcourt
2015-04-30,30.9,24.4,27.2,2.8,11.7,21.03,86,1009.4,62,24.4,Port Harcourt
2015-05-01,30.8,24.8,27.6,2.3,12.9,20.46,84,1008.9,51,24.4,Port Harcourt
2015-05-02,31.5,24.8,27.4,6.3,13.2,19.96,85,1008.7,55,24.5,Port Harcourt
2015-05-03,30.3,24.8,26.7,8.2,10.9,16.77,89,1009.7,84,24.7,Port Harcourt
2015-05-04,30.9,24.8,27.6,1.0,12.4,19.8,85,1009.2,68,24.7,Port Harcourt
2015-05-05,30.9,24.6,26.7,10.2,9.7,17.29,88,1010.9,81,24.5,Port Harcourt
2015-05-06,30.8,24.0,26.5,1.2,9.2,17.49,85,1010.6,83,23.6,Port Harcourt
2015-05-07,30.8,24.3,26.8,5.8,15.9,17.04,86,1010.9,86,24.2,Port Harcourt
2015-05-08,30.6,25.0,27.6,1.5,12.3,20.17,84,1011.7,98,24.4,Port Harcourt
2015-05-09,31.6,25.4,28.1,0.0,13.2,23.25,79,1011.3,55,23.8,Port Harcourt
2015-05-10,30.2,24.5,26.9,10.7,11.0,17.08,87,1010.9,72,24.4,Port Harcourt
2015-05-11,31.2,24.7,27.1,7.5,11.8,19.09,87,1010.8,87,24.6,Port Harcourt
2015-05-12,29.0,24.6,26.8,11.8,10.9,15.34,90,1011.2,69,24.9,Port Harcourt
2015-05-13,31.2,24.2,27.1,10.6,8.2,17.97,88,1010.4,79,24.8,Port Harcourt
2015-05-14,28.7,25.1,26.3,10.2,9.9,11.22,93,1009.8,97,25.0,Port Harcourt
2015-05-15,31.2,24.3,27.0,8.6,9.0,17.83,89,1010.2,91,25.0,Port Harcourt
2015-05-16,27.3,25.0,26.0,17.7,7.0,7.87,94,1010.9,92,24.9,Port Harcourt
2015-05-17,29.9,24.7,26.5,12.1,12.3,14.71,91,1011.0,98,24.9,Port Harcourt
2015-05-18,28.7,24.7,26.3,11.2,9.0,11.9,93,1010.9,99,25.0,Port Harcourt
2015-05-19,31.4,24.4,27.1,1.7,13.7,19.21,86,1011.2,86,24.3,Port Harcourt
2015-05-20,30.3,24.3,26.6,7.9,9.3,16.27,89,1011.1,99,24.5,Port Harcourt
2015-05-21,29.5,24.8,26.3,11.1,10.1,13.15,91,1012.1,98,24.6,Port Harcourt
2015-05-22,30.7,24.1,26.9,0.9,11.3,16.84,87,1011.7,84,24.3,Port Harcourt
2015-05-23,28.5,23.8,26.1,13.6,9.4,11.69,89,1011.8,97,24.1,Port Harcourt
2015-05-24,25.6,24.0,24.7,49.1,12.7,3.8,95,1012.3,100,23.9,Port Harcourt
2015-05-25,30.0,23.7,26.1,7.5,9.0,16.66,91,1011.7,89,24.4,Port Harcourt
2015-05-26,29.1,24.1,26.0,7.2,11.4,13.2,90,1010.9,90,24.2,Port Harcourt
2015-05-27,28.9,24.1,26.0,9.4,11.2,14.81,89,1011.2,93,23.9,Port Harcourt
2015-05-28,30.2,23.6,26.3,13.7,11.4,17.85,88,1010.7,82,24.1,Port Harcourt
2015-05-29,27.0,24.2,25.3,17.7,9.0,6.25,94,1010.4,100,24.2,Port Harcourt
2015-05-30,29.5,23.9,25.9,11.3,11.7,14.56,90,1011.2,96,24.1,Port Harcourt
2015-05-31,29.0,24.3,25.8,9.6,13.3,13.74,88,1011.5,93,23.7,Port Harcourt
2015-06-01,28.8,24.5,26.0,4.1,11.5,10.36,87,1011.0,97,23.7,Port Harcourt
2015-06-02,26.1,24.3,25.0,28.6,15.6,6.03,91,1010.8,95,23.4,Port Harcourt
2015-06-03,27.6,23.6,25.3,8.0,9.9,11.78,91,1011.9,97,23.6,Port Harcourt
2015-06-04,28.4,23.8,25.3,14.2,11.7,11.51,90,1012.4,95,23.5,Port Harcourt
2015-06-05,24.7,23.7,24.2,58.6,15.3,2.86,96,1011.8,99,23.5,Port Harcourt
2015-06-06,28.7,23.3,25.2,5.1,10.7,16.64,89,1012.2,93,23.3,Port Harcourt
2015-06-07,27.2,22.9,24.9,8.1,10.5,10.88,92,1012.1,99,23.4,Port Harcourt
2015-06-08,26.7,23.0,24.8,11.8,11.1,10.33,92,1012.3,93,23.4,Port Harcourt
2015-06-09,27.5,23.4,25.0,7.9,10.5,11.72,91,1012.2,91,23.4,Port Harcourt
2015-06-10,28.6,23.7,25.2,10.9,10.5,11.99,91,1012.7,87,23.5,Port Harcourt
2015-06-11,29.1,23.1,25.6,6.1,12.6,16.56,88,1012.8,77,23.3,Port Harcourt
2015-06-12,27.6,23.7,25.4,0.9,10.9,9.88,87,1012.8,92,23.0,Port Harcourt
2015-06-13,28.2,23.7,25.7,4.0,13.1,14.03,85,1012.6,62,22.9,Port Harcourt
2015-06-14,25.7,23.7,24.6,19.8,13.5,5.09,90,1012.5,91,22.9,Port Harcourt
2015-06-15,28.2,23.9,25.8,0.7,12.7,13.92,81,1012.7,96,22.2,Port Harcourt
2015-06-16,28.0,23.9,25.1,11.5,14.0,9.21,87,1012.7,94,22.8,Port Harcourt
2015-06-17,27.9,23.8,25.3,3.3,11.8,11.68,88,1011.6,87,23.1,Port Harcourt
2015-06-18,28.6,23.5,25.2,9.7,13.2,12.15,89,1011.3,82,23.3,Port Harcourt
2015-06-19,26.9,23.9,25.1,4.1,13.9,9.51,88,1012.6,84,23.0,Port Harcourt
2015-06-20,25.3,23.4,24.2,37.5,13.3,4.55,93,1013.8,91,22.9,Port Harcourt
2015-06-21,27.4,23.2,24.7,6.9,11.8,11.88,89,1015.0,88,22.7,Port Harcourt
2015-06-22,27.5,23.0,24.9,4.7,11.9,11.18,87,1015.4,83,22.6,Port Harcourt
2015-06-23,26.9,23.7,25.1,6.8,12.6,10.45,89,1015.4,85,23.2,Port Harcourt
2015-06-24,28.6,23.8,25.4,7.1,11.9,15.89,86,1015.5,69,22.9,Port Harcourt
2015-06-25,27.0,23.5,24.8,10.8,10.9,11.6,88,1017.0,86,22.7,Port Harcourt
2015-06-26,27.7,23.0,24.3,20.9,12.7,10.57,92,1016.0,93,22.9,Port Harcourt
2015-06-27,25.6,23.0,24.1,11.0,9.1,6.78,95,1014.6,89,23.3,Port Harcourt
2015-06-28,25.8,23.2,24.1,9.7,13.5,6.21,94,1014.8,90,23.1,Port Harcourt
2015-06-29,26.5,23.5,24.7,5.9,10.8,9.01,89,1014.9,90,22.8,Port Harcourt
2015-06-30,26.4,23.8,24.6,6.7,12.9,7.16,90,1014.6,93,22.9,Port Harcourt
2015-07-01,27.6,23.5,24.7,3.9,12.2,10.56,89,1013.7,98,22.7,Port Harcourt
2015-07-02,23.8,23.3,23.6,32.1,12.2,1.75,95,1013.5,100,22.8,Port Harcourt
2015-07-03,27.5,23.3,24.8,6.8,13.5,9.93,90,1013.8,100,22.8,Port Harcourt
2015-07-04,28.5,23.0,25.1,11.0,8.7,12.81,90,1013.6,92,23.3,Port Harcourt
2015-07-05,29.4,23.6,25.9,1.2,10.5,17.15,87,1012.5,75,23.5,Port Harcourt
2015-07-06,29.0,24.1,26.2,1.0,9.9,15.97,86,1011.7,68,23.6,Port Harcourt
2015-07-07,26.7,23.9,24.7,39.0,7.4,5.61,94,1011.9,97,23.7,Port Harcourt
2015-07-08,28.7,23.2,25.5,2.7,7.4,13.59,90,1011.7,88,23.7,Port Harcourt
2015-07-09,29.5,23.9,26.0,3.3,10.7,16.43,87,1011.9,82,23.7,Port Harcourt
2015-07-10,26.9,23.9,25.1,8.5,11.2,6.84,90,1013.0,98,23.3,Port Harcourt
2015-07-11,25.3,22.9,24.1,10.8,14.5,5.03,96,1014.1,100,23.4,Port Harcourt
2015-07-12,28.9,23.9,25.5,9.6,10.3,15.88,89,1013.5,85,23.4,Port Harcourt
2015-07-13,28.4,23.3,25.3,6.8,9.5,14.94,89,1013.0,96,23.3,Port Harcourt
2015-07-14,28.9,23.5,25.3,5.8,11.1,14.42,88,1012.5,87,23.1,Port Harcourt
2015-07-15,27.8,23.7,25.5,3.3,11.0,14.8,86,1012.4,73,22.9,Port Harcourt
2015-07-16,27.3,24.1,25.4,2.6,13.9,12.16,86,1013.4,91,22.9,Port Harcourt
2015-07-17,27.4,24.2,25.3,1.7,10.6,9.31,87,1013.1,87,23.0,Port Harcourt
2015-07-18,28.8,24.2,25.7,3.2,13.0,12.43,85,1013.1,89,22.9,Port Harcourt
2015-07-19,27.7,24.1,25.2,4.6,15.5,12.23,86,1012.9,89,22.7,Port Harcourt
2015-07-20,27.1,23.5,24.7,9.2,17.3,12.75,89,1013.0,93,22.8,Port Harcourt
2015-07-21,27.6,22.8,24.5,2.0,13.0,10.73,88,1014.4,96,22.3,Port Harcourt
2015-07-22,28.6,22.4,25.1,2.2,11.3,17.1,85,1014.1,72,22.3,Port Harcourt
2015-07-23,26.6,23.5,24.6,6.5,12.1,10.4,89,1014.0,93,22.6,Port Harcourt
2015-07-24,27.9,22.9,24.6,4.2,11.3,13.4,88,1013.8,98,22.5,Port Harcourt
2015-07-25,27.5,23.6,25.0,3.3,12.2,11.38,86,1013.6,95,22.5,Port Harcourt
2015-07-26,24.8,23.0,23.7,35.6,12.0,4.91,96,1013.7,99,23.0,Port Harcourt
2015-07-27,26.8,23.0,24.6,1.2,19.2,11.65,86,1013.5,97,22.0,Port Harcourt
2015-07-28,27.2,22.3,24.6,1.9,13.7,16.84,83,1014.3,98,21.3,Port Harcourt
2015-07-29,27.3,22.9,24.9,1.4,15.0,13.13,80,1014.7,96,21.1,Port Harcourt
2015-07-30,26.8,22.5,24.2,9.5,11.7,10.67,89,1014.4,94,22.2,Port Harcourt
2015-07-31,27.7,23.0,24.5,5.2,11.4,11.58,88,1013.7,81,22.4,Port Harcourt
2015-08-01,27.1,23.3,24.7,3.8,12.6,11.65,88,1013.3,94,22.5,Port Harcourt
2015-08-02,28.1,23.5,24.9,6.4,10.8,16.05,88,1013.2,97,22.8,Port Harcourt
2015-08-03,28.3,23.3,24.9,12.5,12.3,13.57,90,1013.6,99,23.0,Port Harcourt
2015-08-04,28.6,23.6,25.4,6.9,12.5,16.39,86,1013.2,85,22.7,Port Harcourt
2015-08-05,29.2,23.2,25.3,6.1,11.4,14.81,87,1013.0,93,23.0,Port Harcourt
2015-08-06,29.2,23.6,25.5,7.9,11.4,16.35,85,1012.2,83,22.8,Port Harcourt
2015-08-07,28.5,23.7,24.9,7.2,11.9,10.7,88,1012.1,96,22.7,Port Harcourt
2015-08-08,25.9,23.4,24.5,3.6,7.2,6.84,90,1012.8,98,22.7,Port Harcourt
2015-08-09,26.1,23.2,24.1,26.7,12.3,5.76,94,1012.8,85,23.1,Port Harcourt
2015-08-10,25.1,23.2,23.8,29.6,8.9,4.17,95,1012.2,100,23.1,Port Harcourt
2015-08-11,27.2,23.1,24.3,68.7,13.2,10.95,91,1013.0,94,22.7,Port Harcourt
2015-08-12,27.8,23.0,24.5,13.7,13.8,12.48,90,1014.4,92,22.8,Port Harcourt
2015-08-13,28.4,22.2,24.9,3.6,11.2,15.06,89,1013.9,89,22.7,Port Harcourt
2015-08-14,27.5,23.7,24.6,10.2,13.5,9.52,92,1013.2,98,23.3,Port Harcourt
2015-08-15,28.1,23.4,25.2,1.5,14.3,15.78,88,1013.3,97,22.9,Port Harcourt
2015-08-16,28.1,24.0,25.2,14.5,10.7,11.97,89,1014.0,97,23.2,Port Harcourt
2015-08-17,26.2,23.4,24.4,6.4,12.8,7.89,92,1013.8,100,23.1,Port Harcourt
2015-08-18,26.1,23.8,24.7,0.3,10.1,6.02,90,1012.7,100,22.9,Port Harcourt
2015-08-19,25.3,23.4,24.1,13.7,11.3,7.73,95,1012.1,95,23.3,Port Harcourt
2015-08-20,26.2,23.1,24.0,6.1,14.8,6.76,93,1011.9,93,22.8,Port Harcourt
2015-08-21,27.8,22.5,24.9,3.8,11.2,12.05,88,1012.2,98,22.6,Port Harcourt
2015-08-22,29.1,23.8,25.5,5.6,14.0,13.06,85,1012.1,99,22.7,Port Harcourt
2015-08-23,28.3,23.7,25.4,6.9,13.4,14.0,87,1011.5,99,23.0,Port Harcourt
2015-08-24,27.4,23.4,25.0,2.2,13.1,9.93,89,1012.1,99,22.9,Port Harcourt
2015-08-25,28.1,23.5,25.2,2.0,14.3,13.85,87,1013.1,91,22.8,Port Harcourt
2015-08-26,28.9,24.0,25.8,1.4,10.7,15.98,84,1012.9,91,22.8,Port Harcourt
2015-08-27,27.4,23.4,24.7,8.7,12.8,10.46,90,1012.0,99,22.9,Port Harcourt
2015-08-28,27.3,23.1,24.5,9.8,11.5,12.63,92,1012.1,94,23.1,Port Harcourt
2015-08-29,28.6,23.3,25.0,7.5,10.2,13.22,88,1014.1,96,22.8,Port Harcourt
2015-08-30,28.5,22.9,25.1,11.6,12.2,14.65,87,1014.5,94,22.7,Port Harcourt
2015-08-31,28.2,23.1,24.5,9.8,15.3,13.33,89,1014.0,98,22.6,Port Harcourt
2015-09-01,27.6,23.1,24.6,2.6,14.5,12.49,89,1014.0,98,22.6,Port Harcourt
2015-09-02,27.0,23.0,24.5,5.9,14.6,12.08,90,1013.9,98,22.6,Port Harcourt
2015-09-03,29.0,22.6,25.2,4.3,10.5,15.81,86,1013.8,86,22.5,Port Harcourt
2015-09-04,29.4,23.8,25.5,4.6,10.3,15.7,87,1013.1,93,23.0,Port Harcourt
2015-09-05,27.5,24.0,24.9,2.8,12.7,8.71,89,1013.1,99,23.0,Port Harcourt
2015-09-06,27.7,23.4,24.7,9.2,11.6,9.71,90,1014.2,98,22.9,Port Harcourt
2015-09-07,24.9,23.2,23.7,20.6,14.3,6.34,96,1013.6,100,23.0,Port Harcourt
2015-09-08,27.7,22.9,24.4,10.7,11.4,9.06,92,1012.0,99,22.9,Port Harcourt
2015-09-09,29.0,23.4,25.4,5.1,9.5,17.98,86,1012.2,94,22.9,Port Harcourt
2015-09-10,29.4,22.9,25.0,12.8,8.6,14.09,90,1011.9,95,23.2,Port Harcourt
2015-09-11,26.3,23.6,24.7,15.0,8.3,9.26,93,1012.1,98,23.4,Port Harcourt
2015-09-12,28.9,23.5,25.7,2.1,14.1,17.75,88,1011.3,78,23.4,Port Harcourt
2015-09-13,27.4,23.8,25.2,6.7,13.4,13.37,88,1012.1,88,23.1,Port Harcourt
2015-09-14,26.0,23.6,24.3,35.1,10.2,5.36,95,1013.2,99,23.4,Port Harcourt
2015-09-15,25.8,23.3,24.3,12.6,10.8,6.68,93,1013.5,98,23.0,Port Harcourt
2015-09-16,27.3,23.2,24.5,23.4,13.2,11.96,91,1012.7,94,22.9,Port Harcourt
2015-09-17,25.8,22.7,24.0,8.5,8.6,6.09,94,1011.9,86,23.0,Port Harcourt
2015-09-18,27.5,22.6,24.5,5.7,10.0,10.8,91,1012.0,87,22.9,Port Harcourt
2015-09-19,26.2,23.2,24.4,6.2,10.8,7.01,93,1013.4,98,23.3,Port Harcourt
2015-09-20,27.3,23.1,25.0,3.2,11.2,11.93,90,1014.0,98,23.2,Port Harcourt
2015-09-21,28.3,23.1,25.0,3.4,13.0,12.72,90,1013.2,94,23.3,Port Harcourt
2015-09-22,29.3,23.1,25.1,11.0,10.1,14.44,90,1012.7,80,23.2,Port Harcourt
2015-09-23,29.2,22.3,25.2,5.8,10.4,14.94,88,1012.3,94,22.9,Port Harcourt
2015-09-24,28.1,23.0,24.5,16.3,12.2,11.17,94,1012.4,99,23.4,Port Harcourt
2015-09-25,27.6,23.1,24.7,10.6,10.1,11.51,92,1012.9,97,23.2,Port Harcourt
2015-09-26,29.2,23.4,25.3,6.7,12.0,15.32,89,1011.7,85,23.4,Port Harcourt
2015-09-27,28.1,23.0,24.9,11.2,8.7,12.46,91,1010.5,85,23.2,Port Harcourt
2015-09-28,27.0,23.2,24.7,11.2,11.0,9.79,92,1010.6,88,23.3,Port Harcourt
2015-09-29,26.3,23.1,24.5,4.2,16.7,6.97,93,1011.1,100,23.3,Port Harcourt
2015-09-30,26.1,22.9,24.2,18.8,10.4,7.01,94,1011.3,99,23.2,Port Harcourt
2015-10-01,29.3,23.6,25.8,3.3,14.2,17.09,86,1010.6,81,23.2,Port Harcourt
2015-10-02,28.2,23.8,25.4,2.2,11.7,12.77,89,1010.1,89,23.4,Port Harcourt
2015-10-03,29.0,23.4,25.2,9.1,12.6,17.17,91,1011.4,79,23.5,Port Harcourt
2015-10-04,29.5,22.8,25.6,2.7,11.7,15.43,87,1012.5,74,23.3,Port Harcourt
2015-10-05,28.0,24.3,25.6,3.9,10.0,9.89,89,1012.8,87,23.5,Port Harcourt
2015-10-06,29.4,23.6,25.5,14.9,9.6,14.35,90,1012.4,98,23.5,Port Harcourt
2015-10-07,26.9,23.5,24.7,8.1,9.4,9.81,92,1012.3,98,23.4,Port Harcourt
2015-10-08,28.9,23.2,25.2,10.1,12.0,15.02,89,1012.5,67,23.3,Port Harcourt
2015-10-09,29.4,23.2,25.3,11.1,13.0,15.47,91,1012.5,81,23.8,Port Harcourt
2015-10-10,29.8,23.1,25.7,2.9,12.4,17.05,87,1012.2,65,23.2,Port Harcourt
2015-10-11,29.8,23.5,25.6,7.6,8.8,15.59,89,1012.5,84,23.5,Port Harcourt
2015-10-12,30.5,24.0,26.4,7.3,11.2,19.74,87,1012.5,50,23.9,Port Harcourt
2015-10-13,29.6,23.9,25.9,10.6,10.8,15.48,90,1011.9,81,24.1,Port Harcourt
2015-10-14,27.6,24.1,25.6,5.8,10.2,9.64,92,1011.0,100,24.1,Port Harcourt
2015-10-15,29.4,24.1,25.8,10.7,7.9,12.66,90,1011.0,97,24.1,Port Harcourt
2015-10-16,27.5,24.4,25.5,10.4,12.7,9.0,91,1011.2,96,23.9,Port Harcourt
2015-10-17,28.3,24.0,25.6,12.6,11.7,13.11,90,1011.7,99,23.8,Port Harcourt
2015-10-18,28.9,23.3,25.3,12.5,11.4,12.24,91,1012.4,94,23.7,Port Harcourt
2015-10-19,29.1,23.8,25.4,19.0,12.2,12.1,92,1012.5,88,24.0,Port Harcourt
2015-10-20,26.8,23.5,24.6,32.4,10.3,6.98,96,1011.9,97,23.8,Port Harcourt
2015-10-21,28.0,23.2,25.3,5.6,13.0,12.77,91,1011.3,97,23.7,Port Harcourt
2015-10-22,28.7,23.3,25.2,14.3,10.1,12.09,91,1011.9,99,23.5,Port Harcourt
2015-10-23,29.8,23.9,26.0,8.5,10.0,16.77,89,1011.9,71,23.9,Port Harcourt
2015-10-24,30.1,23.7,25.8,10.2,10.4,14.89,89,1011.9,71,23.9,Port Harcourt
2015-10-25,30.0,24.0,26.0,6.0,9.4,17.82,88,1012.1,80,23.9,Port Harcourt
2015-10-26,28.9,23.4,25.7,10.6,9.0,14.13,92,1011.7,94,24.2,Port Harcourt
2015-10-27,26.2,24.0,24.9,17.5,9.5,5.61,95,1011.7,100,24.1,Port Harcourt
2015-10-28,28.6,24.1,25.4,6.7,12.0,11.69,91,1011.1,100,23.8,Port Harcourt
2015-10-29,28.1,23.8,25.1,8.5,9.2,10.29,92,1011.2,100,23.7,Port Harcourt
2015-10-30,30.5,23.6,26.1,4.2,10.6,18.0,88,1010.0,85,23.7,Port Harcourt
2015-10-31,28.9,23.2,25.7,16.8,9.8,15.4,91,1010.5,92,24.1,Port Harcourt
2015-11-01,25.8,23.2,24.3,39.8,9.8,6.13,96,1011.3,100,23.6,Port Harcourt
2015-11-02,25.8,22.9,24.0,17.4,6.6,5.88,96,1011.7,99,23.4,Port Harcourt
2015-11-03,29.4,22.8,25.4,5.3,12.0,14.88,91,1011.2,73,23.6,Port Harcourt
2015-11-04,29.8,23.0,25.7,6.8,10.9,16.8,90,1011.0,66,23.9,Port Harcourt
2015-11-05,26.9,23.7,24.8,7.4,7.7,6.04,94,1011.8,95,23.7,Port Harcourt
2015-11-06,29.6,23.5,26.0,0.4,9.1,15.39,86,1011.2,67,23.2,Port Harcourt
2015-11-07,28.6,23.2,25.6,11.6,12.0,16.23,90,1011.0,63,23.7,Port Harcourt
2015-11-08,28.6,23.0,25.2,18.6,14.5,12.73,91,1012.4,77,23.6,Port Harcourt
2015-11-09,26.7,22.9,24.8,5.0,7.7,8.07,92,1013.2,98,23.4,Port Harcourt
2015-11-10,27.7,23.4,25.1,19.3,8.0,13.08,94,1012.5,86,24.0,Port Harcourt
2015-11-11,30.5,23.1,25.8,4.9,6.8,18.6,89,1010.6,71,23.7,Port Harcourt
2015-11-12,29.6,23.6,25.9,4.7,8.9,15.47,89,1009.8,70,23.9,Port Harcourt
2015-11-13,29.4,23.7,26.4,1.3,11.1,17.07,87,1011.0,63,23.9,Port Harcourt
2015-11-14,30.6,24.2,26.2,2.1,10.8,15.76,88,1011.5,100,23.9,Port Harcourt
2015-11-15,30.6,24.0,26.2,8.0,10.9,16.72,86,1011.5,83,23.6,Port Harcourt
2015-11-16,31.0,23.3,26.5,0.9,10.1,19.88,85,1010.2,60,23.6,Port Harcourt
2015-11-17,29.7,24.2,26.3,2.0,10.0,15.34,88,1009.7,54,24.0,Port Harcourt
2015-11-18,30.7,23.8,26.8,0.8,10.7,17.16,84,1008.8,66,23.8,Port Harcourt
2015-11-19,29.9,24.7,26.7,2.8,10.1,17.92,87,1009.3,69,24.2,Port Harcourt
2015-11-20,29.3,24.2,26.3,1.8,11.3,15.72,87,1010.1,84,23.8,Port Harcourt
2015-11-21,30.9,23.9,26.7,3.3,8.6,18.62,86,1008.7,69,24.1,Port Harcourt
2015-11-22,30.8,24.8,26.7,4.9,9.7,17.7,87,1008.2,61,24.2,Port Harcourt
2015-11-23,30.5,23.9,26.7,2.5,11.6,16.8,85,1009.0,74,23.9,Port Harcourt
2015-11-24,29.7,24.3,26.2,6.9,12.6,14.21,87,1011.4,92,23.9,Port Harcourt
2015-11-25,30.7,24.1,26.8,2.2,9.4,17.91,86,1010.0,52,24.1,Port Harcourt
2015-11-26,30.6,24.7,27.2,1.6,10.4,18.91,85,1009.0,59,24.3,Port Harcourt
2015-11-27,30.0,24.3,26.4,11.2,10.8,16.72,88,1009.7,66,24.1,Port Harcourt
2015-11-28,31.7,24.4,27.3,1.6,11.2,18.27,84,1010.4,26,24.2,Port Harcourt
2015-11-29,30.5,24.2,26.9,0.8,9.6,17.51,88,1011.6,45,24.6,Port Harcourt
2015-11-30,31.4,24.3,26.7,3.9,11.8,17.87,87,1012.1,37,24.2,Port Harcourt
2015-12-01,29.7,24.3,26.5,0.9,11.5,14.7,90,1012.0,49,24.6,Port Harcourt
2015-12-02,29.3,24.2,26.5,1.7,10.6,15.79,87,1011.8,69,24.0,Port Harcourt
2015-12-03,32.0,23.4,27.2,0.1,8.0,19.46,80,1011.4,44,22.8,Port Harcourt
2015-12-04,32.2,24.0,27.3,0.0,9.7,21.79,77,1011.5,89,22.2,Port Harcourt
2015-12-05,32.1,24.1,27.2,0.0,12.0,21.43,80,1011.2,39,22.9,Port Harcourt
2015-12-06,33.1,23.8,27.6,0.0,7.1,20.97,78,1011.7,26,22.7,Port Harcourt
2015-12-07,34.3,23.0,27.5,0.0,13.5,22.73,67,1011.3,61,19.3,Port Harcourt
2015-12-08,32.8,23.7,26.8,0.0,13.0,23.0,66,1011.2,17,18.6,Port Harcourt
2015-12-09,31.5,23.0,26.9,0.1,11.9,20.39,78,1011.9,19,22.5,Port Harcourt
2015-12-10,31.6,23.5,26.8,0.0,10.9,19.57,81,1011.6,80,22.8,Port Harcourt
2015-12-11,32.8,23.7,27.2,0.0,11.2,21.36,74,1012.1,60,21.0,Port Harcourt
2015-12-12,34.1,22.4,27.0,0.0,12.3,22.71,65,1011.7,32,17.9,Port Harcourt
2015-12-13,33.0,21.3,26.6,0.0,11.5,22.54,72,1011.4,46,20.0,Port Harcourt
2015-12-14,32.7,22.3,27.0,0.0,10.6,21.86,75,1011.0,46,21.1,Port Harcourt
2015-12-15,33.8,23.1,26.9,0.0,10.7,22.51,69,1011.0,30,18.7,Port Harcourt
2015-12-16,33.4,21.1,26.5,0.0,10.8,22.69,64,1011.3,16,16.9,Port Harcourt
2015-12-17,32.6,21.2,26.7,0.0,11.3,20.6,65,1011.3,45,17.7,Port Harcourt
2015-12-18,29.6,21.5,25.6,0.0,8.6,8.78,65,1012.1,82,17.7,Port Harcourt
2015-12-19,33.4,20.4,26.8,0.0,10.0,19.59,56,1012.1,33,15.5,Port Harcourt
2015-12-20,33.7,21.0,26.8,0.0,11.5,22.32,67,1012.1,5,18.8,Port Harcourt
2015-12-21,33.5,22.8,27.4,0.0,13.4,21.89,71,1011.6,35,20.5,Port Harcourt
2015-12-22,34.5,22.1,27.5,0.0,12.3,22.67,66,1011.4,35,18.3,Port Harcourt
2015-12-23,33.0,21.8,26.7,0.0,11.2,22.2,63,1011.4,15,16.7,Port Harcourt
2015-12-24,33.7,20.9,27.0,0.0,11.5,22.54,59,1011.7,13,15.8,Port Harcourt
2015-12-25,34.5,20.9,27.1,0.0,15.3,22.07,56,1011.6,12,15.1,Port Harcourt
2015-12-26,33.7,21.6,26.9,0.0,10.4,22.74,58,1010.8,0,16.1,Port Harcourt
2015-12-27,35.0,21.1,27.3,0.0,13.1,22.63,66,1009.9,1,18.6,Port Harcourt
2015-12-28,34.7,22.1,27.6,0.0,14.6,22.61,70,1011.0,0,20.3,Port Harcourt
2015-12-29,34.8,22.3,27.7,0.0,15.5,22.37,71,1012.0,3,20.7,Port Harcourt
2015-12-30,34.4,22.5,27.6,0.0,15.5,21.46,72,1012.0,14,20.8,Port Harcourt
2015-12-31,34.4,24.1,28.3,0.0,15.5,20.71,72,1011.6,19,21.8,Port Harcourt
2016-01-01,34.5,24.0,28.6,0.0,13.0,20.38,71,1011.3,15,21.9,Port Harcourt
2016-01-02,34.4,24.5,28.4,0.0,11.2,21.64,64,1011.0,31,18.7,Port Harcourt
2016-01-03,36.0,23.0,28.8,0.0,13.1,22.83,61,1010.2,26,17.9,Port Harcourt
2016-01-04,35.9,22.5,28.2,0.0,14.4,22.81,64,1009.9,33,18.3,Port Harcourt
2016-01-05,34.2,22.6,27.8,0.0,15.5,22.59,71,1010.4,7,21.1,Port Harcourt
2016-01-06,34.8,23.4,28.6,0.0,13.9,20.59,70,1010.5,15,21.8,Port Harcourt
2016-01-07,35.7,24.5,28.9,0.0,17.9,22.05,69,1010.6,22,21.7,Port Harcourt
2016-01-08,33.8,24.7,28.6,0.0,15.3,20.15,75,1011.3,18,23.1,Port Harcourt
2016-01-09,32.6,25.7,28.4,1.4,13.5,17.37,77,1011.9,34,23.8,Port Harcourt
2016-01-10,34.1,25.2,28.9,0.0,13.7,18.23,74,1010.8,33,23.3,Port Harcourt
2016-01-11,34.8,24.8,28.9,0.0,15.8,20.12,75,1010.0,23,23.4,Port Harcourt
2016-01-12,35.2,26.1,29.4,0.0,14.6,20.66,73,1008.8,32,23.1,Port Harcourt
2016-01-13,35.1,25.3,29.3,0.0,14.2,20.01,72,1009.1,25,22.9,Port Harcourt
2016-01-14,36.0,25.0,29.4,0.0,16.7,21.94,70,1008.9,58,22.1,Port Harcourt
2016-01-15,36.1,24.8,29.5,0.0,16.9,21.85,70,1008.9,63,22.4,Port Harcourt
2016-01-16,35.4,25.0,29.4,0.0,16.6,21.06,70,1009.8,48,22.7,Port Harcourt
2016-01-17,33.1,25.7,28.6,2.7,13.0,17.33,76,1010.0,84,23.7,Port Harcourt
2016-01-18,31.7,25.3,28.0,1.3,12.0,15.74,80,1009.9,80,24.0,Port Harcourt
2016-01-19,31.5,25.1,27.8,1.2,12.7,16.49,80,1009.9,43,23.9,Port Harcourt
2016-01-20,34.5,24.6,28.6,0.0,13.3,20.97,74,1009.3,38,22.7,Port Harcourt
2016-01-21,35.2,24.2,28.8,0.0,16.7,22.46,73,1009.5,10,22.6,Port Harcourt
2016-01-22,32.6,24.6,28.4,0.0,10.8,12.97,71,1010.7,61,22.1,Port Harcourt
2016-01-23,35.1,24.4,29.1,0.0,14.2,22.03,70,1011.5,18,21.9,Port Harcourt
2016-01-24,35.6,25.7,29.4,0.0,10.3,22.76,64,1013.1,41,20.2,Port Harcourt
2016-01-25,35.7,23.3,28.6,0.0,15.8,19.5,50,1013.2,59,12.9,Port Harcourt
2016-01-26,35.3,22.4,28.0,0.0,12.6,23.43,56,1013.4,20,16.2,Port Harcourt
2016-01-27,35.9,22.4,28.2,0.0,12.8,24.1,54,1012.3,25,14.5,Port Harcourt
2016-01-28,36.0,21.6,28.1,0.0,12.4,24.16,57,1011.1,36,15.8,Port Harcourt
2016-01-29,36.5,21.5,28.2,0.0,14.5,24.44,54,1010.3,0,14.3,Port Harcourt
2016-01-30,36.3,21.1,27.9,0.0,13.8,24.53,51,1010.6,0,13.2,Port Harcourt
2016-01-31,35.3,22.5,28.2,0.0,13.9,24.12,61,1011.2,6,18.4,Port Harcourt
2016-02-01,35.8,22.7,28.5,0.0,16.3,23.93,64,1010.3,2,19.7,Port Harcourt
2016-02-02,35.2,22.8,28.1,0.0,16.3,23.8,69,1009.6,1,21.1,Port Harcourt
2016-02-03,34.3,23.9,28.4,0.0,15.0,22.82,72,1010.1,15,22.1,Port Harcourt
2016-02-04,34.1,25.5,28.7,0.8,15.8,18.17,74,1010.3,34,23.1,Port Harcourt
2016-02-05,36.4,25.6,29.6,0.0,18.4,21.79,69,1009.8,50,22.2,Port Harcourt
2016-02-06,36.2,26.2,29.7,0.0,15.5,20.67,70,1010.6,54,22.7,Port Harcourt
2016-02-07,34.7,24.6,28.9,0.4,16.6,20.92,74,1011.5,52,23.1,Port Harcourt
2016-02-08,33.6,25.2,28.8,0.6,12.9,18.08,73,1012.5,42,23.1,Port Harcourt
2016-02-09,36.7,24.7,29.8,0.0,13.4,21.87,69,1011.4,12,22.1,Port Harcourt
2016-02-10,37.8,23.7,29.7,0.0,14.0,24.76,59,1010.0,40,17.2,Port Harcourt
2016-02-11,36.5,24.7,29.3,0.0,16.8,23.73,69,1009.7,25,21.5,Port Harcourt
2016-02-12,35.7,24.4,29.2,0.0,17.1,21.74,69,1010.1,21,22.0,Port Harcourt
2016-02-13,33.8,26.0,28.7,0.9,15.9,18.85,73,1010.3,43,23.0,Port Harcourt
2016-02-14,33.0,25.5,28.5,2.0,12.2,16.21,76,1010.6,48,23.5,Port Harcourt
2016-02-15,34.5,26.0,29.1,0.4,14.3,19.9,74,1009.0,54,23.6,Port Harcourt
2016-02-16,34.6,26.0,29.1,0.5,13.1,20.29,76,1009.6,31,24.1,Port Harcourt
2016-02-17,33.8,25.7,29.0,1.0,16.6,20.27,77,1010.5,30,24.4,Port Harcourt
2016-02-18,33.5,26.1,29.1,1.1,14.8,19.35,77,1009.6,31,24.4,Port Harcourt
2016-02-19,34.7,25.9,29.4,0.3,14.5,19.26,74,1007.7,67,24.0,Port Harcourt
2016-02-20,33.6,26.5,29.1,3.4,15.7,18.18,79,1007.7,81,24.7,Port Harcourt
2016-02-21,33.4,26.6,29.2,0.9,16.2,18.68,79,1008.3,55,25.0,Port Harcourt
2016-02-22,33.5,26.7,29.1,2.4,13.6,17.78,77,1008.8,72,24.5,Port Harcourt
2016-02-23,34.5,26.3,29.2,1.4,17.3,20.09,78,1008.5,72,24.6,Port Harcourt
2016-02-24,35.7,25.9,29.7,0.4,15.9,21.13,74,1008.4,48,23.9,Port Harcourt
2016-02-25,33.8,26.3,28.9,7.9,12.4,19.75,80,1009.0,68,24.8,Port Harcourt
2016-02-26,33.3,26.3,28.4,4.4,16.0,16.04,82,1009.2,77,24.8,Port Harcourt
2016-02-27,33.3,26.4,28.9,1.8,16.3,19.17,79,1008.1,86,24.7,Port Harcourt
2016-02-28,33.3,25.6,29.0,0.4,13.9,20.34,80,1008.3,80,25.0,Port Harcourt
2016-02-29,33.6,26.2,28.8,2.3,15.3,20.12,80,1009.5,82,24.9,Port Harcourt
2016-03-01,32.1,25.6,28.1,8.2,13.9,15.31,82,1011.2,86,24.7,Port Harcourt
2016-03-02,31.0,25.6,27.3,10.1,12.0,12.39,86,1010.4,70,24.8,Port Harcourt
2016-03-03,32.8,25.5,28.3,4.5,13.8,19.94,83,1008.0,66,24.9,Port Harcourt
2016-03-04,31.5,25.6,27.8,15.7,10.4,17.81,88,1007.8,92,25.4,Port Harcourt
2016-03-05,26.9,24.9,25.7,36.7,11.6,4.13,96,1010.1,100,25.0,Port Harcourt
2016-03-06,30.6,24.3,27.2,0.0,13.3,12.36,83,1010.3,99,23.9,Port Harcourt
2016-03-07,33.1,24.9,28.6,0.0,13.0,22.45,80,1008.8,55,24.4,Port Harcourt
2016-03-08,32.5,26.0,28.5,1.8,10.0,19.11,82,1008.7,97,25.0,Port Harcourt
2016-03-09,30.9,25.6,27.1,10.4,10.6,12.75,89,1008.7,98,25.1,Port Harcourt
2016-03-10,30.5,25.6,27.1,13.7,14.5,12.74,89,1009.2,99,25.1,Port Harcourt
2016-03-11,29.1,25.5,26.9,2.4,15.1,7.87,89,1009.6,99,24.8,Port Harcourt
2016-03-12,31.4,24.8,27.3,7.8,10.3,16.56,88,1009.9,98,25.0,Port Harcourt
2016-03-13,28.2,24.5,26.0,21.5,12.3,9.63,93,1010.5,100,24.8,Port Harcourt
2016-03-14,29.1,24.9,26.8,4.4,9.2,13.62,90,1011.3,99,25.0,Port Harcourt
2016-03-15,31.9,24.5,27.6,7.7,10.8,17.93,88,1011.0,94,25.2,Port Harcourt
2016-03-16,31.1,25.6,27.5,7.9,11.9,15.88,88,1010.9,98,25.2,Port Harcourt
2016-03-17,31.0,24.7,27.0,11.6,15.9,13.92,90,1010.7,98,25.1,Port Harcourt
2016-03-18,26.6,24.7,25.7,7.2,10.2,5.63,94,1011.2,100,24.6,Port Harcourt
2016-03-19,31.6,24.5,27.4,2.6,13.3,19.6,85,1010.6,86,24.4,Port Harcourt
2016-03-20,30.5,24.9,26.9,8.1,12.7,14.09,90,1011.4,97,25.0,Port Harcourt
2016-03-21,31.3,24.3,27.3,2.3,10.7,19.51,88,1011.5,77,24.9,Port Harcourt
2016-03-22,31.9,25.2,27.5,9.2,10.8,19.73,87,1010.6,80,25.1,Port Harcourt
2016-03-23,30.3,25.1,26.5,29.2,14.4,9.97,92,1009.6,85,25.1,Port Harcourt
2016-03-24,28.5,25.0,26.2,15.3,11.8,10.4,93,1009.7,95,24.9,Port Harcourt
2016-03-25,31.5,24.3,27.0,6.1,11.1,20.22,87,1011.3,60,24.5,Port Harcourt
2016-03-26,31.9,24.5,27.4,8.7,12.8,20.03,88,1011.4,75,25.0,Port Harcourt
2016-03-27,30.3,25.1,27.0,15.9,9.1,15.98,90,1010.8,95,25.1,Port Harcourt
2016-03-28,30.2,25.2,27.1,19.2,12.0,15.87,92,1009.2,97,25.7,Port Harcourt
2016-03-29,30.5,25.1,26.8,11.5,12.0,10.84,91,1008.9,99,25.2,Port Harcourt
2016-03-30,31.7,25.3,27.4,7.2,10.5,16.26,89,1009.8,92,25.3,Port Harcourt
2016-03-31,30.3,25.5,27.2,8.6,12.5,15.55,89,1010.4,98,25.3,Port Harcourt
2016-04-01,28.9,25.3,26.5,15.8,10.4,11.71,91,1009.9,98,24.8,Port Harcourt
2016-04-02,30.3,24.7,26.6,9.7,10.8,12.38,89,1009.7,100,24.7,Port Harcourt
2016-04-03,31.6,25.0,28.0,0.7,12.1,18.61,85,1009.3,72,25.0,Port Harcourt
2016-04-04,30.3,25.7,27.1,12.8,10.9,15.01,91,1010.0,88,25.5,Port Harcourt
2016-04-05,30.2,25.1,27.1,9.7,15.0,15.84,89,1009.1,92,25.0,Port Harcourt
2016-04-06,27.2,24.9,26.0,10.3,12.4,8.58,92,1008.9,100,24.6,Port Harcourt
2016-04-07,30.0,24.4,26.8,8.1,8.7,12.19,89,1010.0,91,24.8,Port Harcourt
2016-04-08,32.6,24.9,28.2,0.1,12.9,24.01,81,1009.9,59,24.3,Port Harcourt
2016-04-09,31.3,25.3,27.5,11.0,12.0,18.73,86,1010.0,63,24.7,Port Harcourt
2016-04-10,29.5,24.8,26.3,8.8,12.5,10.82,90,1010.1,100,24.4,Port Harcourt
2016-04-11,31.4,24.0,27.1,4.9,13.0,18.18,88,1009.7,80,24.8,Port Harcourt
2016-04-12,30.2,25.4,27.2,3.8,10.5,15.03,87,1010.2,80,24.8,Port Harcourt
2016-04-13,32.6,24.9,28.3,0.2,11.6,23.25,82,1008.2,49,24.8,Port Harcourt
2016-04-14,31.7,25.5,27.8,11.0,11.9,17.9,87,1007.5,95,25.4,Port Harcourt
2016-04-15,30.3,25.2,27.1,4.8,14.9,12.62,89,1009.2,100,25.1,Port Harcourt
2016-04-16,30.0,25.7,27.3,8.1,9.7,16.57,87,1010.6,84,25.0,Port Harcourt
2016-04-17,30.8,25.1,27.4,5.5,16.0,16.73,87,1011.5,91,25.0,Port Harcourt
2016-04-18,31.4,25.1,27.6,6.3,11.0,21.04,88,1011.6,42,25.3,Port Harcourt
2016-04-19,32.3,25.0,28.2,1.6,10.0,21.24,84,1010.5,48,25.0,Port Harcourt
2016-04-20,30.6,26.0,27.4,16.3,11.6,13.87,88,1010.1,85,25.2,Port Harcourt
2016-04-21,31.8,25.4,28.1,1.5,9.5,19.65,85,1009.8,81,25.3,Port Harcourt
2016-04-22,31.8,25.6,28.0,3.6,14.9,20.11,85,1009.4,56,25.1,Port Harcourt
2016-04-23,31.3,25.5,27.8,5.5,10.6,18.64,86,1008.7,75,25.2,Port Harcourt
2016-04-24,30.0,25.4,26.9,18.1,12.4,13.44,91,1008.3,97,25.3,Port Harcourt
2016-04-25,29.5,24.7,26.5,11.4,9.8,11.42,91,1008.2,99,25.0,Port Harcourt
2016-04-26,30.3,25.0,26.6,7.7,12.5,12.36,91,1008.5,91,24.9,Port Harcourt
2016-04-27,30.6,25.4,27.5,5.6,10.0,17.49,87,1009.1,84,25.0,Port Harcourt
2016-04-28,30.8,24.6,27.4,1.1,13.5,15.85,86,1008.9,80,24.7,Port Harcourt
2016-04-29,31.2,25.2,28.0,0.0,10.7,19.47,83,1008.8,60,24.7,Port Harcourt
2016-04-30,31.3,25.5,27.8,4.4,11.4,19.24,87,1009.2,87,25.3,Port Harcourt
2016-05-01,30.3,25.4,27.1,7.3,9.8,14.19,88,1008.4,99,24.9,Port Harcourt
2016-05-02,28.6,25.0,26.6,12.3,9.2,13.5,91,1008.7,99,25.1,Port Harcourt
2016-05-03,29.9,25.1,27.1,7.3,8.4,15.44,87,1010.0,85,24.7,Port Harcourt
2016-05-04,31.1,25.2,27.5,6.5,12.0,17.97,87,1010.8,94,24.9,Port Harcourt
2016-05-05,29.5,24.9,26.8,1.9,16.4,11.0,89,1010.9,98,24.7,Port Harcourt
2016-05-06,31.2,23.7,26.8,10.2,9.7,17.94,89,1010.3,92,24.6,Port Harcourt
2016-05-07,30.3,24.1,26.6,10.4,13.0,16.17,88,1011.0,96,24.5,Port Harcourt
2016-05-08,29.0,24.8,26.4,10.0,10.4,11.98,89,1011.6,99,24.4,Port Harcourt
2016-05-09,31.7,24.3,27.8,0.3,10.8,20.22,82,1011.5,80,24.3,Port Harcourt
2016-05-10,30.5,25.3,27.2,2.7,9.1,14.33,88,1011.4,93,25.1,Port Harcourt
2016-05-11,30.9,25.2,27.4,4.3,12.9,17.9,89,1010.5,90,25.3,Port Harcourt
2016-05-12,29.0,24.4,26.8,5.4,11.6,9.09,89,1010.1,99,24.7,Port Harcourt
2016-05-13,29.3,25.1,26.6,11.4,11.3,11.81,89,1010.6,95,24.6,Port Harcourt
2016-05-14,28.4,25.0,26.5,10.8,10.7,12.35,89,1011.3,95,24.5,Port Harcourt
2016-05-15,28.3,24.5,25.9,7.9,12.9,10.65,92,1013.2,99,24.4,Port Harcourt
2016-05-16,29.6,24.2,26.2,8.2,11.6,14.3,90,1013.1,95,24.4,Port Harcourt
2016-05-17,26.0,24.3,25.2,27.5,9.7,3.48,96,1013.0,97,24.4,Port Harcourt
2016-05-18,30.1,23.7,26.0,16.0,12.3,16.11,90,1012.7,82,24.2,Port Harcourt
2016-05-19,28.4,24.1,26.2,6.2,8.7,11.87,89,1012.1,85,24.3,Port Harcourt
2016-05-20,29.9,24.4,26.6,11.8,10.4,16.62,88,1011.3,95,24.4,Port Harcourt
2016-05-21,29.2,24.6,26.5,9.5,12.2,13.36,91,1011.2,100,24.8,Port Harcourt
2016-05-22,26.4,24.6,25.4,22.5,11.5,6.76,95,1012.7,100,24.5,Port Harcourt
2016-05-23,26.8,23.8,25.2,22.4,10.8,7.46,95,1015.0,100,24.4,Port Harcourt
2016-05-24,30.5,23.8,26.4,4.7,9.0,17.61,88,1014.2,76,24.1,Port Harcourt
2016-05-25,30.9,24.1,26.7,4.0,5.9,17.01,87,1012.8,93,24.2,Port Harcourt
2016-05-26,29.1,24.1,25.8,16.4,8.4,11.71,93,1011.8,98,24.5,Port Harcourt
2016-05-27,27.8,24.3,26.0,8.4,14.5,10.58,91,1012.3,83,24.4,Port Harcourt
2016-05-28,29.1,24.6,26.1,8.7,12.5,11.36,90,1013.2,90,24.2,Port Harcourt
2016-05-29,25.6,23.7,24.7,19.2,9.9,5.22,97,1012.6,100,24.1,Port Harcourt
2016-05-30,26.9,24.1,25.0,9.2,8.3,7.53,95,1012.0,99,24.1,Port Harcourt
2016-05-31,30.5,23.0,26.4,1.3,8.7,17.81,86,1011.6,57,23.6,Port Harcourt
2016-06-01,30.4,24.2,26.6,8.3,10.5,18.17,88,1012.4,51,24.4,Port Harcourt
2016-06-02,28.7,24.0,25.7,10.9,12.0,12.08,92,1012.7,95,24.1,Port Harcourt
2016-06-03,29.2,24.2,26.0,7.4,11.0,13.05,90,1012.5,94,24.1,Port Harcourt
2016-06-04,31.2,23.8,26.8,1.2,11.3,18.57,86,1011.6,80,24.2,Port Harcourt
2016-06-05,28.8,24.0,25.9,11.1,10.2,12.62,89,1012.1,99,23.9,Port Harcourt
2016-06-06,28.9,24.3,26.2,6.7,10.4,14.11,90,1012.0,98,24.4,Port Harcourt
2016-06-07,27.1,24.5,25.4,8.8,7.7,5.66,93,1012.7,100,24.2,Port Harcourt
2016-06-08,30.2,24.3,26.7,4.4,16.0,17.66,87,1012.0,79,24.2,Port Harcourt
2016-06-09,26.7,23.9,25.0,10.8,9.1,6.04,94,1012.1,100,24.0,Port Harcourt
2016-06-10,30.4,23.9,26.1,2.9,11.5,17.93,89,1012.1,79,24.0,Port Harcourt
2016-06-11,29.2,24.0,25.6,20.7,12.3,13.12,90,1013.2,97,23.8,Port Harcourt
2016-06-12,25.0,23.6,24.2,37.0,11.3,3.23,97,1014.1,100,23.7,Port Harcourt
2016-06-13,27.1,23.0,24.9,12.7,9.0,10.95,93,1014.8,98,23.7,Port Harcourt
2016-06-14,26.1,23.1,24.3,33.0,9.2,5.94,95,1015.3,100,23.4,Port Harcourt
2016-06-15,24.6,23.1,23.8,95.8,14.1,4.36,97,1015.4,98,23.4,Port Harcourt
2016-06-16,27.5,22.5,24.2,13.0,9.2,10.77,94,1015.2,96,23.1,Port Harcourt
2016-06-17,28.7,22.2,25.0,8.4,7.2,16.34,92,1014.1,79,23.5,Port Harcourt
2016-06-18,28.7,23.2,25.3,7.8,13.0,12.61,90,1013.4,97,23.6,Port Harcourt
2016-06-19,27.8,23.4,24.4,24.0,15.5,8.47,93,1013.6,100,23.3,Port Harcourt
2016-06-20,28.6,23.4,25.3,5.7,16.1,14.82,87,1014.0,86,22.8,Port Harcourt
2016-06-21,29.5,22.0,25.7,0.0,9.5,16.95,82,1013.7,60,22.2,Port Harcourt
2016-06-22,29.7,22.6,26.1,0.7,11.3,17.42,82,1013.3,88,22.5,Port Harcourt
2016-06-23,28.1,23.7,25.3,12.8,11.9,12.9,87,1013.3,88,23.1,Port Harcourt
2016-06-24,27.9,23.1,24.8,11.2,12.3,13.72,91,1012.8,96,23.1,Port Harcourt
2016-06-25,29.1,22.3,25.7,0.5,11.7,16.51,83,1012.6,92,22.3,Port Harcourt
2016-06-26,29.6,22.8,26.0,0.9,12.5,17.3,81,1013.3,64,22.3,Port Harcourt
2016-06-27,29.0,22.7,25.9,0.0,12.6,16.62,80,1014.1,73,21.9,Port Harcourt
2016-06-28,30.6,22.5,26.2,0.0,9.0,22.17,77,1014.6,62,21.4,Port Harcourt
2016-06-29,29.5,23.3,25.6,6.6,14.9,16.68,87,1013.9,68,23.2,Port Harcourt
2016-06-30,26.6,23.2,24.7,13.6,7.8,9.14,92,1014.5,98,23.4,Port Harcourt
2016-07-01,27.9,23.3,25.1,12.4,11.0,9.35,91,1014.6,93,23.4,Port Harcourt
2016-07-02,29.7,23.6,26.2,3.2,10.5,18.95,87,1013.7,52,23.9,Port Harcourt
2016-07-03,26.5,24.0,25.1,18.9,12.2,9.86,91,1014.1,81,23.6,Port Harcourt
2016-07-04,28.4,23.5,25.3,9.0,15.2,15.21,90,1014.0,68,23.5,Port Harcourt
2016-07-05,28.1,23.0,24.8,10.7,11.5,12.17,91,1014.6,90,23.2,Port Harcourt
2016-07-06,29.0,23.1,25.0,7.2,10.5,13.14,90,1014.3,97,23.2,Port Harcourt
2016-07-07,28.1,23.4,25.1,7.3,12.2,11.42,91,1013.4,87,23.5,Port Harcourt
2016-07-08,27.4,23.8,25.0,9.2,12.3,9.78,91,1013.6,98,23.3,Port Harcourt
2016-07-09,26.7,23.5,24.6,8.6,12.7,7.83,93,1013.4,99,23.4,Port Harcourt
2016-07-10,27.3,23.4,24.8,8.9,13.6,13.0,91,1013.7,97,23.2,Port Harcourt
2016-07-11,27.0,23.2,24.6,8.7,12.2,11.88,90,1014.0,93,22.9,Port Harcourt
2016-07-12,27.3,22.3,24.2,12.1,10.2,9.51,93,1013.3,94,22.9,Port Harcourt
2016-07-13,29.4,22.6,24.9,7.7,9.8,15.12,89,1013.0,87,22.9,Port Harcourt
2016-07-14,27.8,22.8,24.5,7.1,10.2,11.69,92,1012.2,95,23.1,Port Harcourt
2016-07-15,28.2,23.3,24.7,5.0,12.9,13.28,89,1011.6,98,22.7,Port Harcourt
2016-07-16,27.1,22.9,24.3,8.6,11.6,9.13,91,1011.5,99,22.7,Port Harcourt
2016-07-17,28.3,23.5,25.1,2.5,9.2,12.29,88,1012.4,97,22.9,Port Harcourt
2016-07-18,28.4,24.1,25.3,2.6,9.4,8.74,86,1013.3,99,22.8,Port Harcourt
2016-07-19,28.1,23.3,25.0,13.5,9.2,11.51,90,1012.9,98,23.1,Port Harcourt
2016-07-20,27.4,23.0,24.6,5.9,11.5,11.36,92,1012.5,93,23.3,Port Harcourt
2016-07-21,25.0,22.7,23.7,33.5,11.2,5.03,97,1013.1,95,23.3,Port Harcourt
2016-07-22,27.0,22.2,24.3,14.8,9.8,13.74,92,1013.3,97,22.8,Port Harcourt
2016-07-23,23.9,22.8,23.4,51.7,13.2,2.75,97,1013.0,100,22.8,Port Harcourt
2016-07-24,27.8,22.6,24.1,6.9,10.0,9.55,93,1012.8,99,22.8,Port Harcourt
2016-07-25,24.4,22.2,23.4,36.1,13.1,6.36,96,1012.5,90,22.8,Port Harcourt
2016-07-26,27.7,22.4,24.3,7.2,10.2,13.17,91,1012.7,95,22.7,Port Harcourt
2016-07-27,28.1,22.7,24.6,9.3,10.5,13.6,90,1012.5,91,22.9,Port Harcourt
2016-07-28,25.9,23.1,23.8,56.5,10.4,5.16,95,1013.2,96,23.0,Port Harcourt
2016-07-29,28.1,23.1,24.8,4.0,12.0,14.49,89,1013.0,98,22.8,Port Harcourt
2016-07-30,27.4,23.6,24.6,6.0,12.8,9.62,89,1012.7,96,22.6,Port Harcourt
2016-07-31,27.0,23.6,24.7,2.2,10.8,9.19,88,1012.9,95,22.5,Port Harcourt
2016-08-01,28.9,23.7,25.0,4.1,11.3,11.97,87,1013.6,93,22.7,Port Harcourt
2016-08-02,27.7,23.3,24.9,8.7,15.7,12.37,88,1013.9,98,22.7,Port Harcourt
2016-08-03,28.5,23.3,25.2,2.7,12.0,12.31,85,1013.3,97,22.4,Port Harcourt
2016-08-04,29.6,24.0,25.6,7.8,10.1,16.53,87,1012.6,93,23.1,Port Harcourt
2016-08-05,25.2,22.8,23.7,23.6,10.0,5.56,97,1013.2,99,23.2,Port Harcourt
2016-08-06,27.6,23.0,24.7,2.2,13.4,11.2,89,1013.6,93,22.8,Port Harcourt
2016-08-07,27.1,23.2,24.5,4.9,15.0,12.4,89,1013.8,87,22.6,Port Harcourt
2016-08-08,29.2,22.8,25.4,0.4,13.0,16.82,84,1014.0,69,22.4,Port Harcourt
2016-08-09,28.1,23.4,25.4,2.1,10.9,16.37,83,1013.6,81,22.3,Port Harcourt
2016-08-10,29.5,23.4,25.5,5.7,10.7,17.57,85,1013.4,94,22.8,Port Harcourt
2016-08-11,28.7,23.9,25.5,2.4,11.3,14.93,85,1013.2,95,22.9,Port Harcourt
2016-08-12,28.7,23.0,25.3,5.5,12.5,16.72,87,1013.2,73,22.9,Port Harcourt
2016-08-13,28.5,23.6,24.9,18.5,12.4,12.7,90,1012.5,97,23.0,Port Harcourt
2016-08-14,27.6,23.2,24.3,13.0,12.7,9.76,92,1012.6,99,22.9,Port Harcourt
2016-08-15,26.2,22.8,24.3,9.0,9.1,10.32,93,1012.9,99,23.1,Port Harcourt
2016-08-16,27.3,23.5,24.9,2.2,12.9,12.36,87,1013.0,94,22.6,Port Harcourt
2016-08-17,26.4,23.4,24.1,20.1,13.8,5.04,94,1013.4,100,23.0,Port Harcourt
2016-08-18,28.4,23.0,24.5,13.4,10.0,12.41,92,1012.8,97,23.0,Port Harcourt
2016-08-19,27.7,22.8,24.7,9.3,10.8,12.02,90,1012.9,95,22.8,Port Harcourt
2016-08-20,27.0,22.5,24.0,33.9,11.5,9.0,93,1012.7,93,22.8,Port Harcourt
2016-08-21,27.6,23.2,24.7,7.3,11.8,11.93,91,1012.9,94,23.1,Port Harcourt
2016-08-22,27.6,23.6,24.5,10.0,13.0,7.0,92,1012.7,98,23.1,Port Harcourt
2016-08-23,28.5,23.1,24.8,10.6,14.0,13.14,90,1012.9,90,23.0,Port Harcourt
2016-08-24,26.1,22.9,24.3,8.9,11.8,8.93,93,1012.7,98,23.1,Port Harcourt
2016-08-25,28.3,22.7,24.7,8.1,13.2,13.48,90,1012.4,97,22.9,Port Harcourt
2016-08-26,27.0,23.0,24.4,13.3,12.8,10.45,93,1011.9,96,23.2,Port Harcourt
2016-08-27,26.2,23.0,24.3,20.3,14.1,12.08,93,1011.9,90,23.0,Port Harcourt
2016-08-28,26.1,22.6,24.4,11.6,9.7,10.26,93,1013.5,94,23.1,Port Harcourt
2016-08-29,29.1,22.6,24.7,7.8,10.3,15.28,90,1013.7,88,22.9,Port Harcourt
2016-08-30,28.2,23.4,25.4,6.1,14.7,16.75,89,1013.0,93,23.3,Port Harcourt
2016-08-31,27.3,23.6,25.0,9.5,11.1,11.86,90,1013.3,87,23.2,Port Harcourt
2016-09-01,25.4,22.8,23.9,18.9,8.9,5.26,96,1013.8,99,23.1,Port Harcourt
2016-09-02,26.7,22.5,24.5,6.3,13.4,9.99,91,1012.3,93,22.9,Port Harcourt
2016-09-03,28.9,22.7,25.1,3.1,11.2,14.56,87,1011.8,77,22.7,Port Harcourt
2016-09-04,27.6,23.0,24.6,8.7,9.2,11.32,91,1012.5,96,23.0,Port Harcourt
2016-09-05,27.6,23.0,24.1,90.3,18.0,7.49,94,1013.4,99,23.1,Port Harcourt
2016-09-06,26.5,22.7,24.6,9.2,9.0,10.78,92,1013.8,97,23.2,Port Harcourt
2016-09-07,29.4,23.2,25.3,4.1,10.2,15.35,89,1013.2,91,23.2,Port Harcourt
2016-09-08,27.9,23.6,24.9,8.6,13.4,12.18,90,1013.2,97,23.2,Port Harcourt
2016-09-09,26.6,23.5,24.5,14.5,12.3,7.5,94,1013.7,98,23.4,Port Harcourt
2016-09-10,27.4,22.9,24.5,18.9,10.9,11.09,93,1013.6,84,23.2,Port Harcourt
2016-09-11,27.2,22.1,24.4,4.9,11.3,9.73,91,1013.0,93,22.9,Port Harcourt
2016-09-12,26.2,23.1,24.1,12.2,13.0,5.76,95,1012.5,100,23.2,Port Harcourt
2016-09-13,25.3,22.9,23.7,22.6,9.1,6.74,96,1012.6,100,23.1,Port Harcourt
2016-09-14,26.0,22.5,24.2,7.0,6.2,8.13,94,1012.8,96,23.1,Port Harcourt
2016-09-15,29.6,22.9,25.2,4.2,13.5,14.7,87,1013.2,98,22.7,Port Harcourt
2016-09-16,28.8,23.6,25.1,9.3,11.0,14.24,90,1013.2,96,23.3,Port Harcourt
2016-09-17,28.5,23.4,25.3,5.6,13.2,17.5,88,1012.8,76,23.2,Port Harcourt
2016-09-18,28.3,22.8,24.9,7.8,12.1,13.94,90,1012.7,93,23.0,Port Harcourt
2016-09-19,28.1,22.9,25.0,13.6,11.3,14.3,89,1012.5,86,23.1,Port Harcourt
2016-09-20,28.0,23.2,24.9,7.7,12.5,11.35,90,1011.7,94,23.2,Port Harcourt
2016-09-21,28.1,23.2,25.2,4.1,10.0,14.09,87,1011.9,95,22.8,Port Harcourt
2016-09-22,27.0,23.3,24.8,10.7,9.7,9.79,91,1012.9,98,23.2,Port Harcourt
2016-09-23,28.7,22.7,24.9,6.1,9.4,11.58,91,1012.6,99,23.2,Port Harcourt
2016-09-24,26.7,23.0,24.3,16.4,11.0,9.99,94,1012.3,98,23.2,Port Harcourt
2016-09-25,29.1,22.7,24.9,14.9,13.0,18.13,91,1011.7,82,23.2,Port Harcourt
2016-09-26,26.7,22.9,24.5,8.4,11.3,10.4,91,1011.7,90,23.0,Port Harcourt
2016-09-27,27.2,23.0,24.9,7.8,11.3,13.45,92,1012.3,93,23.5,Port Harcourt
2016-09-28,30.2,23.8,26.0,3.9,11.3,17.33,87,1011.7,69,23.6,Port Harcourt
2016-09-29,28.7,24.1,25.6,10.3,9.1,13.21,89,1011.4,87,23.6,Port Harcourt
2016-09-30,28.4,23.6,25.0,20.6,11.2,9.63,93,1011.3,99,23.7,Port Harcourt
2016-10-01,24.7,23.3,24.0,26.3,13.3,4.02,98,1010.9,97,23.6,Port Harcourt
2016-10-02,29.4,23.4,25.4,15.5,10.8,16.68,92,1011.2,88,24.0,Port Harcourt
2016-10-03,30.8,23.0,25.8,14.1,10.8,17.91,89,1010.8,71,23.7,Port Harcourt
2016-10-04,28.0,23.6,25.4,13.7,10.5,11.97,92,1011.1,92,23.9,Port Harcourt
2016-10-05,27.7,23.7,25.6,7.8,10.9,13.82,91,1010.2,95,23.9,Port Harcourt
2016-10-06,29.9,23.7,26.2,5.4,9.9,17.22,87,1008.9,66,23.7,Port Harcourt
2016-10-07,25.2,23.8,24.4,21.1,8.4,4.49,95,1009.4,100,23.6,Port Harcourt
2016-10-08,26.6,23.5,25.0,4.4,14.8,8.34,92,1010.5,100,23.6,Port Harcourt
2016-10-09,28.1,23.7,25.6,5.1,11.2,10.23,91,1011.2,100,24.0,Port Harcourt
2016-10-10,29.8,24.3,25.8,5.1,12.6,15.1,89,1011.4,92,23.8,Port Harcourt
2016-10-11,29.3,23.4,25.8,4.7,11.2,15.8,90,1011.3,97,24.0,Port Harcourt
2016-10-12,29.3,23.9,26.3,0.7,8.4,13.85,87,1010.8,90,23.7,Port Harcourt
2016-10-13,29.7,23.8,25.8,9.5,7.5,15.17,92,1010.8,90,24.3,Port Harcourt
2016-10-14,28.6,23.7,25.6,3.5,7.4,11.13,91,1010.8,100,23.9,Port Harcourt
2016-10-15,29.8,23.9,26.1,3.2,13.3,16.07,89,1010.5,93,24.0,Port Harcourt
2016-10-16,27.0,23.8,25.2,8.5,9.4,9.06,94,1010.9,98,24.2,Port Harcourt
2016-10-17,30.7,23.4,26.1,7.0,11.6,19.44,87,1010.8,60,23.7,Port Harcourt
2016-10-18,29.4,23.6,25.8,9.4,13.4,14.31,89,1011.3,89,23.8,Port Harcourt
2016-10-19,29.7,23.4,25.8,7.0,10.1,15.34,88,1011.2,93,23.6,Port Harcourt
2016-10-20,29.2,23.8,25.9,3.0,8.4,15.43,88,1010.4,89,23.7,Port Harcourt
2016-10-21,28.1,23.8,25.6,9.8,11.8,13.87,92,1011.0,84,24.1,Port Harcourt
2016-10-22,29.3,23.8,25.9,6.6,15.6,16.12,89,1011.8,82,23.8,Port Harcourt
2016-10-23,29.6,23.0,25.5,13.3,11.0,14.62,92,1011.1,99,24.0,Port Harcourt
2016-10-24,31.0,23.9,26.6,5.8,10.5,19.28,87,1009.2,83,24.1,Port Harcourt
2016-10-25,29.2,23.9,25.7,17.5,11.2,13.1,91,1008.6,98,24.2,Port Harcourt
2016-10-26,30.4,24.1,26.0,8.9,14.3,17.19,88,1008.3,86,23.9,Port Harcourt
2016-10-27,31.3,23.6,26.7,1.1,10.6,21.62,85,1009.0,54,23.8,Port Harcourt
2016-10-28,28.2,24.4,25.6,21.0,11.9,12.74,91,1010.5,70,24.1,Port Harcourt
2016-10-29,30.2,22.7,25.7,5.0,12.3,18.88,89,1010.5,89,23.7,Port Harcourt
2016-10-30,28.2,23.4,25.5,4.8,8.0,11.58,90,1010.8,97,23.5,Port Harcourt
2016-10-31,30.2,23.4,26.0,2.9,9.2,17.24,88,1010.4,66,23.7,Port Harcourt
2016-11-01,27.6,23.5,25.4,14.1,11.1,12.82,92,1011.7,87,23.9,Port Harcourt
2016-11-02,29.2,23.9,25.9,2.7,8.3,11.1,89,1011.7,94,23.8,Port Harcourt
2016-11-03,29.9,23.6,25.8,11.7,14.6,14.22,89,1012.1,81,23.7,Port Harcourt
2016-11-04,30.2,23.6,26.3,2.7,10.3,18.37,88,1012.5,62,24.0,Port Harcourt
2016-11-05,29.3,24.1,26.1,9.0,9.4,17.34,90,1012.5,58,24.3,Port Harcourt
2016-11-06,30.5,24.0,26.8,0.8,9.3,17.72,84,1011.5,79,23.7,Port Harcourt
2016-11-07,29.9,24.2,26.4,7.8,9.7,18.12,88,1011.6,82,24.1,Port Harcourt
2016-11-08,29.7,23.7,26.1,8.7,11.5,15.64,92,1011.3,75,24.5,Port Harcourt
2016-11-09,31.3,24.1,27.0,1.5,9.4,17.74,87,1010.8,45,24.5,Port Harcourt
2016-11-10,31.2,25.0,27.2,1.1,11.8,17.09,87,1009.9,56,24.7,Port Harcourt
2016-11-11,28.3,24.7,25.9,2.0,11.6,9.41,88,1009.8,92,23.7,Port Harcourt
2016-11-12,28.6,23.9,25.7,5.3,8.5,11.76,90,1009.5,76,23.8,Port Harcourt
2016-11-13,31.1,23.9,27.0,1.0,9.0,19.23,85,1008.3,43,24.1,Port Harcourt
2016-11-14,30.0,24.4,26.7,2.5,12.3,17.46,87,1008.1,40,24.3,Port Harcourt
2016-11-15,30.8,24.2,26.9,3.0,11.2,18.6,87,1008.1,44,24.5,Port Harcourt
2016-11-16,31.1,24.7,26.8,7.8,11.7,18.42,88,1008.3,57,24.4,Port Harcourt
2016-11-17,28.4,24.7,25.9,7.8,9.7,9.93,90,1008.5,89,24.2,Port Harcourt
2016-11-18,29.7,24.6,26.4,9.0,11.3,15.33,88,1008.4,79,24.2,Port Harcourt
2016-11-19,29.0,23.8,25.7,10.8,7.6,11.53,91,1008.8,97,24.1,Port Harcourt
2016-11-20,30.3,23.9,26.1,9.4,11.5,15.39,90,1008.4,94,24.3,Port Harcourt
2016-11-21,29.3,24.2,26.0,17.4,12.5,12.22,90,1009.5,99,24.2,Port Harcourt
2016-11-22,30.1,23.7,26.4,1.9,9.0,12.46,87,1009.6,92,24.0,Port Harcourt
2016-11-23,30.5,24.3,26.7,2.8,7.1,16.02,88,1010.7,86,24.5,Port Harcourt
2016-11-24,30.4,24.5,26.7,4.6,8.7,15.45,88,1010.5,82,24.5,Port Harcourt
2016-11-25,30.6,24.7,27.0,1.7,10.3,15.62,87,1009.1,75,24.6,Port Harcourt
2016-11-26,30.2,24.9,27.1,0.6,12.9,17.96,88,1008.3,63,24.9,Port Harcourt
2016-11-27,30.3,24.6,26.8,3.0,13.3,17.72,86,1008.6,55,24.1,Port Harcourt
2016-11-28,28.4,24.0,26.1,15.3,9.4,13.39,89,1009.3,80,24.1,Port Harcourt
2016-11-29,30.9,24.8,26.9,2.8,7.2,18.12,87,1009.8,87,24.5,Port Harcourt
2016-11-30,30.3,23.6,26.5,1.9,12.1,16.58,88,1011.0,52,24.2,Port Harcourt
2016-12-01,30.3,24.5,26.9,0.9,13.8,17.82,87,1011.1,44,24.5,Port Harcourt
2016-12-02,30.4,24.8,26.9,0.9,10.1,15.24,88,1010.2,67,24.6,Port Harcourt
2016-12-03,30.2,24.3,26.9,3.2,8.7,15.58,89,1009.5,76,24.9,Port Harcourt
2016-12-04,31.7,24.7,27.5,0.2,14.0,18.31,83,1010.1,93,24.1,Port Harcourt
2016-12-05,30.7,24.8,27.1,2.6,8.4,17.38,85,1010.8,67,24.3,Port Harcourt
2016-12-06,30.3,24.4,26.7,2.6,9.5,17.17,87,1010.6,88,24.3,Port Harcourt
2016-12-07,31.0,24.7,27.2,1.5,9.8,17.05,85,1010.0,71,24.2,Port Harcourt
2016-12-08,29.3,24.9,26.5,8.2,9.5,13.67,89,1011.0,67,24.5,Port Harcourt
2016-12-09,30.4,24.3,26.6,5.0,6.7,15.71,89,1010.3,61,24.5,Port Harcourt
2016-12-10,28.5,24.9,26.1,4.7,10.0,11.87,90,1009.9,80,24.3,Port Harcourt
2016-12-11,30.1,24.0,26.4,2.3,14.2,16.39,87,1009.3,79,23.9,Port Harcourt
2016-12-12,30.0,24.2,26.4,4.1,9.3,14.79,89,1009.7,85,24.3,Port Harcourt
2016-12-13,31.1,23.5,26.7,2.9,8.2,18.52,86,1009.3,38,24.0,Port Harcourt
2016-12-14,30.4,24.4,27.0,1.4,10.5,17.57,87,1009.6,34,24.5,Port Harcourt
2016-12-15,30.8,24.8,26.9,1.9,11.6,18.15,86,1010.7,44,24.2,Port Harcourt
2016-12-16,29.7,24.3,26.1,7.4,9.4,13.98,90,1011.2,62,24.2,Port Harcourt
2016-12-17,31.4,24.4,27.2,0.0,8.7,17.08,84,1009.0,63,24.1,Port Harcourt
2016-12-18,31.5,25.0,27.5,2.5,11.3,17.86,84,1008.5,30,24.3,Port Harcourt
2016-12-19,31.0,24.5,27.2,0.8,9.7,17.85,86,1009.0,26,24.5,Port Harcourt
2016-12-20,31.6,24.8,27.6,0.5,10.0,17.25,84,1008.3,25,24.4,Port Harcourt
2016-12-21,32.2,24.8,27.7,1.2,10.9,18.28,84,1006.7,46,24.5,Port Harcourt
2016-12-22,31.9,25.1,27.9,0.0,11.8,17.87,82,1007.2,34,24.2,Port Harcourt
2016-12-23,33.1,24.7,28.2,0.0,12.2,18.93,82,1007.4,27,24.4,Port Harcourt
2016-12-24,30.9,25.6,27.5,1.3,11.5,15.21,86,1008.5,97,24.8,Port Harcourt
2016-12-25,32.3,24.2,27.7,0.0,11.3,18.8,81,1008.2,71,23.7,Port Harcourt
2016-12-26,32.5,23.9,27.6,0.0,10.5,20.45,81,1009.0,45,23.4,Port Harcourt
2016-12-27,31.2,24.8,27.4,1.6,10.7,17.33,82,1010.2,55,23.8,Port Harcourt
2016-12-28,32.4,24.0,27.5,0.0,10.5,20.67,79,1010.0,24,23.0,Port Harcourt
2016-12-29,32.2,23.7,27.3,0.0,11.2,19.44,79,1010.1,32,22.9,Port Harcourt
2016-12-30,32.1,23.1,27.1,0.0,13.7,20.87,81,1010.3,34,23.0,Port Harcourt
2016-12-31,32.6,24.0,27.5,0.0,12.4,19.13,80,1009.9,21,23.2,Port Harcourt
2017-01-01,33.6,22.5,27.3,0.0,13.5,21.43,79,1009.3,35,22.7,Port Harcourt
2017-01-02,34.2,22.0,27.3,0.0,13.1,22.63,74,1009.8,35,21.2,Port Harcourt
2017-01-03,34.7,22.4,27.5,0.0,16.1,22.72,76,1010.1,32,21.8,Port Harcourt
2017-01-04,35.1,23.4,27.9,0.0,13.7,21.51,72,1009.3,26,20.8,Port Harcourt
2017-01-05,34.6,23.1,27.6,0.0,22.3,21.06,76,1008.8,37,22.3,Port Harcourt
2017-01-06,33.6,23.8,27.8,0.0,18.3,20.76,76,1009.4,44,22.7,Port Harcourt
2017-01-07,32.6,24.4,27.8,0.6,14.7,18.18,80,1010.7,67,23.7,Port Harcourt
2017-01-08,32.3,24.9,27.5,2.7,13.0,17.76,82,1010.3,62,24.0,Port Harcourt
2017-01-09,34.4,23.6,28.0,0.0,14.0,21.55,76,1008.7,30,22.6,Port Harcourt
2017-01-10,33.9,24.6,28.2,0.0,16.5,20.16,76,1008.0,45,22.9,Port Harcourt
2017-01-11,33.4,24.8,28.1,0.8,17.3,17.67,78,1008.7,31,23.6,Port Harcourt
2017-01-12,29.6,25.1,26.9,4.2,14.4,14.18,84,1010.8,64,23.9,Port Harcourt
2017-01-13,31.6,24.0,27.1,2.7,10.5,17.01,82,1010.0,69,23.6,Port Harcourt
2017-01-14,30.9,24.2,27.2,0.7,12.9,15.88,83,1007.9,54,23.9,Port Harcourt
2017-01-15,32.9,24.6,28.1,0.7,12.5,18.44,78,1007.9,71,23.6,Port Harcourt
2017-01-16,32.4,23.9,27.8,0.8,14.4,17.28,80,1008.3,79,23.7,Port Harcourt
2017-01-17,31.8,24.5,27.6,1.5,14.7,16.39,82,1008.2,77,24.0,Port Harcourt
2017-01-18,31.1,24.3,27.2,1.7,14.3,15.74,84,1009.3,69,24.0,Port Harcourt
2017-01-19,31.9,24.0,27.5,0.6,12.4,18.62,82,1009.8,81,23.9,Port Harcourt
2017-01-20,33.4,24.6,28.3,0.1,14.7,18.85,80,1008.8,78,24.2,Port Harcourt
2017-01-21,32.8,25.0,27.9,6.0,14.0,18.77,83,1008.6,46,24.5,Port Harcourt
2017-01-22,30.6,24.9,27.0,3.6,15.0,13.28,84,1009.4,91,23.8,Port Harcourt
2017-01-23,31.4,24.6,26.5,9.9,11.8,12.59,87,1010.7,96,24.0,Port Harcourt
2017-01-24,28.7,24.3,26.1,1.2,11.0,9.63,87,1011.4,86,23.7,Port Harcourt
2017-01-25,28.6,23.6,26.2,9.5,11.0,14.22,87,1011.5,61,23.9,Port Harcourt
2017-01-26,29.6,23.9,26.2,5.6,7.3,13.85,90,1012.1,70,24.5,Port Harcourt
2017-01-27,30.1,23.7,26.4,5.1,13.5,15.91,88,1012.6,92,24.1,Port Harcourt
2017-01-28,31.4,24.2,27.1,1.2,15.2,16.78,82,1011.8,79,23.6,Port Harcourt
2017-01-29,30.9,23.9,26.9,0.6,12.3,16.79,85,1011.2,89,24.0,Port Harcourt
2017-01-30,31.9,24.1,27.5,1.3,11.9,19.04,84,1010.3,34,24.4,Port Harcourt
2017-01-31,30.5,24.8,26.4,8.3,13.4,11.7,88,1010.6,85,24.2,Port Harcourt
2017-02-01,31.6,23.6,27.3,0.8,14.6,18.95,83,1010.3,88,23.8,Port Harcourt
2017-02-02,32.1,24.3,27.7,0.5,15.6,19.4,81,1010.9,76,23.8,Port Harcourt
2017-02-03,30.9,23.9,27.2,0.9,11.8,18.84,84,1010.5,40,24.1,Port Harcourt
2017-02-04,31.9,24.6,27.7,0.2,13.3,18.5,82,1009.8,30,24.1,Port Harcourt
2017-02-05,33.2,23.6,27.9,0.0,17.4,21.42,79,1009.2,31,23.5,Port Harcourt
2017-02-06,33.2,24.9,28.3,0.3,15.8,18.94,79,1009.0,49,23.8,Port Harcourt
2017-02-07,32.5,25.2,28.2,1.7,15.6,19.01,82,1008.6,34,24.5,Port Harcourt
2017-02-08,31.6,25.0,27.8,2.8,11.9,17.97,84,1008.3,38,24.6,Port Harcourt
2017-02-09,32.6,24.7,28.0,0.3,15.0,20.14,81,1008.5,46,24.1,Port Harcourt
2017-02-10,32.7,24.9,28.1,1.2,17.6,18.44,80,1007.9,40,24.1,Port Harcourt
2017-02-11,31.2,25.1,27.7,1.6,16.6,19.03,84,1008.3,40,24.5,Port Harcourt
2017-02-12,33.0,24.6,28.1,1.0,17.3,19.63,82,1007.6,46,24.4,Port Harcourt
2017-02-13,35.4,24.4,28.6,0.2,19.7,22.41,79,1007.6,50,23.8,Port Harcourt
2017-02-14,36.0,25.2,29.0,0.0,17.7,22.73,75,1008.2,43,22.9,Port Harcourt
2017-02-15,34.2,25.5,28.8,0.0,18.1,20.99,77,1010.0,35,23.8,Port Harcourt
2017-02-16,34.6,24.7,28.7,0.1,19.4,21.85,77,1010.6,67,23.5,Port Harcourt
2017-02-17,36.6,25.5,29.1,0.1,18.6,22.48,68,1010.0,77,20.3,Port Harcourt
2017-02-18,36.2,23.4,28.8,0.0,17.3,24.97,63,1010.4,39,18.4,Port Harcourt
2017-02-19,35.8,23.2,28.4,0.0,20.4,24.34,70,1011.1,34,21.2,Port Harcourt
2017-02-20,35.0,24.3,28.6,0.1,18.2,22.13,72,1010.8,80,22.3,Port Harcourt
2017-02-21,35.9,25.9,29.2,0.0,21.3,22.42,73,1009.4,80,23.2,Port Harcourt
2017-02-22,36.1,25.6,29.2,0.0,19.4,22.43,74,1009.2,53,23.4,Port Harcourt
2017-02-23,35.9,25.8,29.5,0.1,21.1,22.05,73,1008.9,31,23.4,Port Harcourt
2017-02-24,34.3,25.4,29.0,0.7,17.0,19.4,75,1008.9,64,23.8,Port Harcourt
2017-02-25,34.0,25.7,28.7,2.6,18.3,20.33,78,1009.3,70,24.2,Port Harcourt
2017-02-26,32.6,26.1,28.5,1.1,13.8,18.23,78,1009.0,82,24.1,Port Harcourt
2017-02-27,32.7,25.4,28.4,0.7,14.8,18.3,78,1007.9,70,23.9,Port Harcourt
2017-02-28,33.9,25.3,28.5,0.7,17.6,19.46,79,1008.1,52,24.2,Port Harcourt
2017-03-01,32.7,25.7,28.2,1.6,17.5,18.59,80,1009.3,77,24.2,Port Harcourt
2017-03-02,32.9,25.8,28.1,3.0,11.8,19.24,82,1009.5,72,24.6,Port Harcourt
2017-03-03,32.8,25.4,28.3,1.8,16.3,18.89,81,1008.5,69,24.5,Port Harcourt
2017-03-04,31.9,25.2,28.1,2.2,14.4,18.49,83,1007.1,75,24.7,Port Harcourt
2017-03-05,32.0,26.3,28.2,1.8,16.5,18.57,82,1007.5,64,24.7,Port Harcourt
2017-03-06,29.6,25.1,27.2,4.7,15.1,12.59,86,1008.9,88,24.5,Port Harcourt
2017-03-07,33.8,25.4,28.4,3.7,14.8,15.43,80,1008.3,91,24.3,Port Harcourt
2017-03-08,33.3,25.3,28.5,3.8,16.1,19.48,80,1007.8,72,24.3,Port Harcourt
2017-03-09,29.8,25.6,27.2,10.7,12.3,14.5,86,1008.4,95,24.5,Port Harcourt
2017-03-10,32.4,24.8,27.6,4.4,12.5,17.78,83,1008.1,84,24.2,Port Harcourt
2017-03-11,29.5,24.9,26.4,8.2,12.7,9.67,89,1007.8,92,24.3,Port Harcourt
2017-03-12,30.3,25.0,27.0,4.3,10.1,13.57,85,1008.3,98,24.3,Port Harcourt
2017-03-13,31.7,24.2,27.4,4.8,12.2,17.35,84,1008.6,76,24.4,Port Harcourt
2017-03-14,30.8,25.3,27.2,4.2,9.2,12.6,86,1010.4,99,24.5,Port Harcourt
2017-03-15,31.6,24.8,27.7,4.7,9.3,19.5,85,1009.6,88,24.8,Port Harcourt
2017-03-16,31.8,25.0,27.9,1.7,15.4,19.07,84,1007.6,52,24.8,Port Harcourt
2017-03-17,30.8,25.5,27.7,3.5,14.5,18.33,84,1008.1,78,24.6,Port Harcourt
2017-03-18,31.9,24.9,27.7,1.9,13.8,18.96,84,1008.5,74,24.6,Port Harcourt
2017-03-19,30.5,25.4,27.4,4.6,13.7,16.08,85,1009.5,89,24.5,Port Harcourt
2017-03-20,32.8,24.8,27.9,1.7,14.8,19.32,82,1009.8,79,24.3,Port Harcourt
2017-03-21,31.4,25.6,27.3,3.0,21.4,17.73,84,1009.7,99,24.2,Port Harcourt
2017-03-22,29.1,25.5,26.7,6.3,14.0,9.71,87,1010.7,97,24.4,Port Harcourt
2017-03-23,30.9,24.0,27.2,2.0,12.6,19.14,84,1010.5,60,24.0,Port Harcourt
2017-03-24,31.3,24.4,27.1,0.8,12.3,16.63,83,1010.7,91,23.7,Port Harcourt
2017-03-25,33.1,23.9,27.9,0.2,14.9,22.59,79,1010.1,60,23.6,Port Harcourt
2017-03-26,30.7,25.1,27.5,4.7,12.7,18.78,84,1009.8,66,24.4,Port Harcourt
2017-03-27,29.8,25.5,27.0,4.3,13.6,13.86,86,1009.8,94,24.5,Port Harcourt
2017-03-28,31.9,24.7,27.7,1.0,15.1,19.59,84,1009.0,94,24.5,Port Harcourt
2017-03-29,32.9,25.2,28.3,0.3,13.1,19.5,83,1008.1,81,24.8,Port Harcourt
2017-03-30,31.0,26.2,28.3,4.0,11.1,14.92,83,1009.1,98,25.1,Port Harcourt
2017-03-31,29.9,25.8,27.5,3.8,11.1,10.94,87,1010.3,99,25.0,Port Harcourt
2017-04-01,31.4,24.1,27.6,0.7,14.4,18.6,83,1009.9,96,24.2,Port Harcourt
2017-04-02,32.2,24.9,28.4,0.3,13.0,23.18,80,1008.9,55,24.3,Port Harcourt
2017-04-03,31.6,25.4,28.1,0.3,15.9,20.04,81,1009.0,92,24.4,Port Harcourt
2017-04-04,31.7,25.0,27.3,13.8,14.0,14.43,86,1009.4,77,24.6,Port Harcourt
2017-04-05,31.6,24.5,27.7,5.1,13.9,18.71,83,1009.6,95,24.4,Port Harcourt
2017-04-06,31.6,25.3,27.8,4.3,10.5,19.39,83,1009.2,84,24.5,Port Harcourt
2017-04-07,31.8,24.1,27.6,3.1,11.4,19.72,84,1007.8,79,24.4,Port Harcourt
2017-04-08,32.5,24.5,27.9,4.2,11.7,22.78,83,1007.8,80,24.7,Port Harcourt
2017-04-09,28.9,25.0,26.4,8.8,13.2,9.15,90,1008.9,98,24.5,Port Harcourt
2017-04-10,31.4,24.7,27.4,3.8,11.9,19.66,85,1008.5,87,24.5,Port Harcourt
2017-04-11,31.9,24.7,27.8,7.7,13.6,17.58,83,1007.9,91,24.5,Port Harcourt
2017-04-12,32.5,25.3,28.0,3.4,10.5,19.95,83,1008.6,93,24.6,Port Harcourt
2017-04-13,28.8,24.4,26.4,20.8,13.0,11.31,90,1009.7,98,24.5,Port Harcourt
2017-04-14,30.1,24.3,26.5,3.9,13.8,12.76,86,1010.0,100,23.8,Port Harcourt
2017-04-15,31.0,25.5,27.6,7.8,11.5,19.22,86,1010.2,95,24.9,Port Harcourt
2017-04-16,32.1,24.0,27.3,0.8,10.7,18.77,86,1009.7,92,24.5,Port Harcourt
2017-04-17,32.1,25.1,27.7,3.4,9.7,19.57,88,1009.3,80,25.3,Port Harcourt
2017-04-18,30.6,25.0,27.7,2.5,8.8,18.09,84,1009.2,91,24.5,Port Harcourt
2017-04-19,31.8,25.2,27.9,2.8,9.7,19.74,85,1008.2,93,25.1,Port Harcourt
2017-04-20,30.2,24.9,26.7,15.9,10.2,13.21,90,1008.7,74,24.8,Port Harcourt
2017-04-21,29.7,24.7,26.1,26.4,9.8,11.84,91,1009.6,93,24.5,Port Harcourt
2017-04-22,31.8,23.9,27.6,1.1,8.7,18.23,84,1009.7,99,24.3,Port Harcourt
2017-04-23,30.9,25.0,27.4,0.8,12.3,13.49,85,1010.6,96,24.5,Port Harcourt
2017-04-24,31.7,25.3,27.7,8.8,13.6,16.88,85,1010.8,81,24.7,Port Harcourt
2017-04-25,30.5,24.6,26.8,0.7,9.7,14.41,88,1010.2,95,24.6,Port Harcourt
2017-04-26,31.0,24.5,27.6,1.1,15.2,19.01,83,1009.9,52,24.3,Port Harcourt
2017-04-27,31.7,24.2,27.8,0.2,9.7,20.64,81,1010.6,47,23.9,Port Harcourt
2017-04-28,30.4,24.5,26.7,13.8,9.2,14.91,88,1011.5,93,24.4,Port Harcourt
2017-04-29,30.9,24.3,27.8,1.0,11.3,19.35,83,1010.7,87,24.6,Port Harcourt
2017-04-30,30.5,25.0,27.2,4.8,11.3,16.5,86,1010.8,85,24.5,Port Harcourt
2017-05-01,30.3,24.6,26.3,17.5,8.2,14.51,89,1010.3,95,24.3,Port Harcourt
2017-05-02,30.8,24.2,27.0,7.0,12.3,19.02,86,1009.5,81,24.3,Port Harcourt
2017-05-03,28.6,24.1,25.8,12.0,13.5,11.66,90,1009.7,98,24.1,Port Harcourt
2017-05-04,31.3,23.4,26.9,8.0,13.4,19.88,85,1009.7,95,24.0,Port Harcourt
2017-05-05,29.5,24.0,26.4,1.1,12.3,15.03,88,1010.6,94,24.1,Port Harcourt
2017-05-06,30.5,24.5,27.0,12.3,10.6,14.99,87,1011.1,92,24.4,Port Harcourt
2017-05-07,31.6,24.3,27.6,0.0,15.5,20.98,83,1009.1,68,24.3,Port Harcourt
2017-05-08,30.1,24.5,27.2,5.3,13.0,18.64,86,1009.2,57,24.5,Port Harcourt
2017-05-09,28.0,24.3,25.8,13.8,15.0,8.84,93,1009.5,96,24.5,Port Harcourt
2017-05-10,29.0,24.1,25.8,21.0,7.7,11.06,93,1009.9,98,24.6,Port Harcourt
2017-05-11,28.6,24.3,25.7,12.4,9.8,9.74,93,1010.9,96,24.5,Port Harcourt
2017-05-12,30.5,23.8,26.6,7.0,8.7,15.97,89,1010.9,97,24.5,Port Harcourt
2017-05-13,31.2,24.6,26.9,12.1,10.7,18.73,88,1010.7,82,24.6,Port Harcourt
2017-05-14,29.8,24.9,26.6,5.7,9.9,16.47,90,1010.6,97,24.9,Port Harcourt
2017-05-15,31.6,24.7,26.5,11.3,11.9,15.59,89,1011.5,93,24.6,Port Harcourt
2017-05-16,27.7,23.8,25.4,9.8,11.5,11.76,92,1012.7,99,23.9,Port Harcourt
2017-05-17,30.5,22.7,26.0,0.2,14.7,18.48,86,1011.3,69,23.3,Port Harcourt
2017-05-18,31.4,23.8,27.2,0.5,10.4,20.73,83,1010.5,21,23.8,Port Harcourt
2017-05-19,30.7,24.1,26.9,3.0,9.7,16.37,87,1011.1,69,24.3,Port Harcourt
2017-05-20,29.9,24.4,26.1,2.8,11.2,13.23,90,1012.1,95,24.2,Port Harcourt
2017-05-21,31.1,24.3,26.8,4.3,9.8,19.3,87,1011.1,71,24.3,Port Harcourt
2017-05-22,30.2,24.0,26.3,18.9,12.3,14.29,89,1010.0,84,24.3,Port Harcourt
2017-05-23,28.9,24.4,25.9,18.2,13.0,11.6,92,1010.4,94,24.4,Port Harcourt
2017-05-24,30.0,23.7,26.2,14.3,12.3,14.22,90,1011.0,94,24.3,Port Harcourt
2017-05-25,28.7,24.3,25.3,10.2,11.0,7.57,94,1012.0,99,24.3,Port Harcourt
2017-05-26,30.7,23.5,26.0,7.9,8.7,18.37,91,1012.9,90,24.2,Port Harcourt
2017-05-27,28.5,24.3,26.2,3.6,8.5,12.36,90,1013.2,79,24.3,Port Harcourt
2017-05-28,30.8,24.4,26.9,7.4,11.1,18.2,87,1013.1,56,24.4,Port Harcourt
2017-05-29,28.5,24.6,26.1,13.4,13.0,13.81,90,1012.7,79,24.2,Port Harcourt
2017-05-30,30.0,24.0,26.4,4.0,12.7,16.72,88,1012.5,89,24.1,Port Harcourt
2017-05-31,30.3,24.0,26.1,7.8,13.6,16.25,88,1013.5,75,23.8,Port Harcourt
2017-06-01,30.2,23.5,26.2,8.0,13.0,17.43,91,1013.4,89,24.5,Port Harcourt
2017-06-02,30.0,24.7,26.6,3.1,10.9,17.65,88,1013.2,89,24.4,Port Harcourt
2017-06-03,30.4,24.4,27.1,1.2,15.5,21.11,84,1012.1,30,24.1,Port Harcourt
2017-06-04,29.5,24.5,26.5,2.9,9.3,14.01,88,1011.9,85,24.2,Port Harcourt
2017-06-05,28.4,24.5,25.9,4.6,9.6,11.79,91,1011.6,92,24.2,Port Harcourt
2017-06-06,27.7,24.0,25.6,3.9,10.9,10.77,91,1012.2,97,24.0,Port Harcourt
2017-06-07,28.9,24.0,26.1,1.6,8.4,16.18,90,1012.7,85,24.2,Port Harcourt
2017-06-08,29.6,24.6,26.6,2.1,11.4,16.16,88,1010.8,84,24.5,Port Harcourt
2017-06-09,28.8,24.5,26.5,6.6,9.7,13.74,90,1009.7,91,24.6,Port Harcourt
2017-06-10,28.7,24.9,26.1,10.7,9.7,12.15,90,1010.6,97,24.2,Port Harcourt
2017-06-11,28.5,24.5,26.0,11.2,12.0,10.95,89,1010.3,95,24.0,Port Harcourt
2017-06-12,27.4,24.1,25.2,17.7,15.6,10.03,92,1011.1,100,23.8,Port Harcourt
2017-06-13,25.1,23.7,24.3,33.1,11.2,3.5,95,1012.4,100,23.5,Port Harcourt
2017-06-14,30.0,23.3,25.5,1.5,17.6,16.12,89,1012.2,92,23.5,Port Harcourt
2017-06-15,30.5,23.5,25.9,7.6,11.7,15.97,88,1011.9,88,23.5,Port Harcourt
2017-06-16,27.7,23.6,24.9,19.4,11.2,8.03,92,1012.2,100,23.6,Port Harcourt
2017-06-17,26.0,23.4,24.4,11.0,11.9,6.73,94,1011.6,98,23.3,Port Harcourt
2017-06-18,28.9,23.0,25.6,1.4,12.1,17.79,87,1010.7,76,23.2,Port Harcourt
2017-06-19,27.2,23.7,25.0,8.1,10.1,10.75,91,1011.8,99,23.3,Port Harcourt
2017-06-20,26.6,23.3,24.4,15.8,9.7,8.04,92,1012.8,94,23.1,Port Harcourt
2017-06-21,30.9,22.7,25.7,1.8,11.6,18.31,86,1011.8,63,23.1,Port Harcourt
2017-06-22,28.6,23.3,25.4,12.7,13.1,13.15,89,1011.8,99,23.4,Port Harcourt
2017-06-23,26.2,23.8,24.8,27.1,11.8,6.83,94,1011.7,100,23.7,Port Harcourt
2017-06-24,27.6,23.8,25.3,12.2,14.7,13.53,89,1011.5,90,23.4,Port Harcourt
2017-06-25,29.8,22.7,25.2,16.5,8.7,12.11,90,1011.6,80,23.3,Port Harcourt
2017-06-26,28.1,23.1,25.2,9.5,11.5,11.52,90,1011.8,98,23.3,Port Harcourt
2017-06-27,28.3,23.3,25.6,3.3,13.7,13.3,88,1012.5,99,23.4,Port Harcourt
2017-06-28,29.4,22.4,25.1,10.1,10.8,13.67,89,1013.4,86,23.1,Port Harcourt
2017-06-29,27.7,22.9,24.9,7.2,10.6,14.71,90,1013.7,95,23.2,Port Harcourt
2017-06-30,28.5,23.0,25.1,6.9,11.4,14.31,89,1013.9,93,23.0,Port Harcourt
2017-07-01,28.1,22.9,24.9,11.2,11.4,14.04,90,1013.8,97,23.1,Port Harcourt
2017-07-02,28.0,23.9,25.4,9.6,10.8,11.51,89,1013.6,94,23.3,Port Harcourt
2017-07-03,29.5,23.7,25.3,6.0,11.4,16.05,87,1013.7,82,23.0,Port Harcourt
2017-07-04,28.3,22.8,24.7,5.5,14.3,12.84,89,1013.5,86,22.7,Port Harcourt
2017-07-05,27.4,23.0,24.4,16.2,10.5,10.97,92,1014.3,90,23.0,Port Harcourt
2017-07-06,27.4,23.2,24.8,3.9,13.6,11.92,87,1014.9,95,22.5,Port Harcourt
2017-07-07,29.3,23.4,25.8,0.1,10.8,18.17,82,1014.3,72,22.3,Port Harcourt
2017-07-08,28.4,23.0,25.7,1.2,17.3,17.9,82,1013.9,69,22.3,Port Harcourt
2017-07-09,28.9,23.1,25.6,1.8,15.0,16.86,83,1014.0,84,22.3,Port Harcourt
2017-07-10,28.4,22.6,25.2,2.0,14.5,16.3,83,1014.5,87,22.0,Port Harcourt
2017-07-11,30.0,22.4,25.8,0.2,9.4,17.45,79,1015.2,79,21.6,Port Harcourt
2017-07-12,29.1,22.8,25.5,0.6,13.0,17.9,80,1015.0,78,21.6,Port Harcourt
2017-07-13,27.8,23.0,25.0,2.1,12.0,10.89,84,1014.7,92,22.1,Port Harcourt
2017-07-14,26.7,23.2,24.4,5.9,11.5,9.57,90,1014.5,96,22.6,Port Harcourt
2017-07-15,27.9,22.9,24.6,3.2,13.4,15.69,90,1013.7,82,22.8,Port Harcourt
2017-07-16,27.1,22.6,24.4,5.7,13.3,11.8,90,1014.0,88,22.7,Port Harcourt
2017-07-17,27.2,22.4,24.8,2.6,14.7,14.25,88,1013.7,68,22.5,Port Harcourt
2017-07-18,28.9,22.9,25.4,14.9,11.9,15.98,88,1014.4,78,23.2,Port Harcourt
2017-07-19,28.7,23.4,25.3,13.9,10.5,13.72,88,1015.0,82,23.1,Port Harcourt
2017-07-20,29.5,23.2,25.6,4.2,11.6,15.44,87,1013.7,60,23.2,Port Harcourt
2017-07-21,27.9,23.8,25.4,2.2,13.4,11.8,88,1012.9,84,23.2,Port Harcourt
2017-07-22,28.1,23.9,24.9,4.8,20.8,10.83,90,1013.3,96,23.2,Port Harcourt
2017-07-23,26.5,23.8,24.4,14.4,11.8,8.35,91,1014.7,96,22.8,Port Harcourt
2017-07-24,27.3,23.2,24.1,18.0,14.0,8.06,92,1014.9,99,22.8,Port Harcourt
2017-07-25,27.2,23.0,24.2,13.3,13.3,9.7,91,1014.9,91,22.7,Port Harcourt
2017-07-26,28.3,22.4,24.6,3.8,9.4,11.22,89,1013.6,92,22.5,Port Harcourt
2017-07-27,29.0,22.3,25.2,1.7,8.9,16.37,87,1012.7,60,22.7,Port Harcourt
2017-07-28,27.2,23.8,25.1,10.9,9.3,10.79,89,1012.9,91,23.1,Port Harcourt
2017-07-29,28.4,24.1,25.4,12.8,12.3,12.17,87,1013.5,94,23.0,Port Harcourt
2017-07-30,27.7,23.4,24.5,15.6,14.1,8.65,90,1013.7,90,22.8,Port Harcourt
2017-07-31,27.5,23.0,24.5,14.0,15.3,11.51,91,1013.5,84,22.8,Port Harcourt
2017-08-01,24.9,22.9,23.6,23.6,11.4,4.28,94,1014.3,98,22.7,Port Harcourt
2017-08-02,27.1,23.3,24.3,9.9,15.2,9.78,91,1014.9,96,22.8,Port Harcourt
2017-08-03,27.7,22.6,24.7,13.3,15.0,12.43,87,1014.9,82,22.4,Port Harcourt
2017-08-04,27.7,23.1,24.4,16.1,13.2,10.87,91,1013.8,97,22.7,Port Harcourt
2017-08-05,27.2,22.5,24.3,6.3,14.1,5.99,91,1013.7,99,22.7,Port Harcourt
2017-08-06,26.6,23.4,24.5,11.3,12.3,9.99,90,1013.9,96,22.6,Port Harcourt
2017-08-07,28.3,22.8,24.6,14.2,15.0,10.53,90,1013.8,88,22.8,Port Harcourt
2017-08-08,28.1,23.1,24.5,8.4,9.3,12.95,91,1014.0,85,22.7,Port Harcourt
2017-08-09,28.3,22.1,24.0,9.2,11.3,11.82,92,1014.6,77,22.6,Port Harcourt
2017-08-10,28.5,22.1,24.5,6.9,8.4,15.29,90,1013.9,90,22.7,Port Harcourt
2017-08-11,28.9,22.6,24.8,3.0,11.9,14.73,88,1013.3,82,22.5,Port Harcourt
2017-08-12,27.1,23.0,24.7,4.4,13.2,10.89,89,1013.1,87,22.8,Port Harcourt
2017-08-13,28.8,22.7,24.6,6.8,12.9,14.71,91,1012.4,76,23.1,Port Harcourt
2017-08-14,26.7,23.3,24.2,27.7,14.3,6.82,94,1012.0,98,23.1,Port Harcourt
2017-08-15,27.6,23.2,24.5,1.1,15.0,9.19,90,1012.7,94,22.7,Port Harcourt
2017-08-16,26.6,23.1,24.4,5.3,16.7,11.42,92,1012.3,92,22.9,Port Harcourt
2017-08-17,27.2,23.0,24.9,2.2,15.6,9.09,88,1011.2,97,22.7,Port Harcourt
2017-08-18,29.0,22.8,25.4,1.3,17.1,18.98,83,1011.1,56,22.1,Port Harcourt
2017-08-19,29.4,21.6,25.4,0.2,11.2,18.98,83,1012.1,47,22.0,Port Harcourt
2017-08-20,28.0,23.5,25.1,1.5,13.4,9.95,85,1012.8,92,22.3,Port Harcourt
2017-08-21,26.5,23.7,24.8,3.2,17.8,10.11,87,1012.7,98,22.5,Port Harcourt
2017-08-22,24.6,22.5,23.5,10.1,11.4,5.42,94,1013.0,99,22.4,Port Harcourt
2017-08-23,28.8,22.3,24.5,11.6,9.5,12.99,91,1012.2,94,22.9,Port Harcourt
2017-08-24,30.1,22.4,25.3,3.7,13.5,14.65,87,1011.3,87,22.7,Port Harcourt
2017-08-25,26.6,23.5,24.6,6.2,17.8,9.09,90,1011.3,99,22.7,Port Harcourt
2017-08-26,25.6,22.8,24.0,9.7,14.7,9.75,92,1012.4,96,22.5,Port Harcourt
2017-08-27,27.5,22.1,24.1,15.3,10.0,10.19,91,1013.2,92,22.5,Port Harcourt
2017-08-28,30.2,22.5,25.5,10.7,12.6,19.53,87,1012.3,76,23.0,Port Harcourt
2017-08-29,28.5,23.1,24.8,6.0,13.9,14.81,89,1012.2,84,22.9,Port Harcourt
2017-08-30,27.6,23.3,24.8,12.2,14.3,13.71,88,1013.0,89,22.6,Port Harcourt
2017-08-31,27.4,23.4,25.0,5.1,13.8,14.13,87,1013.3,89,22.7,Port Harcourt
2017-09-01,28.5,22.8,25.1,3.7,11.7,15.18,88,1013.6,73,22.9,Port Harcourt
2017-09-02,28.7,23.3,25.3,4.6,12.4,13.78,87,1013.6,85,22.9,Port Harcourt
2017-09-03,27.7,23.4,24.5,16.3,12.8,8.61,92,1013.2,99,23.0,Port Harcourt
2017-09-04,27.7,22.3,24.7,4.7,14.1,15.12,88,1013.6,71,22.6,Port Harcourt
2017-09-05,29.2,22.4,25.3,1.3,10.9,18.85,87,1013.6,51,22.9,Port Harcourt
2017-09-06,29.0,22.7,25.3,3.5,12.5,17.2,87,1012.8,81,22.9,Port Harcourt
2017-09-07,24.7,23.4,23.9,44.4,11.3,3.56,93,1012.9,96,22.7,Port Harcourt
2017-09-08,28.3,22.9,24.4,5.0,9.1,13.41,90,1012.6,89,22.6,Port Harcourt
2017-09-09,29.6,22.8,25.6,1.5,10.1,16.31,86,1011.8,85,22.9,Port Harcourt
2017-09-10,27.9,23.9,25.2,5.6,11.8,13.2,88,1011.6,88,23.0,Port Harcourt
2017-09-11,27.9,22.6,24.2,12.3,15.4,10.48,92,1011.9,96,22.8,Port Harcourt
2017-09-12,28.3,23.0,24.9,8.4,12.0,15.47,92,1012.4,90,23.4,Port Harcourt
2017-09-13,29.0,23.3,24.9,14.1,11.5,10.66,90,1013.0,90,23.0,Port Harcourt
2017-09-14,29.2,22.6,25.5,2.3,13.2,15.93,85,1012.6,88,22.6,Port Harcourt
2017-09-15,28.7,23.8,25.3,9.1,13.7,15.07,87,1012.7,86,23.0,Port Harcourt
2017-09-16,27.2,23.4,24.4,15.3,17.4,9.45,91,1013.0,99,22.7,Port Harcourt
2017-09-17,28.9,22.4,24.9,7.5,10.8,16.13,89,1013.8,90,22.9,Port Harcourt
2017-09-18,29.3,23.1,25.2,9.0,10.0,14.23,89,1013.3,78,23.1,Port Harcourt
2017-09-19,29.6,23.1,26.0,1.2,14.1,17.54,85,1012.6,67,23.1,Port Harcourt
2017-09-20,29.2,24.3,26.3,1.8,13.6,13.56,84,1011.7,95,23.4,Port Harcourt
2017-09-21,25.1,23.1,24.2,33.1,10.3,3.01,94,1012.1,98,23.2,Port Harcourt
2017-09-22,26.8,22.6,24.0,18.0,15.0,8.96,93,1012.7,97,22.7,Port Harcourt
2017-09-23,29.1,22.6,24.7,12.0,9.2,13.48,92,1013.6,77,23.2,Port Harcourt
2017-09-24,29.1,22.8,25.3,2.6,8.8,14.74,89,1012.9,86,23.3,Port Harcourt
2017-09-25,28.4,23.3,25.3,5.1,12.3,15.04,88,1011.7,88,23.1,Port Harcourt
2017-09-26,28.8,22.7,25.2,5.9,12.3,16.07,90,1010.8,80,23.3,Port Harcourt
2017-09-27,29.2,23.3,25.1,17.7,9.9,11.76,91,1011.1,90,23.4,Port Harcourt
2017-09-28,26.3,23.1,24.3,13.4,9.0,9.28,94,1012.4,97,23.2,Port Harcourt
2017-09-29,27.9,22.9,25.3,1.5,11.3,11.12,89,1012.0,95,23.4,Port Harcourt
2017-09-30,29.7,23.3,25.6,9.5,12.3,16.89,89,1010.6,84,23.5,Port Harcourt
2017-10-01,29.7,23.2,25.6,4.6,10.3,16.41,88,1010.7,85,23.3,Port Harcourt
2017-10-02,30.2,23.7,25.3,14.7,11.5,14.07,90,1010.3,92,23.4,Port Harcourt
2017-10-03,30.6,22.6,25.8,17.3,10.7,19.38,87,1009.7,88,23.4,Port Harcourt
2017-10-04,28.5,23.7,25.2,9.8,11.9,11.61,90,1011.1,92,23.4,Port Harcourt
2017-10-05,29.1,23.3,25.3,9.6,9.7,13.95,90,1011.4,95,23.5,Port Harcourt
2017-10-06,29.7,23.3,25.8,6.1,14.1,15.35,87,1010.5,86,23.4,Port Harcourt
2017-10-07,25.7,23.6,24.6,13.0,11.5,7.73,93,1010.6,99,23.5,Port Harcourt
2017-10-08,28.4,22.8,24.7,7.4,12.1,9.45,91,1011.1,97,23.0,Port Harcourt
2017-10-09,29.8,22.7,25.6,0.6,14.7,14.75,87,1010.7,93,23.1,Port Harcourt
2017-10-10,28.3,22.7,25.2,10.7,10.7,12.95,89,1010.7,94,23.3,Port Harcourt
2017-10-11,29.4,22.2,25.4,12.3,11.7,15.22,88,1011.4,88,23.0,Port Harcourt
2017-10-12,29.2,23.3,25.2,4.5,10.4,14.75,91,1011.7,92,23.6,Port Harcourt
2017-10-13,27.4,23.2,24.9,7.6,13.5,8.74,90,1011.8,100,23.1,Port Harcourt
2017-10-14,29.9,23.4,26.0,3.0,10.8,18.54,86,1011.3,75,23.3,Port Harcourt
2017-10-15,29.9,23.6,25.7,6.6,13.3,14.47,88,1011.7,83,23.5,Port Harcourt
2017-10-16,28.4,23.7,25.3,10.8,8.1,12.81,91,1012.8,82,23.8,Port Harcourt
2017-10-17,30.0,23.9,25.4,15.7,13.6,10.53,92,1012.9,99,24.1,Port Harcourt
2017-10-18,29.1,23.4,25.3,20.9,8.0,13.22,91,1012.6,86,23.6,Port Harcourt
2017-10-19,28.6,23.3,25.2,25.3,14.8,11.89,92,1012.5,69,23.9,Port Harcourt
2017-10-20,30.3,23.2,26.0,11.4,11.2,18.75,88,1012.1,38,23.8,Port Harcourt
2017-10-21,28.5,23.4,25.6,7.6,8.2,12.66,90,1012.4,76,23.8,Port Harcourt
2017-10-22,28.5,23.9,25.5,17.0,11.1,13.26,90,1012.5,73,23.7,Port Harcourt
2017-10-23,28.2,23.2,25.2,8.4,9.0,12.01,90,1011.8,89,23.3,Port Harcourt
2017-10-24,30.9,23.2,26.1,4.7,8.7,15.75,89,1010.6,77,23.9,Port Harcourt
2017-10-25,30.0,23.8,26.1,7.6,7.6,15.64,89,1010.6,74,24.1,Port Harcourt
2017-10-26,29.6,24.2,26.0,10.9,9.2,12.7,89,1010.7,83,24.0,Port Harcourt
2017-10-27,28.3,23.8,25.8,0.6,8.2,8.19,90,1010.3,87,24.0,Port Harcourt
2017-10-28,29.5,24.1,26.0,3.4,10.4,14.99,88,1010.1,83,23.7,Port Harcourt
2017-10-29,31.6,23.6,26.6,3.5,8.5,18.68,86,1009.7,68,23.9,Port Harcourt
2017-10-30,28.9,24.5,26.1,8.8,10.4,12.14,89,1009.7,88,24.1,Port Harcourt
2017-10-31,28.6,24.6,25.9,5.6,10.2,9.35,90,1010.4,96,24.0,Port Harcourt
2017-11-01,27.4,24.1,25.4,2.8,8.0,9.26,92,1010.6,97,24.0,Port Harcourt
2017-11-02,30.1,23.9,26.1,3.3,10.7,14.4,88,1010.8,93,23.7,Port Harcourt
2017-11-03,30.1,23.6,25.7,2.1,12.2,14.09,89,1010.3,85,23.6,Port Harcourt
2017-11-04,29.4,23.5,25.5,18.1,8.0,13.07,90,1011.3,90,23.6,Port Harcourt
2017-11-05,29.4,23.3,25.4,7.0,8.7,13.37,90,1010.9,93,23.6,Port Harcourt
2017-11-06,28.8,23.9,25.6,2.6,9.1,11.51,90,1010.0,96,23.8,Port Harcourt
2017-11-07,30.5,23.4,26.2,0.8,9.7,17.75,87,1009.2,61,23.7,Port Harcourt
2017-11-08,30.0,23.9,26.5,4.1,13.9,14.26,87,1009.4,94,24.2,Port Harcourt
2017-11-09,28.9,23.9,26.2,4.8,8.9,13.11,88,1010.0,96,24.1,Port Harcourt
2017-11-10,29.2,23.6,25.9,8.7,15.3,11.88,89,1010.0,93,23.9,Port Harcourt
2017-11-11,29.8,22.9,25.7,1.4,10.8,11.32,89,1009.8,74,23.6,Port Harcourt
2017-11-12,29.0,23.5,26.0,1.5,12.0,14.77,89,1009.8,75,23.9,Port Harcourt
2017-11-13,30.2,23.5,26.3,4.9,8.8,15.34,90,1008.9,73,24.4,Port Harcourt
2017-11-14,29.5,24.1,26.2,6.2,6.8,14.56,91,1008.5,71,24.7,Port Harcourt
2017-11-15,28.7,24.0,26.0,8.4,10.9,10.46,89,1008.9,95,24.0,Port Harcourt
2017-11-16,30.9,23.5,26.1,3.4,10.0,15.84,88,1009.3,89,23.9,Port Harcourt
2017-11-17,28.0,24.3,25.8,5.5,9.8,7.98,89,1009.3,96,23.8,Port Harcourt
2017-11-18,29.6,24.1,25.9,6.3,14.4,15.22,88,1009.8,70,23.7,Port Harcourt
2017-11-19,28.2,23.7,25.0,10.5,12.0,10.52,91,1010.2,92,23.4,Port Harcourt
2017-11-20,30.2,23.0,25.5,4.3,7.7,15.9,91,1010.1,82,23.8,Port Harcourt
2017-11-21,27.9,23.8,25.3,2.4,9.5,8.86,92,1009.7,92,23.8,Port Harcourt
2017-11-22,28.2,23.9,25.4,13.3,12.1,9.66,90,1009.8,82,23.7,Port Harcourt
2017-11-23,30.0,23.9,25.5,10.8,14.0,11.23,90,1010.3,95,23.6,Port Harcourt
2017-11-24,28.8,23.5,25.6,4.1,9.9,12.66,88,1010.8,75,23.4,Port Harcourt
2017-11-25,30.7,22.5,26.1,3.5,11.4,16.69,87,1011.1,63,23.5,Port Harcourt
2017-11-26,32.6,22.5,26.9,0.2,9.6,19.76,81,1011.2,43,22.8,Port Harcourt
2017-11-27,31.2,23.0,26.5,0.3,11.5,17.52,85,1011.5,15,23.4,Port Harcourt
2017-11-28,31.6,22.9,26.6,0.3,12.7,17.94,82,1011.6,28,23.1,Port Harcourt
2017-11-29,31.0,23.7,26.4,2.2,11.2,16.69,86,1011.6,45,23.7,Port Harcourt
2017-11-30,29.4,23.3,26.4,1.1,9.4,15.59,87,1011.7,39,24.1,Port Harcourt
2017-12-01,31.9,23.3,27.2,0.2,12.9,18.36,82,1010.5,26,23.6,Port Harcourt
2017-12-02,30.8,24.2,26.5,4.8,10.5,15.18,88,1009.5,69,24.3,Port Harcourt
2017-12-03,30.9,23.7,26.9,1.3,8.7,16.84,85,1009.8,21,24.1,Port Harcourt
2017-12-04,32.0,23.8,27.2,0.8,8.3,17.63,84,1010.2,18,24.1,Port Harcourt
2017-12-05,32.0,24.1,27.5,0.1,12.0,16.72,84,1009.5,23,24.2,Port Harcourt
2017-12-06,30.2,24.5,27.1,1.6,11.7,13.87,86,1008.5,54,24.5,Port Harcourt
2017-12-07,30.5,24.3,26.9,2.0,10.6,13.21,86,1008.3,45,24.3,Port Harcourt
2017-12-08,31.6,24.4,26.4,13.2,10.9,14.97,88,1008.8,51,24.1,Port Harcourt
2017-12-09,31.0,24.3,26.1,17.5,11.7,12.62,89,1009.4,84,24.1,Port Harcourt
2017-12-10,32.3,23.1,26.9,0.0,11.4,14.79,83,1009.6,65,23.4,Port Harcourt
2017-12-11,30.1,23.9,26.7,0.5,7.8,15.86,85,1010.1,42,23.9,Port Harcourt
2017-12-12,30.3,24.1,26.8,1.0,8.5,14.94,87,1010.4,64,24.2,Port Harcourt
2017-12-13,32.5,23.3,27.4,0.0,11.4,17.7,84,1009.9,66,24.1,Port Harcourt
2017-12-14,31.5,24.1,27.4,1.5,11.3,15.58,84,1010.0,72,24.3,Port Harcourt
2017-12-15,31.7,24.3,27.1,1.5,11.8,16.29,85,1010.0,34,24.3,Port Harcourt
2017-12-16,29.3,25.0,26.5,5.0,10.0,11.46,89,1009.8,70,24.5,Port Harcourt
2017-12-17,31.3,23.7,26.8,1.0,12.2,13.44,85,1009.8,54,23.9,Port Harcourt
2017-12-18,31.1,23.6,26.5,2.8,13.6,14.19,87,1010.0,64,24.2,Port Harcourt
2017-12-19,29.5,23.8,26.1,1.6,11.0,13.99,89,1009.7,66,24.1,Port Harcourt
2017-12-20,31.2,23.6,26.7,2.3,10.3,15.32,88,1009.5,53,24.3,Port Harcourt
2017-12-21,29.0,24.3,26.5,4.4,11.6,13.08,88,1010.0,39,24.3,Port Harcourt
2017-12-22,29.4,24.5,26.3,2.3,12.0,10.45,88,1010.8,81,24.0,Port Harcourt
2017-12-23,29.7,24.2,26.1,4.3,8.3,13.69,87,1010.7,72,23.8,Port Harcourt
2017-12-24,30.4,23.9,26.1,7.0,9.6,14.32,88,1009.7,81,23.9,Port Harcourt
2017-12-25,32.1,22.8,26.7,0.0,11.4,18.4,82,1009.5,70,22.7,Port Harcourt
2017-12-26,31.6,22.1,26.5,0.0,9.9,19.16,82,1009.1,36,22.8,Port Harcourt
2017-12-27,32.4,21.6,26.2,0.0,13.2,19.93,80,1008.6,59,21.8,Port Harcourt
2017-12-28,31.8,20.9,26.0,0.0,13.1,19.61,82,1009.1,61,22.2,Port Harcourt
2017-12-29,31.7,22.5,26.5,0.0,13.7,18.31,83,1010.0,64,23.0,Port Harcourt
2017-12-30,34.1,22.9,27.3,0.0,13.0,18.97,80,1010.3,48,22.9,Port Harcourt
2017-12-31,32.7,22.8,26.7,0.0,10.3,18.88,80,1010.4,57,22.2,Port Harcourt
2018-01-01,33.9,23.0,26.9,0.0,11.7,19.41,74,1009.7,62,20.4,Port Harcourt
2018-01-02,33.2,23.3,26.6,0.0,11.4,18.84,77,1009.0,52,21.3,Port Harcourt
2018-01-03,33.7,21.3,26.0,0.0,12.1,19.76,72,1009.7,27,18.7,Port Harcourt
2018-01-04,33.9,19.1,25.5,0.0,11.1,20.44,65,1011.1,1,16.3,Port Harcourt
2018-01-05,32.3,20.1,25.1,0.0,9.7,20.48,68,1011.3,2,16.5,Port Harcourt
2018-01-06,32.4,20.1,25.4,0.0,12.4,18.44,77,1010.9,24,20.4,Port Harcourt
2018-01-07,32.2,21.6,26.3,0.0,13.6,18.51,78,1010.5,27,21.6,Port Harcourt
2018-01-08,32.4,22.1,26.8,0.0,12.0,16.75,78,1011.0,40,22.1,Port Harcourt
2018-01-09,32.5,22.4,26.8,0.0,16.9,17.42,80,1011.2,48,22.6,Port Harcourt
2018-01-10,31.1,24.6,26.9,3.3,11.7,14.36,83,1011.1,38,23.6,Port Harcourt
2018-01-11,30.5,23.8,26.3,0.7,13.5,12.97,82,1010.7,72,23.0,Port Harcourt
2018-01-12,31.8,23.7,26.5,1.8,17.6,12.13,84,1010.4,81,23.2,Port Harcourt
2018-01-13,31.9,23.7,26.8,0.3,15.7,14.86,83,1009.9,59,23.3,Port Harcourt
2018-01-14,31.5,22.8,26.8,0.2,14.2,13.72,81,1010.2,89,23.0,Port Harcourt
2018-01-15,30.6,24.5,26.8,1.4,11.6,12.78,84,1010.7,69,23.7,Port Harcourt
2018-01-16,31.6,23.4,26.9,0.4,14.0,14.8,83,1010.7,48,23.4,Port Harcourt
2018-01-17,33.7,23.6,27.4,0.1,15.0,16.7,79,1009.4,35,22.7,Port Harcourt
2018-01-18,33.5,23.4,27.4,0.0,16.1,17.34,78,1009.7,51,22.7,Port Harcourt
2018-01-19,32.7,22.8,27.1,0.1,15.0,16.64,79,1009.8,36,22.7,Port Harcourt
2018-01-20,32.6,23.5,27.4,0.2,12.9,14.96,77,1009.5,56,22.6,Port Harcourt
2018-01-21,33.8,23.8,27.4,3.3,13.1,16.53,82,1009.4,55,23.7,Port Harcourt
2018-01-22,32.3,24.2,27.3,0.8,14.7,16.03,81,1009.2,56,23.4,Port Harcourt
2018-01-23,31.9,24.1,27.0,1.7,17.1,16.65,82,1009.6,64,23.4,Port Harcourt
2018-01-24,32.9,23.4,27.4,0.1,11.7,16.59,79,1009.0,44,22.8,Port Harcourt
2018-01-25,34.9,22.6,27.4,0.0,12.3,20.14,73,1008.9,7,20.2,Port Harcourt
2018-01-26,33.1,22.1,27.0,0.0,15.0,18.67,77,1008.7,53,22.0,Port Harcourt
2018-01-27,34.2,22.7,27.7,0.0,13.8,18.14,75,1008.2,21,22.1,Port Harcourt
2018-01-28,34.0,23.2,28.0,0.0,16.4,17.5,76,1008.1,43,22.7,Port Harcourt
2018-01-29,33.2,23.2,27.8,0.0,16.9,16.62,76,1009.2,43,22.7,Port Harcourt
2018-01-30,34.2,23.5,28.4,0.0,15.9,17.43,74,1008.9,35,22.4,Port Harcourt
2018-01-31,35.5,23.9,28.6,0.0,14.8,19.66,72,1007.1,18,21.4,Port Harcourt
2018-02-01,34.9,24.3,28.4,0.0,15.7,19.13,74,1007.1,38,22.1,Port Harcourt
2018-02-02,34.9,24.1,28.7,0.4,16.7,17.3,76,1007.6,18,23.5,Port Harcourt
2018-02-03,34.1,25.0,28.9,0.5,16.4,16.07,77,1007.7,25,24.0,Port Harcourt
2018-02-04,35.3,25.0,29.3,0.1,16.9,17.92,74,1006.8,27,23.7,Port Harcourt
2018-02-05,34.2,25.6,29.3,1.0,16.1,15.53,76,1007.0,60,24.2,Port Harcourt
2018-02-06,33.6,26.2,28.7,4.3,16.3,14.95,80,1007.4,56,24.7,Port Harcourt
2018-02-07,32.9,25.9,28.6,3.0,13.8,15.27,78,1007.8,52,24.3,Port Harcourt
2018-02-08,33.5,25.0,28.7,0.8,16.1,16.39,78,1007.7,77,24.1,Port Harcourt
2018-02-09,32.4,25.7,27.2,12.8,12.8,11.18,84,1008.6,94,24.2,Port Harcourt
2018-02-10,31.3,25.1,27.4,5.1,15.5,14.25,84,1007.4,80,24.3,Port Harcourt
2018-02-11,30.3,25.0,26.5,9.2,14.3,11.68,89,1008.2,67,24.4,Port Harcourt
2018-02-12,31.1,24.4,26.9,3.1,10.4,13.76,86,1009.2,90,24.2,Port Harcourt
2018-02-13,30.9,24.7,27.1,6.7,12.4,12.41,87,1009.2,84,24.6,Port Harcourt
2018-02-14,31.5,25.7,27.4,6.8,13.9,13.0,86,1009.5,99,24.7,Port Harcourt
2018-02-15,32.9,24.8,28.1,0.2,13.6,17.19,82,1008.7,74,24.3,Port Harcourt
2018-02-16,32.9,25.1,28.0,5.1,14.5,15.25,83,1009.1,81,24.5,Port Harcourt
2018-02-17,31.4,24.8,27.0,6.0,14.0,13.4,86,1009.1,93,24.3,Port Harcourt
2018-02-18,30.8,25.5,27.4,7.0,14.7,13.68,83,1009.1,85,24.1,Port Harcourt
2018-02-19,31.7,23.6,27.5,0.9,10.9,15.63,84,1008.4,75,24.3,Port Harcourt
2018-02-20,31.8,25.1,27.3,7.6,12.5,14.26,86,1008.0,79,24.6,Port Harcourt
2018-02-21,30.5,24.7,26.9,3.3,13.7,11.83,85,1007.9,95,24.0,Port Harcourt
2018-02-22,32.0,24.1,26.7,6.3,12.9,13.71,86,1008.0,91,24.0,Port Harcourt
2018-02-23,30.4,24.6,26.7,18.0,13.2,11.83,88,1007.8,97,24.5,Port Harcourt
2018-02-24,31.8,24.3,27.0,3.0,11.3,11.61,86,1008.3,99,24.3,Port Harcourt
2018-02-25,32.0,25.2,27.0,14.3,13.6,11.36,86,1009.4,96,24.2,Port Harcourt
2018-02-26,26.7,24.4,25.8,15.2,13.0,7.08,90,1010.3,100,24.0,Port Harcourt
2018-02-27,30.9,23.2,26.4,1.0,12.0,13.76,85,1011.1,88,23.4,Port Harcourt
2018-02-28,31.6,24.1,26.8,6.9,11.5,16.05,84,1010.9,91,23.7,Port Harcourt
2018-03-01,28.8,24.5,26.3,9.3,10.6,6.68,88,1011.9,98,24.0,Port Harcourt
2018-03-02,32.3,23.3,26.8,0.9,13.4,19.43,81,1010.5,81,23.1,Port Harcourt
2018-03-03,30.2,24.0,27.0,0.9,13.6,16.64,84,1009.8,44,24.1,Port Harcourt
2018-03-04,30.9,24.1,26.6,0.7,15.5,17.42,87,1009.9,22,24.1,Port Harcourt
2018-03-05,30.2,24.1,26.7,0.8,13.0,16.95,85,1009.7,39,23.9,Port Harcourt
2018-03-06,30.9,23.5,26.6,2.7,10.9,17.64,86,1009.4,40,23.8,Port Harcourt
2018-03-07,30.8,24.6,26.6,6.5,11.8,14.19,86,1010.2,69,23.9,Port Harcourt
2018-03-08,28.9,24.2,26.0,8.9,11.2,10.67,89,1010.9,97,24.0,Port Harcourt
2018-03-09,29.2,24.3,25.9,7.5,15.1,9.3,89,1011.0,97,23.9,Port Harcourt
2018-03-10,31.2,23.5,26.6,3.5,11.3,16.45,85,1010.4,71,23.8,Port Harcourt
2018-03-11,30.0,24.4,26.6,5.9,15.0,14.91,86,1010.9,97,24.0,Port Harcourt
2018-03-12,29.9,24.5,26.4,3.0,15.0,13.03,88,1011.4,92,24.2,Port Harcourt
2018-03-13,30.3,23.9,26.4,1.4,13.1,14.86,88,1011.1,78,24.2,Port Harcourt
2018-03-14,31.6,24.4,27.3,2.0,13.5,18.0,85,1010.0,84,24.3,Port Harcourt
2018-03-15,30.6,25.1,26.9,5.3,14.0,14.18,87,1009.6,97,24.6,Port Harcourt
2018-03-16,30.3,24.4,26.6,10.3,14.7,12.76,89,1008.9,96,24.5,Port Harcourt
2018-03-17,28.7,24.0,25.6,18.1,11.5,8.85,91,1009.3,98,24.0,Port Harcourt
2018-03-18,31.4,23.9,27.4,0.8,12.9,17.04,83,1008.2,79,24.0,Port Harcourt
2018-03-19,30.4,25.1,26.7,5.5,13.6,13.38,87,1008.8,96,24.2,Port Harcourt
2018-03-20,29.8,24.7,26.4,6.9,13.1,12.78,88,1009.2,90,24.2,Port Harcourt
2018-03-21,28.8,24.6,26.2,3.0,14.3,9.74,88,1010.4,98,24.1,Port Harcourt
2018-03-22,31.1,24.7,26.8,3.0,13.3,17.81,85,1010.4,61,24.0,Port Harcourt
2018-03-23,29.9,24.0,26.0,5.9,8.3,12.3,89,1009.9,96,24.0,Port Harcourt
2018-03-24,30.8,23.7,26.6,8.7,9.4,17.0,87,1008.6,97,24.1,Port Harcourt
2018-03-25,30.5,23.7,26.5,6.9,12.7,16.6,88,1008.7,87,24.1,Port Harcourt
2018-03-26,30.1,24.3,26.3,4.1,17.0,13.57,89,1009.6,100,24.2,Port Harcourt
2018-03-27,30.2,24.4,26.8,11.9,11.2,14.93,87,1010.1,99,24.4,Port Harcourt
2018-03-28,30.5,25.0,27.1,4.0,14.1,15.44,87,1009.3,81,24.7,Port Harcourt
2018-03-29,29.6,24.5,26.2,10.8,9.8,12.23,90,1009.6,95,24.3,Port Harcourt
2018-03-30,31.0,23.1,26.4,4.6,6.7,16.41,88,1008.5,89,24.1,Port Harcourt
2018-03-31,31.4,25.1,27.4,4.7,10.3,15.8,87,1007.5,80,24.9,Port Harcourt
2018-04-01,31.4,24.8,27.3,5.4,15.3,14.61,85,1007.1,98,24.4,Port Harcourt
2018-04-02,28.6,25.1,26.3,5.2,14.1,9.1,89,1007.3,100,24.4,Port Harcourt
2018-04-03,30.7,24.1,26.7,2.4,12.3,16.48,87,1007.5,89,24.3,Port Harcourt
2018-04-04,30.2,24.1,26.7,8.4,10.5,16.14,88,1008.3,87,24.4,Port Harcourt
2018-04-05,29.9,24.6,26.7,4.6,12.2,16.84,89,1007.8,53,24.5,Port Harcourt
2018-04-06,29.7,24.1,26.8,4.8,12.2,14.67,87,1007.0,96,24.2,Port Harcourt
2018-04-07,29.6,24.6,26.0,8.0,9.7,11.91,90,1008.4,97,24.3,Port Harcourt
2018-04-08,28.8,24.4,26.2,14.4,10.3,13.64,89,1009.0,96,24.1,Port Harcourt
2018-04-09,27.0,23.7,25.1,12.8,8.6,7.01,92,1010.2,100,23.7,Port Harcourt
2018-04-10,27.3,23.3,25.0,13.5,13.5,9.85,91,1010.9,100,23.3,Port Harcourt
2018-04-11,31.4,23.0,26.6,1.2,11.3,19.51,85,1009.7,87,23.6,Port Harcourt
2018-04-12,30.2,24.0,26.7,0.8,11.8,18.69,85,1009.7,70,23.8,Port Harcourt
2018-04-13,29.9,23.9,26.6,3.4,12.9,16.53,85,1010.6,94,23.7,Port Harcourt
2018-04-14,29.0,24.4,26.5,4.4,15.4,15.97,85,1011.5,94,23.8,Port Harcourt
2018-04-15,28.4,23.8,25.5,12.3,12.8,10.95,90,1012.3,99,23.6,Port Harcourt
2018-04-16,31.2,24.1,27.0,0.6,10.5,16.46,85,1011.5,96,23.9,Port Harcourt
2018-04-17,31.2,24.6,27.1,2.3,11.5,17.87,85,1011.5,76,24.1,Port Harcourt
2018-04-18,31.0,24.4,26.7,3.8,14.8,16.4,88,1011.9,89,24.3,Port Harcourt
2018-04-19,31.5,24.2,26.5,12.2,14.5,16.81,88,1011.4,94,24.2,Port Harcourt
2018-04-20,28.8,23.7,25.3,15.3,16.4,12.51,91,1011.1,99,23.6,Port Harcourt
2018-04-21,31.9,23.1,27.0,0.2,13.4,20.43,84,1010.1,59,23.8,Port Harcourt
2018-04-22,31.1,24.1,27.3,0.0,11.1,18.96,83,1010.5,76,24.0,Port Harcourt
2018-04-23,31.1,24.5,27.0,1.2,11.6,15.33,87,1010.2,76,24.5,Port Harcourt
2018-04-24,31.0,24.8,26.5,11.4,9.2,16.51,90,1010.6,85,24.6,Port Harcourt
2018-04-25,30.9,24.1,26.5,5.6,14.8,17.41,88,1011.2,87,24.1,Port Harcourt
2018-04-26,31.6,23.6,27.1,0.4,11.6,20.29,86,1010.0,46,24.4,Port Harcourt
2018-04-27,31.5,24.3,27.6,0.5,12.1,21.36,83,1010.4,30,24.3,Port Harcourt
2018-04-28,30.3,24.4,26.8,3.1,10.3,15.12,88,1010.8,90,24.4,Port Harcourt
2018-04-29,29.6,24.6,26.1,9.0,10.7,13.04,91,1011.1,87,24.4,Port Harcourt
2018-04-30,31.7,24.5,27.5,0.1,12.0,19.68,81,1010.7,58,23.7,Port Harcourt
2018-05-01,30.4,25.0,27.2,1.4,11.8,16.98,85,1010.7,84,24.4,Port Harcourt
2018-05-02,29.7,24.4,27.2,1.1,13.4,16.67,88,1010.5,95,24.8,Port Harcourt
2018-05-03,29.9,24.4,26.4,12.8,13.7,13.44,90,1010.0,96,24.6,Port Harcourt
2018-05-04,31.1,23.2,26.8,1.6,11.1,19.96,85,1009.9,79,23.9,Port Harcourt
2018-05-05,29.2,24.2,26.3,2.8,11.6,12.96,89,1011.0,87,24.4,Port Harcourt
2018-05-06,31.3,25.4,27.6,2.9,14.2,18.0,83,1011.3,69,24.3,Port Harcourt
2018-05-07,31.1,24.5,27.2,2.7,9.1,16.87,86,1011.6,79,24.4,Port Harcourt
2018-05-08,30.5,25.0,27.2,1.9,9.9,14.54,87,1009.8,93,24.7,Port Harcourt
2018-05-09,30.8,24.1,27.1,0.1,10.0,15.51,84,1009.5,95,24.0,Port Harcourt
2018-05-10,29.2,23.9,25.8,20.0,8.8,11.53,91,1010.8,90,24.1,Port Harcourt
2018-05-11,28.5,23.8,25.4,17.9,9.9,13.16,92,1011.1,98,23.9,Port Harcourt
2018-05-12,29.8,23.6,25.7,8.8,11.3,13.41,90,1011.6,99,23.8,Port Harcourt
2018-05-13,27.5,24.1,25.3,14.8,15.3,10.35,91,1011.3,99,23.7,Port Harcourt
2018-05-14,27.8,23.7,25.7,6.0,7.1,9.99,90,1011.6,98,23.9,Port Harcourt
2018-05-15,30.6,24.1,26.8,2.2,8.2,18.46,86,1010.5,87,24.2,Port Harcourt
2018-05-16,30.4,24.2,26.3,7.5,10.6,15.75,88,1010.3,84,24.0,Port Harcourt
2018-05-17,28.7,23.9,26.1,2.3,11.4,12.77,87,1010.5,99,23.8,Port Harcourt
2018-05-18,29.9,24.0,26.6,1.1,8.3,15.52,86,1010.1,94,23.9,Port Harcourt
2018-05-19,30.8,23.8,26.3,14.6,9.7,15.26,88,1010.4,93,24.1,Port Harcourt
2018-05-20,29.8,24.5,26.2,7.0,12.1,14.71,87,1010.7,89,23.8,Port Harcourt
2018-05-21,29.0,24.0,25.8,6.5,12.4,11.53,90,1010.9,99,24.0,Port Harcourt
2018-05-22,30.9,24.4,26.6,8.2,8.9,17.71,88,1011.0,79,24.2,Port Harcourt
2018-05-23,29.6,24.4,26.6,1.6,10.7,16.53,87,1011.5,75,24.1,Port Harcourt
2018-05-24,29.8,24.5,25.9,7.1,12.7,11.95,89,1011.7,97,23.8,Port Harcourt
2018-05-25,29.7,23.7,25.7,6.7,16.2,15.27,90,1010.4,79,23.8,Port Harcourt
2018-05-26,29.1,23.3,25.1,15.7,12.9,15.4,91,1010.8,89,23.5,Port Harcourt
2018-05-27,30.2,22.7,25.2,16.1,10.4,15.79,91,1012.1,79,23.5,Port Harcourt
2018-05-28,28.6,23.2,25.4,6.5,10.8,11.94,91,1012.7,90,23.8,Port Harcourt
2018-05-29,28.8,23.9,25.2,10.8,10.2,12.72,92,1012.5,95,23.8,Port Harcourt
2018-05-30,28.1,23.5,25.1,16.9,7.9,10.1,91,1012.4,98,23.5,Port Harcourt
2018-05-31,29.1,22.8,25.4,10.2,10.3,15.16,90,1011.9,85,23.6,Port Harcourt
2018-06-01,29.2,23.7,26.1,13.4,12.5,16.26,88,1011.9,71,23.9,Port Harcourt
2018-06-02,29.4,23.5,26.0,3.4,8.7,13.84,88,1012.2,94,23.8,Port Harcourt
2018-06-03,28.9,24.0,25.7,7.6,12.6,13.2,89,1013.2,87,23.7,Port Harcourt
2018-06-04,28.0,23.8,25.7,4.0,12.8,9.85,90,1012.7,97,23.8,Port Harcourt
2018-06-05,31.2,23.6,26.8,1.5,12.5,18.99,85,1011.2,67,24.0,Port Harcourt
2018-06-06,29.1,24.6,26.1,8.7,8.1,14.43,89,1011.8,67,24.2,Port Harcourt
2018-06-07,29.2,24.3,26.3,3.5,12.3,15.21,89,1013.0,89,24.3,Port Harcourt
2018-06-08,29.2,23.4,25.8,14.1,14.4,14.37,91,1012.7,88,24.2,Port Harcourt
2018-06-09,28.8,24.5,25.6,10.1,11.9,12.06,90,1012.8,97,23.8,Port Harcourt
2018-06-10,27.3,23.4,25.2,11.3,11.9,10.13,91,1012.9,90,23.5,Port Harcourt
2018-06-11,30.6,22.5,25.9,1.0,10.1,18.24,86,1012.9,71,23.1,Port Harcourt
2018-06-12,29.7,23.5,26.1,5.2,10.4,17.56,88,1013.3,68,23.9,Port Harcourt
2018-06-13,29.6,23.6,26.3,2.1,13.5,17.32,89,1013.3,56,24.3,Port Harcourt
2018-06-14,28.3,24.4,26.1,5.4,11.0,13.63,89,1013.0,90,24.0,Port Harcourt
2018-06-15,28.5,24.3,25.6,9.1,8.7,11.31,91,1012.9,89,23.9,Port Harcourt
2018-06-16,28.3,24.0,25.5,6.9,13.1,14.41,91,1013.2,89,23.9,Port Harcourt
2018-06-17,29.6,23.8,25.6,12.7,13.0,14.26,91,1013.3,91,23.9,Port Harcourt
2018-06-18,25.4,23.4,24.3,14.9,15.6,4.86,94,1013.8,99,23.3,Port Harcourt
2018-06-19,28.5,23.1,25.1,3.5,19.0,11.98,87,1013.9,93,22.8,Port Harcourt
2018-06-20,27.4,22.8,24.3,11.9,11.7,11.21,91,1014.3,80,22.8,Port Harcourt
2018-06-21,27.9,22.7,24.5,8.2,10.5,11.96,91,1014.5,89,22.8,Port Harcourt
2018-06-22,28.7,22.6,24.7,6.8,10.0,15.35,90,1014.4,73,23.0,Port Harcourt
2018-06-23,28.2,23.3,24.7,19.5,13.8,11.45,90,1013.4,95,22.9,Port Harcourt
2018-06-24,27.3,22.4,24.3,4.0,10.1,12.88,89,1012.9,84,22.3,Port Harcourt
2018-06-25,28.7,22.1,25.0,4.6,11.0,15.33,88,1011.7,81,22.7,Port Harcourt
2018-06-26,28.6,21.9,24.8,9.7,11.0,15.5,89,1011.8,76,22.8,Port Harcourt
2018-06-27,28.4,23.3,25.3,6.0,10.6,14.65,89,1012.1,94,23.2,Port Harcourt
2018-06-28,27.9,22.5,24.7,6.3,12.3,13.78,91,1012.4,84,23.1,Port Harcourt
2018-06-29,27.6,22.6,24.6,4.4,11.9,14.21,90,1011.5,87,22.9,Port Harcourt
2018-06-30,27.5,22.5,24.6,8.7,12.2,13.95,90,1010.7,94,22.8,Port Harcourt
2018-07-01,27.7,22.7,24.3,12.4,8.7,12.14,92,1011.5,95,22.8,Port Harcourt
2018-07-02,27.9,22.3,24.5,3.4,10.5,14.04,91,1011.7,92,23.0,Port Harcourt
2018-07-03,27.1,22.9,24.8,3.9,8.7,10.44,90,1011.7,96,22.9,Port Harcourt
2018-07-04,27.0,23.2,24.5,2.5,8.9,9.15,92,1012.6,98,23.1,Port Harcourt
2018-07-05,27.6,22.9,25.0,4.4,10.7,15.13,89,1013.0,96,23.1,Port Harcourt
2018-07-06,30.5,22.7,25.9,4.1,8.5,17.38,86,1012.8,94,23.1,Port Harcourt
2018-07-07,26.8,23.6,24.7,8.6,7.6,9.4,93,1013.2,96,23.4,Port Harcourt
2018-07-08,29.3,23.4,25.4,10.1,15.4,15.37,89,1013.5,93,23.4,Port Harcourt
2018-07-09,28.2,23.2,24.9,14.8,10.9,11.92,90,1013.7,98,23.2,Port Harcourt
2018-07-10,28.1,23.3,25.2,4.1,12.0,13.32,88,1014.0,89,23.0,Port Harcourt
2018-07-11,29.3,22.5,25.2,1.4,7.0,16.3,89,1014.0,88,23.2,Port Harcourt
2018-07-12,27.4,23.4,24.9,9.8,11.2,13.08,91,1014.1,96,23.3,Port Harcourt
2018-07-13,26.7,22.9,24.3,9.7,11.1,9.95,92,1013.9,95,22.8,Port Harcourt
2018-07-14,28.4,22.3,24.6,5.9,12.4,15.28,91,1013.4,81,23.0,Port Harcourt
2018-07-15,28.7,23.3,24.8,14.9,16.3,13.93,90,1013.2,66,23.0,Port Harcourt
2018-07-16,26.9,22.8,24.4,39.4,10.7,12.12,91,1014.2,92,22.9,Port Harcourt
2018-07-17,28.6,23.2,24.8,7.0,9.7,11.51,91,1014.0,93,23.2,Port Harcourt
2018-07-18,26.1,23.2,24.4,9.1,11.4,10.67,92,1014.3,88,23.0,Port Harcourt
2018-07-19,28.7,22.8,25.0,6.5,11.8,16.56,89,1013.3,78,23.1,Port Harcourt
2018-07-20,28.0,23.0,24.7,8.9,14.0,11.44,90,1012.4,93,23.0,Port Harcourt
2018-07-21,27.4,23.3,24.8,9.7,8.3,10.92,91,1013.0,87,23.2,Port Harcourt
2018-07-22,29.0,23.1,25.6,3.9,6.8,18.46,89,1012.6,61,23.6,Port Harcourt
2018-07-23,27.4,23.5,25.0,16.2,8.8,9.69,92,1012.8,77,23.6,Port Harcourt
2018-07-24,27.0,23.6,25.0,8.0,15.6,10.59,91,1013.2,96,23.3,Port Harcourt
2018-07-25,27.8,23.5,24.9,10.7,16.0,15.28,90,1013.6,86,23.2,Port Harcourt
2018-07-26,25.7,22.9,24.0,10.9,7.8,7.39,95,1015.0,97,23.1,Port Harcourt
2018-07-27,26.5,23.0,24.4,2.4,9.5,7.13,93,1014.6,96,23.2,Port Harcourt
2018-07-28,27.6,22.4,24.1,15.3,9.7,11.32,93,1014.3,83,22.9,Port Harcourt
2018-07-29,25.9,22.6,23.6,20.9,14.0,8.38,94,1014.5,93,22.6,Port Harcourt
2018-07-30,29.7,22.1,25.3,0.0,13.9,18.58,79,1013.9,95,21.1,Port Harcourt
2018-07-31,29.0,22.4,25.0,0.2,14.2,15.68,77,1014.0,71,20.5,Port Harcourt
2018-08-01,29.1,21.8,25.1,1.8,13.2,17.67,81,1013.4,72,21.4,Port Harcourt
2018-08-02,28.7,22.1,25.3,1.4,14.8,18.52,81,1013.1,68,21.7,Port Harcourt
2018-08-03,29.2,22.2,25.5,1.0,14.0,19.77,81,1013.3,64,21.8,Port Harcourt
2018-08-04,29.3,23.0,25.5,0.9,12.2,17.38,80,1014.0,72,21.7,Port Harcourt
2018-08-05,27.7,23.5,24.6,6.7,15.5,11.84,87,1014.1,94,22.2,Port Harcourt
2018-08-06,26.2,22.8,24.3,2.2,12.7,8.09,84,1014.7,92,21.5,Port Harcourt
2018-08-07,28.7,22.3,25.3,2.1,12.5,19.96,82,1014.2,48,21.9,Port Harcourt
2018-08-08,29.3,22.3,25.0,3.4,9.9,18.13,87,1014.2,82,22.7,Port Harcourt
2018-08-09,27.5,23.3,24.6,17.7,8.5,12.83,92,1014.0,92,23.1,Port Harcourt
2018-08-10,25.2,22.7,23.8,49.4,14.5,4.57,94,1014.3,77,22.8,Port Harcourt
2018-08-11,29.0,22.0,24.9,6.4,11.0,15.46,88,1013.9,60,22.7,Port Harcourt
2018-08-12,26.8,22.9,24.2,10.7,10.7,9.77,93,1014.0,95,23.0,Port Harcourt
2018-08-13,26.7,22.5,24.2,6.6,15.4,12.37,91,1013.6,84,22.6,Port Harcourt
2018-08-14,28.9,22.8,24.7,5.3,12.7,14.25,89,1013.7,83,22.7,Port Harcourt
2018-08-15,29.2,22.3,25.1,4.2,14.5,20.6,89,1014.2,54,23.1,Port Harcourt
2018-08-16,26.2,23.3,24.5,6.0,13.5,9.47,92,1014.8,92,23.0,Port Harcourt
2018-08-17,28.1,22.9,24.7,7.7,13.8,13.18,91,1014.0,96,23.1,Port Harcourt
2018-08-18,28.2,23.0,24.8,10.4,13.3,13.68,91,1012.9,98,23.1,Port Harcourt
2018-08-19,28.0,22.7,24.6,15.9,11.3,12.73,91,1013.7,96,22.9,Port Harcourt
2018-08-20,27.8,23.0,24.4,16.5,16.5,13.73,92,1013.5,87,23.0,Port Harcourt
2018-08-21,25.2,23.2,23.8,80.4,20.5,5.27,95,1013.1,100,22.9,Port Harcourt
2018-08-22,27.1,22.6,24.3,14.7,14.3,14.0,91,1014.0,92,22.7,Port Harcourt
2018-08-23,28.4,23.0,24.6,6.5,12.6,15.2,91,1013.3,82,22.9,Port Harcourt
2018-08-24,27.7,23.0,24.7,5.2,13.6,11.88,89,1012.5,95,22.7,Port Harcourt
2018-08-25,28.4,23.3,25.3,1.9,15.3,15.89,87,1012.8,77,22.9,Port Harcourt
2018-08-26,29.6,22.6,25.6,1.4,10.0,16.21,84,1013.6,91,22.4,Port Harcourt
2018-08-27,30.3,22.8,25.9,1.8,11.2,18.06,83,1013.0,88,22.6,Port Harcourt
2018-08-28,30.8,24.1,26.6,1.4,13.4,18.9,82,1012.2,75,23.1,Port Harcourt
2018-08-29,25.2,23.3,24.2,136.0,13.4,5.35,94,1012.2,99,23.2,Port Harcourt
2018-08-30,26.8,23.2,23.9,41.1,11.7,7.55,95,1011.4,95,23.0,Port Harcourt
2018-08-31,26.6,22.7,23.8,64.9,14.5,7.33,94,1011.2,97,22.7,Port Harcourt
2018-09-01,28.1,22.6,24.7,7.8,8.9,12.4,91,1012.3,89,23.0,Port Harcourt
2018-09-02,26.5,22.9,24.4,13.4,9.9,9.2,93,1012.2,91,23.1,Port Harcourt
2018-09-03,29.7,22.2,25.2,6.9,11.5,18.52,89,1010.7,79,23.0,Port Harcourt
2018-09-04,28.0,23.3,25.1,3.0,13.6,11.44,90,1011.1,94,23.3,Port Harcourt
2018-09-05,26.7,23.2,24.2,37.7,11.0,9.24,94,1012.1,97,23.2,Port Harcourt
2018-09-06,26.6,22.9,24.3,8.7,14.0,10.0,92,1011.7,98,23.0,Port Harcourt
2018-09-07,26.4,23.2,24.5,14.1,16.0,9.54,92,1011.1,98,23.0,Port Harcourt
2018-09-08,28.6,22.5,24.8,5.6,10.6,14.78,91,1011.9,91,23.1,Port Harcourt
2018-09-09,26.9,22.8,24.2,17.7,9.5,8.73,93,1012.7,98,22.9,Port Harcourt
2018-09-10,27.1,23.2,24.5,14.2,7.9,9.21,91,1013.1,97,22.9,Port Harcourt
2018-09-11,29.4,22.8,25.5,3.4,10.8,19.92,89,1012.9,77,23.4,Port Harcourt
2018-09-12,28.6,23.2,25.3,6.5,13.8,16.33,89,1012.6,90,23.4,Port Harcourt
2018-09-13,28.4,22.5,24.7,1.7,10.3,13.2,91,1011.9,95,23.0,Port Harcourt
2018-09-14,27.6,23.0,24.3,5.1,10.4,10.7,92,1011.9,90,22.9,Port Harcourt
2018-09-15,27.2,22.7,24.1,29.3,11.2,7.98,94,1012.4,98,23.0,Port Harcourt
2018-09-16,29.8,22.0,25.4,2.5,12.8,18.5,87,1012.1,89,22.9,Port Harcourt
2018-09-17,30.0,23.2,25.9,3.7,11.4,18.37,88,1011.1,73,23.7,Port Harcourt
2018-09-18,27.8,23.4,25.1,11.8,10.2,11.67,92,1011.2,95,23.7,Port Harcourt
2018-09-19,29.4,23.1,25.5,4.5,12.1,14.33,89,1011.2,92,23.4,Port Harcourt
2018-09-20,29.7,23.2,25.9,3.9,10.2,16.48,89,1010.2,88,24.0,Port Harcourt
2018-09-21,27.7,23.7,25.3,9.0,11.8,11.1,90,1010.0,91,23.6,Port Harcourt
2018-09-22,29.8,23.2,25.3,7.8,13.5,14.34,90,1010.7,94,23.6,Port Harcourt
2018-09-23,29.2,23.1,25.3,1.7,8.1,13.54,88,1011.4,96,23.2,Port Harcourt
2018-09-24,30.2,23.2,25.6,3.5,12.5,17.41,88,1011.2,89,23.3,Port Harcourt
2018-09-25,29.3,22.6,25.4,11.9,11.7,17.44,89,1011.2,72,23.3,Port Harcourt
2018-09-26,27.7,23.4,25.0,13.9,10.7,11.16,92,1011.2,96,23.5,Port Harcourt
2018-09-27,29.5,22.7,25.3,10.0,12.2,18.17,90,1010.7,84,23.6,Port Harcourt
2018-09-28,28.4,23.4,24.9,31.4,10.0,11.24,92,1011.2,97,23.4,Port Harcourt
2018-09-29,30.3,22.8,25.7,8.1,11.7,18.33,88,1010.7,73,23.5,Port Harcourt
2018-09-30,29.5,23.9,26.0,4.5,10.6,13.44,89,1010.7,95,23.9,Port Harcourt
2018-10-01,28.2,23.5,25.3,14.3,12.0,7.34,91,1010.8,100,23.6,Port Harcourt
2018-10-02,28.7,23.3,25.4,5.3,10.5,14.68,91,1011.5,93,23.7,Port Harcourt
2018-10-03,30.3,22.8,25.9,2.5,12.2,18.32,87,1011.4,85,23.5,Port Harcourt
2018-10-04,28.7,23.7,25.2,21.2,9.3,11.5,91,1011.4,96,23.7,Port Harcourt
2018-10-05,27.6,23.0,24.9,8.7,8.4,12.77,92,1011.8,90,23.4,Port Harcourt
2018-10-06,28.8,22.7,25.5,0.6,8.0,11.35,88,1012.4,90,23.2,Port Harcourt
2018-10-07,30.1,23.8,25.9,5.4,11.3,16.91,89,1011.3,92,23.8,Port Harcourt
2018-10-08,29.2,23.7,25.8,4.4,12.7,15.2,90,1010.8,92,23.9,Port Harcourt
2018-10-09,28.5,23.6,25.3,11.0,12.3,12.38,91,1010.5,97,23.7,Port Harcourt
2018-10-10,27.5,22.9,24.3,20.4,7.8,7.61,93,1011.2,98,23.2,Port Harcourt
2018-10-11,28.6,23.4,25.1,14.1,9.2,12.49,92,1011.7,91,23.7,Port Harcourt
2018-10-12,28.6,23.6,25.0,10.2,11.5,11.59,92,1011.9,96,23.6,Port Harcourt
2018-10-13,30.5,22.3,25.6,1.4,14.8,17.7,88,1011.6,80,23.2,Port Harcourt
2018-10-14,27.6,22.8,24.5,12.2,10.3,12.37,91,1011.6,93,22.8,Port Harcourt
2018-10-15,29.2,22.8,25.5,6.0,10.8,15.83,89,1011.9,91,23.3,Port Harcourt
2018-10-16,29.7,23.5,25.8,2.2,9.0,13.09,88,1012.2,97,23.5,Port Harcourt
2018-10-17,30.0,23.4,25.5,7.4,9.4,15.65,89,1011.7,87,23.4,Port Harcourt
2018-10-18,29.5,23.3,25.4,10.4,9.0,12.89,90,1010.8,87,23.6,Port Harcourt
2018-10-19,30.7,22.5,25.9,2.4,10.2,19.95,87,1009.3,63,23.5,Port Harcourt
2018-10-20,29.2,24.0,26.4,4.8,8.7,15.23,89,1008.9,75,24.4,Port Harcourt
2018-10-21,29.4,24.0,26.0,8.1,13.7,12.54,89,1009.2,97,24.1,Port Harcourt
2018-10-22,29.6,24.2,25.9,16.3,7.9,12.94,91,1009.7,98,24.1,Port Harcourt
2018-10-23,29.6,23.9,25.9,8.0,11.3,14.41,89,1010.9,97,23.9,Port Harcourt
2018-10-24,28.2,23.5,25.1,17.5,9.2,8.47,92,1011.5,99,23.6,Port Harcourt
2018-10-25,30.2,23.3,25.7,16.1,11.3,14.97,89,1011.1,90,23.7,Port Harcourt
2018-10-26,29.5,24.0,26.2,4.1,11.5,17.52,89,1011.4,78,24.1,Port Harcourt
2018-10-27,30.9,23.3,26.3,2.2,8.7,15.63,88,1011.3,88,23.9,Port Harcourt
2018-10-28,28.7,23.8,25.7,6.0,10.0,11.07,92,1011.5,86,24.2,Port Harcourt
2018-10-29,28.0,23.9,25.6,2.5,10.2,7.71,91,1011.1,98,24.1,Port Harcourt
2018-10-30,30.5,23.7,26.2,6.8,9.8,16.78,89,1010.3,63,24.1,Port Harcourt
2018-10-31,29.9,23.8,25.9,4.8,9.6,13.52,92,1009.6,95,24.5,Port Harcourt
2018-11-01,29.8,23.9,26.1,9.9,10.7,13.89,90,1009.9,94,24.3,Port Harcourt
2018-11-02,29.1,23.5,25.7,7.2,7.3,12.03,89,1010.8,97,23.7,Port Harcourt
2018-11-03,29.3,23.4,25.4,4.9,15.5,14.9,91,1010.0,79,23.9,Port Harcourt
2018-11-04,30.1,22.8,25.7,11.1,10.5,16.21,89,1010.1,82,23.7,Port Harcourt
2018-11-05,30.0,23.2,25.6,4.7,6.7,13.88,91,1009.6,74,23.8,Port Harcourt
2018-11-06,27.2,23.6,25.1,8.3,6.2,9.71,92,1010.2,99,23.7,Port Harcourt
2018-11-07,27.8,23.8,25.3,8.5,7.3,9.1,92,1011.3,99,23.8,Port Harcourt
2018-11-08,30.2,23.0,26.0,1.2,9.2,14.64,88,1011.5,99,23.6,Port Harcourt
2018-11-09,27.9,23.4,25.7,1.9,10.1,12.96,91,1011.1,98,24.1,Port Harcourt
2018-11-10,31.2,22.9,26.5,0.2,9.3,18.41,86,1009.7,70,23.6,Port Harcourt
2018-11-11,31.6,23.9,26.9,3.3,6.6,18.63,87,1009.1,51,24.4,Port Harcourt
2018-11-12,30.0,24.1,26.3,4.1,8.5,15.33,91,1008.7,53,24.6,Port Harcourt
2018-11-13,30.1,24.0,26.4,3.8,11.2,12.14,90,1008.5,91,24.6,Port Harcourt
2018-11-14,30.8,24.6,26.6,6.2,8.7,13.85,89,1008.7,98,24.5,Port Harcourt
2018-11-15,30.7,24.6,26.8,2.8,8.6,16.54,88,1009.8,85,24.6,Port Harcourt
2018-11-16,30.0,24.3,26.4,4.6,8.9,16.08,90,1011.3,63,24.6,Port Harcourt
2018-11-17,31.0,24.0,26.9,3.0,11.0,18.15,88,1011.1,52,24.5,Port Harcourt
2018-11-18,30.5,24.4,26.5,7.7,10.0,15.13,90,1010.8,75,24.6,Port Harcourt
2018-11-19,28.2,23.8,26.1,5.8,8.8,9.18,92,1010.0,78,24.6,Port Harcourt
2018-11-20,30.7,24.2,26.8,5.3,9.7,17.69,88,1010.6,44,24.5,Port Harcourt
2018-11-21,30.1,24.1,26.6,1.1,13.2,17.17,89,1011.0,50,24.5,Port Harcourt
2018-11-22,29.6,23.7,26.4,3.4,11.2,14.34,87,1010.6,74,24.0,Port Harcourt
2018-11-23,30.8,23.7,26.5,1.4,7.6,17.12,89,1010.0,39,24.5,Port Harcourt
2018-11-24,31.6,24.3,27.2,1.0,9.9,17.04,86,1010.0,37,24.6,Port Harcourt
2018-11-25,31.6,24.6,27.3,1.1,13.9,15.38,86,1010.0,36,24.6,Port Harcourt
2018-11-26,29.4,24.9,26.5,1.5,11.0,11.92,89,1009.9,83,24.6,Port Harcourt
2018-11-27,29.8,24.5,26.1,7.5,9.1,14.06,90,1009.7,74,24.2,Port Harcourt
2018-11-28,31.1,23.3,26.9,0.8,8.7,15.72,88,1008.6,30,24.5,Port Harcourt
2018-11-29,31.9,23.8,27.3,0.4,13.7,17.14,86,1008.0,43,24.5,Port Harcourt
2018-11-30,30.7,24.4,26.5,1.5,12.5,14.32,90,1008.7,85,24.7,Port Harcourt
2018-12-01,31.4,23.7,26.5,4.3,12.1,15.2,89,1009.7,90,24.4,Port Harcourt
2018-12-02,30.7,24.4,26.7,2.6,8.6,13.95,88,1009.5,90,24.5,Port Harcourt
2018-12-03,30.6,24.4,26.7,5.3,8.8,14.26,90,1009.1,84,24.8,Port Harcourt
2018-12-04,32.0,24.4,27.3,0.2,11.9,17.67,84,1007.9,92,24.1,Port Harcourt
2018-12-05,32.1,23.9,27.7,0.0,8.7,19.52,83,1007.6,54,24.1,Port Harcourt
2018-12-06,32.4,23.3,27.5,0.0,11.7,19.41,82,1008.7,75,23.7,Port Harcourt
2018-12-07,33.5,24.3,27.9,0.1,14.7,17.96,78,1010.2,86,23.2,Port Harcourt
2018-12-08,31.3,25.1,27.5,0.1,9.4,14.2,84,1011.8,86,24.2,Port Harcourt
2018-12-09,30.7,24.3,26.6,3.2,12.2,13.66,88,1012.6,94,24.3,Port Harcourt
2018-12-10,32.1,24.0,27.4,0.1,13.7,18.46,82,1012.4,92,23.6,Port Harcourt
2018-12-11,31.2,23.2,26.7,0.1,12.2,15.63,84,1012.3,89,23.6,Port Harcourt
2018-12-12,30.3,24.5,26.5,4.1,11.5,15.22,87,1012.3,77,24.0,Port Harcourt
2018-12-13,31.5,23.7,27.0,0.8,11.9,16.26,83,1012.5,80,23.6,Port Harcourt
2018-12-14,32.0,22.6,27.0,0.0,13.6,18.57,82,1012.3,34,23.3,Port Harcourt
2018-12-15,31.8,23.3,27.1,0.7,10.1,16.91,84,1012.7,21,23.9,Port Harcourt
2018-12-16,31.2,24.5,27.2,1.3,12.4,15.62,86,1012.4,30,24.5,Port Harcourt
2018-12-17,31.4,24.0,26.9,0.5,12.4,15.65,88,1012.1,57,24.5,Port Harcourt
2018-12-18,32.6,23.4,27.1,0.0,11.0,17.97,81,1011.5,80,23.1,Port Harcourt
2018-12-19,32.7,22.8,27.1,0.1,12.7,19.05,80,1011.3,47,22.5,Port Harcourt
2018-12-20,33.3,23.0,27.0,0.0,12.7,18.79,79,1010.7,53,22.2,Port Harcourt
2018-12-21,32.8,21.8,26.8,0.0,10.8,19.35,80,1010.5,31,22.3,Port Harcourt
2018-12-22,32.0,21.5,26.8,0.0,11.3,19.3,77,1009.7,27,21.9,Port Harcourt
2018-12-23,33.4,22.6,27.3,0.0,12.0,19.51,75,1009.3,5,21.8,Port Harcourt
2018-12-24,33.4,22.0,27.3,0.0,8.8,19.33,76,1009.1,22,21.9,Port Harcourt
2018-12-25,34.0,22.0,26.9,0.0,10.5,19.56,72,1009.6,53,19.5,Port Harcourt
2018-12-26,32.5,21.4,26.8,0.0,14.2,19.09,76,1010.6,73,21.6,Port Harcourt
2018-12-27,33.5,21.5,27.0,0.0,16.7,19.43,75,1010.1,59,21.4,Port Harcourt
2018-12-28,33.0,24.2,27.8,0.0,13.3,17.23,79,1009.9,50,23.3,Port Harcourt
2018-12-29,33.8,23.9,28.1,0.0,15.8,18.26,77,1009.6,27,23.0,Port Harcourt
2018-12-30,33.1,23.9,27.6,0.0,10.3,12.78,75,1009.7,40,21.9,Port Harcourt
2018-12-31,33.4,22.5,27.5,0.0,13.0,19.41,76,1010.5,59,22.0,Port Harcourt
2019-01-01,35.0,22.7,28.2,0.0,12.4,19.25,72,1011.9,78,21.4,Port Harcourt
2019-01-02,34.2,23.7,28.0,0.0,13.3,17.94,73,1011.7,64,21.8,Port Harcourt
2019-01-03,34.1,23.2,28.1,0.0,13.4,18.22,72,1010.9,53,21.8,Port Harcourt
2019-01-04,34.5,22.2,28.2,0.0,12.2,19.35,70,1010.5,43,21.3,Port Harcourt
2019-01-05,35.8,23.3,28.7,0.0,13.2,19.82,70,1011.0,33,20.8,Port Harcourt
2019-01-06,33.4,24.7,28.3,0.1,14.0,16.16,76,1011.2,36,23.2,Port Harcourt
2019-01-07,30.5,24.8,27.2,1.5,13.5,13.19,82,1011.1,60,23.7,Port Harcourt
2019-01-08,34.9,22.2,27.4,0.0,11.8,19.07,72,1010.2,78,20.1,Port Harcourt
2019-01-09,35.3,21.4,27.3,0.0,12.6,20.12,65,1009.7,37,17.2,Port Harcourt
2019-01-10,33.1,22.0,27.2,0.0,14.5,16.52,77,1009.8,35,22.2,Port Harcourt
2019-01-11,34.4,23.6,28.3,0.0,15.2,17.71,76,1009.4,54,23.0,Port Harcourt
2019-01-12,33.9,23.8,28.5,0.0,15.6,18.1,76,1008.9,62,23.2,Port Harcourt
2019-01-13,33.5,25.1,28.6,1.1,15.4,15.45,78,1010.3,76,24.0,Port Harcourt
2019-01-14,32.0,24.9,27.8,2.1,14.0,12.64,79,1011.7,73,23.6,Port Harcourt
2019-01-15,32.4,24.8,27.6,2.4,10.2,15.61,84,1011.2,75,24.4,Port Harcourt
2019-01-16,32.5,24.8,28.0,0.7,13.7,15.58,82,1010.4,35,24.3,Port Harcourt
2019-01-17,32.7,25.5,27.8,0.5,15.5,10.35,80,1010.3,85,23.9,Port Harcourt
2019-01-18,32.7,24.4,27.9,0.2,15.5,16.12,78,1010.9,72,23.3,Port Harcourt
2019-01-19,32.8,24.4,28.2,0.6,13.3,14.91,78,1011.4,45,23.7,Port Harcourt
2019-01-20,31.9,25.0,28.0,2.7,11.8,14.21,81,1012.0,43,24.4,Port Harcourt
2019-01-21,31.6,24.8,27.6,3.2,14.0,14.55,85,1011.6,67,24.6,Port Harcourt
2019-01-22,32.0,24.5,27.3,4.2,15.1,13.62,86,1010.9,64,24.6,Port Harcourt
2019-01-23,31.3,24.8,27.1,5.2,11.5,12.5,86,1010.8,87,24.4,Port Harcourt
2019-01-24,30.8,24.7,26.6,4.9,12.8,13.74,88,1010.5,89,24.4,Port Harcourt
2019-01-25,33.3,24.5,27.2,2.5,11.6,14.44,86,1010.4,97,24.5,Port Harcourt
2019-01-26,30.9,24.3,27.2,2.6,11.8,13.12,86,1010.8,95,24.5,Port Harcourt
2019-01-27,29.9,24.7,26.9,2.2,12.9,12.8,86,1011.1,84,24.3,Port Harcourt
2019-01-28,29.7,24.5,26.3,3.1,10.9,12.08,89,1010.6,89,24.2,Port Harcourt
2019-01-29,29.7,23.6,25.6,11.7,12.2,11.83,92,1010.5,97,24.1,Port Harcourt
2019-01-30,31.5,23.9,26.4,2.8,12.4,13.37,89,1009.8,89,24.3,Port Harcourt
2019-01-31,32.9,24.1,27.0,2.2,11.8,15.47,88,1009.6,75,24.6,Port Harcourt
2019-02-01,33.0,24.2,28.0,0.3,14.8,17.93,83,1009.7,40,24.5,Port Harcourt
2019-02-02,30.8,25.0,27.2,4.6,11.4,14.41,87,1010.0,86,24.8,Port Harcourt
2019-02-03,30.9,24.4,26.6,0.9,11.3,12.77,89,1009.7,78,24.5,Port Harcourt
2019-02-04,30.8,24.5,26.9,10.3,12.8,13.29,88,1009.9,65,24.8,Port Harcourt
2019-02-05,30.4,24.1,26.5,5.5,9.2,12.35,89,1010.9,95,24.4,Port Harcourt
2019-02-06,32.3,24.1,27.7,1.2,11.0,17.51,84,1009.3,86,24.3,Port Harcourt
2019-02-07,32.9,24.2,27.8,0.2,16.2,19.35,83,1008.3,67,24.2,Port Harcourt
2019-02-08,33.4,24.3,28.3,0.4,11.3,17.15,80,1008.6,81,24.0,Port Harcourt
2019-02-09,35.5,24.0,28.3,0.0,12.3,18.77,78,1008.2,92,23.0,Port Harcourt
2019-02-10,35.1,23.7,27.9,0.1,10.2,21.06,71,1007.9,83,20.1,Port Harcourt
2019-02-11,33.7,20.7,26.5,0.0,12.4,22.03,69,1008.2,65,18.5,Port Harcourt
2019-02-12,34.3,22.2,27.6,0.0,12.1,21.28,77,1009.0,84,22.6,Port Harcourt
2019-02-13,33.5,23.2,28.1,0.1,15.5,19.46,78,1010.2,50,23.4,Port Harcourt
2019-02-14,32.8,24.9,28.1,1.3,12.4,16.77,83,1011.4,57,24.7,Port Harcourt
2019-02-15,35.9,24.1,28.7,0.0,13.7,20.62,73,1011.5,62,21.8,Port Harcourt
2019-02-16,34.6,24.2,27.9,0.0,15.9,19.53,76,1011.1,70,22.2,Port Harcourt
2019-02-17,34.2,24.3,28.3,0.0,12.7,19.17,78,1010.6,35,23.6,Port Harcourt
2019-02-18,33.3,25.9,28.5,0.3,10.8,13.39,82,1009.6,76,24.8,Port Harcourt
2019-02-19,34.3,25.8,29.0,0.0,14.3,19.28,78,1008.2,88,24.4,Port Harcourt
2019-02-20,35.1,25.0,29.3,0.0,15.3,18.86,76,1008.5,78,24.1,Port Harcourt
2019-02-21,34.3,26.0,29.1,1.9,17.4,17.23,77,1010.8,81,24.3,Port Harcourt
2019-02-22,29.8,24.8,27.2,3.7,12.7,10.74,85,1011.8,96,24.4,Port Harcourt
2019-02-23,31.3,24.7,27.3,5.9,12.8,14.22,85,1010.3,79,24.4,Port Harcourt
2019-02-24,31.6,24.7,26.9,5.0,13.5,14.72,88,1008.8,85,24.5,Port Harcourt
2019-02-25,31.4,24.2,26.2,20.7,12.8,11.66,89,1008.8,92,24.1,Port Harcourt
2019-02-26,29.4,23.8,26.0,18.3,10.1,7.21,89,1010.3,100,24.0,Port Harcourt
2019-02-27,31.6,24.1,27.0,0.3,11.4,15.54,87,1010.3,99,24.4,Port Harcourt
2019-02-28,31.5,24.9,26.0,31.1,10.6,10.96,91,1011.0,97,24.4,Port Harcourt
2019-03-01,29.8,24.9,26.8,2.3,7.9,9.03,87,1011.8,99,24.3,Port Harcourt
2019-03-02,29.6,24.7,26.7,1.1,10.8,11.04,88,1011.8,98,24.3,Port Harcourt
2019-03-03,30.0,24.9,26.7,10.5,11.5,10.48,89,1011.6,98,24.6,Port Harcourt
2019-03-04,27.9,24.1,25.7,22.2,11.3,7.06,91,1011.6,99,24.1,Port Harcourt
2019-03-05,31.2,23.9,26.8,1.6,12.2,15.88,88,1010.8,78,24.5,Port Harcourt
2019-03-06,29.3,24.0,26.6,6.1,13.6,9.07,89,1011.8,88,24.5,Port Harcourt
2019-03-07,31.7,24.4,27.6,2.1,10.5,16.16,85,1011.1,83,24.5,Port Harcourt
2019-03-08,31.9,24.9,27.7,0.7,16.3,16.14,85,1009.9,95,24.8,Port Harcourt
2019-03-09,30.9,25.4,27.0,9.0,15.8,14.09,88,1010.4,97,24.7,Port Harcourt
2019-03-10,29.7,24.4,26.4,11.0,14.3,10.47,89,1011.5,99,24.4,Port Harcourt
2019-03-11,31.4,24.0,27.1,0.8,11.6,17.35,86,1010.9,82,24.4,Port Harcourt
2019-03-12,31.6,25.1,28.1,0.8,12.0,17.95,83,1010.1,77,24.8,Port Harcourt
2019-03-13,31.5,25.1,27.4,11.3,9.9,16.09,89,1009.2,88,25.3,Port Harcourt
2019-03-14,32.3,24.7,27.3,5.1,11.7,16.08,87,1008.6,97,24.6,Port Harcourt
2019-03-15,30.7,25.1,27.0,4.0,10.7,13.23,89,1008.9,100,25.0,Port Harcourt
2019-03-16,29.0,25.5,26.7,5.1,11.5,10.05,90,1009.9,99,24.9,Port Harcourt
2019-03-17,31.7,24.7,27.6,1.3,9.4,15.56,84,1009.7,93,24.6,Port Harcourt
2019-03-18,32.6,24.0,27.8,0.3,12.9,18.4,85,1008.8,74,24.7,Port Harcourt
2019-03-19,30.8,25.7,27.2,11.6,14.1,11.96,89,1008.5,98,25.2,Port Harcourt
2019-03-20,31.3,25.1,27.0,12.7,11.4,14.68,89,1008.5,95,24.9,Port Harcourt
2019-03-21,29.9,25.3,26.9,8.1,11.2,14.01,90,1008.2,91,24.9,Port Harcourt
2019-03-22,28.6,25.1,26.2,14.3,10.8,8.18,92,1008.8,98,24.7,Port Harcourt
2019-03-23,31.6,24.8,27.1,12.2,13.0,14.65,88,1009.2,92,24.9,Port Harcourt
2019-03-24,28.4,24.1,25.3,22.3,9.2,7.7,93,1010.2,98,24.1,Port Harcourt
2019-03-25,31.5,24.4,27.2,0.6,13.3,16.13,86,1010.4,89,24.4,Port Harcourt
2019-03-26,31.6,24.4,27.0,3.4,10.5,16.97,87,1010.5,72,24.4,Port Harcourt
2019-03-27,32.4,25.2,28.2,2.6,8.9,18.09,85,1010.6,66,25.1,Port Harcourt
2019-03-28,32.4,25.1,27.9,0.5,13.9,17.61,85,1010.7,93,25.1,Port Harcourt
2019-03-29,29.6,24.6,26.8,8.4,8.4,11.93,91,1010.4,100,25.1,Port Harcourt
2019-03-30,30.3,25.1,26.8,3.3,10.8,11.78,91,1009.9,98,25.2,Port Harcourt
2019-03-31,31.8,23.7,27.6,2.3,9.7,19.75,85,1009.3,75,24.5,Port Harcourt
2019-04-01,33.3,24.2,28.1,0.1,13.2,20.86,83,1007.9,76,24.8,Port Harcourt
2019-04-02,31.6,26.0,28.1,3.6,9.1,16.1,88,1008.4,90,25.8,Port Harcourt
2019-04-03,33.1,25.9,29.0,0.9,10.0,19.3,84,1007.6,95,25.7,Port Harcourt
2019-04-04,30.4,25.6,27.1,16.0,14.5,10.11,89,1007.8,90,25.2,Port Harcourt
2019-04-05,30.1,25.3,26.7,13.6,14.1,13.67,91,1008.8,96,25.0,Port Harcourt
2019-04-06,30.8,25.0,27.1,5.5,13.3,13.47,87,1009.8,87,24.7,Port Harcourt
2019-04-07,31.7,25.3,27.1,8.7,12.0,15.04,88,1010.9,87,24.8,Port Harcourt
2019-04-08,32.0,23.8,27.0,13.3,13.1,15.12,87,1010.4,99,24.5,Port Harcourt
2019-04-09,31.7,24.5,27.1,8.6,11.5,16.01,87,1009.8,97,24.5,Port Harcourt
2019-04-10,28.6,25.0,26.8,4.5,12.6,11.63,89,1009.6,99,24.9,Port Harcourt
2019-04-11,29.8,24.7,26.6,19.9,13.7,11.68,89,1009.1,97,24.7,Port Harcourt
2019-04-12,30.8,24.6,27.0,10.0,13.0,15.56,89,1008.4,92,25.0,Port Harcourt
2019-04-13,28.4,24.5,26.3,10.3,9.4,10.49,90,1010.1,100,24.6,Port Harcourt
2019-04-14,30.1,23.7,26.0,19.8,9.7,11.35,90,1011.1,100,24.2,Port Harcourt
2019-04-15,31.5,24.6,27.3,0.0,12.3,17.79,84,1010.6,58,24.1,Port Harcourt
2019-04-16,31.3,25.0,27.5,1.1,10.0,17.46,87,1010.6,88,24.9,Port Harcourt
2019-04-17,30.6,24.7,26.6,11.9,7.3,15.23,91,1009.5,84,25.0,Port Harcourt
2019-04-18,28.6,24.8,26.0,26.0,10.3,6.79,94,1009.7,100,24.9,Port Harcourt
2019-04-19,31.3,25.5,27.4,12.8,11.1,14.76,90,1010.0,78,25.6,Port Harcourt
2019-04-20,30.6,25.0,27.0,5.7,10.6,13.5,88,1010.4,100,24.8,Port Harcourt
2019-04-21,30.7,24.2,27.1,2.4,11.2,16.93,88,1009.4,90,24.8,Port Harcourt
2019-04-22,30.5,24.3,26.5,12.2,8.9,12.37,91,1009.3,94,24.8,Port Harcourt
2019-04-23,30.4,25.1,26.9,8.0,9.7,16.11,90,1009.6,97,25.0,Port Harcourt
2019-04-24,30.2,24.4,27.0,6.3,8.2,14.54,87,1011.0,89,24.4,Port Harcourt
2019-04-25,29.9,24.7,26.6,8.8,8.5,14.8,90,1011.7,82,24.8,Port Harcourt
2019-04-26,30.0,25.2,27.2,1.7,12.2,14.25,88,1010.5,98,24.9,Port Harcourt
2019-04-27,31.6,25.6,28.2,1.7,13.0,18.49,85,1009.3,91,25.2,Port Harcourt
2019-04-28,30.5,25.9,27.2,10.6,10.4,14.06,91,1009.8,86,25.7,Port Harcourt
2019-04-29,30.6,25.5,27.1,7.4,12.3,14.68,89,1010.7,89,24.9,Port Harcourt
2019-04-30,30.8,24.6,26.9,5.3,11.5,16.97,90,1011.1,83,25.0,Port Harcourt
2019-05-01,30.8,25.4,27.1,11.9,9.3,16.03,88,1010.7,92,24.9,Port Harcourt
2019-05-02,30.4,24.6,27.0,8.9,18.6,15.07,88,1010.3,65,24.8,Port Harcourt
2019-05-03,30.7,24.8,27.0,3.8,13.0,15.91,90,1010.0,88,25.1,Port Harcourt
2019-05-04,30.6,24.3,26.1,9.1,10.8,8.36,91,1009.5,100,24.5,Port Harcourt
2019-05-05,28.4,24.5,26.0,9.3,10.9,7.54,94,1010.2,98,24.9,Port Harcourt
2019-05-06,30.7,24.5,27.2,2.0,13.4,15.17,88,1011.0,99,24.9,Port Harcourt
2019-05-07,31.3,25.0,27.5,1.6,13.5,16.52,87,1010.9,88,24.9,Port Harcourt
2019-05-08,32.3,24.8,28.0,0.0,11.9,20.6,85,1009.8,78,25.0,Port Harcourt
2019-05-09,31.0,25.1,27.0,3.8,8.5,15.16,89,1008.8,88,24.9,Port Harcourt
2019-05-10,30.9,25.1,27.0,7.5,10.9,14.66,90,1008.8,88,25.1,Port Harcourt
2019-05-11,28.5,24.9,26.6,0.7,8.7,7.38,90,1009.6,95,24.7,Port Harcourt
2019-05-12,31.4,23.8,27.6,2.8,11.8,19.79,85,1009.5,60,24.8,Port Harcourt
2019-05-13,28.9,24.8,26.4,16.7,7.2,10.36,92,1009.5,100,24.8,Port Harcourt
2019-05-14,30.4,24.2,26.4,5.7,6.0,14.39,92,1009.4,97,24.9,Port Harcourt
2019-05-15,28.8,24.4,25.9,25.7,7.8,8.68,91,1010.8,100,24.3,Port Harcourt
2019-05-16,27.1,23.9,25.2,20.2,10.5,7.33,94,1012.0,100,24.1,Port Harcourt
2019-05-17,30.5,23.6,26.4,0.0,8.4,17.59,84,1011.3,74,23.3,Port Harcourt
2019-05-18,31.9,23.2,27.3,0.2,10.8,20.54,84,1010.1,78,24.0,Port Harcourt
2019-05-19,30.1,24.6,27.3,2.1,8.9,15.28,86,1010.4,78,24.6,Port Harcourt
2019-05-20,30.0,25.1,26.5,9.4,10.0,13.73,89,1011.3,89,24.6,Port Harcourt
2019-05-21,28.6,24.4,26.0,8.7,13.8,13.93,90,1011.5,99,24.3,Port Harcourt
2019-05-22,28.6,24.3,26.2,1.8,6.4,9.19,92,1010.8,98,24.7,Port Harcourt
2019-05-23,28.6,24.6,26.4,3.9,12.9,12.55,90,1010.5,96,24.7,Port Harcourt
2019-05-24,29.9,25.0,26.7,6.2,10.8,14.43,89,1010.2,99,24.6,Port Harcourt
2019-05-25,28.2,24.6,25.9,8.4,13.2,10.96,91,1010.9,99,24.3,Port Harcourt
2019-05-26,28.3,24.3,25.9,5.4,10.0,10.51,91,1011.1,100,24.3,Port Harcourt
2019-05-27,28.2,23.4,25.8,3.8,10.0,10.29,91,1010.9,99,24.1,Port Harcourt
2019-05-28,28.7,23.9,25.8,10.5,12.4,12.81,91,1010.6,96,24.2,Port Harcourt
2019-05-29,28.3,24.3,25.5,10.5,11.6,9.37,92,1010.7,99,24.2,Port Harcourt
2019-05-30,26.0,22.9,24.4,13.5,17.4,6.64,95,1011.5,99,23.6,Port Harcourt
2019-05-31,26.9,22.8,24.7,25.9,12.6,9.66,94,1011.4,96,23.5,Port Harcourt
2019-06-01,28.2,23.7,25.2,9.7,9.8,12.48,92,1011.3,93,23.7,Port Harcourt
2019-06-02,29.0,23.1,25.5,10.0,9.3,13.97,90,1011.8,99,23.6,Port Harcourt
2019-06-03,30.4,23.6,26.1,3.9,11.5,16.62,89,1012.4,92,23.9,Port Harcourt
2019-06-04,28.4,24.4,25.9,8.5,12.3,12.28,91,1012.0,89,24.2,Port Harcourt
2019-06-05,29.0,24.2,25.8,13.8,17.7,13.81,89,1011.6,96,23.8,Port Harcourt
2019-06-06,26.2,23.2,24.4,34.7,11.2,5.91,95,1012.2,96,23.5,Port Harcourt
2019-06-07,28.6,23.8,25.4,8.2,12.7,13.47,91,1012.3,86,23.7,Port Harcourt
2019-06-08,28.4,23.4,25.4,11.1,9.8,13.74,91,1013.3,77,23.8,Port Harcourt
2019-06-09,29.3,23.9,25.8,7.1,9.6,13.15,89,1013.2,88,23.7,Port Harcourt
2019-06-10,29.1,23.8,25.8,4.6,12.5,14.49,90,1012.4,71,23.9,Port Harcourt
2019-06-11,29.4,23.9,25.5,5.3,10.5,14.48,90,1012.5,90,23.8,Port Harcourt
2019-06-12,29.4,23.0,25.5,4.7,11.0,15.0,91,1012.9,77,23.8,Port Harcourt
2019-06-13,29.0,23.7,25.1,9.0,8.3,12.92,92,1013.7,80,23.7,Port Harcourt
2019-06-14,28.4,22.9,25.2,9.3,11.3,12.98,93,1013.5,76,24.0,Port Harcourt
2019-06-15,27.8,23.2,24.7,95.4,12.8,7.84,93,1013.4,86,23.4,Port Harcourt
2019-06-16,28.5,23.6,25.8,2.5,9.6,13.65,89,1013.8,84,23.7,Port Harcourt
2019-06-17,29.2,23.9,25.7,12.5,9.3,13.81,91,1013.8,83,24.0,Port Harcourt
2019-06-18,29.9,23.7,26.2,9.4,9.2,17.63,90,1013.8,62,24.3,Port Harcourt
2019-06-19,28.8,24.1,26.0,7.6,10.9,13.44,90,1013.3,85,24.2,Port Harcourt
2019-06-20,27.7,24.0,25.2,24.9,10.2,7.97,93,1013.7,98,24.0,Port Harcourt
2019-06-21,29.5,24.0,26.0,5.1,10.2,14.56,89,1014.2,88,24.0,Port Harcourt
2019-06-22,29.4,23.6,25.4,9.6,10.9,12.87,91,1013.5,87,23.8,Port Harcourt
2019-06-23,27.5,23.6,24.9,25.1,13.5,10.83,94,1012.7,85,23.8,Port Harcourt
2019-06-24,26.9,23.6,24.5,19.7,13.0,7.89,94,1012.6,99,23.4,Port Harcourt
2019-06-25,28.4,23.2,25.2,13.6,10.2,12.91,89,1012.8,93,23.2,Port Harcourt
2019-06-26,27.4,23.2,24.6,8.7,12.3,11.58,91,1013.9,95,23.0,Port Harcourt
2019-06-27,28.7,23.4,25.1,7.0,8.6,12.24,90,1013.5,94,23.3,Port Harcourt
2019-06-28,28.2,23.4,25.6,4.1,10.3,16.33,88,1013.0,76,23.3,Port Harcourt
2019-06-29,29.6,23.5,26.0,3.0,10.3,17.84,87,1012.9,45,23.6,Port Harcourt
2019-06-30,27.2,23.4,24.8,14.5,8.4,10.53,92,1013.8,88,23.3,Port Harcourt
2019-07-01,28.2,23.4,25.1,8.8,8.5,11.7,92,1012.8,89,23.6,Port Harcourt
2019-07-02,29.4,22.7,25.3,7.0,11.2,15.4,90,1010.8,85,23.3,Port Harcourt
2019-07-03,26.6,23.8,25.1,9.1,10.0,10.85,92,1011.1,88,23.7,Port Harcourt
2019-07-04,28.1,23.4,25.5,5.1,12.2,13.07,90,1012.1,93,23.6,Port Harcourt
2019-07-05,28.5,23.7,25.3,7.7,9.0,12.91,91,1012.6,98,23.6,Port Harcourt
2019-07-06,29.1,23.5,25.7,6.6,10.7,16.05,90,1011.8,94,23.8,Port Harcourt
2019-07-07,27.2,23.6,24.5,10.8,12.8,8.72,93,1012.6,99,23.3,Port Harcourt
2019-07-08,26.4,23.4,24.4,12.8,14.3,8.11,92,1013.6,99,23.1,Port Harcourt
2019-07-09,27.9,23.5,24.8,11.9,10.8,10.15,91,1014.7,98,23.1,Port Harcourt
2019-07-10,28.7,22.6,24.6,4.5,8.3,12.57,92,1014.1,97,23.1,Port Harcourt
2019-07-11,26.6,22.9,24.2,43.5,13.0,10.42,93,1013.5,99,22.9,Port Harcourt
2019-07-12,27.9,22.9,24.5,12.7,11.8,10.62,92,1013.6,96,23.1,Port Harcourt
2019-07-13,27.6,22.8,24.4,11.1,12.0,12.99,92,1014.2,76,22.9,Port Harcourt
2019-07-14,28.5,22.1,24.9,4.0,10.1,14.91,90,1012.8,86,22.9,Port Harcourt
2019-07-15,24.6,22.9,23.6,21.4,8.1,5.06,95,1012.1,99,22.7,Port Harcourt
2019-07-16,29.4,22.6,25.6,1.1,8.7,15.78,87,1012.4,90,23.1,Port Harcourt
2019-07-17,28.8,23.6,25.4,6.5,10.9,14.96,89,1013.1,82,23.4,Port Harcourt
2019-07-18,27.7,23.4,24.3,34.5,14.1,9.46,94,1012.8,99,23.2,Port Harcourt
2019-07-19,25.7,23.3,23.9,24.4,8.6,5.53,95,1013.7,98,23.0,Port Harcourt
2019-07-20,26.6,21.9,23.7,17.1,14.8,9.95,94,1014.4,92,22.7,Port Harcourt
2019-07-21,28.6,21.7,24.6,7.9,13.5,16.34,90,1013.6,89,22.7,Port Harcourt
2019-07-22,26.3,22.9,24.4,8.8,10.8,10.59,92,1013.7,93,23.1,Port Harcourt
2019-07-23,28.1,23.1,24.8,7.2,11.0,14.76,90,1013.1,71,23.0,Port Harcourt
2019-07-24,28.7,22.6,25.1,4.7,9.5,17.6,89,1012.0,75,23.1,Port Harcourt
2019-07-25,27.4,23.3,24.7,16.4,10.8,13.38,92,1012.5,80,23.2,Port Harcourt
2019-07-26,27.3,23.4,24.8,6.6,16.4,11.4,92,1013.0,91,23.3,Port Harcourt
2019-07-27,26.1,23.1,24.3,9.7,12.0,8.52,93,1013.2,94,23.1,Port Harcourt
2019-07-28,26.6,23.2,24.3,21.6,15.3,11.07,93,1012.6,95,23.1,Port Harcourt
2019-07-29,27.9,22.7,24.7,3.1,12.0,13.21,91,1013.3,97,23.0,Port Harcourt
2019-07-30,28.3,23.0,25.2,2.0,14.3,17.71,87,1013.4,88,22.9,Port Harcourt
2019-07-31,30.0,23.4,25.6,3.1,13.2,18.37,87,1012.7,74,23.1,Port Harcourt
2019-08-01,27.4,23.4,24.9,9.6,14.0,12.29,91,1012.3,97,23.3,Port Harcourt
2019-08-02,25.7,23.1,24.0,14.9,16.0,7.12,94,1013.2,99,22.9,Port Harcourt
2019-08-03,27.6,23.0,24.7,10.6,11.6,11.1,91,1014.1,83,22.9,Port Harcourt
2019-08-04,28.1,23.4,25.0,3.9,13.5,16.18,89,1014.4,72,23.0,Port Harcourt
2019-08-05,27.0,23.3,24.6,3.8,12.6,10.91,92,1014.4,99,23.1,Port Harcourt
2019-08-06,27.9,23.4,24.8,2.2,12.3,13.13,90,1015.2,97,23.0,Port Harcourt
2019-08-07,27.8,23.5,24.7,8.6,11.5,10.96,91,1015.3,95,23.1,Port Harcourt
2019-08-08,26.9,23.4,24.5,3.1,14.0,9.86,91,1015.0,98,22.9,Port Harcourt
2019-08-09,27.2,23.3,24.4,6.8,15.3,11.61,90,1015.6,93,22.7,Port Harcourt
2019-08-10,28.0,22.7,25.0,2.0,13.0,15.76,88,1015.8,82,22.7,Port Harcourt
2019-08-11,28.8,23.2,25.4,3.2,15.8,17.99,87,1014.6,73,23.0,Port Harcourt
2019-08-12,28.9,22.7,25.3,3.7,13.9,16.59,88,1013.1,88,23.0,Port Harcourt
2019-08-13,29.0,23.3,25.6,2.3,13.2,18.2,85,1013.0,77,22.9,Port Harcourt
2019-08-14,28.7,22.6,25.6,1.0,12.4,19.56,87,1014.0,52,23.3,Port Harcourt
2019-08-15,29.1,23.6,26.1,1.8,10.9,18.67,84,1013.7,70,23.1,Port Harcourt
2019-08-16,29.6,23.3,25.7,2.2,14.5,18.77,85,1013.0,75,22.9,Port Harcourt
2019-08-17,29.6,23.2,25.3,5.7,12.5,18.09,89,1012.6,74,23.3,Port Harcourt
2019-08-18,28.9,23.3,25.3,3.5,14.8,19.37,89,1012.2,61,23.3,Port Harcourt
2019-08-19,28.0,23.1,24.7,3.4,12.8,14.49,90,1012.8,86,23.0,Port Harcourt
2019-08-20,28.4,23.5,25.2,6.7,12.3,16.27,90,1013.1,79,23.4,Port Harcourt
2019-08-21,27.9,23.4,25.2,4.6,11.0,12.94,91,1013.6,94,23.7,Port Harcourt
2019-08-22,27.7,23.0,24.9,12.5,11.8,13.31,92,1013.1,85,23.4,Port Harcourt
2019-08-23,25.6,22.9,23.8,14.8,11.6,7.11,95,1014.8,99,22.9,Port Harcourt
2019-08-24,25.9,23.2,24.0,9.5,11.5,6.96,95,1015.0,96,23.1,Port Harcourt
2019-08-25,28.1,22.3,24.1,14.6,9.7,10.55,91,1015.0,91,22.5,Port Harcourt
2019-08-26,27.7,22.5,24.4,10.6,13.0,12.82,91,1015.0,89,22.9,Port Harcourt
2019-08-27,29.1,22.9,24.9,6.3,14.1,18.14,90,1014.2,70,23.2,Port Harcourt
2019-08-28,27.9,23.1,24.8,8.2,10.2,13.32,90,1013.9,97,23.0,Port Harcourt
2019-08-29,30.2,23.1,25.6,4.5,9.5,17.62,87,1013.5,90,23.1,Port Harcourt
2019-08-30,27.4,23.8,25.1,15.0,11.5,11.13,91,1012.8,90,23.5,Port Harcourt
2019-08-31,27.9,22.9,24.8,15.2,16.6,13.21,92,1012.0,83,23.3,Port Harcourt
2019-09-01,28.0,23.3,25.1,10.3,14.8,14.26,88,1011.7,84,22.9,Port Harcourt
2019-09-02,28.2,23.4,25.3,8.6,11.1,15.43,88,1012.6,82,23.2,Port Harcourt
2019-09-03,29.5,23.0,25.1,8.1,10.5,13.77,90,1013.3,92,23.2,Port Harcourt
2019-09-04,28.7,23.7,25.4,9.4,14.1,13.51,89,1013.0,91,23.3,Port Harcourt
2019-09-05,28.0,23.4,25.1,11.8,11.1,13.71,92,1012.9,98,23.6,Port Harcourt
2019-09-06,29.2,23.3,25.2,6.2,13.0,17.31,89,1013.2,86,23.2,Port Harcourt
2019-09-07,29.8,23.0,25.1,6.3,12.9,15.33,91,1013.3,86,23.4,Port Harcourt
2019-09-08,28.3,22.8,24.8,12.8,14.2,12.33,92,1014.3,94,23.4,Port Harcourt
2019-09-09,25.9,22.8,23.9,58.0,11.2,5.9,95,1014.3,99,23.0,Port Harcourt
2019-09-10,27.1,23.1,24.6,17.8,14.7,11.22,92,1012.9,95,23.2,Port Harcourt
2019-09-11,26.4,23.0,24.2,14.7,14.7,10.75,94,1012.5,99,23.1,Port Harcourt
2019-09-12,28.7,23.3,24.8,16.3,13.3,12.9,92,1012.8,92,23.3,Port Harcourt
2019-09-13,30.0,22.8,25.3,12.1,12.2,17.75,89,1013.0,64,23.2,Port Harcourt
2019-09-14,27.9,23.2,25.2,2.1,12.4,13.03,91,1012.3,91,23.5,Port Harcourt
2019-09-15,28.6,23.2,25.4,9.3,13.0,16.21,91,1011.9,86,23.7,Port Harcourt
2019-09-16,28.6,23.1,25.4,3.0,10.5,14.55,91,1011.5,93,23.8,Port Harcourt
2019-09-17,27.5,23.3,24.6,10.6,11.7,9.99,94,1011.1,93,23.6,Port Harcourt
2019-09-18,27.8,22.8,24.6,10.3,13.9,12.78,93,1011.7,94,23.4,Port Harcourt
2019-09-19,27.1,23.7,24.9,13.2,7.6,7.84,93,1012.0,99,23.6,Port Harcourt
2019-09-20,30.7,21.9,25.9,1.9,7.2,17.1,87,1012.0,86,23.3,Port Harcourt
2019-09-21,30.1,23.9,26.3,1.9,10.8,19.15,88,1011.8,84,24.2,Port Harcourt
2019-09-22,29.4,24.4,26.1,11.2,8.9,15.0,88,1011.2,94,23.9,Port Harcourt
2019-09-23,30.1,23.3,26.1,5.0,11.2,17.44,87,1011.6,89,23.6,Port Harcourt
2019-09-24,29.2,24.2,25.9,9.7,12.1,12.43,91,1011.8,98,24.2,Port Harcourt
2019-09-25,29.0,24.1,25.7,8.3,11.0,12.39,91,1011.9,98,24.2,Port Harcourt
2019-09-26,28.0,24.1,25.5,9.7,10.7,8.67,91,1012.4,99,23.8,Port Harcourt
2019-09-27,28.0,23.4,24.8,30.6,11.5,9.82,92,1012.3,100,23.4,Port Harcourt
2019-09-28,26.3,22.3,24.0,24.1,16.6,7.35,95,1012.6,100,23.1,Port Harcourt
2019-09-29,29.2,23.3,25.2,8.0,11.4,14.24,90,1012.0,96,23.3,Port Harcourt
2019-09-30,28.1,22.7,24.8,6.7,15.5,14.3,92,1011.2,84,23.4,Port Harcourt
2019-10-01,28.6,23.5,25.4,6.9,10.8,16.98,91,1010.8,86,23.7,Port Harcourt
2019-10-02,27.0,23.1,24.7,6.9,8.1,10.04,92,1011.5,94,23.3,Port Harcourt
2019-10-03,26.2,22.6,23.9,25.1,9.7,7.64,95,1011.2,95,23.0,Port Harcourt
2019-10-04,26.9,23.6,24.6,34.3,11.6,10.98,92,1010.6,97,23.2,Port Harcourt
2019-10-05,28.9,23.0,25.2,6.8,9.7,15.27,91,1010.7,93,23.6,Port Harcourt
2019-10-06,29.2,22.8,25.4,11.5,12.6,14.18,90,1010.6,98,23.6,Port Harcourt
2019-10-07,28.7,23.4,24.8,18.2,13.8,12.37,93,1010.1,96,23.5,Port Harcourt
2019-10-08,28.6,23.0,24.6,19.3,12.8,12.43,92,1010.6,91,23.2,Port Harcourt
2019-10-09,28.3,22.3,24.6,14.2,13.0,16.2,92,1010.7,92,23.3,Port Harcourt
2019-10-10,28.0,22.6,24.7,6.2,10.5,11.8,92,1010.0,91,23.2,Port Harcourt
2019-10-11,27.3,23.5,24.7,17.8,11.3,9.73,92,1010.5,95,23.3,Port Harcourt
2019-10-12,28.2,22.4,25.1,2.3,10.7,13.11,91,1010.8,77,23.5,Port Harcourt
2019-10-13,30.5,23.3,25.5,7.4,11.5,16.82,89,1010.6,86,23.4,Port Harcourt
2019-10-14,29.5,23.9,25.5,19.4,11.0,11.58,91,1010.8,99,23.8,Port Harcourt
2019-10-15,28.4,23.6,25.0,9.3,10.1,10.32,92,1011.5,98,23.5,Port Harcourt
2019-10-16,29.2,23.0,25.2,7.9,9.9,14.03,89,1011.9,97,23.1,Port Harcourt
2019-10-17,27.0,22.5,24.6,4.5,11.0,10.5,92,1011.6,95,23.2,Port Harcourt
2019-10-18,28.0,22.7,24.7,6.9,9.7,10.44,93,1011.0,92,23.4,Port Harcourt
2019-10-19,27.7,23.4,24.8,19.8,11.5,9.37,92,1011.1,96,23.3,Port Harcourt
2019-10-20,27.9,22.6,24.9,2.3,8.2,11.14,92,1011.8,95,23.4,Port Harcourt
2019-10-21,30.2,23.2,26.1,2.3,8.2,19.18,87,1011.1,87,23.6,Port Harcourt
2019-10-22,27.7,23.2,24.8,17.3,9.8,10.94,92,1009.9,98,23.3,Port Harcourt
2019-10-23,28.6,23.3,25.2,13.0,11.7,9.72,90,1009.3,98,23.4,Port Harcourt
2019-10-24,28.9,23.6,25.2,10.6,12.6,11.85,91,1010.3,96,23.6,Port Harcourt
2019-10-25,29.6,23.0,25.3,5.5,13.9,17.43,90,1010.6,78,23.4,Port Harcourt
2019-10-26,27.2,22.9,25.0,9.1,9.4,10.94,93,1011.2,98,23.7,Port Harcourt
2019-10-27,27.1,23.5,24.6,17.8,10.3,8.32,93,1011.6,98,23.4,Port Harcourt
2019-10-28,27.7,22.6,24.5,10.7,10.0,12.27,93,1011.0,97,23.2,Port Harcourt
2019-10-29,30.1,23.0,25.2,11.7,17.3,16.63,91,1010.2,82,23.4,Port Harcourt
2019-10-30,29.8,22.3,25.7,1.2,9.5,16.05,87,1010.3,82,23.1,Port Harcourt
2019-10-31,28.1,23.4,25.4,3.6,7.6,9.79,91,1011.1,98,23.8,Port Harcourt
2019-11-01,30.1,23.1,26.0,4.9,8.3,18.07,89,1010.2,80,23.9,Port Harcourt
2019-11-02,28.2,23.8,25.1,26.8,12.7,10.86,94,1009.9,97,24.1,Port Harcourt
2019-11-03,26.6,23.2,24.7,2.9,7.8,7.94,93,1011.3,80,23.5,Port Harcourt
2019-11-04,30.2,22.5,26.3,1.0,9.7,16.07,87,1011.4,68,23.7,Port Harcourt
2019-11-05,28.6,23.7,25.8,7.0,8.0,13.13,91,1011.7,96,24.2,Port Harcourt
2019-11-06,30.5,22.9,25.7,3.4,12.6,15.71,89,1010.2,97,23.7,Port Harcourt
2019-11-07,30.0,23.4,26.2,4.6,11.4,15.12,89,1009.7,84,24.2,Port Harcourt
2019-11-08,29.4,24.1,26.1,5.2,7.4,15.72,90,1009.4,77,24.4,Port Harcourt
2019-11-09,30.7,23.6,26.2,13.5,10.8,16.0,90,1009.0,63,24.3,Port Harcourt
2019-11-10,28.0,24.1,25.4,14.7,9.4,7.07,93,1009.8,100,24.1,Port Harcourt
2019-11-11,30.2,23.5,25.9,9.7,10.9,16.89,90,1008.7,87,24.1,Port Harcourt
2019-11-12,29.3,23.6,25.6,4.4,8.2,13.66,92,1008.8,83,24.2,Port Harcourt
2019-11-13,31.1,23.2,26.4,0.7,10.2,16.45,87,1008.5,84,24.0,Port Harcourt
2019-11-14,31.1,24.3,26.6,5.1,8.3,14.21,89,1009.0,83,24.6,Port Harcourt
2019-11-15,30.4,24.5,26.6,5.9,10.8,13.26,90,1008.9,87,24.7,Port Harcourt
2019-11-16,29.3,23.9,25.7,16.1,13.5,11.08,92,1008.9,98,24.2,Port Harcourt
2019-11-17,30.5,23.7,26.6,1.2,6.4,15.77,89,1008.9,89,24.5,Port Harcourt
2019-11-18,30.0,24.4,26.7,1.8,11.4,16.18,90,1008.8,50,24.8,Port Harcourt
2019-11-19,29.9,23.5,26.5,2.0,9.0,16.2,89,1009.4,59,24.4,Port Harcourt
2019-11-20,28.6,24.6,25.8,7.3,11.6,9.26,93,1009.7,99,24.5,Port Harcourt
2019-11-21,27.7,24.5,25.7,5.1,9.6,6.01,92,1010.4,100,24.4,Port Harcourt
2019-11-22,30.2,23.7,26.7,0.7,10.5,16.44,88,1010.8,67,24.3,Port Harcourt
2019-11-23,30.3,24.1,26.9,0.5,10.9,17.96,88,1010.2,49,24.7,Port Harcourt
2019-11-24,30.2,24.3,26.8,1.1,10.4,16.46,89,1010.0,39,24.8,Port Harcourt
2019-11-25,28.5,24.6,26.3,2.3,10.0,10.29,89,1010.2,84,24.3,Port Harcourt
2019-11-26,29.7,24.4,26.2,3.4,10.6,12.43,90,1010.2,99,24.4,Port Harcourt
2019-11-27,30.2,24.1,26.5,2.4,9.6,14.93,89,1010.0,90,24.4,Port Harcourt
2019-11-28,29.3,23.9,26.4,4.9,10.3,14.9,90,1010.3,56,24.5,Port Harcourt
2019-11-29,30.9,23.8,26.7,1.4,9.4,17.34,88,1010.3,34,24.4,Port Harcourt
2019-11-30,29.2,24.3,26.6,1.8,13.3,12.51,91,1009.9,86,24.9,Port Harcourt
2019-12-01,29.0,24.6,26.3,4.1,8.5,13.56,90,1010.4,87,24.3,Port Harcourt
2019-12-02,29.3,23.9,26.2,1.7,10.0,15.52,89,1010.2,45,24.2,Port Harcourt
2019-12-03,30.8,23.1,26.2,1.7,9.6,14.37,88,1010.2,88,23.9,Port Harcourt
2019-12-04,31.3,24.0,26.6,0.2,12.2,17.04,86,1009.8,82,23.9,Port Harcourt
2019-12-05,30.3,23.7,26.2,4.4,7.3,15.31,90,1009.3,56,24.3,Port Harcourt
2019-12-06,30.1,23.9,26.6,3.8,9.5,16.14,89,1009.9,52,24.4,Port Harcourt
2019-12-07,29.5,23.3,26.2,0.3,8.8,14.43,89,1010.3,62,24.0,Port Harcourt
2019-12-08,30.7,23.5,26.8,0.4,11.0,16.92,85,1010.1,25,23.8,Port Harcourt
2019-12-09,31.8,23.6,27.1,0.2,10.5,17.35,84,1010.2,23,23.7,Port Harcourt
2019-12-10,30.5,23.5,26.7,0.5,12.2,17.41,85,1009.7,29,23.8,Port Harcourt
2019-12-11,29.2,24.2,26.1,3.2,13.4,13.62,90,1010.2,61,24.2,Port Harcourt
2019-12-12,30.1,23.4,26.1,4.8,10.6,15.31,89,1010.1,55,24.0,Port Harcourt
2019-12-13,30.6,23.2,26.4,0.4,13.7,14.63,87,1010.7,82,23.7,Port Harcourt
2019-12-14,31.1,23.4,26.6,0.0,10.4,13.56,85,1011.2,77,23.6,Port Harcourt
2019-12-15,32.9,23.5,27.2,0.1,9.7,18.19,82,1010.3,70,23.2,Port Harcourt
2019-12-16,32.2,22.5,26.8,0.0,9.8,19.9,81,1008.4,69,22.6,Port Harcourt
2019-12-17,32.6,23.5,27.5,0.0,12.6,19.12,81,1008.6,67,23.6,Port Harcourt
2019-12-18,32.9,23.7,27.5,0.0,13.0,18.54,82,1009.7,99,23.7,Port Harcourt
2019-12-19,32.8,24.1,27.7,0.1,10.5,17.9,82,1010.2,52,23.9,Port Harcourt
2019-12-20,32.7,23.9,27.8,0.1,13.3,17.96,82,1010.2,14,24.0,Port Harcourt
2019-12-21,31.0,24.5,27.0,2.9,9.4,16.06,86,1010.9,54,24.4,Port Harcourt
2019-12-22,32.3,23.3,27.4,0.0,10.5,18.44,82,1010.7,24,23.6,Port Harcourt
2019-12-23,33.8,22.8,27.2,0.0,9.7,19.3,75,1010.0,21,20.9,Port Harcourt
2019-12-24,33.2,22.4,27.0,0.0,9.2,19.14,80,1010.1,33,22.6,Port Harcourt
2019-12-25,33.9,23.1,27.8,0.0,11.3,19.44,77,1010.0,5,22.6,Port Harcourt
2019-12-26,34.8,23.0,28.1,0.0,11.0,19.95,73,1009.5,16,21.5,Port Harcourt
2019-12-27,34.6,23.5,27.9,0.0,10.7,18.83,72,1009.7,20,21.0,Port Harcourt
2019-12-28,34.3,23.8,27.8,0.0,10.6,19.19,74,1009.0,34,21.3,Port Harcourt
2019-12-29,35.3,21.1,27.3,0.0,10.0,20.23,70,1008.4,46,19.5,Port Harcourt
2019-12-30,33.3,22.0,27.4,0.0,11.9,19.35,77,1008.5,46,22.3,Port Harcourt
2019-12-31,34.1,22.3,27.9,0.0,9.4,19.55,74,1008.8,10,22.0,Port Harcourt
2020-01-01,34.7,24.1,28.2,0.0,11.7,18.35,73,1009.2,61,21.5,Port Harcourt
2020-01-02,33.9,21.9,27.2,0.0,17.2,20.42,50,1010.0,84,12.5,Port Harcourt
2020-01-03,33.9,21.8,26.7,0.0,17.2,20.01,27,1010.6,40,6.0,Port Harcourt
2020-01-04,33.8,21.5,26.9,0.0,13.0,19.9,35,1010.9,47,9.0,Port Harcourt
2020-01-05,33.6,20.7,26.8,0.0,14.8,19.77,50,1010.3,61,14.2,Port Harcourt
2020-01-06,34.4,21.7,27.5,0.0,11.8,18.89,65,1009.3,74,19.7,Port Harcourt
2020-01-07,35.7,22.2,28.1,0.0,14.3,19.51,64,1008.9,53,18.9,Port Harcourt
2020-01-08,35.7,23.9,28.8,0.0,15.1,19.18,71,1009.9,37,21.5,Port Harcourt
2020-01-09,34.5,23.7,28.0,0.0,18.8,18.38,76,1010.4,81,22.7,Port Harcourt
2020-01-10,33.0,26.0,28.5,0.8,13.4,11.46,80,1011.5,77,24.4,Port Harcourt
2020-01-11,30.1,24.1,26.9,3.5,11.0,11.3,82,1012.5,58,23.5,Port Harcourt
2020-01-12,31.8,23.8,27.5,0.1,10.3,16.1,82,1011.2,19,23.9,Port Harcourt
2020-01-13,32.3,25.1,27.9,0.5,12.5,15.2,82,1009.1,41,24.4,Port Harcourt
2020-01-14,33.5,24.3,28.3,0.0,13.8,17.22,80,1008.1,8,24.2,Port Harcourt
2020-01-15,33.8,25.2,28.7,0.4,14.0,15.02,79,1008.5,24,24.4,Port Harcourt
2020-01-16,36.2,25.3,29.3,0.0,12.5,18.26,69,1009.7,27,21.3,Port Harcourt
2020-01-17,36.1,23.8,28.3,0.0,18.0,19.16,72,1011.1,51,20.4,Port Harcourt
2020-01-18,35.0,25.1,28.8,0.0,10.3,17.91,73,1011.2,42,22.2,Port Harcourt
2020-01-19,35.2,22.0,27.7,0.0,14.8,20.01,62,1010.2,45,17.1,Port Harcourt
2020-01-20,34.4,20.9,27.3,0.0,12.2,19.91,62,1009.4,67,18.6,Port Harcourt
2020-01-21,35.6,23.7,28.7,0.0,16.7,19.48,71,1009.8,66,22.3,Port Harcourt
2020-01-22,34.7,24.0,28.6,0.0,15.5,18.28,76,1009.7,90,23.2,Port Harcourt
2020-01-23,36.0,24.6,29.2,0.0,14.5,19.67,71,1009.6,65,21.9,Port Harcourt
2020-01-24,35.5,23.4,28.2,0.0,13.8,20.51,61,1010.2,39,16.5,Port Harcourt
2020-01-25,35.8,18.5,27.0,0.0,14.3,21.23,52,1010.4,77,12.4,Port Harcourt
2020-01-26,34.7,18.2,26.3,0.0,14.1,21.25,59,1011.0,82,14.1,Port Harcourt
2020-01-27,35.4,20.5,27.3,0.0,15.4,20.73,69,1010.5,33,19.8,Port Harcourt
2020-01-28,35.1,23.2,28.3,0.0,16.2,19.75,74,1010.5,26,22.3,Port Harcourt
2020-01-29,36.9,22.3,28.6,0.0,16.3,20.75,71,1010.0,63,21.3,Port Harcourt
2020-01-30,36.4,22.9,28.5,0.0,13.8,19.59,70,1011.3,46,20.7,Port Harcourt
2020-01-31,35.9,23.8,28.8,0.0,13.5,20.12,70,1011.5,60,21.1,Port Harcourt
2020-02-01,37.0,22.5,28.7,0.0,13.4,21.27,65,1010.5,45,18.0,Port Harcourt
2020-02-02,36.7,22.7,28.5,0.0,15.8,20.6,65,1010.8,68,18.0,Port Harcourt
2020-02-03,34.3,22.8,27.9,0.0,17.2,18.29,74,1011.7,85,21.9,Port Harcourt
2020-02-04,34.8,24.3,28.9,0.0,14.8,19.24,71,1011.6,18,22.3,Port Harcourt
2020-02-05,33.5,24.5,28.7,0.4,12.2,17.12,74,1010.7,30,23.0,Port Harcourt
2020-02-06,34.8,24.9,28.9,0.1,16.5,18.01,75,1009.9,31,23.5,Port Harcourt
2020-02-07,32.7,25.0,28.3,0.0,12.5,10.61,69,1010.1,69,20.9,Port Harcourt
2020-02-08,36.1,23.2,28.4,0.0,19.0,20.76,73,1009.9,47,21.8,Port Harcourt
2020-02-09,31.9,25.1,28.0,2.2,14.1,13.98,82,1011.1,73,24.4,Port Harcourt
2020-02-10,35.8,24.6,29.4,0.3,15.1,18.68,72,1011.1,28,22.8,Port Harcourt
2020-02-11,36.7,24.0,29.1,0.0,14.1,21.12,66,1010.4,33,18.8,Port Harcourt
2020-02-12,36.3,23.5,29.1,0.0,15.7,22.21,61,1010.3,10,16.9,Port Harcourt
2020-02-13,36.8,21.9,28.8,0.0,15.9,22.34,60,1010.0,20,16.6,Port Harcourt
2020-02-14,37.4,22.5,28.8,0.0,17.5,21.96,70,1008.3,9,21.2,Port Harcourt
2020-02-15,35.7,24.0,29.1,0.0,20.4,20.42,72,1008.1,10,23.0,Port Harcourt
2020-02-16,37.0,24.1,29.7,0.0,19.6,20.71,69,1008.9,34,22.4,Port Harcourt
2020-02-17,35.7,26.2,29.9,0.1,18.4,19.49,71,1009.9,71,23.5,Port Harcourt
2020-02-18,32.9,26.6,28.9,1.1,12.4,13.09,77,1010.6,69,24.2,Port Harcourt
2020-02-19,37.0,25.1,29.5,0.0,19.1,20.89,73,1009.1,11,23.2,Port Harcourt
2020-02-20,36.3,25.2,29.6,0.0,18.7,20.43,74,1007.5,17,23.5,Port Harcourt
2020-02-21,36.1,25.6,29.8,0.0,17.8,19.97,73,1007.5,38,23.9,Port Harcourt
2020-02-22,35.7,26.2,30.3,0.1,19.5,18.54,72,1008.4,51,24.0,Port Harcourt
2020-02-23,37.3,26.5,30.6,0.2,21.0,19.61,71,1009.1,55,24.1,Port Harcourt
2020-02-24,37.9,26.2,30.5,0.3,19.3,21.14,70,1009.1,37,23.4,Port Harcourt
2020-02-25,35.3,26.2,29.8,1.0,15.4,17.58,73,1008.9,87,23.8,Port Harcourt
2020-02-26,35.9,25.4,29.5,0.1,17.9,18.21,75,1008.6,57,24.0,Port Harcourt
2020-02-27,34.6,26.8,29.7,1.0,14.5,16.31,76,1009.1,77,24.7,Port Harcourt
2020-02-28,35.2,25.9,29.8,0.4,14.0,17.84,76,1009.2,96,24.6,Port Harcourt
2020-02-29,35.5,25.7,29.8,0.1,20.3,18.97,75,1008.7,77,24.5,Port Harcourt
2020-03-01,32.5,26.0,28.6,3.7,15.2,14.6,83,1009.8,93,25.2,Port Harcourt
2020-03-02,32.7,26.0,28.5,1.3,14.2,17.07,81,1011.4,96,24.7,Port Harcourt
2020-03-03,33.9,25.7,28.8,1.3,12.0,18.67,80,1011.6,44,24.7,Port Harcourt
2020-03-04,35.0,25.8,29.7,3.2,9.0,19.06,77,1011.0,72,24.5,Port Harcourt
2020-03-05,33.5,26.5,29.1,7.4,12.2,17.36,81,1009.8,38,25.2,Port Harcourt
2020-03-06,32.2,25.8,28.3,11.1,13.8,16.08,83,1009.0,50,25.0,Port Harcourt
2020-03-07,32.3,25.2,27.3,20.7,11.1,12.36,87,1009.6,91,24.7,Port Harcourt
2020-03-08,34.0,24.8,28.6,0.0,11.3,19.28,79,1009.6,75,24.2,Port Harcourt
2020-03-09,34.0,26.2,29.3,0.5,12.1,18.45,78,1009.0,41,24.6,Port Harcourt
2020-03-10,34.0,26.2,29.4,0.8,14.0,17.78,78,1008.1,75,24.8,Port Harcourt
2020-03-11,32.7,26.4,28.1,9.7,12.7,12.46,85,1008.8,91,25.1,Port Harcourt
2020-03-12,33.4,25.5,28.3,6.0,14.2,17.9,85,1008.9,72,25.3,Port Harcourt
2020-03-13,34.1,25.1,27.8,11.8,9.4,16.41,86,1009.1,96,24.9,Port Harcourt
2020-03-14,33.1,25.8,28.4,0.7,16.1,17.31,81,1009.4,91,24.6,Port Harcourt
2020-03-15,34.6,24.7,28.9,0.0,17.2,20.04,77,1008.6,37,23.9,Port Harcourt
2020-03-16,34.5,26.0,29.3,0.3,15.9,19.2,79,1008.2,36,24.9,Port Harcourt
2020-03-17,32.6,26.5,28.9,1.7,13.7,15.48,82,1008.6,86,25.3,Port Harcourt
2020-03-18,33.2,26.6,29.0,0.9,13.9,16.73,80,1009.1,97,24.9,Port Harcourt
2020-03-19,32.4,25.5,28.3,7.9,16.1,15.12,83,1009.5,88,24.9,Port Harcourt
2020-03-20,30.3,25.4,27.0,4.3,16.9,8.41,88,1010.2,100,24.7,Port Harcourt
2020-03-21,33.3,25.3,28.6,0.0,12.8,17.74,80,1009.2,72,24.3,Port Harcourt
2020-03-22,32.1,25.7,28.3,0.5,10.7,11.73,81,1009.1,88,24.4,Port Harcourt
2020-03-23,32.2,25.6,27.5,9.9,13.2,11.61,86,1009.7,93,24.7,Port Harcourt
2020-03-24,28.6,24.4,25.8,21.7,12.9,9.58,91,1010.1,99,24.1,Port Harcourt
2020-03-25,26.8,23.8,25.2,25.0,9.5,8.28,93,1010.8,100,23.9,Port Harcourt
2020-03-26,31.1,23.6,26.8,2.6,7.6,16.24,87,1009.7,94,24.2,Port Harcourt
2020-03-27,31.3,25.2,27.9,0.1,11.5,15.61,82,1009.3,85,24.4,Port Harcourt
2020-03-28,31.7,25.0,28.1,0.3,12.8,18.01,83,1009.6,78,24.8,Port Harcourt
2020-03-29,31.3,25.8,27.5,7.6,11.4,14.88,87,1009.3,84,25.0,Port Harcourt
2020-03-30,31.2,25.2,27.3,8.7,9.2,14.6,87,1008.6,83,24.8,Port Harcourt
2020-03-31,31.1,24.8,26.6,9.8,7.6,10.97,92,1008.8,92,25.1,Port Harcourt
2020-04-01,28.9,24.9,26.0,16.0,11.5,5.97,94,1010.1,98,24.9,Port Harcourt
2020-04-02,31.6,24.7,27.4,1.2,12.0,15.26,86,1009.2,79,24.7,Port Harcourt
2020-04-03,31.1,24.9,26.9,14.4,9.7,13.33,90,1009.5,85,25.0,Port Harcourt
2020-04-04,29.1,24.2,26.7,4.1,13.3,10.59,88,1010.8,99,24.5,Port Harcourt
2020-04-05,32.8,22.9,27.2,0.0,17.9,22.41,84,1010.1,79,24.1,Port Harcourt
2020-04-06,31.4,25.5,28.2,1.3,14.5,17.14,82,1010.7,55,24.6,Port Harcourt
2020-04-07,33.0,24.3,28.3,0.0,12.6,22.82,81,1009.9,38,24.3,Port Harcourt
2020-04-08,32.6,25.0,28.1,0.6,11.7,20.74,82,1009.3,42,24.5,Port Harcourt
2020-04-09,30.6,24.7,26.9,15.2,12.1,12.52,90,1009.6,88,25.0,Port Harcourt
2020-04-10,32.6,24.4,27.3,1.1,11.5,18.55,85,1009.7,68,24.3,Port Harcourt
2020-04-11,31.1,24.0,26.6,8.8,14.4,10.19,88,1010.9,91,24.1,Port Harcourt
2020-04-12,32.4,24.3,28.0,0.0,13.6,21.1,81,1010.2,81,24.0,Port Harcourt
2020-04-13,31.3,26.0,28.0,1.8,10.9,17.43,83,1010.2,75,24.8,Port Harcourt
2020-04-14,32.0,25.0,28.1,1.7,9.7,19.45,85,1009.4,48,25.2,Port Harcourt
2020-04-15,30.9,25.4,27.3,13.2,14.4,15.51,88,1009.3,72,25.0,Port Harcourt
2020-04-16,31.2,25.4,27.3,1.5,18.0,14.3,88,1009.3,94,25.0,Port Harcourt
2020-04-17,30.3,25.3,27.4,5.2,14.3,14.25,86,1009.3,100,24.8,Port Harcourt
2020-04-18,30.7,24.5,27.4,7.2,10.2,16.8,87,1010.2,85,24.8,Port Harcourt
2020-04-19,28.6,25.0,26.6,10.1,11.8,9.2,90,1012.1,96,24.7,Port Harcourt
2020-04-20,30.6,24.0,27.1,0.0,9.5,16.86,82,1011.9,97,23.6,Port Harcourt
2020-04-21,32.1,23.7,27.7,0.0,14.1,21.09,81,1010.3,67,23.9,Port Harcourt
2020-04-22,28.2,25.1,26.5,10.6,11.0,11.16,90,1010.1,89,24.6,Port Harcourt
2020-04-23,30.2,25.0,27.0,6.3,12.3,15.67,88,1010.0,94,24.7,Port Harcourt
2020-04-24,31.0,24.2,26.5,14.6,8.6,16.35,90,1009.5,92,24.6,Port Harcourt
2020-04-25,29.0,24.1,25.6,16.5,11.6,10.7,92,1010.2,91,24.2,Port Harcourt
2020-04-26,30.1,24.3,26.4,8.0,11.1,13.3,88,1011.1,97,24.1,Port Harcourt
2020-04-27,30.4,24.2,26.9,3.3,8.2,14.66,86,1012.1,91,24.3,Port Harcourt
2020-04-28,31.1,23.9,27.1,0.9,11.4,18.19,85,1012.1,63,24.2,Port Harcourt
2020-04-29,31.7,24.4,27.4,5.9,11.3,18.78,87,1012.0,54,24.9,Port Harcourt
2020-04-30,30.6,25.1,27.4,2.3,11.4,17.25,85,1012.6,69,24.6,Port Harcourt
2020-05-01,31.5,24.6,27.4,0.3,10.2,20.24,85,1012.8,42,24.6,Port Harcourt
2020-05-02,30.8,25.1,27.8,1.5,10.2,17.59,86,1011.7,76,25.0,Port Harcourt
2020-05-03,31.1,25.0,27.1,5.6,9.9,17.05,89,1010.6,84,25.0,Port Harcourt
2020-05-04,32.4,24.4,27.7,1.6,7.7,21.0,84,1010.6,46,24.5,Port Harcourt
2020-05-05,31.9,25.3,28.1,0.6,10.8,20.71,83,1010.4,20,24.7,Port Harcourt
2020-05-06,31.3,24.9,27.7,2.7,12.2,18.95,86,1010.1,47,24.9,Port Harcourt
2020-05-07,30.0,24.8,27.3,0.6,13.3,13.32,87,1010.0,87,24.7,Port Harcourt
2020-05-08,30.5,24.7,27.2,7.4,9.5,15.13,87,1010.3,67,24.7,Port Harcourt
2020-05-09,31.3,24.4,27.4,6.3,8.2,18.08,88,1010.8,71,25.0,Port Harcourt
2020-05-10,29.4,24.5,26.5,6.6,10.7,9.5,89,1011.6,94,24.4,Port Harcourt
2020-05-11,31.6,24.4,27.3,4.8,11.3,17.4,85,1012.2,85,24.4,Port Harcourt
2020-05-12,30.0,25.0,26.6,9.8,10.0,13.02,89,1012.7,82,24.6,Port Harcourt
2020-05-13,30.2,24.1,26.7,6.4,8.4,12.18,88,1012.4,89,24.4,Port Harcourt
2020-05-14,31.6,24.0,27.6,0.0,14.1,20.77,84,1011.3,47,24.3,Port Harcourt
2020-05-15,31.5,25.1,27.7,1.9,11.2,18.92,85,1011.1,73,24.8,Port Harcourt
2020-05-16,30.7,24.9,27.3,2.6,9.8,15.66,84,1011.1,91,24.3,Port Harcourt
2020-05-17,31.1,24.5,27.5,5.2,8.2,19.07,87,1011.5,58,24.9,Port Harcourt
2020-05-18,30.5,25.3,27.1,6.5,9.5,15.26,89,1012.1,90,25.0,Port Harcourt
2020-05-19,27.8,24.8,25.8,11.0,12.8,8.38,92,1013.0,99,24.4,Port Harcourt
2020-05-20,27.9,24.6,26.1,2.1,10.9,9.76,91,1013.0,96,24.4,Port Harcourt
2020-05-21,29.7,24.9,26.4,17.6,10.7,14.19,90,1013.2,91,24.5,Port Harcourt
2020-05-22,28.1,24.1,25.5,13.8,8.6,10.96,93,1013.4,98,24.3,Port Harcourt
2020-05-23,29.2,23.9,26.1,11.1,10.6,17.27,92,1012.8,84,24.6,Port Harcourt
2020-05-24,29.5,23.6,26.1,6.2,10.8,16.91,91,1012.5,68,24.4,Port Harcourt
2020-05-25,28.6,24.0,25.1,34.6,8.2,8.35,96,1012.5,99,24.4,Port Harcourt
2020-05-26,30.7,24.1,27.0,0.5,9.0,16.32,87,1012.2,97,24.4,Port Harcourt
2020-05-27,29.9,24.6,26.5,7.2,11.8,14.44,90,1011.9,95,24.7,Port Harcourt
2020-05-28,29.5,24.3,26.3,15.0,11.6,13.6,89,1011.5,98,24.2,Port Harcourt
2020-05-29,29.7,24.2,26.5,11.2,13.7,14.84,88,1011.5,95,24.2,Port Harcourt
2020-05-30,30.1,24.6,26.7,6.2,11.2,15.92,88,1011.3,91,24.4,Port Harcourt
2020-05-31,30.9,24.5,26.9,0.7,12.3,17.66,88,1012.3,77,24.5,Port Harcourt
2020-06-01,29.2,24.3,26.1,6.9,9.0,11.89,91,1013.1,96,24.4,Port Harcourt
2020-06-02,30.6,23.4,26.5,4.3,12.4,17.15,87,1012.9,91,23.9,Port Harcourt
2020-06-03,30.9,24.0,26.6,3.2,10.3,18.95,88,1012.3,78,24.3,Port Harcourt
2020-06-04,28.6,24.0,26.2,0.7,11.6,13.29,88,1012.1,90,23.9,Port Harcourt
2020-06-05,30.7,24.1,26.7,5.3,6.6,17.92,87,1013.1,78,24.3,Port Harcourt
2020-06-06,28.2,24.2,25.8,7.1,12.3,12.97,91,1013.5,91,24.2,Port Harcourt
2020-06-07,29.9,23.3,25.5,7.2,12.2,14.24,92,1013.1,88,23.9,Port Harcourt
2020-06-08,27.7,23.3,25.7,2.3,9.5,11.3,90,1012.3,92,23.8,Port Harcourt
2020-06-09,28.6,23.5,25.8,0.2,11.3,14.82,84,1012.2,86,22.9,Port Harcourt
2020-06-10,29.4,23.7,25.9,9.9,10.7,16.87,86,1013.1,79,23.3,Port Harcourt
2020-06-11,27.3,22.9,24.6,15.5,11.9,10.0,92,1013.5,99,23.2,Port Harcourt
2020-06-12,28.3,23.3,24.9,11.4,11.8,10.45,92,1012.5,91,23.4,Port Harcourt
2020-06-13,29.1,22.8,25.7,4.5,8.5,17.23,89,1012.5,92,23.5,Port Harcourt
2020-06-14,28.1,24.0,25.6,5.2,9.0,10.68,90,1013.3,87,23.8,Port Harcourt
2020-06-15,29.6,23.5,26.3,1.1,10.2,18.33,86,1012.9,39,23.7,Port Harcourt
2020-06-16,29.7,24.3,26.4,0.8,10.7,13.19,87,1012.1,94,23.9,Port Harcourt
2020-06-17,28.5,24.3,25.6,11.1,12.0,10.81,91,1012.2,93,23.9,Port Harcourt
2020-06-18,26.6,23.4,24.7,94.0,11.7,7.05,91,1013.4,99,23.2,Port Harcourt
2020-06-19,29.2,23.1,25.6,4.4,8.4,14.69,89,1014.3,92,23.6,Port Harcourt
2020-06-20,26.9,23.2,24.3,25.6,11.1,7.26,94,1014.5,88,23.3,Port Harcourt
2020-06-21,28.4,23.4,25.2,9.2,12.7,12.95,91,1013.6,89,23.5,Port Harcourt
2020-06-22,27.6,23.1,24.7,7.9,10.8,11.39,92,1012.2,91,23.2,Port Harcourt
2020-06-23,29.1,22.7,25.4,2.1,9.1,16.05,91,1011.2,77,23.7,Port Harcourt
2020-06-24,28.2,23.5,25.4,6.0,8.5,13.83,90,1011.8,94,23.6,Port Harcourt
2020-06-25,29.2,23.1,25.5,10.6,14.0,12.66,89,1011.7,89,23.4,Port Harcourt
2020-06-26,28.5,23.4,25.6,8.9,13.5,15.31,88,1011.5,87,23.5,Port Harcourt
2020-06-27,28.3,23.6,25.3,9.8,13.4,13.67,90,1011.1,88,23.4,Port Harcourt
2020-06-28,28.0,23.7,25.1,9.7,12.1,11.62,89,1011.3,96,23.2,Port Harcourt
2020-06-29,28.3,23.4,25.2,6.2,10.9,11.96,88,1012.2,86,23.1,Port Harcourt
2020-06-30,28.1,23.3,25.3,4.2,8.5,8.93,86,1012.2,97,22.7,Port Harcourt
2020-07-01,29.9,23.4,26.0,3.3,8.9,18.05,84,1011.7,77,22.9,Port Harcourt
2020-07-02,29.2,23.5,25.9,6.7,9.0,17.14,87,1011.2,70,23.5,Port Harcourt
2020-07-03,27.4,24.1,25.1,14.4,11.0,9.75,91,1011.1,99,23.4,Port Harcourt
2020-07-04,25.4,23.4,24.0,93.6,12.0,4.68,95,1012.4,100,23.1,Port Harcourt
2020-07-05,28.5,22.4,24.7,3.5,10.7,13.08,90,1012.4,87,22.9,Port Harcourt
2020-07-06,28.7,22.7,25.2,6.0,13.5,16.23,90,1011.8,87,23.3,Port Harcourt
2020-07-07,26.9,23.3,24.6,11.3,12.1,10.11,92,1011.4,94,23.2,Port Harcourt
2020-07-08,26.8,23.6,24.8,17.2,9.2,12.24,92,1010.9,87,23.4,Port Harcourt
2020-07-09,28.6,23.2,25.1,6.2,9.0,15.59,90,1011.9,92,23.3,Port Harcourt
2020-07-10,25.0,23.3,23.9,16.6,12.6,6.04,95,1012.6,99,23.1,Port Harcourt
2020-07-11,26.7,22.9,24.3,7.3,11.7,10.43,93,1013.0,97,23.1,Port Harcourt
2020-07-12,27.5,22.6,24.6,5.2,10.7,14.98,91,1013.5,67,22.9,Port Harcourt
2020-07-13,29.0,22.8,24.8,5.6,13.6,15.3,90,1012.6,85,23.0,Port Harcourt
2020-07-14,26.3,22.4,24.1,15.9,12.7,8.1,93,1012.3,97,22.9,Port Harcourt
2020-07-15,26.0,23.0,24.1,14.4,7.2,8.86,93,1013.0,96,22.9,Port Harcourt
2020-07-16,26.2,23.0,23.7,24.5,7.7,6.96,94,1014.0,96,22.8,Port Harcourt
2020-07-17,28.0,22.0,24.6,0.7,11.2,10.61,87,1013.5,93,22.1,Port Harcourt
2020-07-18,27.9,23.2,25.0,8.2,10.5,15.86,90,1012.9,79,23.3,Port Harcourt
2020-07-19,27.3,23.0,24.5,13.7,10.8,10.98,92,1012.4,94,23.0,Port Harcourt
2020-07-20,26.5,22.8,24.2,6.7,10.0,8.48,94,1012.1,97,23.1,Port Harcourt
2020-07-21,27.6,23.2,24.3,11.2,9.2,9.46,92,1012.0,87,22.8,Port Harcourt
2020-07-22,30.4,22.1,24.9,6.4,12.1,17.27,89,1012.3,57,22.9,Port Harcourt
2020-07-23,27.3,22.6,24.6,11.0,11.8,12.45,92,1011.9,93,23.2,Port Harcourt
2020-07-24,27.3,23.6,24.7,8.0,11.5,12.36,91,1011.6,92,23.1,Port Harcourt
2020-07-25,27.5,23.3,24.6,12.9,13.5,13.92,91,1012.2,86,23.0,Port Harcourt
2020-07-26,27.2,23.2,24.6,5.0,15.0,11.66,90,1012.5,90,22.8,Port Harcourt
2020-07-27,27.1,23.0,24.2,8.2,14.3,12.0,93,1012.9,95,22.9,Port Harcourt
2020-07-28,25.6,23.1,24.2,4.3,11.5,7.9,93,1012.8,90,22.9,Port Harcourt
2020-07-29,28.4,23.1,25.0,1.8,15.1,15.41,87,1012.9,94,22.6,Port Harcourt
2020-07-30,28.4,22.9,24.4,11.9,14.8,15.32,90,1013.1,77,22.7,Port Harcourt
2020-07-31,25.8,22.9,24.1,4.2,13.9,6.25,91,1013.4,97,22.5,Port Harcourt
2020-08-01,29.1,22.5,25.6,1.2,11.5,19.71,82,1013.8,44,22.0,Port Harcourt
2020-08-02,28.9,23.0,25.2,1.5,13.7,13.3,84,1014.1,94,22.2,Port Harcourt
2020-08-03,28.3,23.2,25.3,1.6,13.1,13.91,86,1015.0,88,22.6,Port Harcourt
2020-08-04,30.5,22.8,26.0,0.2,13.5,20.14,78,1015.1,63,21.5,Port Harcourt
2020-08-05,29.0,20.2,24.7,0.1,15.3,18.99,81,1014.5,36,20.9,Port Harcourt
2020-08-06,28.7,21.0,24.9,0.5,15.8,17.7,80,1014.7,89,21.0,Port Harcourt
2020-08-07,28.0,22.5,25.0,1.8,15.9,18.19,80,1015.2,64,21.3,Port Harcourt
2020-08-08,27.8,21.7,24.7,2.0,11.5,16.94,82,1015.7,58,21.3,Port Harcourt
2020-08-09,29.4,21.8,25.2,0.4,13.7,18.52,80,1014.3,49,21.2,Port Harcourt
2020-08-10,29.4,21.3,25.0,2.3,14.9,20.35,81,1013.2,94,21.3,Port Harcourt
2020-08-11,28.9,22.2,25.2,1.9,13.2,18.36,82,1013.4,49,21.8,Port Harcourt
2020-08-12,30.3,21.4,25.6,0.7,11.6,22.23,81,1013.1,45,21.7,Port Harcourt
2020-08-13,29.3,22.2,25.5,1.7,12.7,17.58,82,1012.6,86,22.1,Port Harcourt
2020-08-14,29.8,22.6,25.7,0.8,16.8,18.16,81,1011.1,95,22.1,Port Harcourt
2020-08-15,28.8,23.7,25.6,5.1,14.6,15.04,85,1011.3,70,22.7,Port Harcourt
2020-08-16,29.9,23.0,26.0,0.7,14.7,17.35,81,1010.6,81,22.2,Port Harcourt
2020-08-17,30.1,22.7,25.7,1.9,12.3,16.59,83,1010.6,95,22.3,Port Harcourt
2020-08-18,28.3,23.7,25.5,4.0,12.5,13.86,87,1010.6,97,23.1,Port Harcourt
2020-08-19,29.1,23.4,25.4,3.0,13.4,15.19,89,1009.8,84,23.3,Port Harcourt
2020-08-20,29.1,23.7,25.4,4.7,17.7,13.27,87,1009.6,97,22.9,Port Harcourt
2020-08-21,26.9,23.5,24.4,4.3,12.7,7.66,91,1010.8,99,22.9,Port Harcourt
2020-08-22,28.3,23.2,25.2,2.9,13.7,15.65,87,1012.2,81,22.7,Port Harcourt
2020-08-23,28.8,23.0,24.8,3.5,13.7,13.74,88,1012.6,98,22.5,Port Harcourt
2020-08-24,29.1,22.8,25.1,1.1,14.2,15.11,84,1011.9,97,22.1,Port Harcourt
2020-08-25,30.5,21.8,25.3,0.1,11.9,18.72,81,1011.8,79,21.5,Port Harcourt
2020-08-26,30.2,22.2,25.9,0.6,10.9,20.84,79,1012.5,66,21.8,Port Harcourt
2020-08-27,30.6,22.7,26.0,1.5,13.3,18.72,80,1012.8,89,22.1,Port Harcourt
2020-08-28,25.6,23.1,24.2,12.5,12.2,7.3,93,1012.5,99,22.9,Port Harcourt
2020-08-29,27.6,23.0,24.4,11.5,10.3,10.7,91,1012.1,98,22.8,Port Harcourt
2020-08-30,28.7,22.9,24.9,8.0,13.0,13.46,89,1012.2,89,22.9,Port Harcourt
2020-08-31,28.8,23.0,24.9,13.8,11.2,16.47,89,1012.7,88,22.8,Port Harcourt
2020-09-01,27.5,22.9,24.2,11.6,10.5,9.25,93,1011.8,95,22.9,Port Harcourt
2020-09-02,28.0,22.0,24.9,4.1,11.1,15.57,90,1010.8,88,23.0,Port Harcourt
2020-09-03,29.0,22.6,25.6,2.6,12.4,18.38,87,1012.0,82,23.2,Port Harcourt
2020-09-04,27.8,23.5,24.8,10.7,12.3,11.59,91,1013.6,97,23.1,Port Harcourt
2020-09-05,27.2,23.0,24.2,10.8,13.8,10.9,93,1012.9,99,22.9,Port Harcourt
2020-09-06,30.0,22.6,24.9,6.7,9.0,17.46,89,1011.3,81,22.9,Port Harcourt
2020-09-07,29.7,22.3,25.2,3.6,12.6,19.31,88,1010.4,63,22.8,Port Harcourt
2020-09-08,26.6,23.5,24.5,156.8,13.5,8.85,93,1010.6,98,23.2,Port Harcourt
2020-09-09,28.1,23.4,25.1,20.7,13.7,13.61,87,1012.1,78,22.7,Port Harcourt
2020-09-10,29.0,22.6,25.1,5.6,9.8,17.23,90,1012.3,78,23.2,Port Harcourt
2020-09-11,29.2,23.2,25.0,9.6,10.7,12.97,92,1011.1,94,23.5,Port Harcourt
2020-09-12,26.6,23.5,24.4,13.1,10.7,7.46,94,1012.0,98,23.3,Port Harcourt
2020-09-13,28.6,23.1,24.8,9.2,15.5,14.71,92,1013.0,87,23.3,Port Harcourt
2020-09-14,28.7,23.6,25.4,9.9,10.0,15.56,88,1013.4,84,23.3,Port Harcourt
2020-09-15,26.8,23.3,24.6,9.9,15.7,11.03,92,1011.7,92,23.2,Port Harcourt
2020-09-16,28.3,23.3,24.8,9.5,14.1,12.35,91,1011.4,85,23.1,Port Harcourt
2020-09-17,28.6,23.5,24.9,10.5,6.3,9.89,90,1012.1,96,23.2,Port Harcourt
2020-09-18,28.1,23.5,25.3,7.9,9.7,15.53,90,1012.7,95,23.5,Port Harcourt
2020-09-19,26.3,23.0,24.2,137.4,15.1,4.9,93,1012.8,99,23.0,Port Harcourt
2020-09-20,25.8,23.2,24.1,38.5,11.5,3.1,95,1012.9,99,23.2,Port Harcourt
2020-09-21,27.3,23.0,24.1,29.4,11.9,7.89,94,1012.7,91,23.0,Port Harcourt
2020-09-22,29.3,22.0,24.9,8.7,12.7,15.98,91,1012.8,82,23.2,Port Harcourt
2020-09-23,28.0,22.7,24.8,6.8,10.7,13.12,91,1013.4,92,23.3,Port Harcourt
2020-09-24,28.7,22.9,24.9,12.0,12.2,15.0,91,1013.4,80,23.3,Port Harcourt
2020-09-25,29.4,22.5,25.1,9.7,9.8,17.26,90,1013.1,80,23.2,Port Harcourt
2020-09-26,26.1,23.3,24.5,9.8,13.0,10.16,93,1011.6,90,23.2,Port Harcourt
2020-09-27,27.8,22.3,24.3,9.2,11.2,13.65,92,1011.0,67,22.9,Port Harcourt
2020-09-28,27.7,22.8,24.6,12.1,11.3,12.05,91,1011.8,89,23.1,Port Harcourt
2020-09-29,27.3,23.4,24.6,5.6,11.2,11.4,92,1012.6,92,23.2,Port Harcourt
2020-09-30,28.2,23.2,24.9,7.3,13.1,13.68,91,1012.1,87,23.3,Port Harcourt
2020-10-01,28.8,22.6,25.0,4.5,10.8,17.83,91,1011.1,96,23.2,Port Harcourt
2020-10-02,29.0,22.6,25.2,4.0,9.8,14.34,89,1010.5,91,23.2,Port Harcourt
2020-10-03,29.6,22.9,25.6,3.5,9.5,18.25,88,1010.8,84,23.5,Port Harcourt
2020-10-04,28.9,23.0,25.2,9.9,7.6,13.6,92,1011.7,83,23.7,Port Harcourt
2020-10-05,30.3,23.0,26.0,9.9,10.0,15.07,86,1012.0,97,23.3,Port Harcourt
2020-10-06,27.2,23.5,24.7,16.9,15.8,9.36,93,1012.5,100,23.5,Port Harcourt
2020-10-07,29.2,23.5,25.1,11.0,11.1,10.64,91,1012.5,87,23.5,Port Harcourt
2020-10-08,29.0,23.4,25.2,15.0,11.3,15.29,91,1012.6,86,23.7,Port Harcourt
2020-10-09,29.3,22.8,25.2,10.7,9.7,15.36,89,1012.6,88,23.2,Port Harcourt
2020-10-10,27.8,23.6,25.0,7.9,10.2,9.05,92,1013.0,99,23.6,Port Harcourt
2020-10-11,28.2,23.0,24.8,4.7,10.3,13.02,92,1012.4,79,23.4,Port Harcourt
2020-10-12,29.9,23.0,25.7,1.7,12.0,19.07,86,1011.5,63,23.0,Port Harcourt
2020-10-13,27.8,23.3,25.0,11.0,12.8,12.8,92,1011.9,90,23.5,Port Harcourt
2020-10-14,28.5,22.7,24.7,8.8,8.1,10.97,92,1012.4,96,23.3,Port Harcourt
2020-10-15,29.0,23.4,25.1,16.5,11.9,14.74,91,1012.5,93,23.5,Port Harcourt
2020-10-16,27.3,22.8,24.3,19.6,10.0,8.7,95,1011.9,99,23.4,Port Harcourt
2020-10-17,27.2,23.3,24.5,9.7,10.4,10.33,94,1011.6,92,23.4,Port Harcourt
2020-10-18,29.7,22.8,25.6,6.6,9.0,17.76,89,1010.5,79,23.6,Port Harcourt
2020-10-19,28.6,23.4,25.4,15.3,10.9,13.81,93,1011.0,90,24.1,Port Harcourt
2020-10-20,29.5,22.5,25.6,6.2,10.8,18.19,91,1011.2,81,23.9,Port Harcourt
2020-10-21,30.2,22.9,26.1,2.4,12.3,18.07,89,1011.4,75,24.0,Port Harcourt
2020-10-22,30.6,23.5,26.7,4.2,11.0,19.44,86,1011.3,53,24.0,Port Harcourt
2020-10-23,28.0,24.2,25.7,4.4,9.2,11.86,91,1011.8,90,24.0,Port Harcourt
2020-10-24,29.4,23.4,25.7,12.8,12.8,15.28,90,1011.0,98,23.8,Port Harcourt
2020-10-25,28.6,23.4,25.4,9.1,11.8,14.13,91,1010.5,98,23.8,Port Harcourt
2020-10-26,27.9,24.0,25.1,13.5,9.6,9.29,93,1010.0,97,23.9,Port Harcourt
2020-10-27,28.2,23.3,25.1,3.5,9.2,11.06,93,1009.7,97,23.8,Port Harcourt
2020-10-28,29.6,23.6,25.8,7.3,10.0,15.23,91,1010.0,80,24.1,Port Harcourt
2020-10-29,27.6,23.0,25.1,2.0,10.1,10.2,93,1011.0,97,23.8,Port Harcourt
2020-10-30,30.4,23.2,26.3,1.0,10.6,16.09,87,1010.6,78,23.7,Port Harcourt
2020-10-31,27.4,24.2,25.5,3.2,10.5,10.43,93,1010.7,91,24.3,Port Harcourt
2020-11-01,29.5,23.6,25.6,9.2,8.0,13.77,90,1010.1,90,23.7,Port Harcourt
2020-11-02,29.8,23.5,25.9,0.8,11.6,11.6,88,1010.6,91,23.6,Port Harcourt
2020-11-03,28.4,23.2,25.4,10.0,8.9,13.33,93,1011.1,75,24.1,Port Harcourt
2020-11-04,27.5,24.0,25.5,7.0,9.0,9.54,93,1011.1,98,24.2,Port Harcourt
2020-11-05,30.9,24.1,27.0,0.7,10.0,16.7,85,1010.5,74,24.1,Port Harcourt
2020-11-06,28.6,23.8,25.9,3.2,9.8,12.5,90,1011.2,87,24.1,Port Harcourt
2020-11-07,29.4,23.5,25.8,2.1,11.0,13.51,88,1012.2,88,23.7,Port Harcourt
2020-11-08,29.9,23.0,26.2,0.4,8.8,16.16,86,1012.9,90,23.3,Port Harcourt
2020-11-09,29.9,24.1,26.3,2.7,9.2,16.0,89,1012.5,64,24.3,Port Harcourt
2020-11-10,29.4,23.6,26.3,7.2,10.3,17.6,89,1011.6,76,24.1,Port Harcourt
2020-11-11,29.7,23.5,26.1,5.7,6.2,17.11,90,1010.6,48,24.2,Port Harcourt
2020-11-12,31.8,22.6,26.7,0.5,10.9,18.65,85,1010.3,73,23.6,Port Harcourt
2020-11-13,29.6,24.1,26.3,4.3,10.1,14.97,90,1011.0,95,24.4,Port Harcourt
2020-11-14,30.2,24.0,26.6,4.7,10.1,14.94,89,1011.0,76,24.6,Port Harcourt
2020-11-15,28.7,23.9,26.0,1.4,9.9,12.92,90,1010.2,90,24.2,Port Harcourt
2020-11-16,30.0,24.0,26.3,2.8,12.6,15.63,88,1010.5,66,24.1,Port Harcourt
2020-11-17,29.8,24.5,26.2,3.4,8.7,16.1,90,1009.8,69,24.3,Port Harcourt
2020-11-18,30.5,24.0,26.2,5.7,10.3,16.95,90,1009.6,77,24.3,Port Harcourt
2020-11-19,29.6,23.1,25.8,4.0,10.9,16.64,89,1009.5,49,23.8,Port Harcourt
2020-11-20,30.5,23.7,26.3,1.7,8.3,16.14,89,1009.3,61,24.2,Port Harcourt
2020-11-21,30.4,23.8,26.7,2.2,11.2,17.97,88,1009.4,83,24.3,Port Harcourt
2020-11-22,31.7,22.8,26.7,1.2,12.5,19.14,85,1010.1,83,23.7,Port Harcourt
2020-11-23,29.6,24.8,26.8,2.5,11.2,16.09,88,1011.4,96,24.5,Port Harcourt
2020-11-24,28.5,24.5,26.1,8.7,10.7,13.5,90,1011.2,90,24.3,Port Harcourt
2020-11-25,29.6,23.7,26.0,1.8,8.7,15.62,91,1010.1,75,24.3,Port Harcourt
2020-11-26,29.2,24.0,25.9,6.0,11.2,15.28,89,1009.8,78,23.9,Port Harcourt
2020-11-27,30.2,23.8,26.2,9.4,11.4,14.05,89,1010.4,69,24.1,Port Harcourt
2020-11-28,28.3,24.3,25.6,4.3,8.3,9.58,92,1011.0,58,24.1,Port Harcourt
2020-11-29,29.9,22.9,26.1,1.9,9.7,16.3,89,1010.5,46,24.1,Port Harcourt
2020-11-30,30.4,23.3,26.5,0.7,10.9,15.15,87,1010.8,77,24.1,Port Harcourt
2020-12-01,31.0,24.1,26.9,1.5,14.5,16.39,85,1010.3,70,24.0,Port Harcourt
2020-12-02,30.4,24.1,26.5,2.7,12.6,16.24,87,1010.5,38,24.1,Port Harcourt
2020-12-03,30.2,24.1,26.4,2.1,12.5,15.65,89,1011.2,46,24.3,Port Harcourt
2020-12-04,30.6,24.4,26.9,1.3,10.7,17.04,85,1011.8,34,24.1,Port Harcourt
2020-12-05,30.2,23.9,26.7,1.2,11.5,16.45,87,1011.4,38,24.1,Port Harcourt
2020-12-06,29.6,24.1,26.3,3.1,10.4,14.7,89,1011.0,72,24.2,Port Harcourt
2020-12-07,29.0,24.7,26.0,2.8,11.5,13.79,89,1012.3,52,24.1,Port Harcourt
2020-12-08,29.3,23.8,26.3,2.7,11.9,15.54,88,1012.0,56,24.1,Port Harcourt
2020-12-09,28.8,23.9,26.1,1.3,11.0,13.46,90,1011.1,77,24.2,Port Harcourt
2020-12-10,29.6,24.3,26.1,4.9,8.9,13.09,89,1011.3,87,24.1,Port Harcourt
2020-12-11,29.8,23.8,26.2,4.9,9.2,14.73,90,1011.5,64,24.3,Port Harcourt
2020-12-12,29.6,24.0,26.0,4.5,9.4,13.46,91,1011.0,73,24.4,Port Harcourt
2020-12-13,29.8,23.5,25.8,9.9,9.4,14.2,92,1010.0,80,24.3,Port Harcourt
2020-12-14,28.4,23.9,25.4,10.0,8.7,11.01,93,1009.9,74,24.2,Port Harcourt
2020-12-15,29.5,23.0,25.9,2.6,9.0,14.53,90,1009.6,85,23.9,Port Harcourt
2020-12-16,29.2,23.8,26.2,0.6,11.4,13.59,90,1009.9,80,24.3,Port Harcourt
2020-12-17,30.6,23.6,26.7,1.2,10.5,16.97,85,1010.0,77,23.8,Port Harcourt
2020-12-18,31.2,23.7,26.9,0.4,11.2,16.55,83,1010.0,69,23.5,Port Harcourt
2020-12-19,31.0,23.6,26.8,1.0,15.3,15.45,85,1009.8,49,23.8,Port Harcourt
2020-12-20,30.4,23.8,26.4,3.6,8.9,15.65,90,1010.0,49,24.5,Port Harcourt
2020-12-21,30.7,23.1,26.5,0.8,10.8,15.99,87,1010.0,42,24.0,Port Harcourt
2020-12-22,31.1,23.6,26.8,2.2,10.8,16.16,87,1009.8,34,24.3,Port Harcourt
2020-12-23,30.9,24.1,26.7,3.0,13.3,14.9,89,1010.0,41,24.5,Port Harcourt
2020-12-24,30.2,23.7,26.5,2.9,8.2,13.97,90,1009.3,74,24.7,Port Harcourt
2020-12-25,33.3,23.2,27.2,0.1,12.2,19.22,80,1008.2,60,22.6,Port Harcourt
2020-12-26,32.2,22.9,26.6,0.0,11.4,19.47,76,1008.3,63,20.9,Port Harcourt
2020-12-27,31.0,22.8,26.6,0.0,10.8,15.83,84,1008.5,45,23.4,Port Harcourt
2020-12-28,30.9,23.8,27.2,0.2,11.0,16.36,85,1008.5,54,24.3,Port Harcourt
2020-12-29,32.1,23.6,27.4,0.2,14.1,16.73,82,1008.4,56,23.8,Port Harcourt
2020-12-30,31.7,24.2,27.6,0.0,12.6,17.54,82,1009.1,60,23.9,Port Harcourt
2020-12-31,32.3,23.8,27.5,0.1,17.0,18.31,82,1009.7,68,23.9,Port Harcourt
2021-01-01,30.7,24.5,27.2,0.4,11.8,15.34,86,1009.6,81,24.4,Port Harcourt
2021-01-02,31.6,24.2,27.3,2.2,11.5,15.78,85,1009.8,68,24.5,Port Harcourt
2021-01-03,31.7,24.9,27.3,4.6,11.4,15.14,86,1009.8,42,24.7,Port Harcourt
2021-01-04,29.7,24.4,26.5,5.7,10.4,13.79,89,1009.0,58,24.4,Port Harcourt
2021-01-05,30.5,24.0,26.8,4.1,13.6,13.84,87,1008.5,61,24.3,Port Harcourt
2021-01-06,29.8,24.3,26.6,0.9,11.6,11.81,87,1009.3,89,24.2,Port Harcourt
2021-01-07,30.9,23.4,26.8,1.4,12.0,15.62,85,1009.9,86,23.9,Port Harcourt
2021-01-08,30.6,24.4,26.5,1.8,11.3,12.43,87,1010.3,66,24.2,Port Harcourt
2021-01-09,31.2,23.4,27.1,0.8,12.0,15.11,83,1009.3,61,23.7,Port Harcourt
2021-01-10,30.2,24.0,26.8,0.4,12.1,13.69,87,1008.8,31,24.3,Port Harcourt
2021-01-11,30.8,23.7,26.7,2.3,11.5,15.29,86,1008.7,24,24.0,Port Harcourt
2021-01-12,30.4,23.9,26.4,1.5,11.8,14.46,87,1009.7,32,23.9,Port Harcourt
2021-01-13,31.9,23.0,26.3,2.7,12.9,15.64,86,1010.7,23,23.6,Port Harcourt
2021-01-14,31.1,23.8,26.6,1.4,11.3,15.93,85,1010.5,23,23.7,Port Harcourt
2021-01-15,31.1,23.5,26.9,0.8,9.1,16.15,85,1009.2,42,24.0,Port Harcourt
2021-01-16,30.6,23.5,26.6,1.3,12.4,15.62,85,1008.4,63,23.8,Port Harcourt
2021-01-17,31.5,23.4,26.9,0.0,13.5,16.75,83,1008.8,43,23.3,Port Harcourt
2021-01-18,31.4,24.0,27.2,0.8,13.0,16.44,82,1009.2,30,23.7,Port Harcourt
2021-01-19,32.0,24.0,27.1,0.3,14.8,14.24,83,1010.1,65,23.6,Port Harcourt
2021-01-20,34.4,23.2,27.4,0.0,10.5,19.16,76,1009.5,53,21.5,Port Harcourt
2021-01-21,33.2,22.7,27.1,0.0,10.5,20.1,76,1009.9,77,21.4,Port Harcourt
2021-01-22,33.0,22.8,27.3,0.0,14.8,17.82,80,1009.7,74,22.9,Port Harcourt
2021-01-23,34.7,23.0,27.5,0.0,13.8,19.64,74,1009.4,85,20.7,Port Harcourt
2021-01-24,33.5,22.9,27.3,0.0,15.7,19.19,79,1009.1,96,22.6,Port Harcourt
2021-01-25,32.9,24.7,27.8,0.7,13.1,16.29,81,1009.3,69,24.0,Port Harcourt
2021-01-26,33.4,24.4,28.2,0.2,17.6,18.05,77,1009.5,38,23.3,Port Harcourt
2021-01-27,33.1,24.3,28.0,0.4,14.3,16.87,79,1009.3,80,23.7,Port Harcourt
2021-01-28,30.8,25.5,27.4,3.6,12.6,12.27,83,1009.7,86,24.2,Port Harcourt
2021-01-29,33.5,24.2,28.0,0.3,17.7,18.54,80,1009.9,44,23.8,Port Harcourt
2021-01-30,34.5,24.6,28.4,0.3,15.6,19.75,77,1009.7,25,23.3,Port Harcourt
2021-01-31,34.1,24.5,28.5,0.0,18.7,19.16,76,1009.0,20,23.3,Port Harcourt
2021-02-01,32.8,25.1,28.6,0.3,13.7,17.4,77,1010.0,38,23.7,Port Harcourt
2021-02-02,32.4,25.3,28.1,1.3,10.0,15.08,81,1010.5,36,24.4,Port Harcourt
2021-02-03,32.6,25.1,28.1,0.4,14.8,15.57,82,1010.3,26,24.5,Port Harcourt
2021-02-04,34.8,24.8,28.5,0.1,18.7,19.38,78,1009.7,62,23.6,Port Harcourt
2021-02-05,34.2,25.1,28.7,0.1,18.6,19.48,77,1009.8,49,23.8,Port Harcourt
2021-02-06,35.2,24.6,28.9,0.1,18.0,20.07,75,1009.5,21,23.3,Port Harcourt
2021-02-07,34.5,25.3,29.0,0.1,17.2,17.87,76,1008.9,46,23.9,Port Harcourt
2021-02-08,33.2,25.9,28.7,0.5,17.1,13.25,78,1008.1,65,24.3,Port Harcourt
2021-02-09,32.5,25.8,28.0,6.6,12.3,15.71,83,1008.9,87,24.6,Port Harcourt
2021-02-10,33.1,25.0,28.6,0.4,14.9,17.92,80,1009.0,62,24.4,Port Harcourt
2021-02-11,34.2,25.2,29.0,0.0,13.4,18.4,78,1008.9,26,24.3,Port Harcourt
2021-02-12,33.8,25.3,28.8,0.2,17.6,18.73,78,1008.6,32,24.1,Port Harcourt
2021-02-13,33.0,24.7,28.6,0.0,14.8,18.7,78,1008.1,47,24.0,Port Harcourt
2021-02-14,32.6,25.2,28.3,2.2,14.1,15.72,81,1008.1,72,24.4,Port Harcourt
2021-02-15,30.3,25.7,27.7,2.4,10.5,14.01,85,1008.5,92,24.8,Port Harcourt
2021-02-16,32.6,25.1,28.3,0.7,15.5,17.68,81,1008.1,67,24.4,Port Harcourt
2021-02-17,35.8,24.8,28.5,0.1,17.3,21.1,78,1008.7,71,23.5,Port Harcourt
2021-02-18,35.0,23.4,27.8,0.0,14.1,22.65,63,1010.0,96,17.3,Port Harcourt
2021-02-19,34.8,21.8,27.5,0.0,12.1,22.77,60,1011.3,73,16.8,Port Harcourt
2021-02-20,34.3,21.2,27.3,0.0,11.9,22.35,58,1011.6,62,15.9,Port Harcourt
2021-02-21,35.0,21.2,27.7,0.0,15.0,21.82,61,1010.1,98,18.2,Port Harcourt
2021-02-22,33.5,22.9,27.7,0.0,16.6,19.32,72,1010.1,99,21.5,Port Harcourt
2021-02-23,33.3,24.7,28.4,1.1,13.8,17.8,74,1010.5,93,22.9,Port Harcourt
2021-02-24,36.4,24.7,29.4,0.0,19.7,20.95,69,1009.7,90,22.0,Port Harcourt
2021-02-25,35.2,24.4,28.9,1.3,20.0,18.78,74,1009.1,86,23.0,Port Harcourt
2021-02-26,33.4,25.7,28.7,1.8,14.5,16.97,75,1009.2,87,23.4,Port Harcourt
2021-02-27,33.0,24.4,28.3,3.1,12.3,17.29,78,1008.5,54,23.8,Port Harcourt
2021-02-28,33.0,25.4,28.5,1.1,14.7,17.11,79,1007.0,32,24.4,Port Harcourt
2021-03-01,34.9,25.1,29.1,0.0,18.2,19.5,76,1006.9,34,23.8,Port Harcourt
2021-03-02,33.2,25.5,28.7,1.0,15.5,18.01,80,1007.8,42,24.7,Port Harcourt
2021-03-03,34.3,25.8,29.2,0.5,17.9,18.13,78,1007.4,75,24.5,Port Harcourt
2021-03-04,34.2,25.9,29.1,0.7,15.4,18.22,78,1007.6,77,24.5,Port Harcourt
2021-03-05,32.6,25.9,28.5,4.1,14.9,14.67,82,1008.0,93,25.0,Port Harcourt
2021-03-06,29.9,26.3,27.8,3.7,14.1,13.32,84,1010.1,97,24.7,Port Harcourt
2021-03-07,33.6,25.6,28.7,2.4,15.0,18.04,79,1009.9,54,24.3,Port Harcourt
2021-03-08,32.9,25.7,28.2,4.2,13.9,15.58,84,1008.7,59,25.0,Port Harcourt
2021-03-09,31.8,26.0,28.1,1.4,13.4,16.99,83,1008.0,57,24.7,Port Harcourt
2021-03-10,30.2,25.1,27.0,4.8,13.7,14.09,85,1008.3,85,24.3,Port Harcourt
2021-03-11,31.3,24.8,27.5,2.5,12.6,13.63,82,1008.0,93,24.1,Port Harcourt
2021-03-12,32.1,24.0,27.7,0.4,16.2,19.05,79,1008.0,75,23.3,Port Harcourt
2021-03-13,32.9,24.3,27.0,16.5,16.0,16.31,84,1008.8,89,23.8,Port Harcourt
2021-03-14,26.0,23.8,24.7,27.5,10.4,4.99,95,1010.3,99,23.9,Port Harcourt
2021-03-15,31.7,22.0,26.3,0.0,14.6,20.17,80,1009.2,98,22.1,Port Harcourt
2021-03-16,31.1,24.2,26.7,1.9,12.9,13.26,84,1008.7,99,23.7,Port Harcourt
2021-03-17,29.1,24.1,25.9,15.4,10.1,11.6,89,1009.4,99,23.9,Port Harcourt
2021-03-18,30.1,23.8,26.1,7.3,10.8,14.09,87,1009.6,98,23.7,Port Harcourt
2021-03-19,25.6,23.9,24.7,11.4,11.7,5.42,93,1009.8,100,23.5,Port Harcourt
2021-03-20,28.3,23.6,25.7,1.7,9.4,11.17,89,1009.5,100,23.6,Port Harcourt
2021-03-21,31.7,23.4,27.1,0.5,15.5,19.77,83,1008.2,81,23.8,Port Harcourt
2021-03-22,29.4,24.1,26.5,21.4,14.7,11.49,86,1008.7,92,23.9,Port Harcourt
2021-03-23,31.5,23.9,27.1,10.6,15.3,17.72,84,1009.9,80,23.8,Port Harcourt
2021-03-24,27.1,25.1,25.6,18.8,11.1,6.37,93,1011.6,100,24.4,Port Harcourt
2021-03-25,29.3,24.3,26.3,3.3,12.5,14.11,85,1011.5,92,23.4,Port Harcourt
2021-03-26,32.4,22.6,27.2,0.0,13.0,20.71,82,1009.6,69,23.5,Port Harcourt
2021-03-27,29.1,25.1,26.9,3.9,10.9,15.24,87,1009.7,72,24.4,Port Harcourt
2021-03-28,32.4,23.5,27.4,0.3,13.3,20.59,83,1009.3,50,23.8,Port Harcourt
2021-03-29,31.0,24.2,27.1,1.6,14.1,16.06,86,1009.9,88,24.3,Port Harcourt
2021-03-30,32.5,23.8,27.6,0.0,15.4,21.28,82,1009.1,54,23.8,Port Harcourt
2021-03-31,31.4,24.9,27.7,1.6,13.9,19.23,83,1008.8,30,24.4,Port Harcourt
2021-04-01,31.1,24.4,27.7,1.1,13.2,18.55,84,1009.2,59,24.6,Port Harcourt
2021-04-02,31.7,25.0,27.8,0.7,14.4,16.65,84,1009.7,68,24.8,Port Harcourt
2021-04-03,32.1,25.3,27.8,6.6,12.7,17.36,85,1009.3,47,24.9,Port Harcourt
2021-04-04,31.3,25.1,27.9,1.4,13.0,17.8,86,1009.0,64,25.3,Port Harcourt
2021-04-05,31.8,25.7,27.7,6.2,10.8,17.14,86,1009.4,55,25.0,Port Harcourt
2021-04-06,31.4,25.2,27.4,7.1,13.0,16.35,87,1009.5,78,24.9,Port Harcourt
2021-04-07,32.4,25.1,28.2,3.5,10.9,19.01,85,1009.2,77,25.2,Port Harcourt
2021-04-08,31.4,26.2,27.8,8.1,12.2,13.7,87,1009.2,88,25.3,Port Harcourt
2021-04-09,30.8,25.2,27.2,6.8,10.5,10.7,87,1008.6,100,24.8,Port Harcourt
2021-04-10,32.0,24.2,27.7,4.6,12.6,19.78,85,1007.6,74,24.7,Port Harcourt
2021-04-11,30.7,25.4,27.3,4.6,15.5,13.78,88,1008.9,89,25.0,Port Harcourt
2021-04-12,32.3,24.9,28.1,0.0,10.7,22.31,81,1009.8,60,24.0,Port Harcourt
2021-04-13,30.5,25.0,27.1,5.1,12.3,10.86,87,1011.0,83,24.7,Port Harcourt
2021-04-14,28.9,24.8,26.4,3.1,9.3,8.77,91,1010.4,98,24.8,Port Harcourt
2021-04-15,32.3,24.2,27.3,0.2,13.6,18.53,84,1009.1,71,24.2,Port Harcourt
2021-04-16,31.1,24.7,27.1,7.1,14.3,15.66,85,1008.7,76,24.3,Port Harcourt
2021-04-17,31.7,24.5,27.4,3.1,13.0,18.12,85,1008.7,75,24.5,Port Harcourt
2021-04-18,30.1,24.2,27.0,0.0,8.6,14.45,85,1010.3,80,24.0,Port Harcourt
2021-04-19,30.8,24.2,26.8,8.1,14.2,16.61,88,1010.0,86,24.5,Port Harcourt
2021-04-20,31.2,24.2,27.3,1.0,13.1,18.85,85,1009.4,82,24.3,Port Harcourt
2021-04-21,31.8,23.7,27.3,3.5,11.0,17.45,86,1009.1,88,24.4,Port Harcourt
2021-04-22,31.0,24.8,26.8,7.6,8.9,12.92,90,1009.8,91,25.0,Port Harcourt
2021-04-23,31.1,25.0,26.9,14.7,11.5,11.57,88,1009.5,94,24.7,Port Harcourt
2021-04-24,28.1,24.4,26.2,6.9,13.3,10.39,88,1009.9,100,24.0,Port Harcourt
2021-04-25,31.0,23.8,27.1,0.8,11.7,18.28,85,1009.3,83,24.0,Port Harcourt
2021-04-26,32.1,24.5,27.8,1.0,11.9,20.93,84,1009.0,78,24.5,Port Harcourt
2021-04-27,30.5,25.0,27.1,6.6,11.7,14.86,87,1008.1,98,24.7,Port Harcourt
2021-04-28,28.2,24.2,25.7,2.8,12.5,8.02,92,1008.7,100,24.4,Port Harcourt
2021-04-29,30.3,23.5,26.5,5.9,9.0,16.35,87,1009.5,91,24.1,Port Harcourt
2021-04-30,31.4,24.0,26.8,4.4,10.0,17.08,89,1009.0,96,24.8,Port Harcourt
2021-05-01,30.7,24.5,26.9,5.7,9.5,16.02,88,1009.0,99,24.6,Port Harcourt
2021-05-02,30.4,24.8,26.9,7.9,11.9,15.42,89,1008.8,95,24.8,Port Harcourt
2021-05-03,27.8,24.5,26.0,10.3,12.6,10.37,92,1009.3,89,24.5,Port Harcourt
2021-05-04,30.4,23.1,26.8,1.6,10.8,15.52,86,1009.5,97,24.1,Port Harcourt
2021-05-05,30.3,24.6,27.0,0.5,12.3,14.57,86,1009.7,85,24.2,Port Harcourt
2021-05-06,27.4,24.2,25.8,8.5,9.8,9.71,90,1011.6,99,23.9,Port Harcourt
2021-05-07,31.1,24.1,26.3,10.7,8.4,18.11,88,1012.5,96,23.9,Port Harcourt
2021-05-08,27.8,23.8,25.4,21.5,14.7,10.69,91,1013.2,92,23.8,Port Harcourt
2021-05-09,26.7,23.5,24.5,16.5,6.6,7.66,92,1012.8,99,23.2,Port Harcourt
2021-05-10,29.6,23.4,26.1,0.8,8.6,16.55,88,1012.0,91,23.9,Port Harcourt
2021-05-11,30.7,24.8,27.1,1.1,11.1,19.07,85,1011.7,62,24.2,Port Harcourt
2021-05-12,30.2,24.1,26.6,0.9,11.6,16.44,86,1011.6,90,24.0,Port Harcourt
2021-05-13,30.4,24.1,26.1,0.2,6.6,16.37,84,1010.9,84,23.1,Port Harcourt
2021-05-14,31.2,23.6,27.0,2.0,8.3,20.7,85,1010.1,66,24.0,Port Harcourt
2021-05-15,31.4,24.2,26.8,8.4,9.5,18.09,87,1010.1,65,24.4,Port Harcourt
2021-05-16,30.7,23.6,26.8,2.9,14.2,17.73,86,1010.1,95,24.1,Port Harcourt
2021-05-17,30.1,25.1,26.7,8.5,6.7,14.02,89,1010.9,90,24.5,Port Harcourt
2021-05-18,30.8,24.5,27.1,0.3,13.5,12.87,87,1011.5,85,24.5,Port Harcourt
2021-05-19,31.7,24.0,27.5,0.7,11.4,20.67,84,1011.3,50,24.3,Port Harcourt
2021-05-20,26.9,24.1,25.4,19.4,12.3,5.75,95,1012.2,93,24.4,Port Harcourt
2021-05-21,30.9,23.8,26.8,3.1,10.2,19.28,86,1011.9,63,24.2,Port Harcourt
2021-05-22,26.2,23.6,25.0,16.3,12.0,4.92,95,1012.8,96,24.0,Port Harcourt
2021-05-23,30.7,23.6,26.7,0.7,11.8,15.73,86,1012.0,96,24.0,Port Harcourt
2021-05-24,31.4,24.1,27.4,2.0,10.5,17.25,86,1011.6,77,24.6,Port Harcourt
2021-05-25,31.1,24.9,27.4,1.7,12.9,18.97,87,1011.0,75,24.8,Port Harcourt
2021-05-26,28.6,24.6,26.0,4.7,10.2,10.93,91,1011.5,96,24.3,Port Harcourt
2021-05-27,30.3,23.8,26.4,4.9,11.7,15.98,89,1011.3,76,24.3,Port Harcourt
2021-05-28,29.0,24.0,26.1,8.7,7.2,12.71,91,1010.9,92,24.4,Port Harcourt
2021-05-29,29.6,24.0,26.6,12.3,8.9,15.95,91,1010.5,73,24.9,Port Harcourt
2021-05-30,31.1,24.6,27.0,10.8,13.1,16.42,89,1009.2,96,24.9,Port Harcourt
2021-05-31,26.5,24.2,24.8,31.2,8.9,4.56,96,1010.1,98,24.1,Port Harcourt
2021-06-01,29.7,23.4,26.4,4.0,13.1,14.0,89,1010.3,92,24.3,Port Harcourt
2021-06-02,29.4,23.7,26.4,7.8,8.9,15.52,89,1011.5,73,24.4,Port Harcourt
2021-06-03,30.0,23.9,26.5,6.5,11.5,16.9,88,1011.4,67,24.3,Port Harcourt
2021-06-04,30.1,24.7,26.7,7.7,16.6,16.0,87,1011.3,76,24.3,Port Harcourt
2021-06-05,29.7,24.1,25.8,14.2,11.4,11.77,90,1011.6,98,24.0,Port Harcourt
2021-06-06,27.7,23.8,24.9,9.6,7.6,9.76,93,1011.6,97,23.7,Port Harcourt
2021-06-07,31.1,22.5,26.4,0.1,9.4,22.11,84,1010.6,48,23.1,Port Harcourt
2021-06-08,30.9,23.8,26.6,5.6,11.7,19.11,87,1010.4,56,24.1,Port Harcourt
2021-06-09,27.4,24.0,25.2,12.2,9.8,8.42,93,1010.9,99,24.0,Port Harcourt
2021-06-10,31.1,23.4,26.7,0.1,12.1,20.8,85,1009.8,74,23.6,Port Harcourt
2021-06-11,27.7,23.6,25.3,12.9,10.6,7.86,92,1010.1,98,24.0,Port Harcourt
2021-06-12,29.1,22.5,25.6,0.0,6.1,15.08,87,1012.3,90,23.2,Port Harcourt
2021-06-13,30.5,23.5,26.8,0.6,12.8,17.69,85,1012.3,89,23.9,Port Harcourt
2021-06-14,28.6,24.3,25.8,11.9,11.0,11.17,90,1012.2,94,24.0,Port Harcourt
2021-06-15,26.9,24.3,25.4,4.4,12.7,7.46,94,1012.3,95,24.3,Port Harcourt
2021-06-16,30.3,23.9,25.7,14.2,14.4,14.54,91,1012.2,76,24.0,Port Harcourt
2021-06-17,29.9,23.0,25.6,24.8,9.2,16.32,89,1014.0,81,23.4,Port Harcourt
2021-06-18,30.3,22.9,25.7,4.7,9.5,17.87,88,1013.4,71,23.5,Port Harcourt
2021-06-19,27.5,23.6,25.0,9.7,8.4,9.85,94,1013.1,93,24.0,Port Harcourt
2021-06-20,29.0,23.4,25.3,15.9,13.2,17.21,90,1013.2,84,23.4,Port Harcourt
2021-06-21,27.3,23.5,24.7,15.8,9.2,10.25,92,1013.5,99,23.3,Port Harcourt
2021-06-22,27.6,23.2,24.6,11.7,8.4,10.54,92,1012.9,99,23.2,Port Harcourt
2021-06-23,28.1,23.0,24.5,10.0,13.7,12.64,92,1012.8,90,23.1,Port Harcourt
2021-06-24,29.5,22.3,25.6,0.5,7.3,19.13,85,1012.1,68,22.7,Port Harcourt
2021-06-25,29.1,23.2,25.6,16.6,10.0,15.16,90,1011.7,80,23.7,Port Harcourt
2021-06-26,28.2,23.2,25.1,18.3,10.5,9.49,90,1011.2,99,23.4,Port Harcourt
2021-06-27,28.4,23.3,25.4,2.1,14.3,14.12,88,1011.3,99,23.2,Port Harcourt
2021-06-28,29.7,22.8,25.4,3.1,13.0,15.02,88,1013.0,98,23.0,Port Harcourt
2021-06-29,27.5,22.9,24.7,12.3,9.5,10.03,90,1014.4,99,22.8,Port Harcourt
2021-06-30,30.1,21.9,25.4,1.7,11.3,19.72,87,1014.1,79,22.8,Port Harcourt
2021-07-01,26.8,23.3,24.8,9.1,9.8,12.1,91,1013.8,91,23.2,Port Harcourt
2021-07-02,29.4,23.1,25.3,12.5,10.4,16.33,90,1013.0,89,23.5,Port Harcourt
2021-07-03,25.3,23.1,24.2,13.5,10.9,7.06,94,1013.4,99,23.2,Port Harcourt
2021-07-04,26.2,22.9,24.2,9.0,10.6,9.18,94,1014.4,98,23.1,Port Harcourt
2021-07-05,27.4,22.7,24.6,6.2,6.9,12.02,92,1014.8,94,23.2,Port Harcourt
2021-07-06,27.8,22.3,24.7,1.7,8.4,11.26,90,1013.5,88,22.9,Port Harcourt
2021-07-07,27.9,23.2,24.9,7.6,11.7,12.66,91,1012.5,96,23.3,Port Harcourt
2021-07-08,28.1,23.7,25.0,9.3,12.6,13.53,90,1013.7,97,23.3,Port Harcourt
2021-07-09,27.5,23.3,24.9,7.5,11.4,12.71,91,1013.9,89,23.2,Port Harcourt
2021-07-10,28.6,22.4,24.9,5.2,10.1,17.0,90,1013.7,81,23.0,Port Harcourt
2021-07-11,28.9,22.3,24.8,8.2,11.5,15.52,90,1013.8,73,23.0,Port Harcourt
2021-07-12,28.8,22.2,24.8,8.6,8.7,13.68,91,1014.3,83,23.1,Port Harcourt
2021-07-13,28.5,22.3,24.7,14.1,13.6,15.71,92,1013.4,84,23.2,Port Harcourt
2021-07-14,27.9,22.6,24.8,6.7,10.7,13.84,91,1013.0,88,23.2,Port Harcourt
2021-07-15,27.9,22.9,24.7,12.0,14.0,12.01,90,1012.2,87,23.0,Port Harcourt
2021-07-16,25.9,23.3,24.3,16.6,15.5,7.28,93,1012.9,97,23.1,Port Harcourt
2021-07-17,28.3,23.7,25.5,2.0,10.2,12.95,87,1014.0,89,23.0,Port Harcourt
2021-07-18,28.8,22.5,25.1,3.0,8.6,9.84,88,1013.7,95,22.9,Port Harcourt
2021-07-19,26.8,23.7,25.0,4.2,13.2,8.9,89,1013.4,91,23.2,Port Harcourt
2021-07-20,29.3,24.0,26.2,1.7,11.8,17.13,82,1014.1,78,22.7,Port Harcourt
2021-07-21,28.0,24.2,25.5,0.7,11.4,7.67,86,1015.5,90,22.8,Port Harcourt
2021-07-22,26.8,23.7,24.8,0.7,8.9,6.77,89,1016.0,87,22.9,Port Harcourt
2021-07-23,28.5,23.1,25.2,2.3,12.4,14.1,89,1014.9,92,23.1,Port Harcourt
2021-07-24,29.4,22.9,25.5,0.9,16.0,18.94,84,1013.8,67,22.5,Port Harcourt
2021-07-25,29.0,22.4,25.5,0.0,12.2,16.39,81,1013.6,71,21.7,Port Harcourt
2021-07-26,29.0,23.2,25.5,0.0,13.7,15.21,81,1013.2,83,21.8,Port Harcourt
2021-07-27,29.6,21.8,25.4,0.1,14.1,18.9,80,1013.2,78,21.4,Port Harcourt
2021-07-28,30.2,22.5,25.9,0.0,10.1,19.41,79,1012.9,83,21.7,Port Harcourt
2021-07-29,29.8,23.0,25.9,1.2,13.8,18.28,80,1013.0,72,22.1,Port Harcourt
2021-07-30,30.1,22.5,25.8,2.9,13.3,19.05,83,1013.6,76,22.5,Port Harcourt
2021-07-31,28.6,23.3,25.2,4.8,10.9,14.27,88,1014.3,59,23.0,Port Harcourt
2021-08-01,30.5,23.3,26.4,1.0,10.9,19.03,81,1015.1,87,22.7,Port Harcourt
2021-08-02,29.4,23.8,25.3,19.5,12.1,12.34,89,1014.6,92,23.4,Port Harcourt
2021-08-03,27.0,23.8,25.0,3.2,8.6,9.09,93,1013.8,99,23.7,Port Harcourt
2021-08-04,28.5,23.3,25.2,9.0,15.3,15.37,88,1014.4,82,23.1,Port Harcourt
2021-08-05,28.4,23.3,24.9,9.0,11.0,10.7,91,1015.7,82,23.2,Port Harcourt
2021-08-06,28.4,23.2,24.8,22.6,12.4,12.38,91,1015.2,95,23.3,Port Harcourt
2021-08-07,27.3,23.5,24.8,11.9,13.5,10.18,92,1014.4,96,23.3,Port Harcourt
2021-08-08,27.2,23.6,24.5,24.7,23.1,10.36,93,1014.6,96,23.3,Port Harcourt
2021-08-09,26.7,23.3,24.7,7.4,9.7,10.7,92,1015.0,86,23.4,Port Harcourt
2021-08-10,29.4,22.8,24.9,9.6,13.6,14.37,90,1014.0,87,23.1,Port Harcourt
2021-08-11,27.1,23.1,24.4,12.9,15.0,10.5,92,1013.3,91,22.9,Port Harcourt
2021-08-12,28.4,23.2,25.1,1.8,12.4,11.52,88,1013.4,84,22.9,Port Harcourt
2021-08-13,29.1,22.6,25.6,2.1,12.7,18.67,84,1013.7,74,22.4,Port Harcourt
2021-08-14,29.7,23.3,26.0,1.8,12.5,19.31,83,1012.4,73,22.7,Port Harcourt
2021-08-15,28.5,23.7,25.5,2.4,12.6,16.46,88,1011.6,89,23.3,Port Harcourt
2021-08-16,27.7,23.4,25.0,6.5,13.0,11.49,90,1012.4,91,23.2,Port Harcourt
2021-08-17,26.3,23.6,24.6,10.4,7.2,7.48,94,1013.9,99,23.5,Port Harcourt
2021-08-18,27.8,23.1,24.7,2.6,9.1,8.51,90,1014.0,98,23.0,Port Harcourt
2021-08-19,28.3,22.9,24.3,21.9,14.3,10.68,93,1012.4,97,23.0,Port Harcourt
2021-08-20,25.7,22.9,24.1,14.3,10.7,10.2,93,1011.8,93,22.9,Port Harcourt
2021-08-21,27.8,23.3,24.6,17.3,13.2,12.17,91,1012.2,96,23.0,Port Harcourt
2021-08-22,27.4,22.8,24.0,53.2,8.6,9.89,93,1011.6,94,22.8,Port Harcourt
2021-08-23,27.2,23.1,24.7,81.1,10.9,14.19,93,1010.5,86,23.4,Port Harcourt
2021-08-24,27.4,23.0,24.7,9.8,11.7,11.96,92,1010.1,83,23.3,Port Harcourt
2021-08-25,28.7,23.3,25.2,15.1,8.8,12.71,90,1010.0,95,23.3,Port Harcourt
2021-08-26,26.9,23.3,24.4,8.9,11.0,8.9,93,1011.3,97,23.3,Port Harcourt
2021-08-27,27.4,23.1,24.7,11.0,12.4,11.11,92,1012.6,89,23.3,Port Harcourt
2021-08-28,28.6,23.0,24.9,5.4,10.3,13.73,92,1012.3,92,23.4,Port Harcourt
2021-08-29,28.5,23.3,24.9,14.3,11.1,11.78,92,1010.7,96,23.4,Port Harcourt
2021-08-30,28.6,23.4,25.4,6.7,10.6,14.4,90,1010.7,91,23.5,Port Harcourt
2021-08-31,30.0,23.1,25.6,6.1,11.2,18.0,89,1010.6,88,23.6,Port Harcourt
2021-09-01,26.2,23.7,24.7,15.8,11.2,7.88,93,1010.8,100,23.4,Port Harcourt
2021-09-02,27.1,23.7,24.7,10.3,13.8,9.39,93,1011.6,95,23.5,Port Harcourt
2021-09-03,25.2,22.9,23.7,33.8,13.3,4.92,95,1012.6,99,22.9,Port Harcourt
2021-09-04,26.8,23.0,24.3,8.2,9.2,8.89,92,1012.1,97,23.0,Port Harcourt
2021-09-05,29.0,22.6,24.6,16.5,12.8,13.76,93,1012.6,88,23.3,Port Harcourt
2021-09-06,27.5,22.9,25.0,5.9,8.6,11.65,90,1012.9,94,23.2,Port Harcourt
2021-09-07,28.3,22.8,24.8,11.3,9.9,12.43,91,1012.3,91,23.1,Port Harcourt
2021-09-08,28.7,23.4,25.2,6.7,14.0,16.19,91,1011.7,72,23.7,Port Harcourt
2021-09-09,29.8,22.4,25.7,1.5,8.9,19.03,89,1011.6,76,23.6,Port Harcourt
2021-09-10,29.6,23.5,25.1,18.0,8.3,9.63,91,1012.6,94,23.5,Port Harcourt
2021-09-11,30.5,23.1,25.6,7.6,10.5,16.71,88,1013.0,94,23.4,Port Harcourt
2021-09-12,28.1,23.9,24.9,19.2,13.1,9.17,93,1012.2,95,23.6,Port Harcourt
2021-09-13,27.4,23.2,24.3,21.6,12.0,9.83,93,1011.8,97,23.1,Port Harcourt
2021-09-14,27.6,23.4,24.9,6.8,15.1,11.63,91,1011.8,95,23.2,Port Harcourt
2021-09-15,28.4,23.2,25.2,18.1,13.5,12.25,90,1012.8,93,23.5,Port Harcourt
2021-09-16,29.6,23.1,25.5,5.6,9.0,15.52,88,1013.5,80,23.3,Port Harcourt
2021-09-17,28.1,22.8,25.3,1.8,10.0,11.28,91,1012.8,88,23.6,Port Harcourt
2021-09-18,27.4,23.6,25.1,9.3,11.8,12.21,91,1012.5,93,23.5,Port Harcourt
2021-09-19,29.3,23.2,25.2,7.0,9.4,14.4,91,1011.9,81,23.5,Port Harcourt
2021-09-20,30.2,22.6,25.4,5.6,10.3,15.36,89,1011.3,88,23.4,Port Harcourt
2021-09-21,25.1,23.2,24.0,32.6,9.3,5.81,94,1011.9,99,23.0,Port Harcourt
2021-09-22,26.5,23.4,24.4,37.3,10.2,7.68,94,1012.1,98,23.4,Port Harcourt
2021-09-23,29.9,22.8,25.8,7.1,9.7,15.26,87,1011.8,88,23.2,Port Harcourt
2021-09-24,27.7,24.2,25.7,9.3,9.7,12.12,89,1012.3,96,23.8,Port Harcourt
2021-09-25,25.0,22.9,23.9,33.5,10.3,6.7,94,1012.7,99,22.9,Port Harcourt
2021-09-26,26.7,23.4,24.5,6.3,10.5,6.77,93,1012.5,95,23.2,Port Harcourt
2021-09-27,28.9,23.0,25.0,12.9,10.5,12.39,92,1012.0,96,23.5,Port Harcourt
2021-09-28,29.8,22.4,25.6,2.1,10.6,19.71,87,1010.7,75,23.1,Port Harcourt
2021-09-29,28.1,23.5,25.1,11.0,9.4,13.27,91,1010.9,95,23.4,Port Harcourt
2021-09-30,28.6,23.2,25.1,5.4,10.9,12.19,92,1011.0,93,23.6,Port Harcourt
2021-10-01,27.8,22.8,24.8,3.5,10.9,8.96,93,1011.9,100,23.5,Port Harcourt
2021-10-02,30.3,23.1,25.8,6.1,9.2,18.28,89,1010.8,88,23.8,Port Harcourt
2021-10-03,29.0,23.8,25.3,7.4,11.9,11.24,91,1011.0,95,23.7,Port Harcourt
2021-10-04,30.2,23.4,26.1,6.5,12.1,18.65,89,1010.8,87,24.1,Port Harcourt
2021-10-05,29.4,23.5,25.4,11.8,13.5,12.28,91,1010.9,92,23.7,Port Harcourt
2021-10-06,26.9,23.7,24.9,12.9,10.5,9.2,92,1011.1,97,23.5,Port Harcourt
2021-10-07,28.9,22.7,25.7,1.3,14.8,15.7,89,1010.5,96,23.6,Port Harcourt
2021-10-08,29.7,24.3,26.3,4.9,10.8,19.46,90,1009.0,75,24.4,Port Harcourt
2021-10-09,27.0,24.2,25.0,69.6,12.6,6.08,94,1010.2,100,23.9,Port Harcourt
2021-10-10,27.8,23.2,25.2,6.5,11.4,12.08,92,1011.4,98,23.8,Port Harcourt
2021-10-11,29.9,23.3,26.1,1.8,6.6,13.51,88,1011.4,75,23.7,Port Harcourt
2021-10-12,30.7,23.8,26.5,7.2,10.6,18.33,88,1010.6,81,24.2,Port Harcourt
2021-10-13,28.4,23.6,25.1,13.8,9.8,10.57,93,1010.6,85,23.7,Port Harcourt
2021-10-14,30.3,23.4,25.6,13.0,8.4,13.01,90,1010.8,85,23.7,Port Harcourt
2021-10-15,30.3,23.0,25.9,2.2,12.4,20.37,89,1010.3,67,23.7,Port Harcourt
2021-10-16,28.9,22.8,25.2,6.1,12.0,15.47,90,1010.3,69,23.3,Port Harcourt
2021-10-17,28.4,22.9,24.4,13.4,13.7,10.84,93,1010.4,90,23.2,Port Harcourt
2021-10-18,30.8,22.3,25.3,11.2,20.2,16.72,91,1010.4,100,23.5,Port Harcourt
2021-10-19,28.2,23.5,24.5,22.4,12.8,7.71,94,1011.7,100,23.5,Port Harcourt
2021-10-20,29.2,23.1,25.8,1.4,9.5,13.55,89,1011.7,97,23.6,Port Harcourt
2021-10-21,30.7,23.2,25.6,23.4,10.3,15.3,88,1011.4,96,23.4,Port Harcourt
2021-10-22,26.4,23.3,24.4,32.7,9.6,9.07,93,1011.5,100,23.1,Port Harcourt
2021-10-23,27.6,23.0,24.4,25.7,8.3,6.41,93,1012.9,98,23.2,Port Harcourt
2021-10-24,31.2,22.6,26.4,0.4,10.9,20.98,84,1012.1,72,23.2,Port Harcourt
2021-10-25,28.2,24.6,25.5,28.0,12.8,10.0,92,1011.9,100,24.1,Port Harcourt
2021-10-26,30.1,23.1,25.5,8.5,8.4,14.58,91,1012.2,99,23.8,Port Harcourt
2021-10-27,30.3,23.0,25.7,7.7,11.2,17.88,88,1011.5,95,23.5,Port Harcourt
2021-10-28,28.8,23.7,25.6,11.9,12.0,12.18,90,1011.1,92,23.8,Port Harcourt
2021-10-29,31.3,23.9,26.6,2.0,9.0,18.93,87,1009.6,91,24.2,Port Harcourt
2021-10-30,27.0,23.6,25.1,21.3,10.4,8.03,93,1010.5,100,23.8,Port Harcourt
2021-10-31,28.3,23.7,25.8,1.1,9.2,11.01,89,1012.1,100,23.8,Port Harcourt
2021-11-01,27.7,22.6,24.9,12.7,12.0,11.69,90,1012.7,96,23.1,Port Harcourt
2021-11-02,30.2,22.6,24.6,11.0,10.9,13.0,90,1012.9,86,22.7,Port Harcourt
2021-11-03,30.5,22.0,25.8,3.5,11.2,20.65,86,1011.5,68,23.1,Port Harcourt
2021-11-04,29.7,23.6,26.0,3.6,12.3,16.38,88,1010.8,84,23.8,Port Harcourt
2021-11-05,30.6,23.4,26.0,6.4,11.3,13.12,87,1010.5,95,23.5,Port Harcourt
2021-11-06,28.6,24.0,25.6,12.7,9.9,10.3,91,1009.9,100,23.9,Port Harcourt
2021-11-07,29.4,23.8,25.7,6.0,10.5,10.96,91,1009.3,100,24.0,Port Harcourt
2021-11-08,28.8,23.7,25.4,13.4,13.0,12.0,92,1009.2,99,23.9,Port Harcourt
2021-11-09,30.4,23.7,25.7,3.2,11.7,15.27,90,1009.7,100,23.9,Port Harcourt
2021-11-10,28.5,23.2,25.2,10.9,12.3,11.32,90,1010.5,97,23.3,Port Harcourt
2021-11-11,28.2,23.4,25.0,10.7,9.4,9.61,91,1010.8,96,23.4,Port Harcourt
2021-11-12,31.4,22.0,26.3,0.0,13.1,19.48,83,1009.1,98,22.9,Port Harcourt
2021-11-13,30.7,22.8,25.8,12.1,9.4,18.26,88,1009.2,83,23.4,Port Harcourt
2021-11-14,29.1,23.8,25.1,3.7,11.7,12.59,91,1010.6,78,23.5,Port Harcourt
2021-11-15,30.5,22.0,25.3,3.8,13.8,18.89,89,1010.6,62,23.2,Port Harcourt
2021-11-16,29.0,23.6,25.2,1.9,9.4,9.59,91,1010.1,94,23.5,Port Harcourt
2021-11-17,30.5,22.7,25.7,5.7,13.4,17.73,89,1009.5,75,23.7,Port Harcourt
2021-11-18,29.0,23.3,25.8,9.9,8.8,14.11,90,1010.2,80,23.9,Port Harcourt
2021-11-19,27.3,22.7,24.6,16.4,12.7,9.82,92,1010.7,76,23.2,Port Harcourt
2021-11-20,29.2,22.4,24.7,8.1,8.7,13.0,92,1010.1,84,23.2,Port Harcourt
2021-11-21,31.1,23.2,26.1,5.5,10.1,16.84,89,1008.7,76,24.1,Port Harcourt
2021-11-22,28.7,23.6,25.2,11.7,10.3,9.51,92,1010.0,79,23.8,Port Harcourt
2021-11-23,29.1,23.2,25.5,13.3,13.8,12.97,89,1011.5,68,23.5,Port Harcourt
2021-11-24,31.2,22.7,26.3,2.0,8.0,16.3,86,1010.4,78,23.6,Port Harcourt
2021-11-25,28.4,23.4,25.1,5.4,8.7,14.45,91,1009.8,43,23.5,Port Harcourt
2021-11-26,30.2,23.5,25.7,3.1,15.9,16.82,88,1010.1,39,23.5,Port Harcourt
2021-11-27,29.3,23.7,25.8,4.6,11.9,13.05,89,1010.2,76,23.8,Port Harcourt
2021-11-28,30.0,23.9,25.6,6.0,15.3,15.1,91,1010.1,72,23.9,Port Harcourt
2021-11-29,29.4,23.4,26.0,12.2,9.4,16.31,88,1009.9,57,23.8,Port Harcourt
2021-11-30,29.9,23.5,26.2,11.1,11.9,15.63,87,1010.3,62,23.8,Port Harcourt
2021-12-01,31.6,23.0,26.7,0.3,14.0,19.21,85,1009.3,23,23.7,Port Harcourt
2021-12-02,29.2,23.8,25.8,6.4,10.1,16.46,90,1008.7,74,24.0,Port Harcourt
2021-12-03,31.2,23.8,26.6,0.7,16.8,17.33,87,1009.5,85,24.1,Port Harcourt
2021-12-04,31.7,23.5,27.2,0.2,11.2,18.26,84,1009.4,70,24.0,Port Harcourt
2021-12-05,30.1,23.9,26.2,2.1,12.9,13.82,89,1009.7,96,24.3,Port Harcourt
2021-12-06,30.7,24.3,26.9,0.4,14.9,17.81,85,1010.4,100,23.9,Port Harcourt
2021-12-07,30.9,24.2,26.7,1.2,10.8,14.79,87,1010.7,86,24.2,Port Harcourt
2021-12-08,30.9,24.5,27.1,0.7,10.8,16.93,87,1010.6,43,24.5,Port Harcourt
2021-12-09,32.7,22.5,27.1,0.0,9.4,20.06,82,1009.0,8,23.3,Port Harcourt
2021-12-10,31.8,22.9,27.0,0.0,12.6,20.4,84,1007.6,16,23.8,Port Harcourt
2021-12-11,32.9,24.5,27.4,0.4,10.6,17.46,80,1007.6,52,22.8,Port Harcourt
2021-12-12,32.0,24.3,27.6,0.0,10.9,19.84,80,1008.1,58,23.5,Port Harcourt
2021-12-13,32.0,23.4,27.4,0.0,10.6,19.24,82,1008.5,48,23.7,Port Harcourt
2021-12-14,31.2,24.1,27.2,0.9,10.6,18.03,85,1008.4,80,24.3,Port Harcourt
2021-12-15,31.0,23.7,26.4,4.1,12.3,17.37,87,1008.9,95,23.9,Port Harcourt
2021-12-16,33.5,22.3,26.5,0.0,12.3,20.31,76,1009.3,85,20.7,Port Harcourt
2021-12-17,31.9,22.0,26.5,0.0,9.9,20.21,72,1010.1,83,20.1,Port Harcourt
2021-12-18,32.8,21.1,26.5,0.0,12.0,20.37,69,1009.9,63,19.2,Port Harcourt
2021-12-19,32.6,19.7,25.9,0.0,10.0,20.28,67,1009.5,62,17.9,Port Harcourt
2021-12-20,32.0,20.8,26.2,0.0,10.5,18.66,64,1009.2,62,17.8,Port Harcourt
2021-12-21,32.8,20.8,26.4,0.0,10.5,20.45,59,1009.1,43,16.7,Port Harcourt
2021-12-22,33.0,20.2,26.3,0.0,12.1,20.44,65,1009.7,68,17.7,Port Harcourt
2021-12-23,34.1,22.0,27.2,0.0,10.9,20.02,68,1008.9,83,18.9,Port Harcourt
2021-12-24,33.2,23.2,27.5,0.0,17.5,19.21,78,1009.0,69,22.9,Port Harcourt
2021-12-25,29.5,23.9,26.6,1.6,11.0,12.7,83,1009.5,90,23.4,Port Harcourt
2021-12-26,32.7,23.0,27.2,0.0,15.6,18.14,80,1009.8,88,23.1,Port Harcourt
2021-12-27,31.4,24.0,27.1,0.3,11.7,12.37,83,1010.1,82,23.8,Port Harcourt
2021-12-28,33.0,23.7,27.1,0.3,19.1,17.57,81,1010.5,92,23.2,Port Harcourt
2021-12-29,31.8,23.4,26.9,0.0,8.5,12.69,79,1011.2,100,22.4,Port Harcourt
2021-12-30,33.3,23.2,27.1,0.0,12.6,16.68,78,1009.9,69,22.1,Port Harcourt
2021-12-31,31.8,23.7,27.4,0.3,14.0,17.64,78,1010.6,62,23.0,Port Harcourt
2022-01-01,31.6,24.1,27.2,0.1,13.8,16.53,81,1010.7,90,23.5,Port Harcourt
2022-01-02,34.1,24.0,27.8,0.1,9.0,17.07,73,1009.3,99,21.3,Port Harcourt
2022-01-03,33.0,23.1,27.0,0.0,9.4,19.27,69,1009.6,96,19.0,Port Harcourt
2022-01-04,31.8,22.3,26.9,0.0,11.9,15.65,69,1010.4,98,19.5,Port Harcourt
2022-01-05,33.5,23.1,27.7,0.0,13.7,18.82,77,1010.1,43,22.6,Port Harcourt
2022-01-06,34.1,23.0,27.9,0.0,18.2,19.11,76,1009.1,39,22.7,Port Harcourt
2022-01-07,32.6,23.9,27.7,0.7,12.7,16.38,80,1009.7,64,23.7,Port Harcourt
2022-01-08,31.9,24.2,27.7,0.8,13.4,15.51,81,1009.6,83,23.8,Port Harcourt
2022-01-09,32.0,24.4,26.1,17.2,10.5,12.59,87,1009.9,98,23.6,Port Harcourt
2022-01-10,32.8,22.8,27.0,0.3,15.2,18.1,82,1008.3,81,23.1,Port Harcourt
2022-01-11,31.9,23.7,27.3,0.1,16.4,16.47,80,1008.9,62,23.1,Port Harcourt
2022-01-12,32.3,23.7,27.4,1.2,12.4,16.36,81,1010.4,72,23.6,Port Harcourt
2022-01-13,30.4,24.6,26.7,1.5,13.0,11.31,84,1011.9,94,23.7,Port Harcourt
2022-01-14,28.7,24.0,26.1,1.3,9.4,10.35,86,1012.2,99,23.4,Port Harcourt
2022-01-15,30.8,23.7,25.9,2.7,18.8,12.93,87,1011.2,70,23.4,Port Harcourt
2022-01-16,30.8,22.6,25.3,3.8,13.4,14.96,87,1012.1,83,22.8,Port Harcourt
2022-01-17,30.5,22.7,25.6,2.5,14.7,14.31,87,1012.8,100,23.1,Port Harcourt
2022-01-18,29.0,22.4,24.8,4.9,12.3,12.12,90,1013.1,100,22.9,Port Harcourt
2022-01-19,32.6,22.7,26.2,0.0,12.2,15.59,64,1011.6,88,16.7,Port Harcourt
2022-01-20,32.3,20.2,25.5,0.0,12.8,15.65,51,1010.9,83,13.1,Port Harcourt
2022-01-21,31.7,20.2,26.4,0.0,11.6,19.99,69,1010.6,99,19.2,Port Harcourt
2022-01-22,32.6,21.7,26.6,0.0,15.3,18.92,80,1010.6,46,22.3,Port Harcourt
2022-01-23,34.0,22.6,27.3,0.1,14.8,18.91,77,1010.2,29,22.0,Port Harcourt
2022-01-24,34.8,23.8,28.0,0.0,11.4,20.18,68,1009.1,27,19.6,Port Harcourt
2022-01-25,35.3,23.3,27.8,0.0,12.4,21.24,58,1008.4,50,15.0,Port Harcourt
2022-01-26,32.6,18.5,25.5,0.0,12.1,21.46,52,1008.7,50,12.7,Port Harcourt
2022-01-27,32.8,21.5,26.8,0.0,14.2,19.5,74,1009.5,43,21.1,Port Harcourt
2022-01-28,34.5,22.1,27.7,0.0,12.3,21.01,67,1009.6,61,19.0,Port Harcourt
2022-01-29,34.4,22.1,27.0,0.0,12.4,21.55,61,1009.5,72,16.2,Port Harcourt
2022-01-30,33.6,18.5,26.0,0.0,11.9,21.67,51,1009.7,44,12.6,Port Harcourt
2022-01-31,34.0,17.7,25.7,0.0,15.7,22.12,53,1009.1,29,12.4,Port Harcourt
2022-02-01,34.6,19.5,26.9,0.0,15.7,21.1,59,1009.5,44,15.7,Port Harcourt
2022-02-02,34.7,23.3,27.9,0.0,20.4,19.88,70,1010.0,47,21.1,Port Harcourt
2022-02-03,33.2,24.1,27.6,1.6,15.1,17.65,76,1011.3,59,22.5,Port Harcourt
2022-02-04,34.1,22.9,27.7,0.0,14.1,19.57,74,1011.0,53,21.7,Port Harcourt
2022-02-05,36.1,22.2,27.8,0.0,15.3,21.86,64,1010.2,10,16.4,Port Harcourt
2022-02-06,34.1,22.7,27.6,0.0,14.8,20.99,75,1009.9,50,21.6,Port Harcourt
2022-02-07,35.2,23.4,28.2,0.0,17.0,21.17,73,1009.5,62,21.8,Port Harcourt
2022-02-08,34.7,23.1,28.2,0.0,16.7,20.6,74,1009.4,47,22.3,Port Harcourt
2022-02-09,34.2,23.6,28.1,0.1,16.9,19.26,77,1009.5,32,23.1,Port Harcourt
2022-02-10,36.4,24.1,28.8,0.0,15.7,20.91,75,1008.4,44,23.1,Port Harcourt
2022-02-11,36.1,25.5,29.0,0.5,22.0,20.98,75,1007.6,66,23.0,Port Harcourt
2022-02-12,34.5,24.4,28.5,0.5,18.8,20.37,75,1008.5,50,23.0,Port Harcourt
2022-02-13,34.3,24.1,28.7,0.0,18.5,18.43,73,1009.1,72,22.5,Port Harcourt
2022-02-14,33.5,25.0,28.9,0.2,16.4,18.41,75,1008.9,36,23.5,Port Harcourt
2022-02-15,34.1,24.4,28.7,0.3,17.7,20.06,76,1009.3,43,23.5,Port Harcourt
2022-02-16,32.5,25.0,28.1,0.5,14.0,16.55,78,1009.7,90,23.6,Port Harcourt
2022-02-17,32.6,24.2,27.8,1.2,15.9,17.72,78,1008.2,92,23.4,Port Harcourt
2022-02-18,33.9,24.9,28.2,1.4,15.1,16.62,78,1007.8,62,23.5,Port Harcourt
2022-02-19,32.0,24.9,27.7,0.5,18.6,17.61,79,1009.4,75,23.4,Port Harcourt
2022-02-20,34.4,23.8,28.0,0.9,16.9,19.34,76,1010.2,74,22.9,Port Harcourt
2022-02-21,34.1,23.9,28.3,0.0,16.8,19.77,76,1009.6,68,23.0,Port Harcourt
2022-02-22,34.4,24.2,28.8,0.1,18.4,20.5,74,1009.7,87,23.0,Port Harcourt
2022-02-23,34.3,25.4,29.0,0.9,15.3,19.38,74,1010.5,57,23.5,Port Harcourt
2022-02-24,33.3,24.9,28.7,0.2,14.9,19.97,76,1009.9,36,23.6,Port Harcourt
2022-02-25,35.8,25.0,29.2,0.3,16.3,20.55,76,1008.9,33,23.9,Port Harcourt
2022-02-26,34.7,25.0,29.1,0.2,17.0,19.42,77,1008.3,93,24.1,Port Harcourt
2022-02-27,33.4,25.8,28.7,1.4,17.2,18.3,78,1009.1,75,24.2,Port Harcourt
2022-02-28,34.1,24.5,28.7,0.2,18.3,19.9,73,1009.0,72,22.8,Port Harcourt
2022-03-01,35.1,25.4,29.6,0.0,18.1,20.78,71,1008.5,39,23.2,Port Harcourt
2022-03-02,33.4,25.8,28.8,2.3,17.3,16.13,74,1008.8,70,23.5,Port Harcourt
2022-03-03,32.7,25.0,27.2,4.6,17.4,15.06,82,1009.5,87,23.7,Port Harcourt
2022-03-04,31.4,24.2,27.1,6.8,12.4,12.62,84,1008.7,99,23.9,Port Harcourt
2022-03-05,33.4,24.1,28.1,0.4,15.8,19.79,78,1008.3,56,23.5,Port Harcourt
2022-03-06,31.5,25.5,27.8,2.4,12.6,14.94,80,1008.1,99,23.8,Port Harcourt
2022-03-07,32.9,24.1,27.9,1.9,12.6,19.49,79,1007.7,100,23.7,Port Harcourt
2022-03-08,32.0,24.9,27.6,4.3,14.5,15.8,84,1006.9,98,24.6,Port Harcourt
2022-03-09,32.7,24.4,26.1,20.7,17.1,10.5,89,1007.0,100,24.1,Port Harcourt
2022-03-10,30.3,24.8,27.2,6.1,13.8,12.09,85,1007.7,96,24.3,Port Harcourt
2022-03-11,31.7,24.4,27.1,5.3,12.5,16.74,86,1008.2,100,24.3,Port Harcourt
2022-03-12,28.5,24.2,25.4,9.1,15.4,8.59,91,1008.8,99,23.8,Port Harcourt
2022-03-13,32.2,24.3,27.3,3.0,12.9,17.97,82,1008.3,77,23.7,Port Harcourt
2022-03-14,32.9,24.2,27.4,1.4,13.0,17.51,84,1008.0,66,24.1,Port Harcourt
2022-03-15,30.9,24.5,27.0,1.9,17.0,15.54,83,1009.9,100,23.8,Port Harcourt
2022-03-16,32.2,23.8,27.6,1.1,13.4,19.17,80,1009.4,55,23.5,Port Harcourt
2022-03-17,32.0,24.4,27.9,0.3,14.3,19.84,80,1008.3,90,23.8,Port Harcourt
2022-03-18,32.6,24.8,28.4,0.2,14.2,20.78,78,1008.0,93,23.8,Port Harcourt
2022-03-19,32.1,25.1,27.9,1.0,14.3,19.19,80,1008.8,76,24.0,Port Harcourt
2022-03-20,31.2,24.2,27.2,0.7,15.9,13.28,81,1009.8,91,23.5,Port Harcourt
2022-03-21,32.9,24.8,27.9,0.8,17.1,19.38,79,1009.4,69,23.5,Port Harcourt
2022-03-22,32.7,25.0,28.2,0.7,15.3,18.69,79,1008.9,84,23.9,Port Harcourt
2022-03-23,31.3,25.3,27.8,2.3,11.6,12.45,82,1009.3,92,24.1,Port Harcourt
2022-03-24,30.8,24.9,27.3,2.0,11.0,14.13,85,1008.8,99,24.4,Port Harcourt
2022-03-25,31.4,24.3,27.1,5.0,12.7,12.48,84,1008.1,100,24.0,Port Harcourt
2022-03-26,32.7,23.8,27.8,0.4,15.2,20.44,81,1007.9,74,23.9,Port Harcourt
2022-03-27,32.7,25.2,28.1,3.4,13.2,18.58,81,1009.2,79,24.3,Port Harcourt
2022-03-28,34.1,24.7,28.7,0.2,20.1,20.84,76,1009.6,55,23.7,Port Harcourt
2022-03-29,33.5,25.8,28.7,2.1,14.1,19.53,78,1008.5,45,24.1,Port Harcourt
2022-03-30,33.4,25.7,28.5,1.6,14.0,19.47,79,1006.4,75,24.2,Port Harcourt
2022-03-31,32.9,25.5,28.0,1.3,13.4,16.56,83,1007.2,63,24.6,Port Harcourt
2022-04-01,30.0,24.6,26.6,4.7,17.6,11.09,85,1009.2,97,23.8,Port Harcourt
2022-04-02,32.6,25.2,28.1,0.3,16.1,20.62,77,1009.6,90,23.4,Port Harcourt
2022-04-03,32.0,25.1,27.2,4.0,14.3,17.73,83,1009.4,63,23.7,Port Harcourt
2022-04-04,31.9,24.8,27.7,1.9,15.1,19.11,81,1009.7,96,23.9,Port Harcourt
2022-04-05,32.6,24.9,28.4,0.3,14.3,21.11,78,1009.9,85,23.9,Port Harcourt
2022-04-06,32.0,25.5,28.1,0.7,15.3,12.97,80,1009.2,99,24.2,Port Harcourt
2022-04-07,32.9,25.2,28.6,0.7,15.3,21.14,77,1009.0,47,23.8,Port Harcourt
2022-04-08,30.1,24.7,26.3,19.5,15.0,10.97,86,1009.6,97,23.7,Port Harcourt
2022-04-09,28.3,24.1,25.8,3.2,11.7,9.1,87,1009.4,100,23.4,Port Harcourt
2022-04-10,31.3,23.4,27.0,0.0,11.9,17.46,79,1008.0,79,22.8,Port Harcourt
2022-04-11,32.2,24.4,28.0,0.8,13.7,20.52,79,1007.9,60,23.7,Port Harcourt
2022-04-12,32.7,25.1,28.0,1.6,14.3,20.87,79,1008.0,86,23.5,Port Harcourt
2022-04-13,29.6,23.7,26.2,6.3,10.0,13.49,87,1008.1,97,23.8,Port Harcourt
2022-04-14,30.4,23.9,26.5,9.5,10.7,11.17,86,1009.0,96,23.9,Port Harcourt
2022-04-15,31.7,23.8,26.5,2.6,16.2,18.42,86,1009.8,88,23.9,Port Harcourt
2022-04-16,32.2,23.5,26.8,0.7,17.4,20.24,86,1009.4,79,24.0,Port Harcourt
2022-04-17,30.2,24.5,26.8,4.5,14.2,14.67,88,1008.8,97,24.5,Port Harcourt
2022-04-18,30.4,23.7,25.9,7.4,19.3,12.18,89,1009.8,100,23.8,Port Harcourt
2022-04-19,28.6,23.4,25.6,14.2,8.7,9.52,91,1010.8,99,23.9,Port Harcourt
2022-04-20,32.4,23.3,26.6,7.6,9.2,18.13,88,1009.9,86,24.3,Port Harcourt
2022-04-21,31.0,24.0,26.4,11.1,13.0,17.66,86,1009.6,95,23.7,Port Harcourt
2022-04-22,30.9,23.7,26.2,5.9,12.6,17.78,88,1009.2,94,24.0,Port Harcourt
2022-04-23,31.1,23.8,26.2,7.9,7.7,15.99,88,1009.3,98,24.0,Port Harcourt
2022-04-24,27.6,23.2,25.2,15.1,9.2,8.29,90,1009.3,100,23.4,Port Harcourt
2022-04-25,31.4,23.3,27.3,1.4,13.0,21.34,83,1008.5,86,24.0,Port Harcourt
2022-04-26,30.7,23.9,27.0,10.0,12.6,18.24,84,1008.7,100,23.9,Port Harcourt
2022-04-27,27.3,24.0,25.1,44.7,12.5,7.69,92,1009.9,100,23.6,Port Harcourt
2022-04-28,30.5,23.1,26.2,1.3,11.2,13.32,86,1009.6,98,23.5,Port Harcourt
2022-04-29,29.6,23.5,25.9,10.0,8.8,13.04,89,1010.5,93,23.8,Port Harcourt
2022-04-30,30.7,23.3,26.6,0.3,12.3,19.59,84,1011.2,71,23.4,Port Harcourt
2022-05-01,31.2,24.2,26.9,1.8,13.4,14.75,85,1011.8,96,24.1,Port Harcourt
2022-05-02,28.5,23.9,26.0,16.5,15.5,9.11,88,1011.5,100,23.7,Port Harcourt
2022-05-03,31.7,22.9,27.0,1.6,13.3,21.54,83,1009.8,58,23.6,Port Harcourt
2022-05-04,30.7,24.7,27.3,6.9,10.1,15.52,84,1010.6,100,24.3,Port Harcourt
2022-05-05,31.1,24.0,27.0,3.9,11.2,20.49,87,1010.9,90,24.5,Port Harcourt
2022-05-06,28.9,24.2,26.1,12.0,10.9,8.88,90,1010.9,96,24.1,Port Harcourt
2022-05-07,31.2,23.6,26.8,0.9,11.9,20.43,84,1010.3,96,23.6,Port Harcourt
2022-05-08,30.4,23.8,26.1,8.0,8.2,15.19,90,1009.7,95,24.1,Port Harcourt
2022-05-09,28.8,23.5,25.5,8.9,14.5,11.74,91,1010.5,100,24.0,Port Harcourt
2022-05-10,30.6,23.6,26.2,0.4,10.6,15.63,88,1010.4,100,24.0,Port Harcourt
2022-05-11,31.2,23.6,26.7,3.5,13.7,21.25,87,1011.0,92,24.1,Port Harcourt
2022-05-12,30.6,24.6,27.1,1.5,9.9,15.03,84,1011.1,89,23.9,Port Harcourt
2022-05-13,30.9,24.4,27.2,2.4,10.5,19.08,86,1011.1,80,24.4,Port Harcourt
2022-05-14,30.7,23.8,27.0,0.9,13.7,17.52,85,1011.1,98,24.1,Port Harcourt
2022-05-15,31.2,24.5,26.4,9.2,13.8,14.15,88,1011.5,86,24.2,Port Harcourt
2022-05-16,31.1,24.2,26.8,6.7,10.1,17.27,89,1011.6,89,24.7,Port Harcourt
2022-05-17,31.7,24.1,26.0,11.9,8.0,12.82,90,1011.4,100,24.1,Port Harcourt
2022-05-18,28.4,23.9,25.7,2.8,11.4,11.8,91,1010.3,100,24.1,Port Harcourt
2022-05-19,28.3,24.4,25.4,10.9,11.9,10.59,91,1011.0,100,23.7,Port Harcourt
2022-05-20,30.5,23.6,26.1,2.6,11.6,14.38,87,1011.6,90,23.8,Port Harcourt
2022-05-21,26.6,23.8,25.0,14.8,11.4,6.37,93,1012.8,100,23.7,Port Harcourt
2022-05-22,26.4,23.5,24.8,18.0,12.6,9.44,94,1013.1,100,23.7,Port Harcourt
2022-05-23,28.7,22.8,24.7,39.3,9.4,11.42,91,1012.6,99,23.1,Port Harcourt
2022-05-24,28.6,23.5,25.1,6.1,12.8,11.68,91,1013.1,100,23.4,Port Harcourt
2022-05-25,29.7,22.9,25.5,5.7,13.3,16.79,87,1014.5,82,23.0,Port Harcourt
2022-05-26,29.3,22.9,25.0,5.5,9.9,16.91,88,1015.2,79,22.7,Port Harcourt
2022-05-27,28.1,22.6,25.0,1.4,13.0,10.18,90,1014.2,91,23.1,Port Harcourt
2022-05-28,30.6,22.6,26.3,0.0,10.1,21.95,83,1012.4,32,22.9,Port Harcourt
2022-05-29,30.1,23.5,26.3,3.2,14.4,18.53,84,1011.4,36,23.2,Port Harcourt
2022-05-30,29.4,23.7,25.8,5.3,14.5,17.17,87,1011.3,88,23.3,Port Harcourt
2022-05-31,29.7,24.0,25.9,3.7,10.5,15.97,88,1011.2,100,23.6,Port Harcourt
2022-06-01,29.4,23.0,25.6,2.6,10.8,15.47,89,1010.2,94,23.5,Port Harcourt
2022-06-02,29.9,23.5,25.8,4.5,9.4,18.6,89,1009.0,82,23.7,Port Harcourt
2022-06-03,30.4,23.6,26.4,2.7,17.3,19.39,85,1009.3,89,23.5,Port Harcourt
2022-06-04,28.8,23.3,25.4,21.9,10.5,14.76,88,1010.4,98,23.3,Port Harcourt
2022-06-05,26.5,22.7,24.3,18.8,11.2,7.14,91,1011.5,96,22.8,Port Harcourt
2022-06-06,29.4,22.4,25.3,0.1,9.7,13.9,89,1011.7,95,23.2,Port Harcourt
2022-06-07,30.1,23.1,25.4,7.2,13.7,13.86,89,1012.0,95,23.3,Port Harcourt
2022-06-08,27.4,23.5,25.3,2.4,14.1,13.06,89,1012.1,100,23.2,Port Harcourt
2022-06-09,29.2,23.9,25.8,3.5,15.5,16.19,87,1010.8,76,23.4,Port Harcourt
2022-06-10,28.6,22.0,25.0,1.3,17.4,14.63,89,1011.0,84,23.1,Port Harcourt
2022-06-11,27.5,22.6,24.5,10.3,11.4,12.27,91,1012.3,95,22.8,Port Harcourt
2022-06-12,30.5,22.2,25.0,20.3,9.8,18.99,88,1012.7,89,22.7,Port Harcourt
2022-06-13,28.9,23.2,25.1,6.6,13.6,10.94,91,1012.0,100,23.4,Port Harcourt
2022-06-14,29.6,22.5,25.1,14.0,13.2,14.39,90,1010.9,99,23.3,Port Harcourt
2022-06-15,28.4,22.8,24.6,8.8,10.5,14.69,91,1011.4,94,23.0,Port Harcourt
2022-06-16,25.6,22.9,23.6,25.4,11.4,8.51,95,1011.9,100,22.7,Port Harcourt
2022-06-17,25.4,22.5,23.6,18.3,7.9,8.22,94,1012.5,100,22.5,Port Harcourt
2022-06-18,28.6,22.4,24.4,9.2,7.6,14.92,90,1013.1,90,22.5,Port Harcourt
2022-06-19,28.2,22.2,24.4,8.9,8.1,13.29,91,1013.4,99,22.7,Port Harcourt
2022-06-20,27.3,22.5,24.6,15.2,10.7,12.33,89,1013.2,96,22.6,Port Harcourt
2022-06-21,27.9,22.6,24.7,4.0,12.6,16.36,88,1012.6,81,22.5,Port Harcourt
2022-06-22,26.9,22.4,23.9,28.9,13.4,11.47,92,1012.5,96,22.4,Port Harcourt
2022-06-23,29.3,21.9,24.8,3.4,12.3,15.81,88,1012.1,91,22.6,Port Harcourt
2022-06-24,27.4,22.8,24.5,14.2,13.0,11.34,89,1011.8,96,22.5,Port Harcourt
2022-06-25,29.5,23.2,25.3,3.0,10.5,17.36,85,1011.8,99,22.6,Port Harcourt
2022-06-26,27.9,22.6,24.7,8.7,11.2,12.8,89,1012.5,100,22.6,Port Harcourt
2022-06-27,26.0,22.6,24.0,15.6,5.5,7.21,94,1012.8,100,23.0,Port Harcourt
2022-06-28,28.5,23.3,24.8,6.8,12.7,12.83,91,1012.7,95,23.2,Port Harcourt
2022-06-29,28.3,21.9,24.6,10.7,16.6,15.42,90,1012.6,92,22.7,Port Harcourt
2022-06-30,26.5,22.6,23.7,25.8,13.1,8.08,92,1012.8,100,22.4,Port Harcourt
2022-07-01,26.5,22.2,23.7,16.2,11.1,10.59,93,1013.1,100,22.5,Port Harcourt
2022-07-02,29.0,22.4,24.3,7.5,12.0,15.15,91,1014.2,97,22.6,Port Harcourt
2022-07-03,29.4,22.0,24.7,24.1,13.7,15.42,90,1014.1,73,22.8,Port Harcourt
2022-07-04,26.7,22.9,24.2,10.7,12.2,11.49,91,1014.1,100,22.7,Port Harcourt
2022-07-05,24.1,21.9,23.2,25.2,7.6,3.95,95,1014.2,98,22.4,Port Harcourt
2022-07-06,30.4,21.6,25.1,1.5,10.2,19.92,86,1013.4,79,22.3,Port Harcourt
2022-07-07,27.5,23.0,25.0,4.4,9.7,12.77,89,1013.4,97,23.0,Port Harcourt
2022-07-08,27.6,22.8,24.9,3.0,12.1,13.9,89,1014.1,95,22.9,Port Harcourt
2022-07-09,27.8,22.9,24.4,6.1,15.5,13.19,91,1014.3,99,22.7,Port Harcourt
2022-07-10,26.7,22.8,23.9,11.8,9.9,8.16,93,1013.0,99,22.7,Port Harcourt
2022-07-11,27.5,22.9,24.4,15.2,12.5,11.6,90,1012.3,100,22.5,Port Harcourt
2022-07-12,27.6,23.5,24.9,2.8,12.5,10.62,84,1013.6,98,22.0,Port Harcourt
2022-07-13,28.2,23.2,25.1,4.4,13.6,15.53,86,1013.7,97,22.5,Port Harcourt
2022-07-14,28.8,22.6,24.5,12.5,11.8,13.51,90,1012.6,85,22.6,Port Harcourt
2022-07-15,28.3,21.9,24.9,2.5,16.4,15.62,87,1011.9,80,22.4,Port Harcourt
2022-07-16,28.8,22.8,25.3,1.6,15.0,17.42,84,1012.4,89,22.3,Port Harcourt
2022-07-17,29.7,22.7,25.5,0.4,12.6,20.72,83,1013.5,92,22.2,Port Harcourt
2022-07-18,29.3,23.3,25.5,2.1,15.0,20.94,82,1013.4,88,22.0,Port Harcourt
2022-07-19,28.9,21.9,25.2,1.0,12.9,20.36,82,1012.9,50,21.7,Port Harcourt
2022-07-20,28.5,22.0,25.1,0.8,12.6,18.09,81,1012.2,60,21.4,Port Harcourt
2022-07-21,28.8,22.6,25.3,0.6,13.5,15.46,80,1012.2,96,21.5,Port Harcourt
2022-07-22,27.9,22.9,24.5,10.1,11.7,11.44,89,1012.1,100,22.5,Port Harcourt
2022-07-23,27.2,23.0,24.8,1.9,12.1,13.09,87,1012.4,99,22.5,Port Harcourt
2022-07-24,28.1,23.2,25.1,1.3,9.1,11.27,85,1012.6,97,22.4,Port Harcourt
2022-07-25,27.2,23.0,24.4,24.8,11.4,9.54,90,1012.6,98,22.7,Port Harcourt
2022-07-26,26.9,22.7,24.1,3.8,16.1,13.88,91,1012.3,89,22.5,Port Harcourt
2022-07-27,28.0,22.3,24.4,10.3,13.8,14.41,89,1012.1,99,22.4,Port Harcourt
2022-07-28,26.7,22.4,23.3,46.9,12.8,9.79,94,1012.9,100,22.1,Port Harcourt
2022-07-29,28.2,22.0,24.2,3.8,11.9,13.81,91,1013.6,88,22.5,Port Harcourt
2022-07-30,28.8,22.3,24.1,6.6,14.3,14.35,90,1013.9,95,22.4,Port Harcourt
2022-07-31,27.9,22.9,24.6,6.9,19.1,13.9,89,1013.4,96,22.5,Port Harcourt
2022-08-01,27.8,22.5,24.7,3.7,15.6,18.01,85,1013.6,78,22.0,Port Harcourt
2022-08-02,29.1,21.2,24.7,1.1,14.1,20.81,83,1013.5,87,21.3,Port Harcourt
2022-08-03,28.6,21.5,24.8,1.1,14.3,21.68,82,1012.7,58,21.4,Port Harcourt
2022-08-04,28.0,23.1,25.3,0.9,13.9,18.86,81,1012.2,82,21.8,Port Harcourt
2022-08-05,28.1,21.8,24.9,0.2,11.4,17.32,83,1013.0,77,21.5,Port Harcourt
2022-08-06,28.5,22.9,25.2,5.4,11.9,16.49,83,1012.9,78,22.0,Port Harcourt
2022-08-07,29.1,21.8,24.6,6.2,11.6,18.2,88,1011.8,76,22.3,Port Harcourt
2022-08-08,28.7,22.2,24.4,8.2,14.4,14.64,90,1011.9,99,22.5,Port Harcourt
2022-08-09,27.8,22.5,24.5,6.0,11.5,11.96,91,1012.4,99,22.9,Port Harcourt
2022-08-10,28.3,23.2,24.6,21.1,12.1,12.93,90,1012.5,97,22.8,Port Harcourt
2022-08-11,27.7,23.0,24.3,22.3,15.3,10.78,91,1012.4,98,22.8,Port Harcourt
2022-08-12,28.6,22.7,24.9,5.2,12.5,11.78,89,1012.3,99,22.9,Port Harcourt
2022-08-13,26.0,22.8,24.0,40.3,16.1,9.08,92,1012.8,99,22.6,Port Harcourt
2022-08-14,25.6,22.6,23.9,7.3,19.3,6.78,89,1011.7,100,22.0,Port Harcourt
2022-08-15,27.5,22.5,24.6,1.7,18.7,11.49,85,1011.7,88,21.9,Port Harcourt
2022-08-16,28.0,21.3,24.4,1.1,11.6,17.05,84,1012.8,86,21.5,Port Harcourt
2022-08-17,29.3,21.7,25.2,0.0,11.8,17.91,81,1012.3,91,21.5,Port Harcourt
2022-08-18,28.9,22.0,24.9,1.7,10.2,17.9,84,1012.1,99,21.9,Port Harcourt
2022-08-19,28.2,22.9,24.9,1.9,18.1,15.28,86,1012.2,95,22.3,Port Harcourt
2022-08-20,28.6,22.0,24.9,1.8,10.8,18.45,85,1013.7,67,22.1,Port Harcourt
2022-08-21,30.6,22.6,25.9,0.1,13.7,19.12,80,1012.3,81,22.0,Port Harcourt
2022-08-22,28.5,23.1,25.1,3.0,16.8,15.33,84,1011.0,94,22.2,Port Harcourt
2022-08-23,27.5,23.1,24.8,3.6,16.2,13.65,85,1012.1,90,22.1,Port Harcourt
2022-08-24,28.0,22.2,25.0,1.6,13.7,17.58,83,1014.1,84,21.8,Port Harcourt
2022-08-25,29.3,22.2,24.8,6.4,14.6,18.75,85,1013.4,95,21.9,Port Harcourt
2022-08-26,27.8,23.1,24.4,14.6,14.7,12.0,88,1011.9,99,22.2,Port Harcourt
2022-08-27,26.6,22.0,23.9,17.6,18.2,11.66,89,1011.5,88,21.9,Port Harcourt
2022-08-28,28.8,22.4,24.4,5.9,9.2,16.92,88,1012.2,92,22.1,Port Harcourt
2022-08-29,29.7,22.2,25.1,2.4,8.7,18.76,86,1012.2,96,22.3,Port Harcourt
2022-08-30,27.7,22.7,24.5,9.8,14.6,11.29,89,1011.7,93,22.5,Port Harcourt
2022-08-31,27.5,23.3,24.8,4.3,13.0,12.96,88,1012.0,96,22.8,Port Harcourt
2022-09-01,28.6,22.6,24.7,2.8,10.5,12.26,87,1012.9,97,22.3,Port Harcourt
2022-09-02,28.5,21.9,24.2,6.0,11.2,12.45,89,1014.1,99,22.2,Port Harcourt
2022-09-03,29.9,21.8,24.8,3.1,12.9,16.92,87,1014.1,79,22.3,Port Harcourt
2022-09-04,27.9,23.0,24.5,8.2,9.7,12.4,89,1014.6,81,22.4,Port Harcourt
2022-09-05,27.6,22.5,24.8,4.3,13.7,14.88,89,1014.4,75,22.8,Port Harcourt
2022-09-06,29.6,22.8,25.1,4.4,10.7,16.19,87,1013.4,88,22.6,Port Harcourt
2022-09-07,28.9,22.5,25.3,2.2,12.8,16.27,86,1012.1,66,22.7,Port Harcourt
2022-09-08,28.8,22.1,25.2,0.8,14.5,17.91,85,1011.9,57,22.4,Port Harcourt
2022-09-09,29.9,23.2,25.4,2.9,10.6,13.43,86,1012.6,81,22.7,Port Harcourt
2022-09-10,29.1,22.6,24.8,11.2,14.5,12.92,88,1013.8,84,22.4,Port Harcourt
2022-09-11,28.4,22.9,24.6,19.4,11.3,14.34,90,1013.2,89,22.8,Port Harcourt
2022-09-12,27.7,22.5,24.8,2.6,17.5,16.25,87,1012.5,68,22.5,Port Harcourt
2022-09-13,28.7,22.6,24.6,15.8,8.6,13.79,90,1012.2,84,22.8,Port Harcourt
2022-09-14,29.6,22.6,25.2,2.9,11.8,15.94,87,1011.2,95,22.9,Port Harcourt
2022-09-15,29.7,23.3,25.4,9.9,14.2,13.61,86,1012.4,97,22.8,Port Harcourt
2022-09-16,26.1,23.1,24.5,1.9,10.6,7.95,92,1012.9,100,23.1,Port Harcourt
2022-09-17,28.8,23.2,25.2,6.2,12.4,14.14,88,1011.5,95,23.0,Port Harcourt
2022-09-18,29.1,22.8,25.2,7.3,17.6,14.69,86,1011.2,93,22.6,Port Harcourt
2022-09-19,27.7,23.2,24.8,3.4,14.5,12.92,87,1012.1,98,22.4,Port Harcourt
2022-09-20,27.7,22.4,24.5,6.4,10.7,14.25,89,1012.1,93,22.5,Port Harcourt
2022-09-21,27.7,22.8,24.3,19.7,9.6,13.77,92,1011.7,99,22.8,Port Harcourt
2022-09-22,27.5,22.5,24.4,6.3,11.5,11.39,91,1011.6,100,22.8,Port Harcourt
2022-09-23,28.4,23.1,24.9,7.4,6.7,16.66,89,1011.8,100,22.8,Port Harcourt
2022-09-24,28.9,22.0,24.8,9.0,12.8,15.1,89,1011.4,82,22.6,Port Harcourt
2022-09-25,27.4,22.6,24.3,15.5,11.9,12.0,91,1010.9,99,22.7,Port Harcourt
2022-09-26,24.5,23.1,23.5,35.1,12.2,4.03,95,1011.8,100,22.7,Port Harcourt
2022-09-27,26.7,22.4,23.7,21.5,11.5,8.41,93,1013.0,100,22.5,Port Harcourt
2022-09-28,23.9,22.4,23.0,34.4,10.7,4.58,96,1012.9,100,22.3,Port Harcourt
2022-09-29,27.7,22.3,24.0,4.3,12.5,13.09,92,1012.1,97,22.5,Port Harcourt
2022-09-30,29.7,21.5,24.6,5.4,14.0,17.26,88,1011.2,74,22.5,Port Harcourt
2022-10-01,26.0,22.6,23.9,16.9,11.2,6.68,94,1012.8,100,22.9,Port Harcourt
2022-10-02,26.2,22.5,24.0,8.2,12.5,9.64,93,1013.8,100,22.7,Port Harcourt
2022-10-03,29.8,21.7,25.4,2.7,12.7,20.99,86,1012.2,83,22.6,Port Harcourt
2022-10-04,30.0,22.3,25.5,2.6,11.9,20.42,87,1010.8,79,23.1,Port Harcourt
2022-10-05,28.8,22.8,24.8,4.9,9.9,14.05,90,1011.2,97,22.9,Port Harcourt
2022-10-06,28.0,22.7,24.1,31.9,13.8,12.28,92,1011.8,100,22.7,Port Harcourt
2022-10-07,25.4,22.1,23.6,16.6,10.7,6.63,93,1012.4,100,22.5,Port Harcourt
2022-10-08,30.2,21.4,24.6,15.0,8.0,16.59,89,1011.5,92,22.4,Port Harcourt
2022-10-09,27.5,22.6,24.2,8.2,14.1,12.84,91,1012.0,100,22.5,Port Harcourt
2022-10-10,29.9,22.3,25.1,9.9,13.1,18.0,89,1013.0,84,23.0,Port Harcourt
2022-10-11,29.4,22.6,25.1,6.2,10.3,17.62,89,1012.0,73,23.0,Port Harcourt
2022-10-12,28.6,22.3,24.7,20.6,11.2,15.15,89,1010.8,83,22.7,Port Harcourt
2022-10-13,28.9,22.5,25.2,2.4,11.1,13.72,88,1010.8,96,23.0,Port Harcourt
2022-10-14,27.8,22.9,24.6,16.5,11.7,9.17,93,1011.5,100,23.3,Port Harcourt
2022-10-15,28.1,22.7,24.9,6.2,8.4,12.72,91,1011.3,100,23.3,Port Harcourt
2022-10-16,28.0,22.1,24.9,1.9,7.2,11.56,89,1011.6,97,22.8,Port Harcourt
2022-10-17,28.5,22.9,25.2,8.1,8.3,14.45,90,1012.0,99,23.4,Port Harcourt
2022-10-18,29.9,22.7,25.3,6.5,10.8,14.64,90,1012.2,94,23.5,Port Harcourt
2022-10-19,26.8,22.9,24.8,10.8,9.5,9.8,91,1011.7,93,23.2,Port Harcourt
2022-10-20,28.3,22.6,24.8,26.6,8.9,14.42,91,1011.0,93,23.2,Port Harcourt
2022-10-21,28.9,23.0,25.1,7.7,9.5,14.26,90,1011.3,91,23.2,Port Harcourt
2022-10-22,28.4,23.3,25.0,15.9,12.0,13.35,92,1011.5,84,23.5,Port Harcourt
2022-10-23,26.8,23.0,24.5,20.3,9.0,7.31,93,1012.4,98,23.4,Port Harcourt
2022-10-24,30.1,22.9,25.9,2.0,11.5,18.94,88,1011.3,97,23.6,Port Harcourt
2022-10-25,26.3,23.5,24.6,6.3,9.8,7.43,94,1011.3,100,23.5,Port Harcourt
2022-10-26,30.3,21.9,25.6,1.9,8.6,19.7,88,1010.7,79,23.4,Port Harcourt
2022-10-27,28.8,23.1,25.8,2.8,11.5,18.2,89,1010.9,76,23.7,Port Harcourt
2022-10-28,29.0,23.6,25.1,7.7,17.2,11.56,91,1011.2,100,23.4,Port Harcourt
2022-10-29,27.0,23.3,24.8,4.6,8.7,7.54,92,1010.9,100,23.5,Port Harcourt
2022-10-30,30.4,23.1,25.7,8.2,7.1,16.56,89,1009.8,67,23.6,Port Harcourt
2022-10-31,29.9,23.0,25.5,11.4,15.5,16.8,90,1010.2,47,23.6,Port Harcourt
2022-11-01,30.7,23.3,26.2,4.5,10.7,18.4,88,1010.9,89,23.9,Port Harcourt
2022-11-02,29.2,23.9,25.7,8.0,9.7,10.8,90,1011.0,100,23.9,Port Harcourt
2022-11-03,29.2,23.1,25.1,1.2,15.0,12.38,90,1011.3,96,23.2,Port Harcourt
2022-11-04,29.7,22.4,25.4,3.5,16.9,17.76,88,1010.9,78,23.1,Port Harcourt
2022-11-05,31.0,23.2,26.0,1.0,16.3,18.81,87,1010.9,93,23.6,Port Harcourt
2022-11-06,29.8,23.5,26.0,4.6,10.8,16.38,88,1011.6,89,23.7,Port Harcourt
2022-11-07,32.0,24.2,26.3,9.1,19.2,18.96,88,1011.5,79,23.9,Port Harcourt
2022-11-08,31.1,23.8,26.6,3.1,10.3,19.08,86,1011.0,86,24.0,Port Harcourt
2022-11-09,29.1,24.1,25.7,0.7,11.7,12.67,89,1011.6,89,23.7,Port Harcourt
2022-11-10,29.2,23.6,25.5,1.2,13.3,13.42,88,1010.8,93,23.3,Port Harcourt
2022-11-11,28.9,22.4,24.5,8.1,12.6,11.91,90,1011.7,100,22.6,Port Harcourt
2022-11-12,26.8,22.8,24.9,2.7,10.6,12.14,90,1012.0,99,23.2,Port Harcourt
2022-11-13,29.8,23.3,25.6,4.2,21.4,16.16,88,1011.8,58,23.3,Port Harcourt
2022-11-14,29.2,22.6,25.5,2.1,10.0,17.63,88,1011.7,78,23.3,Port Harcourt
2022-11-15,30.1,22.8,25.8,1.1,13.2,17.46,87,1011.4,69,23.3,Port Harcourt
2022-11-16,29.3,23.0,25.5,3.0,13.0,13.99,88,1011.1,65,23.2,Port Harcourt
2022-11-17,29.2,22.4,25.2,1.3,12.4,18.44,88,1010.8,38,22.9,Port Harcourt
2022-11-18,29.6,23.4,25.9,1.3,11.9,15.59,86,1010.1,81,23.3,Port Harcourt
2022-11-19,29.8,23.7,25.8,4.8,9.2,16.44,88,1010.6,56,23.6,Port Harcourt
2022-11-20,30.8,22.7,26.1,0.1,13.7,13.01,85,1010.5,73,23.3,Port Harcourt
2022-11-21,29.2,24.1,26.0,2.5,10.9,13.13,87,1011.0,73,23.7,Port Harcourt
2022-11-22,29.2,22.2,25.7,4.0,9.4,19.36,87,1010.4,57,23.2,Port Harcourt
2022-11-23,30.9,22.3,26.1,0.4,12.3,19.69,84,1009.4,13,23.0,Port Harcourt
2022-11-24,33.2,22.9,27.0,0.0,14.8,21.01,80,1008.7,63,22.7,Port Harcourt
2022-11-25,33.6,23.1,27.6,0.1,15.5,20.53,78,1009.3,25,22.7,Port Harcourt
2022-11-26,30.9,24.2,26.7,1.4,12.2,17.5,84,1010.1,59,23.6,Port Harcourt
2022-11-27,29.5,22.9,25.7,0.8,11.7,16.73,87,1008.7,51,23.3,Port Harcourt
2022-11-28,29.7,23.4,25.4,2.3,11.2,14.86,87,1008.1,89,23.0,Port Harcourt
2022-11-29,31.2,22.8,26.2,0.6,14.1,17.85,84,1007.7,76,23.0,Port Harcourt
2022-11-30,31.8,22.9,26.7,0.0,13.3,19.89,83,1007.7,88,23.2,Port Harcourt
2022-12-01,30.5,23.1,26.3,3.8,10.5,15.85,86,1008.4,98,23.6,Port Harcourt
2022-12-02,32.3,22.9,26.9,0.0,14.9,17.89,81,1008.1,99,22.9,Port Harcourt
2022-12-03,31.7,23.3,27.0,0.4,12.6,18.31,83,1007.5,88,23.7,Port Harcourt
2022-12-04,30.6,23.7,26.5,0.7,15.6,17.78,86,1008.9,37,23.7,Port Harcourt
2022-12-05,31.7,24.0,27.0,2.4,11.6,15.94,85,1009.7,37,24.0,Port Harcourt
2022-12-06,29.9,23.8,26.6,2.8,12.2,12.1,87,1010.0,79,24.0,Port Harcourt
2022-12-07,31.1,23.8,26.6,0.7,12.0,15.78,85,1010.0,100,23.8,Port Harcourt
2022-12-08,30.7,23.4,26.0,1.4,11.5,15.48,86,1010.4,69,23.4,Port Harcourt
2022-12-09,32.2,22.5,26.4,0.1,15.1,18.07,84,1010.7,83,23.1,Port Harcourt
2022-12-10,33.6,23.0,27.6,0.0,13.3,19.45,78,1010.1,87,22.5,Port Harcourt
2022-12-11,32.0,23.3,27.3,0.0,12.4,17.81,81,1009.6,95,23.3,Port Harcourt
2022-12-12,30.7,22.2,26.2,2.7,13.5,17.91,83,1010.0,46,23.0,Port Harcourt
2022-12-13,30.9,23.2,26.2,0.9,12.3,15.0,85,1010.5,60,23.4,Port Harcourt
2022-12-14,31.5,23.1,26.8,0.5,12.7,17.32,81,1009.9,41,23.0,Port Harcourt
2022-12-15,32.0,24.0,27.0,0.6,14.0,17.84,81,1009.3,48,23.3,Port Harcourt
2022-12-16,30.9,23.1,26.4,1.9,12.4,16.94,85,1008.5,50,23.4,Port Harcourt
2022-12-17,30.3,23.7,26.6,0.1,12.5,11.7,82,1008.7,100,23.0,Port Harcourt
2022-12-18,32.4,23.4,27.0,0.0,15.7,18.48,81,1009.8,57,23.0,Port Harcourt
2022-12-19,33.3,23.2,27.4,0.1,17.0,19.46,78,1009.0,16,22.6,Port Harcourt
2022-12-20,33.3,23.1,27.7,0.0,12.3,19.15,77,1008.8,67,22.5,Port Harcourt
2022-12-21,34.3,23.1,27.6,0.0,17.5,19.29,77,1009.6,74,22.5,Port Harcourt
2022-12-22,33.1,22.8,27.5,0.0,11.0,19.31,75,1010.8,81,21.9,Port Harcourt
2022-12-23,33.9,21.8,26.9,0.0,12.3,20.41,66,1011.0,37,18.1,Port Harcourt
2022-12-24,33.3,20.2,26.5,0.0,11.0,20.4,65,1010.7,50,17.9,Port Harcourt
2022-12-25,33.9,20.8,26.9,0.0,15.3,20.35,62,1011.1,53,17.0,Port Harcourt
2022-12-26,34.4,20.1,26.7,0.0,20.2,20.15,65,1011.4,55,17.9,Port Harcourt
2022-12-27,34.4,22.5,27.4,0.0,17.2,20.28,72,1011.2,35,20.1,Port Harcourt
2022-12-28,34.8,23.8,27.7,0.0,14.4,20.15,67,1010.8,49,19.0,Port Harcourt
2022-12-29,33.7,21.3,27.2,0.0,12.0,20.39,65,1010.4,50,18.7,Port Harcourt
2022-12-30,34.8,21.7,27.4,0.0,12.8,20.61,60,1010.7,93,16.1,Port Harcourt
2022-12-31,34.3,20.8,27.1,0.0,10.7,20.04,61,1010.7,48,16.7,Port Harcourt
2023-01-01,34.9,19.8,26.7,0.0,14.2,20.56,60,1009.8,19,15.9,Port Harcourt
2023-01-02,34.6,20.5,27.0,0.0,15.1,19.44,61,1009.8,94,17.1,Port Harcourt
2023-01-03,34.7,21.1,27.2,0.0,14.0,20.06,64,1010.1,20,17.6,Port Harcourt
2023-01-04,33.7,20.9,27.2,0.0,15.4,20.05,67,1010.3,70,18.8,Port Harcourt
2023-01-05,33.0,22.3,27.4,0.0,17.7,18.1,73,1011.0,91,21.3,Port Harcourt
2023-01-06,34.0,23.8,28.2,0.1,12.2,18.03,71,1011.4,58,21.8,Port Harcourt
2023-01-07,34.5,23.4,28.2,0.0,19.4,19.35,72,1010.8,26,21.8,Port Harcourt
2023-01-08,34.6,23.9,28.1,0.1,15.8,18.18,76,1010.8,43,22.8,Port Harcourt
2023-01-09,35.4,23.8,28.2,0.0,21.2,19.08,72,1011.3,65,20.8,Port Harcourt
2023-01-10,34.6,24.2,28.5,0.0,12.6,18.81,73,1012.1,78,22.0,Port Harcourt
2023-01-11,34.5,24.0,27.6,0.1,17.3,18.32,78,1012.0,79,22.6,Port Harcourt
2023-01-12,35.1,21.7,27.5,0.0,17.3,19.88,69,1010.5,22,19.0,Port Harcourt
2023-01-13,33.7,22.6,27.5,0.0,16.6,19.42,76,1009.6,65,22.0,Port Harcourt
2023-01-14,34.2,23.5,27.7,0.0,18.7,18.98,76,1009.9,97,22.2,Port Harcourt
2023-01-15,33.8,23.5,27.8,0.6,14.2,18.3,77,1010.1,57,22.7,Port Harcourt
2023-01-16,35.5,22.8,28.2,0.0,19.5,20.04,69,1009.4,44,19.8,Port Harcourt
2023-01-17,33.2,24.0,28.2,0.0,13.8,18.66,74,1009.6,94,22.1,Port Harcourt
2023-01-18,33.9,23.9,28.4,0.0,15.7,19.56,73,1009.8,53,22.4,Port Harcourt
2023-01-19,33.5,24.7,28.3,0.2,15.9,18.02,76,1010.3,85,23.2,Port Harcourt
2023-01-20,32.7,24.6,27.9,1.0,16.0,16.25,79,1010.2,100,23.5,Port Harcourt
2023-01-21,32.2,24.7,27.4,5.3,13.1,14.87,81,1009.9,99,23.7,Port Harcourt
2023-01-22,32.1,24.5,27.3,0.7,12.2,16.75,80,1009.3,76,23.4,Port Harcourt
2023-01-23,33.3,22.7,27.6,0.0,15.3,18.49,77,1009.2,55,22.6,Port Harcourt
2023-01-24,33.6,24.2,28.3,0.1,14.9,18.65,76,1009.1,21,23.2,Port Harcourt
2023-01-25,32.6,25.1,28.3,0.4,15.4,16.92,78,1008.2,41,23.8,Port Harcourt
2023-01-26,33.8,25.2,28.3,0.2,17.2,17.9,76,1008.1,54,23.3,Port Harcourt
2023-01-27,33.6,24.8,27.3,4.0,14.5,15.99,81,1008.8,78,23.6,Port Harcourt
2023-01-28,30.3,23.1,26.3,13.3,16.2,11.31,84,1009.6,98,23.3,Port Harcourt
2023-01-29,30.8,23.7,26.3,7.6,15.6,15.18,86,1009.4,94,23.6,Port Harcourt
2023-01-30,31.3,23.4,26.4,3.2,14.8,15.71,83,1010.0,92,23.1,Port Harcourt
2023-01-31,31.4,23.8,27.0,10.5,13.1,17.85,79,1010.5,74,22.6,Port Harcourt
2023-02-01,31.4,23.6,27.2,0.5,11.9,17.29,82,1010.5,33,23.7,Port Harcourt
2023-02-02,31.5,23.6,27.5,0.5,12.3,18.61,80,1010.4,27,23.5,Port Harcourt
2023-02-03,32.5,23.4,27.7,0.0,14.1,19.23,80,1010.1,64,23.5,Port Harcourt
2023-02-04,34.0,24.4,28.1,0.3,17.8,19.04,79,1010.0,59,23.7,Port Harcourt
2023-02-05,33.6,24.1,27.9,0.2,15.8,18.07,78,1010.1,84,23.4,Port Harcourt
2023-02-06,32.5,24.5,27.4,1.8,12.6,14.72,81,1010.1,73,23.7,Port Harcourt
2023-02-07,32.5,23.2,27.1,0.8,14.1,17.09,80,1009.9,48,23.1,Port Harcourt
2023-02-08,32.6,23.9,27.7,1.1,13.6,18.29,79,1009.7,27,23.4,Port Harcourt
2023-02-09,32.5,24.3,27.8,0.1,15.8,18.47,80,1009.7,78,23.6,Port Harcourt
2023-02-10,33.3,24.5,28.2,0.4,17.2,18.91,79,1009.5,30,23.8,Port Harcourt
2023-02-11,34.2,24.0,28.5,0.0,15.9,20.31,78,1009.0,18,23.7,Port Harcourt
2023-02-12,36.3,24.1,29.0,0.0,16.7,21.31,75,1008.5,48,23.0,Port Harcourt
2023-02-13,36.5,24.5,29.3,0.1,15.5,21.48,73,1008.8,43,22.7,Port Harcourt
2023-02-14,36.7,24.8,29.7,0.0,15.3,21.83,68,1008.6,43,21.3,Port Harcourt
2023-02-15,36.3,24.1,29.1,0.0,15.5,22.04,67,1007.9,22,20.0,Port Harcourt
2023-02-16,36.1,23.8,29.2,0.0,14.3,22.17,66,1007.3,42,19.7,Port Harcourt
2023-02-17,35.3,22.4,28.3,0.0,15.2,18.53,54,1007.9,33,15.1,Port Harcourt
2023-02-18,36.5,20.6,27.9,0.0,18.2,22.71,50,1007.7,6,14.0,Port Harcourt
2023-02-19,36.3,23.1,28.9,0.0,19.4,22.11,67,1008.2,20,21.2,Port Harcourt
2023-02-20,37.4,23.6,29.7,0.0,17.1,22.24,65,1008.3,8,20.3,Port Harcourt
2023-02-21,35.8,24.2,29.2,0.0,18.7,21.55,73,1008.3,50,23.0,Port Harcourt
2023-02-22,35.0,25.7,29.1,2.3,16.3,17.91,76,1009.5,88,24.1,Port Harcourt
2023-02-23,34.0,25.3,28.6,0.2,16.6,16.79,76,1009.5,93,23.5,Port Harcourt
2023-02-24,31.3,25.6,28.2,1.5,15.8,17.18,80,1009.3,98,24.2,Port Harcourt
2023-02-25,32.2,25.4,27.8,2.0,12.8,18.09,81,1009.9,96,24.1,Port Harcourt
2023-02-26,32.8,23.2,27.7,0.3,14.8,20.2,79,1010.6,75,23.4,Port Harcourt
2023-02-27,33.9,24.9,27.9,0.4,19.3,19.58,80,1011.3,64,23.9,Port Harcourt
2023-02-28,31.0,24.1,27.3,1.0,15.1,17.75,81,1012.2,78,23.5,Port Harcourt
2023-03-01,33.9,24.3,28.2,0.2,14.4,19.91,78,1011.4,61,23.7,Port Harcourt
2023-03-02,33.3,25.7,28.6,1.4,14.2,16.15,77,1010.0,67,23.9,Port Harcourt
2023-03-03,32.9,24.8,28.0,6.7,13.3,16.79,81,1009.8,71,24.1,Port Harcourt
2023-03-04,31.8,24.1,26.8,8.7,12.8,15.38,85,1010.1,91,24.0,Port Harcourt
2023-03-05,33.1,24.0,27.3,3.2,15.8,18.43,83,1009.2,62,24.0,Port Harcourt
2023-03-06,28.0,24.6,25.8,23.5,13.6,6.0,91,1009.1,96,24.2,Port Harcourt
2023-03-07,31.2,23.7,27.2,0.6,13.2,18.21,84,1008.4,90,24.1,Port Harcourt
2023-03-08,31.4,24.5,27.1,3.4,14.9,17.15,85,1009.1,72,24.3,Port Harcourt
2023-03-09,28.0,24.5,26.0,8.3,11.3,8.97,91,1009.7,93,24.3,Port Harcourt
2023-03-10,32.0,23.6,27.2,0.2,13.7,21.07,83,1009.4,56,23.7,Port Harcourt
2023-03-11,31.2,24.4,26.8,0.7,13.1,12.11,86,1009.3,92,24.2,Port Harcourt
2023-03-12,31.8,24.1,27.4,0.9,13.4,19.71,81,1009.2,75,23.6,Port Harcourt
2023-03-13,31.9,23.6,27.5,0.5,12.4,20.23,82,1009.1,47,23.9,Port Harcourt
2023-03-14,31.2,24.2,26.6,4.0,21.6,16.23,87,1008.5,76,24.2,Port Harcourt
2023-03-15,30.3,23.5,26.0,13.5,11.3,13.92,87,1008.0,73,23.6,Port Harcourt
2023-03-16,31.2,23.0,26.7,1.4,10.5,18.04,83,1008.2,97,23.4,Port Harcourt
2023-03-17,32.3,24.2,27.5,2.5,12.1,19.73,84,1008.4,62,24.2,Port Harcourt
2023-03-18,30.9,23.3,26.6,11.9,14.8,14.78,84,1009.7,99,23.4,Port Harcourt
2023-03-19,29.3,23.7,25.9,9.4,8.2,10.54,88,1010.7,99,23.6,Port Harcourt
2023-03-20,31.7,24.0,27.1,2.5,11.5,19.6,82,1010.1,72,23.5,Port Harcourt
2023-03-21,28.4,24.3,25.9,13.5,12.2,11.21,89,1010.4,100,23.8,Port Harcourt
2023-03-22,31.3,23.0,26.3,0.0,10.7,15.37,82,1010.2,69,22.7,Port Harcourt
2023-03-23,31.6,23.9,26.6,8.7,13.1,18.38,86,1009.4,76,23.8,Port Harcourt
2023-03-24,27.9,23.4,24.4,46.7,13.6,7.73,94,1010.8,100,23.4,Port Harcourt
2023-03-25,30.9,24.2,26.4,3.2,14.0,16.87,88,1010.4,97,23.9,Port Harcourt
2023-03-26,30.7,23.3,25.9,11.6,11.9,17.27,88,1010.8,100,23.7,Port Harcourt
2023-03-27,30.1,23.7,26.4,7.3,10.2,11.66,85,1009.9,100,23.5,Port Harcourt
2023-03-28,31.5,24.9,26.8,7.1,9.0,16.44,87,1009.5,99,24.3,Port Harcourt
2023-03-29,29.6,24.9,27.2,2.8,13.7,12.56,86,1010.5,99,24.4,Port Harcourt
2023-03-30,32.0,24.5,27.2,5.7,13.9,20.97,85,1010.6,68,24.2,Port Harcourt
2023-03-31,31.0,25.0,27.8,0.2,10.9,19.04,81,1010.0,98,24.0,Port Harcourt
2023-04-01,30.2,25.2,27.2,0.2,13.7,10.2,83,1010.5,99,24.0,Port Harcourt
2023-04-02,32.4,25.1,28.0,0.1,11.5,20.67,81,1009.0,66,24.1,Port Harcourt
2023-04-03,29.7,24.7,26.3,5.5,14.9,12.87,89,1008.3,79,24.1,Port Harcourt
2023-04-04,31.7,24.6,27.5,0.8,13.7,19.66,83,1007.8,90,24.1,Port Harcourt
2023-04-05,31.7,24.6,27.5,2.2,10.3,17.09,84,1007.9,97,24.4,Port Harcourt
2023-04-06,29.1,24.8,26.4,9.6,12.5,12.02,88,1008.6,90,24.1,Port Harcourt
2023-04-07,30.9,24.7,26.2,11.4,10.5,14.87,88,1008.6,97,24.0,Port Harcourt
2023-04-08,31.1,24.3,26.4,24.2,13.0,17.96,89,1008.8,95,24.3,Port Harcourt
2023-04-09,27.3,23.4,25.2,7.2,14.3,8.19,92,1010.3,93,23.8,Port Harcourt
2023-04-10,31.7,22.9,26.9,0.3,12.9,20.47,83,1009.9,65,23.4,Port Harcourt
2023-04-11,30.9,24.7,27.3,0.3,16.2,18.4,82,1009.7,98,23.7,Port Harcourt
2023-04-12,31.3,24.3,27.6,0.4,13.7,18.51,82,1009.0,79,24.0,Port Harcourt
2023-04-13,31.9,24.5,27.3,1.8,14.1,21.37,85,1008.7,56,24.4,Port Harcourt
2023-04-14,30.9,25.2,26.9,8.0,10.1,12.84,88,1009.0,87,24.7,Port Harcourt
2023-04-15,31.2,24.4,26.7,7.6,10.5,13.54,88,1009.9,98,24.4,Port Harcourt
2023-04-16,32.4,23.2,26.7,2.1,11.2,21.99,85,1009.0,86,23.6,Port Harcourt
2023-04-17,31.2,24.3,27.0,2.3,9.2,20.19,86,1007.4,94,24.4,Port Harcourt
2023-04-18,31.8,24.6,27.9,3.3,12.2,21.37,84,1007.5,92,24.8,Port Harcourt
2023-04-19,31.6,25.3,26.9,12.1,9.9,16.38,89,1008.6,100,24.8,Port Harcourt
2023-04-20,31.6,23.3,27.0,1.0,14.8,18.85,84,1007.8,74,23.9,Port Harcourt
2023-04-21,30.2,24.7,26.9,6.6,11.9,14.78,87,1007.7,98,24.3,Port Harcourt
2023-04-22,30.1,24.9,26.1,7.2,16.7,11.76,89,1008.0,98,24.2,Port Harcourt
2023-04-23,30.5,24.1,26.7,3.4,11.3,19.5,87,1008.9,88,24.1,Port Harcourt
2023-04-24,32.8,24.0,27.6,6.7,8.8,20.77,85,1009.4,97,24.4,Port Harcourt
2023-04-25,31.3,24.6,27.1,0.4,16.4,17.69,87,1009.7,100,24.6,Port Harcourt
2023-04-26,31.7,24.2,27.7,0.6,10.3,21.57,82,1009.0,82,24.2,Port Harcourt
2023-04-27,26.3,23.2,24.7,14.4,12.7,5.26,92,1011.0,100,23.4,Port Harcourt
2023-04-28,30.4,23.1,26.2,1.1,11.0,19.29,86,1011.5,98,23.6,Port Harcourt
2023-04-29,30.5,24.4,26.3,8.6,14.8,15.62,88,1011.9,96,24.0,Port Harcourt
2023-04-30,30.4,23.6,25.9,6.5,10.5,14.49,89,1011.1,98,23.9,Port Harcourt
2023-05-01,30.2,24.1,25.7,3.2,11.4,13.96,91,1010.7,99,24.0,Port Harcourt
2023-05-02,31.1,23.3,26.8,3.7,10.2,21.91,85,1011.0,53,23.9,Port Harcourt
2023-05-03,31.7,24.3,27.6,0.2,11.5,22.11,82,1011.9,76,24.1,Port Harcourt
2023-05-04,28.0,23.4,25.9,19.0,10.5,10.59,90,1012.6,99,24.1,Port Harcourt
2023-05-05,32.0,23.9,27.2,11.5,11.4,21.97,85,1011.6,64,24.3,Port Harcourt
2023-05-06,29.8,23.9,26.4,2.7,13.1,14.5,89,1010.8,83,24.3,Port Harcourt
2023-05-07,31.2,24.1,27.2,1.6,12.6,20.6,85,1010.4,63,24.3,Port Harcourt
2023-05-08,31.3,23.9,26.5,11.4,10.9,18.52,88,1010.9,83,24.2,Port Harcourt
2023-05-09,32.4,24.3,27.5,1.3,13.3,20.08,85,1009.9,63,24.6,Port Harcourt
2023-05-10,29.6,25.5,27.2,9.0,15.8,12.47,85,1009.6,82,24.4,Port Harcourt
2023-05-11,30.9,24.2,26.9,6.0,15.5,15.61,87,1010.1,80,24.5,Port Harcourt
2023-05-12,31.9,23.9,27.7,4.1,9.9,21.48,85,1010.6,86,24.6,Port Harcourt
2023-05-13,30.9,24.3,27.1,6.9,14.7,12.19,87,1011.4,99,24.6,Port Harcourt
2023-05-14,32.2,25.2,27.7,7.8,9.2,19.0,86,1011.9,94,25.1,Port Harcourt
2023-05-15,31.0,24.9,26.9,8.1,13.3,15.21,89,1011.9,99,24.8,Port Harcourt
2023-05-16,32.0,24.8,27.2,3.3,12.7,16.44,87,1011.5,100,24.7,Port Harcourt
2023-05-17,30.4,24.7,27.1,2.9,10.5,18.49,87,1011.5,93,24.7,Port Harcourt
2023-05-18,31.8,24.8,27.4,5.0,10.8,17.82,86,1011.0,94,24.8,Port Harcourt
2023-05-19,31.2,25.1,26.8,1.8,11.9,16.98,89,1011.2,98,24.7,Port Harcourt
2023-05-20,28.4,24.0,26.0,4.0,9.7,9.87,90,1011.5,100,24.1,Port Harcourt
2023-05-21,29.8,24.1,25.9,13.4,11.2,13.56,90,1011.6,94,24.0,Port Harcourt
2023-05-22,28.2,24.0,25.6,5.6,12.3,11.15,91,1011.7,100,24.0,Port Harcourt
2023-05-23,30.9,23.9,26.9,1.2,11.9,20.21,85,1010.6,81,24.1,Port Harcourt
2023-05-24,32.0,24.4,27.8,1.1,10.1,19.18,83,1009.8,95,24.5,Port Harcourt
2023-05-25,31.1,24.6,27.0,3.9,12.4,17.44,87,1010.1,88,24.4,Port Harcourt
2023-05-26,30.8,25.2,27.2,5.3,13.3,16.75,87,1010.0,85,24.7,Port Harcourt
2023-05-27,26.9,23.4,25.4,9.9,13.8,8.1,90,1010.8,95,23.5,Port Harcourt
2023-05-28,30.2,23.6,26.1,23.0,14.4,16.19,88,1011.4,100,24.0,Port Harcourt
2023-05-29,27.2,23.7,25.4,5.1,8.2,8.23,93,1011.3,99,24.1,Port Harcourt
2023-05-30,30.6,23.6,26.7,3.7,14.1,19.32,86,1012.2,72,23.9,Port Harcourt
2023-05-31,29.6,24.8,26.2,10.5,12.9,14.22,89,1011.8,91,24.3,Port Harcourt
2023-06-01,29.5,23.9,25.8,15.1,11.2,12.59,91,1011.2,99,24.0,Port Harcourt
2023-06-02,28.5,23.8,25.6,6.7,13.9,14.14,89,1011.7,98,23.6,Port Harcourt
2023-06-03,29.6,24.1,25.8,8.9,13.2,15.47,90,1012.3,97,23.9,Port Harcourt
2023-06-04,28.4,24.0,25.4,10.6,9.5,10.92,92,1012.7,100,23.9,Port Harcourt
2023-06-05,28.5,24.3,25.8,7.3,11.8,13.92,90,1012.5,100,23.9,Port Harcourt
2023-06-06,28.8,23.8,25.6,15.7,12.0,14.96,89,1012.6,99,23.6,Port Harcourt
2023-06-07,29.3,24.3,25.5,9.7,9.8,12.07,90,1013.3,100,23.7,Port Harcourt
2023-06-08,25.9,23.1,24.1,16.9,11.3,6.64,95,1014.1,100,23.3,Port Harcourt
2023-06-09,29.5,23.4,25.6,4.0,11.8,17.92,88,1013.3,99,23.4,Port Harcourt
2023-06-10,29.2,23.0,25.3,11.5,11.3,12.87,90,1012.4,86,23.4,Port Harcourt
2023-06-11,29.3,23.7,26.1,1.8,11.2,16.03,85,1013.4,97,23.3,Port Harcourt
2023-06-12,29.7,23.2,25.4,2.0,7.4,12.36,88,1013.9,99,23.3,Port Harcourt
2023-06-13,29.3,23.0,25.2,12.4,9.6,13.05,91,1013.3,96,23.6,Port Harcourt
2023-06-14,29.2,23.5,25.3,3.7,12.6,15.81,90,1012.8,78,23.5,Port Harcourt
2023-06-15,27.5,23.3,24.8,4.5,10.5,11.36,91,1013.5,98,23.2,Port Harcourt
2023-06-16,30.4,22.6,25.2,7.2,10.2,16.77,90,1012.9,88,23.4,Port Harcourt
2023-06-17,29.7,23.5,25.7,11.9,8.3,13.84,90,1012.1,97,23.9,Port Harcourt
2023-06-18,29.6,23.1,25.1,82.2,10.6,11.35,93,1012.5,99,23.9,Port Harcourt
2023-06-19,28.5,23.2,24.8,13.6,12.4,11.52,92,1012.7,100,23.5,Port Harcourt
2023-06-20,26.7,22.9,24.0,55.7,9.4,4.65,96,1012.7,100,23.2,Port Harcourt
2023-06-21,28.1,23.4,25.0,14.2,14.2,9.81,90,1012.8,100,23.2,Port Harcourt
2023-06-22,28.0,22.9,24.5,18.1,16.3,10.95,92,1013.0,100,23.0,Port Harcourt
2023-06-23,27.8,22.7,24.4,16.2,14.3,10.95,91,1013.1,96,22.8,Port Harcourt
2023-06-24,28.2,23.0,25.4,10.0,14.9,10.09,84,1013.2,97,22.4,Port Harcourt
2023-06-25,29.1,23.8,26.2,0.5,8.9,19.86,78,1013.5,91,21.9,Port Harcourt
2023-06-26,29.1,23.8,25.7,6.1,12.8,17.1,85,1012.6,95,23.0,Port Harcourt
2023-06-27,25.3,22.9,23.6,43.4,10.0,4.55,95,1012.4,100,22.8,Port Harcourt
2023-06-28,26.6,22.9,24.1,30.0,11.4,7.45,93,1013.5,100,22.9,Port Harcourt
2023-06-29,27.7,22.3,24.2,18.3,7.6,12.26,92,1014.7,93,22.8,Port Harcourt
2023-06-30,28.4,22.3,24.2,8.1,11.1,13.28,93,1014.5,95,22.9,Port Harcourt
2023-07-01,29.8,22.3,25.1,7.0,12.7,14.49,89,1013.2,82,23.0,Port Harcourt
2023-07-02,29.4,22.9,24.9,13.6,9.6,12.46,91,1013.7,96,23.1,Port Harcourt
2023-07-03,28.5,23.7,25.2,5.9,13.9,13.86,90,1014.3,90,23.3,Port Harcourt
2023-07-04,25.4,23.0,24.1,21.9,11.2,8.3,94,1014.4,96,23.1,Port Harcourt
2023-07-05,27.3,22.1,24.4,9.7,9.7,10.43,90,1014.4,98,22.6,Port Harcourt
2023-07-06,29.7,22.1,25.2,0.8,11.9,18.51,87,1012.2,92,22.7,Port Harcourt
2023-07-07,29.4,23.4,25.5,7.5,10.0,16.92,89,1012.9,72,23.4,Port Harcourt
2023-07-08,25.5,23.1,24.0,20.6,11.5,6.7,93,1013.8,100,22.9,Port Harcourt
2023-07-09,25.8,22.8,23.6,13.7,10.2,6.27,95,1014.8,99,22.8,Port Harcourt
2023-07-10,30.0,22.4,25.6,2.0,12.6,21.03,85,1013.4,59,22.8,Port Harcourt
2023-07-11,28.4,22.9,24.8,9.8,10.3,11.97,91,1012.1,92,23.1,Port Harcourt
2023-07-12,28.3,22.8,24.8,14.2,14.0,13.02,88,1011.9,86,22.6,Port Harcourt
2023-07-13,28.7,23.0,25.2,3.6,8.1,13.26,89,1012.2,93,23.1,Port Harcourt
2023-07-14,29.1,23.1,25.3,5.8,7.1,13.91,89,1012.7,82,23.2,Port Harcourt
2023-07-15,29.4,23.1,25.5,17.7,12.3,15.45,90,1012.6,90,23.6,Port Harcourt
2023-07-16,28.4,23.4,25.0,5.7,10.1,12.5,91,1012.6,98,23.3,Port Harcourt
2023-07-17,30.3,22.1,25.1,7.4,15.0,16.46,90,1013.3,82,23.1,Port Harcourt
2023-07-18,28.8,23.6,25.2,4.3,10.4,13.92,90,1014.3,82,23.4,Port Harcourt
2023-07-19,28.5,23.0,25.2,9.8,10.6,14.71,90,1014.5,87,23.4,Port Harcourt
2023-07-20,27.7,22.9,25.0,4.2,14.0,13.32,89,1014.3,87,23.0,Port Harcourt
2023-07-21,28.7,23.4,24.8,11.4,16.1,13.89,91,1014.1,91,23.2,Port Harcourt
2023-07-22,28.5,23.2,25.0,18.6,11.6,13.45,89,1014.9,98,23.1,Port Harcourt
2023-07-23,27.6,23.2,24.4,16.1,8.9,12.11,92,1015.7,95,23.0,Port Harcourt
2023-07-24,26.2,23.0,24.3,2.7,11.6,9.14,92,1015.0,93,22.9,Port Harcourt
2023-07-25,30.6,22.2,25.8,1.0,13.3,20.45,85,1013.9,60,22.7,Port Harcourt
2023-07-26,29.6,23.6,26.0,7.6,10.9,17.81,86,1013.4,92,23.5,Port Harcourt
2023-07-27,29.5,23.3,25.3,9.9,14.2,14.89,88,1013.8,99,23.2,Port Harcourt
2023-07-28,27.1,22.9,24.5,21.8,14.2,11.92,91,1014.4,100,22.9,Port Harcourt
2023-07-29,26.9,23.1,24.1,62.5,8.7,7.12,94,1015.0,99,22.9,Port Harcourt
2023-07-30,27.5,23.5,24.9,5.6,10.4,12.07,91,1014.8,100,23.3,Port Harcourt
2023-07-31,28.3,23.0,24.7,9.7,13.3,13.53,91,1015.1,94,23.0,Port Harcourt
2023-08-01,27.2,23.2,24.5,40.5,14.0,9.85,91,1014.8,100,22.9,Port Harcourt
2023-08-02,28.1,23.0,25.2,1.9,13.5,16.75,85,1015.3,93,22.3,Port Harcourt
2023-08-03,29.9,22.1,25.5,0.2,11.9,19.96,81,1015.5,73,21.7,Port Harcourt
2023-08-04,28.1,23.1,25.7,1.5,11.8,16.15,83,1014.6,88,22.4,Port Harcourt
2023-08-05,29.2,24.0,26.0,1.1,14.1,17.22,84,1015.3,88,22.9,Port Harcourt
2023-08-06,27.5,23.2,24.8,5.5,15.1,12.57,90,1015.9,100,23.0,Port Harcourt
2023-08-07,29.7,22.9,25.2,2.4,11.2,16.83,87,1015.2,89,22.8,Port Harcourt
2023-08-08,29.5,22.5,25.8,0.4,14.8,18.37,83,1013.9,84,22.5,Port Harcourt
2023-08-09,28.3,22.9,24.8,16.2,11.1,12.01,89,1013.5,95,22.8,Port Harcourt
2023-08-10,28.6,23.2,24.9,8.2,11.4,12.14,89,1013.7,99,22.9,Port Harcourt
2023-08-11,27.2,23.0,24.6,11.1,9.7,13.22,91,1013.2,93,23.0,Port Harcourt
2023-08-12,28.3,22.8,25.0,5.7,13.3,13.22,90,1011.8,87,23.1,Port Harcourt
2023-08-13,27.3,23.4,24.4,37.6,17.1,8.38,93,1011.5,100,23.1,Port Harcourt
2023-08-14,24.9,22.6,23.7,16.4,8.1,6.26,95,1013.1,100,22.7,Port Harcourt
2023-08-15,29.4,23.2,25.7,7.3,10.1,17.08,86,1013.2,93,23.0,Port Harcourt
2023-08-16,28.6,23.3,24.8,15.4,10.0,12.02,91,1012.4,91,23.2,Port Harcourt
2023-08-17,29.0,23.4,25.2,15.5,10.8,11.26,90,1011.6,95,23.3,Port Harcourt
2023-08-18,27.7,23.0,24.9,7.7,13.3,14.84,90,1011.8,98,23.0,Port Harcourt
2023-08-19,27.3,22.8,24.1,2.8,11.4,11.82,92,1012.0,92,22.8,Port Harcourt
2023-08-20,29.9,22.2,25.5,2.1,12.2,19.79,87,1011.1,80,22.9,Port Harcourt
2023-08-21,29.7,22.8,25.8,6.5,8.7,19.72,87,1011.2,85,23.2,Port Harcourt
2023-08-22,29.2,23.3,25.0,26.1,12.2,11.19,91,1010.8,98,23.5,Port Harcourt
2023-08-23,28.3,23.6,25.3,9.1,13.4,14.75,88,1010.5,92,23.1,Port Harcourt
2023-08-24,28.8,23.5,25.5,3.2,9.5,10.09,89,1010.2,90,23.5,Port Harcourt
2023-08-25,30.4,24.1,26.4,4.3,11.3,16.23,87,1010.3,86,23.9,Port Harcourt
2023-08-26,29.5,23.6,25.4,7.9,13.0,13.88,90,1011.1,94,23.6,Port Harcourt
2023-08-27,28.5,23.1,24.5,28.1,9.0,12.42,93,1012.7,99,23.2,Port Harcourt
2023-08-28,30.3,23.0,25.9,2.5,9.4,18.61,87,1013.4,94,23.4,Port Harcourt
2023-08-29,29.5,23.9,25.3,18.7,12.5,12.8,90,1013.8,98,23.5,Port Harcourt
2023-08-30,26.4,22.7,24.1,24.4,16.3,9.34,93,1013.9,97,22.9,Port Harcourt
2023-08-31,29.5,22.6,25.2,3.6,13.5,17.02,88,1013.6,94,22.9,Port Harcourt
2023-09-01,28.8,22.8,24.8,6.6,11.5,13.69,91,1013.0,87,23.1,Port Harcourt
2023-09-02,26.4,23.4,24.4,15.1,16.0,10.09,93,1012.3,99,23.2,Port Harcourt
2023-09-03,26.8,22.8,24.2,8.0,14.3,11.39,91,1013.5,92,22.5,Port Harcourt
2023-09-04,28.2,22.3,24.2,8.7,9.9,12.84,92,1013.9,97,22.8,Port Harcourt
2023-09-05,28.0,22.9,24.6,8.8,13.2,12.51,91,1013.3,92,22.9,Port Harcourt
2023-09-06,30.0,22.3,25.6,1.5,12.5,18.09,86,1012.8,49,22.9,Port Harcourt
2023-09-07,29.1,22.9,24.8,9.6,9.9,10.48,91,1012.5,67,23.2,Port Harcourt
2023-09-08,26.3,23.2,24.3,6.3,13.3,9.15,93,1012.8,91,23.2,Port Harcourt
2023-09-09,26.4,22.9,24.2,12.1,8.1,7.74,93,1014.2,92,23.0,Port Harcourt
2023-09-10,29.0,22.5,25.0,11.9,11.0,12.66,90,1013.7,84,23.1,Port Harcourt
2023-09-11,29.5,23.2,25.6,8.2,13.3,15.52,88,1012.3,87,23.5,Port Harcourt
2023-09-12,28.3,23.3,24.9,4.3,13.8,10.0,89,1011.3,99,22.9,Port Harcourt
2023-09-13,29.0,23.3,25.0,14.8,11.7,13.73,90,1011.6,92,23.2,Port Harcourt
2023-09-14,30.4,23.5,25.9,5.6,10.6,17.16,87,1011.3,96,23.3,Port Harcourt
2023-09-15,29.7,23.3,24.9,26.2,13.0,11.23,91,1011.5,99,23.3,Port Harcourt
2023-09-16,29.0,23.0,25.3,12.6,13.7,15.06,89,1012.3,100,23.3,Port Harcourt
2023-09-17,30.1,23.3,25.3,10.7,14.5,18.54,90,1012.4,86,23.4,Port Harcourt
2023-09-18,29.8,23.3,25.3,6.1,7.4,14.58,90,1011.7,97,23.5,Port Harcourt
2023-09-19,28.7,23.1,25.1,1.1,9.5,12.58,90,1011.5,94,23.3,Port Harcourt
2023-09-20,29.2,22.8,25.4,20.6,12.2,16.3,88,1011.7,81,23.2,Port Harcourt
2023-09-21,30.4,23.7,25.9,4.3,13.8,19.04,88,1011.1,92,23.7,Port Harcourt
2023-09-22,29.9,22.9,24.9,15.0,11.5,15.06,91,1011.1,97,23.3,Port Harcourt
2023-09-23,27.2,23.2,24.5,16.2,7.5,9.08,92,1012.2,97,23.0,Port Harcourt
2023-09-24,28.7,22.8,24.6,8.0,14.2,11.35,92,1013.2,97,23.1,Port Harcourt
2023-09-25,31.2,23.2,25.7,5.6,8.6,18.87,88,1013.0,85,23.3,Port Harcourt
2023-09-26,31.2,22.7,25.9,2.6,10.8,20.71,87,1011.7,75,23.4,Port Harcourt
2023-09-27,29.5,23.5,26.1,13.3,10.2,15.31,88,1010.2,95,23.9,Port Harcourt
2023-09-28,29.4,23.5,25.5,9.3,11.5,13.18,91,1010.6,97,23.8,Port Harcourt
2023-09-29,30.0,23.4,24.8,53.7,10.5,9.9,93,1012.0,99,23.5,Port Harcourt
2023-09-30,30.6,22.0,25.8,2.2,13.0,20.06,87,1011.9,72,23.2,Port Harcourt
2023-10-01,29.1,23.4,25.9,2.3,16.2,16.77,87,1011.5,68,23.5,Port Harcourt
2023-10-02,31.0,22.9,25.5,11.5,10.5,14.22,90,1011.0,91,23.6,Port Harcourt
2023-10-03,30.4,23.7,26.0,5.4,12.2,15.54,88,1010.8,98,23.7,Port Harcourt
2023-10-04,29.6,23.1,25.3,15.4,11.0,12.03,90,1011.0,100,23.5,Port Harcourt
2023-10-05,27.6,23.5,25.3,3.9,9.5,10.15,91,1011.2,85,23.8,Port Harcourt
2023-10-06,29.9,22.9,25.4,2.7,9.7,13.67,90,1011.1,91,23.6,Port Harcourt
2023-10-07,30.1,23.6,25.6,7.3,6.6,14.31,90,1011.1,94,23.7,Port Harcourt
2023-10-08,28.7,24.0,25.2,12.7,11.0,9.51,93,1012.1,99,24.0,Port Harcourt
2023-10-09,29.8,23.3,25.4,7.0,12.7,12.71,90,1012.4,95,23.6,Port Harcourt
2023-10-10,29.0,23.1,25.6,10.3,6.5,12.71,90,1012.4,98,23.7,Port Harcourt
2023-10-11,28.6,23.4,25.1,8.3,12.6,14.08,91,1012.1,91,23.5,Port Harcourt
2023-10-12,30.5,23.5,25.8,10.7,6.2,16.29,89,1011.7,86,23.6,Port Harcourt
2023-10-13,28.3,23.5,25.4,6.3,9.4,13.45,90,1012.0,100,23.6,Port Harcourt
2023-10-14,30.4,23.6,25.8,14.1,10.4,18.42,90,1012.1,75,23.9,Port Harcourt
2023-10-15,30.1,23.5,25.1,19.8,8.8,8.9,92,1011.3,93,23.6,Port Harcourt
2023-10-16,27.7,22.9,24.5,24.5,10.2,8.67,92,1011.7,99,23.1,Port Harcourt
2023-10-17,30.8,22.6,25.9,0.4,10.8,19.64,85,1012.0,68,23.0,Port Harcourt
2023-10-18,30.2,23.4,26.2,0.8,9.5,16.05,86,1011.9,90,23.6,Port Harcourt
2023-10-19,28.1,23.9,25.3,8.6,6.7,11.33,91,1012.8,97,23.7,Port Harcourt
2023-10-20,31.2,23.4,26.4,3.3,13.8,20.79,86,1011.7,56,23.8,Port Harcourt
2023-10-21,29.9,23.3,25.4,8.6,8.9,13.82,91,1011.5,98,23.8,Port Harcourt
2023-10-22,30.6,23.5,25.9,23.2,17.0,17.19,90,1010.6,80,24.0,Port Harcourt
2023-10-23,29.9,23.5,25.5,5.2,6.9,12.55,89,1010.8,94,23.5,Port Harcourt
2023-10-24,28.8,23.5,25.3,24.0,8.4,14.87,90,1010.5,100,23.5,Port Harcourt
2023-10-25,27.7,23.3,24.8,5.4,10.3,9.76,92,1011.2,100,23.4,Port Harcourt
2023-10-26,29.6,23.1,25.6,0.8,8.2,13.04,88,1011.5,95,23.2,Port Harcourt
2023-10-27,30.8,23.1,26.0,2.8,11.5,18.57,87,1011.5,64,23.6,Port Harcourt
2023-10-28,31.3,23.0,26.0,1.3,9.4,21.04,88,1009.7,58,23.8,Port Harcourt
2023-10-29,30.0,22.9,25.6,5.3,7.6,13.64,90,1008.6,96,23.8,Port Harcourt
2023-10-30,30.5,23.4,25.8,7.2,12.1,14.14,90,1007.9,99,23.9,Port Harcourt
2023-10-31,28.3,23.7,25.5,15.9,12.1,8.64,89,1009.1,100,23.6,Port Harcourt
2023-11-01,29.4,23.4,25.9,11.8,9.7,15.13,90,1010.4,96,24.0,Port Harcourt
2023-11-02,30.5,23.5,25.9,1.8,12.7,15.3,88,1011.0,94,23.6,Port Harcourt
2023-11-03,29.3,23.5,25.5,6.4,9.7,12.3,89,1010.8,100,23.5,Port Harcourt
2023-11-04,29.2,23.5,25.3,14.7,9.4,13.57,91,1010.7,94,23.6,Port Harcourt
2023-11-05,30.8,23.0,25.9,13.1,9.0,18.23,88,1010.8,80,23.6,Port Harcourt
2023-11-06,29.1,23.3,25.3,11.0,5.8,11.88,92,1010.9,98,23.9,Port Harcourt
2023-11-07,30.1,23.6,25.6,9.7,10.0,13.01,92,1010.8,97,24.0,Port Harcourt
2023-11-08,31.0,22.8,25.9,8.8,5.8,17.82,89,1010.3,80,23.8,Port Harcourt
2023-11-09,30.8,23.2,25.7,5.8,16.2,15.09,90,1010.2,83,23.7,Port Harcourt
2023-11-10,30.9,23.4,25.4,9.1,7.5,13.43,91,1010.9,100,23.7,Port Harcourt
2023-11-11,31.0,22.9,25.9,0.6,11.7,17.61,88,1011.2,81,23.6,Port Harcourt
2023-11-12,29.9,24.0,26.1,2.1,11.3,13.74,88,1011.5,89,24.0,Port Harcourt
2023-11-13,28.8,23.4,25.8,4.2,11.9,11.09,90,1011.5,73,23.9,Port Harcourt
2023-11-14,29.8,23.9,25.9,13.7,8.9,13.11,91,1010.2,50,24.3,Port Harcourt
2023-11-15,28.6,23.5,25.6,9.5,7.8,11.34,92,1010.7,88,24.2,Port Harcourt
2023-11-16,31.7,22.9,26.9,0.3,7.6,20.67,83,1009.8,63,23.4,Port Harcourt
2023-11-17,29.1,23.4,26.0,0.6,7.2,9.51,89,1010.2,89,24.1,Port Harcourt
2023-11-18,30.7,24.4,26.3,8.0,11.0,13.62,90,1010.8,88,24.4,Port Harcourt
2023-11-19,30.8,23.4,26.3,0.2,12.6,15.35,87,1010.8,93,23.7,Port Harcourt
2023-11-20,30.7,23.5,26.4,0.3,13.0,16.02,87,1010.6,82,23.8,Port Harcourt
2023-11-21,31.9,23.5,26.6,2.0,12.2,18.78,87,1010.0,89,24.1,Port Harcourt
2023-11-22,29.7,24.1,25.8,5.9,13.5,12.21,89,1010.7,100,23.8,Port Harcourt
2023-11-23,29.0,23.9,25.6,9.2,8.7,13.4,89,1011.2,93,23.7,Port Harcourt
2023-11-24,30.2,23.8,26.1,7.2,8.0,17.21,88,1010.2,94,23.8,Port Harcourt
2023-11-25,30.0,23.8,25.8,4.0,13.0,14.66,90,1009.8,89,23.8,Port Harcourt
2023-11-26,27.0,23.0,24.5,38.2,16.0,8.43,93,1011.8,95,23.4,Port Harcourt
2023-11-27,30.1,22.0,25.7,0.0,11.3,17.84,85,1011.7,96,22.8,Port Harcourt
2023-11-28,29.9,24.0,25.8,3.5,7.9,13.52,88,1010.9,81,23.5,Port Harcourt
2023-11-29,29.3,23.5,25.7,2.3,8.6,14.33,89,1010.6,77,23.6,Port Harcourt
2023-11-30,30.9,23.1,26.4,0.3,10.6,18.54,86,1010.7,21,23.6,Port Harcourt
2023-12-01,31.6,23.9,26.4,1.7,19.2,17.64,87,1011.2,41,23.9,Port Harcourt
2023-12-02,30.9,23.9,26.5,0.9,10.5,17.35,85,1011.3,82,23.6,Port Harcourt
2023-12-03,31.1,24.0,26.8,0.1,10.8,18.19,84,1010.6,63,23.7,Port Harcourt
2023-12-04,31.8,23.1,26.5,0.6,10.8,18.64,86,1010.9,18,23.8,Port Harcourt
2023-12-05,31.3,22.9,26.3,0.9,15.7,17.85,87,1010.9,40,23.8,Port Harcourt
2023-12-06,30.6,23.6,26.0,0.5,10.6,13.54,89,1011.2,49,23.9,Port Harcourt
2023-12-07,30.9,23.4,26.4,0.2,14.3,16.74,85,1011.9,84,23.3,Port Harcourt
2023-12-08,31.6,23.7,26.8,0.2,11.9,18.55,83,1011.5,60,23.4,Port Harcourt
2023-12-09,32.2,22.9,26.9,0.0,9.0,19.86,82,1009.5,19,22.9,Port Harcourt
2023-12-10,32.1,23.2,27.1,0.0,14.4,20.12,82,1009.8,14,23.3,Port Harcourt
2023-12-11,32.5,24.3,27.3,0.5,13.8,18.6,82,1010.3,49,23.6,Port Harcourt
2023-12-12,31.4,22.4,26.1,0.0,12.1,20.17,73,1010.8,80,19.6,Port Harcourt
2023-12-13,32.0,20.1,25.5,0.0,13.2,20.8,61,1009.8,27,16.6,Port Harcourt
2023-12-14,33.2,20.1,26.4,0.0,9.5,20.66,65,1009.4,6,18.2,Port Harcourt
2023-12-15,34.0,20.5,26.5,0.0,9.4,20.71,69,1009.0,28,19.1,Port Harcourt
2023-12-16,33.0,21.9,27.0,0.0,10.6,20.07,78,1007.9,34,22.3,Port Harcourt
2023-12-17,34.5,22.7,27.6,0.0,9.3,20.53,72,1007.9,46,20.9,Port Harcourt
2023-12-18,34.2,22.1,27.2,0.0,10.5,19.82,77,1008.6,57,21.8,Port Harcourt
2023-12-19,33.0,23.6,27.5,0.0,13.7,19.12,80,1009.6,91,23.2,Port Harcourt
2023-12-20,33.2,24.5,27.9,0.4,11.5,17.56,80,1010.7,38,23.8,Port Harcourt
2023-12-21,33.3,24.1,28.2,0.0,15.1,18.78,78,1010.1,58,23.5,Port Harcourt
2023-12-22,32.7,25.0,28.4,0.1,12.6,17.28,79,1010.4,87,23.9,Port Harcourt
2023-12-23,34.6,24.0,28.3,0.0,9.6,19.43,73,1010.7,59,21.7,Port Harcourt
2023-12-24,33.7,23.6,27.8,0.0,9.3,19.44,72,1010.6,71,20.8,Port Harcourt
2023-12-25,35.4,23.1,27.6,0.0,12.5,20.31,69,1010.0,75,19.1,Port Harcourt
2023-12-26,34.1,22.2,27.4,0.0,9.6,20.18,69,1010.5,17,19.9,Port Harcourt
2023-12-27,34.1,22.0,27.3,0.0,10.8,19.07,75,1010.7,83,21.3,Port Harcourt
2023-12-28,33.8,22.0,27.7,0.0,11.2,19.7,75,1011.6,17,22.1,Port Harcourt
2023-12-29,35.3,22.7,28.3,0.0,13.0,20.12,73,1010.7,22,21.8,Port Harcourt
2023-12-30,34.0,23.3,28.3,0.0,12.2,19.42,76,1010.6,25,22.8,Port Harcourt
2023-12-31,34.6,23.7,28.3,0.0,14.6,19.54,75,1010.4,19,22.9,Port Harcourt
2024-01-01,33.4,24.7,28.1,1.0,11.3,16.87,79,1011.0,19,23.8,Port Harcourt
2024-01-02,33.6,24.0,27.9,0.1,16.7,18.35,79,1012.0,42,23.4,Port Harcourt
2024-01-03,33.4,24.2,28.2,0.2,13.7,16.88,77,1011.8,93,23.3,Port Harcourt
2024-01-04,35.0,24.8,28.7,0.1,18.0,18.26,76,1011.6,79,23.2,Port Harcourt
2024-01-05,34.3,24.1,28.3,0.0,16.9,18.86,76,1011.3,45,23.0,Port Harcourt
2024-01-06,32.7,24.6,27.6,1.9,13.3,17.46,82,1011.5,27,23.9,Port Harcourt
2024-01-07,33.9,23.0,27.8,0.0,15.9,19.25,79,1010.4,51,23.1,Port Harcourt
2024-01-08,34.6,23.8,28.7,0.0,14.4,19.39,75,1010.0,26,22.9,Port Harcourt
2024-01-09,34.8,25.2,29.0,0.0,16.5,19.45,74,1009.8,18,23.3,Port Harcourt
2024-01-10,34.6,24.9,28.4,0.0,16.0,13.75,74,1010.9,84,22.8,Port Harcourt
2024-01-11,35.3,23.9,29.0,0.0,16.3,19.71,69,1010.3,74,21.5,Port Harcourt
2024-01-12,35.0,24.8,28.9,0.0,18.4,18.3,76,1009.8,43,23.3,Port Harcourt
2024-01-13,34.5,24.4,29.1,0.0,15.2,19.18,73,1010.6,43,22.9,Port Harcourt
2024-01-14,34.0,23.9,28.7,0.0,14.8,19.46,73,1011.1,4,22.7,Port Harcourt
2024-01-15,35.0,23.4,28.4,0.0,9.5,20.15,67,1012.2,10,19.5,Port Harcourt
2024-01-16,34.7,22.9,27.9,0.0,10.3,20.13,60,1012.7,58,16.3,Port Harcourt
2024-01-17,35.2,21.0,27.1,0.0,10.2,20.6,63,1012.8,1,17.2,Port Harcourt
2024-01-18,34.6,21.4,27.9,0.0,15.1,19.99,73,1011.6,10,21.5,Port Harcourt
2024-01-19,34.6,23.5,28.6,0.0,16.6,19.24,72,1011.4,4,22.2,Port Harcourt
2024-01-20,35.9,24.3,29.2,0.0,15.3,19.86,70,1012.0,2,22.2,Port Harcourt
2024-01-21,35.6,23.1,28.9,0.0,13.3,20.46,72,1011.6,5,22.3,Port Harcourt
2024-01-22,35.6,24.6,29.3,0.0,19.6,19.19,73,1011.9,15,22.9,Port Harcourt
2024-01-23,30.4,24.9,27.0,2.1,11.9,12.37,82,1013.2,65,23.6,Port Harcourt
2024-01-24,33.7,25.1,28.4,0.2,11.1,16.13,76,1012.4,66,23.3,Port Harcourt
2024-01-25,35.8,24.4,29.0,0.0,15.6,20.67,62,1011.9,13,18.4,Port Harcourt
2024-01-26,34.6,19.7,27.1,0.0,14.3,21.12,50,1011.6,0,13.7,Port Harcourt
2024-01-27,35.4,20.3,27.3,0.0,11.7,19.03,51,1011.0,24,14.6,Port Harcourt
2024-01-28,36.0,20.5,27.9,0.0,13.8,21.14,51,1010.8,0,14.6,Port Harcourt
2024-01-29,35.4,21.7,28.1,0.0,12.5,20.89,60,1011.3,4,18.2,Port Harcourt
2024-01-30,35.5,23.6,28.7,0.0,16.8,20.48,72,1011.1,56,22.4,Port Harcourt
2024-01-31,35.8,24.7,29.5,0.0,17.6,19.43,71,1011.5,66,22.9,Port Harcourt
2024-02-01,35.4,26.4,29.6,0.0,15.4,19.52,72,1012.3,72,23.3,Port Harcourt
2024-02-02,35.9,24.4,29.3,0.0,13.1,20.71,70,1011.1,41,21.6,Port Harcourt
2024-02-03,37.0,24.2,29.2,0.0,11.9,21.02,64,1009.6,30,18.6,Port Harcourt
2024-02-04,36.0,22.8,28.9,0.0,13.0,21.35,59,1010.5,71,17.4,Port Harcourt
2024-02-05,36.2,23.0,29.0,0.0,14.2,21.72,57,1012.3,81,16.5,Port Harcourt
2024-02-06,34.9,22.9,28.9,0.0,13.3,20.91,58,1012.3,75,16.9,Port Harcourt
2024-02-07,35.8,21.0,28.2,0.0,11.8,21.89,48,1011.7,15,13.7,Port Harcourt
2024-02-08,36.1,21.8,28.7,0.0,15.8,21.67,63,1011.1,16,19.8,Port Harcourt
2024-02-09,36.0,24.5,29.4,0.0,17.3,20.27,73,1011.3,35,23.3,Port Harcourt
2024-02-10,35.7,25.6,29.5,0.0,16.3,19.67,76,1011.0,50,24.5,Port Harcourt
2024-02-11,35.6,25.4,29.5,0.1,17.4,19.96,76,1010.2,37,24.4,Port Harcourt
2024-02-12,34.9,26.1,29.7,0.2,15.2,19.03,77,1009.6,24,24.9,Port Harcourt
2024-02-13,35.5,26.1,29.4,1.1,14.9,18.58,79,1010.3,31,24.9,Port Harcourt
2024-02-14,35.3,25.9,29.5,1.9,14.4,18.82,77,1010.7,73,24.7,Port Harcourt
2024-02-15,34.8,26.2,28.7,1.9,12.2,17.67,81,1010.5,73,24.9,Port Harcourt
2024-02-16,36.1,25.2,29.5,0.1,17.7,20.42,75,1010.1,99,23.9,Port Harcourt
2024-02-17,35.1,25.8,29.4,1.6,14.6,19.93,77,1010.5,77,24.5,Port Harcourt
2024-02-18,35.2,26.0,29.7,0.1,16.1,20.06,75,1010.1,84,24.3,Port Harcourt
2024-02-19,35.8,26.0,29.9,0.0,17.9,19.85,76,1009.5,35,24.7,Port Harcourt
2024-02-20,34.0,26.6,29.6,0.3,16.0,19.32,77,1008.2,73,24.8,Port Harcourt
2024-02-21,34.5,25.8,29.3,0.1,13.5,18.98,77,1007.3,78,24.5,Port Harcourt
2024-02-22,29.1,24.9,26.7,17.0,10.6,8.78,88,1007.9,97,24.5,Port Harcourt
2024-02-23,35.1,25.5,28.9,0.2,15.2,18.04,77,1008.7,98,23.8,Port Harcourt
2024-02-24,33.0,24.0,28.2,0.0,10.1,15.22,75,1010.2,100,22.5,Port Harcourt
2024-02-25,33.2,26.4,29.3,0.0,14.2,15.65,76,1011.1,100,24.3,Port Harcourt
2024-02-26,33.5,26.0,29.4,0.2,15.0,19.98,77,1009.7,69,24.5,Port Harcourt
2024-02-27,33.1,25.6,28.7,0.7,12.0,16.34,80,1009.3,56,24.6,Port Harcourt
2024-02-28,33.6,25.8,28.6,2.3,16.3,17.45,81,1008.5,48,24.8,Port Harcourt
2024-02-29,32.5,25.4,27.0,4.7,10.7,10.45,87,1009.0,98,24.5,Port Harcourt
2024-03-01,34.7,24.9,28.7,1.3,11.9,18.22,79,1008.7,73,24.4,Port Harcourt
2024-03-02,30.5,24.8,27.3,2.0,10.1,11.43,86,1010.6,97,24.6,Port Harcourt
2024-03-03,32.2,24.8,27.9,0.8,11.3,17.73,84,1010.4,95,24.7,Port Harcourt
2024-03-04,33.1,25.0,28.5,0.4,10.4,19.4,79,1009.4,63,24.3,Port Harcourt
2024-03-05,32.4,25.3,27.5,1.9,9.8,11.49,86,1009.7,100,24.9,Port Harcourt
2024-03-06,31.4,25.1,27.4,10.9,12.9,14.42,87,1010.7,97,24.8,Port Harcourt
2024-03-07,32.4,25.1,27.7,4.6,11.1,16.34,86,1010.9,87,25.0,Port Harcourt
2024-03-08,30.0,25.4,26.9,5.0,10.4,9.73,89,1011.2,99,24.8,Port Harcourt
2024-03-09,31.1,24.1,27.0,1.8,14.8,14.15,86,1010.9,98,24.3,Port Harcourt
2024-03-10,33.5,25.3,28.5,0.0,14.1,21.39,82,1009.5,85,24.9,Port Harcourt
2024-03-11,31.4,26.3,27.9,2.1,12.1,14.06,88,1010.8,71,25.7,Port Harcourt
2024-03-12,32.2,25.1,26.9,6.3,12.8,12.18,89,1011.5,91,24.8,Port Harcourt
2024-03-13,32.3,24.9,27.8,3.0,8.9,15.88,85,1011.0,84,24.8,Port Harcourt
2024-03-14,30.1,25.3,27.1,4.6,10.9,10.15,87,1011.7,92,24.6,Port Harcourt
2024-03-15,33.8,23.8,28.0,0.0,14.6,22.13,81,1010.0,39,24.0,Port Harcourt
2024-03-16,33.5,25.2,28.7,1.2,14.0,20.36,82,1008.9,54,25.0,Port Harcourt
2024-03-17,32.7,25.4,28.8,0.8,10.8,19.36,82,1008.4,50,25.3,Port Harcourt
2024-03-18,33.2,26.2,28.4,5.0,10.7,16.62,83,1007.6,78,25.2,Port Harcourt
2024-03-19,33.1,24.5,28.3,0.1,11.9,19.9,82,1007.2,87,24.8,Port Harcourt
2024-03-20,32.9,25.5,28.0,3.6,21.4,18.95,86,1007.4,100,25.3,Port Harcourt
2024-03-21,30.7,25.4,27.7,0.5,11.0,7.75,86,1008.2,86,25.0,Port Harcourt
2024-03-22,33.6,25.2,28.5,1.4,15.8,19.92,82,1007.6,52,24.8,Port Harcourt
2024-03-23,31.7,24.6,27.6,1.0,11.4,16.29,84,1008.5,92,24.6,Port Harcourt
2024-03-24,33.3,25.3,28.7,0.1,13.8,21.19,81,1008.4,45,24.8,Port Harcourt
2024-03-25,31.2,25.2,27.3,3.5,17.9,15.75,86,1010.0,98,24.6,Port Harcourt
2024-03-26,33.3,25.2,28.6,1.0,11.5,20.97,80,1009.7,77,24.7,Port Harcourt
2024-03-27,34.2,25.8,29.4,0.3,13.0,21.11,79,1008.9,84,25.0,Port Harcourt
2024-03-28,33.3,27.0,29.5,1.6,13.1,19.58,80,1009.0,90,25.4,Port Harcourt
2024-03-29,30.3,26.7,28.0,2.5,12.0,9.79,86,1009.7,100,25.3,Port Harcourt
2024-03-30,32.2,25.6,28.2,0.9,11.3,13.47,81,1009.5,94,24.5,Port Harcourt
2024-03-31,33.2,26.1,28.1,4.6,18.3,18.9,83,1010.2,99,24.7,Port Harcourt
2024-04-01,33.2,25.9,28.9,0.0,11.7,16.8,77,1010.1,96,24.1,Port Harcourt
2024-04-02,34.1,25.6,28.7,1.2,11.8,17.95,82,1009.1,80,25.0,Port Harcourt
2024-04-03,33.4,25.5,28.8,0.6,16.2,17.49,81,1007.9,96,24.9,Port Harcourt
2024-04-04,31.2,25.0,27.8,1.1,13.6,15.13,83,1008.6,98,24.5,Port Harcourt
2024-04-05,30.7,25.3,27.7,0.3,14.5,12.55,82,1009.9,100,24.3,Port Harcourt
2024-04-06,32.4,24.5,28.3,1.3,10.8,21.03,81,1010.1,56,24.4,Port Harcourt
2024-04-07,33.5,24.5,27.8,0.0,19.2,14.67,83,1010.1,90,24.4,Port Harcourt
2024-04-08,32.9,25.6,28.2,4.6,12.6,15.25,83,1009.4,94,24.9,Port Harcourt
2024-04-09,34.2,25.2,28.7,0.4,13.5,19.63,80,1008.5,67,24.5,Port Harcourt
2024-04-10,33.8,25.5,27.6,25.4,7.6,15.53,86,1008.3,71,24.8,Port Harcourt
2024-04-11,32.2,24.8,27.1,21.6,15.1,14.58,88,1009.2,96,24.9,Port Harcourt
2024-04-12,29.6,24.6,26.7,5.0,10.0,10.05,88,1010.1,98,24.4,Port Harcourt
2024-04-13,31.4,24.5,27.5,2.4,16.8,16.39,84,1009.5,93,24.4,Port Harcourt
2024-04-14,32.3,24.2,27.4,7.1,8.7,19.55,85,1009.9,85,24.5,Port Harcourt
2024-04-15,33.2,25.1,28.3,1.6,11.7,20.65,85,1009.9,42,25.3,Port Harcourt
2024-04-16,31.3,25.6,27.6,15.2,18.4,17.25,88,1009.5,82,25.2,Port Harcourt
2024-04-17,32.2,25.0,27.6,1.2,9.4,14.73,87,1008.6,96,25.1,Port Harcourt
2024-04-18,32.6,25.1,28.4,7.5,12.7,19.77,83,1009.4,88,25.0,Port Harcourt
2024-04-19,32.3,25.6,28.5,3.5,16.0,19.55,84,1009.7,94,25.2,Port Harcourt
2024-04-20,34.0,24.9,28.8,0.0,15.3,23.85,80,1007.6,87,24.6,Port Harcourt
2024-04-21,33.4,25.4,29.2,0.1,9.4,22.54,78,1007.5,88,24.6,Port Harcourt
2024-04-22,34.1,25.3,28.6,1.3,11.3,19.5,83,1008.4,93,25.1,Port Harcourt
2024-04-23,32.0,25.8,27.7,1.5,11.5,14.32,83,1009.2,96,24.4,Port Harcourt
2024-04-24,33.5,25.1,28.5,0.5,14.8,20.19,78,1009.5,97,24.1,Port Harcourt
2024-04-25,32.9,26.2,28.8,3.9,12.6,20.94,81,1008.8,84,25.0,Port Harcourt
2024-04-26,33.4,25.6,28.3,1.4,14.0,21.13,84,1008.4,78,25.1,Port Harcourt
2024-04-27,34.1,24.4,28.8,0.0,12.7,22.6,81,1007.2,96,24.8,Port Harcourt
2024-04-28,33.8,26.0,28.9,5.7,13.8,20.89,81,1007.7,91,25.0,Port Harcourt
2024-04-29,32.3,25.4,28.1,6.4,14.2,18.91,84,1008.7,98,25.1,Port Harcourt
2024-04-30,32.9,25.1,28.4,1.3,11.3,17.08,83,1007.6,99,25.0,Port Harcourt
2024-05-01,33.2,25.5,27.9,7.2,14.0,18.49,87,1007.4,100,25.2,Port Harcourt
2024-05-02,32.2,25.1,27.6,1.3,11.8,14.41,86,1008.6,93,24.9,Port Harcourt
2024-05-03,30.1,24.8,26.2,3.5,10.5,9.3,89,1010.7,100,24.3,Port Harcourt
2024-05-04,32.8,23.1,27.4,1.6,13.3,20.31,85,1010.2,80,24.3,Port Harcourt
2024-05-05,33.0,24.2,28.2,1.2,9.7,22.2,83,1008.9,42,24.9,Port Harcourt
2024-05-06,32.6,24.7,28.3,1.2,13.4,21.09,84,1007.8,90,25.0,Port Harcourt
2024-05-07,32.4,23.9,27.9,13.0,9.6,19.15,83,1008.8,97,24.6,Port Harcourt
2024-05-08,32.8,25.2,27.8,1.3,7.8,15.2,84,1008.8,98,24.6,Port Harcourt
2024-05-09,32.8,25.0,28.4,0.1,14.0,17.45,81,1008.4,93,24.7,Port Harcourt
2024-05-10,33.7,25.0,28.6,0.4,13.0,19.94,80,1008.4,67,24.6,Port Harcourt
2024-05-11,33.1,25.1,27.6,0.7,9.7,15.29,85,1009.0,72,24.9,Port Harcourt
2024-05-12,29.7,24.7,26.5,17.0,10.1,11.12,90,1010.2,100,24.6,Port Harcourt
2024-05-13,32.1,24.9,26.5,13.2,8.2,13.79,90,1010.3,96,24.6,Port Harcourt
2024-05-14,32.3,24.7,27.0,14.3,12.2,16.02,88,1010.3,95,24.8,Port Harcourt
2024-05-15,32.2,24.8,27.8,0.9,10.2,18.4,85,1009.8,87,25.0,Port Harcourt
2024-05-16,31.1,25.7,27.6,1.0,10.7,14.33,86,1010.6,91,25.0,Port Harcourt
2024-05-17,32.8,24.4,27.6,8.1,8.8,20.67,85,1011.3,91,24.7,Port Harcourt
2024-05-18,31.7,24.2,27.5,0.3,9.7,18.38,83,1010.9,100,24.2,Port Harcourt
2024-05-19,31.9,24.7,27.9,1.3,10.1,20.08,82,1009.9,93,24.4,Port Harcourt
2024-05-20,32.1,25.3,28.1,2.1,10.6,19.42,81,1010.3,96,24.3,Port Harcourt
2024-05-21,32.4,24.8,27.4,14.9,12.5,18.5,86,1011.6,99,24.6,Port Harcourt
2024-05-22,29.1,24.5,26.3,2.0,12.6,8.51,90,1012.1,97,24.4,Port Harcourt
2024-05-23,32.3,24.8,27.7,0.6,11.2,19.79,81,1011.3,58,23.9,Port Harcourt
2024-05-24,30.9,24.3,26.4,5.8,14.4,15.06,87,1011.8,94,23.9,Port Harcourt
2024-05-25,31.3,23.6,26.7,1.1,7.3,20.03,86,1012.0,84,24.0,Port Harcourt
2024-05-26,32.1,22.9,27.4,0.0,12.5,22.08,80,1011.8,85,23.4,Port Harcourt
2024-05-27,32.6,24.4,28.0,1.0,10.3,22.31,79,1012.1,96,23.8,Port Harcourt
2024-05-28,30.3,24.8,26.8,0.5,11.0,11.68,86,1012.8,100,24.1,Port Harcourt
2024-05-29,31.4,23.7,27.3,0.1,13.1,16.62,82,1012.4,91,23.8,Port Harcourt
2024-05-30,32.5,24.6,27.1,18.1,8.6,16.76,84,1011.9,94,24.0,Port Harcourt
2024-05-31,30.4,24.8,26.6,6.0,12.3,13.84,85,1012.7,100,23.8,Port Harcourt
2024-06-01,32.2,23.7,26.9,0.9,17.0,20.37,85,1013.1,85,23.9,Port Harcourt
2024-06-02,27.7,24.7,25.6,15.0,16.4,6.76,93,1012.9,100,24.3,Port Harcourt
2024-06-03,30.9,23.8,26.4,1.3,10.2,16.32,87,1013.2,70,23.9,Port Harcourt
2024-06-04,28.3,23.9,25.6,7.3,14.0,10.92,90,1012.7,48,23.8,Port Harcourt
2024-06-05,30.0,23.8,26.1,5.2,11.9,15.67,87,1012.6,79,23.8,Port Harcourt
2024-06-06,29.0,24.1,25.5,15.2,9.2,9.85,91,1013.3,94,23.8,Port Harcourt
2024-06-07,29.8,24.0,26.4,6.9,11.9,16.56,87,1014.4,87,23.9,Port Harcourt
2024-06-08,29.8,24.2,26.1,1.6,7.7,11.6,88,1013.8,83,23.9,Port Harcourt
2024-06-09,30.1,23.0,25.9,6.5,14.8,16.28,88,1013.0,60,23.5,Port Harcourt
2024-06-10,30.3,23.5,25.9,7.5,10.6,13.62,87,1013.6,94,23.5,Port Harcourt
2024-06-11,29.5,23.2,25.0,5.5,10.0,12.83,90,1014.1,86,23.2,Port Harcourt
2024-06-12,31.0,22.8,26.3,0.6,8.0,19.97,85,1012.5,71,23.4,Port Harcourt
2024-06-13,30.9,23.7,26.7,5.7,10.4,19.58,86,1011.8,48,24.0,Port Harcourt
2024-06-14,28.1,23.8,25.2,25.2,10.8,11.04,91,1012.1,98,23.6,Port Harcourt
2024-06-15,28.8,23.5,25.4,5.0,13.8,12.24,91,1012.0,99,23.7,Port Harcourt
2024-06-16,28.2,23.3,24.9,6.6,11.2,11.35,91,1012.4,97,23.3,Port Harcourt
2024-06-17,30.3,22.7,25.7,2.0,12.0,18.66,87,1012.0,89,23.2,Port Harcourt
2024-06-18,30.4,23.0,26.2,2.4,10.5,20.01,87,1011.4,78,23.6,Port Harcourt
2024-06-19,28.9,23.7,25.8,3.4,15.8,15.83,88,1011.1,78,23.6,Port Harcourt
2024-06-20,29.6,23.3,25.4,2.6,13.1,14.97,89,1011.6,79,23.3,Port Harcourt
2024-06-21,28.8,23.1,24.6,27.3,9.7,8.72,93,1012.7,100,23.4,Port Harcourt
2024-06-22,29.8,22.4,25.6,0.8,14.3,18.02,88,1012.5,81,23.2,Port Harcourt
2024-06-23,30.7,23.4,26.3,1.4,12.2,20.01,86,1012.0,77,23.6,Port Harcourt
2024-06-24,28.9,23.9,25.6,8.9,14.1,11.58,89,1011.5,94,23.6,Port Harcourt
2024-06-25,29.0,23.9,25.3,6.9,8.6,9.22,91,1011.8,98,23.6,Port Harcourt
2024-06-26,30.2,23.3,25.2,7.3,11.6,15.73,90,1011.7,94,23.3,Port Harcourt
2024-06-27,29.9,22.7,25.8,1.1,12.2,18.7,87,1011.6,83,23.3,Port Harcourt
2024-06-28,30.3,23.2,25.7,16.8,11.5,16.48,88,1011.8,80,23.5,Port Harcourt
2024-06-29,28.4,23.2,25.1,6.1,10.5,13.39,90,1011.8,100,23.3,Port Harcourt
2024-06-30,29.5,22.7,25.6,1.0,12.2,16.65,88,1012.3,98,23.2,Port Harcourt
2024-07-01,30.8,22.9,25.2,12.1,7.3,15.66,90,1013.0,95,23.2,Port Harcourt
2024-07-02,26.9,22.8,24.5,13.0,12.7,10.94,92,1012.8,100,23.1,Port Harcourt
2024-07-03,28.0,22.9,24.3,12.6,11.1,9.05,93,1012.7,100,23.1,Port Harcourt
2024-07-04,28.7,22.5,24.6,6.2,11.6,14.54,90,1013.4,93,22.8,Port Harcourt
2024-07-05,27.8,23.0,24.5,12.1,9.7,10.53,92,1013.4,100,23.0,Port Harcourt
2024-07-06,29.4,22.2,24.9,3.2,12.7,15.34,91,1012.9,99,23.2,Port Harcourt
2024-07-07,27.8,23.1,25.1,5.4,14.3,13.56,91,1012.7,92,23.4,Port Harcourt
2024-07-08,28.8,23.3,24.6,13.2,11.3,10.76,91,1012.6,99,23.0,Port Harcourt
2024-07-09,28.7,22.7,24.6,5.0,11.3,13.01,91,1012.1,94,22.9,Port Harcourt
2024-07-10,28.9,22.9,24.8,9.0,9.1,12.33,90,1012.6,100,23.0,Port Harcourt
2024-07-11,27.4,22.8,24.4,11.4,11.9,11.06,91,1013.5,98,22.8,Port Harcourt
2024-07-12,27.9,22.7,24.5,5.9,11.8,9.89,91,1013.7,100,22.9,Port Harcourt
2024-07-13,27.8,22.8,24.4,6.2,8.9,12.27,92,1014.3,90,22.9,Port Harcourt
2024-07-14,28.4,23.1,25.3,1.6,10.2,14.78,88,1014.2,92,23.2,Port Harcourt
2024-07-15,28.5,23.4,25.0,19.5,14.2,12.11,90,1014.5,93,23.3,Port Harcourt
2024-07-16,26.1,23.4,24.3,9.2,10.7,7.01,94,1014.2,100,23.3,Port Harcourt
2024-07-17,26.1,23.5,24.5,11.4,10.3,8.44,93,1013.8,99,23.3,Port Harcourt
2024-07-18,27.9,22.7,24.7,13.1,12.1,11.01,91,1014.1,99,23.1,Port Harcourt
2024-07-19,25.5,23.1,23.9,51.7,13.3,5.32,95,1014.3,100,23.0,Port Harcourt
2024-07-20,28.7,23.4,25.4,3.6,17.6,16.77,85,1013.4,75,22.6,Port Harcourt
2024-07-21,29.1,22.2,25.4,2.2,11.5,18.8,84,1014.4,76,22.3,Port Harcourt
2024-07-22,30.3,22.7,26.0,0.7,13.8,21.51,81,1014.9,67,22.3,Port Harcourt
2024-07-23,29.5,23.5,26.2,2.2,15.1,20.28,82,1015.8,75,22.7,Port Harcourt
2024-07-24,29.4,23.7,26.1,2.2,12.1,21.18,82,1015.5,85,22.8,Port Harcourt
2024-07-25,29.2,22.6,25.5,1.9,13.8,18.11,84,1014.5,71,22.4,Port Harcourt
2024-07-26,29.9,23.0,25.4,1.7,14.3,14.25,85,1014.1,85,22.6,Port Harcourt
2024-07-27,29.2,23.0,25.6,3.5,14.3,18.45,85,1014.0,83,22.8,Port Harcourt
2024-07-28,28.9,23.5,25.1,11.0,17.6,14.86,87,1014.1,97,22.8,Port Harcourt
2024-07-29,29.2,23.1,25.2,2.8,15.0,15.42,87,1013.8,92,22.8,Port Harcourt
2024-07-30,29.3,22.6,25.3,2.9,15.2,17.86,85,1013.4,84,22.4,Port Harcourt
2024-07-31,29.5,22.4,25.4,2.6,15.8,17.86,85,1012.8,79,22.5,Port Harcourt
2024-08-01,27.4,23.2,24.9,5.2,16.1,15.06,87,1013.7,91,22.5,Port Harcourt
2024-08-02,28.7,23.1,25.6,0.8,13.4,16.87,84,1013.3,92,22.5,Port Harcourt
2024-08-03,29.4,23.5,25.8,1.3,15.5,19.81,81,1013.6,83,22.1,Port Harcourt
2024-08-04,29.5,22.6,25.6,0.7,13.0,18.4,82,1014.9,83,22.1,Port Harcourt
2024-08-05,29.4,23.6,25.9,2.0,12.1,17.53,81,1014.2,94,22.2,Port Harcourt
2024-08-06,29.4,23.8,25.5,3.7,15.0,16.65,84,1013.0,91,22.5,Port Harcourt
2024-08-07,29.2,22.9,25.4,1.8,15.9,16.98,85,1012.2,88,22.5,Port Harcourt
2024-08-08,28.9,22.4,25.3,2.2,14.5,19.7,85,1012.3,71,22.4,Port Harcourt
2024-08-09,29.4,22.9,25.8,1.2,11.4,21.24,83,1012.5,95,22.6,Port Harcourt
2024-08-10,29.2,23.9,26.0,0.9,13.0,14.77,83,1012.4,75,22.8,Port Harcourt
2024-08-11,30.1,22.9,25.8,2.0,14.8,18.31,84,1012.5,88,22.7,Port Harcourt
2024-08-12,29.2,23.1,25.0,2.7,15.4,13.15,87,1012.4,97,22.7,Port Harcourt
2024-08-13,29.4,22.4,25.0,1.1,14.4,12.18,87,1013.4,94,22.6,Port Harcourt
2024-08-14,29.5,22.2,25.2,5.3,12.7,18.94,86,1014.0,84,22.4,Port Harcourt
2024-08-15,29.9,22.6,24.8,7.9,13.0,16.05,87,1013.7,96,22.4,Port Harcourt
2024-08-16,27.7,22.6,24.7,4.0,13.5,10.32,89,1013.3,98,22.6,Port Harcourt
2024-08-17,27.8,23.0,24.9,9.6,14.2,13.88,88,1013.5,92,22.7,Port Harcourt
2024-08-18,30.0,22.8,25.3,3.0,8.9,16.79,89,1014.2,98,23.1,Port Harcourt
2024-08-19,27.2,23.1,24.5,23.7,14.2,10.62,92,1013.6,100,23.0,Port Harcourt
2024-08-20,28.3,22.5,24.0,30.6,13.3,9.8,92,1014.0,97,22.6,Port Harcourt
2024-08-21,29.8,22.5,25.6,2.1,11.2,17.36,86,1013.8,92,22.9,Port Harcourt
2024-08-22,29.2,23.3,25.7,1.5,11.5,14.67,86,1012.6,99,23.0,Port Harcourt
2024-08-23,26.6,22.8,24.2,13.5,18.4,10.6,91,1012.4,100,22.6,Port Harcourt
2024-08-24,29.3,22.7,25.3,2.2,11.6,15.5,87,1013.7,98,22.9,Port Harcourt
2024-08-25,29.3,23.2,25.2,12.3,12.7,13.26,88,1013.4,100,23.0,Port Harcourt
2024-08-26,26.1,23.2,24.1,23.5,13.8,6.48,94,1012.1,100,23.0,Port Harcourt
2024-08-27,29.0,22.5,25.4,1.8,14.3,18.11,87,1012.4,63,22.9,Port Harcourt
2024-08-28,29.9,22.6,25.6,1.5,11.8,20.08,85,1013.7,85,22.8,Port Harcourt
2024-08-29,29.6,23.5,25.6,2.6,11.3,12.65,85,1013.3,97,22.7,Port Harcourt
2024-08-30,27.8,23.3,24.6,9.2,15.1,9.55,89,1012.9,100,22.7,Port Harcourt
2024-08-31,28.8,23.4,25.5,1.9,15.1,16.48,85,1012.9,89,22.7,Port Harcourt
2024-09-01,29.9,22.1,25.5,3.1,10.4,21.38,84,1013.0,50,22.4,Port Harcourt
2024-09-02,28.3,23.0,24.9,3.1,11.0,12.57,88,1013.3,92,22.7,Port Harcourt
2024-09-03,29.6,23.1,25.4,3.0,13.0,18.18,86,1012.6,89,22.8,Port Harcourt
2024-09-04,30.3,22.3,25.8,2.0,12.0,19.01,85,1012.8,89,22.9,Port Harcourt
2024-09-05,28.6,23.3,25.7,3.3,10.8,14.16,86,1012.9,93,23.1,Port Harcourt
2024-09-06,28.8,22.9,25.4,2.9,12.4,16.12,88,1012.5,99,23.1,Port Harcourt
2024-09-07,28.7,23.4,24.9,4.0,12.4,11.13,90,1013.4,94,23.1,Port Harcourt
2024-09-08,29.0,22.7,25.6,5.8,10.8,18.58,88,1013.5,81,23.3,Port Harcourt
2024-09-09,28.0,23.6,25.1,5.5,10.5,11.25,91,1013.0,95,23.4,Port Harcourt
2024-09-10,29.7,23.1,25.0,23.5,11.4,13.74,90,1012.0,95,23.3,Port Harcourt
2024-09-11,26.8,22.8,24.4,11.9,10.5,9.07,94,1012.2,95,23.3,Port Harcourt
2024-09-12,28.7,23.0,25.3,6.3,10.6,16.22,89,1012.9,84,23.1,Port Harcourt
2024-09-13,28.0,23.1,25.0,8.9,10.3,12.34,91,1012.8,100,23.4,Port Harcourt
2024-09-14,27.9,22.9,24.8,17.6,11.6,12.33,91,1013.2,99,23.2,Port Harcourt
2024-09-15,29.7,23.7,25.2,10.4,7.4,12.45,91,1013.0,99,23.6,Port Harcourt
2024-09-16,28.8,23.2,25.7,2.7,12.0,15.36,88,1012.9,84,23.4,Port Harcourt
2024-09-17,29.9,23.4,24.7,15.0,12.7,9.65,92,1012.6,98,23.3,Port Harcourt
2024-09-18,27.5,22.6,24.5,13.5,10.8,11.79,92,1012.6,83,23.1,Port Harcourt
2024-09-19,29.5,22.3,24.8,6.0,10.3,13.06,91,1012.2,86,23.0,Port Harcourt
2024-09-20,27.3,23.1,24.7,6.7,11.4,11.56,91,1011.5,95,23.1,Port Harcourt
2024-09-21,30.6,22.5,25.5,5.0,10.8,19.66,88,1010.4,92,23.2,Port Harcourt
2024-09-22,28.5,23.0,25.5,4.3,11.8,16.1,87,1011.0,95,23.1,Port Harcourt
2024-09-23,29.1,22.9,24.9,13.0,10.9,14.22,90,1012.0,93,22.9,Port Harcourt
2024-09-24,27.7,22.5,24.3,13.3,9.2,11.12,93,1012.0,98,22.9,Port Harcourt
2024-09-25,28.3,22.3,24.7,5.7,14.3,14.06,91,1012.2,85,23.0,Port Harcourt
2024-09-26,30.9,22.7,25.5,6.9,10.2,19.35,88,1012.3,62,23.2,Port Harcourt
2024-09-27,28.6,23.6,24.7,17.3,11.3,9.32,92,1012.1,97,23.3,Port Harcourt
2024-09-28,28.7,23.4,24.9,6.8,10.2,10.22,91,1012.2,99,23.4,Port Harcourt
2024-09-29,29.3,23.6,25.5,8.8,11.7,16.05,90,1012.1,91,23.6,Port Harcourt
2024-09-30,29.2,22.6,25.4,4.0,11.9,16.11,88,1010.8,80,23.1,Port Harcourt
2024-10-01,27.9,23.3,25.0,6.3,10.6,11.35,91,1010.2,90,23.4,Port Harcourt
2024-10-02,30.0,22.4,25.2,4.1,14.3,17.38,89,1009.6,92,23.2,Port Harcourt
2024-10-03,28.3,23.3,24.6,11.8,11.8,9.44,93,1010.4,100,23.4,Port Harcourt
2024-10-04,24.8,23.3,23.9,77.9,12.9,3.67,96,1012.1,100,23.2,Port Harcourt
2024-10-05,26.1,22.9,24.3,11.0,8.9,7.8,93,1013.2,96,23.0,Port Harcourt
2024-10-06,29.4,22.1,24.8,13.2,9.1,16.0,91,1013.2,98,23.1,Port Harcourt
2024-10-07,28.8,22.8,24.8,8.0,7.7,12.35,91,1013.3,97,23.1,Port Harcourt
2024-10-08,29.7,22.6,25.3,4.8,12.3,14.25,89,1013.4,96,23.1,Port Harcourt
2024-10-09,27.7,23.5,25.1,13.1,7.8,8.73,92,1013.6,94,23.7,Port Harcourt
2024-10-10,31.1,23.0,26.1,1.3,11.8,20.61,85,1012.1,74,23.2,Port Harcourt
2024-10-11,29.9,23.2,25.9,7.4,12.8,18.52,87,1011.7,63,23.5,Port Harcourt
2024-10-12,28.4,23.4,25.0,12.3,14.7,11.08,91,1012.4,100,23.4,Port Harcourt
2024-10-13,28.4,22.9,24.7,21.6,11.0,10.55,91,1013.5,100,23.2,Port Harcourt
2024-10-14,28.4,22.9,24.8,6.4,11.2,12.69,91,1013.7,96,23.0,Port Harcourt
2024-10-15,28.9,22.8,25.1,10.3,13.2,17.28,90,1013.1,75,23.2,Port Harcourt
2024-10-16,29.0,22.6,24.8,4.9,11.0,13.77,90,1013.2,94,23.1,Port Harcourt
2024-10-17,29.5,22.5,24.9,11.3,12.6,13.88,90,1013.4,92,23.0,Port Harcourt
2024-10-18,30.4,22.4,25.9,1.0,9.2,20.51,86,1012.4,92,23.3,Port Harcourt
2024-10-19,31.2,23.3,25.7,9.9,9.4,17.59,89,1011.6,91,23.5,Port Harcourt
2024-10-20,28.1,23.4,25.2,4.2,7.5,11.95,91,1012.0,98,23.6,Port Harcourt
2024-10-21,27.6,23.2,25.1,10.7,11.9,12.67,91,1012.0,85,23.5,Port Harcourt
2024-10-22,29.3,23.8,26.0,0.8,10.5,13.89,88,1011.6,100,23.8,Port Harcourt
2024-10-23,30.7,24.1,26.4,5.4,12.4,18.25,86,1011.3,89,23.8,Port Harcourt
2024-10-24,28.7,23.5,25.2,12.4,12.5,10.21,91,1011.7,99,23.7,Port Harcourt
2024-10-25,30.0,23.3,25.3,6.7,11.0,13.49,91,1011.8,91,23.6,Port Harcourt
2024-10-26,31.1,22.5,25.9,5.6,11.4,19.06,87,1011.4,83,23.4,Port Harcourt
2024-10-27,29.9,23.6,26.2,1.0,7.4,15.18,89,1010.7,83,24.1,Port Harcourt
2024-10-28,28.2,23.4,24.8,18.4,9.1,8.27,94,1010.7,94,23.8,Port Harcourt
2024-10-29,28.1,23.5,25.1,13.9,8.2,9.44,93,1011.1,93,23.8,Port Harcourt
2024-10-30,30.5,23.0,26.0,3.1,11.2,16.74,87,1011.0,79,23.6,Port Harcourt
2024-10-31,31.3,23.0,26.2,0.6,9.1,20.11,87,1011.0,61,23.7,Port Harcourt
2024-11-01,30.7,22.9,26.2,2.2,12.4,18.32,87,1010.5,65,23.8,Port Harcourt
2024-11-02,29.1,23.8,25.8,2.3,12.2,14.32,87,1010.5,95,23.4,Port Harcourt
2024-11-03,31.4,23.1,26.5,2.8,9.2,19.25,86,1011.7,66,23.7,Port Harcourt
2024-11-04,32.7,23.4,26.9,0.3,16.6,21.11,83,1011.3,50,23.4,Port Harcourt
2024-11-05,32.4,23.4,26.9,0.2,15.7,21.08,83,1009.6,66,23.4,Port Harcourt
2024-11-06,31.1,23.7,26.4,8.0,11.3,18.61,87,1008.9,57,23.8,Port Harcourt
2024-11-07,28.5,24.1,25.9,1.6,7.3,10.48,89,1010.1,98,23.8,Port Harcourt
2024-11-08,30.7,23.0,26.4,0.4,11.9,17.98,84,1010.7,88,23.4,Port Harcourt
2024-11-09,30.0,23.5,25.8,2.9,12.2,15.76,87,1011.4,97,23.3,Port Harcourt
2024-11-10,29.7,23.0,25.9,0.5,8.5,16.21,85,1011.6,88,23.0,Port Harcourt
2024-11-11,32.2,22.7,26.7,0.0,12.2,22.01,81,1009.3,27,22.6,Port Harcourt
2024-11-12,31.7,23.2,27.0,0.5,14.0,21.02,81,1008.8,54,23.1,Port Harcourt
2024-11-13,33.5,24.4,27.7,0.6,12.1,20.48,79,1009.2,84,23.4,Port Harcourt
2024-11-14,32.0,24.3,26.6,1.6,10.9,14.82,84,1009.4,100,23.4,Port Harcourt
2024-11-15,31.8,24.2,27.2,0.2,9.9,18.73,81,1009.9,95,23.2,Port Harcourt
2024-11-16,32.4,24.2,27.6,0.0,13.2,20.97,79,1009.5,49,23.1,Port Harcourt
2024-11-17,32.9,24.5,27.6,0.3,12.4,20.65,78,1009.4,39,22.7,Port Harcourt
2024-11-18,33.6,24.4,27.9,0.5,12.6,20.5,77,1010.1,40,22.8,Port Harcourt
2024-11-19,33.8,24.9,27.9,0.3,10.9,17.12,76,1010.4,87,23.0,Port Harcourt
2024-11-20,34.0,25.2,28.5,0.2,12.7,19.0,73,1010.9,71,22.4,Port Harcourt
2024-11-21,34.2,24.7,28.3,0.1,15.3,19.81,74,1010.7,75,22.4,Port Harcourt
2024-11-22,33.8,25.0,28.0,1.8,10.4,19.45,76,1011.1,56,22.8,Port Harcourt
2024-11-23,33.5,24.3,28.1,0.0,13.2,20.01,74,1011.1,22,22.4,Port Harcourt
2024-11-24,34.2,24.6,28.7,0.1,11.2,20.79,72,1011.0,15,22.5,Port Harcourt
2024-11-25,34.8,25.2,28.5,0.2,14.9,20.07,73,1011.1,66,22.5,Port Harcourt
2024-11-26,34.4,24.7,28.5,0.1,12.7,19.89,71,1011.6,58,22.0,Port Harcourt
2024-11-27,34.2,24.2,28.7,0.0,10.6,20.56,68,1011.6,24,21.2,Port Harcourt
2024-11-28,35.2,24.5,28.7,0.7,11.1,19.35,70,1011.4,39,21.6,Port Harcourt
2024-11-29,34.0,24.5,28.8,0.0,10.7,20.11,65,1012.0,36,19.8,Port Harcourt
2024-11-30,35.3,23.8,29.0,0.0,11.5,21.29,65,1011.6,14,19.9,Port Harcourt
2024-12-01,35.0,24.7,29.3,0.0,13.5,20.46,67,1009.8,21,21.6,Port Harcourt
2024-12-02,35.1,25.4,29.1,0.2,16.9,19.81,69,1009.7,16,21.9,Port Harcourt
2024-12-03,33.2,24.8,27.5,1.2,13.4,16.7,76,1010.2,74,22.6,Port Harcourt
2024-12-04,33.0,23.7,28.0,0.1,13.1,18.32,73,1010.3,32,21.8,Port Harcourt
2024-12-05,35.0,24.3,28.5,0.2,15.5,19.99,71,1010.6,7,21.8,Port Harcourt
2024-12-06,34.5,24.7,28.2,0.9,14.4,18.95,73,1010.2,13,22.3,Port Harcourt
2024-12-07,35.5,24.6,29.1,0.0,13.9,19.92,68,1009.9,34,21.4,Port Harcourt
2024-12-08,34.9,24.2,28.9,0.0,11.1,20.63,61,1009.7,58,18.2,Port Harcourt
2024-12-09,34.9,24.4,28.8,0.0,12.2,20.3,67,1009.7,51,20.9,Port Harcourt
2024-12-10,35.3,23.8,29.1,0.0,12.1,20.89,62,1009.2,33,19.3,Port Harcourt
2024-12-11,36.5,24.6,29.1,0.0,16.7,19.04,67,1009.7,87,21.4,Port Harcourt
2024-12-12,34.3,24.9,28.7,0.2,14.5,18.79,72,1009.6,14,22.5,Port Harcourt
2024-12-13,35.6,25.2,29.0,0.3,14.7,19.08,71,1009.5,22,22.3,Port Harcourt
2024-12-14,35.6,25.0,29.0,0.0,17.5,19.55,70,1009.5,24,21.9,Port Harcourt
2024-12-15,36.2,24.2,29.2,0.0,14.6,19.26,69,1009.7,46,21.8,Port Harcourt
2024-12-16,35.1,25.5,29.6,0.0,15.6,19.26,67,1010.6,77,21.9,Port Harcourt
2024-12-17,35.5,25.3,29.4,0.0,14.0,17.57,69,1010.7,58,22.3,Port Harcourt
2024-12-18,35.2,25.5,29.6,0.0,11.7,20.07,63,1011.2,18,20.0,Port Harcourt
2024-12-19,34.7,23.4,28.7,0.0,11.2,20.51,60,1011.4,17,17.2,Port Harcourt
2024-12-20,35.7,23.0,28.8,0.0,10.4,20.43,51,1011.3,70,14.5,Port Harcourt
2024-12-21,35.4,22.9,28.9,0.0,12.6,20.5,48,1010.3,61,14.4,Port Harcourt
2024-12-22,35.6,23.0,28.6,0.0,12.8,20.25,61,1010.3,12,18.9,Port Harcourt
2024-12-23,36.4,24.3,28.9,0.0,15.7,19.94,68,1010.1,54,21.4,Port Harcourt
2024-12-24,36.0,25.0,29.0,0.1,15.3,18.59,72,1010.0,60,22.6,Port Harcourt
2024-12-25,35.3,25.1,29.1,0.4,16.0,18.36,72,1009.9,50,22.6,Port Harcourt
2024-12-26,36.2,25.0,29.3,0.0,17.2,19.15,70,1010.0,91,22.1,Port Harcourt
2024-12-27,36.0,25.1,29.4,0.0,14.2,19.08,70,1010.0,53,22.5,Port Harcourt
2024-12-28,36.1,24.8,29.1,0.5,13.5,18.45,71,1010.2,36,22.5,Port Harcourt
2024-12-29,35.1,24.8,28.8,0.0,13.2,18.04,71,1010.4,71,22.2,Port Harcourt
2024-12-30,35.6,24.8,28.9,0.0,13.9,18.86,72,1010.2,75,22.4,Port Harcourt
2024-12-31,36.0,25.1,29.4,0.2,14.6,18.44,72,1009.5,25,22.9,Port Harcourt
2025-01-01,36.0,25.1,29.6,0.1,12.4,18.75,70,1008.6,53,22.5,Port Harcourt
2025-01-02,36.1,25.0,29.2,0.1,15.3,18.47,72,1008.8,74,22.7,Port Harcourt
2025-01-03,36.6,25.6,29.4,0.4,15.2,18.05,72,1009.7,80,23.0,Port Harcourt
2025-01-04,35.2,25.8,28.9,0.9,13.6,17.76,75,1009.9,42,23.5,Port Harcourt
2025-01-05,35.6,24.9,28.9,0.2,16.0,17.98,73,1009.4,73,22.9,Port Harcourt
2025-01-06,35.6,25.4,29.2,0.2,16.8,17.37,71,1009.7,59,22.0,Port Harcourt
2025-01-07,35.4,24.5,29.1,0.0,15.1,18.67,70,1009.9,85,21.9,Port Harcourt
2025-01-08,35.7,24.2,29.2,0.0,14.2,19.56,71,1009.6,46,21.8,Port Harcourt
2025-01-09,35.6,24.5,29.1,0.0,15.7,19.43,69,1009.5,66,21.4,Port Harcourt
2025-01-10,36.8,24.9,29.6,0.0,13.8,19.38,65,1009.4,14,20.2,Port Harcourt
2025-01-11,36.0,23.1,28.9,0.0,13.6,20.25,56,1009.6,60,16.5,Port Harcourt
2025-01-12,35.6,24.4,28.8,0.0,16.4,18.71,64,1010.0,68,20.1,Port Harcourt
2025-01-13,36.6,23.3,28.8,0.0,17.9,19.9,66,1009.0,75,20.2,Port Harcourt
2025-01-14,36.3,24.1,29.1,0.0,18.2,19.77,68,1008.1,90,21.4,Port Harcourt
2025-01-15,36.6,25.3,29.1,0.9,11.8,16.66,71,1008.1,90,22.5,Port Harcourt
2025-01-16,36.7,25.2,29.9,0.0,15.2,18.35,70,1008.0,70,22.6,Port Harcourt
2025-01-17,36.8,26.3,29.5,0.4,17.6,16.88,73,1009.0,93,23.4,Port Harcourt
2025-01-18,31.5,25.0,28.1,0.4,11.5,12.16,74,1010.8,96,22.8,Port Harcourt
2025-01-19,32.4,24.6,26.3,7.5,11.5,11.12,83,1011.7,94,23.1,Port Harcourt
2025-01-20,32.5,24.3,27.0,2.1,10.9,12.93,79,1011.6,90,22.8,Port Harcourt
2025-01-21,32.1,24.2,26.9,0.0,13.7,13.35,83,1011.3,95,23.5,Port Harcourt
2025-01-22,30.8,24.7,27.1,0.8,13.2,13.19,82,1010.8,94,23.6,Port Harcourt
2025-01-23,33.1,24.3,27.6,0.0,13.8,18.47,79,1010.3,47,23.1,Port Harcourt
2025-01-24,33.6,24.5,28.0,0.0,12.3,17.79,77,1010.2,65,23.0,Port Harcourt
2025-01-25,33.2,25.2,27.9,0.2,14.2,18.06,78,1010.6,52,23.4,Port Harcourt
2025-01-26,34.2,24.3,28.0,0.6,13.0,17.92,76,1010.9,58,22.8,Port Harcourt
2025-01-27,34.2,24.6,27.9,0.8,14.2,17.7,75,1011.1,38,22.6,Port Harcourt
2025-01-28,35.6,24.8,28.6,0.2,15.0,19.07,72,1010.5,32,22.3,Port Harcourt
2025-01-29,35.4,25.2,28.6,0.2,15.9,19.21,73,1010.9,26,22.3,Port Harcourt
2025-01-30,34.1,24.1,28.3,0.1,11.8,19.27,74,1010.4,38,22.2,Port Harcourt
2025-01-31,35.1,24.6,29.1,0.0,13.4,19.68,71,1009.2,55,22.1,Port Harcourt
2025-02-01,36.2,24.8,29.1,0.3,16.3,19.54,72,1009.1,81,22.5,Port Harcourt
2025-02-02,34.7,25.1,28.7,0.5,12.7,18.08,74,1009.0,65,23.0,Port Harcourt
2025-02-03,35.8,25.5,29.6,0.0,15.0,19.69,70,1007.5,66,22.7,Port Harcourt
2025-02-04,36.9,25.9,29.6,0.3,15.6,19.01,72,1007.5,32,23.2,Port Harcourt
2025-02-05,35.5,26.3,29.0,0.4,14.5,15.74,73,1008.5,84,23.3,Port Harcourt
2025-02-06,35.9,25.6,29.2,0.4,14.9,18.18,72,1007.8,59,23.2,Port Harcourt
2025-02-07,34.6,25.7,28.8,0.9,12.0,17.72,76,1008.0,81,23.7,Port Harcourt
2025-02-08,35.6,25.6,29.0,0.8,14.6,17.41,74,1008.6,91,23.2,Port Harcourt
2025-02-09,36.0,25.5,29.1,1.0,13.3,18.85,73,1008.7,77,23.2,Port Harcourt
2025-02-10,36.2,25.9,29.9,0.0,15.6,19.88,69,1006.6,33,22.8,Port Harcourt
2025-02-11,36.3,26.1,29.8,0.1,16.9,19.54,71,1006.7,60,23.3,Port Harcourt
2025-02-12,36.0,25.9,29.7,0.2,16.7,20.63,72,1007.7,87,23.1,Port Harcourt
2025-02-13,35.9,25.7,29.8,0.0,15.0,20.68,70,1009.0,56,22.7,Port Harcourt
2025-02-14,36.3,26.4,29.7,0.6,14.0,19.4,73,1009.3,47,23.6,Port Harcourt
2025-02-15,36.5,25.9,29.6,1.2,12.4,19.13,73,1008.9,84,23.6,Port Harcourt
2025-02-16,35.5,26.4,29.9,0.2,15.5,19.58,71,1008.1,97,23.3,Port Harcourt
2025-02-17,36.4,26.2,30.3,0.0,14.4,20.65,69,1007.8,89,22.8,Port Harcourt
2025-02-18,36.5,26.1,30.1,0.0,16.6,20.18,71,1008.4,98,23.1,Port Harcourt
2025-02-19,33.5,26.4,29.1,0.7,13.6,14.88,74,1009.8,82,23.6,Port Harcourt
2025-02-20,35.1,26.2,29.2,1.4,13.3,18.1,75,1009.5,59,23.9,Port Harcourt
2025-02-21,36.0,26.0,29.2,0.9,14.3,16.71,75,1008.8,84,23.8,Port Harcourt
2025-02-22,34.0,25.6,27.9,7.3,12.6,13.9,81,1009.1,96,24.0,Port Harcourt
2025-02-23,32.1,24.0,26.9,14.3,8.8,16.56,83,1009.8,96,23.6,Port Harcourt
2025-02-24,33.0,24.4,27.7,1.5,10.8,17.49,81,1010.0,75,23.8,Port Harcourt
2025-02-25,31.8,25.0,26.7,5.8,9.5,13.78,87,1010.8,83,24.3,Port Harcourt
2025-02-26,29.7,24.1,25.9,29.1,18.9,13.26,90,1011.4,92,24.1,Port Harcourt
2025-02-27,31.9,24.6,27.6,0.4,7.6,17.49,83,1010.3,87,24.3,Port Harcourt
2025-02-28,33.3,24.9,28.2,0.2,11.3,19.57,82,1009.1,87,24.6,Port Harcourt
2025-03-01,34.7,25.1,28.5,0.0,15.1,20.98,79,1008.7,87,24.0,Port Harcourt
2025-03-02,35.0,25.4,28.9,0.1,14.9,20.07,78,1007.9,58,24.2,Port Harcourt
2025-03-03,34.6,24.9,28.5,3.5,16.1,17.97,78,1007.9,75,24.1,Port Harcourt
2025-03-04,33.7,24.3,27.9,1.4,19.0,17.9,79,1007.7,99,23.6,Port Harcourt
2025-03-05,31.2,25.6,27.4,11.3,16.1,14.5,81,1008.0,96,23.7,Port Harcourt
2025-03-06,32.7,25.2,28.0,0.2,14.8,18.49,80,1009.2,94,23.9,Port Harcourt
2025-03-07,34.3,25.4,28.7,0.3,12.8,19.81,77,1009.5,70,23.8,Port Harcourt
2025-03-08,33.7,24.9,28.4,4.0,12.4,16.1,79,1008.6,99,24.2,Port Harcourt
2025-03-09,35.1,25.8,29.1,1.3,12.5,19.39,77,1008.1,72,24.2,Port Harcourt
2025-03-10,33.8,25.9,28.7,1.9,14.1,17.39,77,1009.3,67,23.9,Port Harcourt
2025-03-11,32.9,25.6,28.4,1.6,13.7,16.96,78,1009.6,68,24.0,Port Harcourt
2025-03-12,33.1,24.6,28.6,1.1,12.6,18.6,76,1009.2,72,23.4,Port Harcourt
2025-03-13,34.2,25.6,28.8,2.1,14.2,18.91,75,1009.0,82,23.7,Port Harcourt
2025-03-14,34.3,25.9,28.9,1.4,12.1,17.0,76,1009.6,86,23.8,Port Harcourt
2025-03-15,32.4,25.8,28.6,1.6,11.8,17.42,78,1010.6,88,24.2,Port Harcourt
2025-03-16,34.1,25.9,29.0,0.8,11.9,17.54,77,1010.5,59,24.2,Port Harcourt
2025-03-17,32.2,26.0,27.9,0.9,15.7,14.31,78,1010.4,100,23.5,Port Harcourt
2025-03-18,34.7,25.6,28.4,0.6,11.1,14.64,76,1009.4,100,23.4,Port Harcourt
2025-03-19,30.3,25.5,27.2,0.4,12.2,10.73,84,1010.5,100,24.3,Port Harcourt
2025-03-20,31.3,24.2,26.9,1.0,9.0,14.89,86,1012.0,96,24.2,Port Harcourt
2025-03-21,32.7,24.7,27.7,3.9,13.1,16.38,82,1011.9,97,24.2,Port Harcourt
2025-03-22,32.1,25.0,27.4,2.1,10.3,16.61,83,1010.8,96,24.2,Port Harcourt
2025-03-23,32.1,24.7,27.6,1.4,8.5,16.65,83,1010.1,88,24.2,Port Harcourt
2025-03-24,31.7,24.9,27.7,0.7,6.6,17.61,84,1010.7,99,24.7,Port Harcourt
2025-03-25,31.1,25.1,26.8,3.8,13.1,12.73,87,1010.6,95,24.5,Port Harcourt
2025-03-26,28.4,24.8,25.8,4.0,10.6,8.26,90,1010.0,100,24.1,Port Harcourt
2025-03-27,33.4,23.9,27.6,0.6,11.4,20.86,80,1008.6,68,23.4,Port Harcourt
2025-03-28,33.3,25.0,28.2,0.4,11.9,21.18,78,1008.4,87,23.7,Port Harcourt
2025-03-29,31.4,25.6,27.7,1.3,13.7,18.41,83,1008.3,90,24.5,Port Harcourt
2025-03-30,31.6,24.5,26.9,7.6,13.1,15.79,86,1008.6,93,24.2,Port Harcourt
2025-03-31,29.7,24.6,26.4,5.4,14.3,13.72,88,1009.3,100,24.1,Port Harcourt
2025-04-01,31.4,24.8,26.9,13.9,9.3,16.55,88,1008.7,100,24.6,Port Harcourt
2025-04-02,28.7,24.5,26.1,12.2,10.6,10.56,90,1008.9,100,24.3,Port Harcourt
2025-04-03,31.8,23.5,27.0,0.2,11.4,19.35,84,1009.7,97,23.8,Port Harcourt
2025-04-04,33.4,25.3,28.3,0.1,11.7,20.97,81,1009.9,58,24.5,Port Harcourt
2025-04-05,32.8,25.8,27.9,1.6,10.3,18.71,81,1010.1,88,24.3,Port Harcourt
2025-04-06,33.2,24.0,27.6,3.4,12.3,19.75,83,1009.6,71,24.1,Port Harcourt
2025-04-07,32.3,25.5,28.3,0.8,13.5,20.6,81,1009.5,76,24.6,Port Harcourt
2025-04-08,30.4,25.5,26.9,4.6,11.7,13.76,87,1011.8,91,24.5,Port Harcourt
2025-04-09,29.2,24.7,26.5,12.7,9.1,10.11,89,1011.8,93,24.5,Port Harcourt
2025-04-10,30.6,24.9,26.3,10.6,12.3,11.55,89,1010.5,100,24.3,Port Harcourt
2025-04-11,31.4,23.6,27.1,0.6,12.2,19.82,83,1009.5,97,23.7,Port Harcourt
2025-04-12,32.8,25.6,28.4,1.3,11.1,21.46,80,1009.3,72,24.5,Port Harcourt
2025-04-13,31.7,25.4,27.6,3.8,10.2,18.5,84,1010.0,93,24.5,Port Harcourt
2025-04-14,30.4,24.6,26.3,12.5,14.2,12.56,89,1010.4,100,24.4,Port Harcourt
2025-04-15,30.4,24.5,25.8,3.9,12.7,13.69,91,1010.8,100,24.1,Port Harcourt
2025-04-16,30.7,24.3,25.4,21.0,9.8,10.23,92,1011.8,100,23.9,Port Harcourt
2025-04-17,31.6,23.9,26.7,9.0,8.3,17.16,88,1011.2,94,24.5,Port Harcourt
2025-04-18,33.1,24.8,27.9,2.7,12.0,21.01,84,1009.8,83,24.7,Port Harcourt
2025-04-19,31.6,25.9,27.9,11.5,11.2,19.26,83,1009.1,59,24.6,Port Harcourt
2025-04-20,32.6,25.4,27.4,4.4,14.5,18.57,86,1008.3,57,24.7,Port Harcourt
2025-04-21,33.1,24.7,27.4,3.6,11.0,20.17,85,1007.7,94,24.6,Port Harcourt
2025-04-22,29.1,25.3,26.5,3.1,13.3,11.38,89,1008.9,98,24.5,Port Harcourt
2025-04-23,30.4,24.4,26.4,5.6,9.8,12.59,90,1009.3,100,24.6,Port Harcourt
2025-04-24,32.5,24.4,27.5,1.8,10.4,18.77,86,1008.6,99,24.6,Port Harcourt
2025-04-25,32.6,25.5,28.2,0.7,10.6,19.8,82,1007.9,90,24.7,Port Harcourt
2025-04-26,31.6,24.4,28.1,6.5,11.4,17.07,83,1008.5,94,24.7,Port Harcourt
2025-04-27,31.5,24.7,27.0,11.1,15.6,18.07,87,1009.1,97,24.4,Port Harcourt
2025-04-28,30.5,24.6,26.5,15.1,8.3,11.4,90,1009.0,100,24.6,Port Harcourt
2025-04-29,30.9,24.1,26.9,5.6,7.4,13.89,87,1008.2,97,24.4,Port Harcourt
2025-04-30,31.5,24.6,27.7,2.0,13.2,20.28,82,1007.9,96,24.2,Port Harcourt
2025-05-01,31.6,24.9,27.2,7.3,7.9,15.04,84,1009.0,99,24.1,Port Harcourt
2025-05-02,31.4,23.8,26.4,6.7,12.4,18.36,86,1010.7,98,23.8,Port Harcourt
2025-05-03,30.9,24.7,26.8,3.7,10.5,12.16,88,1011.3,98,24.4,Port Harcourt
2025-05-04,32.4,24.7,27.9,1.4,8.0,21.93,83,1010.3,54,24.5,Port Harcourt
2025-05-05,30.9,24.5,26.5,4.7,14.2,13.86,87,1010.9,98,24.1,Port Harcourt
2025-05-06,31.8,24.9,27.8,8.0,11.1,20.13,83,1010.5,83,24.5,Port Harcourt
2025-05-07,32.1,24.6,27.4,4.5,7.6,19.09,86,1010.7,77,24.7,Port Harcourt
2025-05-08,32.6,24.5,27.2,2.5,11.4,19.52,86,1010.0,97,24.4,Port Harcourt
2025-05-09,30.1,24.4,26.5,2.9,8.8,15.52,86,1010.5,100,23.9,Port Harcourt
2025-05-10,31.9,25.1,27.7,0.2,10.6,17.37,80,1012.2,75,23.7,Port Harcourt
2025-05-11,33.1,25.3,28.1,1.6,10.2,19.8,80,1012.8,64,24.0,Port Harcourt
2025-05-12,32.0,25.5,28.2,1.9,11.2,20.75,81,1011.6,41,24.3,Port Harcourt
2025-05-13,30.9,25.0,26.5,17.0,11.6,13.01,88,1010.7,81,24.3,Port Harcourt
2025-05-14,32.8,24.1,27.4,2.1,9.7,19.93,84,1010.1,76,24.2,Port Harcourt
2025-05-15,31.1,23.8,27.2,7.3,8.3,14.18,84,1010.1,93,24.1,Port Harcourt
2025-05-16,32.6,25.4,27.6,3.4,9.2,17.82,85,1009.3,97,24.7,Port Harcourt
2025-05-17,30.5,24.4,26.8,15.7,10.0,16.17,87,1009.8,100,24.4,Port Harcourt
2025-05-18,28.2,23.8,25.6,3.6,8.1,8.95,89,1011.0,99,23.5,Port Harcourt
2025-05-19,28.4,24.6,25.8,7.5,8.5,7.57,92,1011.4,91,24.3,Port Harcourt
2025-05-20,26.6,23.9,24.7,20.8,10.0,7.74,94,1012.2,99,23.6,Port Harcourt
2025-05-21,30.7,23.9,26.5,2.3,11.2,16.2,87,1011.3,90,24.1,Port Harcourt
2025-05-22,31.1,23.9,26.7,4.9,9.7,19.39,86,1012.1,97,24.0,Port Harcourt
2025-05-23,30.9,24.1,26.6,6.2,10.8,17.6,86,1012.0,81,23.8,Port Harcourt
2025-05-24,30.4,23.5,25.5,10.7,8.2,13.24,89,1013.1,97,23.5,Port Harcourt
2025-05-25,29.9,24.0,26.3,8.3,10.9,14.66,88,1013.5,100,23.9,Port Harcourt
2025-05-26,30.7,25.2,27.2,0.6,12.6,16.16,84,1013.4,92,24.1,Port Harcourt
2025-05-27,32.1,23.9,27.0,3.6,13.2,18.95,84,1012.5,74,23.9,Port Harcourt
2025-05-28,31.3,23.9,26.5,6.2,15.6,19.58,88,1013.4,62,24.1,Port Harcourt
2025-05-29,29.4,23.6,25.8,10.1,7.0,13.2,90,1014.4,83,23.9,Port Harcourt
2025-05-30,31.4,23.5,26.8,0.6,10.1,18.3,85,1013.7,66,23.9,Port Harcourt
2025-05-31,31.4,24.6,27.1,1.6,7.4,18.69,85,1012.9,67,24.3,Port Harcourt
2025-06-01,30.4,24.0,26.7,3.7,11.7,17.07,85,1013.3,98,23.9,Port Harcourt
2025-06-02,31.9,23.9,27.3,0.5,10.5,21.78,81,1012.9,39,23.4,Port Harcourt
2025-06-03,28.6,23.8,24.9,22.0,12.3,10.2,93,1013.6,97,23.6,Port Harcourt
2025-06-04,28.4,23.8,25.2,13.8,6.5,10.09,92,1013.9,100,23.7,Port Harcourt
2025-06-05,30.7,23.9,26.3,2.2,10.4,18.39,86,1014.0,78,23.5,Port Harcourt
2025-06-06,30.4,23.1,25.9,6.8,15.4,16.84,87,1013.8,67,23.3,Port Harcourt
2025-06-07,29.9,23.1,26.2,2.6,11.0,18.82,85,1013.0,56,23.3,Port Harcourt
2025-06-08,30.6,24.2,26.1,10.5,8.1,15.5,88,1013.1,88,23.9,Port Harcourt
2025-06-09,30.6,23.9,26.4,4.1,9.4,17.06,87,1012.1,100,23.9,Port Harcourt
2025-06-10,30.6,24.3,26.7,1.2,12.1,19.34,86,1011.6,98,24.0,Port Harcourt
2025-06-11,29.3,23.4,25.8,11.9,8.0,12.4,89,1011.2,95,23.8,Port Harcourt
2025-06-12,30.8,24.2,26.4,3.5,16.2,17.13,87,1011.3,97,24.0,Port Harcourt
2025-06-13,31.1,24.0,26.6,0.9,12.8,19.41,86,1011.9,63,23.9,Port Harcourt
2025-06-14,29.6,23.6,25.4,6.8,10.8,11.95,90,1013.5,100,23.6,Port Harcourt
2025-06-15,28.8,23.1,25.1,14.6,10.3,13.14,91,1014.2,99,23.4,Port Harcourt
2025-06-16,28.7,22.6,24.6,8.4,8.0,15.94,91,1014.7,100,22.9,Port Harcourt
2025-06-17,28.7,23.6,25.3,1.6,8.8,12.02,89,1014.6,100,23.3,Port Harcourt
2025-06-18,29.7,22.7,25.2,2.8,13.4,17.15,89,1014.9,95,23.2,Port Harcourt
2025-06-19,29.9,23.4,25.6,16.7,12.5,16.46,87,1014.6,87,23.3,Port Harcourt
2025-06-20,28.6,23.8,25.4,6.4,8.7,14.89,89,1014.1,76,23.3,Port Harcourt
2025-06-21,28.2,23.5,24.8,15.8,12.6,12.06,91,1013.9,92,23.2,Port Harcourt
2025-06-22,30.2,23.5,25.9,5.9,8.9,18.93,86,1013.0,73,23.3,Port Harcourt
2025-06-23,29.3,23.5,25.3,8.7,8.3,16.2,90,1012.6,93,23.4,Port Harcourt
2025-06-24,30.0,23.3,25.3,3.7,14.4,16.43,90,1011.8,90,23.4,Port Harcourt
2025-06-25,30.1,23.5,25.7,5.7,11.5,16.32,88,1012.3,95,23.5,Port Harcourt
2025-06-26,26.1,23.5,24.3,18.2,9.7,7.44,94,1013.0,100,23.4,Port Harcourt
2025-06-27,28.3,23.3,24.8,9.7,11.2,11.93,91,1013.8,99,23.2,Port Harcourt
2025-06-28,29.1,23.7,25.8,3.5,10.6,14.81,87,1013.3,87,23.3,Port Harcourt
2025-06-29,27.6,22.9,24.7,18.3,12.8,12.87,90,1013.2,100,22.9,Port Harcourt
2025-06-30,27.8,23.0,24.5,14.7,11.7,12.86,91,1013.0,100,22.8,Port Harcourt
2025-07-01,28.4,22.9,24.4,16.4,9.6,11.51,90,1013.9,97,22.7,Port Harcourt
2025-07-02,28.2,23.0,24.7,8.5,10.5,14.0,90,1014.1,94,22.9,Port Harcourt
2025-07-03,27.5,22.5,24.0,17.1,14.0,12.0,92,1014.5,95,22.6,Port Harcourt
2025-07-04,25.3,23.0,23.4,39.2,10.8,5.78,96,1015.0,100,22.7,Port Harcourt
2025-07-05,27.1,22.8,24.1,9.0,9.3,11.61,93,1014.5,100,22.8,Port Harcourt
2025-07-06,27.1,22.7,24.2,7.1,10.0,11.77,92,1014.1,96,22.8,Port Harcourt
2025-07-07,27.8,23.0,24.2,6.7,12.7,11.38,92,1014.5,98,22.8,Port Harcourt
2025-07-08,27.8,22.8,23.9,8.2,10.9,11.2,93,1015.2,100,22.7,Port Harcourt
2025-07-09,28.2,22.7,24.3,16.2,9.0,11.73,91,1015.9,97,22.7,Port Harcourt
2025-07-10,26.9,22.9,24.2,15.3,10.9,12.62,92,1015.5,94,22.6,Port Harcourt
2025-07-11,27.4,22.8,24.3,15.2,13.9,12.31,90,1014.5,93,22.5,Port Harcourt
2025-07-12,28.0,22.8,24.4,10.4,15.3,12.37,88,1014.1,83,22.2,Port Harcourt
2025-07-13,28.9,22.4,25.1,0.7,6.3,15.02,86,1015.6,90,22.5,Port Harcourt
2025-07-14,28.7,23.7,25.0,4.2,8.0,14.02,88,1016.4,96,22.9,Port Harcourt
2025-07-15,28.0,23.2,25.1,0.9,7.9,11.37,87,1015.2,99,22.7,Port Harcourt
2025-07-16,26.8,23.2,24.7,1.4,12.4,11.11,88,1014.5,96,22.5,Port Harcourt
2025-07-17,28.5,23.2,25.5,0.6,13.1,18.3,82,1015.2,96,22.1,Port Harcourt
2025-07-18,30.3,22.4,25.8,1.0,11.1,21.24,80,1015.4,61,21.7,Port Harcourt
2025-07-19,29.9,23.5,25.5,11.3,10.4,19.08,84,1014.5,56,22.5,Port Harcourt
2025-07-20,28.4,23.4,25.0,6.9,13.8,14.61,89,1013.4,98,22.9,Port Harcourt
2025-07-21,24.8,22.5,23.7,23.8,13.3,5.14,95,1013.2,100,22.9,Port Harcourt
2025-07-22,27.8,23.2,24.4,13.9,12.7,10.79,91,1013.5,96,22.7,Port Harcourt
2025-07-23,27.8,22.6,24.2,24.6,12.2,10.83,92,1013.6,92,22.8,Port Harcourt
2025-07-24,25.7,22.9,23.8,7.6,11.3,7.77,93,1014.3,100,22.7,Port Harcourt
2025-07-25,27.8,22.8,24.0,8.2,9.7,9.11,93,1014.3,99,22.7,Port Harcourt
2025-07-26,28.2,22.8,24.4,12.9,14.2,14.13,91,1014.4,94,22.7,Port Harcourt
2025-07-27,26.8,22.4,23.7,29.9,10.4,8.53,94,1015.3,99,22.6,Port Harcourt
2025-07-28,27.7,22.8,24.6,4.2,11.5,13.96,90,1014.6,97,22.7,Port Harcourt
2025-07-29,29.3,23.3,25.6,1.5,11.5,16.88,85,1014.3,96,22.7,Port Harcourt
2025-07-30,28.6,23.7,25.4,6.4,9.2,13.98,87,1014.7,99,23.0,Port Harcourt
2025-07-31,26.2,22.8,24.0,31.5,15.5,8.67,94,1015.4,100,23.0,Port Harcourt
2025-08-01,25.9,22.6,23.9,7.8,7.4,7.37,93,1015.7,100,22.6,Port Harcourt
2025-08-02,27.4,22.9,24.2,9.3,8.5,11.44,91,1014.8,97,22.6,Port Harcourt
2025-08-03,27.3,23.0,24.2,13.5,11.4,11.47,91,1014.0,99,22.7,Port Harcourt
2025-08-04,26.1,21.9,23.5,17.7,14.5,9.31,93,1014.7,100,22.3,Port Harcourt
2025-08-05,29.2,22.3,24.8,5.0,11.4,14.15,87,1015.4,97,22.4,Port Harcourt
2025-08-06,29.0,22.9,24.7,6.1,11.0,14.67,88,1013.8,99,22.5,Port Harcourt
2025-08-07,28.4,23.0,24.2,8.1,14.3,13.04,91,1012.4,99,22.6,Port Harcourt
2025-08-08,27.0,22.7,23.6,36.8,12.6,8.52,93,1012.9,100,22.5,Port Harcourt
2025-08-09,26.0,22.7,24.1,9.6,8.9,11.53,91,1013.5,97,22.5,Port Harcourt
2025-08-10,29.2,22.8,25.2,1.9,13.1,19.78,85,1012.9,98,22.3,Port Harcourt
2025-08-11,27.4,23.5,25.2,1.9,13.0,14.47,84,1012.8,97,22.3,Port Harcourt
2025-08-12,28.1,23.5,25.1,0.5,11.3,13.2,83,1013.2,97,22.0,Port Harcourt
2025-08-13,30.6,22.9,25.4,1.0,13.8,18.12,81,1014.0,91,21.7,Port Harcourt
2025-08-14,28.0,23.0,25.0,0.4,13.0,12.47,82,1015.1,94,21.7,Port Harcourt
2025-08-15,29.9,22.6,25.3,1.3,14.2,16.61,81,1015.4,99,21.6,Port Harcourt
2025-08-16,28.0,22.5,24.8,3.4,16.5,14.91,85,1013.9,97,22.0,Port Harcourt
2025-08-17,28.6,22.4,25.1,1.0,13.4,17.53,83,1013.4,95,21.8,Port Harcourt
2025-08-18,30.0,22.5,25.5,0.8,11.4,20.92,81,1014.2,33,21.7,Port Harcourt
2025-08-19,30.5,23.1,26.2,0.5,12.9,21.44,78,1014.1,63,21.9,Port Harcourt
2025-08-20,30.0,22.6,25.8,0.8,11.3,20.53,79,1014.0,84,21.7,Port Harcourt
2025-08-21,30.4,22.9,25.5,2.6,12.8,18.12,82,1013.3,95,22.1,Port Harcourt
2025-08-22,28.0,22.8,24.5,4.2,13.3,12.9,88,1013.6,75,22.3,Port Harcourt
2025-08-23,27.5,23.0,24.4,9.9,11.3,11.33,89,1013.0,97,22.5,Port Harcourt
2025-08-24,28.2,22.5,24.1,11.1,10.5,9.83,90,1013.7,96,22.2,Port Harcourt
2025-08-25,28.4,23.0,25.0,2.7,8.6,13.71,87,1014.5,94,22.5,Port Harcourt
2025-08-26,27.4,23.1,24.9,2.4,13.2,12.34,87,1014.7,99,22.5,Port Harcourt
2025-08-27,28.8,23.2,25.1,3.3,12.3,17.86,84,1015.4,93,22.1,Port Harcourt
2025-08-28,30.5,23.1,26.0,2.8,12.8,22.85,81,1014.1,68,22.1,Port Harcourt
2025-08-29,28.8,23.3,25.4,2.0,15.1,16.06,83,1013.4,96,22.1,Port Harcourt
2025-08-30,28.8,23.0,25.3,0.7,11.6,17.26,83,1013.8,80,21.9,Port Harcourt
2025-08-31,29.6,23.0,25.7,0.9,11.5,19.35,81,1014.6,98,22.0,Port Harcourt
2025-09-01,30.2,23.1,25.7,1.5,8.4,19.43,81,1013.7,90,22.0,Port Harcourt
2025-09-02,29.0,23.1,24.9,5.0,11.7,14.67,88,1013.0,91,22.8,Port Harcourt
2025-09-03,27.4,23.5,24.4,14.3,12.9,9.85,91,1013.0,98,22.7,Port Harcourt
2025-09-04,29.5,22.6,25.0,3.7,10.7,16.61,87,1012.8,89,22.5,Port Harcourt
2025-09-05,29.3,23.3,24.9,8.1,11.0,14.66,89,1013.0,84,22.9,Port Harcourt
2025-09-06,29.8,23.0,25.7,1.4,9.3,20.64,84,1013.3,60,22.7,Port Harcourt
2025-09-07,29.8,23.3,25.6,3.6,11.0,17.61,86,1013.5,79,23.0,Port Harcourt
2025-09-08,27.8,23.0,24.3,12.6,10.8,9.05,92,1013.7,98,22.9,Port Harcourt
2025-09-09,28.2,22.5,24.3,14.3,11.3,15.38,90,1014.2,98,22.6,Port Harcourt
2025-09-10,30.0,22.9,25.6,3.2,12.1,18.55,86,1014.3,94,23.0,Port Harcourt
2025-09-11,29.3,23.5,25.3,4.9,11.7,16.28,89,1014.2,94,23.2,Port Harcourt
2025-09-12,27.6,23.3,24.4,12.3,14.8,10.49,91,1013.7,97,22.8,Port Harcourt
2025-09-13,25.7,22.5,23.6,28.7,9.3,8.72,94,1014.4,97,22.5,Port Harcourt
2025-09-14,29.0,22.4,24.7,3.8,11.8,16.77,89,1013.4,93,22.6,Port Harcourt
2025-09-15,28.2,22.7,23.7,27.8,8.9,9.05,95,1012.5,94,22.8,Port Harcourt
2025-09-16,26.7,22.6,23.9,22.0,12.8,10.9,93,1012.8,96,22.7,Port Harcourt
2025-09-17,30.1,22.6,24.8,15.9,11.1,17.4,90,1012.2,87,22.9,Port Harcourt
2025-09-18,29.9,23.0,25.3,10.1,9.2,17.19,88,1012.0,79,23.1,Port Harcourt
2025-09-19,28.1,23.6,24.8,4.3,8.0,11.3,90,1012.8,99,23.1,Port Harcourt
2025-09-20,29.9,22.8,25.2,4.7,12.0,18.66,88,1012.9,82,23.0,Port Harcourt
2025-09-21,29.0,23.4,24.9,13.0,15.8,12.19,90,1012.7,100,23.1,Port Harcourt
2025-09-22,26.0,22.8,24.0,16.6,9.1,6.91,95,1013.2,100,23.0,Port Harcourt
2025-09-23,26.2,23.0,23.8,32.0,8.9,7.77,95,1014.0,100,23.0,Port Harcourt
2025-09-24,28.3,22.9,24.2,12.1,11.0,12.28,92,1015.0,99,22.8,Port Harcourt
2025-09-25,26.9,22.7,23.9,21.3,9.0,10.75,94,1014.5,100,22.8,Port Harcourt
2025-09-26,30.0,22.6,25.5,2.8,10.3,20.65,87,1012.5,89,22.9,Port Harcourt
2025-09-27,29.5,23.6,25.9,4.6,8.2,17.25,87,1012.0,95,23.4,Port Harcourt
2025-09-28,25.8,23.3,24.2,29.6,11.3,6.68,94,1013.0,94,23.3,Port Harcourt
2025-09-29,30.3,23.1,25.3,6.8,14.4,17.99,89,1013.0,94,23.2,Port Harcourt
2025-09-30,27.6,23.8,24.7,23.4,10.3,9.31,93,1013.0,100,23.5,Port Harcourt
2025-10-01,24.2,22.8,23.5,43.7,13.0,4.68,96,1013.4,99,22.9,Port Harcourt
2025-10-02,26.7,22.1,23.7,19.2,10.5,6.75,94,1013.8,94,22.5,Port Harcourt
2025-10-03,28.1,22.8,25.0,2.0,8.2,9.36,90,1012.7,92,23.2,Port Harcourt
2025-10-04,29.1,23.3,25.0,2.3,11.0,13.21,90,1012.4,90,23.1,Port Harcourt
2025-10-05,26.3,22.6,23.7,9.9,10.7,8.2,95,1012.7,96,22.9,Port Harcourt
2025-10-06,30.4,22.5,25.0,5.8,8.7,18.14,89,1012.4,90,22.8,Port Harcourt
2025-10-07,25.4,22.2,23.9,20.6,12.4,10.38,93,1012.9,96,22.6,Port Harcourt
2025-10-08,29.5,22.5,24.7,3.5,7.9,16.17,90,1012.6,72,22.8,Port Harcourt
2025-10-09,30.0,22.7,25.3,12.1,8.4,19.0,89,1012.2,85,23.2,Port Harcourt
2025-10-10,29.6,22.7,25.2,30.4,13.3,16.66,90,1012.3,96,23.2,Port Harcourt
2025-10-11,31.0,22.6,25.9,0.6,12.3,23.01,82,1010.9,62,22.2,Port Harcourt
2025-10-12,28.0,23.3,24.8,9.2,7.0,13.16,90,1010.7,98,23.1,Port Harcourt
2025-10-13,31.1,23.3,26.1,4.1,9.7,20.83,85,1010.5,63,23.1,Port Harcourt
2025-10-14,28.6,22.9,25.3,12.6,8.7,15.27,89,1011.7,96,23.2,Port Harcourt
2025-10-15,27.8,22.3,24.4,14.0,7.5,11.78,91,1012.0,100,22.8,Port Harcourt
2025-10-16,28.8,23.0,25.2,5.9,9.3,16.08,88,1011.3,94,22.9,Port Harcourt
2025-10-17,31.0,22.4,25.6,10.1,8.7,20.21,88,1010.8,62,23.2,Port Harcourt
2025-10-18,29.3,23.4,25.5,16.9,11.0,13.52,90,1011.6,94,23.7,Port Harcourt
2025-10-19,30.2,23.0,24.6,52.3,16.5,11.75,93,1012.6,100,23.4,Port Harcourt
2025-10-20,30.4,22.6,25.8,6.3,10.6,18.56,85,1012.2,88,22.9,Port Harcourt
2025-10-21,29.6,23.2,26.3,0.0,9.8,13.77,85,1010.9,64,23.4,Port Harcourt
2025-10-22,30.9,24.0,26.4,7.4,9.4,19.22,87,1011.6,77,23.9,Port Harcourt
2025-10-23,26.4,23.5,24.7,5.2,9.5,8.7,93,1012.6,100,23.4,Port Harcourt
2025-10-24,31.9,23.4,26.2,10.6,15.2,19.16,85,1012.8,83,23.3,Port Harcourt
2025-10-25,31.0,23.8,25.8,12.8,14.1,17.39,87,1012.5,60,23.4,Port Harcourt
2025-10-26,29.9,23.2,25.7,7.4,9.1,16.92,88,1011.6,81,23.5,Port Harcourt
2025-10-27,30.7,23.2,26.2,0.7,11.7,15.66,86,1011.3,73,23.4,Port Harcourt
2025-10-28,27.9,24.0,24.8,14.6,7.9,7.4,94,1011.5,99,23.8,Port Harcourt
2025-10-29,29.1,24.0,25.4,23.3,10.0,13.25,90,1012.2,85,23.5,Port Harcourt
2025-10-30,26.2,23.9,24.9,9.3,6.8,7.12,94,1012.1,93,23.9,Port Harcourt
2025-10-31,29.6,23.7,25.4,2.8,9.3,14.63,90,1012.5,93,23.6,Port Harcourt
2025-11-01,29.9,23.5,25.5,5.4,14.5,15.82,90,1012.4,94,23.7,Port Harcourt
2025-11-02,29.6,23.4,25.6,14.6,9.1,14.98,89,1011.9,77,23.6,Port Harcourt
2025-11-03,30.3,23.9,25.5,10.3,10.5,14.92,90,1012.3,97,23.6,Port Harcourt
2025-11-04,29.8,23.3,25.5,4.3,10.1,14.82,90,1012.5,93,23.7,Port Harcourt
2025-11-05,27.2,23.5,24.9,9.4,7.3,8.7,93,1012.6,99,23.7,Port Harcourt
2025-11-06,28.3,23.2,25.1,18.0,10.5,12.5,92,1011.2,88,23.6,Port Harcourt
2025-11-07,29.5,22.9,25.5,13.4,8.9,10.46,88,1011.1,100,23.3,Port Harcourt
2025-11-08,31.2,23.5,26.6,2.6,11.3,19.97,83,1011.3,70,23.4,Port Harcourt
2025-11-09,29.3,23.9,25.5,16.2,12.7,14.39,90,1012.1,75,23.6,Port Harcourt
2025-11-10,30.2,23.5,26.4,1.1,8.2,17.64,87,1011.3,78,23.9,Port Harcourt
2025-11-11,30.6,23.6,25.2,22.6,10.9,15.59,92,1010.8,71,23.7,Port Harcourt
2025-11-12,29.9,22.9,25.6,1.4,11.1,17.46,88,1011.0,92,23.4,Port Harcourt
2025-11-13,30.3,22.5,25.9,0.5,9.6,17.66,86,1012.7,75,23.1,Port Harcourt
2025-11-14,30.3,23.9,26.8,0.3,10.3,17.02,84,1012.6,67,23.8,Port Harcourt
2025-11-15,30.5,24.0,26.6,2.7,9.7,16.11,87,1011.5,61,24.1,Port Harcourt
2025-11-16,29.8,23.9,26.2,3.7,9.7,18.49,86,1011.3,34,23.5,Port Harcourt
2025-11-17,30.0,24.0,26.0,12.4,10.5,14.9,88,1011.9,67,23.7,Port Harcourt
2025-11-18,30.9,23.5,26.4,0.4,10.8,18.91,84,1010.6,26,23.3,Port Harcourt
2025-11-19,31.9,22.9,26.6,4.2,14.8,16.23,84,1010.3,59,23.3,Port Harcourt
2025-11-20,31.6,24.1,27.3,1.9,10.3,18.52,83,1010.2,51,23.9,Port Harcourt
2025-11-21,29.9,24.6,26.6,3.3,7.5,15.86,86,1010.8,80,24.0,Port Harcourt
2025-11-22,31.2,23.4,26.6,0.3,12.2,18.99,84,1011.2,75,23.4,Port Harcourt
2025-11-23,30.8,24.0,26.9,2.0,10.7,18.38,83,1011.4,86,23.7,Port Harcourt
2025-11-24,31.7,23.8,26.8,2.5,15.0,18.96,86,1010.8,54,24.1,Port Harcourt
2025-11-25,32.3,24.3,27.1,3.3,8.7,18.44,85,1009.7,28,24.1,Port Harcourt
2025-11-26,31.6,24.5,27.1,2.0,10.5,18.48,83,1009.5,31,23.9,Port Harcourt
2025-11-27,32.1,24.7,27.0,5.0,12.0,17.39,84,1009.8,66,23.9,Port Harcourt
2025-11-28,31.9,24.7,27.2,1.7,12.9,17.18,84,1009.8,93,24.0,Port Harcourt
2025-11-29,32.6,24.5,27.8,0.0,9.4,18.87,81,1008.0,29,23.8,Port Harcourt
2025-11-30,33.2,25.0,27.9,2.1,10.6,16.16,79,1007.7,44,23.5,Port Harcourt
2025-12-01,32.2,24.3,27.4,0.3,11.3,14.89,79,1007.8,68,23.2,Port Harcourt
2025-12-02,32.2,24.9,26.7,4.6,15.5,14.31,85,1007.9,78,23.8,Port Harcourt
2025-12-03,31.8,24.5,26.8,10.9,11.9,16.75,84,1008.8,87,23.7,Port Harcourt
2025-12-04,30.4,24.7,27.0,1.5,10.1,14.38,84,1009.7,94,23.9,Port Harcourt
2025-12-05,30.3,23.5,26.3,4.3,7.9,15.58,85,1010.2,96,23.5,Port Harcourt
2025-12-06,32.4,24.2,27.3,2.3,10.9,17.41,82,1009.9,87,23.8,Port Harcourt
2025-12-07,29.5,24.3,25.7,2.2,14.5,11.31,89,1010.2,97,23.6,Port Harcourt
2025-12-08,32.6,23.1,26.9,0.3,9.9,18.32,82,1010.9,77,23.1,Port Harcourt
2025-12-09,32.8,24.2,27.6,0.2,12.8,18.11,79,1011.7,85,23.1,Port Harcourt
2025-12-10,33.4,24.1,28.3,0.0,13.7,19.77,74,1011.2,44,22.3,Port Harcourt
2025-12-11,32.3,24.7,27.7,1.1,12.1,16.39,77,1010.7,87,22.9,Port Harcourt
2025-12-12,33.3,24.3,27.9,0.6,10.1,16.12,76,1009.8,67,22.9,Port Harcourt
2025-12-13,33.4,24.5,28.1,0.1,11.1,16.81,76,1009.0,31,23.0,Port Harcourt
2025-12-14,32.4,24.8,27.5,1.2,12.6,16.3,78,1009.3,66,22.9,Port Harcourt
2025-12-15,33.2,23.9,28.0,0.1,14.4,18.75,74,1009.3,42,22.3,Port Harcourt
2025-12-16,33.2,24.5,28.4,0.2,14.9,18.4,73,1009.4,13,22.5,Port Harcourt
2025-12-17,33.4,24.5,28.0,0.6,12.4,17.45,74,1009.4,70,22.4,Port Harcourt
2025-12-18,32.8,24.5,27.2,5.1,8.2,16.83,80,1010.6,75,23.1,Port Harcourt
2025-12-19,34.2,24.3,28.3,0.0,14.2,19.16,74,1010.0,77,22.5,Port Harcourt
2025-12-20,34.1,24.4,28.8,0.0,13.4,19.29,71,1008.7,75,22.2,Port Harcourt
2025-12-21,35.2,25.0,28.6,0.7,14.5,18.42,73,1008.1,91,22.7,Port Harcourt
2025-12-22,34.3,24.3,28.3,2.0,9.7,18.29,75,1008.4,97,23.0,Port Harcourt
2025-12-23,34.8,25.0,28.8,0.0,13.2,18.25,75,1008.9,88,23.2,Port Harcourt
2025-12-24,32.7,25.1,28.0,1.3,11.4,17.31,77,1010.1,75,23.3,Port Harcourt
2025-12-25,33.0,24.0,27.7,0.9,9.7,14.13,78,1009.9,62,23.2,Port Harcourt
2025-12-26,34.3,24.9,28.2,1.2,13.2,16.37,76,1010.2,93,23.2,Port Harcourt
2025-12-27,34.5,23.8,27.9,1.2,14.3,16.75,77,1010.3,91,23.1,Port Harcourt
2025-12-28,32.4,24.7,28.2,0.2,12.4,13.46,77,1010.7,100,23.4,Port Harcourt
2025-12-29,32.4,25.1,27.8,0.7,13.4,14.51,78,1012.0,69,23.4,Port Harcourt
2025-12-30,34.0,25.0,28.5,0.4,11.2,17.41,76,1012.0,37,23.4,Port Harcourt
2025-12-31,34.8,25.2,28.7,0.8,9.5,17.72,74,1011.2,68,23.1,Port Harcourt
2026-01-01,32.8,25.1,27.6,4.5,12.8,14.74,82,1009.6,99,24.0,Port Harcourt
2026-01-02,33.4,24.8,27.6,1.5,11.5,13.95,80,1010.7,95,23.5,Port Harcourt
2026-01-03,33.9,24.5,28.3,0.3,13.3,18.06,76,1011.0,48,23.2,Port Harcourt
2026-01-04,34.1,24.9,28.4,0.4,13.0,17.11,77,1010.8,48,23.4,Port Harcourt
2026-01-05,34.5,25.2,29.0,0.0,11.8,18.21,73,1009.9,29,22.9,Port Harcourt
2026-01-06,35.0,25.6,28.9,0.1,16.0,18.37,73,1009.5,63,22.8,Port Harcourt
2026-01-07,34.1,25.1,28.3,0.9,13.7,17.0,75,1010.6,72,23.1,Port Harcourt
2026-01-08,32.5,24.7,27.6,1.0,12.6,16.66,79,1011.7,73,23.4,Port Harcourt
2026-01-09,31.9,24.9,27.9,0.8,11.7,15.63,77,1011.2,53,23.1,Port Harcourt
2026-01-10,34.0,24.5,28.6,0.0,14.5,18.26,74,1010.0,45,22.7,Port Harcourt
2026-01-11,33.8,24.8,28.8,0.0,15.0,18.53,73,1009.9,25,22.6,Port Harcourt
2026-01-12,35.1,25.1,28.9,0.0,13.3,19.15,72,1009.8,37,22.3,Port Harcourt
2026-01-13,34.3,25.0,29.3,0.0,12.3,18.55,69,1008.9,83,22.0,Port Harcourt
2026-01-14,34.9,25.2,29.5,0.0,13.6,18.43,68,1008.9,82,21.8,Port Harcourt
2026-01-15,35.2,25.7,29.2,0.1,13.4,18.02,71,1009.8,76,22.6,Port Harcourt
2026-01-16,35.1,25.2,29.2,0.0,14.0,17.33,70,1009.9,88,22.4,Port Harcourt
2026-01-17,34.6,26.0,29.2,0.9,12.6,17.0,72,1008.9,53,23.2,Port Harcourt
2026-01-18,35.4,25.4,29.0,1.1,13.7,17.0,72,1008.5,82,23.0,Port Harcourt
2026-01-19,31.2,24.2,27.6,6.9,12.6,12.83,78,1008.5,97,23.3,Port Harcourt
2026-01-20,32.7,24.7,26.9,13.0,11.4,12.83,85,1008.7,79,23.8,Port Harcourt
2026-01-21,33.2,23.6,27.4,8.8,13.5,18.69,81,1008.9,94,23.5,Port Harcourt
2026-01-22,32.8,24.9,28.4,0.4,12.9,18.83,77,1009.6,81,23.6,Port Harcourt
2026-01-23,33.9,25.4,28.3,0.2,13.0,17.58,78,1009.8,58,23.8,Port Harcourt
2026-01-24,33.8,25.2,28.7,0.4,12.8,17.3,77,1010.4,66,23.8,Port Harcourt
2026-01-25,34.7,25.5,29.5,0.0,13.8,18.13,73,1010.5,35,23.4,Port Harcourt
2026-01-26,35.5,26.0,29.4,1.1,14.2,17.03,73,1010.3,77,23.6,Port Harcourt
2026-01-27,35.1,25.5,29.2,0.1,14.8,19.04,75,1010.5,90,23.5,Port Harcourt
2026-01-28,34.5,25.8,29.4,0.1,12.7,19.69,70,1010.7,79,22.4,Port Harcourt
2026-01-29,34.9,24.7,29.1,0.0,13.5,19.11,71,1010.9,95,22.1,Port Harcourt
2026-01-30,35.7,25.4,29.5,0.1,16.4,18.19,70,1011.0,100,22.5,Port Harcourt
2026-01-31,36.0,25.9,29.2,1.3,15.8,18.03,72,1011.2,68,23.3,Port Harcourt
2026-02-01,36.1,25.0,29.2,1.7,10.6,18.45,73,1010.5,37,23.4,Port Harcourt
2026-02-02,33.4,26.0,28.8,0.8,12.9,18.26,74,1009.7,47,23.5,Port Harcourt
2026-02-03,33.4,25.0,28.4,3.3,12.8,16.1,76,1009.8,58,23.4,Port Harcourt
2026-02-04,29.0,23.4,26.3,0.7,9.0,7.97,81,1010.9,96,22.8,Port Harcourt
2026-02-05,34.7,24.7,28.4,0.5,16.2,19.72,75,1009.9,70,23.0,Port Harcourt
2026-02-06,35.6,25.5,29.4,0.0,15.1,17.17,69,1011.9,82,22.5,Port Harcourt
2026-02-07,33.7,25.1,28.3,2.7,17.7,17.63,74,1012.5,28,22.9,Port Harcourt
2026-02-08,35.8,25.8,29.4,1.5,14.1,18.4,68,1011.1,52,22.5,Port Harcourt
2026-02-09,33.8,26.1,28.6,1.4,15.4,16.39,74,1010.4,95,23.2,Port Harcourt
2026-02-10,32.9,23.7,27.8,11.4,16.1,13.28,74,1011.0,88,22.5,Port Harcourt
2026-02-11,33.5,25.0,28.4,1.2,14.9,18.12,72,1011.9,96,22.5,Port Harcourt
2026-02-12,32.9,25.8,28.3,2.8,11.8,13.76,75,1012.4,79,23.2,Port Harcourt
2026-02-13,36.4,25.2,28.8,3.7,14.8,19.22,72,1011.0,68,22.6,Port Harcourt
2026-02-14,32.9,24.2,27.4,4.1,10.9,14.72,79,1010.0,100,23.2,Port Harcourt
2026-02-15,34.6,25.7,28.4,0.4,15.6,16.08,77,1010.1,100,23.7,Port Harcourt
2026-02-16,32.1,25.2,27.0,3.3,10.7,13.59,85,1011.5,100,24.0,Port Harcourt
2026-02-17,31.8,24.9,27.0,2.5,14.8,15.95,82,1010.7,100,23.6,Port Harcourt
2026-02-18,32.6,24.2,27.7,0.1,9.1,20.25,79,1009.8,93,23.4,Port Harcourt
2026-02-19,33.3,24.8,28.1,0.0,12.2,19.83,77,1009.4,96,23.0,Port Harcourt
2026-02-20,33.9,24.8,28.3,0.1,14.5,20.47,78,1010.2,70,23.6,Port Harcourt
2026-02-21,34.7,24.9,29.0,0.0,12.6,21.47,73,1010.3,81,22.6,Port Harcourt
2026-02-22,35.6,25.5,29.5,0.0,13.2,20.17,71,1009.6,86,23.0,Port Harcourt
2026-02-23,30.6,25.4,27.5,3.4,10.9,14.77,80,1008.7,95,23.6,Port Harcourt
2026-02-24,32.8,25.4,28.5,0.0,13.3,20.48,73,1008.2,80,22.8,Port Harcourt
2026-02-25,33.7,24.5,28.5,0.0,12.8,20.79,74,1008.6,61,22.9,Port Harcourt
2026-02-26,34.5,24.7,28.4,0.9,15.0,20.47,75,1009.7,46,22.7,Port Harcourt
2026-02-27,33.4,25.8,28.5,0.5,11.4,17.83,74,1009.6,88,23.1,Port Harcourt
2026-02-28,34.4,24.6,28.9,0.0,13.9,21.15,71,1008.1,77,22.1,Port Harcourt
2026-03-01,35.5,24.8,29.0,0.2,15.9,21.36,73,1007.7,80,22.8,Port Harcourt
2026-03-02,34.3,25.6,28.9,0.3,13.2,20.25,73,1008.4,66,22.9,Port Harcourt
2026-03-03,35.6,25.7,29.3,2.2,15.5,20.28,70,1009.5,61,22.5,Port Harcourt
2026-03-04,36.0,25.5,29.2,3.6,13.3,18.4,71,1010.4,79,22.7,Port Harcourt
2026-03-05,36.3,25.5,29.8,0.3,14.2,20.85,70,1009.8,23,22.7,Port Harcourt
2026-03-06,36.2,26.1,30.1,0.2,14.4,20.61,71,1008.1,16,23.5,Port Harcourt
2026-03-07,37.6,26.2,30.4,0.3,16.5,20.36,70,1007.4,76,23.4,Port Harcourt
2026-03-08,37.5,26.6,30.4,0.4,17.2,20.06,69,1007.5,82,23.4,Port Harcourt
2026-03-09,34.5,25.7,29.2,2.5,12.0,17.11,74,1008.5,95,23.7,Port Harcourt
2026-03-10,33.7,25.9,28.9,1.5,13.2,13.95,74,1009.1,98,23.4,Port Harcourt
2026-03-11,35.3,25.8,29.7,0.8,13.0,19.76,71,1009.2,94,23.2,Port Harcourt
2026-03-12,34.0,25.8,29.0,3.0,13.8,18.06,73,1009.0,60,23.4,Port Harcourt
2026-03-13,34.5,26.0,29.0,4.6,11.7,17.65,73,1008.4,60,23.3,Port Harcourt
2026-03-14,34.0,24.9,28.0,4.6,17.2,15.23,76,1008.0,100,23.1,Port Harcourt
2026-03-15,35.2,25.7,29.2,0.9,13.0,18.49,74,1007.9,94,23.8,Port Harcourt
2026-03-16,33.6,24.8,27.0,27.5,14.0,8.38,84,1009.8,99,23.9,Port Harcourt
2026-03-17,32.4,24.9,27.7,0.7,13.2,17.46,80,1010.2,99,23.7,Port Harcourt
2026-03-18,34.5,24.9,28.6,0.3,13.9,20.71,75,1009.2,30,23.2,Port Harcourt
2026-03-19,33.6,25.4,28.7,2.5,7.3,17.82,78,1008.7,88,24.3,Port Harcourt
2026-03-20,33.5,25.6,28.8,0.7,13.2,17.82,79,1007.7,80,24.5,Port Harcourt
2026-03-21,34.6,25.8,29.0,2.4,12.1,19.59,77,1007.0,92,24.2,Port Harcourt
2026-03-22,33.3,25.7,28.7,2.4,15.5,17.04,76,1007.4,79,23.8,Port Harcourt
2026-03-23,34.3,23.5,27.3,5.1,20.6,17.65,80,1008.6,95,23.3,Port Harcourt
2026-03-24,27.3,23.8,25.6,12.1,11.8,5.95,89,1010.0,91,23.7,Port Harcourt
2026-03-25,33.7,25.1,28.6,0.2,14.5,19.37,75,1008.9,60,23.3,Port Harcourt
2026-03-26,31.8,24.8,27.5,1.0,13.1,13.82,79,1009.2,99,23.3,Port Harcourt
2026-03-27,33.4,24.9,27.6,11.1,11.6,16.02,83,1008.5,88,24.2,Port Harcourt
2026-03-28,28.5,23.8,25.3,9.9,16.0,8.93,91,1009.3,99,23.8,Port Harcourt
2026-03-29,29.6,22.9,26.4,4.4,11.6,13.81,85,1008.9,89,23.6,Port Harcourt
2026-03-30,32.6,24.8,27.6,4.7,8.8,19.26,82,1008.4,93,23.9,Port Harcourt
2026-03-31,30.4,22.9,26.8,9.0,12.9,13.6,85,1009.0,100,23.9,Port Harcourt
2026-04-01,33.9,24.4,28.0,2.1,12.4,22.04,79,1008.3,78,23.6,Port Harcourt
2026-04-02,27.2,25.2,26.1,19.8,8.3,5.65,90,1010.5,100,24.5,Port Harcourt
2026-04-03,26.0,24.2,25.0,10.3,7.6,6.94,93,1012.3,100,23.8,Port Harcourt
2026-04-04,30.0,23.7,26.9,2.7,6.5,15.21,84,1012.0,97,23.7,Port Harcourt
2026-04-05,34.0,25.2,28.5,0.0,10.5,22.46,78,1010.4,73,24.0,Port Harcourt
2026-04-06,32.8,25.5,27.6,9.5,12.4,18.0,83,1010.6,74,24.4,Port Harcourt
2026-04-07,30.9,24.9,26.5,18.3,10.6,11.46,90,1010.8,100,24.5,Port Harcourt
2026-04-08,30.4,24.6,26.5,7.7,14.4,14.45,89,1010.1,100,24.5,Port Harcourt
2026-04-09,30.6,23.8,26.4,2.5,13.1,13.77,87,1010.2,100,23.9,Port Harcourt
2026-04-10,33.0,24.3,27.9,0.4,9.9,21.46,83,1009.9,49,24.3,Port Harcourt
2026-04-11,31.9,25.2,27.9,0.9,9.8,19.55,82,1010.0,93,24.4,Port Harcourt
2026-04-12,32.1,25.3,27.2,21.8,9.4,17.11,87,1009.2,89,24.6,Port Harcourt
2026-04-13,30.6,25.0,27.3,2.0,10.7,15.31,85,1008.2,96,24.4,Port Harcourt
2026-04-14,33.1,24.7,27.9,2.2,11.2,19.5,82,1008.2,58,24.3,Port Harcourt
2026-04-15,33.6,25.5,27.6,6.6,20.0,19.14,83,1008.9,81,24.4,Port Harcourt
2026-04-16,33.3,24.9,28.4,0.6,10.8,22.35,80,1007.5,71,24.4,Port Harcourt
2026-04-17,32.1,25.6,27.8,11.1,12.5,17.22,85,1006.8,88,25.0,Port Harcourt
2026-04-18,33.2,25.5,27.9,6.4,8.1,19.36,86,1006.4,84,25.2,Port Harcourt
2026-04-19,32.4,24.8,27.4,19.3,9.6,15.67,87,1006.8,98,24.8,Port Harcourt
2026-04-20,32.7,25.4,28.3,0.3,11.6,18.46,82,1006.2,97,24.8,Port Harcourt
2026-04-21,29.7,24.7,27.1,14.2,13.2,9.75,85,1007.4,100,24.2,Port Harcourt
2026-04-22,32.5,24.8,28.0,3.1,13.1,19.56,81,1007.6,98,24.2,Port Harcourt
2026-04-23,31.8,25.0,26.7,11.1,20.1,12.05,89,1008.2,100,24.7,Port Harcourt
2026-04-24,30.4,25.0,26.7,9.0,12.0,13.26,86,1008.6,98,24.1,Port Harcourt
2026-04-25,30.7,23.9,26.6,14.4,11.3,16.11,87,1009.4,92,24.0,Port Harcourt
2026-04-26,28.1,23.7,25.6,12.8,11.5,7.96,91,1011.2,100,24.1,Port Harcourt
2026-04-27,31.4,24.5,27.6,0.2,10.1,15.86,81,1009.9,100,23.8,Port Harcourt
2026-04-28,31.2,23.8,26.7,23.1,8.7,16.9,87,1010.0,99,24.1,Port Harcourt
2026-04-29,32.8,24.3,27.3,1.1,12.8,19.44,82,1009.9,96,23.7,Port Harcourt
2026-04-30,32.0,24.7,27.0,9.3,11.0,18.48,83,1011.2,98,23.7,Port Harcourt
2026-05-01,32.7,24.1,27.8,2.5,10.0,21.52,84,1009.6,55,24.5,Port Harcourt
2026-05-02,30.3,25.0,26.6,7.6,12.2,13.37,89,1009.7,83,24.5,Port Harcourt
2026-05-03,32.2,24.7,27.8,2.4,12.3,19.62,83,1010.0,75,24.4,Port Harcourt
2026-05-04,32.0,24.2,27.2,3.6,12.6,17.83,86,1010.6,96,24.4,Port Harcourt
2026-05-05,31.1,25.0,27.4,2.0,11.7,17.26,84,1010.0,83,24.2,Port Harcourt
2026-05-06,32.5,24.7,27.2,5.3,15.0,14.58,84,1009.5,94,24.0,Port Harcourt
2026-05-07,32.7,24.6,27.2,10.8,8.5,15.91,86,1009.4,78,24.5,Port Harcourt
2026-05-08,30.0,25.2,26.7,10.3,19.3,16.31,88,1009.8,88,24.5,Port Harcourt
2026-05-09,30.5,24.4,26.4,26.0,15.7,13.69,88,1010.7,99,24.1,Port Harcourt
2026-05-10,30.4,24.0,26.7,4.2,11.6,15.88,86,1011.6,100,24.0,Port Harcourt
2026-05-11,28.8,24.5,26.7,8.9,17.3,15.59,87,1011.3,85,24.4,Port Harcourt
2026-05-12,31.6,24.9,27.2,15.4,12.0,14.81,85,1011.8,64,24.2,Port Harcourt
2026-05-13,32.9,24.8,27.8,2.6,14.2,21.08,83,1010.4,81,24.4,Port Harcourt
2026-05-14,29.6,24.3,26.7,9.1,13.9,17.88,87,1010.7,95,24.3,Port Harcourt
2026-05-15,30.2,24.0,26.5,9.8,10.9,12.33,86,1011.3,98,23.8,Port Harcourt
2026-05-16,31.3,24.3,27.3,4.2,9.1,14.8,84,1010.7,96,24.2,Port Harcourt
2026-05-17,31.2,24.2,26.6,10.7,12.0,14.17,87,1011.4,73,24.0,Port Harcourt
2026-05-18,26.0,24.0,24.8,32.6,12.0,5.01,95,1012.5,97,24.0,Port Harcourt
2026-05-19,29.6,24.7,26.4,8.9,10.3,17.14,88,1012.8,80,24.3,Port Harcourt
2026-05-20,32.0,24.4,27.4,6.9,13.6,21.91,83,1012.3,42,24.0,Port Harcourt
2026-05-21,30.7,24.0,27.0,3.7,12.1,18.57,84,1012.0,88,23.8,Port Harcourt
2026-05-22,30.0,24.4,26.3,17.4,9.7,13.31,90,1012.6,94,24.4,Port Harcourt
2026-05-23,31.8,24.5,27.0,1.6,10.2,18.8,87,1011.8,81,24.5,Port Harcourt
2026-05-24,31.4,24.5,26.5,29.2,17.1,15.86,90,1011.2,91,24.7,Port Harcourt
2026-05-25,31.0,24.6,26.6,10.4,11.0,15.85,89,1011.9,97,24.5,Port Harcourt
2026-05-26,29.9,24.7,26.5,17.3,10.7,13.09,87,1012.3,82,24.1,Port Harcourt
2026-05-27,30.8,24.4,26.5,7.4,11.3,17.22,89,1012.0,97,24.4,Port Harcourt
2026-05-28,31.5,23.6,27.6,7.2,12.4,19.51,82,1011.9,86,24.0,Port Harcourt
2026-05-29,31.5,25.2,27.8,6.1,11.9,19.5,84,1011.9,91,24.7,Port Harcourt
2026-05-30,32.0,25.4,28.0,3.8,11.3,18.49,84,1011.4,92,24.9,Port Harcourt
2026-05-31,31.7,25.2,27.3,9.3,9.3,17.78,87,1011.0,91,24.9,Port Harcourt
2026-06-01,30.1,24.0,27.0,15.1,9.0,14.78,86,1011.2,92,24.4,Port Harcourt
2026-06-02,32.5,24.8,27.6,6.0,8.5,17.58,86,1012.1,97,24.9,Port Harcourt
2026-06-03,28.4,25.2,25.8,13.9,8.4,6.8,92,1012.9,99,24.4,Port Harcourt
2026-06-04,30.4,24.1,27.0,5.4,9.8,17.63,85,1012.7,89,24.1,Port Harcourt
2026-06-05,28.9,24.8,26.0,16.0,10.6,14.41,89,1012.2,96,24.1,Port Harcourt
2026-06-06,28.2,24.7,25.9,10.6,15.7,12.79,91,1012.4,93,24.2,Port Harcourt
2026-06-07,31.6,24.1,26.8,10.6,7.5,20.21,86,1013.8,88,24.1,Port Harcourt
2026-06-08,29.0,24.2,25.8,11.3,10.2,12.66,90,1014.2,95,24.0,Port Harcourt
2026-06-09,29.4,24.4,26.4,7.4,13.8,16.14,86,1012.8,83,23.8,Port Harcourt
2026-06-10,29.7,24.8,26.5,8.6,7.9,17.33,89,1011.7,97,24.4,Port Harcourt
2026-06-11,30.6,24.2,26.4,7.3,9.1,18.71,90,1011.6,86,24.5,Port Harcourt
2026-06-12,25.7,24.4,25.2,21.8,9.4,5.94,95,1013.1,100,24.3,Port Harcourt
2026-06-13,30.4,24.5,26.3,12.3,11.7,16.61,90,1013.7,98,24.3,Port Harcourt
2026-06-14,25.2,23.8,24.6,43.4,13.0,3.66,96,1014.3,100,23.9,Port Harcourt
2026-06-15,31.4,23.9,26.2,6.6,15.6,18.12,88,1013.6,88,23.7,Port Harcourt
2026-06-16,26.4,24.1,25.2,8.1,9.8,10.13,93,1014.5,98,24.0,Port Harcourt
2026-06-17,30.5,24.5,26.8,3.5,10.3,19.78,84,1013.9,62,23.7,Port Harcourt
2026-06-18,31.2,24.2,26.9,5.1,11.4,20.19,85,1012.7,77,23.9,Port Harcourt
2026-06-19,28.4,24.3,25.7,13.8,10.3,14.13,90,1010.9,97,23.9,Port Harcourt
2026-06-20,27.7,23.6,25.7,21.8,13.5,16.28,87,1010.9,93,23.3,Port Harcourt
2026-06-21,26.8,23.4,24.8,33.6,8.9,11.19,92,1013.4,100,23.3,Port Harcourt
2026-06-22,26.6,22.9,24.5,12.6,8.7,9.38,91,1014.7,90,22.9,Port Harcourt
2026-06-23,31.6,22.6,26.1,3.1,11.9,20.91,83,1013.5,36,22.7,Port Harcourt
2026-06-24,31.0,24.4,27.1,2.3,10.0,20.24,80,1013.4,45,23.1,Port Harcourt
2026-06-25,29.3,24.7,26.2,4.6,9.3,15.94,86,1014.8,71,23.5,Port Harcourt
2026-06-26,28.5,23.4,25.8,4.4,14.4,13.87,86,1014.8,80,23.1,Port Harcourt
2026-06-27,30.3,24.7,26.6,4.8,10.5,18.15,84,1013.6,67,23.5,Port Harcourt
2026-06-28,29.5,23.5,25.5,12.5,10.2,12.59,89,1012.9,97,23.5,Port Harcourt
2026-06-29,27.3,23.2,24.6,20.5,10.6,12.43,93,1013.0,90,23.5,Port Harcourt
2026-06-30,29.7,23.4,25.7,2.6,8.3,16.68,86,1013.6,71,23.1,Port Harcourt
