date,temperature_2m_max,temperature_2m_min,temperature_2m_mean,precipitation_sum,wind_speed_10m_max,shortwave_radiation_sum,relative_humidity_2m_mean,surface_pressure_mean,cloud_cover_mean,dew_point_2m_mean,city
2000-01-01,29.1,25.6,26.9,4.4,14.6,15.67,82,1006.9,52,23.6,Lagos
2000-01-02,29.4,25.1,26.9,1.0,16.8,16.48,83,1006.6,65,23.7,Lagos
2000-01-03,30.8,25.5,27.5,0.2,16.9,17.99,80,1006.0,76,23.6,Lagos
2000-01-04,29.8,25.2,27.1,0.8,14.5,16.65,84,1006.1,81,24.0,Lagos
2000-01-05,31.2,24.3,27.5,0.0,15.6,18.4,81,1006.0,71,23.6,Lagos
2000-01-06,29.4,25.7,27.2,2.3,18.8,16.36,83,1006.4,81,23.9,Lagos
2000-01-07,30.7,25.4,27.5,0.0,18.6,18.09,80,1007.1,45,23.5,Lagos
2000-01-08,30.0,25.4,27.3,0.5,16.6,16.1,83,1007.9,90,24.1,Lagos
2000-01-09,29.9,25.5,27.2,1.2,14.8,17.83,83,1007.8,65,23.9,Lagos
2000-01-10,29.9,25.2,27.2,0.4,14.5,16.73,83,1007.3,78,24.0,Lagos
2000-01-11,30.2,25.0,27.3,0.7,14.2,18.19,81,1007.3,31,23.7,Lagos
2000-01-12,29.9,25.5,27.4,1.3,17.1,16.62,83,1007.1,27,24.0,Lagos
2000-01-13,31.0,25.7,27.8,0.5,17.7,18.47,80,1007.1,53,24.0,Lagos
2000-01-14,29.7,24.8,27.0,1.7,17.8,17.4,83,1006.5,52,23.9,Lagos
2000-01-15,29.9,24.9,27.2,2.9,16.5,17.86,82,1006.9,53,23.8,Lagos
2000-01-16,29.9,25.6,27.3,1.6,17.4,17.73,82,1007.7,43,23.9,Lagos
2000-01-17,30.0,25.7,27.3,1.2,20.0,16.68,83,1007.9,37,24.1,Lagos
2000-01-18,28.6,25.6,27.0,2.3,18.8,15.13,83,1008.6,85,23.8,Lagos
2000-01-19,28.8,24.7,26.7,3.5,19.0,14.63,84,1008.7,81,23.8,Lagos
2000-01-20,29.4,25.7,27.0,5.4,14.0,16.28,84,1009.1,77,24.0,Lagos
2000-01-21,30.2,25.7,27.2,1.6,15.6,17.26,82,1008.6,36,23.9,Lagos
2000-01-22,29.5,25.7,27.1,2.0,20.9,18.15,83,1007.9,40,24.0,Lagos
2000-01-23,28.6,25.9,26.9,5.5,20.8,14.98,83,1007.7,41,23.7,Lagos
2000-01-24,29.2,25.7,27.1,0.8,19.6,16.93,83,1008.6,59,23.9,Lagos
2000-01-25,29.3,25.3,26.8,0.3,13.7,17.06,84,1009.7,70,23.9,Lagos
2000-01-26,29.9,25.4,27.2,1.6,15.6,17.65,84,1009.5,34,24.1,Lagos
2000-01-27,29.9,25.8,27.5,0.7,16.1,18.24,83,1009.1,28,24.3,Lagos
2000-01-28,30.0,25.7,27.5,0.7,18.1,19.36,84,1008.0,22,24.4,Lagos
2000-01-29,29.7,25.2,27.0,1.2,17.1,18.75,85,1008.9,30,24.2,Lagos
2000-01-30,31.2,25.2,27.2,0.1,16.0,20.84,82,1010.0,26,23.6,Lagos
2000-01-31,31.8,24.9,27.3,0.0,17.2,22.28,77,1011.0,55,22.3,Lagos
2000-02-01,31.7,23.7,26.9,0.0,14.0,23.54,62,1012.0,69,16.8,Lagos
2000-02-02,32.2,22.2,26.5,0.0,15.8,24.07,50,1011.1,63,13.6,Lagos
2000-02-03,32.1,21.9,26.4,0.0,15.5,23.82,51,1010.0,26,14.0,Lagos
2000-02-04,32.4,21.6,26.5,0.0,17.1,24.04,62,1010.5,26,17.5,Lagos
2000-02-05,31.9,22.9,26.5,0.0,18.5,23.41,74,1010.5,38,20.9,Lagos
2000-02-06,32.3,23.5,26.8,0.0,19.2,23.37,74,1009.8,28,21.1,Lagos
2000-02-07,31.8,23.8,26.8,0.0,16.0,23.19,76,1010.1,29,21.6,Lagos
2000-02-08,32.3,23.8,27.0,0.1,17.5,23.04,73,1010.6,24,20.9,Lagos
2000-02-09,32.2,23.1,26.9,0.0,17.7,23.17,73,1010.5,25,20.8,Lagos
2000-02-10,33.1,22.6,27.2,0.0,21.7,23.82,71,1009.2,9,20.5,Lagos
2000-02-11,32.4,24.0,27.4,0.0,17.4,23.44,71,1009.2,17,20.9,Lagos
2000-02-12,33.1,23.7,27.8,0.0,16.4,24.06,65,1008.6,100,19.1,Lagos
2000-02-13,33.5,23.2,27.7,0.0,17.9,23.5,67,1008.4,99,20.1,Lagos
2000-02-14,32.9,24.0,27.7,0.0,20.9,23.52,73,1008.8,49,21.9,Lagos
2000-02-15,31.9,24.7,27.6,0.0,18.3,22.04,74,1008.8,50,22.3,Lagos
2000-02-16,31.1,24.8,27.5,0.0,18.4,20.26,75,1009.3,58,22.4,Lagos
2000-02-17,31.5,24.4,27.6,0.7,19.4,20.38,77,1009.0,59,23.0,Lagos
2000-02-18,30.4,25.7,27.5,0.9,18.7,18.9,81,1009.1,72,23.7,Lagos
2000-02-19,32.3,24.7,27.8,0.0,17.8,20.57,80,1008.8,88,23.7,Lagos
2000-02-20,30.7,25.7,27.6,0.7,18.1,18.52,83,1008.6,81,24.4,Lagos
2000-02-21,30.7,25.8,27.7,1.3,17.6,18.57,81,1009.3,84,24.0,Lagos
2000-02-22,30.7,25.9,27.7,1.3,17.4,19.36,82,1009.2,88,24.2,Lagos
2000-02-23,31.3,25.8,27.8,3.6,20.0,19.62,81,1008.2,54,24.2,Lagos
2000-02-24,31.0,26.1,27.9,1.0,19.2,19.68,82,1007.7,91,24.4,Lagos
2000-02-25,30.7,26.2,27.9,1.0,17.7,19.2,82,1008.1,84,24.5,Lagos
2000-02-26,30.8,26.1,27.7,1.2,18.4,18.42,83,1008.4,80,24.5,Lagos
2000-02-27,32.6,25.4,28.1,0.2,18.9,23.05,75,1007.9,90,22.8,Lagos
2000-02-28,32.3,24.7,27.6,0.0,16.0,23.8,75,1008.6,33,22.2,Lagos
2000-02-29,32.4,24.5,28.0,0.0,17.7,23.18,75,1009.8,56,22.7,Lagos
2000-03-01,33.8,24.0,28.3,0.0,16.1,24.33,71,1009.4,97,21.8,Lagos
2000-03-02,32.8,24.5,28.0,0.0,18.9,24.63,74,1009.0,51,22.5,Lagos
2000-03-03,32.3,25.2,28.0,0.0,15.8,21.77,76,1009.0,52,23.0,Lagos
2000-03-04,33.1,25.1,28.2,0.0,18.9,22.86,77,1008.3,46,23.4,Lagos
2000-03-05,32.3,25.6,28.2,0.1,18.0,21.72,78,1008.4,40,23.7,Lagos
2000-03-06,32.6,25.8,28.2,0.3,19.8,21.69,79,1008.6,34,24.0,Lagos
2000-03-07,32.8,25.7,28.3,0.2,20.5,23.03,78,1008.4,38,23.8,Lagos
2000-03-08,31.8,25.5,28.1,0.4,16.9,20.88,79,1008.5,37,23.9,Lagos
2000-03-09,32.5,25.7,28.2,0.0,17.7,22.2,78,1008.9,33,23.6,Lagos
2000-03-10,33.2,25.3,28.3,0.0,18.4,23.68,77,1007.8,60,23.2,Lagos
2000-03-11,32.9,25.8,28.5,0.0,19.3,22.75,76,1007.7,54,23.4,Lagos
2000-03-12,33.1,25.5,28.4,0.1,21.3,22.17,77,1007.4,37,23.6,Lagos
2000-03-13,32.6,25.8,28.3,1.0,20.0,21.33,78,1007.4,39,23.9,Lagos
2000-03-14,32.5,26.1,28.6,0.5,21.7,21.58,77,1007.5,76,24.0,Lagos
2000-03-15,32.1,26.7,28.7,2.7,21.7,22.32,77,1007.2,83,24.1,Lagos
2000-03-16,31.2,26.3,28.3,2.1,21.6,19.66,79,1007.0,73,24.2,Lagos
2000-03-17,31.4,26.8,28.4,2.5,21.1,20.17,78,1006.5,86,24.2,Lagos
2000-03-18,30.8,26.8,28.4,0.7,19.4,19.63,78,1006.7,86,24.1,Lagos
2000-03-19,29.8,26.8,27.8,8.8,17.3,16.35,81,1006.6,95,24.3,Lagos
2000-03-20,29.4,25.2,26.9,8.9,17.0,12.54,84,1006.9,100,24.0,Lagos
2000-03-21,30.1,25.3,27.4,0.6,20.7,16.78,82,1006.6,99,24.0,Lagos
2000-03-22,30.8,26.3,28.3,1.1,21.2,18.44,79,1006.8,91,24.3,Lagos
2000-03-23,30.7,27.2,28.5,0.8,20.6,18.87,77,1007.7,79,24.1,Lagos
2000-03-24,31.4,26.4,28.7,0.0,17.0,21.15,73,1007.2,39,23.3,Lagos
2000-03-25,31.3,27.2,28.6,1.6,17.9,19.96,77,1007.5,71,24.0,Lagos
2000-03-26,29.5,25.9,27.3,8.4,13.9,14.62,83,1007.4,94,24.1,Lagos
2000-03-27,30.5,25.9,27.8,2.0,15.5,19.13,81,1007.0,94,24.2,Lagos
2000-03-28,31.7,26.4,28.2,0.3,14.1,21.46,79,1006.6,93,24.2,Lagos
2000-03-29,31.1,26.7,28.5,0.3,14.4,20.12,78,1006.8,96,24.2,Lagos
2000-03-30,31.5,26.9,28.7,0.9,17.9,21.6,78,1006.7,32,24.4,Lagos
2000-03-31,30.4,27.0,28.1,4.3,19.6,18.69,81,1006.1,56,24.4,Lagos
2000-04-01,31.4,26.6,28.5,3.8,24.0,21.92,79,1005.6,88,24.4,Lagos
2000-04-02,30.8,26.1,28.1,3.5,19.7,19.39,81,1006.9,98,24.5,Lagos
2000-04-03,30.4,26.2,27.8,4.8,18.3,21.36,82,1008.7,98,24.4,Lagos
2000-04-04,29.0,26.6,27.4,8.6,18.8,16.8,83,1009.4,82,24.2,Lagos
2000-04-05,30.5,25.9,27.7,2.5,15.9,19.14,82,1008.7,89,24.3,Lagos
2000-04-06,30.6,26.6,28.3,0.7,15.8,19.94,79,1007.7,72,24.3,Lagos
2000-04-07,30.9,26.5,28.1,3.4,21.0,20.33,80,1007.3,75,24.3,Lagos
2000-04-08,29.0,26.3,27.4,7.2,20.1,15.03,82,1008.0,95,24.0,Lagos
2000-04-09,29.6,26.8,27.9,2.2,14.8,19.22,83,1006.8,89,24.8,Lagos
2000-04-10,30.3,26.5,27.8,7.4,18.8,17.9,83,1006.2,64,24.6,Lagos
2000-04-11,29.8,25.7,27.1,13.6,18.6,15.33,85,1007.1,99,24.3,Lagos
2000-04-12,30.3,26.0,27.6,1.7,16.9,17.68,83,1007.6,99,24.3,Lagos
2000-04-13,30.6,26.6,28.0,3.6,17.4,20.27,82,1007.4,96,24.5,Lagos
2000-04-14,30.9,26.7,28.4,0.4,16.9,21.06,80,1007.3,83,24.5,Lagos
2000-04-15,30.4,26.9,28.3,0.7,15.3,20.15,81,1007.2,86,24.6,Lagos
2000-04-16,31.6,26.7,28.5,0.0,15.5,22.04,76,1007.7,53,23.8,Lagos
2000-04-17,31.1,27.0,28.3,3.8,16.9,18.1,80,1007.7,83,24.5,Lagos
2000-04-18,30.4,26.8,27.7,6.4,18.1,17.78,82,1008.5,99,24.3,Lagos
2000-04-19,30.4,26.4,28.0,2.0,18.9,18.71,81,1008.7,96,24.3,Lagos
2000-04-20,30.4,27.0,28.1,2.9,16.6,16.57,82,1008.0,99,24.8,Lagos
2000-04-21,28.4,25.5,27.0,3.4,14.1,9.59,86,1009.4,100,24.5,Lagos
2000-04-22,29.6,24.5,26.6,11.3,13.3,17.55,87,1010.2,99,24.2,Lagos
2000-04-23,30.5,24.8,27.4,0.0,13.4,18.8,83,1008.7,77,24.1,Lagos
2000-04-24,29.7,26.7,27.9,2.3,13.6,11.64,81,1008.0,96,24.4,Lagos
2000-04-25,30.2,26.6,27.7,6.0,13.6,17.5,84,1007.7,86,24.7,Lagos
2000-04-26,30.6,26.6,28.0,1.1,13.4,20.75,82,1008.0,97,24.6,Lagos
2000-04-27,30.7,26.7,28.4,0.0,16.1,19.99,79,1008.0,88,24.3,Lagos
2000-04-28,31.4,26.9,28.7,0.0,16.5,20.67,75,1008.5,69,23.6,Lagos
2000-04-29,31.1,26.7,28.5,0.7,15.0,20.27,77,1009.0,98,24.0,Lagos
2000-04-30,30.7,25.9,27.6,6.7,16.8,18.18,83,1009.5,95,24.5,Lagos
2000-05-01,27.8,26.1,27.0,8.1,10.7,14.4,85,1009.5,99,24.2,Lagos
2000-05-02,30.6,25.4,28.1,1.0,12.5,21.34,81,1008.5,87,24.4,Lagos
2000-05-03,31.0,26.2,28.4,4.6,15.1,19.58,81,1008.7,45,24.7,Lagos
2000-05-04,30.1,26.2,27.9,5.8,14.8,16.91,83,1008.9,79,24.7,Lagos
2000-05-05,30.5,26.5,28.1,1.7,16.0,19.14,82,1007.7,64,24.7,Lagos
2000-05-06,30.8,26.3,28.1,2.7,14.7,19.35,83,1007.2,47,24.9,Lagos
2000-05-07,30.4,26.5,27.7,4.6,15.8,18.83,85,1007.4,74,24.9,Lagos
2000-05-08,30.4,25.9,27.8,2.2,15.0,19.86,83,1008.8,88,24.6,Lagos
2000-05-09,30.6,26.5,27.8,7.5,18.7,17.2,84,1008.3,98,24.8,Lagos
2000-05-10,30.7,26.7,28.3,0.0,15.2,20.62,80,1008.9,81,24.4,Lagos
2000-05-11,29.3,26.4,27.5,5.6,12.9,16.65,83,1009.2,57,24.3,Lagos
2000-05-12,30.0,26.2,27.6,3.4,16.5,18.41,82,1009.2,49,24.3,Lagos
2000-05-13,30.4,25.6,27.5,5.6,16.2,19.63,84,1009.2,36,24.5,Lagos
2000-05-14,29.3,26.0,27.1,5.8,16.1,18.73,85,1009.8,54,24.4,Lagos
2000-05-15,27.9,25.3,26.7,7.5,10.1,15.13,87,1010.1,98,24.4,Lagos
2000-05-16,28.8,25.0,27.0,6.9,13.3,14.37,86,1010.3,99,24.4,Lagos
2000-05-17,29.0,25.6,26.8,10.0,12.7,12.73,86,1010.5,98,24.3,Lagos
2000-05-18,30.1,25.8,27.9,0.4,12.2,18.49,82,1009.3,95,24.4,Lagos
2000-05-19,30.1,25.9,27.8,0.6,13.0,17.37,84,1009.0,91,24.7,Lagos
2000-05-20,28.8,26.1,27.5,6.3,14.3,16.77,85,1008.5,94,24.7,Lagos
2000-05-21,29.2,25.8,26.9,16.2,15.6,12.2,86,1008.7,100,24.3,Lagos
2000-05-22,28.8,24.8,26.5,18.4,18.9,12.43,88,1010.9,100,24.3,Lagos
2000-05-23,28.6,24.6,26.4,10.7,17.3,15.04,87,1012.4,100,24.1,Lagos
2000-05-24,29.0,25.3,26.5,11.4,20.0,16.17,86,1012.0,87,23.9,Lagos
2000-05-25,28.6,24.1,26.1,11.3,16.1,16.23,86,1011.6,68,23.5,Lagos
2000-05-26,28.2,24.7,26.2,9.1,10.7,11.84,87,1011.1,99,23.8,Lagos
2000-05-27,28.0,24.5,25.6,14.6,16.6,13.28,89,1010.9,97,23.6,Lagos
2000-05-28,28.7,24.0,26.0,7.6,14.8,17.01,86,1010.8,91,23.5,Lagos
2000-05-29,29.8,25.5,27.4,0.4,11.6,18.92,80,1009.4,89,23.6,Lagos
2000-05-30,29.8,25.2,27.6,0.8,14.3,18.46,80,1008.7,80,23.8,Lagos
2000-05-31,29.2,25.2,26.7,7.5,15.1,14.72,85,1009.2,95,24.0,Lagos
2000-06-01,25.5,24.0,24.9,71.6,14.0,3.28,93,1010.0,100,23.7,Lagos
2000-06-02,27.2,24.6,25.9,8.5,16.8,10.9,88,1010.4,100,23.8,Lagos
2000-06-03,28.4,24.7,26.1,12.2,17.1,12.54,87,1009.6,91,23.9,Lagos
2000-06-04,26.7,24.6,25.7,9.9,11.8,12.78,90,1010.2,87,23.9,Lagos
2000-06-05,27.0,24.0,25.2,34.2,14.9,10.17,90,1011.8,100,23.4,Lagos
2000-06-06,25.8,23.8,24.5,58.1,19.6,4.45,92,1012.9,99,23.2,Lagos
2000-06-07,29.8,23.6,26.2,6.0,17.1,19.34,79,1012.5,96,22.0,Lagos
2000-06-08,28.7,25.3,26.8,2.4,14.6,15.35,79,1012.2,89,22.9,Lagos
2000-06-09,27.3,24.7,26.2,6.4,11.6,12.82,86,1012.3,84,23.6,Lagos
2000-06-10,27.2,24.2,25.7,13.3,13.3,10.82,87,1012.1,96,23.3,Lagos
2000-06-11,27.6,24.2,25.8,4.8,16.5,14.65,88,1011.9,84,23.6,Lagos
2000-06-12,28.3,24.1,25.8,6.1,14.3,15.08,86,1011.8,87,23.2,Lagos
2000-06-13,27.9,24.3,26.0,3.2,19.0,17.27,86,1011.4,87,23.4,Lagos
2000-06-14,28.2,24.6,25.9,10.0,17.8,15.67,87,1011.1,93,23.5,Lagos
2000-06-15,26.7,24.4,25.2,10.9,15.3,9.28,90,1010.2,99,23.4,Lagos
2000-06-16,26.6,24.0,25.2,17.8,17.3,9.53,90,1009.8,99,23.3,Lagos
2000-06-17,25.9,24.0,24.9,20.9,15.3,7.94,91,1011.1,99,23.3,Lagos
2000-06-18,27.5,24.2,25.5,15.7,16.6,14.9,89,1011.8,95,23.6,Lagos
2000-06-19,25.1,24.1,24.5,146.6,16.3,2.99,93,1011.1,100,23.3,Lagos
2000-06-20,27.7,23.8,25.3,7.1,12.3,14.56,88,1011.0,99,23.2,Lagos
2000-06-21,27.1,23.6,25.1,8.6,15.9,12.8,90,1010.8,98,23.3,Lagos
2000-06-22,25.5,23.8,24.7,27.2,26.0,6.61,92,1012.3,100,23.3,Lagos
2000-06-23,26.2,23.6,24.8,17.5,20.7,8.22,89,1013.4,99,22.9,Lagos
2000-06-24,28.1,24.4,25.8,1.8,16.1,14.05,84,1012.1,99,22.9,Lagos
2000-06-25,28.1,24.4,25.8,1.1,20.0,15.38,83,1011.9,79,22.7,Lagos
2000-06-26,26.4,23.0,24.6,10.9,11.7,13.09,89,1012.6,87,22.7,Lagos
2000-06-27,28.1,23.7,25.7,0.4,10.2,19.17,85,1012.3,48,22.9,Lagos
2000-06-28,28.4,24.5,26.1,0.1,14.2,20.04,84,1011.4,40,23.2,Lagos
2000-06-29,27.5,24.5,25.6,4.2,18.9,18.33,87,1011.0,79,23.2,Lagos
2000-06-30,26.5,23.9,24.8,7.6,19.3,12.75,88,1011.1,88,22.7,Lagos
2000-07-01,26.2,23.0,24.5,8.6,15.2,13.72,90,1010.8,86,22.6,Lagos
2000-07-02,28.1,23.4,25.1,6.0,14.3,16.83,86,1010.6,85,22.6,Lagos
2000-07-03,26.0,23.9,24.9,8.9,19.7,7.82,88,1010.0,91,22.8,Lagos
2000-07-04,26.5,23.4,24.7,13.6,18.8,12.06,88,1010.3,98,22.7,Lagos
2000-07-05,27.5,23.7,25.3,4.2,15.3,15.65,86,1010.8,94,22.7,Lagos
2000-07-06,26.7,23.0,24.5,17.9,12.5,12.22,88,1012.1,91,22.4,Lagos
2000-07-07,27.6,23.4,25.2,1.3,16.6,16.97,86,1012.3,80,22.6,Lagos
2000-07-08,27.1,23.7,25.3,1.4,20.9,17.76,86,1011.7,79,22.7,Lagos
2000-07-09,27.0,24.1,25.1,4.6,18.1,16.64,87,1012.2,76,22.8,Lagos
2000-07-10,27.3,23.8,25.1,4.0,18.4,17.28,86,1011.9,77,22.6,Lagos
2000-07-11,27.0,23.6,25.1,4.6,14.9,17.96,86,1011.6,72,22.7,Lagos
2000-07-12,27.2,23.7,25.3,1.1,18.1,17.81,85,1011.8,55,22.6,Lagos
2000-07-13,26.8,24.2,25.1,5.3,14.9,13.07,86,1011.9,77,22.7,Lagos
2000-07-14,26.5,24.0,25.1,1.7,19.6,14.73,85,1012.0,83,22.3,Lagos
2000-07-15,27.0,23.9,24.9,3.1,20.1,17.02,85,1011.6,69,22.2,Lagos
2000-07-16,26.4,23.5,24.7,0.9,20.9,11.7,82,1012.0,87,21.4,Lagos
2000-07-17,26.3,23.8,24.9,0.1,18.6,13.27,83,1012.5,88,21.7,Lagos
2000-07-18,26.7,23.6,25.0,0.1,16.9,13.8,83,1012.9,94,22.0,Lagos
2000-07-19,25.8,23.8,24.8,0.6,18.2,9.61,86,1011.9,98,22.2,Lagos
2000-07-20,27.2,23.7,25.1,0.8,18.9,17.84,84,1011.3,92,22.0,Lagos
2000-07-21,27.0,23.4,24.8,0.5,19.8,18.89,83,1011.0,95,21.7,Lagos
2000-07-22,27.6,23.2,24.8,0.1,21.2,19.7,82,1011.6,71,21.4,Lagos
2000-07-23,26.3,23.2,24.6,1.0,17.7,17.8,82,1012.0,93,21.4,Lagos
2000-07-24,26.8,23.4,24.8,0.3,19.4,18.85,81,1011.9,86,21.2,Lagos
2000-07-25,26.5,23.4,24.7,0.2,20.1,13.73,82,1011.8,88,21.4,Lagos
2000-07-26,27.7,23.3,24.9,0.5,18.0,17.31,83,1012.2,78,21.8,Lagos
2000-07-27,27.8,23.7,25.2,0.5,16.1,19.46,83,1011.3,79,22.2,Lagos
2000-07-28,26.7,23.0,24.5,16.2,21.9,14.19,88,1010.4,98,22.3,Lagos
2000-07-29,24.8,22.9,23.9,15.8,22.2,9.03,91,1010.4,100,22.3,Lagos
2000-07-30,25.9,23.1,24.3,2.0,13.6,12.43,89,1012.2,92,22.3,Lagos
2000-07-31,27.9,23.2,25.1,0.0,16.7,19.45,83,1011.4,88,21.8,Lagos
2000-08-01,25.2,23.5,24.1,7.2,15.8,8.9,88,1011.1,99,22.0,Lagos
2000-08-02,26.0,23.3,24.1,7.8,13.7,13.98,89,1012.0,82,22.1,Lagos
2000-08-03,25.5,22.8,23.9,15.0,19.7,9.52,89,1013.2,96,22.0,Lagos
2000-08-04,25.2,23.1,23.8,19.2,17.3,9.75,91,1013.7,100,22.2,Lagos
2000-08-05,26.6,23.3,24.6,0.8,19.0,16.9,87,1012.9,81,22.1,Lagos
2000-08-06,26.0,23.6,24.5,3.7,17.6,16.92,87,1012.8,65,22.1,Lagos
2000-08-07,26.7,22.9,24.4,2.9,18.7,18.94,87,1012.8,71,22.1,Lagos
2000-08-08,26.8,23.3,24.4,4.0,18.1,15.84,87,1012.4,95,22.1,Lagos
2000-08-09,24.9,22.9,23.6,47.2,19.1,5.57,92,1013.3,100,22.2,Lagos
2000-08-10,25.8,23.0,24.1,4.8,15.5,14.81,90,1014.1,79,22.3,Lagos
2000-08-11,26.6,23.1,24.6,0.5,19.7,17.0,86,1013.4,58,22.1,Lagos
2000-08-12,25.9,23.4,24.5,2.4,22.4,14.2,86,1011.8,83,22.0,Lagos
2000-08-13,26.2,23.3,24.5,0.9,19.4,15.88,86,1012.2,94,22.0,Lagos
2000-08-14,25.5,23.5,24.2,3.2,17.6,8.31,87,1012.9,80,21.9,Lagos
2000-08-15,26.6,23.1,24.5,0.3,19.3,17.42,86,1013.5,83,22.0,Lagos
2000-08-16,26.3,23.8,24.4,0.3,20.9,11.69,86,1013.1,95,21.9,Lagos
2000-08-17,25.3,23.6,24.2,2.7,17.4,9.76,86,1013.2,91,21.7,Lagos
2000-08-18,25.5,23.3,24.1,2.2,23.5,16.28,84,1013.3,66,21.3,Lagos
2000-08-19,26.6,23.1,24.4,0.3,20.2,19.89,81,1014.6,48,20.9,Lagos
2000-08-20,26.6,22.0,24.2,0.0,18.2,16.65,81,1013.9,55,20.7,Lagos
2000-08-21,26.3,23.4,24.6,0.0,20.5,12.85,82,1013.1,92,21.4,Lagos
2000-08-22,26.1,23.5,24.6,1.1,20.9,12.55,84,1012.8,77,21.7,Lagos
2000-08-23,26.0,23.4,24.5,6.9,17.6,15.71,87,1013.6,81,22.1,Lagos
2000-08-24,27.3,23.5,24.8,4.4,17.1,16.45,87,1013.9,77,22.4,Lagos
2000-08-25,25.8,23.4,24.5,2.0,19.6,13.95,89,1012.2,89,22.5,Lagos
2000-08-26,26.7,23.6,24.7,2.9,17.6,14.76,87,1011.2,82,22.3,Lagos
2000-08-27,26.9,23.2,24.8,1.3,19.1,17.83,87,1011.0,64,22.4,Lagos
2000-08-28,26.1,23.8,24.5,7.7,15.2,8.52,88,1010.8,91,22.4,Lagos
2000-08-29,27.3,23.6,25.1,0.3,14.6,17.52,86,1011.0,91,22.5,Lagos
2000-08-30,27.5,24.2,25.5,1.1,15.3,17.78,85,1010.3,85,22.8,Lagos
2000-08-31,26.6,24.1,25.0,5.1,16.1,14.64,87,1010.2,80,22.8,Lagos
2000-09-01,27.8,23.6,25.3,1.3,16.6,19.2,85,1010.5,78,22.5,Lagos
2000-09-02,27.9,24.2,25.5,1.0,18.5,16.1,86,1010.5,91,23.0,Lagos
2000-09-03,28.0,24.5,25.7,0.0,19.5,20.0,85,1010.1,86,23.0,Lagos
2000-09-04,27.5,24.0,25.4,1.0,15.8,19.23,87,1010.3,72,23.0,Lagos
2000-09-05,26.0,23.8,24.7,3.5,15.3,10.69,89,1010.9,99,22.7,Lagos
2000-09-06,26.6,23.6,24.6,10.1,21.2,12.13,89,1010.5,97,22.6,Lagos
2000-09-07,26.1,23.7,24.7,8.9,19.0,11.2,87,1009.9,100,22.5,Lagos
2000-09-08,26.9,23.5,24.8,6.7,17.8,15.43,88,1008.9,96,22.7,Lagos
2000-09-09,27.1,23.9,25.2,2.3,20.9,17.04,86,1010.1,89,22.6,Lagos
2000-09-10,26.5,23.6,24.6,7.6,17.7,11.53,89,1010.6,98,22.6,Lagos
2000-09-11,25.2,23.9,24.3,13.0,12.7,6.49,92,1009.6,100,23.0,Lagos
2000-09-12,25.5,23.2,24.2,10.2,14.4,11.88,90,1010.3,99,22.4,Lagos
2000-09-13,27.6,23.4,24.8,6.4,13.0,15.91,87,1011.7,94,22.5,Lagos
2000-09-14,26.5,23.4,24.6,5.0,15.6,13.5,89,1012.1,93,22.7,Lagos
2000-09-15,25.5,23.5,24.1,14.2,16.9,9.17,90,1012.4,94,22.4,Lagos
2000-09-16,26.6,22.8,24.4,7.9,14.8,16.75,87,1012.6,76,22.1,Lagos
2000-09-17,26.2,23.2,24.4,6.4,15.3,13.6,88,1012.0,73,22.3,Lagos
2000-09-18,26.7,23.1,24.6,7.5,14.8,15.2,89,1012.1,72,22.5,Lagos
2000-09-19,26.5,23.3,24.7,10.8,13.1,15.45,88,1011.6,92,22.6,Lagos
2000-09-20,26.9,23.5,24.9,3.0,16.3,15.81,88,1011.1,98,22.6,Lagos
2000-09-21,27.4,23.3,24.9,5.4,14.8,15.29,88,1011.2,94,22.7,Lagos
2000-09-22,27.6,24.0,25.4,1.2,18.1,19.34,87,1011.2,69,23.0,Lagos
2000-09-23,26.5,23.9,25.1,5.1,17.2,16.02,88,1010.6,78,22.9,Lagos
2000-09-24,26.6,23.4,24.8,10.1,12.9,13.24,87,1010.9,96,22.5,Lagos
2000-09-25,26.1,23.0,24.8,10.3,15.5,13.64,88,1011.2,93,22.8,Lagos
2000-09-26,26.8,24.1,25.2,1.2,17.4,15.79,86,1011.6,86,22.8,Lagos
2000-09-27,28.0,24.0,25.3,6.7,18.2,16.8,86,1010.9,95,22.9,Lagos
2000-09-28,26.3,23.1,24.6,9.1,15.3,12.63,89,1011.1,91,22.5,Lagos
2000-09-29,27.2,23.7,25.3,2.3,17.6,16.52,85,1011.1,83,22.5,Lagos
2000-09-30,27.1,23.4,24.8,9.8,13.6,13.48,87,1011.8,89,22.6,Lagos
2000-10-01,26.9,23.3,24.5,8.6,13.0,12.66,89,1012.5,96,22.6,Lagos
2000-10-02,27.0,23.2,25.1,1.9,17.0,13.76,86,1012.2,97,22.5,Lagos
2000-10-03,27.6,24.0,25.5,1.0,15.8,18.38,84,1010.7,79,22.6,Lagos
2000-10-04,27.5,23.8,25.3,1.6,17.9,17.1,86,1010.2,75,22.8,Lagos
2000-10-05,28.0,23.6,25.2,9.6,16.8,17.77,88,1010.6,93,23.0,Lagos
2000-10-06,27.1,24.2,25.5,2.7,15.1,13.71,86,1010.8,96,23.0,Lagos
2000-10-07,27.2,24.1,25.1,11.5,14.7,12.44,89,1011.3,94,23.1,Lagos
2000-10-08,26.2,23.0,24.6,13.2,16.4,13.89,90,1011.6,90,22.9,Lagos
2000-10-09,26.7,23.6,24.6,10.0,18.7,15.07,90,1011.2,88,22.9,Lagos
2000-10-10,27.3,23.3,25.1,1.3,15.1,19.41,86,1011.2,61,22.5,Lagos
2000-10-11,28.1,23.3,25.4,3.1,13.8,18.71,85,1010.8,59,22.7,Lagos
2000-10-12,28.2,24.2,25.8,4.1,15.1,18.69,85,1011.3,76,23.1,Lagos
2000-10-13,28.7,23.8,25.9,4.6,14.6,19.93,85,1011.1,68,23.2,Lagos
2000-10-14,28.7,24.6,26.1,0.5,18.8,19.93,84,1010.3,61,23.2,Lagos
2000-10-15,28.1,24.5,26.1,0.7,16.1,20.74,84,1010.4,50,23.2,Lagos
2000-10-16,28.7,24.4,26.3,0.7,14.7,20.58,84,1011.7,40,23.3,Lagos
2000-10-17,28.3,24.8,26.1,5.0,13.0,17.05,87,1012.8,93,23.7,Lagos
2000-10-18,29.0,24.6,26.2,2.8,14.8,17.88,86,1012.3,81,23.5,Lagos
2000-10-19,27.9,24.9,26.0,2.8,16.0,15.64,86,1011.5,78,23.5,Lagos
2000-10-20,28.8,24.3,26.2,1.2,14.7,21.05,85,1010.8,36,23.5,Lagos
2000-10-21,28.0,24.8,26.0,0.3,15.6,17.71,87,1011.0,52,23.7,Lagos
2000-10-22,28.0,24.3,25.9,4.9,12.1,17.62,87,1011.2,67,23.5,Lagos
2000-10-23,28.8,24.3,26.0,3.7,13.4,18.08,86,1010.5,66,23.5,Lagos
2000-10-24,28.6,24.7,26.2,4.3,14.2,17.15,86,1009.5,80,23.5,Lagos
2000-10-25,28.6,24.8,26.5,0.3,11.4,18.76,84,1009.7,42,23.5,Lagos
2000-10-26,29.1,24.4,26.6,0.5,10.8,19.18,85,1009.7,31,23.8,Lagos
2000-10-27,28.6,25.0,26.3,9.2,11.0,13.74,87,1010.1,81,24.0,Lagos
2000-10-28,28.9,24.3,25.9,10.7,11.5,13.9,88,1010.9,99,23.8,Lagos
2000-10-29,28.8,24.3,26.3,1.2,9.0,16.35,85,1011.2,96,23.4,Lagos
2000-10-30,28.4,25.2,26.5,0.6,10.9,13.29,85,1010.5,94,23.7,Lagos
2000-10-31,29.2,25.1,26.6,3.1,13.3,17.82,85,1010.0,44,24.0,Lagos
2000-11-01,27.8,24.4,26.2,4.4,12.1,16.33,87,1009.3,61,23.8,Lagos
2000-11-02,29.3,24.4,26.4,4.7,9.2,17.81,86,1008.6,70,23.9,Lagos
2000-11-03,28.7,24.5,26.7,0.5,13.0,11.06,86,1007.8,75,24.1,Lagos
2000-11-04,28.1,25.7,26.7,4.1,13.6,14.23,87,1008.0,79,24.3,Lagos
2000-11-05,29.6,25.4,26.9,6.0,14.0,18.1,85,1008.9,63,24.0,Lagos
2000-11-06,29.3,25.2,27.0,2.0,9.9,18.35,85,1008.7,90,24.2,Lagos
2000-11-07,29.0,24.9,26.9,0.4,11.2,16.99,85,1007.3,93,24.1,Lagos
2000-11-08,29.6,24.6,27.1,1.4,10.8,19.15,84,1005.8,42,24.1,Lagos
2000-11-09,29.2,25.4,27.0,0.5,13.2,17.39,86,1006.6,47,24.5,Lagos
2000-11-10,30.5,25.5,27.5,0.0,16.9,20.16,83,1006.8,27,24.3,Lagos
2000-11-11,30.1,25.4,27.4,0.9,15.3,19.63,83,1008.0,32,24.1,Lagos
2000-11-12,30.2,25.2,27.4,1.4,9.6,19.2,84,1007.7,79,24.4,Lagos
2000-11-13,31.2,25.7,27.8,0.3,17.7,20.45,82,1006.8,29,24.3,Lagos
2000-11-14,30.2,25.7,27.5,1.1,18.8,17.61,83,1007.4,32,24.1,Lagos
2000-11-15,29.0,25.5,27.0,2.4,16.5,16.65,83,1009.6,79,23.9,Lagos
2000-11-16,30.5,24.6,27.2,0.0,13.1,20.18,80,1009.4,62,23.3,Lagos
2000-11-17,30.1,24.9,27.3,1.0,14.7,19.35,82,1009.1,62,23.9,Lagos
2000-11-18,27.5,25.5,26.4,1.9,19.1,12.69,86,1008.9,87,23.9,Lagos
2000-11-19,29.1,24.4,26.7,4.4,15.5,16.82,83,1009.4,56,23.6,Lagos
2000-11-20,30.0,25.6,27.5,0.0,13.8,14.88,82,1010.0,59,23.9,Lagos
2000-11-21,30.2,25.7,27.5,0.5,15.1,18.48,83,1010.4,30,24.2,Lagos
2000-11-22,28.3,25.2,26.7,1.5,13.1,15.12,87,1010.2,39,24.3,Lagos
2000-11-23,29.5,25.0,27.0,1.6,15.6,17.77,84,1010.4,36,23.9,Lagos
2000-11-24,30.2,24.9,27.2,1.1,18.5,18.29,82,1010.2,25,23.7,Lagos
2000-11-25,29.6,24.7,27.1,1.1,13.6,17.74,84,1010.3,55,24.1,Lagos
2000-11-26,29.2,24.8,26.8,3.9,13.5,16.13,85,1011.0,39,24.0,Lagos
2000-11-27,30.3,25.6,27.4,2.1,16.4,18.05,82,1011.3,28,24.0,Lagos
2000-11-28,29.1,25.5,27.0,1.6,15.4,15.46,85,1010.9,34,24.3,Lagos
2000-11-29,29.1,25.1,26.8,1.1,13.9,16.67,86,1010.9,52,24.2,Lagos
2000-11-30,30.1,25.0,27.1,0.2,14.3,18.38,82,1010.4,41,23.7,Lagos
2000-12-01,29.8,24.8,27.1,0.6,13.5,17.92,83,1010.5,35,23.9,Lagos
2000-12-02,30.1,25.0,27.2,0.9,16.3,18.87,81,1011.0,38,23.6,Lagos
2000-12-03,30.7,25.1,27.4,0.2,14.7,18.63,79,1010.8,29,23.3,Lagos
2000-12-04,31.2,25.0,27.5,0.0,12.0,19.56,78,1009.9,28,23.2,Lagos
2000-12-05,31.6,24.9,27.7,0.0,12.1,20.36,77,1009.9,50,22.9,Lagos
2000-12-06,31.4,24.7,27.6,0.0,12.2,19.77,77,1010.1,93,22.9,Lagos
2000-12-07,32.1,24.8,27.8,0.0,13.0,21.34,74,1010.3,59,22.4,Lagos
2000-12-08,32.1,24.8,27.8,0.0,14.5,21.43,74,1010.1,69,22.5,Lagos
2000-12-09,31.6,24.9,27.8,0.0,13.5,19.49,76,1010.0,48,22.8,Lagos
2000-12-10,30.8,25.1,27.3,0.1,12.9,17.85,80,1009.8,30,23.3,Lagos
2000-12-11,31.2,24.8,27.4,0.0,11.2,17.2,77,1010.4,58,22.6,Lagos
2000-12-12,31.7,24.7,27.4,0.0,12.6,19.85,76,1010.4,27,22.4,Lagos
2000-12-13,31.6,23.3,27.2,0.0,15.1,21.17,75,1009.0,16,21.9,Lagos
2000-12-14,32.2,23.4,27.3,0.0,12.8,21.96,68,1008.7,8,20.0,Lagos
2000-12-15,32.0,23.2,27.2,0.0,12.6,22.02,60,1008.3,24,17.2,Lagos
2000-12-16,32.0,21.8,27.1,0.0,12.6,21.87,67,1007.6,0,19.8,Lagos
2000-12-17,31.8,23.0,27.0,0.0,14.1,21.47,74,1008.1,20,21.6,Lagos
2000-12-18,32.0,23.4,27.2,0.0,16.4,20.55,78,1008.5,23,22.5,Lagos
2000-12-19,31.7,25.2,27.6,0.0,18.1,18.53,79,1008.9,45,23.5,Lagos
2000-12-20,29.5,25.7,27.3,2.8,21.4,14.45,83,1008.9,94,24.2,Lagos
2000-12-21,28.8,25.2,26.8,3.3,20.4,13.41,84,1010.0,94,23.9,Lagos
2000-12-22,29.1,24.9,26.8,3.0,17.1,15.03,84,1010.6,65,23.9,Lagos
2000-12-23,28.5,24.9,26.5,2.3,17.4,16.23,85,1010.7,64,23.7,Lagos
2000-12-24,29.7,24.7,26.9,1.4,17.8,15.53,83,1010.5,71,23.6,Lagos
2000-12-25,30.1,25.1,27.1,0.9,17.7,18.17,82,1010.4,30,23.7,Lagos
2000-12-26,30.1,25.1,27.2,0.3,16.0,17.45,81,1010.2,28,23.5,Lagos
2000-12-27,30.0,25.4,27.2,0.9,16.7,17.86,83,1010.6,31,24.0,Lagos
2000-12-28,29.8,25.4,27.1,1.5,18.1,16.59,82,1010.7,33,23.7,Lagos
2000-12-29,29.3,25.2,26.8,1.0,17.5,16.2,83,1010.1,37,23.7,Lagos
2000-12-30,29.4,25.0,26.7,3.1,17.0,17.03,84,1009.4,32,23.6,Lagos
2000-12-31,29.5,24.2,26.5,3.7,15.3,16.83,84,1009.7,54,23.6,Lagos
2001-01-01,29.5,24.9,26.5,0.5,15.3,16.68,84,1009.8,58,23.5,Lagos
2001-01-02,30.7,24.9,27.1,0.3,16.6,18.52,81,1009.8,65,23.4,Lagos
2001-01-03,29.6,24.6,26.7,0.9,16.9,17.36,84,1010.4,86,23.7,Lagos
2001-01-04,30.4,24.2,26.7,1.0,17.2,18.39,82,1010.0,35,23.3,Lagos
2001-01-05,29.1,24.8,26.7,1.1,14.5,17.14,82,1010.2,35,23.3,Lagos
2001-01-06,29.7,24.4,26.8,0.5,12.6,17.85,83,1010.5,69,23.4,Lagos
2001-01-07,30.0,24.8,26.9,0.0,12.6,18.71,80,1010.4,77,23.0,Lagos
2001-01-08,31.2,23.7,26.8,0.0,16.2,20.65,78,1009.6,52,22.4,Lagos
2001-01-09,30.8,23.3,26.7,0.0,12.4,19.65,78,1009.3,62,22.2,Lagos
2001-01-10,31.5,24.4,27.2,0.0,15.3,20.26,77,1008.6,73,22.4,Lagos
2001-01-11,31.8,24.2,27.3,0.0,17.4,21.31,76,1008.8,7,22.3,Lagos
2001-01-12,31.8,24.7,27.4,0.0,15.8,19.84,78,1009.2,23,22.8,Lagos
2001-01-13,30.5,24.8,27.4,0.1,17.3,18.24,80,1009.2,28,23.4,Lagos
2001-01-14,29.9,24.8,27.0,1.0,14.8,17.96,82,1008.5,34,23.7,Lagos
2001-01-15,29.5,25.1,26.8,2.0,16.8,17.72,84,1008.7,53,23.7,Lagos
2001-01-16,30.8,25.5,27.6,0.2,15.8,18.91,81,1009.5,58,23.9,Lagos
2001-01-17,30.5,25.3,27.4,1.6,20.8,17.47,82,1009.2,54,24.0,Lagos
2001-01-18,30.5,25.4,27.5,0.8,19.3,18.16,82,1008.9,43,23.9,Lagos
2001-01-19,29.3,25.6,27.0,1.5,15.3,15.96,83,1009.9,43,23.8,Lagos
2001-01-20,30.6,25.0,27.1,0.0,16.6,19.67,82,1010.1,50,23.6,Lagos
2001-01-21,31.6,25.3,27.4,0.0,17.9,19.89,80,1010.2,90,23.5,Lagos
2001-01-22,30.8,25.2,27.2,0.1,17.2,18.79,80,1010.1,75,23.2,Lagos
2001-01-23,31.6,25.2,27.3,0.0,17.1,19.59,79,1010.6,69,23.0,Lagos
2001-01-24,31.0,24.7,27.0,0.0,15.2,20.72,79,1011.3,36,22.6,Lagos
2001-01-25,31.4,24.3,27.0,0.0,15.2,21.87,77,1011.3,71,22.2,Lagos
2001-01-26,31.8,24.6,27.2,0.0,15.8,21.67,77,1010.5,43,22.3,Lagos
2001-01-27,32.2,24.4,27.4,0.0,17.6,22.53,76,1009.8,83,22.3,Lagos
2001-01-28,31.3,25.2,27.4,0.0,16.5,19.63,78,1009.6,50,22.9,Lagos
2001-01-29,30.9,24.5,27.3,0.5,17.0,19.78,80,1008.8,26,23.3,Lagos
2001-01-30,31.1,25.5,27.6,2.0,17.1,19.27,79,1008.9,28,23.6,Lagos
2001-01-31,31.2,24.7,27.6,2.2,16.3,19.19,81,1008.4,48,23.9,Lagos
2001-02-01,31.8,25.7,28.0,0.8,19.3,19.61,79,1007.5,28,23.9,Lagos
2001-02-02,30.8,26.0,28.0,1.9,17.6,18.68,81,1007.2,28,24.2,Lagos
2001-02-03,30.7,25.8,27.7,0.7,16.0,17.54,82,1008.1,69,24.1,Lagos
2001-02-04,30.3,25.7,27.5,0.8,16.4,19.14,82,1008.6,32,24.1,Lagos
2001-02-05,31.5,25.3,27.3,0.0,15.9,21.94,78,1008.7,38,22.8,Lagos
2001-02-06,31.1,25.0,27.0,0.0,15.0,22.39,79,1009.9,61,22.8,Lagos
2001-02-07,31.5,24.6,26.9,0.0,15.5,22.32,79,1009.7,48,22.5,Lagos
2001-02-08,31.3,24.5,26.9,0.0,16.5,22.44,80,1008.9,35,22.7,Lagos
2001-02-09,32.5,24.2,27.1,0.0,17.8,23.29,78,1008.1,23,22.3,Lagos
2001-02-10,32.1,24.0,27.0,0.0,18.1,22.23,78,1008.8,38,22.4,Lagos
2001-02-11,32.4,24.0,27.3,0.0,17.1,22.01,76,1008.9,57,22.2,Lagos
2001-02-12,33.3,24.1,27.9,0.0,15.7,24.03,68,1009.0,17,20.0,Lagos
2001-02-13,33.6,23.6,27.9,0.0,13.8,24.87,56,1008.9,12,15.5,Lagos
2001-02-14,33.3,22.7,27.4,0.0,15.9,24.33,40,1008.4,69,10.5,Lagos
2001-02-15,33.5,22.8,27.9,0.0,14.1,24.67,45,1008.5,9,12.7,Lagos
2001-02-16,33.5,21.8,27.6,0.0,18.2,24.6,61,1008.9,6,18.6,Lagos
2001-02-17,32.7,22.7,27.5,0.0,18.7,23.1,73,1009.5,83,21.8,Lagos
2001-02-18,32.5,24.4,28.0,0.0,19.8,21.88,75,1009.2,21,22.9,Lagos
2001-02-19,32.1,26.0,28.2,0.4,16.0,20.36,78,1009.5,32,23.8,Lagos
2001-02-20,31.6,26.1,27.9,2.6,20.6,19.67,82,1009.4,59,24.4,Lagos
2001-02-21,30.9,26.5,28.0,1.5,15.7,19.72,81,1009.8,62,24.4,Lagos
2001-02-22,30.8,25.4,28.0,0.2,15.9,19.61,81,1009.0,28,24.3,Lagos
2001-02-23,30.6,26.3,28.0,0.4,16.3,19.75,80,1007.7,24,24.1,Lagos
2001-02-24,30.5,25.9,27.9,3.1,13.0,19.94,82,1006.9,48,24.4,Lagos
2001-02-25,31.3,26.2,28.2,1.1,18.7,19.94,82,1006.6,68,24.7,Lagos
2001-02-26,31.4,26.5,28.5,0.8,20.7,19.78,80,1006.6,37,24.5,Lagos
2001-02-27,31.7,26.5,28.6,1.0,21.4,18.75,79,1006.6,44,24.5,Lagos
2001-02-28,31.1,27.0,28.7,2.0,20.7,18.11,79,1007.3,73,24.6,Lagos
2001-03-01,30.3,27.0,27.9,6.8,18.4,17.16,82,1008.7,72,24.6,Lagos
2001-03-02,31.4,26.4,28.5,0.2,17.6,19.74,80,1009.4,84,24.5,Lagos
2001-03-03,31.5,26.7,28.6,1.4,18.5,20.17,80,1009.2,30,24.7,Lagos
2001-03-04,30.7,27.1,28.2,3.7,21.6,18.61,82,1009.0,59,24.8,Lagos
2001-03-05,30.3,26.7,27.8,4.2,17.7,18.9,83,1009.9,83,24.6,Lagos
2001-03-06,31.8,26.5,28.6,0.4,20.2,20.39,78,1009.5,58,24.3,Lagos
2001-03-07,31.8,26.5,28.7,1.0,20.4,21.11,78,1009.3,29,24.4,Lagos
2001-03-08,30.0,25.0,27.7,4.5,17.7,19.27,82,1009.1,76,24.2,Lagos
2001-03-09,30.5,25.5,27.8,3.1,17.0,20.25,81,1009.0,45,24.0,Lagos
2001-03-10,29.8,25.5,27.4,6.2,19.6,18.9,83,1009.5,68,24.2,Lagos
2001-03-11,29.6,25.5,27.1,6.5,15.6,17.98,83,1009.9,59,24.0,Lagos
2001-03-12,30.1,25.9,27.6,7.5,14.3,17.23,82,1009.3,54,24.3,Lagos
2001-03-13,29.9,26.7,27.5,6.8,16.9,17.02,83,1008.1,64,24.4,Lagos
2001-03-14,30.7,25.7,28.0,2.1,14.0,20.6,81,1007.5,93,24.3,Lagos
2001-03-15,30.4,26.2,28.0,1.5,19.4,19.44,80,1007.5,91,24.2,Lagos
2001-03-16,30.5,26.6,28.1,2.1,18.1,19.97,81,1008.1,98,24.5,Lagos
2001-03-17,29.6,25.9,27.4,10.0,21.6,17.56,84,1007.3,89,24.5,Lagos
2001-03-18,30.0,26.0,27.5,4.5,19.2,19.83,81,1007.9,84,23.9,Lagos
2001-03-19,30.3,26.3,27.4,6.6,15.9,17.78,83,1009.0,87,24.1,Lagos
2001-03-20,28.8,25.7,26.9,9.8,15.0,14.61,86,1009.3,88,24.3,Lagos
2001-03-21,30.7,26.5,28.0,0.2,21.3,20.03,82,1007.7,56,24.6,Lagos
2001-03-22,29.3,26.3,27.3,3.5,17.4,18.34,85,1007.6,84,24.6,Lagos
2001-03-23,29.6,26.4,27.5,0.9,13.9,20.1,82,1008.9,61,24.2,Lagos
2001-03-24,30.8,26.2,28.0,0.9,14.7,21.45,81,1008.8,35,24.3,Lagos
2001-03-25,30.9,26.6,28.2,2.2,15.4,20.05,80,1008.1,42,24.4,Lagos
2001-03-26,31.1,26.6,28.4,0.5,21.1,21.21,80,1007.4,49,24.4,Lagos
2001-03-27,31.6,26.6,28.1,3.2,24.1,20.72,81,1007.3,61,24.3,Lagos
2001-03-28,28.8,26.3,27.2,10.3,21.5,15.71,84,1008.2,97,24.2,Lagos
2001-03-29,29.7,26.0,27.6,1.9,17.6,18.66,83,1008.9,96,24.5,Lagos
2001-03-30,29.6,26.0,27.6,1.7,20.0,18.82,83,1008.1,97,24.3,Lagos
2001-03-31,30.4,26.5,28.0,1.2,20.6,20.36,81,1006.8,90,24.4,Lagos
2001-04-01,29.7,26.0,27.4,4.6,21.7,17.79,85,1008.3,95,24.5,Lagos
2001-04-02,30.3,26.0,27.3,10.8,24.3,19.07,84,1008.3,99,24.4,Lagos
2001-04-03,27.5,24.5,26.0,32.9,16.3,8.46,88,1008.6,100,23.8,Lagos
2001-04-04,29.6,24.8,26.8,8.9,16.0,16.35,84,1008.8,95,23.9,Lagos
2001-04-05,29.1,26.0,26.9,8.6,17.4,11.69,85,1009.5,98,24.2,Lagos
2001-04-06,30.3,25.3,27.9,0.8,14.6,20.41,82,1009.6,97,24.4,Lagos
2001-04-07,30.6,25.9,28.3,0.5,16.7,22.0,80,1009.0,57,24.4,Lagos
2001-04-08,30.9,26.7,28.3,1.1,14.4,21.61,82,1008.9,74,24.8,Lagos
2001-04-09,30.3,26.8,28.2,1.0,15.3,20.4,84,1007.6,49,25.1,Lagos
2001-04-10,30.8,27.1,28.2,5.7,18.3,20.66,83,1007.2,81,25.0,Lagos
2001-04-11,30.1,27.3,28.3,2.5,14.5,16.95,83,1007.1,80,25.1,Lagos
2001-04-12,30.9,27.0,28.3,3.2,15.8,21.06,82,1007.7,79,24.9,Lagos
2001-04-13,29.5,25.9,27.2,9.5,15.0,15.35,87,1007.7,99,24.8,Lagos
2001-04-14,30.8,26.2,28.1,0.0,14.0,20.06,80,1007.2,76,24.2,Lagos
2001-04-15,30.6,26.6,28.3,0.1,15.8,20.8,80,1008.2,84,24.5,Lagos
2001-04-16,28.4,26.1,26.8,11.5,16.0,10.36,87,1009.6,100,24.5,Lagos
2001-04-17,29.9,25.0,27.5,4.3,15.3,17.15,84,1009.3,83,24.5,Lagos
2001-04-18,27.6,25.0,26.2,17.4,15.6,7.67,89,1009.4,95,24.2,Lagos
2001-04-19,29.3,24.4,26.7,0.9,13.8,19.07,85,1009.2,76,23.8,Lagos
2001-04-20,30.0,25.9,27.8,0.0,15.3,19.16,81,1009.4,90,24.1,Lagos
2001-04-21,29.7,25.8,27.7,3.0,18.8,18.34,83,1009.1,90,24.5,Lagos
2001-04-22,28.7,25.0,26.7,4.7,20.4,17.59,86,1008.5,99,24.2,Lagos
2001-04-23,29.6,25.3,27.3,3.3,15.3,19.73,84,1007.7,94,24.4,Lagos
2001-04-24,29.8,26.0,27.7,2.7,17.5,17.61,85,1008.3,93,24.8,Lagos
2001-04-25,28.6,25.9,27.0,7.0,14.3,11.66,86,1009.4,98,24.4,Lagos
2001-04-26,29.6,25.4,27.4,4.0,14.3,16.79,84,1009.5,96,24.4,Lagos
2001-04-27,30.1,26.0,28.1,1.1,16.2,20.78,80,1008.8,65,24.4,Lagos
2001-04-28,29.8,26.0,27.8,10.5,20.4,20.12,83,1008.2,86,24.5,Lagos
2001-04-29,28.0,25.3,26.7,7.0,14.1,8.29,88,1008.5,100,24.5,Lagos
2001-04-30,29.7,25.4,27.2,5.2,14.1,18.53,84,1009.2,77,24.3,Lagos
2001-05-01,29.8,25.8,27.3,3.5,11.0,16.37,86,1009.9,81,24.7,Lagos
2001-05-02,30.1,26.3,27.6,6.6,15.9,16.02,86,1009.1,73,25.0,Lagos
2001-05-03,28.8,24.9,26.7,6.9,17.1,9.99,88,1008.0,100,24.5,Lagos
2001-05-04,29.9,25.2,27.4,2.9,19.7,18.77,86,1007.7,94,24.7,Lagos
2001-05-05,30.0,26.3,27.8,1.6,16.7,20.59,82,1009.3,77,24.5,Lagos
2001-05-06,29.5,25.5,27.3,1.9,13.3,19.83,85,1009.4,78,24.5,Lagos
2001-05-07,30.6,26.2,28.0,2.9,14.7,19.21,82,1008.7,71,24.6,Lagos
2001-05-08,29.5,26.3,27.6,6.1,17.8,14.9,86,1008.8,91,25.0,Lagos
2001-05-09,29.9,25.7,27.2,11.4,17.1,16.5,88,1008.4,97,25.0,Lagos
2001-05-10,29.4,25.5,27.1,6.7,15.6,16.84,88,1008.4,93,24.8,Lagos
2001-05-11,30.3,25.9,27.9,1.2,15.5,18.97,83,1008.8,81,24.8,Lagos
2001-05-12,29.0,26.7,27.3,8.9,17.4,14.84,85,1009.6,96,24.6,Lagos
2001-05-13,29.6,25.9,27.5,0.7,17.3,14.8,84,1010.1,90,24.5,Lagos
2001-05-14,28.3,25.7,27.0,8.3,17.5,13.48,87,1009.5,99,24.6,Lagos
2001-05-15,28.4,25.0,26.4,10.7,13.5,14.22,88,1010.6,100,24.2,Lagos
2001-05-16,29.9,24.9,27.3,3.7,9.3,19.82,85,1010.4,80,24.6,Lagos
2001-05-17,29.6,25.6,27.6,1.2,13.8,18.48,84,1010.2,85,24.5,Lagos
2001-05-18,29.8,25.4,27.4,4.1,14.7,17.57,86,1009.7,72,24.9,Lagos
2001-05-19,28.9,25.6,26.8,8.3,15.1,16.33,87,1009.5,87,24.4,Lagos
2001-05-20,28.8,25.0,26.4,10.2,13.1,15.13,87,1010.6,97,24.1,Lagos
2001-05-21,29.4,24.7,26.5,12.4,12.5,16.36,85,1010.4,87,23.8,Lagos
2001-05-22,29.2,24.5,26.7,7.5,10.8,17.69,87,1010.1,90,24.3,Lagos
2001-05-23,29.7,25.4,27.0,13.3,11.6,17.55,86,1010.8,80,24.3,Lagos
2001-05-24,28.6,24.9,26.4,13.2,17.0,14.07,87,1011.5,96,24.0,Lagos
2001-05-25,29.3,24.4,26.4,13.9,14.9,18.25,87,1011.1,75,24.1,Lagos
2001-05-26,28.4,24.5,26.5,9.5,13.0,16.02,86,1010.5,98,23.8,Lagos
2001-05-27,27.8,24.4,26.0,7.1,12.4,11.26,87,1011.2,95,23.7,Lagos
2001-05-28,28.7,25.0,26.5,8.2,11.7,15.06,87,1011.9,95,24.1,Lagos
2001-05-29,28.3,24.6,26.3,12.8,11.0,12.91,88,1011.4,100,24.2,Lagos
2001-05-30,26.9,24.3,25.4,22.1,13.3,9.96,90,1010.6,100,23.7,Lagos
2001-05-31,27.7,24.0,25.8,6.9,19.9,15.45,87,1010.1,82,23.5,Lagos
2001-06-01,28.7,24.2,25.7,16.2,17.7,16.63,87,1010.6,93,23.2,Lagos
2001-06-02,26.8,24.1,25.0,25.7,11.9,7.42,89,1011.1,99,23.1,Lagos
2001-06-03,26.9,23.4,25.2,15.3,13.7,12.21,89,1010.8,96,23.2,Lagos
2001-06-04,28.8,24.0,26.4,1.2,13.0,19.33,85,1011.1,55,23.6,Lagos
2001-06-05,26.8,24.1,25.3,8.0,13.4,12.3,90,1011.7,94,23.5,Lagos
2001-06-06,27.7,23.5,25.6,7.6,9.5,14.98,88,1011.6,95,23.3,Lagos
2001-06-07,27.7,24.0,25.6,5.7,14.6,13.5,86,1011.3,97,23.0,Lagos
2001-06-08,28.9,24.2,26.1,5.4,16.8,17.47,83,1010.9,41,22.9,Lagos
2001-06-09,27.6,24.0,25.4,7.1,17.3,18.11,88,1011.6,50,23.3,Lagos
2001-06-10,26.9,23.7,25.1,6.9,14.6,15.46,89,1012.0,65,23.0,Lagos
2001-06-11,26.9,23.9,25.0,12.3,13.0,13.0,88,1011.7,84,22.9,Lagos
2001-06-12,27.7,24.0,25.5,5.5,13.8,15.51,87,1011.3,79,23.0,Lagos
2001-06-13,26.2,23.9,25.2,12.2,12.8,11.93,88,1011.1,86,23.0,Lagos
2001-06-14,27.8,23.6,25.5,4.0,14.8,17.9,88,1010.6,82,23.3,Lagos
2001-06-15,27.5,24.0,25.7,6.8,14.6,16.34,87,1010.7,79,23.3,Lagos
2001-06-16,27.7,24.1,25.9,7.2,20.2,16.7,85,1010.8,68,23.2,Lagos
2001-06-17,27.4,24.5,25.7,12.2,16.8,13.89,86,1010.3,76,23.2,Lagos
2001-06-18,26.0,23.9,24.7,18.8,13.0,9.24,91,1010.9,87,23.1,Lagos
2001-06-19,27.4,23.7,25.4,4.4,14.7,17.38,88,1011.5,70,23.2,Lagos
2001-06-20,28.5,24.7,26.2,1.6,14.8,18.57,84,1011.7,79,23.3,Lagos
2001-06-21,28.2,24.9,26.2,1.2,15.1,18.75,85,1011.6,75,23.5,Lagos
2001-06-22,26.2,23.9,24.9,22.5,14.3,11.22,90,1012.9,99,23.1,Lagos
2001-06-23,26.8,23.4,24.9,13.3,17.9,12.79,89,1013.1,95,22.9,Lagos
2001-06-24,27.1,24.0,25.1,9.9,13.0,12.86,89,1013.7,93,23.1,Lagos
2001-06-25,27.5,23.4,25.0,11.9,15.9,13.76,89,1013.9,90,23.1,Lagos
2001-06-26,27.5,23.8,25.2,7.2,16.5,13.5,88,1013.9,91,23.1,Lagos
2001-06-27,27.3,24.1,25.4,7.5,18.8,13.75,87,1013.3,92,23.0,Lagos
2001-06-28,25.6,23.7,24.6,21.1,17.3,8.9,90,1013.7,99,22.8,Lagos
2001-06-29,27.1,23.5,25.0,9.4,13.0,14.46,89,1013.2,96,23.1,Lagos
2001-06-30,27.4,23.7,24.9,8.3,15.2,15.36,88,1012.1,75,22.7,Lagos
2001-07-01,27.2,23.5,25.2,3.3,14.0,17.53,86,1012.1,66,22.6,Lagos
2001-07-02,27.1,23.9,25.4,3.1,14.5,16.52,87,1012.4,76,22.9,Lagos
2001-07-03,26.5,24.0,24.9,5.8,14.8,11.53,89,1012.7,95,23.0,Lagos
2001-07-04,25.7,23.8,24.7,8.8,18.8,8.07,89,1013.0,99,22.7,Lagos
2001-07-05,26.2,23.7,24.8,8.5,19.7,12.12,88,1013.1,81,22.7,Lagos
2001-07-06,26.5,23.4,24.7,4.5,18.7,13.56,89,1012.9,60,22.7,Lagos
2001-07-07,26.9,23.6,25.1,5.6,15.1,14.7,86,1013.1,78,22.6,Lagos
2001-07-08,27.3,23.5,25.2,4.5,17.2,16.26,86,1013.0,76,22.7,Lagos
2001-07-09,26.4,24.0,25.0,8.7,17.1,15.07,88,1012.0,51,22.8,Lagos
2001-07-10,26.6,23.5,24.8,5.7,17.5,14.3,89,1011.6,66,22.8,Lagos
2001-07-11,27.0,23.6,25.0,8.1,18.1,14.46,87,1012.0,96,22.7,Lagos
2001-07-12,26.6,24.1,25.0,6.7,20.4,11.83,86,1012.4,99,22.6,Lagos
2001-07-13,27.0,23.6,25.1,2.2,22.5,18.08,86,1011.0,66,22.6,Lagos
2001-07-14,26.7,24.2,25.2,2.4,19.0,15.36,86,1010.2,66,22.7,Lagos
2001-07-15,26.3,23.9,24.8,6.0,19.4,15.45,87,1011.8,64,22.6,Lagos
2001-07-16,24.9,23.5,24.2,5.5,17.1,7.58,89,1013.7,99,22.2,Lagos
2001-07-17,25.9,23.7,24.7,1.1,15.0,8.58,83,1014.2,97,21.6,Lagos
2001-07-18,26.7,23.4,24.8,2.2,18.9,16.56,83,1013.3,70,21.6,Lagos
2001-07-19,26.2,23.9,24.8,2.4,23.0,15.3,84,1011.8,72,22.0,Lagos
2001-07-20,27.1,23.5,24.9,6.9,27.3,16.36,85,1011.2,77,22.1,Lagos
2001-07-21,25.4,23.2,24.0,17.8,22.4,9.98,89,1011.3,100,22.1,Lagos
2001-07-22,25.3,22.9,24.0,16.9,20.1,9.43,89,1011.7,86,22.1,Lagos
2001-07-23,26.3,23.4,24.6,1.8,19.3,17.25,83,1011.6,70,21.5,Lagos
2001-07-24,26.1,23.1,24.4,0.9,18.1,11.75,84,1011.8,91,21.4,Lagos
2001-07-25,26.2,23.4,24.6,0.8,22.4,16.02,82,1012.1,90,21.2,Lagos
2001-07-26,26.4,22.7,24.5,0.7,20.7,19.8,81,1012.6,90,20.9,Lagos
2001-07-27,27.4,23.0,24.8,0.6,20.3,20.64,80,1012.9,60,21.0,Lagos
2001-07-28,25.9,23.6,24.5,2.8,27.9,10.97,83,1012.2,91,21.4,Lagos
2001-07-29,26.9,23.8,24.8,3.7,23.8,14.0,81,1012.2,99,21.3,Lagos
2001-07-30,25.1,22.6,23.8,16.5,18.0,13.69,90,1013.9,78,22.1,Lagos
2001-07-31,25.8,22.6,24.2,3.3,16.8,17.76,87,1015.2,67,21.9,Lagos
2001-08-01,25.6,23.3,24.2,0.4,20.5,9.64,85,1014.7,79,21.4,Lagos
2001-08-02,25.9,23.4,24.3,0.0,22.6,12.37,82,1013.6,75,21.0,Lagos
2001-08-03,25.3,23.2,24.1,1.1,24.7,13.34,84,1012.7,86,21.1,Lagos
2001-08-04,24.7,23.0,23.6,3.0,20.0,7.84,86,1013.5,75,21.1,Lagos
2001-08-05,25.7,22.8,23.9,0.0,17.0,11.16,84,1014.5,85,21.0,Lagos
2001-08-06,25.5,22.7,24.0,0.0,19.8,10.17,85,1013.9,71,21.3,Lagos
2001-08-07,26.1,23.2,24.3,0.2,26.9,14.41,85,1013.4,93,21.6,Lagos
2001-08-08,26.4,23.2,24.3,0.8,21.1,16.8,85,1013.8,67,21.6,Lagos
2001-08-09,25.7,22.4,23.9,0.0,21.3,15.01,85,1014.3,74,21.2,Lagos
2001-08-10,25.8,23.0,24.0,0.9,21.4,12.29,83,1014.3,95,21.0,Lagos
2001-08-11,26.0,23.4,24.4,0.0,20.3,11.74,82,1014.0,97,21.0,Lagos
2001-08-12,26.2,23.8,24.6,0.2,22.3,12.2,82,1013.4,97,21.3,Lagos
2001-08-13,26.4,23.3,24.4,1.1,21.4,18.78,85,1013.2,80,21.7,Lagos
2001-08-14,25.2,23.2,24.0,5.5,19.4,8.75,87,1014.1,91,21.6,Lagos
2001-08-15,24.6,23.2,23.9,5.2,16.9,5.81,86,1015.1,96,21.4,Lagos
2001-08-16,26.3,23.5,24.6,0.4,18.1,13.71,84,1015.4,97,21.7,Lagos
2001-08-17,26.3,23.5,24.6,1.0,20.6,13.22,85,1014.8,93,21.8,Lagos
2001-08-18,26.9,23.7,24.8,1.4,21.5,16.38,84,1013.5,82,21.9,Lagos
2001-08-19,25.3,23.7,24.4,1.7,19.7,7.72,87,1013.0,96,22.0,Lagos
2001-08-20,26.4,23.5,24.6,2.5,19.9,14.66,87,1013.7,93,22.2,Lagos
2001-08-21,24.1,23.1,23.7,6.1,19.2,4.0,92,1014.0,99,22.3,Lagos
2001-08-22,26.3,23.4,24.5,1.8,17.8,17.22,87,1014.1,86,22.2,Lagos
2001-08-23,26.5,23.7,24.8,0.3,18.9,12.45,86,1013.5,98,22.3,Lagos
2001-08-24,25.0,23.5,24.1,17.3,18.4,6.41,90,1012.4,99,22.3,Lagos
2001-08-25,26.5,23.4,24.6,2.2,18.4,16.73,88,1012.8,79,22.5,Lagos
2001-08-26,26.4,23.1,24.5,0.0,17.5,14.52,87,1013.2,94,22.1,Lagos
2001-08-27,25.8,23.5,24.4,2.1,20.5,9.84,88,1012.1,91,22.2,Lagos
2001-08-28,26.6,23.7,24.9,0.5,20.9,20.21,85,1012.5,50,22.2,Lagos
2001-08-29,26.6,23.4,24.7,1.3,20.9,17.78,85,1013.4,82,22.0,Lagos
2001-08-30,26.0,23.4,24.5,0.6,17.3,11.2,85,1013.4,88,21.7,Lagos
2001-08-31,26.3,23.4,24.6,1.8,20.4,17.26,85,1012.7,55,22.0,Lagos
2001-09-01,26.6,23.3,24.7,2.0,21.5,17.1,85,1012.1,60,21.9,Lagos
2001-09-02,26.2,23.5,24.4,10.3,18.4,11.6,87,1011.2,78,22.0,Lagos
2001-09-03,26.0,23.3,24.3,8.6,22.5,11.82,88,1011.5,91,22.1,Lagos
2001-09-04,26.1,23.5,24.6,1.3,22.2,15.09,84,1011.9,71,21.8,Lagos
2001-09-05,26.0,23.4,24.3,2.8,19.7,11.61,86,1011.5,96,21.8,Lagos
2001-09-06,26.3,23.7,24.5,7.7,20.6,13.62,85,1010.9,81,21.9,Lagos
2001-09-07,26.8,22.7,24.7,1.2,15.5,20.32,85,1011.2,62,22.0,Lagos
2001-09-08,28.0,23.4,25.2,0.7,20.2,16.53,84,1010.7,70,22.2,Lagos
2001-09-09,26.1,24.1,24.8,1.6,17.2,8.2,87,1010.9,98,22.4,Lagos
2001-09-10,27.2,23.6,25.0,1.2,15.9,17.29,86,1011.7,87,22.6,Lagos
2001-09-11,27.8,23.9,25.4,2.7,18.4,16.26,87,1010.8,94,23.0,Lagos
2001-09-12,26.4,23.8,24.8,10.9,19.2,11.76,89,1011.0,99,22.8,Lagos
2001-09-13,25.5,23.4,24.4,9.2,14.6,9.0,89,1012.1,89,22.6,Lagos
2001-09-14,27.3,23.5,25.0,1.4,16.9,17.2,87,1010.7,90,22.7,Lagos
2001-09-15,26.7,23.5,24.7,8.0,15.6,14.32,87,1010.6,91,22.4,Lagos
2001-09-16,27.5,23.5,25.1,3.9,16.3,18.24,87,1011.7,81,22.7,Lagos
2001-09-17,27.5,23.8,25.4,1.6,19.6,18.43,85,1010.5,74,22.6,Lagos
2001-09-18,26.8,23.4,24.3,21.0,20.6,14.98,90,1011.0,83,22.5,Lagos
2001-09-19,24.5,22.9,23.7,24.7,12.0,7.43,92,1012.1,97,22.3,Lagos
2001-09-20,27.5,22.9,24.6,6.7,16.0,17.8,88,1012.5,84,22.4,Lagos
2001-09-21,27.5,23.6,25.0,4.7,17.9,16.19,85,1011.3,75,22.3,Lagos
2001-09-22,27.3,24.0,25.1,7.3,17.6,15.94,85,1010.7,91,22.4,Lagos
2001-09-23,27.6,23.7,25.0,5.8,15.8,16.25,86,1011.8,97,22.5,Lagos
2001-09-24,26.9,23.4,24.7,6.0,14.5,14.93,88,1011.7,78,22.6,Lagos
2001-09-25,27.2,23.3,24.9,4.1,20.2,17.6,87,1012.0,86,22.6,Lagos
2001-09-26,26.9,23.7,24.8,8.1,16.0,13.45,87,1012.6,87,22.5,Lagos
2001-09-27,25.2,23.5,24.3,22.6,15.1,8.49,90,1011.9,96,22.5,Lagos
2001-09-28,27.3,23.4,25.0,0.2,17.9,18.6,87,1011.3,55,22.7,Lagos
2001-09-29,27.5,23.6,25.3,1.2,16.4,20.06,85,1012.0,48,22.6,Lagos
2001-09-30,27.9,24.0,25.6,2.8,19.9,19.11,85,1012.0,67,22.8,Lagos
2001-10-01,27.4,24.2,25.6,2.8,16.7,15.86,85,1012.4,84,22.8,Lagos
2001-10-02,27.8,24.2,25.7,0.9,17.6,20.64,86,1012.2,41,23.1,Lagos
2001-10-03,27.9,24.2,25.6,3.6,16.7,18.03,85,1012.5,70,22.9,Lagos
2001-10-04,28.4,23.9,25.6,2.1,17.3,19.04,85,1012.5,42,22.9,Lagos
2001-10-05,27.8,23.9,25.5,5.5,16.1,17.02,86,1012.8,75,23.0,Lagos
2001-10-06,27.2,24.3,25.6,1.9,15.3,12.17,87,1012.2,72,23.2,Lagos
2001-10-07,27.3,23.7,25.3,6.8,13.1,15.76,87,1011.4,73,22.9,Lagos
2001-10-08,28.2,24.0,25.9,0.9,12.4,20.09,84,1010.7,51,23.0,Lagos
2001-10-09,28.4,24.3,25.8,4.3,14.0,17.56,86,1010.2,74,23.3,Lagos
2001-10-10,28.7,24.2,26.0,4.3,11.5,18.01,87,1009.9,59,23.6,Lagos
2001-10-11,28.3,24.5,26.2,1.4,14.3,16.8,86,1010.5,75,23.5,Lagos
2001-10-12,28.3,25.0,26.1,4.9,13.9,17.88,86,1010.6,89,23.6,Lagos
2001-10-13,27.9,24.6,25.9,4.5,12.9,16.58,87,1010.4,81,23.4,Lagos
2001-10-14,27.7,24.9,25.8,6.3,11.6,13.07,87,1010.0,94,23.5,Lagos
2001-10-15,26.7,24.8,25.6,6.5,11.0,11.1,89,1010.1,89,23.7,Lagos
2001-10-16,28.1,23.8,25.7,7.5,12.5,16.51,88,1011.2,94,23.6,Lagos
2001-10-17,27.9,23.7,25.5,10.4,8.9,17.45,89,1011.6,87,23.5,Lagos
2001-10-18,28.4,23.6,26.0,0.8,10.8,18.89,88,1010.4,74,23.8,Lagos
2001-10-19,29.2,24.8,26.6,0.6,14.7,18.79,85,1008.8,67,23.8,Lagos
2001-10-20,29.0,25.4,26.7,2.1,13.7,17.81,86,1008.9,53,24.1,Lagos
2001-10-21,29.3,25.2,26.8,0.6,14.8,19.01,86,1008.6,53,24.2,Lagos
2001-10-22,29.2,25.2,26.7,3.3,14.3,17.75,86,1009.1,52,24.2,Lagos
2001-10-23,28.4,25.3,26.4,5.0,14.0,18.4,87,1010.6,49,24.0,Lagos
2001-10-24,28.9,24.9,26.6,1.6,13.6,17.93,84,1011.3,58,23.6,Lagos
2001-10-25,28.1,25.2,26.4,0.8,14.0,18.41,86,1010.2,59,23.9,Lagos
2001-10-26,28.4,25.0,26.3,1.6,15.7,18.59,85,1009.8,75,23.6,Lagos
2001-10-27,28.9,24.6,26.4,1.7,14.8,19.89,84,1010.5,70,23.4,Lagos
2001-10-28,28.7,24.9,26.6,0.4,15.3,19.03,85,1011.4,65,23.7,Lagos
2001-10-29,28.9,24.8,26.4,0.8,15.9,18.22,85,1011.5,55,23.7,Lagos
2001-10-30,27.3,24.9,25.9,1.0,14.3,14.12,86,1011.6,69,23.4,Lagos
2001-10-31,28.2,24.9,26.1,1.3,11.6,16.31,85,1011.5,58,23.4,Lagos
2001-11-01,28.7,24.1,26.2,0.7,13.2,17.64,84,1011.1,42,23.3,Lagos
2001-11-02,30.0,24.0,26.7,0.0,14.2,20.7,83,1010.2,45,23.4,Lagos
2001-11-03,29.8,24.4,26.9,1.1,17.4,19.89,83,1009.9,43,23.7,Lagos
2001-11-04,29.0,25.4,26.7,1.3,16.4,17.58,84,1009.6,35,23.7,Lagos
2001-11-05,28.9,24.9,26.8,0.9,14.1,18.33,84,1010.0,41,23.9,Lagos
2001-11-06,29.4,25.2,27.1,0.5,15.4,18.77,84,1010.7,49,24.2,Lagos
2001-11-07,29.2,25.8,27.1,2.1,15.9,17.51,84,1011.4,87,24.2,Lagos
2001-11-08,30.2,25.7,27.4,0.2,18.4,19.0,82,1011.1,65,24.0,Lagos
2001-11-09,28.5,24.9,26.6,3.1,18.4,15.93,86,1010.6,50,24.0,Lagos
2001-11-10,27.2,24.2,25.8,1.7,15.8,12.87,87,1010.8,56,23.4,Lagos
2001-11-11,27.6,24.4,25.7,14.2,13.0,13.57,87,1012.1,71,23.4,Lagos
2001-11-12,28.4,23.9,25.9,7.9,12.7,16.05,87,1012.0,67,23.5,Lagos
2001-11-13,28.9,25.1,26.7,0.4,16.1,17.12,85,1010.3,44,24.0,Lagos
2001-11-14,28.7,25.3,26.7,1.4,15.8,16.21,86,1009.4,42,24.2,Lagos
2001-11-15,28.7,24.7,26.5,1.8,13.2,17.59,87,1010.7,37,24.1,Lagos
2001-11-16,29.4,25.1,26.9,0.5,11.4,16.93,84,1011.2,44,23.9,Lagos
2001-11-17,29.8,24.9,27.2,0.3,14.7,18.99,85,1010.6,56,24.4,Lagos
2001-11-18,29.3,25.3,27.2,1.0,14.9,18.12,85,1010.1,52,24.3,Lagos
2001-11-19,28.9,25.5,27.0,0.8,15.2,16.41,85,1010.2,45,24.3,Lagos
2001-11-20,28.6,25.2,26.7,1.2,13.7,15.95,86,1010.2,48,24.1,Lagos
2001-11-21,28.3,25.3,26.7,1.3,13.7,15.81,83,1010.8,42,23.6,Lagos
2001-11-22,28.1,25.4,26.4,3.4,12.0,10.96,86,1010.7,70,23.9,Lagos
2001-11-23,28.1,25.2,26.3,9.1,11.6,12.93,86,1009.1,85,23.7,Lagos
2001-11-24,28.9,25.4,26.7,6.9,10.5,15.54,85,1008.9,68,23.9,Lagos
2001-11-25,28.8,25.1,26.7,1.0,12.8,15.73,86,1008.2,49,24.2,Lagos
2001-11-26,29.2,24.8,26.8,2.3,14.0,16.0,85,1007.6,62,24.0,Lagos
2001-11-27,29.3,25.9,27.2,2.1,14.7,15.71,84,1007.6,53,24.2,Lagos
2001-11-28,30.0,25.5,27.4,0.3,15.0,17.13,82,1008.5,32,24.0,Lagos
2001-11-29,29.4,25.7,27.2,3.6,17.2,15.51,83,1008.1,33,24.1,Lagos
2001-11-30,29.4,25.9,27.4,0.7,16.6,17.43,84,1008.6,37,24.3,Lagos
2001-12-01,29.6,25.6,27.2,1.3,15.8,16.64,85,1008.5,57,24.4,Lagos
2001-12-02,28.6,24.2,26.8,4.6,13.3,15.32,85,1008.5,63,24.0,Lagos
2001-12-03,29.2,24.5,26.8,2.9,10.6,16.89,85,1008.8,58,23.9,Lagos
2001-12-04,29.2,25.3,27.1,0.1,12.9,17.5,85,1008.0,49,24.3,Lagos
2001-12-05,29.9,25.2,27.2,0.1,13.7,18.28,82,1008.5,46,23.7,Lagos
2001-12-06,30.9,25.1,27.4,0.0,15.4,19.42,80,1009.4,22,23.4,Lagos
2001-12-07,30.3,25.7,27.2,0.0,13.8,19.59,81,1008.6,65,23.5,Lagos
2001-12-08,30.8,24.7,27.1,0.0,13.7,20.23,80,1007.5,29,23.1,Lagos
2001-12-09,30.2,25.1,27.4,0.5,13.0,18.79,79,1008.0,18,23.4,Lagos
2001-12-10,30.6,25.3,27.6,0.1,15.5,17.35,79,1009.3,35,23.6,Lagos
2001-12-11,31.0,25.5,27.7,0.1,20.6,18.34,80,1009.0,64,23.7,Lagos
2001-12-12,31.5,25.8,27.9,0.1,17.5,18.1,78,1008.0,40,23.6,Lagos
2001-12-13,30.3,26.2,27.7,0.6,17.6,17.01,81,1008.1,32,24.0,Lagos
2001-12-14,30.1,25.9,27.5,0.5,16.1,16.74,82,1009.1,31,24.0,Lagos
2001-12-15,30.7,25.5,27.6,1.0,14.8,16.82,82,1009.3,30,24.1,Lagos
2001-12-16,29.5,26.3,27.2,1.7,14.8,11.52,84,1009.0,76,24.2,Lagos
2001-12-17,30.3,25.9,27.7,0.8,14.9,16.43,80,1008.5,51,23.9,Lagos
2001-12-18,30.6,25.7,27.9,0.3,15.8,17.04,79,1008.7,38,23.9,Lagos
2001-12-19,30.6,25.8,27.9,0.4,15.0,17.36,80,1009.0,24,24.0,Lagos
2001-12-20,30.8,25.9,28.0,0.5,16.0,17.63,81,1009.0,22,24.2,Lagos
2001-12-21,30.9,26.1,28.0,0.5,15.0,17.54,81,1009.4,24,24.3,Lagos
2001-12-22,30.6,26.2,27.8,1.3,16.1,16.91,85,1009.2,40,24.9,Lagos
2001-12-23,30.2,26.0,27.6,0.2,17.3,15.98,86,1009.9,38,25.0,Lagos
2001-12-24,30.5,25.8,27.6,1.4,16.2,18.1,83,1010.6,34,24.4,Lagos
2001-12-25,30.5,25.5,27.7,0.7,15.5,17.96,83,1009.8,33,24.3,Lagos
2001-12-26,30.7,25.9,27.8,1.2,14.4,17.66,81,1009.2,24,24.2,Lagos
2001-12-27,31.0,25.4,28.0,1.2,15.0,18.22,80,1009.4,19,24.1,Lagos
2001-12-28,31.0,25.3,27.7,0.8,14.2,17.94,82,1010.0,22,24.3,Lagos
2001-12-29,30.9,26.1,27.8,0.8,17.1,16.6,82,1010.1,32,24.4,Lagos
2001-12-30,31.2,25.9,28.0,0.6,16.8,18.25,80,1008.9,25,24.2,Lagos
2001-12-31,29.8,25.7,27.6,1.5,16.1,17.19,83,1008.7,44,24.4,Lagos
2002-01-01,29.8,25.1,27.4,1.2,13.0,16.34,83,1008.8,46,24.3,Lagos
2002-01-02,29.8,25.1,27.2,0.4,12.1,16.64,83,1009.3,33,24.0,Lagos
2002-01-03,31.0,25.5,27.6,0.0,12.4,17.82,82,1009.4,87,23.9,Lagos
2002-01-04,31.3,25.5,27.9,0.1,15.4,19.32,81,1008.9,63,24.1,Lagos
2002-01-05,30.4,25.4,27.4,1.5,15.0,16.51,83,1008.2,49,24.0,Lagos
2002-01-06,29.6,26.0,27.1,6.1,14.8,16.03,84,1008.2,71,24.1,Lagos
2002-01-07,28.4,24.7,26.3,5.8,12.2,15.67,85,1007.7,73,23.5,Lagos
2002-01-08,30.1,25.3,27.2,0.1,13.2,18.1,85,1008.0,95,24.3,Lagos
2002-01-09,30.9,25.4,27.2,0.0,14.0,19.53,81,1009.3,49,23.4,Lagos
2002-01-10,30.4,23.3,26.5,0.0,15.3,21.09,73,1010.2,76,20.6,Lagos
2002-01-11,32.0,22.9,26.9,0.0,12.6,21.97,62,1011.0,96,17.6,Lagos
2002-01-12,31.3,22.0,26.1,0.0,16.8,22.73,51,1011.0,46,13.6,Lagos
2002-01-13,30.7,21.0,25.7,0.0,12.3,22.69,60,1011.3,82,16.4,Lagos
2002-01-14,31.5,21.3,26.1,0.0,15.8,22.01,63,1010.2,100,17.5,Lagos
2002-01-15,31.6,21.7,26.3,0.0,16.9,22.17,70,1009.2,89,19.7,Lagos
2002-01-16,31.0,22.3,26.1,0.0,14.3,22.46,75,1008.8,79,20.8,Lagos
2002-01-17,31.2,21.7,26.3,0.0,14.0,22.4,76,1008.5,71,21.2,Lagos
2002-01-18,31.4,23.4,26.7,0.0,17.2,21.35,77,1007.9,82,22.0,Lagos
2002-01-19,31.2,24.6,27.1,0.0,17.7,19.89,81,1008.3,86,23.2,Lagos
2002-01-20,31.5,25.3,27.4,0.0,18.0,19.71,81,1009.3,73,23.6,Lagos
2002-01-21,30.7,25.6,27.3,0.8,17.1,17.75,82,1010.2,96,23.9,Lagos
2002-01-22,30.1,25.4,27.2,0.9,16.0,18.05,84,1010.7,56,24.1,Lagos
2002-01-23,30.4,25.1,27.2,1.2,18.2,18.48,83,1010.8,69,23.8,Lagos
2002-01-24,29.4,25.2,26.9,0.0,14.7,16.79,85,1011.2,48,24.0,Lagos
2002-01-25,30.1,25.0,27.2,0.5,15.3,17.25,81,1011.4,31,23.4,Lagos
2002-01-26,31.4,25.1,27.6,0.0,14.2,19.63,80,1010.7,26,23.5,Lagos
2002-01-27,31.4,24.7,27.3,0.0,15.8,21.05,80,1010.2,21,23.2,Lagos
2002-01-28,31.7,24.4,27.2,0.0,14.1,21.9,77,1009.9,27,22.3,Lagos
2002-01-29,32.4,23.4,27.1,0.0,14.2,23.55,64,1010.1,19,17.7,Lagos
2002-01-30,31.6,20.9,26.1,0.0,15.6,23.43,68,1010.7,0,19.0,Lagos
2002-01-31,32.0,22.5,26.6,0.0,14.2,23.26,70,1010.6,28,19.9,Lagos
2002-02-01,32.1,21.9,26.6,0.0,13.7,23.84,64,1009.3,1,18.1,Lagos
2002-02-02,32.1,20.8,26.4,0.0,15.9,23.65,69,1009.9,0,19.3,Lagos
2002-02-03,32.0,22.0,26.4,0.0,18.1,23.43,76,1009.8,1,21.2,Lagos
2002-02-04,31.2,23.8,26.6,0.0,18.6,22.04,79,1009.3,29,22.4,Lagos
2002-02-05,31.8,24.9,27.3,0.0,21.1,22.15,79,1008.9,15,23.0,Lagos
2002-02-06,30.8,25.2,27.4,0.0,19.5,20.55,80,1009.5,21,23.4,Lagos
2002-02-07,29.7,25.4,26.9,3.3,18.1,17.93,84,1009.6,34,23.8,Lagos
2002-02-08,30.5,25.6,27.3,0.7,16.5,18.98,83,1009.3,38,24.0,Lagos
2002-02-09,30.2,25.5,27.1,1.2,16.4,17.33,84,1008.4,55,24.1,Lagos
2002-02-10,30.7,24.6,27.3,0.0,18.4,19.47,82,1008.3,72,23.9,Lagos
2002-02-11,30.4,25.4,27.1,5.0,13.9,17.05,84,1009.6,99,24.0,Lagos
2002-02-12,31.0,25.5,27.4,0.0,14.6,20.65,81,1010.6,61,23.7,Lagos
2002-02-13,30.9,24.2,27.1,0.0,16.8,21.24,80,1010.1,46,23.1,Lagos
2002-02-14,30.9,25.0,27.6,0.0,16.8,19.42,77,1009.9,68,23.0,Lagos
2002-02-15,31.7,25.6,28.0,0.4,16.9,20.91,79,1010.2,32,23.9,Lagos
2002-02-16,31.7,26.0,28.1,0.9,17.3,20.05,79,1010.1,70,23.8,Lagos
2002-02-17,30.7,26.2,27.7,1.5,19.4,18.33,81,1010.6,36,24.1,Lagos
2002-02-18,30.7,25.8,27.7,3.0,18.3,18.01,81,1010.2,35,24.0,Lagos
2002-02-19,31.7,25.9,28.0,1.2,17.6,19.38,82,1009.6,73,24.5,Lagos
2002-02-20,30.7,26.1,27.8,1.7,18.3,18.74,82,1009.4,37,24.4,Lagos
2002-02-21,30.6,26.3,28.1,0.5,17.6,18.71,81,1008.1,41,24.4,Lagos
2002-02-22,31.5,27.2,28.6,2.3,18.3,19.11,80,1006.8,65,24.7,Lagos
2002-02-23,30.6,26.9,28.3,6.2,18.4,18.77,83,1007.6,57,25.0,Lagos
2002-02-24,31.8,27.2,28.8,2.4,24.0,20.03,80,1007.6,36,25.0,Lagos
2002-02-25,30.9,27.2,28.7,2.4,21.7,17.11,80,1008.2,78,24.8,Lagos
2002-02-26,31.0,27.4,28.5,2.5,20.1,17.41,78,1008.3,75,24.4,Lagos
2002-02-27,28.8,25.6,27.2,7.7,16.9,11.96,84,1009.2,86,24.2,Lagos
2002-02-28,30.7,25.3,27.9,2.9,16.8,19.05,80,1007.7,68,24.2,Lagos
2002-03-01,30.5,25.4,27.8,9.8,16.5,18.42,82,1008.4,55,24.3,Lagos
2002-03-02,29.3,26.1,27.4,6.7,16.9,17.54,83,1009.0,57,24.2,Lagos
2002-03-03,30.4,25.7,27.7,1.1,17.1,19.51,83,1008.0,68,24.4,Lagos
2002-03-04,30.8,26.0,28.1,1.3,20.2,20.51,81,1007.2,79,24.5,Lagos
2002-03-05,30.1,25.7,27.6,2.1,20.4,18.66,83,1007.1,93,24.4,Lagos
2002-03-06,29.4,26.3,27.4,3.4,18.4,17.91,84,1008.0,83,24.4,Lagos
2002-03-07,30.4,25.8,27.6,2.9,21.4,18.53,83,1008.9,84,24.3,Lagos
2002-03-08,30.4,25.8,27.9,1.9,20.6,18.91,82,1008.8,72,24.5,Lagos
2002-03-09,30.2,26.2,27.5,8.1,20.9,18.0,83,1008.9,96,24.3,Lagos
2002-03-10,29.8,26.0,27.4,1.9,15.3,18.0,84,1009.9,91,24.5,Lagos
2002-03-11,29.6,26.2,27.2,15.7,17.6,14.91,85,1009.9,95,24.5,Lagos
2002-03-12,30.4,26.3,28.0,0.9,14.1,18.06,83,1009.4,69,24.7,Lagos
2002-03-13,30.4,26.6,28.0,0.9,17.1,19.61,82,1008.9,30,24.6,Lagos
2002-03-14,30.7,26.6,28.2,1.0,19.5,20.71,82,1007.9,29,24.8,Lagos
2002-03-15,31.1,27.0,28.4,1.7,20.9,19.3,83,1008.0,54,25.1,Lagos
2002-03-16,30.3,26.4,27.7,7.7,22.7,18.27,84,1008.0,86,24.6,Lagos
2002-03-17,29.7,25.7,27.7,3.9,19.9,14.91,82,1007.8,89,24.3,Lagos
2002-03-18,30.6,26.8,28.1,2.0,18.8,20.66,80,1007.9,46,24.3,Lagos
2002-03-19,30.6,26.8,27.9,6.3,17.8,19.7,83,1008.5,52,24.6,Lagos
2002-03-20,29.9,26.8,27.8,5.4,11.8,17.14,84,1009.3,97,24.7,Lagos
2002-03-21,31.7,25.7,28.3,0.0,17.7,22.97,81,1007.7,70,24.6,Lagos
2002-03-22,30.8,26.7,28.2,1.3,19.5,21.41,82,1007.5,51,24.7,Lagos
2002-03-23,29.5,26.0,27.6,6.3,16.9,12.27,82,1008.5,98,24.2,Lagos
2002-03-24,30.4,26.4,28.0,0.3,17.5,17.16,82,1008.1,67,24.5,Lagos
2002-03-25,30.0,26.5,27.6,9.2,19.6,15.63,83,1008.3,98,24.5,Lagos
2002-03-26,30.3,26.7,28.1,0.0,16.6,20.11,80,1008.4,74,24.2,Lagos
2002-03-27,29.5,26.2,27.4,10.7,16.9,16.26,84,1008.9,75,24.4,Lagos
2002-03-28,29.2,26.3,27.1,6.8,14.8,14.28,85,1008.8,98,24.2,Lagos
2002-03-29,29.9,25.6,27.6,0.9,10.9,17.59,86,1008.2,98,24.9,Lagos
2002-03-30,30.9,26.3,27.9,0.6,16.9,20.27,84,1008.0,69,24.9,Lagos
2002-03-31,30.5,26.9,28.3,0.1,18.2,20.43,81,1007.7,66,24.6,Lagos
2002-04-01,31.0,26.6,28.3,1.2,20.4,20.77,81,1007.5,62,24.7,Lagos
2002-04-02,30.7,26.8,28.4,0.3,20.2,21.36,80,1008.4,85,24.6,Lagos
2002-04-03,31.2,27.1,28.4,3.5,19.6,20.39,81,1009.3,87,24.8,Lagos
2002-04-04,31.2,26.7,28.4,0.8,16.1,20.69,81,1008.2,75,24.7,Lagos
2002-04-05,30.9,26.7,28.4,0.2,16.5,21.99,81,1006.1,84,24.8,Lagos
2002-04-06,32.0,26.8,28.7,1.0,15.9,22.07,80,1005.6,69,24.8,Lagos
2002-04-07,28.9,26.5,27.3,9.7,14.7,9.68,86,1006.0,100,24.7,Lagos
2002-04-08,29.7,25.0,26.8,21.0,18.4,13.04,87,1006.0,100,24.3,Lagos
2002-04-09,30.6,26.2,27.8,5.2,17.1,16.99,83,1005.9,100,24.7,Lagos
2002-04-10,30.5,26.9,28.4,0.3,20.8,18.58,81,1005.7,98,24.8,Lagos
2002-04-11,29.6,25.5,27.3,8.2,20.7,17.35,84,1006.7,99,24.5,Lagos
2002-04-12,30.3,25.8,27.8,0.8,15.9,20.64,82,1007.0,90,24.4,Lagos
2002-04-13,29.7,26.6,27.4,8.4,15.2,13.06,84,1007.8,98,24.4,Lagos
2002-04-14,30.1,25.4,27.5,0.1,15.5,21.72,83,1007.6,75,24.4,Lagos
2002-04-15,29.7,25.4,27.2,16.1,16.6,14.28,86,1007.5,98,24.5,Lagos
2002-04-16,28.9,25.6,26.6,15.1,18.4,12.28,87,1008.1,100,24.3,Lagos
2002-04-17,29.0,24.9,26.7,5.8,16.8,15.02,86,1008.9,87,24.1,Lagos
2002-04-18,29.4,25.8,27.1,10.2,22.0,15.53,85,1008.9,98,24.3,Lagos
2002-04-19,28.8,25.0,26.7,4.0,15.9,11.61,86,1008.9,95,24.1,Lagos
2002-04-20,30.1,25.8,27.7,0.0,14.0,23.78,80,1008.7,83,23.8,Lagos
2002-04-21,29.4,26.0,27.4,0.7,17.4,16.07,84,1008.7,99,24.4,Lagos
2002-04-22,29.8,25.9,27.5,0.0,11.3,19.87,81,1008.1,57,23.9,Lagos
2002-04-23,30.5,25.3,27.7,1.1,19.8,21.43,83,1006.7,83,24.6,Lagos
2002-04-24,30.0,26.1,27.8,0.3,18.2,19.33,83,1006.2,92,24.5,Lagos
2002-04-25,30.9,26.4,28.1,0.0,13.0,22.16,82,1005.6,81,24.7,Lagos
2002-04-26,30.2,26.5,28.0,0.1,17.8,17.6,82,1005.8,96,24.5,Lagos
2002-04-27,31.1,26.5,28.2,0.0,20.4,19.18,82,1006.5,90,24.7,Lagos
2002-04-28,30.6,26.7,27.9,4.4,20.9,18.36,84,1008.1,90,24.8,Lagos
2002-04-29,30.0,25.8,27.5,3.5,19.9,18.97,84,1009.4,79,24.4,Lagos
2002-04-30,29.9,26.1,27.4,1.4,21.4,18.84,82,1009.3,91,24.1,Lagos
2002-05-01,29.1,25.8,27.1,8.2,23.4,15.62,84,1008.6,94,24.2,Lagos
2002-05-02,28.5,25.8,26.7,9.6,18.3,14.19,85,1008.6,99,24.0,Lagos
2002-05-03,29.4,25.9,27.1,3.5,13.5,17.37,85,1008.4,79,24.4,Lagos
2002-05-04,29.9,25.6,27.4,4.6,10.0,18.11,85,1009.6,73,24.5,Lagos
2002-05-05,30.3,26.1,27.7,0.5,18.3,21.03,83,1009.4,65,24.4,Lagos
2002-05-06,28.1,25.6,26.7,7.1,15.3,11.99,86,1009.5,100,24.1,Lagos
2002-05-07,30.0,25.3,27.4,5.6,13.9,19.44,82,1009.5,70,24.1,Lagos
2002-05-08,30.5,25.7,28.0,5.1,16.3,19.71,81,1009.9,59,24.3,Lagos
2002-05-09,29.6,25.4,26.9,15.7,18.6,17.71,86,1011.5,76,24.2,Lagos
2002-05-10,30.3,25.5,27.3,12.7,18.6,16.07,86,1011.0,67,24.7,Lagos
2002-05-11,28.9,26.2,27.2,9.2,17.0,14.9,86,1010.3,84,24.6,Lagos
2002-05-12,29.9,24.9,27.5,5.5,17.3,19.28,83,1009.7,62,24.3,Lagos
2002-05-13,29.3,26.2,27.2,7.8,19.0,19.56,85,1010.0,49,24.5,Lagos
2002-05-14,29.5,25.1,27.2,3.3,15.3,18.5,85,1011.0,83,24.4,Lagos
2002-05-15,30.1,25.9,27.6,4.2,16.6,19.04,84,1010.5,41,24.6,Lagos
2002-05-16,30.0,26.5,27.6,2.9,16.4,19.53,85,1009.5,56,24.9,Lagos
2002-05-17,29.4,26.3,27.4,1.8,15.9,16.22,84,1008.8,98,24.5,Lagos
2002-05-18,29.7,25.7,27.2,7.5,15.0,16.77,86,1009.1,48,24.6,Lagos
2002-05-19,30.1,26.3,27.7,0.5,14.0,21.11,84,1009.3,80,24.8,Lagos
2002-05-20,29.2,26.2,27.5,1.7,12.0,13.65,85,1009.1,81,24.8,Lagos
2002-05-21,29.8,26.4,27.7,0.9,14.3,16.9,83,1009.3,98,24.5,Lagos
2002-05-22,29.3,26.1,26.9,8.7,12.8,14.28,87,1009.5,99,24.6,Lagos
2002-05-23,29.2,24.9,27.0,2.9,13.2,15.83,86,1009.0,98,24.4,Lagos
2002-05-24,29.8,25.7,27.0,9.2,10.9,16.82,86,1008.8,89,24.5,Lagos
2002-05-25,30.3,26.6,28.1,0.8,14.7,20.08,82,1008.6,91,24.6,Lagos
2002-05-26,30.2,26.8,28.3,1.1,17.6,19.55,80,1008.2,54,24.5,Lagos
2002-05-27,29.8,25.9,27.3,8.0,20.1,17.89,85,1008.7,99,24.5,Lagos
2002-05-28,28.4,25.1,26.8,5.5,17.3,16.48,87,1009.3,92,24.4,Lagos
2002-05-29,26.8,24.1,25.6,27.3,9.3,6.52,89,1010.5,100,23.7,Lagos
2002-05-30,29.2,25.2,26.8,9.0,11.7,16.04,87,1010.6,94,24.4,Lagos
2002-05-31,29.5,25.7,27.0,7.6,16.9,16.57,85,1010.2,62,24.3,Lagos
2002-06-01,28.6,24.8,26.4,7.8,21.1,18.46,87,1009.9,64,24.0,Lagos
2002-06-02,28.2,24.5,26.0,14.1,12.8,15.16,88,1010.0,90,23.9,Lagos
2002-06-03,28.0,24.6,25.9,10.3,15.8,15.33,89,1010.5,97,23.9,Lagos
2002-06-04,28.2,24.0,25.9,12.1,11.5,16.37,88,1010.8,85,23.7,Lagos
2002-06-05,28.2,24.4,25.9,24.4,21.7,13.2,88,1010.4,99,23.7,Lagos
2002-06-06,26.5,23.8,25.0,34.1,13.7,5.44,91,1011.4,99,23.5,Lagos
2002-06-07,29.0,23.9,26.2,0.2,12.7,18.1,86,1010.9,89,23.5,Lagos
2002-06-08,27.9,24.5,26.2,6.5,13.2,14.25,86,1010.3,81,23.7,Lagos
2002-06-09,26.2,24.3,25.2,31.1,12.1,8.72,90,1009.6,100,23.4,Lagos
2002-06-10,26.0,24.3,25.2,26.4,12.9,8.34,91,1010.9,95,23.7,Lagos
2002-06-11,29.1,24.0,26.3,1.6,13.2,17.78,86,1011.7,91,23.5,Lagos
2002-06-12,26.2,24.8,25.6,28.9,18.3,6.95,89,1011.6,99,23.6,Lagos
2002-06-13,27.9,24.3,25.6,12.9,14.5,15.86,89,1011.7,87,23.7,Lagos
2002-06-14,26.1,23.6,24.8,13.1,13.4,9.87,91,1011.9,97,23.1,Lagos
2002-06-15,27.3,23.5,25.1,23.4,12.0,13.68,89,1011.9,86,23.2,Lagos
2002-06-16,27.1,23.7,25.4,9.1,15.8,10.88,87,1011.7,100,23.1,Lagos
2002-06-17,28.2,24.4,26.1,2.4,16.6,18.45,85,1011.5,72,23.3,Lagos
2002-06-18,27.2,24.0,25.5,16.5,19.2,13.86,87,1011.5,93,23.3,Lagos
2002-06-19,27.4,23.6,25.4,22.5,21.7,12.78,88,1011.2,94,23.2,Lagos
2002-06-20,27.9,24.0,25.2,10.8,17.1,14.77,89,1012.2,90,23.2,Lagos
2002-06-21,28.0,24.0,25.9,6.5,13.7,18.28,85,1012.9,61,23.3,Lagos
2002-06-22,27.8,24.7,26.0,7.2,13.5,16.41,86,1012.7,52,23.5,Lagos
2002-06-23,27.3,24.3,25.4,10.4,15.0,14.93,88,1012.9,71,23.3,Lagos
2002-06-24,26.3,24.0,25.2,15.8,14.6,10.57,89,1013.7,98,23.3,Lagos
2002-06-25,28.2,24.0,25.9,6.1,20.3,17.42,86,1013.6,94,23.3,Lagos
2002-06-26,28.7,24.5,26.0,9.7,21.0,16.68,86,1013.3,86,23.4,Lagos
2002-06-27,27.2,24.5,25.4,8.7,19.5,11.71,87,1012.7,86,23.2,Lagos
2002-06-28,26.4,24.1,25.2,9.4,18.4,11.88,88,1013.5,86,23.1,Lagos
2002-06-29,27.1,24.5,25.6,1.6,17.3,16.87,87,1013.9,66,23.2,Lagos
2002-06-30,26.9,24.2,25.4,9.2,15.5,14.88,88,1014.1,89,23.2,Lagos
2002-07-01,27.4,24.2,25.6,4.8,13.8,15.17,87,1013.3,95,23.3,Lagos
2002-07-02,28.0,24.1,25.6,13.2,18.7,15.88,87,1012.5,85,23.1,Lagos
2002-07-03,26.0,23.6,24.8,32.3,13.3,6.51,90,1012.9,98,23.1,Lagos
2002-07-04,27.4,23.5,25.4,4.7,12.5,16.6,88,1013.1,78,23.1,Lagos
2002-07-05,27.5,24.2,25.6,3.4,13.8,15.74,87,1012.3,77,23.2,Lagos
2002-07-06,27.7,24.6,25.7,2.6,18.4,15.87,86,1011.8,89,23.1,Lagos
2002-07-07,28.0,24.5,25.9,0.2,17.7,16.83,84,1012.1,82,22.9,Lagos
2002-07-08,27.8,24.4,25.9,2.6,17.2,15.1,85,1012.9,96,23.1,Lagos
2002-07-09,27.5,24.5,25.9,1.1,20.4,17.51,86,1013.3,67,23.3,Lagos
2002-07-10,27.9,24.1,25.7,2.1,16.3,18.29,85,1013.2,71,22.9,Lagos
2002-07-11,28.0,24.1,25.7,7.8,18.1,17.63,86,1012.6,82,23.1,Lagos
2002-07-12,27.9,24.4,25.7,4.5,16.3,16.09,86,1012.1,87,23.1,Lagos
2002-07-13,28.3,24.0,25.6,4.9,19.7,18.85,86,1012.3,69,23.2,Lagos
2002-07-14,27.9,24.6,25.9,1.8,18.0,16.31,84,1012.2,77,23.0,Lagos
2002-07-15,26.2,24.2,25.0,10.4,16.2,12.6,90,1012.5,92,23.1,Lagos
2002-07-16,26.9,23.7,24.9,13.2,18.4,12.09,89,1012.5,94,22.9,Lagos
2002-07-17,26.5,23.6,24.7,19.0,23.5,12.88,90,1012.7,87,22.9,Lagos
2002-07-18,25.4,23.5,24.5,20.5,18.7,10.57,89,1012.2,81,22.7,Lagos
2002-07-19,25.8,23.7,24.6,16.0,17.2,11.07,88,1012.0,94,22.5,Lagos
2002-07-20,25.8,23.5,24.4,8.0,22.4,11.31,89,1011.9,95,22.4,Lagos
2002-07-21,26.6,23.9,24.8,6.1,22.9,13.57,85,1011.7,91,22.1,Lagos
2002-07-22,25.9,23.8,24.7,3.3,19.4,12.07,86,1012.2,87,22.2,Lagos
2002-07-23,26.0,23.3,24.4,10.1,15.2,10.74,90,1013.5,99,22.7,Lagos
2002-07-24,27.1,23.3,24.8,6.7,19.9,15.85,88,1014.3,96,22.7,Lagos
2002-07-25,26.6,23.8,24.9,0.6,19.7,11.94,86,1013.8,99,22.3,Lagos
2002-07-26,26.8,24.2,25.1,0.7,19.9,15.9,84,1013.4,91,22.3,Lagos
2002-07-27,27.4,23.6,25.1,1.3,16.2,17.68,84,1013.0,90,22.2,Lagos
2002-07-28,27.2,23.8,25.1,4.9,15.8,16.01,86,1013.3,87,22.6,Lagos
2002-07-29,27.5,23.7,25.2,0.3,19.4,19.2,87,1013.8,69,22.8,Lagos
2002-07-30,26.7,23.8,24.7,5.3,24.0,12.6,88,1012.8,89,22.5,Lagos
2002-07-31,25.2,23.6,24.5,18.0,22.3,7.73,89,1011.1,99,22.5,Lagos
2002-08-01,26.4,23.4,24.5,5.2,21.7,13.82,89,1011.6,93,22.5,Lagos
2002-08-02,26.4,23.2,24.7,0.2,13.5,13.92,88,1013.0,90,22.4,Lagos
2002-08-03,26.3,23.4,24.6,0.1,18.6,11.57,88,1012.6,85,22.3,Lagos
2002-08-04,26.5,23.5,24.7,1.2,22.2,13.85,88,1010.9,84,22.5,Lagos
2002-08-05,24.1,23.3,23.7,38.8,30.0,4.1,92,1010.7,96,22.3,Lagos
2002-08-06,24.9,22.8,23.8,8.0,21.1,9.59,91,1013.3,94,22.1,Lagos
2002-08-07,26.0,22.8,24.4,0.0,12.0,10.84,88,1013.6,79,22.2,Lagos
2002-08-08,27.1,22.8,24.7,0.3,14.5,16.74,87,1012.8,46,22.4,Lagos
2002-08-09,26.8,23.6,24.8,0.6,17.8,15.01,87,1012.0,91,22.4,Lagos
2002-08-10,27.5,23.8,25.2,0.1,19.6,19.72,84,1011.9,87,22.2,Lagos
2002-08-11,27.2,23.7,25.1,0.0,16.3,16.37,84,1012.9,82,22.2,Lagos
2002-08-12,27.1,23.8,25.0,2.6,20.0,16.48,85,1012.9,66,22.4,Lagos
2002-08-13,27.0,23.6,25.0,6.3,22.7,16.97,86,1013.5,66,22.4,Lagos
2002-08-14,24.5,23.7,24.0,16.9,18.4,4.35,91,1013.8,98,22.4,Lagos
2002-08-15,25.9,23.1,24.1,9.5,15.6,11.69,90,1014.9,74,22.4,Lagos
2002-08-16,26.6,23.3,24.6,0.9,19.6,15.7,87,1014.2,87,22.3,Lagos
2002-08-17,26.5,23.6,24.7,0.5,16.7,12.56,86,1012.5,84,22.3,Lagos
2002-08-18,26.6,23.6,24.8,3.3,15.2,16.19,88,1012.0,69,22.6,Lagos
2002-08-19,27.0,23.6,24.8,5.4,15.8,16.32,87,1012.0,53,22.6,Lagos
2002-08-20,26.9,23.7,24.9,6.2,22.9,15.16,87,1012.2,90,22.6,Lagos
2002-08-21,26.6,23.9,24.7,7.4,23.8,13.78,87,1012.3,93,22.4,Lagos
2002-08-22,25.3,23.1,24.1,5.3,22.7,7.74,88,1013.0,95,22.0,Lagos
2002-08-23,26.2,23.3,24.5,0.4,21.1,13.28,83,1012.2,98,21.4,Lagos
2002-08-24,25.1,23.3,24.1,2.0,19.5,9.86,87,1012.0,80,21.9,Lagos
2002-08-25,26.8,23.2,24.7,0.2,19.7,17.73,86,1011.6,79,22.1,Lagos
2002-08-26,26.5,23.5,24.5,5.2,20.0,13.76,87,1010.9,73,22.2,Lagos
2002-08-27,27.0,23.1,24.6,4.4,17.1,21.61,88,1011.4,56,22.3,Lagos
2002-08-28,26.8,23.1,24.7,0.0,22.2,18.53,86,1010.6,81,22.1,Lagos
2002-08-29,25.7,23.3,24.3,4.5,15.7,8.88,90,1011.1,100,22.6,Lagos
2002-08-30,26.4,23.7,24.7,5.1,14.3,13.28,88,1012.8,94,22.5,Lagos
2002-08-31,27.7,23.6,25.1,1.6,16.4,18.78,85,1012.3,61,22.3,Lagos
2002-09-01,27.1,23.6,25.1,0.2,19.1,17.5,85,1010.9,51,22.3,Lagos
2002-09-02,27.0,23.7,25.1,0.0,17.1,16.88,85,1011.0,47,22.3,Lagos
2002-09-03,27.8,23.7,25.3,0.0,18.6,18.91,84,1011.2,63,22.4,Lagos
2002-09-04,26.6,24.0,25.0,2.7,19.9,16.75,87,1011.2,95,22.7,Lagos
2002-09-05,27.1,23.5,25.0,0.1,18.6,17.62,86,1012.0,84,22.4,Lagos
2002-09-06,25.4,23.7,24.3,4.5,20.8,5.51,89,1011.3,97,22.3,Lagos
2002-09-07,27.3,23.4,24.7,1.0,17.0,18.9,88,1012.3,72,22.6,Lagos
2002-09-08,27.2,23.0,24.8,0.0,16.2,18.06,86,1012.6,80,22.2,Lagos
2002-09-09,25.5,23.5,24.1,4.2,19.8,10.39,90,1012.4,97,22.4,Lagos
2002-09-10,27.0,23.0,24.7,0.9,18.4,19.98,85,1012.1,61,22.1,Lagos
2002-09-11,27.2,23.5,25.0,1.3,18.4,20.18,85,1011.5,53,22.3,Lagos
2002-09-12,27.3,23.3,24.9,4.7,19.4,18.15,86,1011.8,66,22.3,Lagos
2002-09-13,26.7,23.5,24.9,2.9,20.5,16.64,86,1012.7,59,22.3,Lagos
2002-09-14,27.0,23.4,25.0,0.4,16.3,17.28,85,1013.3,66,22.3,Lagos
2002-09-15,27.0,23.9,25.1,3.1,16.9,14.9,86,1013.0,73,22.5,Lagos
2002-09-16,27.5,23.8,25.3,0.3,18.3,17.33,84,1012.9,46,22.3,Lagos
2002-09-17,28.1,23.8,25.5,0.0,21.1,20.42,83,1011.9,25,22.5,Lagos
2002-09-18,26.4,23.7,24.7,11.1,18.1,11.95,88,1010.5,90,22.6,Lagos
2002-09-19,25.1,23.1,24.0,16.2,10.8,7.95,92,1011.2,97,22.5,Lagos
2002-09-20,27.5,22.6,24.9,0.2,13.2,16.11,88,1011.5,94,22.7,Lagos
2002-09-21,28.0,24.1,25.6,0.5,15.1,19.7,88,1011.2,89,23.3,Lagos
2002-09-22,27.8,24.3,25.5,2.1,16.3,19.58,86,1011.6,57,23.0,Lagos
2002-09-23,28.0,23.7,25.3,1.4,17.9,19.6,87,1011.6,70,23.0,Lagos
2002-09-24,27.7,24.1,25.3,5.2,13.9,16.35,86,1011.7,83,22.8,Lagos
2002-09-25,27.9,22.9,25.3,0.0,11.2,18.9,87,1011.2,61,22.8,Lagos
2002-09-26,27.8,24.4,25.8,0.5,15.7,18.25,85,1011.1,47,23.0,Lagos
2002-09-27,27.8,24.6,26.0,0.8,20.4,17.71,85,1010.6,61,23.2,Lagos
2002-09-28,27.7,24.3,25.6,4.8,18.4,18.18,87,1010.9,74,23.1,Lagos
2002-09-29,26.8,24.0,25.2,10.2,20.4,15.63,87,1011.0,79,22.9,Lagos
2002-09-30,27.6,23.7,25.5,9.9,22.5,17.92,86,1010.9,83,22.9,Lagos
2002-10-01,27.0,24.1,25.2,13.4,18.6,11.31,87,1011.2,99,22.8,Lagos
2002-10-02,26.9,24.0,25.1,9.3,17.9,12.31,87,1010.8,98,22.8,Lagos
2002-10-03,26.4,23.4,24.7,9.2,14.2,14.31,90,1011.7,98,22.9,Lagos
2002-10-04,26.5,24.0,24.8,10.9,14.0,13.75,89,1011.9,86,22.9,Lagos
2002-10-05,26.3,23.1,24.6,10.6,14.5,15.03,88,1012.2,81,22.6,Lagos
2002-10-06,26.4,23.1,24.8,9.5,15.9,17.19,88,1011.6,67,22.6,Lagos
2002-10-07,26.9,22.9,24.8,7.3,12.8,18.03,88,1011.6,55,22.6,Lagos
2002-10-08,28.1,23.6,25.5,0.8,13.8,21.36,87,1010.6,33,23.2,Lagos
2002-10-09,27.5,23.9,25.4,6.4,12.4,17.38,87,1010.2,67,23.1,Lagos
2002-10-10,28.2,23.7,25.7,8.0,13.6,18.01,87,1011.2,78,23.2,Lagos
2002-10-11,27.7,24.1,25.6,3.4,16.0,16.46,87,1011.9,96,23.2,Lagos
2002-10-12,27.8,24.1,25.8,7.2,14.1,15.76,87,1010.9,97,23.4,Lagos
2002-10-13,27.7,24.8,25.9,4.6,16.3,16.27,87,1010.0,77,23.5,Lagos
2002-10-14,27.8,24.5,25.8,4.6,13.3,15.71,87,1010.9,77,23.4,Lagos
2002-10-15,27.2,23.8,25.7,5.2,11.8,15.31,88,1010.6,95,23.5,Lagos
2002-10-16,28.6,24.1,26.2,2.5,12.0,18.77,86,1010.2,58,23.6,Lagos
2002-10-17,28.5,24.4,26.0,3.5,14.1,20.1,87,1010.5,52,23.6,Lagos
2002-10-18,27.2,23.6,25.6,7.7,9.7,16.46,90,1009.9,73,23.7,Lagos
2002-10-19,28.0,23.9,26.1,1.7,12.4,17.8,86,1009.9,87,23.5,Lagos
2002-10-20,27.5,24.6,25.9,2.5,8.8,11.9,87,1009.4,94,23.6,Lagos
2002-10-21,28.9,25.0,26.5,2.6,14.0,18.03,86,1009.1,74,23.9,Lagos
2002-10-22,28.6,24.9,26.3,8.8,10.4,16.61,88,1010.2,85,24.1,Lagos
2002-10-23,28.8,23.6,26.3,5.1,9.0,18.33,87,1010.4,85,23.9,Lagos
2002-10-24,28.5,24.1,26.0,6.4,11.9,17.93,88,1010.3,86,23.7,Lagos
2002-10-25,27.1,23.8,25.7,6.6,9.6,16.08,89,1009.9,86,23.8,Lagos
2002-10-26,29.5,24.2,26.4,0.0,12.1,19.29,84,1009.2,61,23.3,Lagos
2002-10-27,29.6,25.3,26.8,3.2,16.0,19.65,83,1009.1,68,23.6,Lagos
2002-10-28,29.0,24.9,26.2,6.4,14.0,17.52,86,1009.1,88,23.7,Lagos
2002-10-29,28.8,25.1,26.4,2.2,9.8,16.16,86,1009.5,96,23.8,Lagos
2002-10-30,28.0,24.7,26.1,4.1,13.1,15.1,87,1009.8,86,23.7,Lagos
2002-10-31,29.0,23.9,26.3,5.0,12.7,18.67,86,1010.5,56,23.6,Lagos
2002-11-01,29.2,25.0,26.8,0.5,11.3,20.65,85,1009.6,48,23.9,Lagos
2002-11-02,29.3,25.0,26.9,0.9,14.5,19.98,85,1009.3,30,24.2,Lagos
2002-11-03,28.3,24.2,26.3,2.1,16.9,16.98,87,1009.2,53,23.9,Lagos
2002-11-04,27.3,24.3,25.6,17.3,13.2,12.29,89,1010.6,93,23.5,Lagos
2002-11-05,26.8,23.7,25.1,9.0,9.7,10.5,89,1011.1,97,23.1,Lagos
2002-11-06,27.5,24.2,25.7,5.2,8.7,14.99,89,1011.6,92,23.7,Lagos
2002-11-07,29.7,24.7,26.9,0.0,14.0,19.75,84,1010.8,62,23.9,Lagos
2002-11-08,29.4,25.0,26.9,3.2,16.7,18.45,84,1011.4,76,24.0,Lagos
2002-11-09,27.8,24.8,26.1,3.8,12.2,14.73,86,1011.8,90,23.7,Lagos
2002-11-10,29.4,24.3,26.4,2.5,9.3,13.71,86,1010.5,58,23.9,Lagos
2002-11-11,28.2,24.6,26.3,6.3,11.0,15.89,88,1010.3,62,24.1,Lagos
2002-11-12,29.4,25.5,27.0,1.8,11.2,18.85,84,1011.2,61,24.0,Lagos
2002-11-13,29.0,24.7,26.7,1.6,16.3,18.17,85,1011.6,36,23.8,Lagos
2002-11-14,27.8,24.8,26.2,5.1,14.3,16.7,87,1011.3,82,23.9,Lagos
2002-11-15,29.6,24.6,27.0,0.2,12.5,18.69,83,1010.0,61,23.8,Lagos
2002-11-16,29.0,25.7,27.0,3.5,15.3,17.06,85,1010.1,44,24.2,Lagos
2002-11-17,29.2,24.9,27.0,0.6,12.6,17.92,84,1010.7,35,24.0,Lagos
2002-11-18,29.0,25.3,27.0,1.1,12.5,18.02,85,1009.8,27,24.1,Lagos
2002-11-19,28.8,24.3,26.8,1.1,14.3,17.41,85,1009.7,35,24.0,Lagos
2002-11-20,29.3,25.1,27.2,0.5,13.1,18.62,83,1009.9,36,24.0,Lagos
2002-11-21,29.6,24.8,27.2,1.7,13.1,18.88,86,1009.7,26,24.5,Lagos
2002-11-22,28.7,25.2,26.9,0.8,13.2,16.03,85,1010.5,40,24.2,Lagos
2002-11-23,29.0,25.4,26.8,6.1,13.3,17.52,85,1010.5,33,24.1,Lagos
2002-11-24,29.7,25.5,27.3,1.0,16.6,19.5,83,1010.9,29,24.2,Lagos
2002-11-25,29.5,25.1,27.1,0.7,16.3,18.59,84,1010.9,29,24.2,Lagos
2002-11-26,28.3,25.0,26.7,1.2,15.5,16.91,85,1010.6,41,24.0,Lagos
2002-11-27,29.6,24.5,27.1,0.6,14.5,18.79,82,1009.8,18,23.7,Lagos
2002-11-28,29.9,24.9,27.2,0.3,14.7,18.38,83,1009.8,20,23.9,Lagos
2002-11-29,29.5,25.8,27.4,2.0,14.9,18.0,83,1009.8,28,24.3,Lagos
2002-11-30,29.6,25.5,27.3,2.1,15.2,17.33,85,1010.0,55,24.5,Lagos
2002-12-01,29.1,25.1,27.0,2.1,14.8,15.67,87,1009.8,73,24.5,Lagos
2002-12-02,28.1,25.7,26.7,4.7,15.3,14.71,86,1009.0,63,24.1,Lagos
2002-12-03,28.6,25.2,26.9,3.1,14.6,15.62,85,1009.7,46,24.2,Lagos
2002-12-04,28.9,25.4,27.1,1.0,16.8,15.61,85,1009.8,64,24.2,Lagos
2002-12-05,28.4,25.4,26.5,4.4,13.1,13.54,86,1008.5,79,24.0,Lagos
2002-12-06,27.9,25.1,26.3,5.8,12.5,12.86,87,1007.7,77,23.9,Lagos
2002-12-07,28.6,25.6,26.7,4.1,13.1,16.4,86,1007.6,66,24.0,Lagos
2002-12-08,28.8,24.9,26.7,4.3,17.9,14.7,86,1008.8,44,24.0,Lagos
2002-12-09,28.3,25.4,26.8,5.2,16.6,15.25,85,1010.5,40,24.1,Lagos
2002-12-10,29.2,25.6,26.8,4.6,15.2,16.46,84,1011.2,42,23.9,Lagos
2002-12-11,29.2,25.7,27.0,1.8,14.5,16.07,86,1011.4,57,24.4,Lagos
2002-12-12,29.0,25.7,26.9,0.9,17.4,15.91,87,1011.6,43,24.5,Lagos
2002-12-13,30.1,25.3,27.2,1.2,16.8,16.56,84,1013.0,43,24.1,Lagos
2002-12-14,29.5,25.3,27.1,1.1,14.0,17.64,86,1012.5,44,24.5,Lagos
2002-12-15,30.0,25.2,27.3,0.7,12.5,18.06,84,1010.9,25,24.3,Lagos
2002-12-16,29.8,25.1,27.0,0.2,13.7,16.88,86,1010.0,27,24.5,Lagos
2002-12-17,29.7,25.3,26.8,0.1,11.9,18.29,84,1010.6,30,23.8,Lagos
2002-12-18,30.5,24.3,26.9,0.0,13.0,19.15,82,1010.9,31,23.4,Lagos
2002-12-19,31.2,23.7,27.1,0.0,15.8,20.15,79,1010.0,61,22.8,Lagos
2002-12-20,31.3,24.8,27.5,0.0,13.6,19.95,79,1010.4,62,23.2,Lagos
2002-12-21,31.3,25.3,27.7,0.0,15.2,19.24,79,1010.0,51,23.6,Lagos
2002-12-22,31.7,25.5,27.8,0.5,15.3,19.72,80,1010.3,52,23.7,Lagos
2002-12-23,31.3,24.9,27.3,0.1,13.8,19.38,79,1011.2,37,22.9,Lagos
2002-12-24,31.2,23.4,26.9,0.0,12.4,19.68,77,1012.0,22,22.2,Lagos
2002-12-25,32.7,23.7,27.5,0.0,15.1,22.05,60,1012.3,20,17.2,Lagos
2002-12-26,31.6,22.2,26.4,0.0,14.1,22.27,53,1011.3,2,14.4,Lagos
2002-12-27,31.5,21.8,26.2,0.0,13.4,22.43,52,1011.4,13,13.8,Lagos
2002-12-28,31.4,20.6,26.4,0.0,12.6,22.07,63,1011.5,0,18.2,Lagos
2002-12-29,32.3,21.9,27.0,0.0,15.8,21.86,71,1011.6,5,20.5,Lagos
2002-12-30,32.2,22.4,26.8,0.0,13.4,21.66,75,1011.5,25,21.2,Lagos
2002-12-31,32.1,22.6,26.7,0.0,13.7,21.73,76,1011.0,51,21.4,Lagos
2003-01-01,31.2,22.5,26.6,0.0,14.1,20.86,77,1011.0,72,21.8,Lagos
2003-01-02,32.0,22.9,27.1,0.0,16.2,21.35,76,1011.4,21,22.1,Lagos
2003-01-03,32.2,23.3,27.3,0.0,15.5,21.1,76,1011.6,36,22.2,Lagos
2003-01-04,32.5,23.1,27.4,0.0,15.3,21.99,75,1010.6,5,22.0,Lagos
2003-01-05,32.0,24.7,27.7,0.0,15.5,21.16,75,1009.7,16,22.5,Lagos
2003-01-06,32.1,24.2,27.8,0.0,17.8,20.11,76,1010.4,19,22.9,Lagos
2003-01-07,30.8,24.6,27.8,0.0,17.1,17.18,80,1010.8,59,23.9,Lagos
2003-01-08,31.2,25.6,28.0,0.7,16.9,18.27,82,1011.0,28,24.5,Lagos
2003-01-09,31.7,26.4,28.3,0.5,17.3,19.14,81,1010.8,25,24.7,Lagos
2003-01-10,31.2,26.1,27.9,2.4,20.6,17.85,83,1010.0,39,24.7,Lagos
2003-01-11,28.8,25.9,27.1,5.4,15.9,15.29,84,1009.6,48,24.2,Lagos
2003-01-12,29.5,25.8,27.0,5.6,14.3,12.41,85,1010.0,85,24.2,Lagos
2003-01-13,28.4,25.6,27.0,5.4,17.3,15.82,85,1010.5,78,24.2,Lagos
2003-01-14,29.1,25.3,27.1,2.2,19.2,16.04,84,1010.4,66,24.1,Lagos
2003-01-15,29.3,24.4,26.8,3.5,19.8,17.23,85,1010.7,51,24.1,Lagos
2003-01-16,30.4,26.1,27.7,0.6,15.8,17.74,82,1010.6,33,24.3,Lagos
2003-01-17,30.6,26.2,27.9,0.5,16.5,19.13,81,1010.0,26,24.2,Lagos
2003-01-18,28.8,26.3,27.4,3.9,15.7,15.36,83,1011.0,50,24.3,Lagos
2003-01-19,30.2,26.1,27.3,4.2,17.3,15.69,85,1010.4,63,24.5,Lagos
2003-01-20,29.7,25.7,27.5,1.4,14.4,18.15,84,1009.8,31,24.4,Lagos
2003-01-21,29.2,25.1,26.8,2.9,17.7,17.03,85,1009.5,64,24.0,Lagos
2003-01-22,28.3,24.4,26.2,7.1,14.4,13.73,87,1009.8,78,23.8,Lagos
2003-01-23,28.1,24.6,26.3,11.0,11.8,14.29,87,1010.3,93,24.0,Lagos
2003-01-24,29.5,25.0,26.9,2.6,15.2,16.35,87,1009.4,74,24.4,Lagos
2003-01-25,29.3,24.7,26.9,3.8,15.7,17.36,84,1009.7,86,24.0,Lagos
2003-01-26,28.9,24.8,26.7,2.5,15.3,14.81,84,1010.4,64,23.7,Lagos
2003-01-27,28.7,24.5,26.7,3.5,16.9,15.39,84,1010.5,63,23.8,Lagos
2003-01-28,29.7,24.6,27.0,1.3,15.9,18.21,84,1010.5,81,23.9,Lagos
2003-01-29,29.1,25.5,27.1,1.4,16.3,15.85,83,1010.1,95,23.9,Lagos
2003-01-30,29.7,25.1,27.4,2.1,17.3,18.53,82,1010.0,63,24.0,Lagos
2003-01-31,30.8,25.0,27.7,0.0,14.5,19.76,81,1008.5,60,24.0,Lagos
2003-02-01,30.6,25.1,27.7,0.2,16.8,19.29,81,1009.1,73,24.0,Lagos
2003-02-02,31.3,26.0,28.1,0.0,19.3,18.87,81,1009.6,39,24.3,Lagos
2003-02-03,31.4,26.0,28.2,0.1,19.3,19.67,81,1009.3,49,24.6,Lagos
2003-02-04,30.9,26.3,28.1,2.1,17.0,18.61,84,1009.7,30,25.0,Lagos
2003-02-05,30.8,25.8,28.1,0.5,16.6,19.26,84,1009.0,22,24.9,Lagos
2003-02-06,31.0,26.1,28.3,0.1,15.4,19.4,82,1008.2,24,24.8,Lagos
2003-02-07,32.8,26.2,28.8,0.0,18.4,20.52,79,1007.4,28,24.5,Lagos
2003-02-08,32.3,26.8,29.0,0.1,22.4,20.75,78,1006.6,65,24.5,Lagos
2003-02-09,31.8,27.0,28.7,1.8,20.9,19.21,80,1006.8,31,24.8,Lagos
2003-02-10,30.9,26.2,28.3,2.7,19.6,18.88,80,1007.8,50,24.4,Lagos
2003-02-11,30.5,25.8,28.1,3.0,19.7,18.88,80,1008.7,55,24.3,Lagos
2003-02-12,31.1,26.7,28.4,2.9,19.2,19.03,79,1009.3,38,24.3,Lagos
2003-02-13,31.0,26.8,28.4,0.4,19.2,19.14,80,1009.1,31,24.5,Lagos
2003-02-14,31.0,26.8,28.3,1.9,19.9,18.92,81,1008.5,81,24.7,Lagos
2003-02-15,30.9,26.6,28.2,1.1,19.9,17.83,81,1007.9,97,24.5,Lagos
2003-02-16,30.5,26.5,27.9,5.7,18.8,16.88,84,1008.0,97,24.9,Lagos
2003-02-17,30.1,25.7,27.5,3.6,15.1,18.03,84,1009.1,92,24.6,Lagos
2003-02-18,31.1,26.1,28.0,1.2,16.0,19.34,84,1009.0,98,24.8,Lagos
2003-02-19,31.6,26.6,28.3,0.2,20.2,19.22,84,1008.1,100,25.2,Lagos
2003-02-20,30.7,26.8,28.2,2.5,21.7,18.04,84,1008.0,98,25.0,Lagos
2003-02-21,31.6,26.6,28.5,1.0,15.3,19.99,81,1008.3,86,24.8,Lagos
2003-02-22,30.2,26.8,27.7,4.4,13.4,16.12,84,1009.8,92,24.8,Lagos
2003-02-23,30.8,26.5,27.8,3.8,15.3,17.59,84,1010.4,80,24.7,Lagos
2003-02-24,30.1,26.4,27.6,1.0,23.5,18.63,84,1009.3,99,24.7,Lagos
2003-02-25,30.1,26.0,27.8,2.2,21.3,18.24,83,1009.7,92,24.5,Lagos
2003-02-26,30.8,26.4,28.2,0.2,15.9,20.89,80,1009.7,72,24.4,Lagos
2003-02-27,31.2,26.5,28.2,0.5,17.6,21.09,80,1009.9,96,24.4,Lagos
2003-02-28,30.9,26.5,28.1,0.6,15.9,20.55,80,1009.8,87,24.3,Lagos
2003-03-01,31.0,26.4,28.1,0.6,21.4,19.58,80,1008.9,36,24.3,Lagos
2003-03-02,31.1,26.4,28.0,1.3,19.7,19.84,81,1008.6,46,24.5,Lagos
2003-03-03,31.5,26.0,28.2,0.8,18.7,20.75,82,1008.3,39,24.7,Lagos
2003-03-04,31.8,26.4,28.5,0.7,18.5,21.72,80,1008.2,36,24.5,Lagos
2003-03-05,33.0,26.3,28.9,0.2,20.8,23.46,78,1006.7,47,24.3,Lagos
2003-03-06,31.2,26.6,28.5,1.1,18.0,20.92,79,1006.6,70,24.5,Lagos
2003-03-07,31.4,27.2,28.7,1.8,17.8,19.5,79,1007.9,52,24.6,Lagos
2003-03-08,31.6,26.8,28.6,2.1,18.9,20.09,80,1008.6,38,24.7,Lagos
2003-03-09,28.3,25.6,27.0,17.6,14.6,9.22,86,1008.8,79,24.4,Lagos
2003-03-10,30.0,26.4,27.9,0.3,15.7,19.35,81,1008.4,52,24.2,Lagos
2003-03-11,30.5,26.5,28.0,0.9,15.8,19.68,80,1009.1,26,24.1,Lagos
2003-03-12,31.1,26.7,28.4,0.0,16.2,22.55,78,1009.0,23,24.0,Lagos
2003-03-13,30.9,26.4,28.0,3.9,13.2,19.79,83,1008.7,46,24.8,Lagos
2003-03-14,32.5,26.5,28.7,0.2,17.7,23.2,79,1008.3,46,24.6,Lagos
2003-03-15,32.1,26.3,28.6,0.2,18.0,22.83,79,1008.6,30,24.5,Lagos
2003-03-16,31.5,26.8,28.7,0.3,16.4,22.11,78,1007.8,40,24.2,Lagos
2003-03-17,32.1,26.9,28.8,0.9,17.7,21.15,79,1007.3,57,24.7,Lagos
2003-03-18,31.8,27.2,28.9,2.1,20.0,19.85,80,1007.6,78,24.9,Lagos
2003-03-19,31.8,27.4,29.0,2.0,21.9,19.34,80,1008.0,95,25.0,Lagos
2003-03-20,29.6,26.1,27.5,7.9,20.3,13.86,83,1008.1,92,24.3,Lagos
2003-03-21,30.8,26.6,28.3,0.3,16.4,20.5,77,1007.8,63,23.8,Lagos
2003-03-22,30.9,26.8,28.4,2.7,20.2,20.58,79,1008.5,78,24.3,Lagos
2003-03-23,31.0,25.3,27.8,6.1,14.3,19.38,84,1009.5,74,24.7,Lagos
2003-03-24,31.5,26.4,28.2,1.1,19.1,19.84,84,1008.5,83,25.2,Lagos
2003-03-25,29.8,26.9,27.8,7.6,18.2,15.81,87,1007.9,96,25.4,Lagos
2003-03-26,30.8,26.9,28.4,0.5,18.5,18.21,82,1008.1,82,25.0,Lagos
2003-03-27,28.4,26.7,27.2,8.1,20.0,14.34,86,1009.9,75,24.6,Lagos
2003-03-28,29.9,26.6,28.0,0.7,14.5,13.2,82,1010.1,97,24.6,Lagos
2003-03-29,31.1,27.0,28.5,0.3,14.3,21.46,79,1008.9,56,24.5,Lagos
2003-03-30,31.1,26.9,28.1,5.0,17.3,20.34,83,1008.3,86,24.9,Lagos
2003-03-31,31.2,26.6,28.4,1.0,16.8,21.15,82,1007.4,54,24.9,Lagos
2003-04-01,30.7,27.3,28.4,1.4,19.2,19.83,83,1007.4,35,25.1,Lagos
2003-04-02,30.0,26.2,27.6,6.3,19.7,17.87,84,1007.9,53,24.7,Lagos
2003-04-03,29.2,26.4,27.1,12.1,19.9,15.83,86,1007.8,88,24.6,Lagos
2003-04-04,30.0,26.8,28.1,1.4,16.6,16.1,81,1008.8,63,24.6,Lagos
2003-04-05,30.6,25.9,28.1,1.6,14.9,21.23,83,1008.4,38,24.8,Lagos
2003-04-06,30.2,26.4,27.5,15.3,12.0,17.9,87,1007.9,74,25.1,Lagos
2003-04-07,30.2,25.9,27.6,3.8,19.5,18.32,84,1006.9,93,24.7,Lagos
2003-04-08,28.4,25.9,27.1,19.1,17.2,11.63,88,1007.9,96,24.8,Lagos
2003-04-09,29.5,26.8,27.7,4.8,22.0,17.68,85,1008.0,69,24.9,Lagos
2003-04-10,30.1,26.7,28.0,6.6,17.9,18.12,83,1008.1,82,24.8,Lagos
2003-04-11,29.8,26.4,27.9,2.2,17.9,18.33,85,1008.8,95,25.0,Lagos
2003-04-12,28.8,25.7,26.8,12.5,10.2,11.65,88,1010.2,98,24.6,Lagos
2003-04-13,31.1,26.1,28.1,0.5,21.7,19.95,82,1009.5,67,24.6,Lagos
2003-04-14,29.2,25.3,27.1,17.5,20.9,14.99,86,1008.3,87,24.4,Lagos
2003-04-15,27.4,24.5,25.8,15.2,17.4,10.86,89,1009.1,100,23.8,Lagos
2003-04-16,29.0,24.6,26.6,5.0,13.5,17.74,86,1008.8,78,24.1,Lagos
2003-04-17,29.0,26.0,27.3,0.5,12.7,10.53,84,1010.2,98,24.4,Lagos
2003-04-18,30.0,25.4,27.2,11.3,15.2,16.44,86,1009.7,97,24.5,Lagos
2003-04-19,28.2,24.3,25.8,29.6,18.6,11.19,89,1010.4,100,23.8,Lagos
2003-04-20,29.5,24.6,26.9,4.6,14.3,18.5,84,1010.6,98,23.9,Lagos
2003-04-21,29.7,25.7,27.6,0.1,13.5,18.39,82,1010.2,79,24.2,Lagos
2003-04-22,29.8,25.6,27.5,2.1,14.5,19.57,85,1008.9,76,24.7,Lagos
2003-04-23,29.6,26.2,27.6,3.2,15.3,20.79,86,1008.0,56,25.0,Lagos
2003-04-24,30.2,26.5,27.9,0.9,12.3,21.23,84,1008.1,30,24.9,Lagos
2003-04-25,30.2,26.4,27.8,3.3,13.1,18.27,86,1008.4,90,25.1,Lagos
2003-04-26,29.6,26.6,27.5,10.8,17.6,16.03,88,1009.3,98,25.2,Lagos
2003-04-27,29.2,26.3,27.3,5.8,14.5,14.18,87,1009.4,96,24.9,Lagos
2003-04-28,30.1,25.9,27.7,1.0,14.2,22.0,85,1008.5,40,24.9,Lagos
2003-04-29,29.5,25.8,27.4,1.5,16.9,18.68,87,1009.7,49,25.0,Lagos
2003-04-30,30.5,26.4,28.0,0.8,17.1,21.0,83,1010.6,33,24.8,Lagos
2003-05-01,30.5,26.8,28.2,0.2,17.6,21.51,79,1010.7,74,24.3,Lagos
2003-05-02,30.6,26.8,28.3,0.5,16.9,20.66,79,1009.5,52,24.2,Lagos
2003-05-03,30.5,26.6,28.2,0.9,14.5,22.28,80,1009.8,29,24.5,Lagos
2003-05-04,29.2,26.2,27.4,8.4,14.9,14.73,85,1009.8,75,24.7,Lagos
2003-05-05,30.0,26.6,28.0,1.1,17.0,16.7,82,1009.5,59,24.7,Lagos
2003-05-06,29.3,25.9,27.2,8.0,17.3,18.74,85,1009.6,66,24.5,Lagos
2003-05-07,30.1,25.4,27.6,3.5,15.1,19.22,83,1009.9,75,24.5,Lagos
2003-05-08,30.6,25.8,28.2,0.9,17.4,21.19,82,1009.5,54,24.6,Lagos
2003-05-09,30.8,26.1,28.2,2.7,15.5,21.03,82,1009.2,32,24.7,Lagos
2003-05-10,30.4,26.5,28.1,1.8,17.1,19.34,83,1008.8,63,25.0,Lagos
2003-05-11,29.4,26.0,27.4,5.1,20.9,17.36,86,1009.8,50,24.8,Lagos
2003-05-12,30.1,25.3,27.1,11.7,20.1,20.8,86,1010.4,73,24.4,Lagos
2003-05-13,28.8,25.1,26.6,9.4,17.9,17.89,87,1011.2,68,24.3,Lagos
2003-05-14,29.7,25.8,27.6,1.1,14.6,15.4,82,1011.3,93,24.2,Lagos
2003-05-15,29.9,26.1,27.7,2.5,13.4,19.08,82,1010.5,58,24.2,Lagos
2003-05-16,28.6,26.0,26.9,9.1,15.0,16.69,88,1009.8,49,24.7,Lagos
2003-05-17,28.7,25.7,26.9,14.1,10.2,16.76,88,1009.6,69,24.7,Lagos
2003-05-18,29.5,25.9,27.3,6.7,13.4,16.97,85,1008.8,72,24.5,Lagos
2003-05-19,29.2,25.8,27.0,20.0,16.1,9.96,87,1008.8,94,24.5,Lagos
2003-05-20,29.1,24.8,27.3,12.1,12.6,14.3,84,1009.2,94,24.4,Lagos
2003-05-21,30.1,26.3,28.1,1.1,15.3,20.47,82,1010.0,70,24.6,Lagos
2003-05-22,30.0,26.3,27.8,3.5,11.6,18.69,83,1010.4,74,24.6,Lagos
2003-05-23,30.0,26.5,27.6,6.1,12.9,17.42,84,1009.9,97,24.6,Lagos
2003-05-24,29.1,26.3,27.3,5.7,17.1,11.87,86,1009.0,94,24.6,Lagos
2003-05-25,28.3,25.3,26.6,15.3,16.6,12.1,87,1010.0,98,24.2,Lagos
2003-05-26,29.2,25.1,26.9,7.3,8.3,14.33,88,1010.4,97,24.7,Lagos
2003-05-27,28.1,25.0,26.7,7.3,15.7,15.26,89,1009.5,92,24.7,Lagos
2003-05-28,28.9,25.2,26.5,13.8,13.9,15.34,88,1009.8,98,24.3,Lagos
2003-05-29,26.4,24.4,25.3,28.6,11.1,8.78,91,1010.9,100,23.7,Lagos
2003-05-30,27.8,24.4,25.8,16.9,15.2,14.48,89,1011.0,90,23.8,Lagos
2003-05-31,27.1,24.2,25.6,11.6,13.1,12.1,89,1011.4,86,23.7,Lagos
2003-06-01,27.7,24.7,26.2,3.3,15.9,14.52,86,1011.6,91,23.6,Lagos
2003-06-02,26.2,24.2,25.2,22.1,13.6,5.7,92,1011.4,99,23.7,Lagos
2003-06-03,28.4,23.9,25.9,10.6,12.2,14.8,88,1011.0,99,23.6,Lagos
2003-06-04,27.0,25.2,26.0,10.7,9.5,11.46,88,1010.2,94,23.9,Lagos
2003-06-05,27.8,24.1,26.0,8.5,15.4,15.5,88,1010.0,76,23.7,Lagos
2003-06-06,27.3,24.0,25.3,14.4,13.9,12.25,90,1010.8,99,23.6,Lagos
2003-06-07,28.4,24.1,25.9,3.6,11.8,16.31,87,1010.5,85,23.4,Lagos
2003-06-08,27.1,24.2,25.8,6.6,12.2,13.89,88,1010.5,90,23.6,Lagos
2003-06-09,28.9,24.8,26.2,12.5,14.5,16.14,87,1010.9,84,23.8,Lagos
2003-06-10,27.9,24.2,25.7,14.0,17.9,14.24,88,1011.2,98,23.7,Lagos
2003-06-11,27.5,24.3,25.4,16.3,12.7,12.72,89,1010.9,90,23.4,Lagos
2003-06-12,26.9,23.3,25.2,15.0,12.0,14.29,89,1011.4,81,23.2,Lagos
2003-06-13,27.9,23.8,25.7,4.6,14.9,16.58,87,1011.5,72,23.3,Lagos
2003-06-14,27.3,24.2,25.7,4.6,12.7,13.82,87,1011.7,78,23.4,Lagos
2003-06-15,27.8,24.5,26.2,5.8,13.5,17.28,86,1011.1,80,23.7,Lagos
2003-06-16,27.5,24.9,26.0,3.1,15.8,15.88,88,1010.3,74,23.8,Lagos
2003-06-17,27.6,24.3,25.8,10.2,14.1,16.29,88,1010.2,77,23.7,Lagos
2003-06-18,26.8,24.6,25.6,8.8,11.6,11.38,88,1010.9,85,23.4,Lagos
2003-06-19,28.5,23.8,26.1,5.6,13.5,16.69,88,1011.3,73,23.8,Lagos
2003-06-20,28.8,25.1,26.2,4.2,15.5,17.56,87,1010.2,62,23.8,Lagos
2003-06-21,26.5,24.4,25.2,13.0,14.8,12.18,90,1010.7,82,23.4,Lagos
2003-06-22,26.2,24.2,24.9,18.5,15.1,10.1,90,1011.0,99,23.1,Lagos
2003-06-23,25.3,23.5,24.5,41.7,14.8,7.33,92,1012.3,99,23.1,Lagos
2003-06-24,26.7,24.1,25.3,0.5,16.1,5.9,87,1012.6,96,23.0,Lagos
2003-06-25,25.2,23.7,24.5,26.4,21.3,9.46,91,1012.1,92,22.9,Lagos
2003-06-26,27.1,23.3,25.0,4.7,14.4,14.12,87,1012.4,87,22.6,Lagos
2003-06-27,27.4,23.8,25.4,0.9,15.9,18.5,83,1012.3,43,22.2,Lagos
2003-06-28,27.0,24.0,25.2,1.4,16.7,15.88,85,1012.4,49,22.5,Lagos
2003-06-29,26.9,24.0,24.9,5.7,20.2,14.3,86,1012.3,76,22.4,Lagos
2003-06-30,27.3,23.6,25.2,0.7,20.0,19.2,86,1012.4,49,22.5,Lagos
2003-07-01,26.6,24.0,25.1,1.1,19.1,15.02,85,1012.0,87,22.5,Lagos
2003-07-02,27.0,24.2,25.2,0.2,24.0,16.79,83,1012.4,53,22.1,Lagos
2003-07-03,27.7,23.9,25.4,0.0,21.6,20.56,81,1013.3,73,21.9,Lagos
2003-07-04,27.5,23.5,25.3,0.0,13.9,20.12,83,1012.4,61,22.2,Lagos
2003-07-05,26.7,23.4,24.8,1.4,14.3,18.99,86,1011.6,78,22.3,Lagos
2003-07-06,27.4,23.8,25.2,0.5,16.5,19.32,85,1011.2,43,22.3,Lagos
2003-07-07,27.4,23.7,25.0,3.5,21.4,18.54,86,1011.9,62,22.4,Lagos
2003-07-08,27.5,23.6,25.2,0.5,19.9,20.37,83,1011.5,49,22.1,Lagos
2003-07-09,27.8,23.6,25.3,0.4,17.1,19.72,84,1011.5,73,22.3,Lagos
2003-07-10,28.0,24.0,25.2,4.8,18.2,17.44,85,1011.3,76,22.5,Lagos
2003-07-11,27.6,24.1,25.3,0.6,19.2,18.14,85,1012.3,69,22.5,Lagos
2003-07-12,27.1,23.8,25.0,2.1,17.1,16.04,87,1012.4,91,22.6,Lagos
2003-07-13,28.0,23.8,25.2,0.8,14.7,19.21,86,1012.5,78,22.6,Lagos
2003-07-14,27.6,23.8,25.3,0.7,17.5,19.07,87,1011.8,82,23.0,Lagos
2003-07-15,28.1,23.8,25.4,1.0,16.9,19.82,86,1012.1,80,22.9,Lagos
2003-07-16,26.9,24.0,25.2,1.9,16.6,14.03,87,1012.1,96,22.9,Lagos
2003-07-17,27.6,24.1,25.3,1.4,19.7,17.59,87,1013.2,84,22.9,Lagos
2003-07-18,26.0,23.8,24.7,6.9,18.1,12.55,88,1014.4,89,22.7,Lagos
2003-07-19,26.8,23.6,24.9,3.9,21.1,15.09,87,1014.5,95,22.5,Lagos
2003-07-20,25.4,23.4,24.3,9.6,20.9,8.22,87,1013.6,99,22.0,Lagos
2003-07-21,25.6,23.5,24.4,2.4,20.8,10.4,85,1014.1,85,21.6,Lagos
2003-07-22,26.4,23.5,24.5,0.3,15.8,13.96,83,1014.5,63,21.4,Lagos
2003-07-23,26.5,23.0,24.6,0.0,17.2,18.07,84,1013.9,36,21.7,Lagos
2003-07-24,27.3,23.1,24.8,0.0,17.8,19.95,84,1013.3,53,21.7,Lagos
2003-07-25,27.6,23.1,24.9,0.0,15.0,19.45,84,1013.7,58,22.0,Lagos
2003-07-26,27.7,23.3,25.1,0.1,18.3,20.02,84,1013.3,42,22.2,Lagos
2003-07-27,27.8,23.6,25.3,0.0,18.6,19.47,84,1012.9,50,22.2,Lagos
2003-07-28,27.9,23.7,25.4,0.5,19.2,20.11,83,1012.7,83,22.2,Lagos
2003-07-29,27.9,23.7,25.3,0.2,19.7,19.31,83,1012.8,43,22.1,Lagos
2003-07-30,27.1,23.9,25.2,0.2,22.9,15.02,82,1012.4,84,21.9,Lagos
2003-07-31,26.1,23.7,24.8,2.5,19.4,10.85,83,1012.7,90,21.7,Lagos
2003-08-01,26.9,24.0,25.0,0.9,20.8,13.33,84,1012.8,99,22.1,Lagos
2003-08-02,27.4,23.8,25.3,0.3,19.8,18.21,83,1012.8,75,22.1,Lagos
2003-08-03,27.0,23.6,25.1,1.0,18.9,16.9,84,1012.2,69,22.2,Lagos
2003-08-04,27.7,23.7,25.4,0.1,18.9,18.37,82,1011.4,52,22.0,Lagos
2003-08-05,26.7,23.8,25.0,2.9,20.5,8.82,85,1011.0,87,22.2,Lagos
2003-08-06,27.2,23.8,25.2,3.3,18.6,19.16,84,1011.9,71,22.2,Lagos
2003-08-07,27.4,23.5,25.2,0.0,16.9,20.25,85,1012.7,56,22.4,Lagos
2003-08-08,28.5,23.6,25.6,0.3,14.3,19.66,82,1013.1,48,22.1,Lagos
2003-08-09,28.6,23.7,25.7,0.2,17.6,19.44,83,1012.7,64,22.6,Lagos
2003-08-10,27.7,24.3,25.4,3.1,20.3,11.2,83,1012.0,95,22.3,Lagos
2003-08-11,27.9,24.1,25.1,8.4,21.5,13.01,86,1011.8,88,22.5,Lagos
2003-08-12,28.0,23.4,25.3,2.1,21.9,18.19,85,1012.3,69,22.4,Lagos
2003-08-13,27.0,23.6,25.0,6.2,19.8,14.61,87,1012.9,98,22.6,Lagos
2003-08-14,27.3,23.5,25.1,5.8,17.8,16.2,86,1013.3,83,22.6,Lagos
2003-08-15,27.0,24.1,25.3,3.2,22.5,15.04,84,1012.9,71,22.4,Lagos
2003-08-16,27.6,23.8,25.1,9.1,22.1,15.73,86,1012.5,79,22.6,Lagos
2003-08-17,26.8,23.8,25.1,3.2,21.0,14.17,85,1013.1,93,22.4,Lagos
2003-08-18,26.8,23.6,25.0,4.1,18.4,13.83,86,1013.5,96,22.5,Lagos
2003-08-19,25.2,23.1,24.2,19.1,22.1,8.72,91,1012.3,100,22.6,Lagos
2003-08-20,26.0,23.5,24.3,8.0,23.7,14.12,89,1011.8,86,22.3,Lagos
2003-08-21,26.0,23.1,24.5,1.0,19.7,12.56,86,1012.3,74,22.0,Lagos
2003-08-22,26.4,23.5,24.7,0.6,18.4,13.4,85,1011.6,98,22.0,Lagos
2003-08-23,26.2,23.7,24.6,1.2,19.8,12.91,86,1012.6,91,22.1,Lagos
2003-08-24,26.8,23.5,24.9,1.3,17.4,17.95,86,1013.1,71,22.3,Lagos
2003-08-25,27.2,23.5,25.0,0.6,14.6,15.71,85,1012.5,95,22.3,Lagos
2003-08-26,26.9,23.5,25.0,0.6,18.4,18.69,86,1012.2,67,22.5,Lagos
2003-08-27,27.4,23.9,25.2,0.2,18.3,18.95,85,1012.1,71,22.5,Lagos
2003-08-28,27.5,23.8,25.3,0.8,19.8,19.01,84,1012.0,74,22.5,Lagos
2003-08-29,27.6,23.7,25.4,1.0,18.1,19.78,85,1012.4,57,22.6,Lagos
2003-08-30,27.4,23.9,25.2,3.1,17.8,15.46,87,1012.4,83,22.8,Lagos
2003-08-31,26.9,23.8,25.1,3.8,21.4,18.71,86,1012.6,77,22.7,Lagos
2003-09-01,27.6,23.8,25.3,1.2,21.0,18.87,85,1012.5,63,22.6,Lagos
2003-09-02,27.5,23.8,25.2,4.0,17.0,17.23,86,1013.1,79,22.7,Lagos
2003-09-03,27.1,23.9,24.8,20.2,17.7,11.25,89,1013.2,98,22.8,Lagos
2003-09-04,26.8,23.0,24.7,6.1,18.8,12.64,88,1012.5,86,22.6,Lagos
2003-09-05,26.2,23.5,24.7,8.1,19.4,13.5,89,1012.4,88,22.7,Lagos
2003-09-06,26.2,23.6,24.8,7.7,19.9,14.79,87,1012.6,90,22.4,Lagos
2003-09-07,26.2,23.5,24.8,6.5,14.4,12.07,88,1013.1,97,22.6,Lagos
2003-09-08,27.9,23.4,25.1,5.5,13.2,14.25,88,1012.8,85,23.0,Lagos
2003-09-09,27.8,23.6,25.2,2.6,16.0,18.28,86,1012.6,72,22.7,Lagos
2003-09-10,27.8,23.7,25.3,2.1,13.2,20.22,87,1012.5,94,22.9,Lagos
2003-09-11,28.1,24.4,25.8,1.2,18.1,19.66,86,1011.9,68,23.3,Lagos
2003-09-12,27.5,24.2,25.2,10.5,16.0,14.23,89,1012.0,86,23.2,Lagos
2003-09-13,26.9,23.3,25.0,7.1,16.1,15.2,88,1013.0,98,22.8,Lagos
2003-09-14,27.8,24.1,25.4,3.6,15.3,16.92,88,1012.1,91,23.2,Lagos
2003-09-15,26.8,23.7,25.1,8.1,16.0,15.44,87,1012.1,82,22.9,Lagos
2003-09-16,27.9,23.9,25.6,4.0,15.3,19.53,86,1012.2,69,23.1,Lagos
2003-09-17,27.9,24.0,25.8,1.8,17.4,19.5,85,1011.2,59,23.0,Lagos
2003-09-18,27.9,24.2,25.6,8.5,17.2,17.27,87,1010.5,92,23.2,Lagos
2003-09-19,26.4,23.6,24.6,14.7,15.1,13.05,90,1010.6,95,23.0,Lagos
2003-09-20,26.6,23.6,25.0,10.0,11.5,13.44,89,1012.5,81,23.0,Lagos
2003-09-21,28.4,24.1,25.6,4.3,14.9,17.37,87,1012.5,91,23.3,Lagos
2003-09-22,27.5,23.4,25.5,9.3,10.8,13.85,87,1011.2,91,23.1,Lagos
2003-09-23,28.2,24.6,26.1,2.8,15.3,19.61,86,1010.0,92,23.6,Lagos
2003-09-24,27.5,24.1,25.4,5.6,13.0,12.69,89,1010.5,98,23.3,Lagos
2003-09-25,28.6,24.2,26.2,5.2,13.6,18.77,86,1010.1,85,23.7,Lagos
2003-09-26,28.5,24.9,26.3,1.9,16.3,17.24,85,1010.3,92,23.6,Lagos
2003-09-27,28.3,24.6,26.3,1.8,12.9,17.9,87,1010.5,73,23.8,Lagos
2003-09-28,28.3,24.4,26.2,0.9,11.7,19.64,87,1010.8,48,23.8,Lagos
2003-09-29,29.2,24.8,26.7,1.0,12.8,19.55,85,1010.6,80,23.9,Lagos
2003-09-30,28.1,24.1,26.1,6.0,10.8,15.47,86,1011.1,91,23.6,Lagos
2003-10-01,29.0,24.7,26.5,2.5,11.5,19.41,84,1009.9,81,23.5,Lagos
2003-10-02,28.2,24.2,26.3,7.1,10.3,17.99,86,1009.7,65,23.7,Lagos
2003-10-03,28.4,24.3,26.2,2.5,13.0,18.56,86,1009.7,98,23.6,Lagos
2003-10-04,28.7,24.8,26.3,3.1,15.6,18.05,86,1009.7,52,23.7,Lagos
2003-10-05,27.7,24.3,25.7,12.1,12.8,15.35,88,1010.2,89,23.6,Lagos
2003-10-06,27.4,24.2,25.8,8.0,11.5,13.75,89,1010.1,95,23.8,Lagos
2003-10-07,28.4,24.5,26.4,0.8,11.6,19.18,87,1010.4,72,24.1,Lagos
2003-10-08,28.7,24.9,26.5,5.6,15.8,16.91,86,1009.7,91,24.0,Lagos
2003-10-09,28.8,25.0,26.8,1.9,18.6,19.48,86,1008.5,49,24.2,Lagos
2003-10-10,28.7,24.7,26.7,2.0,16.0,18.06,87,1009.1,71,24.3,Lagos
2003-10-11,28.9,24.7,26.7,2.3,13.5,18.8,85,1009.6,61,24.0,Lagos
2003-10-12,28.2,25.0,26.4,1.3,14.6,16.79,87,1009.8,78,24.1,Lagos
2003-10-13,27.6,24.7,25.8,6.5,13.1,16.09,89,1008.8,95,23.8,Lagos
2003-10-14,27.4,24.0,25.3,14.3,11.5,11.68,88,1009.3,94,23.2,Lagos
2003-10-15,27.0,24.2,25.5,13.6,12.2,14.17,89,1010.0,93,23.6,Lagos
2003-10-16,26.9,24.0,25.2,11.7,10.3,9.75,90,1011.0,100,23.5,Lagos
2003-10-17,27.9,24.2,25.6,12.7,11.7,13.62,89,1011.2,97,23.7,Lagos
2003-10-18,29.7,24.1,26.5,0.0,11.8,18.6,84,1010.9,84,23.5,Lagos
2003-10-19,29.0,25.1,27.0,0.5,12.2,17.07,84,1010.7,94,24.1,Lagos
2003-10-20,28.5,25.0,26.6,2.6,14.1,16.84,88,1010.1,51,24.4,Lagos
2003-10-21,27.9,24.8,26.4,4.6,12.0,14.77,88,1010.3,65,24.2,Lagos
2003-10-22,27.5,24.3,26.4,7.0,11.3,15.47,88,1010.4,82,24.3,Lagos
2003-10-23,29.4,25.5,26.9,2.4,13.3,19.04,86,1010.7,87,24.3,Lagos
2003-10-24,29.4,25.5,26.8,2.4,19.1,16.97,85,1010.2,65,24.1,Lagos
2003-10-25,28.1,24.7,26.4,3.6,9.8,14.57,86,1009.9,69,24.0,Lagos
2003-10-26,28.2,24.8,26.3,0.8,14.8,14.83,89,1009.1,77,24.2,Lagos
2003-10-27,28.9,24.4,26.4,0.8,6.8,14.21,87,1009.3,67,24.0,Lagos
2003-10-28,29.4,24.5,26.9,2.6,14.6,17.97,86,1009.1,90,24.3,Lagos
2003-10-29,28.6,25.7,27.0,3.1,13.5,15.57,85,1009.8,93,24.3,Lagos
2003-10-30,28.0,25.0,26.5,1.1,13.6,14.72,88,1009.4,77,24.4,Lagos
2003-10-31,28.3,25.0,26.4,3.4,13.8,16.91,87,1008.8,69,24.1,Lagos
2003-11-01,29.1,24.7,26.3,6.3,12.5,17.72,86,1008.2,72,23.8,Lagos
2003-11-02,28.9,24.2,26.5,3.3,10.4,14.08,86,1008.5,76,23.9,Lagos
2003-11-03,28.2,25.1,26.3,3.3,10.9,14.03,88,1009.1,84,24.2,Lagos
2003-11-04,29.3,24.9,26.9,2.3,14.0,17.43,85,1008.8,97,24.1,Lagos
2003-11-05,29.6,25.9,27.3,1.0,11.6,18.79,84,1008.5,49,24.3,Lagos
2003-11-06,28.0,25.4,26.6,6.6,13.7,16.44,87,1008.8,45,24.3,Lagos
2003-11-07,28.7,24.8,26.3,11.8,9.2,16.05,87,1009.5,58,23.8,Lagos
2003-11-08,29.3,24.6,26.6,4.0,10.9,16.74,86,1010.5,73,24.0,Lagos
2003-11-09,27.9,24.5,26.3,8.6,9.9,12.13,88,1010.1,75,24.0,Lagos
2003-11-10,28.8,24.8,26.7,4.2,12.7,16.69,87,1009.2,87,24.3,Lagos
2003-11-11,29.6,24.4,27.0,0.9,10.3,17.56,86,1009.1,48,24.4,Lagos
2003-11-12,29.2,25.5,27.3,1.2,11.1,18.59,85,1009.8,74,24.6,Lagos
2003-11-13,28.7,24.3,26.7,4.7,11.5,15.9,88,1011.4,56,24.5,Lagos
2003-11-14,28.8,25.0,26.5,12.8,9.7,15.04,87,1011.3,94,24.1,Lagos
2003-11-15,29.9,26.3,27.5,7.7,8.8,16.99,85,1010.1,77,24.7,Lagos
2003-11-16,29.6,25.8,27.3,7.3,12.7,16.48,86,1008.5,53,24.8,Lagos
2003-11-17,29.3,24.7,27.1,1.7,11.8,17.54,86,1008.3,60,24.6,Lagos
2003-11-18,30.2,26.0,27.4,2.6,12.8,19.06,86,1007.7,65,24.9,Lagos
2003-11-19,30.1,26.1,27.7,0.8,14.2,18.82,86,1007.5,76,25.1,Lagos
2003-11-20,30.1,26.1,27.7,0.8,15.3,18.53,85,1008.3,67,24.8,Lagos
2003-11-21,29.9,26.3,27.7,0.9,13.8,18.1,85,1009.3,55,24.9,Lagos
2003-11-22,30.2,25.5,27.6,0.0,10.9,18.99,82,1008.9,31,24.1,Lagos
2003-11-23,29.2,25.4,26.9,3.4,13.5,16.1,85,1009.8,52,24.1,Lagos
2003-11-24,29.8,25.8,27.5,3.1,12.5,14.77,84,1009.7,73,24.4,Lagos
2003-11-25,30.3,26.0,27.9,0.8,15.3,18.81,81,1009.0,65,24.4,Lagos
2003-11-26,29.5,26.1,27.5,0.9,14.0,16.62,84,1009.5,71,24.7,Lagos
2003-11-27,29.0,24.8,26.7,2.6,15.0,15.04,87,1009.3,48,24.4,Lagos
2003-11-28,28.7,24.3,26.8,2.5,13.3,14.05,85,1008.6,75,23.9,Lagos
2003-11-29,30.1,24.7,27.3,0.5,11.4,18.63,82,1008.4,69,24.0,Lagos
2003-11-30,29.7,25.2,27.4,0.4,13.5,18.33,82,1007.9,29,24.1,Lagos
2003-12-01,29.6,25.3,27.2,3.3,11.5,17.01,83,1008.3,49,24.1,Lagos
2003-12-02,30.2,25.8,27.7,0.2,13.6,16.97,81,1008.5,85,24.2,Lagos
2003-12-03,29.0,25.8,27.0,2.9,14.2,11.05,86,1008.6,95,24.5,Lagos
2003-12-04,29.3,25.7,27.4,4.3,11.7,15.2,85,1008.2,69,24.7,Lagos
2003-12-05,30.0,25.6,27.7,0.7,11.9,16.96,84,1008.7,37,24.7,Lagos
2003-12-06,30.1,25.4,27.5,1.3,12.0,18.32,85,1009.5,42,24.8,Lagos
2003-12-07,31.3,25.3,27.8,0.0,14.6,19.84,83,1009.2,22,24.4,Lagos
2003-12-08,30.7,25.3,27.3,0.4,15.6,20.63,71,1009.8,88,20.7,Lagos
2003-12-09,30.9,22.2,26.8,0.0,10.0,22.2,69,1010.3,55,20.2,Lagos
2003-12-10,31.3,24.4,27.6,0.0,15.0,21.29,72,1010.2,11,21.9,Lagos
2003-12-11,30.9,25.5,28.0,0.1,16.8,18.53,75,1010.3,15,23.1,Lagos
2003-12-12,30.3,25.6,27.9,0.8,14.5,18.21,80,1009.4,38,24.1,Lagos
2003-12-13,30.4,25.4,27.4,3.5,17.2,16.62,82,1009.4,54,24.0,Lagos
2003-12-14,29.2,25.3,27.2,3.8,17.0,15.96,84,1010.2,55,24.2,Lagos
2003-12-15,29.8,25.0,27.3,2.1,15.5,15.73,83,1009.2,49,24.0,Lagos
2003-12-16,30.2,25.7,27.6,0.6,15.0,17.32,82,1009.1,24,24.1,Lagos
2003-12-17,29.1,25.6,27.3,2.0,14.8,15.7,84,1010.2,43,24.3,Lagos
2003-12-18,31.1,25.3,27.8,0.0,15.6,18.17,82,1010.1,46,24.3,Lagos
2003-12-19,31.5,25.8,28.0,0.0,16.1,18.84,81,1009.9,23,24.2,Lagos
2003-12-20,30.2,25.9,27.7,0.8,13.7,16.33,82,1010.6,34,24.3,Lagos
2003-12-21,29.9,24.7,27.2,5.2,12.6,15.51,85,1010.3,86,24.4,Lagos
2003-12-22,30.9,25.1,27.6,0.7,12.6,17.32,82,1010.4,78,24.1,Lagos
2003-12-23,31.3,25.3,27.9,0.0,14.4,19.81,77,1010.3,20,23.3,Lagos
2003-12-24,30.7,25.8,28.1,0.1,15.5,18.62,78,1010.1,46,23.8,Lagos
2003-12-25,31.5,25.9,28.0,2.5,13.3,18.81,82,1009.9,48,24.6,Lagos
2003-12-26,31.4,26.0,28.0,0.0,12.8,19.04,80,1009.3,26,24.1,Lagos
2003-12-27,31.2,25.0,27.7,0.0,14.2,17.94,81,1008.0,43,24.0,Lagos
2003-12-28,32.1,24.7,27.7,0.0,12.0,19.31,77,1006.9,44,22.8,Lagos
2003-12-29,32.1,24.0,27.6,0.0,15.3,20.51,77,1007.1,62,22.8,Lagos
2003-12-30,31.5,25.0,28.0,0.0,13.4,18.8,75,1009.3,54,23.0,Lagos
2003-12-31,32.0,25.2,28.2,0.1,13.8,19.3,77,1011.0,29,23.5,Lagos
2004-01-01,32.2,25.2,28.2,0.0,13.4,20.08,76,1009.8,18,23.3,Lagos
2004-01-02,31.5,26.3,28.3,0.1,15.0,19.78,76,1009.5,32,23.4,Lagos
2004-01-03,32.0,25.9,28.3,0.0,13.9,20.59,75,1008.0,10,23.2,Lagos
2004-01-04,32.7,25.8,28.4,0.0,15.8,20.85,77,1007.0,9,23.7,Lagos
2004-01-05,31.8,26.6,28.6,0.5,16.0,17.22,80,1007.3,32,24.6,Lagos
2004-01-06,30.3,26.7,28.2,1.1,19.0,13.5,84,1007.7,90,25.1,Lagos
2004-01-07,31.1,26.6,28.3,1.5,17.2,17.01,82,1006.7,69,24.9,Lagos
2004-01-08,30.1,26.7,28.0,1.8,14.9,16.38,83,1007.2,57,24.9,Lagos
2004-01-09,30.7,26.3,27.8,1.4,11.9,16.55,83,1007.7,79,24.5,Lagos
2004-01-10,31.8,25.6,27.8,0.0,14.1,18.97,81,1007.7,91,24.0,Lagos
2004-01-11,32.1,25.2,27.9,0.0,17.1,20.55,79,1008.2,26,23.7,Lagos
2004-01-12,31.8,25.1,27.9,0.0,15.9,20.82,78,1009.4,88,23.4,Lagos
2004-01-13,32.8,25.9,28.3,0.0,14.4,19.41,77,1009.5,99,23.5,Lagos
2004-01-14,32.2,25.5,28.0,0.0,16.9,21.01,78,1008.9,32,23.5,Lagos
2004-01-15,31.6,25.1,27.8,0.0,15.2,19.22,78,1007.3,22,23.3,Lagos
2004-01-16,32.4,26.2,28.3,0.0,20.4,19.12,81,1007.2,76,24.4,Lagos
2004-01-17,32.0,26.4,28.3,0.4,15.3,18.94,79,1007.7,67,24.1,Lagos
2004-01-18,30.8,26.1,27.9,1.0,14.6,18.25,83,1007.2,84,24.6,Lagos
2004-01-19,31.2,26.1,28.0,0.9,15.0,18.76,81,1007.3,97,24.2,Lagos
2004-01-20,28.5,25.8,26.8,8.4,20.8,11.22,83,1008.3,96,23.7,Lagos
2004-01-21,26.9,24.3,25.8,26.1,14.6,7.93,89,1010.2,100,23.7,Lagos
2004-01-22,30.1,24.2,27.0,0.4,13.7,19.28,84,1009.9,81,23.9,Lagos
2004-01-23,29.4,24.0,26.7,10.2,15.1,17.19,86,1009.3,75,24.0,Lagos
2004-01-24,29.8,25.4,27.4,1.1,13.6,18.48,83,1007.9,49,24.2,Lagos
2004-01-25,30.4,25.2,27.5,0.7,11.9,19.1,82,1007.2,72,24.1,Lagos
2004-01-26,30.7,25.8,27.6,1.1,15.1,18.64,83,1007.6,75,24.4,Lagos
2004-01-27,31.1,26.1,27.9,0.0,19.5,20.01,83,1009.5,86,24.6,Lagos
2004-01-28,29.9,25.9,27.7,0.8,19.2,18.74,82,1010.2,90,24.1,Lagos
2004-01-29,31.0,25.7,27.6,0.0,16.8,20.51,81,1009.0,85,23.9,Lagos
2004-01-30,30.1,25.5,27.4,0.0,14.6,19.46,81,1009.5,76,23.6,Lagos
2004-01-31,30.8,25.5,27.5,0.2,16.9,19.46,80,1010.6,49,23.7,Lagos
2004-02-01,30.6,25.9,27.7,0.3,16.6,18.4,81,1010.4,87,24.1,Lagos
2004-02-02,28.3,25.8,26.4,14.2,15.6,10.23,88,1009.8,69,24.2,Lagos
2004-02-03,29.2,25.5,26.9,1.5,13.0,17.0,87,1010.1,48,24.5,Lagos
2004-02-04,29.9,24.3,26.6,0.2,14.8,21.88,78,1010.0,73,22.1,Lagos
2004-02-05,31.2,23.3,26.9,0.0,14.4,24.0,63,1008.9,22,18.3,Lagos
2004-02-06,31.4,21.0,26.5,0.0,13.2,24.35,60,1008.6,4,17.1,Lagos
2004-02-07,31.5,21.4,27.0,0.0,14.7,23.91,67,1009.1,0,20.0,Lagos
2004-02-08,31.8,23.2,27.2,0.0,14.8,23.38,74,1008.8,10,21.9,Lagos
2004-02-09,32.3,23.1,27.2,0.0,14.6,22.23,77,1008.2,20,22.4,Lagos
2004-02-10,31.9,24.3,27.3,0.0,16.9,21.67,80,1008.7,39,23.1,Lagos
2004-02-11,31.1,25.9,27.8,0.0,20.1,17.54,79,1008.6,48,23.7,Lagos
2004-02-12,31.5,25.5,27.9,0.1,19.5,20.68,81,1009.1,17,24.1,Lagos
2004-02-13,30.5,26.1,27.6,1.6,18.1,18.96,84,1010.2,33,24.5,Lagos
2004-02-14,29.8,25.8,27.6,1.7,17.1,18.03,83,1010.6,34,24.4,Lagos
2004-02-15,29.2,26.0,27.3,2.5,13.0,16.27,84,1010.0,69,24.3,Lagos
2004-02-16,31.5,25.1,27.9,0.0,14.6,20.91,79,1009.0,66,23.7,Lagos
2004-02-17,31.2,25.5,28.1,0.9,16.0,19.54,80,1009.5,36,24.3,Lagos
2004-02-18,31.2,26.3,28.2,0.8,16.6,20.0,80,1008.5,39,24.4,Lagos
2004-02-19,30.8,26.4,28.3,1.7,15.3,19.27,81,1007.5,57,24.6,Lagos
2004-02-20,30.9,26.1,28.1,2.0,15.8,18.82,83,1007.3,38,24.8,Lagos
2004-02-21,31.1,26.6,28.2,2.5,17.4,20.44,83,1008.8,51,24.9,Lagos
2004-02-22,30.4,26.4,28.0,1.7,17.4,18.75,84,1009.0,59,25.0,Lagos
2004-02-23,31.0,26.1,28.1,1.7,18.2,20.37,83,1007.5,48,24.7,Lagos
2004-02-24,30.8,25.9,28.0,1.7,17.7,20.25,84,1007.4,36,24.9,Lagos
2004-02-25,30.1,26.6,27.8,0.7,22.8,17.07,84,1009.4,54,24.9,Lagos
2004-02-26,30.4,26.2,27.3,4.0,17.1,16.91,84,1010.7,64,24.4,Lagos
2004-02-27,30.2,26.0,27.8,1.5,18.9,19.09,83,1010.3,75,24.5,Lagos
2004-02-28,30.7,26.3,28.1,2.1,18.2,18.08,82,1009.0,51,24.6,Lagos
2004-02-29,30.3,26.6,28.0,4.0,17.3,19.44,84,1008.4,48,24.9,Lagos
2004-03-01,28.7,25.8,27.2,7.2,19.2,13.23,84,1008.7,89,24.2,Lagos
2004-03-02,30.3,25.3,27.5,4.7,19.1,18.6,84,1007.8,47,24.6,Lagos
2004-03-03,30.5,25.8,27.9,1.1,13.5,19.65,83,1007.9,77,24.7,Lagos
2004-03-04,29.1,25.4,27.5,5.5,17.5,15.71,85,1009.1,83,24.7,Lagos
2004-03-05,31.8,25.8,27.9,1.4,14.2,22.15,76,1010.5,87,22.8,Lagos
2004-03-06,32.0,24.3,27.7,0.0,12.3,25.21,65,1009.6,71,19.5,Lagos
2004-03-07,32.4,23.9,28.3,0.0,12.2,23.96,59,1009.7,60,18.4,Lagos
2004-03-08,32.7,23.4,27.7,0.0,15.5,24.69,69,1010.5,54,20.7,Lagos
2004-03-09,32.8,23.6,27.9,0.0,14.0,24.76,75,1010.7,83,22.8,Lagos
2004-03-10,32.5,25.2,28.1,0.0,18.6,24.05,76,1010.1,75,23.3,Lagos
2004-03-11,32.2,25.9,28.3,0.0,17.1,22.02,74,1009.9,29,23.1,Lagos
2004-03-12,32.1,25.9,28.5,0.1,17.3,22.08,74,1009.6,38,23.2,Lagos
2004-03-13,33.0,26.1,28.9,0.0,17.6,23.24,75,1009.2,19,23.8,Lagos
2004-03-14,32.1,26.6,28.5,2.8,16.9,21.43,79,1009.0,27,24.5,Lagos
2004-03-15,31.5,26.8,28.4,2.1,20.9,19.26,81,1008.5,39,24.7,Lagos
2004-03-16,30.9,26.8,28.1,3.1,13.6,19.27,81,1008.9,54,24.6,Lagos
2004-03-17,31.5,26.9,28.6,0.8,18.4,21.71,80,1007.5,64,24.6,Lagos
2004-03-18,31.7,26.6,28.7,1.2,15.7,20.96,79,1007.3,33,24.6,Lagos
2004-03-19,31.3,27.1,28.3,6.4,14.0,19.44,82,1007.6,50,24.9,Lagos
2004-03-20,30.4,26.9,27.7,7.6,15.5,18.97,85,1007.4,60,24.9,Lagos
2004-03-21,30.2,26.3,27.8,5.6,15.6,19.23,85,1007.2,51,25.0,Lagos
2004-03-22,30.3,26.8,27.9,4.6,18.5,19.75,85,1007.2,48,25.1,Lagos
2004-03-23,30.0,26.7,28.0,1.1,15.2,19.39,85,1007.5,65,25.2,Lagos
2004-03-24,30.8,26.8,28.2,3.4,18.0,19.62,85,1007.6,74,25.3,Lagos
2004-03-25,30.5,26.7,28.1,1.2,17.7,18.95,86,1007.1,30,25.4,Lagos
2004-03-26,30.0,27.0,28.1,1.5,17.9,19.3,85,1006.2,41,25.3,Lagos
2004-03-27,29.7,26.9,28.0,1.0,19.4,16.89,84,1005.0,36,25.1,Lagos
2004-03-28,30.6,27.0,28.3,1.9,21.5,19.56,83,1005.6,64,25.0,Lagos
2004-03-29,30.8,26.8,28.2,4.1,20.0,18.81,83,1006.2,74,25.0,Lagos
2004-03-30,30.1,27.1,28.2,2.5,18.2,19.19,83,1007.7,84,25.1,Lagos
2004-03-31,30.6,26.9,28.2,2.9,22.9,18.69,83,1008.0,89,24.9,Lagos
2004-04-01,29.7,26.4,27.6,12.5,23.5,14.29,85,1008.0,97,24.7,Lagos
2004-04-02,30.0,25.9,27.2,14.2,20.8,13.47,86,1009.1,100,24.6,Lagos
2004-04-03,29.9,26.5,27.6,6.4,22.2,17.59,85,1010.1,94,24.8,Lagos
2004-04-04,30.3,26.8,27.9,1.6,18.2,19.95,84,1010.9,78,25.0,Lagos
2004-04-05,29.7,26.7,27.7,2.0,19.6,19.18,84,1010.4,89,24.8,Lagos
2004-04-06,29.7,26.3,27.3,5.8,17.1,17.42,86,1009.2,88,24.8,Lagos
2004-04-07,29.4,25.9,27.1,8.7,16.4,18.22,86,1009.9,72,24.5,Lagos
2004-04-08,27.9,25.7,26.6,6.4,13.2,11.74,87,1010.8,87,24.3,Lagos
2004-04-09,29.0,24.9,26.7,0.4,13.4,19.3,86,1009.6,83,24.1,Lagos
2004-04-10,29.8,25.8,27.3,0.9,15.6,20.4,84,1007.9,74,24.3,Lagos
2004-04-11,29.8,26.0,27.2,0.8,16.2,18.54,85,1007.6,40,24.4,Lagos
2004-04-12,29.4,26.1,27.3,1.5,17.7,18.31,86,1007.6,49,24.7,Lagos
2004-04-13,30.0,26.4,27.5,5.7,15.1,18.51,85,1006.6,72,24.6,Lagos
2004-04-14,29.3,26.2,27.3,2.3,17.4,17.93,87,1005.6,83,25.0,Lagos
2004-04-15,29.8,25.1,27.3,6.5,20.4,19.77,85,1008.1,80,24.5,Lagos
2004-04-16,30.1,25.9,27.5,3.3,17.7,19.68,84,1009.5,81,24.5,Lagos
2004-04-17,29.0,26.1,27.1,5.5,19.0,18.12,86,1009.8,61,24.6,Lagos
2004-04-18,28.9,25.2,26.8,14.4,20.7,14.97,86,1010.0,81,24.1,Lagos
2004-04-19,29.5,25.4,27.1,2.3,19.3,19.38,84,1009.9,92,24.0,Lagos
2004-04-20,29.6,26.1,27.4,0.9,18.4,18.81,83,1009.8,59,24.1,Lagos
2004-04-21,28.4,25.4,26.8,8.0,15.8,14.74,87,1010.0,97,24.3,Lagos
2004-04-22,29.9,25.2,27.4,1.5,11.2,19.53,86,1008.3,89,24.8,Lagos
2004-04-23,30.2,26.0,27.4,6.4,16.6,18.9,84,1006.4,94,24.5,Lagos
2004-04-24,29.2,26.0,27.4,5.6,16.0,15.33,85,1006.9,99,24.7,Lagos
2004-04-25,30.2,25.5,27.8,1.3,13.1,18.26,85,1006.4,96,25.0,Lagos
2004-04-26,29.0,26.8,27.4,7.4,17.7,14.61,87,1006.9,90,25.0,Lagos
2004-04-27,28.9,26.4,27.0,7.4,15.9,13.2,86,1008.7,98,24.4,Lagos
2004-04-28,29.7,24.8,27.1,9.8,15.8,18.08,85,1009.8,100,24.3,Lagos
2004-04-29,27.9,25.3,26.5,20.7,13.8,12.53,87,1009.9,99,24.2,Lagos
2004-04-30,28.6,25.3,26.7,5.5,13.0,15.97,85,1010.0,85,24.1,Lagos
2004-05-01,29.5,25.7,27.2,4.9,15.5,18.22,84,1009.8,76,24.2,Lagos
2004-05-02,29.3,25.9,27.3,2.4,13.7,17.75,84,1009.8,80,24.4,Lagos
2004-05-03,29.5,26.1,27.6,0.9,16.3,19.07,83,1008.7,59,24.4,Lagos
2004-05-04,28.7,26.0,27.1,3.1,15.9,18.03,86,1008.8,66,24.5,Lagos
2004-05-05,29.2,25.7,27.0,9.2,17.3,16.75,86,1009.2,93,24.4,Lagos
2004-05-06,29.7,25.2,26.8,9.1,17.5,15.98,87,1010.4,99,24.4,Lagos
2004-05-07,29.5,25.0,27.2,2.2,15.0,16.81,85,1010.9,90,24.4,Lagos
2004-05-08,29.3,25.9,27.2,8.6,16.3,15.53,87,1010.5,91,24.8,Lagos
2004-05-09,29.4,25.5,27.3,4.3,13.5,14.94,85,1009.9,97,24.5,Lagos
2004-05-10,29.8,26.6,27.5,4.7,16.1,18.46,84,1009.4,44,24.4,Lagos
2004-05-11,28.9,25.4,26.8,8.9,17.6,14.68,86,1010.1,92,24.2,Lagos
2004-05-12,29.2,25.1,27.0,5.7,16.4,17.25,84,1010.2,93,24.1,Lagos
2004-05-13,29.1,24.6,26.6,9.1,11.3,15.83,87,1009.2,92,24.2,Lagos
2004-05-14,27.9,25.0,26.2,10.3,12.4,16.0,89,1009.6,94,24.2,Lagos
2004-05-15,28.7,24.9,26.3,9.5,10.5,13.98,88,1010.4,97,24.2,Lagos
2004-05-16,28.6,24.7,26.6,1.9,14.0,17.88,86,1009.3,59,24.1,Lagos
2004-05-17,29.0,25.1,26.9,4.9,16.6,18.77,86,1008.2,50,24.3,Lagos
2004-05-18,28.9,25.4,26.7,5.2,15.8,17.94,86,1009.7,83,24.3,Lagos
2004-05-19,29.1,25.0,27.1,5.4,15.5,19.19,86,1011.1,98,24.4,Lagos
2004-05-20,28.0,24.9,26.4,7.1,14.4,13.58,87,1011.6,99,24.1,Lagos
2004-05-21,27.3,24.4,25.8,13.8,11.5,10.3,89,1011.4,98,23.8,Lagos
2004-05-22,28.0,25.1,26.3,7.2,12.5,13.21,87,1011.3,92,24.1,Lagos
2004-05-23,29.2,24.6,26.6,0.8,8.4,16.65,86,1011.4,98,24.1,Lagos
2004-05-24,27.2,24.5,26.0,7.3,12.5,12.23,88,1011.2,91,23.9,Lagos
2004-05-25,28.6,24.3,26.6,7.0,21.0,16.77,85,1011.0,97,23.9,Lagos
2004-05-26,26.5,24.5,25.1,34.1,16.2,5.64,90,1012.0,100,23.3,Lagos
2004-05-27,27.7,23.8,25.6,9.9,11.3,12.11,87,1013.5,99,23.3,Lagos
2004-05-28,27.5,23.9,25.7,5.6,10.2,12.09,88,1014.0,90,23.5,Lagos
2004-05-29,28.4,24.0,26.1,4.4,14.3,18.1,86,1012.3,78,23.6,Lagos
2004-05-30,27.7,24.6,25.7,11.9,12.9,13.08,87,1011.3,94,23.4,Lagos
2004-05-31,25.9,23.8,24.7,25.0,11.0,6.79,90,1010.5,100,23.0,Lagos
2004-06-01,27.0,23.8,24.9,23.7,8.1,10.21,90,1011.7,83,23.1,Lagos
2004-06-02,28.0,23.6,25.6,9.3,11.1,14.39,87,1012.7,95,23.2,Lagos
2004-06-03,27.2,24.0,25.5,14.5,16.8,10.78,87,1013.4,98,23.2,Lagos
2004-06-04,27.9,23.6,25.6,15.3,20.2,13.37,88,1012.7,92,23.5,Lagos
2004-06-05,27.6,23.2,25.6,13.6,13.2,17.81,89,1012.7,75,23.5,Lagos
2004-06-06,28.2,23.8,25.9,3.1,17.1,17.47,87,1012.2,83,23.6,Lagos
2004-06-07,28.1,23.9,25.7,11.2,14.8,12.52,87,1013.2,98,23.2,Lagos
2004-06-08,28.3,23.9,25.8,7.1,15.2,15.32,86,1013.6,82,23.2,Lagos
2004-06-09,28.0,24.2,25.5,6.0,10.2,15.14,89,1013.2,95,23.5,Lagos
2004-06-10,27.2,24.1,25.4,5.7,12.4,14.45,88,1012.7,78,23.2,Lagos
2004-06-11,27.6,24.4,25.8,4.8,13.2,14.23,85,1012.3,71,23.1,Lagos
2004-06-12,27.6,24.3,25.8,5.7,18.1,16.71,86,1013.3,71,23.3,Lagos
2004-06-13,27.6,24.5,25.9,5.2,17.9,14.81,85,1014.0,91,23.0,Lagos
2004-06-14,28.2,24.3,26.0,5.2,18.1,17.12,86,1013.6,80,23.4,Lagos
2004-06-15,27.4,24.5,25.6,9.5,16.1,15.26,88,1013.1,81,23.5,Lagos
2004-06-16,26.8,24.1,25.1,8.1,18.6,11.55,88,1012.9,93,23.1,Lagos
2004-06-17,27.1,23.9,25.2,7.7,15.5,13.71,87,1013.6,97,22.9,Lagos
2004-06-18,26.9,23.9,25.3,6.0,15.4,14.84,88,1014.1,93,23.1,Lagos
2004-06-19,27.3,24.2,25.6,5.8,18.5,16.92,86,1013.6,60,23.1,Lagos
2004-06-20,27.6,24.5,26.0,0.5,21.6,16.87,84,1012.4,75,23.1,Lagos
2004-06-21,27.3,24.2,25.5,5.1,17.4,16.9,86,1012.8,88,22.9,Lagos
2004-06-22,27.1,24.1,25.2,5.2,16.4,14.9,88,1014.0,85,23.0,Lagos
2004-06-23,27.4,23.7,25.4,0.9,16.2,16.25,87,1014.7,75,23.0,Lagos
2004-06-24,27.5,24.4,25.4,0.8,25.9,14.79,85,1013.4,86,22.6,Lagos
2004-06-25,27.0,24.4,25.3,1.2,18.1,11.74,83,1013.1,88,22.2,Lagos
2004-06-26,27.8,24.2,25.5,1.1,17.3,17.85,83,1012.7,69,22.4,Lagos
2004-06-27,26.6,24.4,25.5,1.0,16.9,11.44,84,1012.0,88,22.5,Lagos
2004-06-28,25.8,23.6,24.8,9.6,13.2,8.28,88,1012.7,97,22.6,Lagos
2004-06-29,27.1,23.5,25.0,4.9,13.6,15.96,88,1013.0,82,22.8,Lagos
2004-06-30,28.1,23.7,25.3,6.6,12.0,15.49,88,1012.6,91,23.1,Lagos
2004-07-01,27.3,23.8,25.3,4.0,14.1,17.24,86,1012.5,66,22.8,Lagos
2004-07-02,26.5,23.8,24.9,7.2,15.0,14.91,88,1012.3,74,22.8,Lagos
2004-07-03,27.0,23.8,25.0,5.3,14.0,15.18,88,1011.5,78,22.9,Lagos
2004-07-04,26.2,23.8,24.8,5.8,15.3,12.0,89,1012.1,92,22.9,Lagos
2004-07-05,27.8,23.6,25.4,2.8,13.6,18.33,86,1011.8,66,22.8,Lagos
2004-07-06,26.7,24.3,25.1,7.7,13.3,10.95,88,1010.8,94,22.9,Lagos
2004-07-07,26.0,23.5,24.7,7.7,13.8,11.83,90,1010.4,94,22.9,Lagos
2004-07-08,26.2,23.4,24.8,6.6,16.4,14.97,88,1011.1,95,22.7,Lagos
2004-07-09,26.8,24.0,24.7,11.8,17.7,12.09,89,1009.9,97,22.7,Lagos
2004-07-10,24.1,23.2,23.5,44.7,17.7,2.66,93,1010.8,99,22.3,Lagos
2004-07-11,25.8,23.0,24.1,10.0,12.5,9.56,90,1012.2,96,22.4,Lagos
2004-07-12,27.2,23.6,25.0,0.1,15.7,16.78,86,1011.9,93,22.4,Lagos
2004-07-13,26.7,23.7,25.0,0.6,19.7,14.95,87,1011.9,96,22.6,Lagos
2004-07-14,25.7,23.9,24.6,3.3,17.9,11.25,89,1011.5,81,22.6,Lagos
2004-07-15,26.6,23.5,24.8,0.8,17.6,17.04,88,1011.8,88,22.7,Lagos
2004-07-16,27.1,23.6,24.8,1.1,20.3,16.49,88,1012.0,82,22.6,Lagos
2004-07-17,26.5,23.7,24.7,2.8,18.8,14.36,88,1011.6,86,22.5,Lagos
2004-07-18,26.1,23.5,24.5,5.6,17.8,13.11,88,1012.1,82,22.4,Lagos
2004-07-19,26.4,23.0,24.4,1.4,16.9,14.62,87,1012.1,92,22.1,Lagos
2004-07-20,26.7,23.1,24.5,0.9,17.7,17.59,87,1010.5,75,22.1,Lagos
2004-07-21,25.9,23.0,24.1,4.9,19.3,11.16,88,1011.5,98,22.0,Lagos
2004-07-22,26.7,23.2,24.5,0.6,18.2,18.59,86,1012.7,89,21.9,Lagos
2004-07-23,26.3,23.2,24.3,2.7,19.7,15.7,86,1013.2,80,21.7,Lagos
2004-07-24,26.1,22.9,24.2,0.0,19.2,17.29,83,1013.8,80,21.2,Lagos
2004-07-25,26.3,22.7,24.2,0.0,20.7,16.39,81,1014.0,84,20.6,Lagos
2004-07-26,26.6,22.9,24.2,0.4,19.6,17.47,83,1013.3,66,21.1,Lagos
2004-07-27,26.6,22.8,24.4,0.0,19.4,17.76,84,1013.8,69,21.4,Lagos
2004-07-28,26.2,23.1,24.4,0.6,16.8,12.78,84,1013.6,87,21.6,Lagos
2004-07-29,27.0,23.0,24.5,0.7,15.9,17.16,85,1013.2,62,21.8,Lagos
2004-07-30,26.9,23.2,24.6,0.4,14.5,16.33,85,1013.8,82,21.9,Lagos
2004-07-31,27.3,23.0,24.8,0.4,17.0,18.64,85,1013.7,81,22.0,Lagos
2004-08-01,27.8,23.4,25.1,0.1,16.2,17.46,84,1013.0,70,22.1,Lagos
2004-08-02,27.8,23.7,25.0,1.3,16.6,17.47,85,1013.1,63,22.3,Lagos
2004-08-03,27.2,23.5,24.9,0.5,18.6,17.78,86,1012.7,77,22.4,Lagos
2004-08-04,27.1,23.4,25.0,1.6,18.9,18.07,85,1012.6,55,22.2,Lagos
2004-08-05,27.3,23.5,24.7,4.0,22.8,16.14,85,1012.0,81,22.0,Lagos
2004-08-06,25.7,23.3,24.0,22.4,24.1,11.7,88,1013.2,96,21.9,Lagos
2004-08-07,26.5,23.2,24.5,10.2,19.1,16.57,87,1013.9,84,22.2,Lagos
2004-08-08,25.2,23.8,24.4,0.7,22.1,9.08,87,1013.7,97,22.0,Lagos
2004-08-09,26.9,23.6,24.4,6.2,23.5,15.96,87,1012.7,90,22.1,Lagos
2004-08-10,24.5,23.1,23.8,6.8,18.6,8.05,91,1013.0,91,22.2,Lagos
2004-08-11,26.1,22.9,24.2,4.6,17.3,17.04,88,1013.9,69,22.2,Lagos
2004-08-12,26.9,22.9,24.5,0.9,16.8,18.58,86,1014.2,42,22.0,Lagos
2004-08-13,26.6,23.1,24.4,3.6,20.4,14.92,87,1013.6,72,22.1,Lagos
2004-08-14,26.3,23.3,24.6,0.7,22.7,14.06,86,1014.0,95,22.1,Lagos
2004-08-15,24.9,23.6,24.2,4.0,20.5,5.55,88,1014.6,100,22.0,Lagos
2004-08-16,26.7,23.7,24.7,0.2,20.6,16.61,84,1013.5,77,21.8,Lagos
2004-08-17,27.3,23.3,24.8,0.0,18.2,20.29,84,1013.1,53,21.8,Lagos
2004-08-18,26.2,23.4,24.4,0.3,16.3,13.19,87,1013.9,77,22.0,Lagos
2004-08-19,26.0,23.3,24.5,0.6,16.1,15.0,86,1014.2,47,22.0,Lagos
2004-08-20,26.4,23.5,24.7,0.3,17.9,16.65,85,1012.6,61,22.0,Lagos
2004-08-21,26.4,23.6,24.7,0.7,20.0,11.26,86,1011.5,85,22.1,Lagos
2004-08-22,26.1,23.3,24.3,11.8,20.5,10.8,90,1011.2,95,22.4,Lagos
2004-08-23,26.5,23.5,24.7,5.8,16.1,17.63,89,1012.3,83,22.7,Lagos
2004-08-24,27.2,23.3,24.8,4.3,11.6,17.83,89,1013.6,86,22.9,Lagos
2004-08-25,25.9,23.5,24.6,6.0,10.7,9.3,92,1013.0,91,23.2,Lagos
2004-08-26,26.7,23.3,24.7,2.5,16.6,16.38,89,1012.3,78,22.8,Lagos
2004-08-27,26.4,23.3,24.7,6.9,14.8,16.29,88,1011.6,67,22.6,Lagos
2004-08-28,27.8,23.7,25.2,1.4,13.0,16.52,86,1011.3,94,22.7,Lagos
2004-08-29,26.9,23.7,25.0,3.7,14.8,15.89,87,1011.5,88,22.8,Lagos
2004-08-30,26.8,23.9,25.1,5.4,11.1,14.45,87,1012.5,96,22.9,Lagos
2004-08-31,26.9,23.6,25.0,4.0,16.8,16.91,87,1012.8,85,22.7,Lagos
2004-09-01,27.3,23.9,25.3,1.3,15.8,19.09,86,1012.6,81,22.7,Lagos
2004-09-02,26.6,23.8,25.0,4.4,17.4,13.89,87,1011.5,85,22.6,Lagos
2004-09-03,27.2,23.2,24.9,7.8,15.5,17.54,87,1011.6,79,22.6,Lagos
2004-09-04,25.9,23.7,24.7,6.0,15.2,10.7,89,1011.1,90,22.7,Lagos
2004-09-05,27.2,23.6,25.1,4.2,17.1,18.6,88,1010.3,65,22.9,Lagos
2004-09-06,27.6,23.7,25.3,6.3,14.3,17.44,87,1009.6,89,22.9,Lagos
2004-09-07,27.3,23.3,25.3,1.7,14.0,19.29,87,1009.1,70,22.8,Lagos
2004-09-08,27.9,24.0,25.6,3.3,11.5,19.21,87,1009.8,90,23.1,Lagos
2004-09-09,27.3,23.2,25.1,8.8,9.7,14.75,88,1010.2,88,22.9,Lagos
2004-09-10,27.9,24.3,25.8,2.8,16.0,18.96,85,1010.5,86,23.1,Lagos
2004-09-11,26.7,24.2,25.2,8.4,11.6,10.24,88,1011.3,98,23.1,Lagos
2004-09-12,27.9,23.7,25.5,3.9,13.2,19.35,87,1012.2,76,23.1,Lagos
2004-09-13,27.8,24.7,26.0,3.0,13.0,16.29,85,1012.1,90,23.3,Lagos
2004-09-14,27.0,23.7,25.1,8.9,12.8,11.67,89,1011.8,89,23.2,Lagos
2004-09-15,27.9,23.6,25.7,1.3,10.1,19.23,87,1012.0,89,23.3,Lagos
2004-09-16,27.7,24.2,25.6,5.8,11.8,14.06,88,1011.3,94,23.5,Lagos
2004-09-17,27.8,23.7,25.3,6.5,14.2,16.06,89,1011.5,97,23.3,Lagos
2004-09-18,25.9,23.7,24.9,12.5,11.7,8.44,90,1011.5,99,23.1,Lagos
2004-09-19,26.6,23.8,25.1,6.6,13.7,12.89,88,1010.5,98,22.9,Lagos
2004-09-20,28.1,23.6,25.5,2.9,12.0,18.09,87,1011.2,88,23.2,Lagos
2004-09-21,27.6,23.6,25.5,4.3,12.8,16.66,86,1012.1,95,23.0,Lagos
2004-09-22,27.6,24.3,25.6,2.3,16.8,11.16,86,1012.4,98,23.0,Lagos
2004-09-23,27.6,23.8,25.3,13.9,13.0,14.85,87,1012.6,98,22.9,Lagos
2004-09-24,27.0,23.5,25.2,12.1,13.9,13.8,88,1012.7,94,23.1,Lagos
2004-09-25,27.4,23.9,25.5,11.3,10.0,15.63,88,1012.6,85,23.3,Lagos
2004-09-26,27.7,23.4,25.5,2.6,15.5,18.05,87,1012.0,83,23.1,Lagos
2004-09-27,28.7,23.8,26.0,2.2,13.5,18.8,86,1011.2,72,23.4,Lagos
2004-09-28,27.9,24.3,25.9,4.4,17.1,17.96,87,1010.3,64,23.5,Lagos
2004-09-29,26.9,24.3,25.5,9.3,15.2,14.12,88,1009.6,93,23.3,Lagos
2004-09-30,28.1,24.0,25.5,7.5,16.2,17.16,87,1010.0,95,23.1,Lagos
2004-10-01,27.1,23.4,25.2,7.5,10.6,15.74,88,1010.9,96,23.0,Lagos
2004-10-02,27.6,23.9,25.6,4.3,15.9,16.71,88,1010.6,92,23.4,Lagos
2004-10-03,28.0,24.6,26.0,3.8,16.1,18.45,85,1010.0,80,23.4,Lagos
2004-10-04,27.0,24.2,25.3,7.1,14.0,11.19,89,1010.1,93,23.3,Lagos
2004-10-05,27.1,24.0,25.3,13.0,12.3,15.28,90,1011.4,80,23.5,Lagos
2004-10-06,29.9,24.1,26.4,1.6,15.7,19.99,85,1011.2,70,23.7,Lagos
2004-10-07,28.7,24.9,26.2,7.2,11.9,13.1,87,1010.9,98,23.9,Lagos
2004-10-08,27.9,24.4,26.1,10.6,10.9,14.93,89,1010.8,96,24.2,Lagos
2004-10-09,28.1,24.0,26.0,4.4,13.4,16.97,89,1010.6,81,24.0,Lagos
2004-10-10,28.0,24.6,25.9,11.7,16.6,13.98,88,1010.7,98,23.7,Lagos
2004-10-11,27.5,24.3,25.6,11.0,13.6,12.47,90,1010.9,100,23.8,Lagos
2004-10-12,28.5,24.0,25.9,8.0,12.8,16.61,88,1010.5,84,23.7,Lagos
2004-10-13,28.6,24.1,26.2,4.9,10.7,14.46,88,1010.3,81,24.0,Lagos
2004-10-14,28.8,24.9,26.4,7.1,12.4,16.16,87,1010.1,79,24.0,Lagos
2004-10-15,27.9,24.7,25.9,10.3,13.9,13.18,87,1011.2,95,23.6,Lagos
2004-10-16,28.9,23.6,26.3,0.7,8.0,18.22,87,1010.9,63,23.9,Lagos
2004-10-17,28.9,24.9,26.3,7.8,7.6,16.32,89,1010.5,59,24.3,Lagos
2004-10-18,29.1,25.0,26.6,3.6,12.0,18.84,86,1010.1,39,24.1,Lagos
2004-10-19,29.2,25.3,26.8,5.0,13.4,18.5,86,1010.2,77,24.2,Lagos
2004-10-20,28.3,25.5,26.6,2.9,13.1,16.92,87,1010.0,94,24.2,Lagos
2004-10-21,27.9,24.4,26.0,7.2,10.5,15.34,87,1010.1,94,23.5,Lagos
2004-10-22,29.0,23.8,26.3,2.2,9.8,17.85,86,1010.1,98,23.7,Lagos
2004-10-23,28.2,25.0,26.6,0.7,13.4,13.55,85,1009.2,80,23.8,Lagos
2004-10-24,28.9,25.7,26.7,3.6,12.5,16.4,84,1009.8,80,23.6,Lagos
2004-10-25,27.5,24.8,25.8,7.9,9.5,11.86,89,1010.4,100,24.0,Lagos
2004-10-26,28.7,24.5,26.3,0.9,9.5,17.38,86,1009.7,65,23.7,Lagos
2004-10-27,28.7,24.9,26.4,6.0,13.5,14.88,86,1009.9,73,23.7,Lagos
2004-10-28,29.2,24.5,26.7,3.6,11.0,17.89,86,1010.3,51,24.1,Lagos
2004-10-29,28.3,25.2,26.1,10.0,12.3,12.11,88,1010.2,89,24.0,Lagos
2004-10-30,28.8,24.9,26.3,6.4,13.4,14.16,86,1010.2,98,23.8,Lagos
2004-10-31,28.7,23.6,26.2,4.6,12.0,18.67,87,1010.7,54,23.8,Lagos
2004-11-01,29.5,25.1,26.7,3.5,11.5,18.39,84,1010.0,56,23.8,Lagos
2004-11-02,29.0,24.8,26.6,3.6,12.3,16.74,86,1009.5,77,24.0,Lagos
2004-11-03,28.4,25.0,26.4,2.4,11.3,17.31,86,1009.5,51,23.9,Lagos
2004-11-04,29.2,24.9,26.6,3.1,13.4,18.89,85,1009.3,45,24.0,Lagos
2004-11-05,29.0,24.4,26.5,4.2,15.2,16.07,85,1009.3,96,23.7,Lagos
2004-11-06,29.3,24.4,26.5,1.9,9.7,17.88,86,1009.0,54,24.0,Lagos
2004-11-07,29.2,24.5,26.5,5.3,7.8,17.36,87,1008.9,68,24.0,Lagos
2004-11-08,29.4,25.6,27.2,3.4,10.9,17.9,84,1009.3,52,24.2,Lagos
2004-11-09,29.5,25.2,27.1,0.7,11.7,18.19,84,1008.8,43,24.1,Lagos
2004-11-10,29.6,25.5,27.2,1.0,14.5,17.52,85,1008.3,33,24.3,Lagos
2004-11-11,29.0,25.2,27.1,1.7,14.3,18.37,86,1007.8,32,24.5,Lagos
2004-11-12,28.2,25.4,26.8,5.3,13.3,15.53,86,1008.6,61,24.2,Lagos
2004-11-13,29.2,24.8,26.5,5.0,14.9,15.87,87,1009.7,84,24.2,Lagos
2004-11-14,29.4,24.9,26.8,1.7,13.0,17.01,87,1008.9,63,24.4,Lagos
2004-11-15,29.7,26.4,27.4,1.3,13.9,17.89,84,1009.0,49,24.5,Lagos
2004-11-16,29.6,24.9,27.1,4.5,10.2,16.59,87,1009.5,60,24.8,Lagos
2004-11-17,29.5,25.8,27.0,9.1,17.6,15.5,87,1009.3,67,24.6,Lagos
2004-11-18,29.3,26.3,27.3,1.4,16.7,14.59,85,1009.7,84,24.6,Lagos
2004-11-19,28.4,25.6,26.5,3.6,14.3,15.25,87,1010.9,89,24.2,Lagos
2004-11-20,28.4,25.0,26.6,3.1,8.4,12.31,87,1011.2,87,24.2,Lagos
2004-11-21,30.4,25.5,27.5,2.5,11.5,17.97,84,1010.3,68,24.6,Lagos
2004-11-22,29.3,25.8,27.1,2.8,12.6,15.19,86,1010.0,73,24.6,Lagos
2004-11-23,29.7,25.9,27.4,0.5,11.1,16.04,83,1009.7,93,24.3,Lagos
2004-11-24,28.7,25.2,26.3,7.5,13.9,13.66,88,1009.9,95,24.1,Lagos
2004-11-25,29.5,24.3,26.8,5.1,9.0,17.19,84,1009.7,79,23.9,Lagos
2004-11-26,30.2,24.9,27.2,3.7,8.3,19.01,84,1009.5,29,24.1,Lagos
2004-11-27,29.5,25.4,27.2,4.6,10.9,18.01,85,1008.9,47,24.4,Lagos
2004-11-28,29.2,25.7,27.3,3.4,11.1,17.0,86,1009.2,90,24.7,Lagos
2004-11-29,29.5,25.6,27.2,0.8,14.7,17.73,87,1009.9,74,24.8,Lagos
2004-11-30,29.6,25.6,27.3,0.4,10.4,18.0,86,1009.7,52,24.8,Lagos
2004-12-01,30.3,25.1,27.5,0.0,11.5,20.07,83,1008.3,63,24.1,Lagos
2004-12-02,30.4,24.6,27.5,0.0,12.6,21.04,81,1007.5,8,23.7,Lagos
2004-12-03,30.9,25.2,27.8,0.0,13.0,21.07,78,1008.5,10,23.5,Lagos
2004-12-04,30.7,25.0,27.7,0.7,14.3,19.81,80,1009.4,21,23.9,Lagos
2004-12-05,30.4,25.7,27.7,1.2,14.1,18.05,83,1009.7,78,24.4,Lagos
2004-12-06,30.1,26.0,27.8,0.1,13.3,18.06,82,1009.7,82,24.3,Lagos
2004-12-07,30.3,25.2,27.8,0.0,14.3,18.1,80,1010.0,76,23.9,Lagos
2004-12-08,30.2,25.6,27.8,0.3,13.5,18.57,83,1009.6,17,24.5,Lagos
2004-12-09,30.7,25.2,27.6,1.2,13.9,19.13,82,1009.2,21,24.2,Lagos
2004-12-10,29.8,25.5,27.6,0.3,14.7,17.2,83,1007.9,26,24.4,Lagos
2004-12-11,30.4,26.2,27.8,0.9,15.4,17.71,83,1008.4,35,24.6,Lagos
2004-12-12,29.9,26.4,27.7,1.1,16.6,15.2,85,1009.0,87,24.9,Lagos
2004-12-13,29.9,26.0,27.7,0.4,15.3,15.9,85,1009.4,59,24.8,Lagos
2004-12-14,29.4,26.1,27.5,0.2,15.0,15.3,85,1009.3,34,24.6,Lagos
2004-12-15,29.5,25.7,27.3,0.7,13.5,16.24,85,1008.4,31,24.6,Lagos
2004-12-16,29.9,25.7,27.4,1.0,12.2,15.48,85,1007.7,37,24.6,Lagos
2004-12-17,30.3,25.8,27.7,0.4,11.8,16.71,84,1008.5,29,24.6,Lagos
2004-12-18,31.0,26.2,28.2,0.0,15.0,18.44,81,1009.2,49,24.5,Lagos
2004-12-19,30.5,25.9,27.9,1.2,15.0,16.88,82,1009.4,84,24.3,Lagos
2004-12-20,30.9,25.8,28.0,0.3,14.4,18.56,81,1008.5,65,24.3,Lagos
2004-12-21,30.9,26.2,28.0,1.0,16.6,17.96,81,1008.5,45,24.3,Lagos
2004-12-22,30.2,25.5,27.6,1.2,14.5,17.7,83,1008.2,28,24.3,Lagos
2004-12-23,30.4,26.1,27.8,0.7,15.1,16.37,83,1007.6,52,24.6,Lagos
2004-12-24,30.4,25.7,27.8,1.5,14.2,16.69,83,1006.4,28,24.5,Lagos
2004-12-25,30.2,26.0,27.7,0.4,15.0,16.7,84,1007.0,44,24.8,Lagos
2004-12-26,30.3,26.3,27.8,0.9,16.3,18.19,83,1008.0,88,24.5,Lagos
2004-12-27,30.5,25.8,27.8,1.6,17.3,17.38,82,1009.1,68,24.3,Lagos
2004-12-28,31.1,26.3,28.0,0.2,15.5,17.94,81,1009.5,79,24.4,Lagos
2004-12-29,30.1,25.9,27.7,0.9,17.7,16.8,85,1009.4,77,24.8,Lagos
2004-12-30,29.0,25.4,27.0,2.2,18.8,15.52,85,1009.3,95,24.2,Lagos
2004-12-31,28.5,25.5,26.8,2.7,14.9,13.82,85,1009.8,92,24.1,Lagos
2005-01-01,29.7,25.3,27.2,3.5,17.6,16.21,84,1011.3,48,24.2,Lagos
2005-01-02,31.1,25.4,27.7,0.6,17.1,18.78,81,1011.4,70,24.0,Lagos
2005-01-03,31.1,25.2,27.7,0.0,13.3,19.61,80,1010.2,30,23.7,Lagos
2005-01-04,30.7,25.3,27.7,0.3,11.7,17.43,79,1010.2,22,23.7,Lagos
2005-01-05,30.4,25.8,27.7,0.9,11.0,17.81,82,1010.4,66,24.3,Lagos
2005-01-06,32.2,24.7,27.8,0.1,13.2,21.34,72,1010.1,35,21.5,Lagos
2005-01-07,31.2,21.7,26.5,0.0,11.3,22.97,61,1009.5,5,17.2,Lagos
2005-01-08,31.6,21.4,26.0,0.0,15.3,23.22,53,1009.8,32,14.0,Lagos
2005-01-09,32.0,21.4,26.2,0.0,17.5,23.04,42,1008.7,64,11.1,Lagos
2005-01-10,32.5,22.1,26.6,0.0,16.1,23.0,43,1009.0,26,11.9,Lagos
2005-01-11,32.3,20.9,26.1,0.0,10.2,23.14,51,1010.0,57,13.9,Lagos
2005-01-12,31.7,20.0,25.9,0.0,10.2,22.69,57,1010.7,88,15.2,Lagos
2005-01-13,31.8,19.8,25.9,0.0,10.8,23.08,63,1010.2,53,17.1,Lagos
2005-01-14,31.9,21.9,26.5,0.0,12.6,22.96,69,1008.8,18,19.5,Lagos
2005-01-15,32.2,22.2,26.7,0.0,12.0,22.66,75,1007.8,67,21.2,Lagos
2005-01-16,32.1,22.0,26.8,0.0,14.3,22.56,75,1006.7,4,21.5,Lagos
2005-01-17,32.2,23.6,27.1,0.0,15.3,22.03,77,1007.7,15,22.3,Lagos
2005-01-18,32.6,22.9,27.1,0.0,14.2,22.41,67,1008.4,17,19.1,Lagos
2005-01-19,31.9,22.2,26.6,0.0,12.3,23.19,65,1008.0,39,18.4,Lagos
2005-01-20,32.1,22.5,27.1,0.0,13.6,21.91,74,1007.0,89,21.6,Lagos
2005-01-21,33.8,24.3,28.1,0.0,13.7,22.66,71,1007.4,77,21.8,Lagos
2005-01-22,32.9,24.8,28.2,0.0,14.5,21.82,75,1008.6,51,22.8,Lagos
2005-01-23,31.4,25.9,28.1,0.0,14.3,16.24,73,1009.9,87,22.6,Lagos
2005-01-24,31.4,25.9,27.7,0.9,19.8,18.24,78,1010.0,81,23.5,Lagos
2005-01-25,32.3,25.3,28.1,0.2,15.9,19.95,78,1009.9,94,23.6,Lagos
2005-01-26,32.2,25.8,28.3,0.0,16.1,19.79,77,1009.6,99,23.7,Lagos
2005-01-27,31.7,26.5,28.4,0.0,15.5,19.64,74,1008.9,100,23.2,Lagos
2005-01-28,32.1,26.4,28.6,0.0,17.1,20.73,72,1008.3,80,22.8,Lagos
2005-01-29,32.1,26.2,28.4,0.9,17.8,20.2,79,1007.7,54,24.2,Lagos
2005-01-30,30.7,26.5,28.0,1.3,18.6,17.75,82,1007.6,65,24.5,Lagos
2005-01-31,31.5,26.3,27.9,0.4,18.4,18.04,82,1007.0,76,24.4,Lagos
2005-02-01,31.1,26.2,28.0,0.1,18.8,18.03,81,1006.4,45,24.3,Lagos
2005-02-02,31.0,26.2,28.0,0.0,16.4,19.21,80,1007.5,22,23.9,Lagos
2005-02-03,31.8,25.7,28.0,0.0,17.1,20.74,79,1007.5,23,23.7,Lagos
2005-02-04,31.5,26.1,28.2,0.0,17.0,18.46,80,1007.6,66,24.2,Lagos
2005-02-05,31.7,26.7,28.5,0.0,23.7,17.06,80,1006.4,98,24.6,Lagos
2005-02-06,30.1,27.0,28.0,8.0,22.9,12.92,83,1007.5,97,24.8,Lagos
2005-02-07,30.8,26.4,28.1,1.6,15.8,17.96,82,1008.5,59,24.6,Lagos
2005-02-08,30.4,26.6,28.0,1.7,18.5,18.05,82,1008.9,44,24.6,Lagos
2005-02-09,29.8,25.9,27.5,5.6,16.7,15.64,83,1008.4,71,24.4,Lagos
2005-02-10,30.7,26.0,27.8,2.1,14.4,16.88,83,1007.3,44,24.6,Lagos
2005-02-11,31.5,26.5,28.4,0.3,15.6,17.06,81,1007.2,78,24.7,Lagos
2005-02-12,31.4,26.5,28.5,0.8,17.3,18.28,81,1007.3,81,24.9,Lagos
2005-02-13,31.0,26.4,28.1,1.2,16.6,19.38,84,1006.9,46,25.0,Lagos
2005-02-14,31.7,26.3,28.4,0.0,15.3,20.2,82,1006.1,59,24.8,Lagos
2005-02-15,33.3,26.6,29.0,0.0,19.4,21.81,79,1005.7,35,24.7,Lagos
2005-02-16,32.1,26.8,28.9,0.2,19.0,19.65,79,1006.6,70,24.8,Lagos
2005-02-17,31.7,26.9,28.7,1.5,18.7,18.9,81,1007.6,42,24.9,Lagos
2005-02-18,31.9,26.9,28.9,0.1,17.3,19.32,79,1007.2,39,24.7,Lagos
2005-02-19,32.3,27.1,29.0,0.4,17.6,19.92,78,1007.0,26,24.6,Lagos
2005-02-20,32.5,27.2,29.1,1.3,19.3,20.0,80,1006.8,29,25.1,Lagos
2005-02-21,31.7,27.0,28.7,2.3,19.8,17.88,81,1007.8,50,25.0,Lagos
2005-02-22,31.6,26.6,28.7,1.2,15.7,18.45,83,1008.1,49,25.4,Lagos
2005-02-23,32.8,27.2,29.2,0.0,21.3,20.89,79,1007.1,47,24.9,Lagos
2005-02-24,31.9,27.7,29.3,0.0,21.7,17.74,78,1007.9,73,24.9,Lagos
2005-02-25,31.0,26.9,28.4,5.7,21.1,16.28,83,1008.4,96,25.2,Lagos
2005-02-26,30.5,26.5,27.9,6.5,19.2,16.24,85,1009.4,97,25.0,Lagos
2005-02-27,30.2,26.9,28.2,0.7,16.9,16.28,83,1009.1,80,25.0,Lagos
2005-02-28,30.7,27.3,28.5,0.6,18.5,18.99,84,1008.5,45,25.4,Lagos
2005-03-01,30.8,27.2,28.6,0.4,16.9,18.14,83,1008.2,68,25.3,Lagos
2005-03-02,31.0,27.1,28.7,1.8,17.2,19.16,82,1008.3,79,25.3,Lagos
2005-03-03,31.2,27.2,28.5,6.0,17.2,18.79,84,1009.5,93,25.4,Lagos
2005-03-04,31.3,27.1,28.7,0.4,18.8,18.76,83,1009.7,96,25.4,Lagos
2005-03-05,31.2,27.4,28.8,0.8,21.8,20.19,83,1009.5,55,25.5,Lagos
2005-03-06,31.1,27.1,28.7,1.0,19.8,20.22,82,1009.8,37,25.3,Lagos
2005-03-07,31.3,26.8,28.5,0.4,17.1,21.26,83,1008.5,49,25.2,Lagos
2005-03-08,32.7,26.7,29.0,0.0,18.7,21.91,81,1007.1,29,25.2,Lagos
2005-03-09,32.0,27.5,29.3,0.0,16.8,18.69,81,1006.8,78,25.5,Lagos
2005-03-10,31.0,27.3,28.8,2.1,19.6,16.25,84,1007.0,99,25.8,Lagos
2005-03-11,29.7,27.1,28.3,5.6,19.3,9.69,84,1007.9,100,25.3,Lagos
2005-03-12,30.6,26.4,28.1,5.1,18.7,17.63,83,1008.7,86,24.8,Lagos
2005-03-13,30.6,25.7,27.6,5.3,13.4,18.23,83,1008.5,92,24.4,Lagos
2005-03-14,31.3,26.4,28.3,0.7,15.1,20.25,80,1008.3,78,24.5,Lagos
2005-03-15,31.6,26.2,28.4,0.1,13.4,19.02,80,1007.8,91,24.6,Lagos
2005-03-16,32.0,27.2,28.9,1.9,17.4,20.48,80,1007.5,51,25.1,Lagos
2005-03-17,31.5,27.3,28.6,3.8,16.6,19.89,82,1008.0,85,25.1,Lagos
2005-03-18,30.8,26.9,28.5,2.7,16.5,18.77,82,1008.4,73,25.1,Lagos
2005-03-19,30.8,26.9,28.4,1.0,15.9,18.64,82,1008.4,58,25.1,Lagos
2005-03-20,30.8,27.1,28.1,7.7,18.7,17.76,84,1008.2,64,25.2,Lagos
2005-03-21,29.4,26.5,27.3,10.4,20.3,12.72,85,1008.3,94,24.5,Lagos
2005-03-22,30.2,26.4,28.0,0.4,17.6,19.16,80,1008.4,66,24.2,Lagos
2005-03-23,29.4,26.4,27.8,0.7,16.9,10.75,82,1010.0,76,24.4,Lagos
2005-03-24,29.1,26.2,27.5,0.0,14.9,12.43,84,1009.9,74,24.6,Lagos
2005-03-25,31.2,26.0,28.1,0.0,18.9,21.45,81,1008.7,30,24.3,Lagos
2005-03-26,30.7,26.6,27.9,2.8,18.0,18.92,83,1008.9,77,24.7,Lagos
2005-03-27,30.8,26.6,28.1,1.3,15.3,20.44,81,1009.1,60,24.5,Lagos
2005-03-28,30.5,26.6,28.3,0.7,15.4,19.81,80,1009.3,32,24.5,Lagos
2005-03-29,31.1,26.6,28.4,0.7,17.1,20.51,81,1008.7,33,24.8,Lagos
2005-03-30,31.5,27.2,28.9,0.4,17.7,19.93,79,1008.3,58,24.7,Lagos
2005-03-31,31.3,27.3,28.4,4.1,19.5,19.25,81,1008.0,74,24.8,Lagos
2005-04-01,30.9,27.0,28.2,4.9,17.2,20.06,83,1008.5,64,24.9,Lagos
2005-04-02,30.8,26.7,27.8,3.4,18.4,19.27,85,1009.7,72,25.0,Lagos
2005-04-03,31.3,26.6,28.2,1.7,17.6,19.58,83,1009.9,59,25.0,Lagos
2005-04-04,31.0,27.1,28.2,3.0,18.3,19.05,84,1010.1,42,25.2,Lagos
2005-04-05,30.0,27.0,28.0,2.8,17.5,18.97,84,1010.1,39,25.1,Lagos
2005-04-06,30.6,27.0,28.2,3.1,17.1,19.41,84,1009.3,37,25.2,Lagos
2005-04-07,30.0,27.2,28.1,4.0,19.5,19.67,84,1008.4,48,25.1,Lagos
2005-04-08,30.6,26.8,28.0,4.4,17.2,19.77,85,1007.8,44,25.2,Lagos
2005-04-09,29.6,26.6,27.6,3.1,16.6,15.14,85,1007.3,90,24.9,Lagos
2005-04-10,31.0,26.6,28.3,0.9,16.8,17.67,83,1006.8,77,25.0,Lagos
2005-04-11,30.7,27.1,28.5,1.2,18.9,21.77,82,1007.1,33,25.1,Lagos
2005-04-12,30.9,27.2,28.5,1.6,18.7,20.34,81,1007.6,53,24.9,Lagos
2005-04-13,30.3,27.3,28.3,4.2,17.6,16.65,83,1007.9,86,25.0,Lagos
2005-04-14,29.0,27.0,27.9,8.6,17.9,14.09,85,1008.0,91,25.1,Lagos
2005-04-15,29.4,26.1,27.6,9.1,15.4,12.73,86,1008.8,99,25.0,Lagos
2005-04-16,31.1,26.3,28.3,0.2,15.1,21.69,81,1008.7,77,24.6,Lagos
2005-04-17,30.7,26.9,28.0,7.7,18.0,16.85,84,1008.0,63,25.0,Lagos
2005-04-18,29.5,26.2,27.6,13.6,19.8,13.32,86,1007.7,98,25.0,Lagos
2005-04-19,29.8,26.7,27.9,5.6,16.4,18.55,85,1007.8,71,25.1,Lagos
2005-04-20,29.6,26.3,27.8,1.9,11.8,19.03,85,1008.1,83,25.0,Lagos
2005-04-21,28.3,26.4,27.4,10.0,17.0,12.43,86,1007.9,98,24.9,Lagos
2005-04-22,28.5,26.2,27.2,10.7,15.0,11.79,87,1007.6,99,24.9,Lagos
2005-04-23,29.2,25.8,27.4,6.0,13.5,13.1,86,1007.6,97,24.8,Lagos
2005-04-24,30.0,26.2,27.8,5.5,17.1,18.39,84,1007.7,83,24.8,Lagos
2005-04-25,29.2,26.3,27.6,2.7,22.7,10.38,86,1008.1,99,25.1,Lagos
2005-04-26,29.9,26.4,27.4,8.2,15.8,15.08,85,1009.4,97,24.7,Lagos
2005-04-27,29.5,25.8,27.5,0.7,14.1,13.44,87,1010.2,96,25.1,Lagos
2005-04-28,30.2,26.3,27.9,2.9,16.8,19.99,87,1009.8,71,25.6,Lagos
2005-04-29,28.5,26.6,27.2,12.8,18.9,13.72,87,1009.5,84,24.8,Lagos
2005-04-30,28.6,25.2,26.8,6.4,20.7,15.83,86,1009.3,98,24.2,Lagos
2005-05-01,29.4,25.5,26.6,6.3,18.1,19.98,87,1009.9,58,24.3,Lagos
2005-05-02,29.1,25.3,26.7,3.1,18.4,18.67,88,1010.7,56,24.5,Lagos
2005-05-03,29.1,25.3,26.9,5.3,16.4,18.71,87,1011.4,57,24.6,Lagos
2005-05-04,27.4,24.8,26.0,22.8,14.7,11.33,89,1011.3,94,24.1,Lagos
2005-05-05,27.1,24.1,25.1,18.5,11.7,10.06,90,1012.3,100,23.4,Lagos
2005-05-06,27.2,24.2,25.5,12.4,10.5,13.17,90,1012.0,86,23.7,Lagos
2005-05-07,27.7,24.7,26.0,7.6,13.1,16.41,87,1011.8,67,23.8,Lagos
2005-05-08,28.0,24.4,26.2,5.6,12.2,18.36,87,1011.3,87,23.9,Lagos
2005-05-09,28.4,25.0,26.4,6.0,13.4,15.94,88,1010.9,95,24.1,Lagos
2005-05-10,29.3,24.6,26.8,1.5,10.0,18.54,85,1010.4,82,23.9,Lagos
2005-05-11,29.7,25.1,27.3,1.8,11.7,18.17,84,1010.2,52,24.2,Lagos
2005-05-12,29.9,26.4,27.8,2.1,15.3,20.94,83,1009.8,39,24.6,Lagos
2005-05-13,28.8,25.6,27.1,3.3,14.2,17.43,88,1010.2,83,24.8,Lagos
2005-05-14,29.3,25.9,27.4,2.1,13.5,19.24,85,1009.5,48,24.6,Lagos
2005-05-15,29.6,26.3,27.3,4.0,15.3,16.85,86,1008.6,88,24.7,Lagos
2005-05-16,29.7,26.2,27.2,7.5,15.7,17.12,87,1007.5,61,24.7,Lagos
2005-05-17,28.8,26.0,26.9,5.1,13.3,15.93,90,1007.3,87,25.0,Lagos
2005-05-18,28.8,26.1,27.3,1.1,14.7,16.92,87,1007.9,84,24.8,Lagos
2005-05-19,29.3,26.1,27.2,3.3,15.4,18.14,87,1007.6,62,24.8,Lagos
2005-05-20,29.8,25.9,27.5,0.5,16.9,18.14,85,1008.2,54,24.7,Lagos
2005-05-21,29.6,26.3,27.7,0.9,17.7,19.21,84,1007.7,47,24.8,Lagos
2005-05-22,28.6,25.9,26.8,9.0,22.7,17.39,88,1008.6,62,24.6,Lagos
2005-05-23,28.0,25.1,26.4,9.4,13.2,14.25,88,1009.8,92,24.2,Lagos
2005-05-24,29.0,26.0,27.1,6.1,14.0,17.06,86,1009.3,72,24.5,Lagos
2005-05-25,29.5,25.7,27.4,1.8,17.1,19.88,87,1009.8,63,24.9,Lagos
2005-05-26,27.0,25.6,26.2,14.5,14.9,8.38,88,1010.3,96,24.1,Lagos
2005-05-27,26.9,24.0,25.4,32.6,12.1,5.31,90,1011.4,99,23.7,Lagos
2005-05-28,29.0,24.8,26.4,6.1,13.8,18.1,89,1011.0,91,24.4,Lagos
2005-05-29,28.0,25.2,26.1,12.6,15.0,15.88,89,1010.6,80,24.2,Lagos
2005-05-30,27.4,24.4,25.5,16.4,13.7,13.43,89,1011.6,93,23.5,Lagos
2005-05-31,26.7,24.1,24.9,41.4,10.7,9.15,92,1012.3,89,23.5,Lagos
2005-06-01,28.7,23.8,26.1,0.8,13.0,19.81,87,1010.8,45,23.8,Lagos
2005-06-02,28.8,25.3,26.6,2.7,13.4,16.12,86,1009.7,87,24.2,Lagos
2005-06-03,26.5,24.7,25.6,13.9,14.3,9.1,90,1009.8,89,23.9,Lagos
2005-06-04,28.2,24.4,26.2,8.8,12.6,14.91,88,1010.1,92,24.0,Lagos
2005-06-05,27.7,24.0,25.6,12.8,14.2,8.94,89,1010.2,96,23.6,Lagos
2005-06-06,28.0,25.0,26.3,10.4,13.9,12.02,87,1009.9,91,23.9,Lagos
2005-06-07,27.6,24.6,26.2,6.5,16.7,14.84,88,1009.9,76,24.0,Lagos
2005-06-08,28.2,24.3,26.0,8.2,16.1,15.12,88,1010.7,68,23.7,Lagos
2005-06-09,28.3,24.5,26.0,7.6,13.0,13.95,88,1011.5,76,23.8,Lagos
2005-06-10,28.1,24.9,26.2,5.0,18.0,15.92,88,1011.4,80,24.0,Lagos
2005-06-11,27.2,24.5,25.7,17.9,15.9,11.87,89,1011.3,95,23.7,Lagos
2005-06-12,26.1,24.5,25.2,26.4,12.7,6.53,92,1012.0,100,23.8,Lagos
2005-06-13,27.8,24.2,25.6,6.2,12.6,15.77,88,1011.1,78,23.5,Lagos
2005-06-14,28.1,24.2,25.9,6.3,16.1,16.01,87,1011.0,67,23.6,Lagos
2005-06-15,28.1,24.9,26.1,6.0,18.2,15.69,87,1011.9,84,23.7,Lagos
2005-06-16,28.1,24.3,26.0,5.7,18.2,17.1,86,1012.1,85,23.5,Lagos
2005-06-17,28.3,24.5,25.9,4.5,18.7,16.19,87,1012.3,78,23.6,Lagos
2005-06-18,27.3,24.2,25.6,9.1,15.6,12.93,89,1012.8,84,23.5,Lagos
2005-06-19,27.1,24.7,25.6,1.6,15.0,14.96,88,1012.6,80,23.4,Lagos
2005-06-20,26.8,24.4,25.5,4.2,15.4,14.41,88,1012.0,73,23.3,Lagos
2005-06-21,27.2,24.2,25.6,8.0,14.8,15.67,87,1011.9,71,23.2,Lagos
2005-06-22,27.4,24.5,25.9,4.4,14.6,17.43,87,1011.4,79,23.5,Lagos
2005-06-23,27.7,24.5,25.9,3.7,17.1,15.12,86,1011.1,76,23.3,Lagos
2005-06-24,26.8,24.2,25.1,5.8,17.8,15.42,90,1010.9,91,23.2,Lagos
2005-06-25,25.6,23.6,24.5,20.1,18.6,9.2,92,1011.4,98,23.0,Lagos
2005-06-26,24.6,23.4,24.0,27.1,14.9,4.24,93,1013.3,99,22.8,Lagos
2005-06-27,26.0,23.5,24.5,7.7,14.8,9.22,90,1013.2,90,22.7,Lagos
2005-06-28,27.3,23.9,25.3,5.2,11.2,15.69,89,1012.7,81,23.3,Lagos
2005-06-29,27.6,23.8,25.4,8.6,16.1,14.64,87,1011.6,66,23.1,Lagos
2005-06-30,27.4,23.8,25.1,6.4,18.9,13.87,88,1011.9,67,22.9,Lagos
2005-07-01,26.9,24.0,25.2,3.3,16.4,13.8,86,1012.1,84,22.7,Lagos
2005-07-02,25.6,23.9,24.7,15.6,16.9,7.32,90,1012.7,98,22.9,Lagos
2005-07-03,27.4,23.8,25.2,3.3,14.6,13.59,87,1013.5,94,22.9,Lagos
2005-07-04,27.4,24.2,25.2,7.0,15.0,11.73,88,1012.7,96,23.1,Lagos
2005-07-05,26.5,24.1,24.8,13.2,17.9,10.81,88,1012.5,82,22.8,Lagos
2005-07-06,24.4,23.4,23.8,27.0,18.2,4.13,92,1013.6,96,22.4,Lagos
2005-07-07,27.2,23.6,25.0,1.6,14.2,15.31,86,1013.9,83,22.5,Lagos
2005-07-08,27.0,23.8,25.1,0.9,20.5,14.17,86,1013.0,87,22.6,Lagos
2005-07-09,26.4,23.1,24.5,17.7,19.7,13.34,88,1013.2,95,22.5,Lagos
2005-07-10,26.2,23.6,24.7,4.2,17.1,9.78,88,1014.3,99,22.6,Lagos
2005-07-11,27.3,23.3,25.2,0.0,11.3,15.71,88,1014.3,92,23.0,Lagos
2005-07-12,26.7,24.3,25.2,5.6,18.8,14.41,87,1013.0,71,22.9,Lagos
2005-07-13,25.5,23.4,24.4,30.0,18.6,6.74,90,1012.5,99,22.7,Lagos
2005-07-14,26.6,23.2,24.3,8.0,15.8,11.74,89,1012.5,95,22.5,Lagos
2005-07-15,28.1,23.3,25.5,0.3,14.1,19.82,85,1013.5,70,22.8,Lagos
2005-07-16,27.7,24.3,25.6,2.8,17.1,16.32,89,1013.7,89,23.6,Lagos
2005-07-17,27.1,24.3,25.1,10.3,18.6,13.13,89,1012.7,76,23.1,Lagos
2005-07-18,26.1,23.6,24.6,7.5,17.4,15.97,89,1011.8,78,22.7,Lagos
2005-07-19,27.5,23.6,25.1,2.2,17.3,17.78,86,1012.0,80,22.5,Lagos
2005-07-20,26.7,23.5,24.5,9.3,19.8,11.42,88,1012.1,93,22.4,Lagos
2005-07-21,26.9,24.1,25.0,3.7,19.5,13.26,85,1012.6,79,22.3,Lagos
2005-07-22,27.2,23.6,25.1,1.3,15.0,17.63,87,1012.9,77,22.8,Lagos
2005-07-23,27.2,24.1,25.1,2.7,15.8,14.94,87,1012.5,79,22.8,Lagos
2005-07-24,26.9,24.0,25.2,0.2,18.9,17.74,87,1012.6,60,22.9,Lagos
2005-07-25,27.0,24.0,25.1,0.1,20.7,17.36,87,1013.2,85,22.7,Lagos
2005-07-26,25.9,23.7,24.6,5.3,23.7,12.57,87,1013.8,92,22.2,Lagos
2005-07-27,26.5,23.7,24.9,0.3,22.6,15.07,85,1013.4,92,22.2,Lagos
2005-07-28,26.3,23.7,24.8,1.6,21.7,12.64,87,1013.0,77,22.5,Lagos
2005-07-29,26.6,23.8,24.7,3.5,21.2,14.83,86,1013.5,72,22.3,Lagos
2005-07-30,26.7,23.4,24.8,0.8,18.4,20.11,84,1013.1,77,21.9,Lagos
2005-07-31,26.9,23.1,24.6,0.0,17.6,20.21,83,1013.1,46,21.5,Lagos
2005-08-01,26.8,23.2,24.6,0.1,17.8,16.71,84,1013.1,50,21.6,Lagos
2005-08-02,26.9,23.6,24.8,0.0,17.1,19.2,82,1012.9,51,21.5,Lagos
2005-08-03,26.6,23.4,24.7,0.6,17.3,18.33,84,1012.8,56,21.7,Lagos
2005-08-04,26.9,23.5,24.9,0.0,18.1,17.37,81,1012.5,95,21.3,Lagos
2005-08-05,26.8,23.3,24.8,0.0,20.8,15.96,83,1012.7,81,21.7,Lagos
2005-08-06,26.9,23.4,24.8,0.0,23.2,17.3,82,1012.7,85,21.5,Lagos
2005-08-07,26.4,23.7,24.6,1.0,22.9,14.07,83,1013.1,93,21.5,Lagos
2005-08-08,27.4,23.3,24.8,0.1,20.0,19.62,82,1013.4,61,21.5,Lagos
2005-08-09,26.7,22.9,24.6,0.1,15.4,17.84,84,1013.7,59,21.6,Lagos
2005-08-10,26.4,23.6,24.7,0.6,15.6,10.83,85,1013.2,92,22.0,Lagos
2005-08-11,25.7,23.7,24.5,0.8,21.1,7.85,86,1012.0,95,21.9,Lagos
2005-08-12,27.1,23.7,24.9,0.2,25.4,15.35,83,1011.0,82,21.8,Lagos
2005-08-13,27.3,23.3,24.9,0.9,23.0,18.47,83,1012.5,73,21.8,Lagos
2005-08-14,26.8,22.9,24.7,0.6,18.3,18.18,84,1013.7,75,21.7,Lagos
2005-08-15,27.0,23.0,24.7,0.4,20.2,18.18,83,1013.7,72,21.5,Lagos
2005-08-16,27.2,23.3,24.7,0.7,23.0,16.76,82,1012.7,79,21.4,Lagos
2005-08-17,27.2,23.5,24.9,0.9,22.7,20.96,81,1013.0,48,21.4,Lagos
2005-08-18,27.2,22.6,24.6,0.6,16.6,19.45,82,1013.1,42,21.3,Lagos
2005-08-19,27.2,23.0,24.7,0.0,15.8,13.66,82,1013.5,67,21.3,Lagos
2005-08-20,26.4,23.3,24.6,0.2,20.7,11.83,83,1013.2,78,21.4,Lagos
2005-08-21,26.5,23.0,24.7,2.0,18.1,17.03,81,1012.9,45,21.0,Lagos
2005-08-22,27.4,22.9,24.9,0.8,20.0,20.14,80,1012.6,45,21.1,Lagos
2005-08-23,26.9,23.4,24.8,0.5,21.6,11.25,81,1012.6,95,21.2,Lagos
2005-08-24,24.9,23.4,24.0,11.0,19.3,5.41,87,1013.1,100,21.8,Lagos
2005-08-25,26.7,23.3,24.6,0.2,15.6,9.75,85,1013.1,92,21.9,Lagos
2005-08-26,26.8,23.8,25.0,1.0,15.3,16.52,85,1012.2,83,22.2,Lagos
2005-08-27,27.3,23.7,25.1,0.7,16.3,18.46,84,1011.5,48,22.2,Lagos
2005-08-28,27.8,23.8,25.2,0.8,21.1,15.25,84,1010.6,92,22.2,Lagos
2005-08-29,27.5,23.7,24.7,6.3,18.5,16.96,87,1010.3,93,22.4,Lagos
2005-08-30,27.3,23.7,25.0,1.3,13.7,16.82,85,1012.2,67,22.3,Lagos
2005-08-31,27.6,23.6,25.1,2.9,18.7,18.79,85,1011.3,86,22.3,Lagos
2005-09-01,26.1,23.7,24.5,6.4,18.9,9.26,87,1010.1,100,22.3,Lagos
2005-09-02,25.7,23.4,24.4,12.9,15.8,12.18,89,1011.3,88,22.5,Lagos
2005-09-03,26.8,23.3,25.1,0.6,14.9,16.91,85,1012.7,57,22.4,Lagos
2005-09-04,27.6,23.7,25.0,3.7,16.6,16.67,87,1012.4,74,22.7,Lagos
2005-09-05,26.8,23.0,24.6,11.7,16.7,12.87,89,1011.2,95,22.7,Lagos
2005-09-06,27.0,23.5,24.9,1.7,17.1,18.78,88,1012.3,73,22.8,Lagos
2005-09-07,27.3,23.2,24.9,1.8,14.6,18.82,88,1013.6,77,22.8,Lagos
2005-09-08,27.5,23.5,25.1,2.0,17.2,15.46,86,1013.2,79,22.6,Lagos
2005-09-09,27.6,24.0,25.3,7.1,15.9,15.07,88,1013.2,92,23.1,Lagos
2005-09-10,26.6,24.1,25.2,3.2,18.6,15.8,88,1012.3,59,23.1,Lagos
2005-09-11,27.5,24.2,25.5,1.1,17.3,19.18,86,1011.3,56,22.9,Lagos
2005-09-12,27.7,24.0,25.5,0.4,18.9,21.45,86,1011.0,44,22.8,Lagos
2005-09-13,27.9,23.9,25.6,0.5,16.1,21.72,85,1011.6,31,22.8,Lagos
2005-09-14,27.8,24.2,25.4,2.2,16.5,16.29,86,1012.2,49,22.9,Lagos
2005-09-15,27.2,24.2,25.5,0.6,17.7,15.67,86,1012.6,44,23.0,Lagos
2005-09-16,27.7,24.4,25.6,0.8,18.8,14.08,85,1012.1,83,22.9,Lagos
2005-09-17,28.0,24.5,25.9,0.7,15.0,17.7,85,1011.2,61,23.0,Lagos
2005-09-18,28.4,24.5,25.9,1.6,18.3,19.98,86,1011.8,86,23.4,Lagos
2005-09-19,28.4,24.6,26.0,0.4,17.9,17.98,86,1012.3,94,23.5,Lagos
2005-09-20,26.5,24.4,25.3,8.7,19.4,12.75,88,1011.3,99,23.1,Lagos
2005-09-21,27.4,24.3,25.3,1.7,17.8,14.85,87,1010.9,94,22.9,Lagos
2005-09-22,28.1,24.5,25.7,0.6,13.3,15.65,86,1010.5,90,23.1,Lagos
2005-09-23,28.2,24.5,25.5,6.4,14.5,13.37,88,1010.7,98,23.3,Lagos
2005-09-24,25.0,23.8,24.3,46.5,15.1,4.44,92,1011.1,99,22.9,Lagos
2005-09-25,27.4,23.7,25.3,5.6,14.5,15.31,88,1011.2,95,23.1,Lagos
2005-09-26,27.8,23.9,25.5,7.2,14.5,16.61,88,1011.4,93,23.3,Lagos
2005-09-27,27.2,23.4,25.1,7.0,14.1,14.17,87,1012.0,100,22.8,Lagos
2005-09-28,28.2,24.0,25.8,5.4,17.1,19.2,87,1011.8,89,23.5,Lagos
2005-09-29,28.3,24.2,25.8,6.1,15.8,16.08,86,1011.2,84,23.2,Lagos
2005-09-30,28.2,23.8,25.7,4.1,17.9,17.7,85,1010.9,80,23.0,Lagos
2005-10-01,28.3,24.7,26.1,0.9,17.2,19.8,84,1011.3,89,23.2,Lagos
2005-10-02,28.3,23.8,25.9,2.5,14.5,20.29,86,1011.1,53,23.4,Lagos
2005-10-03,27.1,23.9,25.5,6.5,11.7,13.95,87,1011.5,85,23.1,Lagos
2005-10-04,26.4,23.6,25.0,13.6,13.7,12.12,88,1011.8,99,22.8,Lagos
2005-10-05,28.5,23.5,25.5,6.3,11.5,17.85,88,1012.3,98,23.2,Lagos
2005-10-06,28.1,23.9,25.7,5.3,13.3,16.38,87,1011.3,80,23.4,Lagos
2005-10-07,27.9,24.6,25.8,7.8,14.8,16.7,86,1011.4,64,23.2,Lagos
2005-10-08,28.6,23.7,25.5,4.4,13.8,17.94,86,1012.1,64,23.0,Lagos
2005-10-09,29.1,23.9,25.8,7.2,15.2,17.55,86,1011.4,93,23.3,Lagos
2005-10-10,27.3,24.0,25.4,5.4,13.6,12.14,87,1011.2,89,23.1,Lagos
2005-10-11,28.4,24.2,25.9,2.2,8.9,19.01,87,1011.4,82,23.5,Lagos
2005-10-12,28.4,24.5,26.2,0.4,11.4,16.37,85,1010.8,67,23.5,Lagos
2005-10-13,29.2,25.0,26.6,0.1,15.8,21.12,85,1010.3,57,23.8,Lagos
2005-10-14,28.8,25.2,26.6,1.3,15.4,19.09,84,1010.8,81,23.5,Lagos
2005-10-15,29.0,25.2,26.6,3.6,12.4,19.4,83,1011.1,89,23.5,Lagos
2005-10-16,28.9,24.8,26.5,1.9,12.9,19.83,85,1010.2,81,23.8,Lagos
2005-10-17,29.1,25.1,26.7,0.6,11.6,19.89,84,1009.9,63,23.7,Lagos
2005-10-18,28.5,24.9,26.3,6.1,15.4,17.86,86,1010.3,50,23.8,Lagos
2005-10-19,27.7,24.5,25.8,7.8,9.4,13.8,89,1011.6,82,23.8,Lagos
2005-10-20,28.2,24.0,25.7,4.6,9.6,16.24,90,1011.0,75,23.9,Lagos
2005-10-21,28.8,24.3,26.3,3.8,13.8,18.36,86,1010.0,46,23.8,Lagos
2005-10-22,29.1,24.5,26.6,2.0,11.0,19.06,85,1009.6,68,23.9,Lagos
2005-10-23,29.8,24.9,26.8,1.4,13.1,19.95,86,1009.6,74,24.3,Lagos
2005-10-24,29.5,24.9,26.8,6.3,13.1,18.09,87,1009.8,67,24.4,Lagos
2005-10-25,27.8,25.1,26.4,2.6,11.5,8.13,86,1010.1,99,23.9,Lagos
2005-10-26,29.2,24.6,26.7,1.7,10.2,19.56,86,1009.8,70,24.1,Lagos
2005-10-27,29.4,25.0,27.0,0.7,11.5,18.53,83,1009.9,45,23.8,Lagos
2005-10-28,28.4,25.6,26.4,5.3,13.0,15.5,85,1011.4,79,23.7,Lagos
2005-10-29,29.7,24.6,26.8,3.6,9.8,19.3,86,1011.6,64,24.2,Lagos
2005-10-30,29.8,25.7,27.2,1.2,15.2,19.51,85,1011.4,53,24.3,Lagos
2005-10-31,28.6,25.4,26.5,7.1,13.0,13.98,87,1012.0,85,24.2,Lagos
2005-11-01,26.8,24.6,25.5,20.0,14.5,8.16,90,1012.8,98,23.6,Lagos
2005-11-02,29.3,23.6,26.4,2.6,8.7,17.56,86,1012.2,60,23.8,Lagos
2005-11-03,29.3,25.2,26.9,6.9,12.7,16.92,85,1011.2,60,24.2,Lagos
2005-11-04,28.6,25.3,26.5,8.0,12.6,16.52,86,1011.3,94,24.1,Lagos
2005-11-05,27.8,24.7,25.8,4.4,11.7,13.04,88,1011.1,85,23.6,Lagos
2005-11-06,29.9,25.0,27.2,0.5,12.7,19.8,83,1010.2,43,23.9,Lagos
2005-11-07,30.0,25.3,27.4,0.8,12.0,20.25,83,1009.9,22,24.1,Lagos
2005-11-08,30.0,24.9,27.4,1.0,13.9,19.58,83,1009.2,24,24.2,Lagos
2005-11-09,29.8,25.8,27.5,2.3,12.9,19.31,83,1009.4,24,24.3,Lagos
2005-11-10,29.2,25.8,27.3,0.7,14.2,17.28,86,1009.3,40,24.7,Lagos
2005-11-11,29.5,25.5,27.3,1.7,13.4,18.12,87,1008.9,86,24.9,Lagos
2005-11-12,29.8,25.0,27.3,0.6,10.2,19.35,83,1008.5,50,24.2,Lagos
2005-11-13,29.7,25.8,27.5,0.6,14.7,18.46,84,1008.3,22,24.5,Lagos
2005-11-14,29.9,25.3,27.5,0.5,14.9,18.58,85,1008.6,23,24.7,Lagos
2005-11-15,29.7,25.9,27.4,0.9,15.9,18.68,84,1008.4,42,24.5,Lagos
2005-11-16,29.4,25.8,27.2,1.7,14.1,16.35,85,1008.3,50,24.4,Lagos
2005-11-17,29.6,25.6,27.4,1.4,13.4,17.81,84,1008.4,29,24.4,Lagos
2005-11-18,29.8,25.6,27.6,1.3,13.5,19.09,84,1008.7,39,24.6,Lagos
2005-11-19,30.3,25.5,27.7,0.6,14.8,19.29,83,1008.6,28,24.5,Lagos
2005-11-20,29.5,26.2,27.6,0.6,14.6,17.35,84,1008.6,24,24.7,Lagos
2005-11-21,29.9,25.9,27.5,1.5,15.3,17.77,85,1008.0,36,24.7,Lagos
2005-11-22,29.1,25.8,27.3,0.7,14.1,15.67,87,1007.9,54,24.8,Lagos
2005-11-23,29.8,25.3,27.4,1.2,13.8,18.57,86,1008.3,34,24.8,Lagos
2005-11-24,30.4,25.5,27.8,0.8,16.5,18.49,83,1007.9,42,24.5,Lagos
2005-11-25,28.3,25.9,26.8,6.1,15.9,15.19,87,1007.8,86,24.4,Lagos
2005-11-26,29.2,25.7,26.8,4.3,12.8,14.64,85,1008.3,100,24.1,Lagos
2005-11-27,29.7,25.3,27.1,1.6,14.2,17.74,85,1008.0,80,24.2,Lagos
2005-11-28,30.1,25.9,27.5,1.9,15.1,18.14,83,1007.4,35,24.4,Lagos
2005-11-29,29.3,25.8,27.4,0.9,13.7,17.13,86,1008.4,38,24.8,Lagos
2005-11-30,29.2,25.8,27.1,2.3,15.5,15.9,85,1007.9,60,24.5,Lagos
2005-12-01,28.8,25.5,26.9,2.2,16.3,13.22,85,1007.6,95,24.3,Lagos
2005-12-02,29.8,25.2,27.3,1.1,12.3,17.96,83,1008.3,73,24.1,Lagos
2005-12-03,29.9,25.5,27.5,0.9,12.2,17.04,84,1008.5,37,24.4,Lagos
2005-12-04,30.1,25.7,27.8,1.2,14.0,16.88,83,1007.7,25,24.4,Lagos
2005-12-05,28.9,26.1,27.2,1.9,19.4,15.17,84,1006.4,53,24.3,Lagos
2005-12-06,29.9,24.8,27.3,1.6,14.2,17.46,84,1006.2,94,24.2,Lagos
2005-12-07,29.9,25.9,27.5,2.0,13.3,17.54,83,1006.7,70,24.4,Lagos
2005-12-08,30.3,25.8,27.5,1.7,16.2,17.37,82,1008.6,82,24.1,Lagos
2005-12-09,29.8,25.7,27.4,1.3,15.1,17.77,83,1008.8,34,24.1,Lagos
2005-12-10,28.7,25.4,26.9,2.6,15.1,14.68,84,1008.2,64,24.0,Lagos
2005-12-11,28.7,24.6,26.2,10.2,12.5,14.68,87,1009.6,97,23.8,Lagos
2005-12-12,29.9,24.5,26.6,6.8,11.6,15.34,86,1009.4,52,24.0,Lagos
2005-12-13,29.9,25.2,27.3,0.4,13.0,17.77,82,1007.6,27,23.9,Lagos
2005-12-14,30.3,24.7,27.6,0.0,13.7,18.31,81,1006.8,41,23.9,Lagos
2005-12-15,30.9,25.1,27.8,0.0,15.6,19.75,81,1007.3,8,24.1,Lagos
2005-12-16,31.1,26.1,28.1,0.1,15.6,18.69,79,1008.2,46,24.1,Lagos
2005-12-17,30.5,26.2,28.0,1.4,14.9,18.09,80,1008.6,40,24.3,Lagos
2005-12-18,30.8,25.9,28.0,0.5,14.4,18.28,82,1008.2,46,24.5,Lagos
2005-12-19,30.2,26.0,27.8,0.6,14.2,16.74,84,1007.9,30,24.9,Lagos
2005-12-20,30.9,26.0,28.0,0.1,15.8,17.99,81,1007.5,18,24.4,Lagos
2005-12-21,30.7,25.5,27.8,1.2,15.5,17.46,85,1007.2,42,24.9,Lagos
2005-12-22,29.6,26.6,27.7,1.9,16.9,15.0,85,1008.6,61,24.9,Lagos
2005-12-23,29.6,25.7,27.3,2.5,17.8,16.28,84,1009.8,63,24.2,Lagos
2005-12-24,31.3,25.7,28.0,0.7,14.1,17.74,78,1009.7,67,23.5,Lagos
2005-12-25,28.9,24.9,27.2,1.7,12.1,13.77,82,1010.0,61,23.8,Lagos
2005-12-26,29.2,25.8,27.3,0.1,11.5,15.17,84,1009.7,41,24.2,Lagos
2005-12-27,29.8,25.2,27.3,1.3,10.6,17.77,83,1009.0,27,24.1,Lagos
2005-12-28,30.9,24.8,27.4,0.0,14.8,19.13,80,1007.8,16,23.5,Lagos
2005-12-29,30.7,25.2,27.6,0.0,14.5,18.85,79,1007.9,19,23.4,Lagos
2005-12-30,31.8,25.3,27.8,1.3,16.1,19.48,79,1007.9,20,23.6,Lagos
2005-12-31,31.2,25.9,27.9,0.4,16.5,18.9,82,1007.8,27,24.3,Lagos
2006-01-01,29.4,25.9,27.4,0.6,15.1,15.38,85,1007.8,45,24.6,Lagos
2006-01-02,31.0,26.1,27.8,1.1,16.8,17.43,82,1007.5,45,24.4,Lagos
2006-01-03,31.1,26.1,27.9,0.8,19.1,16.59,82,1006.7,87,24.3,Lagos
2006-01-04,30.2,26.1,27.7,1.4,16.6,16.61,81,1005.8,95,24.0,Lagos
2006-01-05,30.0,25.5,27.4,0.8,16.1,17.11,83,1005.6,89,24.3,Lagos
2006-01-06,30.3,25.7,27.6,1.3,14.7,16.36,82,1006.4,94,24.1,Lagos
2006-01-07,29.0,25.9,27.0,4.7,13.3,13.29,84,1007.3,87,24.0,Lagos
2006-01-08,29.7,25.9,27.2,2.1,15.9,16.14,83,1007.1,93,24.1,Lagos
2006-01-09,30.2,26.0,27.5,1.5,17.7,15.88,81,1008.2,97,23.9,Lagos
2006-01-10,28.9,26.0,27.3,1.8,17.4,16.49,83,1008.7,57,24.1,Lagos
2006-01-11,30.0,25.9,27.5,1.7,16.4,18.16,84,1008.8,90,24.4,Lagos
2006-01-12,29.3,25.4,27.1,3.9,16.4,14.87,84,1009.5,68,24.2,Lagos
2006-01-13,28.8,25.5,27.2,2.4,16.5,15.08,84,1009.9,65,24.2,Lagos
2006-01-14,29.5,25.5,27.1,2.6,15.9,16.98,85,1009.7,51,24.3,Lagos
2006-01-15,29.5,24.9,26.9,1.5,12.9,17.17,86,1008.9,64,24.2,Lagos
2006-01-16,30.0,25.4,27.3,0.4,15.9,17.94,85,1008.3,28,24.5,Lagos
2006-01-17,29.6,25.6,27.2,1.8,16.7,17.77,84,1007.7,36,24.3,Lagos
2006-01-18,29.5,25.7,27.0,0.3,15.8,16.44,85,1007.6,73,24.2,Lagos
2006-01-19,30.5,25.7,27.3,0.4,18.1,16.63,83,1006.5,79,24.2,Lagos
2006-01-20,28.9,26.0,27.1,1.5,17.1,15.84,84,1007.4,53,24.2,Lagos
2006-01-21,30.1,26.2,27.5,1.3,15.3,15.97,85,1008.0,63,24.7,Lagos
2006-01-22,30.3,26.4,27.8,1.1,17.6,16.84,84,1007.8,77,24.8,Lagos
2006-01-23,30.4,26.3,28.0,1.0,14.8,18.21,83,1007.3,38,24.7,Lagos
2006-01-24,31.1,26.7,28.2,1.0,20.3,18.6,82,1008.1,37,24.8,Lagos
2006-01-25,31.4,26.0,28.0,3.3,21.9,18.8,82,1008.1,45,24.6,Lagos
2006-01-26,30.4,26.4,27.9,1.3,17.9,16.89,83,1009.1,97,24.7,Lagos
2006-01-27,29.7,26.3,27.1,7.7,16.6,16.14,86,1009.9,93,24.6,Lagos
2006-01-28,29.4,25.7,27.0,5.2,14.8,15.63,86,1010.2,69,24.3,Lagos
2006-01-29,30.2,25.8,27.5,1.0,18.1,18.93,85,1009.7,37,24.8,Lagos
2006-01-30,29.8,26.1,27.6,0.9,17.5,18.19,84,1008.9,57,24.6,Lagos
2006-01-31,29.9,26.0,27.3,1.8,17.1,15.38,85,1008.0,65,24.6,Lagos
2006-02-01,30.6,26.2,27.8,0.6,15.5,16.96,83,1006.7,43,24.6,Lagos
2006-02-02,30.3,26.4,27.5,4.5,18.3,15.33,86,1006.7,56,24.8,Lagos
2006-02-03,30.9,26.4,28.1,0.8,20.9,18.29,82,1006.8,56,24.7,Lagos
2006-02-04,30.7,26.6,28.2,1.4,18.7,18.37,81,1007.2,38,24.6,Lagos
2006-02-05,30.1,26.8,28.1,1.8,15.5,17.91,83,1007.5,56,25.0,Lagos
2006-02-06,29.1,26.5,27.7,4.0,14.2,15.05,83,1007.1,57,24.5,Lagos
2006-02-07,30.2,26.5,27.8,1.3,16.9,16.96,83,1007.2,39,24.7,Lagos
2006-02-08,31.0,26.6,28.2,1.7,20.1,18.22,83,1006.7,65,25.0,Lagos
2006-02-09,30.4,26.3,27.8,3.0,20.7,16.57,84,1007.7,96,24.7,Lagos
2006-02-10,29.5,26.4,27.8,1.7,17.7,17.43,82,1009.6,71,24.4,Lagos
2006-02-11,30.3,25.6,27.8,3.3,18.1,18.83,82,1010.6,46,24.3,Lagos
2006-02-12,30.0,25.7,27.4,4.6,17.4,18.01,84,1009.5,56,24.4,Lagos
2006-02-13,30.4,26.5,28.1,1.4,19.4,18.53,80,1008.1,51,24.3,Lagos
2006-02-14,29.5,26.4,27.6,4.5,17.9,17.19,83,1007.4,60,24.5,Lagos
2006-02-15,29.8,25.5,27.1,7.0,16.6,15.09,84,1007.6,88,24.1,Lagos
2006-02-16,30.9,26.3,28.1,0.6,19.6,18.76,79,1006.7,83,24.2,Lagos
2006-02-17,29.7,26.7,27.8,0.7,22.4,16.5,82,1008.0,61,24.4,Lagos
2006-02-18,30.6,26.1,27.9,3.2,17.5,18.18,82,1009.1,69,24.6,Lagos
2006-02-19,30.3,26.4,28.0,1.6,17.7,18.32,83,1008.7,95,24.7,Lagos
2006-02-20,30.9,26.6,28.2,1.2,18.4,18.42,80,1008.1,92,24.4,Lagos
2006-02-21,27.8,26.6,27.2,10.0,18.2,10.76,84,1008.7,99,24.3,Lagos
2006-02-22,29.8,26.1,27.3,13.8,15.4,12.88,83,1009.4,99,24.2,Lagos
2006-02-23,30.5,26.7,28.1,1.3,15.5,17.95,81,1008.9,82,24.4,Lagos
2006-02-24,30.9,26.8,28.4,1.0,17.6,19.03,80,1008.2,87,24.6,Lagos
2006-02-25,30.3,27.0,28.2,1.3,18.2,18.08,81,1008.2,79,24.5,Lagos
2006-02-26,30.8,26.7,28.2,3.3,19.9,19.12,81,1008.5,59,24.5,Lagos
2006-02-27,31.4,26.9,28.7,0.2,17.7,20.09,78,1007.9,90,24.4,Lagos
2006-02-28,30.6,27.0,28.5,2.1,16.6,18.83,78,1008.4,69,24.3,Lagos
2006-03-01,30.3,27.1,28.2,7.1,21.1,18.76,80,1008.9,50,24.5,Lagos
2006-03-02,30.6,26.9,28.0,3.8,17.9,17.77,82,1009.8,66,24.6,Lagos
2006-03-03,30.7,26.8,28.3,0.8,18.6,17.93,80,1010.0,43,24.5,Lagos
2006-03-04,31.4,27.1,28.5,1.0,22.3,20.03,79,1009.4,45,24.5,Lagos
2006-03-05,31.1,26.8,28.4,1.2,21.9,20.76,79,1009.2,62,24.4,Lagos
2006-03-06,31.1,26.9,28.6,2.2,19.9,18.97,79,1009.2,34,24.4,Lagos
2006-03-07,31.1,26.9,28.5,1.9,19.6,19.38,78,1008.8,76,24.3,Lagos
2006-03-08,29.9,26.1,27.4,11.7,19.1,15.58,83,1008.2,96,24.2,Lagos
2006-03-09,29.1,25.7,26.8,14.0,11.5,13.21,85,1008.2,97,24.1,Lagos
2006-03-10,29.2,25.1,27.2,2.0,16.6,15.63,84,1008.8,96,24.2,Lagos
2006-03-11,30.0,26.2,27.9,1.3,15.8,18.17,81,1009.0,94,24.3,Lagos
2006-03-12,30.9,26.5,28.2,0.6,17.0,17.31,80,1008.4,99,24.3,Lagos
2006-03-13,30.8,26.8,28.3,0.8,15.8,16.3,80,1007.4,94,24.4,Lagos
2006-03-14,30.8,26.9,28.5,2.3,16.0,19.82,81,1007.7,64,24.8,Lagos
2006-03-15,30.6,26.5,27.8,6.4,18.0,16.97,84,1008.7,94,24.7,Lagos
2006-03-16,30.1,26.7,27.8,3.4,15.1,15.72,83,1008.6,90,24.6,Lagos
2006-03-17,30.2,26.5,28.0,1.4,17.9,19.06,82,1007.5,74,24.6,Lagos
2006-03-18,30.4,26.7,28.1,0.6,18.6,18.28,79,1007.6,85,24.1,Lagos
2006-03-19,30.4,26.9,28.2,0.7,18.0,19.83,79,1007.8,51,24.2,Lagos
2006-03-20,30.7,26.8,28.4,0.3,15.7,19.95,79,1007.9,69,24.3,Lagos
2006-03-21,30.8,26.8,28.6,0.1,19.4,18.54,77,1008.3,87,24.1,Lagos
2006-03-22,27.9,25.5,26.9,12.5,16.6,7.86,84,1009.1,99,23.9,Lagos
2006-03-23,30.0,25.8,27.8,0.3,16.6,18.47,81,1008.1,63,24.1,Lagos
2006-03-24,30.9,26.7,28.3,0.2,16.0,21.88,77,1007.5,42,23.9,Lagos
2006-03-25,31.0,26.8,28.6,0.0,17.9,20.07,75,1008.1,45,23.7,Lagos
2006-03-26,31.5,27.2,28.7,0.8,18.1,19.65,79,1009.6,78,24.6,Lagos
2006-03-27,31.1,27.2,28.7,1.9,16.6,21.23,80,1009.5,60,24.9,Lagos
2006-03-28,30.6,26.5,28.4,4.6,16.9,19.61,80,1009.2,42,24.7,Lagos
2006-03-29,31.5,25.7,28.4,3.3,17.8,22.35,80,1009.6,34,24.5,Lagos
2006-03-30,31.6,25.9,28.7,0.7,15.3,22.16,80,1009.0,27,24.7,Lagos
2006-03-31,31.6,27.1,28.8,1.5,17.1,20.0,79,1008.6,42,24.7,Lagos
2006-04-01,31.7,27.1,28.8,1.8,17.6,21.05,79,1008.1,73,24.8,Lagos
2006-04-02,31.0,27.3,28.6,3.0,16.7,18.09,80,1008.3,91,24.8,Lagos
2006-04-03,31.3,26.8,28.7,1.8,14.8,20.39,80,1008.5,74,24.8,Lagos
2006-04-04,30.7,26.8,28.4,3.6,16.1,20.12,81,1008.2,54,24.8,Lagos
2006-04-05,29.4,26.3,27.7,5.4,17.7,15.68,84,1008.0,88,24.8,Lagos
2006-04-06,29.7,26.9,28.0,4.1,15.3,17.88,84,1007.7,72,25.0,Lagos
2006-04-07,31.0,27.2,28.4,3.5,14.5,20.11,83,1007.3,52,25.1,Lagos
2006-04-08,31.3,27.1,28.6,1.3,17.4,21.45,82,1006.5,52,25.2,Lagos
2006-04-09,31.1,27.2,28.7,1.5,15.9,21.01,82,1004.7,54,25.3,Lagos
2006-04-10,30.7,27.2,28.5,1.9,17.9,21.9,83,1005.0,44,25.4,Lagos
2006-04-11,31.6,27.2,29.0,0.5,21.8,22.4,79,1006.6,35,24.9,Lagos
2006-04-12,31.4,26.7,28.7,5.8,22.0,19.7,81,1006.5,75,25.1,Lagos
2006-04-13,30.8,26.8,28.6,1.8,18.9,20.1,81,1005.6,51,24.9,Lagos
2006-04-14,30.9,27.0,28.5,2.1,17.3,20.2,81,1006.2,34,24.9,Lagos
2006-04-15,31.4,26.8,28.6,1.7,17.6,21.21,81,1008.3,40,24.9,Lagos
2006-04-16,28.7,26.4,27.6,5.8,15.1,15.2,84,1009.1,95,24.7,Lagos
2006-04-17,30.8,26.9,28.3,3.4,17.7,18.14,81,1007.4,76,24.6,Lagos
2006-04-18,30.7,26.8,28.2,2.0,17.7,20.36,80,1007.4,75,24.4,Lagos
2006-04-19,29.3,26.5,27.3,6.8,18.0,16.08,84,1008.9,91,24.4,Lagos
2006-04-20,29.8,26.6,27.4,5.8,16.3,17.7,84,1009.7,96,24.4,Lagos
2006-04-21,29.6,26.1,27.5,6.7,18.2,16.17,83,1010.0,95,24.4,Lagos
2006-04-22,30.5,26.5,28.2,0.0,17.4,19.18,78,1009.7,97,24.0,Lagos
2006-04-23,30.5,26.4,28.1,3.1,16.3,19.09,82,1008.4,76,24.6,Lagos
2006-04-24,29.1,26.0,27.5,7.8,12.8,15.12,84,1008.4,97,24.5,Lagos
2006-04-25,28.3,25.1,26.5,9.2,12.3,8.17,88,1008.6,100,24.2,Lagos
2006-04-26,30.3,25.7,27.8,0.0,11.4,19.44,80,1007.5,83,24.0,Lagos
2006-04-27,29.1,26.1,27.3,12.1,14.5,14.85,85,1007.7,81,24.6,Lagos
2006-04-28,30.2,26.3,27.6,9.0,15.1,15.95,85,1007.6,98,24.8,Lagos
2006-04-29,29.0,26.3,27.2,6.5,16.0,14.46,86,1007.5,99,24.7,Lagos
2006-04-30,30.0,25.2,27.2,14.6,17.5,15.26,87,1008.3,99,24.7,Lagos
2006-05-01,29.8,25.4,27.1,8.6,17.1,16.44,87,1009.0,98,24.8,Lagos
2006-05-02,29.9,25.4,27.6,2.4,15.8,18.46,85,1009.8,99,24.7,Lagos
2006-05-03,30.2,26.0,27.8,6.5,17.1,17.93,84,1009.2,80,24.9,Lagos
2006-05-04,29.1,26.5,27.6,7.2,15.8,16.48,85,1008.2,42,24.8,Lagos
2006-05-05,29.2,25.9,27.3,9.4,14.4,14.94,86,1007.8,90,24.8,Lagos
2006-05-06,28.3,25.4,27.2,9.7,14.5,13.53,87,1007.8,99,24.8,Lagos
2006-05-07,29.2,25.6,27.5,1.0,14.2,16.88,86,1008.1,98,24.8,Lagos
2006-05-08,29.9,25.3,27.1,17.7,15.1,17.29,87,1007.6,99,24.8,Lagos
2006-05-09,30.2,25.5,27.6,1.0,18.8,22.4,85,1008.0,89,24.8,Lagos
2006-05-10,28.2,25.5,26.8,7.5,14.1,12.58,86,1008.7,100,24.3,Lagos
2006-05-11,29.0,24.8,26.9,2.9,11.2,12.13,86,1009.2,100,24.2,Lagos
2006-05-12,29.0,25.0,27.1,6.6,15.8,18.24,85,1010.5,90,24.4,Lagos
2006-05-13,28.7,25.4,26.8,10.7,13.4,15.08,86,1011.2,87,24.3,Lagos
2006-05-14,29.3,25.2,27.2,1.7,15.4,18.78,84,1011.1,80,24.2,Lagos
2006-05-15,28.0,24.9,26.0,17.0,14.6,12.95,88,1010.7,88,23.9,Lagos
2006-05-16,26.3,24.5,25.4,20.2,9.8,7.55,90,1011.2,99,23.6,Lagos
2006-05-17,27.7,24.1,25.9,5.4,11.3,11.82,87,1011.6,97,23.5,Lagos
2006-05-18,28.2,24.3,26.2,4.6,12.6,14.45,87,1011.8,90,23.9,Lagos
2006-05-19,27.9,24.5,26.0,9.1,15.3,13.69,88,1010.6,90,23.8,Lagos
2006-05-20,25.5,23.8,24.7,46.3,12.7,4.87,92,1011.0,100,23.3,Lagos
2006-05-21,27.6,24.2,25.8,16.2,12.8,9.99,87,1011.3,96,23.5,Lagos
2006-05-22,28.9,24.5,26.5,10.2,11.6,15.43,87,1012.2,94,24.1,Lagos
2006-05-23,28.3,24.9,26.4,5.4,14.3,17.26,88,1012.4,85,24.2,Lagos
2006-05-24,28.4,24.9,26.3,5.8,15.1,16.28,86,1011.7,77,23.8,Lagos
2006-05-25,27.5,24.6,26.1,4.0,11.0,15.33,87,1011.1,93,23.8,Lagos
2006-05-26,29.3,25.2,26.8,3.8,13.0,18.53,84,1010.8,83,23.9,Lagos
2006-05-27,27.6,24.4,26.2,7.8,15.4,15.41,87,1012.0,95,23.9,Lagos
2006-05-28,27.4,25.3,26.1,10.3,18.2,10.97,88,1012.4,99,23.9,Lagos
2006-05-29,28.9,24.5,26.6,3.8,11.5,17.35,85,1012.0,68,23.9,Lagos
2006-05-30,28.0,24.3,26.2,7.8,10.2,15.83,89,1011.5,84,24.1,Lagos
2006-05-31,29.4,24.6,26.7,0.0,9.8,18.72,84,1010.6,67,23.7,Lagos
2006-06-01,29.6,25.2,27.3,1.2,12.0,18.03,84,1011.0,50,24.2,Lagos
2006-06-02,28.5,25.2,26.8,14.9,14.3,13.33,87,1010.5,86,24.5,Lagos
2006-06-03,28.5,24.4,26.6,6.2,13.8,11.1,86,1009.9,98,24.1,Lagos
2006-06-04,29.1,25.3,27.0,2.8,13.0,16.62,85,1009.8,85,24.1,Lagos
2006-06-05,28.6,25.3,26.6,6.2,12.1,15.07,86,1010.2,86,24.0,Lagos
2006-06-06,29.4,25.3,27.3,1.7,10.6,18.57,83,1010.2,53,24.2,Lagos
2006-06-07,29.6,25.8,27.3,1.8,11.8,20.6,84,1009.7,72,24.4,Lagos
2006-06-08,27.5,24.1,25.7,18.5,14.1,10.31,89,1009.4,99,23.7,Lagos
2006-06-09,28.7,23.8,26.0,10.8,12.2,15.91,87,1009.4,96,23.7,Lagos
2006-06-10,29.1,24.2,26.2,11.9,12.9,16.14,86,1009.3,97,23.7,Lagos
2006-06-11,26.6,24.0,25.5,20.8,13.4,10.03,89,1011.0,99,23.5,Lagos
2006-06-12,29.4,24.8,27.0,2.1,12.1,18.19,85,1011.0,68,24.2,Lagos
2006-06-13,29.3,25.2,27.2,1.1,11.5,19.79,83,1010.8,54,24.0,Lagos
2006-06-14,28.6,25.3,26.6,4.7,14.1,16.5,86,1009.9,80,24.1,Lagos
2006-06-15,26.5,25.0,25.6,15.0,11.7,7.12,90,1010.9,100,23.8,Lagos
2006-06-16,26.0,23.9,25.1,14.1,19.2,8.28,89,1012.0,99,23.2,Lagos
2006-06-17,27.5,24.3,25.4,12.8,23.9,11.51,88,1012.4,100,23.3,Lagos
2006-06-18,27.0,23.8,25.0,18.3,13.2,12.41,90,1012.5,93,23.2,Lagos
2006-06-19,27.7,24.4,25.7,3.8,8.9,12.35,88,1012.0,89,23.5,Lagos
2006-06-20,26.3,24.1,25.0,13.9,13.8,5.94,89,1012.2,95,23.1,Lagos
2006-06-21,28.6,23.7,25.8,3.3,14.2,19.41,86,1011.6,61,23.3,Lagos
2006-06-22,28.8,24.3,26.4,1.7,12.4,17.82,85,1011.4,87,23.6,Lagos
2006-06-23,29.4,24.3,26.8,1.1,9.3,22.31,84,1011.8,45,23.8,Lagos
2006-06-24,29.1,24.5,26.5,6.0,12.4,16.69,87,1011.3,91,24.2,Lagos
2006-06-25,29.5,24.5,26.7,4.4,16.6,18.95,85,1011.6,98,23.9,Lagos
2006-06-26,28.3,25.1,26.7,5.0,19.9,17.98,84,1012.6,48,23.8,Lagos
2006-06-27,27.4,24.5,26.0,2.6,15.6,16.35,86,1013.9,47,23.4,Lagos
2006-06-28,28.4,24.6,26.5,0.6,17.4,19.32,86,1013.1,44,23.9,Lagos
2006-06-29,25.8,24.7,25.2,53.1,18.6,5.19,90,1012.7,93,23.5,Lagos
2006-06-30,25.9,24.0,24.9,14.9,13.9,6.36,91,1013.0,99,23.3,Lagos
2006-07-01,27.8,24.1,25.7,6.8,14.2,14.76,87,1013.6,88,23.3,Lagos
2006-07-02,27.2,24.9,26.0,6.6,17.4,13.13,85,1013.3,95,23.2,Lagos
2006-07-03,27.2,24.6,25.6,11.9,19.0,12.8,88,1013.1,83,23.4,Lagos
2006-07-04,27.4,24.5,25.7,9.0,18.1,13.15,86,1012.9,73,23.2,Lagos
2006-07-05,26.9,24.4,25.2,10.1,22.7,11.36,89,1013.6,93,23.2,Lagos
2006-07-06,26.3,24.2,25.0,6.2,19.4,7.96,86,1014.7,96,22.5,Lagos
2006-07-07,27.8,24.2,25.5,6.8,18.8,14.0,86,1013.6,90,22.9,Lagos
2006-07-08,26.4,24.8,25.4,0.9,17.4,7.38,86,1013.2,86,22.8,Lagos
2006-07-09,27.0,24.1,25.2,2.2,16.4,14.95,88,1013.3,56,23.1,Lagos
2006-07-10,27.4,24.1,25.5,4.7,16.4,16.75,87,1013.3,49,23.2,Lagos
2006-07-11,27.4,23.9,25.4,3.0,15.4,15.84,87,1013.0,72,23.0,Lagos
2006-07-12,27.1,23.8,25.1,10.3,15.3,9.77,88,1012.1,89,23.0,Lagos
2006-07-13,27.6,24.0,25.3,5.1,16.7,16.49,88,1010.9,89,23.1,Lagos
2006-07-14,25.4,23.5,24.4,43.0,19.5,4.63,92,1011.2,99,23.0,Lagos
2006-07-15,26.5,23.6,24.7,16.1,18.2,9.59,90,1012.6,100,23.0,Lagos
2006-07-16,27.7,23.8,25.5,1.7,19.2,14.92,86,1012.1,98,22.9,Lagos
2006-07-17,26.2,24.4,25.3,3.5,20.6,9.98,87,1011.7,92,23.0,Lagos
2006-07-18,26.3,24.0,24.7,9.3,20.4,11.43,89,1012.1,92,22.8,Lagos
2006-07-19,26.4,24.1,24.8,8.9,16.3,10.45,88,1012.7,85,22.7,Lagos
2006-07-20,25.9,23.5,24.5,14.3,19.1,13.0,90,1014.0,98,22.8,Lagos
2006-07-21,26.3,23.7,24.7,4.6,21.1,12.32,88,1013.5,98,22.6,Lagos
2006-07-22,25.3,24.0,24.6,5.4,24.4,9.0,87,1012.2,89,22.2,Lagos
2006-07-23,27.1,23.7,25.1,0.7,19.6,18.66,84,1011.8,55,22.2,Lagos
2006-07-24,25.9,23.8,24.5,3.0,19.9,10.14,86,1011.8,81,22.0,Lagos
2006-07-25,26.7,23.4,24.8,6.1,15.8,15.29,86,1011.9,75,22.2,Lagos
2006-07-26,26.9,23.3,25.0,1.5,14.8,18.7,85,1013.1,69,22.4,Lagos
2006-07-27,27.4,23.9,25.3,1.3,13.3,13.81,86,1012.9,83,22.8,Lagos
2006-07-28,27.4,24.0,25.6,1.2,16.9,15.87,87,1010.7,82,23.1,Lagos
2006-07-29,27.0,24.4,25.4,3.9,20.7,14.4,84,1010.1,84,22.6,Lagos
2006-07-30,26.2,23.5,24.5,12.1,19.3,11.8,89,1011.9,94,22.6,Lagos
2006-07-31,26.4,23.6,24.5,7.2,17.3,11.13,89,1012.2,94,22.6,Lagos
2006-08-01,25.5,23.7,24.5,8.8,22.9,6.31,90,1011.8,99,22.7,Lagos
2006-08-02,25.2,23.5,24.2,11.3,23.7,5.93,89,1012.0,99,22.3,Lagos
2006-08-03,24.2,23.1,23.6,22.7,27.9,3.56,91,1012.1,99,22.0,Lagos
2006-08-04,26.4,23.0,24.3,4.8,21.1,11.63,87,1012.6,87,21.9,Lagos
2006-08-05,26.8,23.2,24.8,1.1,18.7,17.73,84,1012.7,66,21.9,Lagos
2006-08-06,25.9,23.5,24.7,5.2,16.9,12.11,86,1013.3,91,22.1,Lagos
2006-08-07,26.0,23.9,24.7,0.8,18.4,11.21,84,1013.4,85,21.9,Lagos
2006-08-08,25.5,23.3,24.4,1.6,19.0,11.34,86,1013.0,88,22.0,Lagos
2006-08-09,26.8,23.6,24.7,1.6,18.4,17.74,82,1012.5,83,21.5,Lagos
2006-08-10,26.3,23.4,24.6,0.8,18.4,12.99,84,1012.1,84,21.7,Lagos
2006-08-11,24.6,23.9,24.1,5.5,17.5,4.13,88,1012.0,99,22.1,Lagos
2006-08-12,27.1,23.7,25.0,1.0,17.8,19.68,85,1011.8,66,22.3,Lagos
2006-08-13,27.4,23.3,25.1,0.2,15.2,20.21,84,1011.9,46,22.2,Lagos
2006-08-14,27.5,23.7,25.0,1.3,20.1,18.13,87,1011.7,75,22.7,Lagos
2006-08-15,26.9,23.7,25.1,2.7,21.4,17.52,85,1012.0,78,22.4,Lagos
2006-08-16,26.1,24.0,24.8,0.9,20.5,12.87,87,1011.6,74,22.5,Lagos
2006-08-17,27.5,23.7,25.0,1.2,18.4,17.99,85,1010.5,77,22.4,Lagos
2006-08-18,24.9,23.4,24.1,35.0,17.2,6.35,92,1010.5,95,22.7,Lagos
2006-08-19,26.4,23.7,24.8,2.5,18.4,16.71,87,1010.6,51,22.4,Lagos
2006-08-20,27.0,23.4,24.9,0.4,18.6,18.99,86,1011.9,48,22.4,Lagos
2006-08-21,26.2,23.4,24.7,0.7,18.8,16.49,86,1011.8,81,22.2,Lagos
2006-08-22,26.3,23.4,24.7,4.5,22.1,15.4,86,1012.1,98,22.2,Lagos
2006-08-23,26.1,23.5,24.4,4.7,21.3,12.3,87,1012.7,91,22.1,Lagos
2006-08-24,26.6,23.3,24.6,1.0,18.1,20.13,86,1012.9,52,22.2,Lagos
2006-08-25,27.1,23.4,24.9,0.4,17.1,19.03,85,1012.7,80,22.2,Lagos
2006-08-26,25.2,23.8,24.3,7.8,22.0,5.7,90,1011.7,94,22.6,Lagos
2006-08-27,26.9,23.5,24.7,3.5,20.1,14.42,88,1011.1,90,22.5,Lagos
2006-08-28,26.6,23.8,25.0,0.4,22.2,13.67,85,1011.3,90,22.2,Lagos
2006-08-29,27.1,23.6,24.9,2.1,20.7,16.3,87,1010.9,82,22.6,Lagos
2006-08-30,25.6,23.8,24.6,4.7,18.7,10.4,88,1011.0,96,22.5,Lagos
2006-08-31,27.1,23.9,25.2,1.6,18.4,17.68,86,1011.7,92,22.7,Lagos
2006-09-01,26.0,23.7,24.6,5.9,16.1,12.42,91,1011.4,89,23.0,Lagos
2006-09-02,27.1,23.5,24.9,2.7,16.1,17.06,90,1010.1,56,23.1,Lagos
2006-09-03,26.6,23.6,24.5,10.4,17.1,13.06,90,1010.5,95,22.8,Lagos
2006-09-04,25.9,23.6,24.3,5.7,18.9,9.26,92,1011.8,99,22.9,Lagos
2006-09-05,24.9,23.2,24.0,25.4,14.9,4.88,94,1012.7,100,22.9,Lagos
2006-09-06,26.6,23.2,24.4,10.0,19.4,10.91,91,1011.2,95,22.9,Lagos
2006-09-07,26.4,23.6,24.7,5.5,19.0,13.59,89,1010.4,94,22.7,Lagos
2006-09-08,26.2,23.4,24.2,24.9,22.8,12.8,90,1011.1,90,22.4,Lagos
2006-09-09,26.3,23.0,24.3,14.7,20.4,12.46,89,1012.5,94,22.3,Lagos
2006-09-10,27.2,23.0,24.7,3.9,19.1,17.44,87,1013.1,74,22.3,Lagos
2006-09-11,26.8,23.6,24.6,15.2,17.0,15.08,89,1013.1,93,22.7,Lagos
2006-09-12,24.2,23.2,23.7,85.2,16.3,3.87,93,1011.7,98,22.5,Lagos
2006-09-13,25.7,23.4,24.4,10.6,14.9,11.99,90,1013.0,90,22.6,Lagos
2006-09-14,27.5,23.3,25.0,4.5,14.9,18.47,88,1013.3,80,22.9,Lagos
2006-09-15,26.6,23.9,25.0,5.4,16.6,13.02,87,1012.3,95,22.7,Lagos
2006-09-16,26.4,23.3,24.6,14.4,17.4,10.97,90,1012.1,84,22.8,Lagos
2006-09-17,27.7,23.4,25.3,1.9,16.3,19.57,86,1013.0,68,22.8,Lagos
2006-09-18,27.3,23.8,25.4,0.7,19.1,17.05,86,1011.8,72,22.9,Lagos
2006-09-19,27.6,24.0,25.2,9.0,15.6,15.39,87,1011.3,95,22.8,Lagos
2006-09-20,27.9,24.3,25.6,3.3,17.4,19.78,87,1012.1,79,23.2,Lagos
2006-09-21,27.5,24.4,25.5,5.5,16.9,17.4,88,1011.7,92,23.4,Lagos
2006-09-22,26.0,23.7,24.8,13.4,16.4,10.22,89,1011.4,80,22.9,Lagos
2006-09-23,27.1,23.7,25.3,2.6,16.5,13.81,87,1011.2,89,22.9,Lagos
2006-09-24,26.9,24.2,25.4,1.1,12.7,10.07,87,1011.4,97,23.2,Lagos
2006-09-25,27.0,23.7,25.1,7.8,11.5,14.84,89,1012.5,99,23.1,Lagos
2006-09-26,28.1,24.3,25.6,5.5,16.6,16.66,87,1011.3,77,23.3,Lagos
2006-09-27,27.6,24.0,25.6,3.3,16.3,19.67,86,1010.8,83,23.1,Lagos
2006-09-28,28.0,24.3,25.8,0.7,18.7,17.73,85,1011.1,74,23.0,Lagos
2006-09-29,27.2,24.0,25.2,13.5,17.3,14.98,88,1012.2,83,23.1,Lagos
2006-09-30,27.0,23.5,24.9,13.1,15.2,11.94,89,1012.7,94,22.9,Lagos
2006-10-01,26.8,24.0,24.9,7.0,14.6,12.06,90,1011.9,83,23.1,Lagos
2006-10-02,27.7,23.7,25.4,1.7,16.1,18.43,87,1011.3,72,23.1,Lagos
2006-10-03,27.5,23.4,25.3,6.1,14.2,17.45,87,1011.1,63,23.0,Lagos
2006-10-04,28.0,23.7,25.6,4.7,13.1,18.99,86,1011.4,60,23.0,Lagos
2006-10-05,28.3,24.3,26.1,2.2,14.2,19.56,86,1011.4,62,23.6,Lagos
2006-10-06,27.8,24.1,26.0,1.4,14.5,18.85,87,1011.6,80,23.7,Lagos
2006-10-07,28.6,24.4,26.3,1.8,16.2,20.34,86,1011.2,82,23.7,Lagos
2006-10-08,28.2,24.4,25.9,6.2,13.4,16.06,87,1011.5,90,23.6,Lagos
2006-10-09,28.6,24.7,26.3,1.9,13.6,18.13,87,1010.9,65,24.0,Lagos
2006-10-10,29.2,24.7,26.5,3.9,15.1,18.31,86,1009.9,83,23.9,Lagos
2006-10-11,27.2,24.2,25.6,8.3,12.9,11.39,90,1009.3,98,23.8,Lagos
2006-10-12,28.2,24.8,26.2,0.5,9.6,14.17,86,1009.6,93,23.5,Lagos
2006-10-13,28.3,24.6,26.1,6.5,9.7,15.97,87,1010.5,92,23.8,Lagos
2006-10-14,27.3,24.6,25.8,6.6,9.2,12.02,88,1010.4,93,23.7,Lagos
2006-10-15,29.3,24.1,26.4,2.6,11.7,18.37,86,1010.0,61,23.9,Lagos
2006-10-16,28.8,24.3,26.5,2.1,12.4,19.35,88,1009.3,71,24.3,Lagos
2006-10-17,29.1,24.7,26.9,1.0,13.8,17.4,84,1008.8,82,23.9,Lagos
2006-10-18,29.7,24.6,26.7,13.2,15.2,17.33,86,1008.6,91,24.2,Lagos
2006-10-19,27.7,24.5,25.8,7.0,12.5,10.53,88,1010.3,100,23.7,Lagos
2006-10-20,29.0,24.1,26.4,0.0,8.7,17.65,85,1010.2,70,23.5,Lagos
2006-10-21,29.3,25.2,27.0,3.9,12.2,17.99,84,1010.2,53,24.0,Lagos
2006-10-22,29.1,24.1,26.9,4.7,12.0,17.67,84,1010.9,86,23.9,Lagos
2006-10-23,27.7,24.3,26.1,9.1,11.5,8.24,88,1011.5,99,24.0,Lagos
2006-10-24,28.4,25.1,26.5,1.7,12.2,13.95,87,1011.6,98,24.2,Lagos
2006-10-25,29.9,24.9,27.1,2.3,12.4,19.58,82,1010.8,72,23.7,Lagos
2006-10-26,29.3,25.4,27.1,3.4,15.8,19.33,83,1010.4,46,23.9,Lagos
2006-10-27,28.9,25.1,26.7,2.4,11.2,18.28,86,1010.3,95,24.0,Lagos
2006-10-28,29.2,24.7,26.6,4.6,12.4,16.15,86,1010.1,87,23.9,Lagos
2006-10-29,28.5,24.7,26.2,10.1,9.4,14.43,88,1008.6,97,24.1,Lagos
2006-10-30,29.3,24.3,26.5,15.9,10.8,16.67,87,1007.4,89,24.1,Lagos
2006-10-31,28.4,24.3,26.2,12.6,10.6,14.48,88,1007.8,95,24.0,Lagos
2006-11-01,28.5,25.1,26.2,10.0,10.0,13.96,87,1009.5,91,23.9,Lagos
2006-11-02,29.7,24.6,26.7,5.4,12.3,16.55,87,1009.4,88,24.3,Lagos
2006-11-03,29.3,25.5,26.8,6.7,9.7,16.66,86,1008.9,89,24.2,Lagos
2006-11-04,28.4,25.5,26.6,4.6,11.1,15.34,87,1009.2,71,24.2,Lagos
2006-11-05,29.3,24.9,27.0,1.2,11.6,18.13,85,1008.9,38,24.2,Lagos
2006-11-06,29.0,25.3,27.2,0.8,11.9,16.87,86,1008.4,66,24.7,Lagos
2006-11-07,29.6,25.2,27.1,0.8,11.1,17.86,86,1008.4,52,24.5,Lagos
2006-11-08,29.2,25.0,26.8,2.5,10.2,15.67,86,1009.5,91,24.3,Lagos
2006-11-09,30.3,25.2,27.5,0.3,10.3,18.2,84,1009.5,88,24.5,Lagos
2006-11-10,30.7,25.9,27.8,0.1,9.5,20.28,82,1009.6,90,24.3,Lagos
2006-11-11,30.8,25.5,27.9,0.1,8.9,17.18,82,1010.2,64,24.5,Lagos
2006-11-12,30.4,25.5,27.9,0.0,9.6,16.6,81,1009.9,72,24.2,Lagos
2006-11-13,30.4,26.1,28.0,1.3,13.0,19.98,80,1009.5,14,24.2,Lagos
2006-11-14,30.3,25.6,27.7,1.2,11.8,19.77,81,1009.4,19,24.1,Lagos
2006-11-15,30.1,25.3,27.7,0.5,10.9,18.82,82,1009.0,30,24.2,Lagos
2006-11-16,30.4,25.2,27.5,0.6,10.8,19.66,83,1009.3,33,24.3,Lagos
2006-11-17,31.1,24.9,27.9,0.0,10.2,20.3,79,1008.9,29,23.7,Lagos
2006-11-18,31.6,25.1,28.1,0.0,11.3,21.74,77,1008.7,40,23.4,Lagos
2006-11-19,31.4,24.7,28.0,0.0,11.0,20.89,76,1009.2,81,23.2,Lagos
2006-11-20,31.2,24.5,27.9,0.0,10.9,18.96,76,1010.4,84,22.9,Lagos
2006-11-21,31.0,25.4,27.9,0.0,13.3,19.7,76,1010.4,50,23.1,Lagos
2006-11-22,30.2,25.4,27.5,1.5,12.6,17.49,81,1009.6,85,24.0,Lagos
2006-11-23,29.7,24.6,27.2,2.1,12.4,17.63,83,1009.5,93,24.0,Lagos
2006-11-24,29.2,24.8,26.8,1.7,13.5,16.33,85,1010.0,46,24.1,Lagos
2006-11-25,30.0,24.8,27.4,1.4,13.8,17.85,83,1009.9,37,24.0,Lagos
2006-11-26,29.1,25.2,27.1,1.4,13.6,16.08,84,1009.9,33,24.2,Lagos
2006-11-27,30.9,24.5,27.4,0.2,11.4,20.25,80,1009.0,20,23.3,Lagos
2006-11-28,31.6,24.1,27.8,0.0,13.0,21.3,75,1008.7,12,22.8,Lagos
2006-11-29,31.2,24.1,27.9,0.2,10.4,19.97,76,1008.7,21,23.0,Lagos
2006-11-30,31.4,25.0,27.9,0.2,11.8,17.95,78,1008.7,24,23.6,Lagos
2006-12-01,31.0,25.3,28.1,0.2,12.8,18.42,79,1009.0,27,23.9,Lagos
2006-12-02,30.0,26.0,27.9,1.1,12.4,16.62,79,1009.3,32,23.9,Lagos
2006-12-03,31.5,25.5,28.0,0.0,12.3,19.25,78,1009.7,26,23.5,Lagos
2006-12-04,32.1,24.8,28.0,0.0,12.1,21.18,74,1010.0,11,22.6,Lagos
2006-12-05,32.3,24.4,27.9,0.0,11.6,22.13,68,1010.4,5,20.8,Lagos
2006-12-06,32.4,23.3,27.8,0.0,14.2,22.01,71,1010.7,36,21.5,Lagos
2006-12-07,32.1,24.7,28.1,0.0,13.6,20.79,74,1009.6,16,22.7,Lagos
2006-12-08,32.5,25.0,28.5,0.0,14.0,20.71,74,1008.7,31,23.1,Lagos
2006-12-09,32.7,25.3,28.5,0.0,12.6,21.16,73,1008.3,7,22.9,Lagos
2006-12-10,32.2,24.8,28.5,0.0,14.8,19.16,75,1008.9,16,23.3,Lagos
2006-12-11,33.2,25.3,28.7,0.0,16.6,20.66,76,1010.1,67,23.6,Lagos
2006-12-12,32.3,26.5,28.5,0.0,15.8,19.0,78,1010.0,51,24.0,Lagos
2006-12-13,32.2,26.0,28.5,0.0,13.5,19.2,76,1009.7,25,23.6,Lagos
2006-12-14,30.9,25.1,27.9,0.7,14.1,17.21,80,1008.9,18,24.0,Lagos
2006-12-15,30.9,25.4,27.7,0.5,13.1,16.8,82,1009.9,78,24.2,Lagos
2006-12-16,31.5,25.5,27.8,0.2,13.6,18.1,82,1010.2,84,24.2,Lagos
2006-12-17,31.7,26.0,27.8,0.0,15.7,18.0,82,1010.1,77,24.1,Lagos
2006-12-18,31.4,26.2,27.9,0.2,16.3,18.21,81,1010.3,79,24.1,Lagos
2006-12-19,30.9,25.9,27.6,1.1,14.8,17.95,83,1010.6,50,24.3,Lagos
2006-12-20,31.6,25.3,27.8,0.0,12.7,18.11,81,1010.6,46,24.1,Lagos
2006-12-21,30.9,25.3,27.8,0.5,15.0,18.11,82,1010.7,47,24.3,Lagos
2006-12-22,31.0,25.9,28.0,0.3,16.6,17.71,81,1010.4,42,24.1,Lagos
2006-12-23,31.9,25.4,28.0,0.0,13.2,18.23,79,1010.0,60,23.7,Lagos
2006-12-24,31.9,25.1,27.9,0.0,15.5,18.94,77,1009.6,29,23.2,Lagos
2006-12-25,32.2,25.4,28.2,0.1,16.3,19.14,77,1009.6,15,23.5,Lagos
2006-12-26,30.5,25.8,27.6,1.8,14.5,16.92,82,1010.3,27,24.1,Lagos
2006-12-27,31.7,25.4,27.8,0.5,17.3,19.45,79,1011.0,21,23.5,Lagos
2006-12-28,31.7,24.7,27.6,0.1,15.9,19.58,76,1012.0,15,22.7,Lagos
2006-12-29,32.9,24.2,27.8,0.0,16.7,22.05,71,1012.4,22,21.0,Lagos
2006-12-30,31.3,23.2,26.6,0.0,12.3,21.09,73,1012.8,26,20.7,Lagos
2006-12-31,32.1,22.9,26.9,0.0,12.6,22.14,64,1012.6,0,18.2,Lagos
2007-01-01,31.8,22.3,26.5,0.0,12.2,22.22,58,1012.3,7,15.8,Lagos
2007-01-02,31.6,22.1,26.4,0.0,15.5,22.2,53,1012.5,10,14.7,Lagos
2007-01-03,31.2,21.1,25.9,0.0,11.2,21.19,52,1011.8,61,13.9,Lagos
2007-01-04,31.5,20.3,25.8,0.0,10.5,22.4,55,1011.2,31,14.9,Lagos
2007-01-05,31.7,20.7,26.0,0.0,10.7,22.55,58,1010.6,0,15.9,Lagos
2007-01-06,32.8,21.0,26.4,0.0,11.9,22.63,56,1010.4,25,15.3,Lagos
2007-01-07,31.5,20.8,26.2,0.0,12.4,22.36,68,1010.5,1,19.4,Lagos
2007-01-08,31.6,21.5,26.2,0.0,11.9,22.1,73,1009.9,24,20.4,Lagos
2007-01-09,32.3,21.4,26.5,0.0,12.3,22.51,68,1009.3,3,19.0,Lagos
2007-01-10,31.8,21.3,26.1,0.0,11.6,22.88,63,1009.8,8,17.2,Lagos
2007-01-11,31.4,19.8,25.9,0.0,11.0,22.77,66,1009.9,14,18.1,Lagos
2007-01-12,32.4,20.3,26.1,0.0,12.1,23.29,55,1010.3,2,14.3,Lagos
2007-01-13,31.5,20.5,25.6,0.0,15.6,23.35,48,1010.7,21,12.0,Lagos
2007-01-14,31.6,20.9,25.7,0.0,14.4,23.37,51,1010.2,11,12.9,Lagos
2007-01-15,31.7,19.9,25.6,0.0,16.3,23.29,52,1009.4,0,13.4,Lagos
2007-01-16,31.6,19.8,25.9,0.0,9.5,23.12,59,1009.5,0,16.0,Lagos
2007-01-17,33.2,20.0,26.5,0.0,13.7,23.1,56,1009.7,0,15.2,Lagos
2007-01-18,33.2,19.7,26.4,0.0,16.2,23.18,57,1010.2,20,15.4,Lagos
2007-01-19,31.2,20.1,25.7,0.0,10.9,22.84,69,1010.7,53,18.8,Lagos
2007-01-20,31.9,20.5,25.9,0.0,14.2,23.1,70,1010.3,0,19.0,Lagos
2007-01-21,33.2,21.8,26.7,0.0,13.6,23.3,67,1008.9,21,18.7,Lagos
2007-01-22,32.9,22.2,26.7,0.0,17.7,22.92,72,1009.2,14,20.3,Lagos
2007-01-23,31.3,23.2,26.6,0.0,15.6,21.54,80,1010.9,48,22.4,Lagos
2007-01-24,31.2,24.9,27.0,0.0,16.8,20.42,81,1011.6,32,23.1,Lagos
2007-01-25,31.8,24.9,27.4,0.0,18.4,20.38,79,1010.4,54,23.1,Lagos
2007-01-26,31.3,24.9,27.5,0.0,17.1,18.89,78,1009.5,56,23.2,Lagos
2007-01-27,31.1,24.5,27.7,0.0,17.7,17.61,81,1009.2,29,23.8,Lagos
2007-01-28,31.6,25.8,28.2,0.2,16.0,19.1,81,1010.7,50,24.4,Lagos
2007-01-29,31.5,25.9,28.3,1.2,17.6,18.48,82,1009.9,27,24.7,Lagos
2007-01-30,31.9,26.3,28.5,0.0,17.5,19.22,80,1009.0,49,24.5,Lagos
2007-01-31,31.7,25.6,28.4,0.0,15.5,19.53,80,1009.3,29,24.4,Lagos
2007-02-01,31.1,26.3,28.2,0.5,15.5,18.5,83,1010.2,48,24.9,Lagos
2007-02-02,32.9,26.2,28.5,0.0,17.9,21.16,79,1010.4,90,24.2,Lagos
2007-02-03,32.6,26.1,28.4,0.0,17.7,20.76,79,1009.7,96,24.1,Lagos
2007-02-04,32.1,25.9,28.3,0.8,18.4,19.67,79,1009.7,95,24.1,Lagos
2007-02-05,31.7,26.5,28.4,1.0,19.2,18.81,80,1009.1,86,24.4,Lagos
2007-02-06,32.2,26.5,28.6,0.3,17.9,20.78,77,1007.9,42,24.1,Lagos
2007-02-07,32.3,26.9,29.0,0.0,20.5,20.48,77,1007.9,49,24.4,Lagos
2007-02-08,31.6,27.0,28.5,4.4,18.1,18.47,81,1009.1,60,24.8,Lagos
2007-02-09,30.2,25.7,27.4,7.6,15.5,14.57,83,1009.9,99,24.3,Lagos
2007-02-10,30.8,25.2,27.2,4.9,20.0,15.31,85,1009.9,99,24.3,Lagos
2007-02-11,31.0,26.6,28.3,1.2,17.6,18.52,81,1010.0,85,24.6,Lagos
2007-02-12,30.5,26.2,27.9,1.7,15.3,18.18,82,1010.7,91,24.5,Lagos
2007-02-13,32.6,26.0,28.4,0.0,15.2,19.57,77,1009.7,57,23.7,Lagos
2007-02-14,32.6,25.6,28.4,0.0,15.6,22.97,73,1009.4,48,22.7,Lagos
2007-02-15,31.9,23.9,27.8,0.0,15.5,21.75,76,1009.1,67,23.0,Lagos
2007-02-16,32.5,24.9,28.2,0.1,17.0,20.82,76,1007.8,38,23.4,Lagos
2007-02-17,32.4,26.2,28.6,0.0,17.8,21.77,76,1006.7,20,23.6,Lagos
2007-02-18,31.9,26.4,28.7,0.6,17.4,20.15,76,1006.4,44,24.0,Lagos
2007-02-19,32.0,26.6,28.5,0.7,19.1,18.75,79,1006.2,74,24.4,Lagos
2007-02-20,30.7,26.8,28.2,1.8,21.9,17.52,80,1006.8,89,24.4,Lagos
2007-02-21,30.8,26.2,27.6,6.4,20.9,15.62,82,1008.9,98,24.2,Lagos
2007-02-22,30.6,26.4,28.0,1.7,17.8,17.12,81,1010.0,87,24.4,Lagos
2007-02-23,28.8,24.5,26.9,8.1,16.5,12.25,86,1009.8,98,24.3,Lagos
2007-02-24,29.0,26.0,27.3,1.8,13.4,13.43,82,1009.5,98,24.0,Lagos
2007-02-25,30.4,25.7,27.8,1.4,16.9,19.1,80,1009.6,83,23.9,Lagos
2007-02-26,30.7,26.0,27.9,0.2,16.4,19.08,79,1010.1,93,23.8,Lagos
2007-02-27,30.5,26.2,27.9,1.6,18.4,19.33,81,1009.4,96,24.3,Lagos
2007-02-28,30.0,26.1,27.6,1.7,15.6,18.54,83,1008.6,97,24.4,Lagos
2007-03-01,29.7,25.9,27.4,3.2,14.1,18.92,84,1008.1,94,24.4,Lagos
2007-03-02,31.7,25.5,27.8,0.0,17.2,22.26,82,1007.7,35,24.2,Lagos
2007-03-03,31.2,25.9,27.8,0.0,17.7,20.08,82,1008.1,35,24.2,Lagos
2007-03-04,31.8,25.9,28.0,0.0,16.4,22.66,80,1007.8,34,23.9,Lagos
2007-03-05,32.4,25.5,28.0,0.0,18.8,22.01,80,1007.6,42,23.9,Lagos
2007-03-06,32.6,25.7,28.3,0.0,22.4,20.65,79,1008.4,56,23.9,Lagos
2007-03-07,31.8,26.7,28.5,0.1,17.4,12.99,79,1009.3,97,24.4,Lagos
2007-03-08,32.7,26.9,28.8,0.2,21.2,21.01,79,1007.9,78,24.7,Lagos
2007-03-09,30.7,26.7,28.4,5.4,19.5,20.75,79,1008.6,42,24.3,Lagos
2007-03-10,31.5,27.0,28.8,0.2,17.7,21.2,74,1009.0,33,23.5,Lagos
2007-03-11,31.4,26.2,28.3,0.7,18.7,20.26,80,1008.5,58,24.4,Lagos
2007-03-12,32.3,26.5,28.6,0.4,19.3,22.25,79,1008.4,69,24.3,Lagos
2007-03-13,31.3,26.7,28.3,1.1,17.4,19.53,79,1007.9,44,24.2,Lagos
2007-03-14,31.3,26.8,28.3,0.2,19.8,20.32,80,1008.1,94,24.5,Lagos
2007-03-15,31.7,26.5,28.4,0.9,18.4,20.49,80,1008.0,73,24.6,Lagos
2007-03-16,31.1,26.5,28.1,1.7,18.1,18.12,82,1008.1,72,24.6,Lagos
2007-03-17,30.8,26.5,28.0,3.2,19.5,18.36,82,1008.1,85,24.6,Lagos
2007-03-18,31.1,26.2,28.1,1.8,18.1,19.32,83,1008.9,97,24.8,Lagos
2007-03-19,30.8,26.6,27.9,3.7,17.7,19.47,83,1008.9,96,24.7,Lagos
2007-03-20,30.7,26.5,28.1,2.0,18.9,20.39,82,1007.8,55,24.6,Lagos
2007-03-21,31.3,26.9,28.6,0.4,18.4,21.11,81,1007.1,41,24.9,Lagos
2007-03-22,31.2,27.0,28.5,0.6,19.5,19.26,81,1007.3,96,25.0,Lagos
2007-03-23,30.7,26.7,28.3,3.0,22.8,19.17,82,1007.5,71,24.8,Lagos
2007-03-24,30.7,26.9,28.1,5.0,24.3,18.7,81,1008.3,98,24.5,Lagos
2007-03-25,30.7,26.2,28.2,2.1,17.7,18.91,80,1008.5,89,24.4,Lagos
2007-03-26,30.4,27.0,28.2,1.5,21.3,19.2,79,1008.8,88,24.2,Lagos
2007-03-27,30.5,26.4,28.1,0.0,16.1,18.08,78,1008.2,95,23.8,Lagos
2007-03-28,31.4,26.6,28.4,0.0,15.3,19.99,77,1007.5,96,23.9,Lagos
2007-03-29,31.4,26.6,28.6,0.2,18.5,19.29,77,1007.4,45,24.0,Lagos
2007-03-30,31.2,26.8,28.6,1.0,16.5,18.1,77,1006.5,89,24.1,Lagos
2007-03-31,32.2,26.5,28.9,0.0,21.1,22.3,77,1005.0,56,24.2,Lagos
2007-04-01,30.9,26.5,27.9,7.2,21.7,14.76,83,1005.8,99,24.7,Lagos
2007-04-02,30.3,26.8,28.2,2.2,16.2,16.25,81,1006.8,100,24.6,Lagos
2007-04-03,32.0,26.5,28.6,0.0,18.9,20.94,77,1006.2,66,24.1,Lagos
2007-04-04,30.9,26.5,28.2,8.5,19.5,19.03,81,1007.0,67,24.6,Lagos
2007-04-05,30.5,26.6,28.2,1.8,16.0,19.18,81,1008.1,95,24.5,Lagos
2007-04-06,31.5,26.7,28.6,0.2,20.1,22.68,80,1009.0,89,24.8,Lagos
2007-04-07,29.1,26.3,27.5,17.6,13.5,15.09,84,1010.5,92,24.6,Lagos
2007-04-08,30.6,25.1,27.8,0.5,16.1,20.57,83,1009.6,70,24.5,Lagos
2007-04-09,30.8,26.6,28.1,3.3,17.6,19.88,82,1009.5,46,24.8,Lagos
2007-04-10,30.5,27.0,28.2,2.1,19.0,20.01,82,1009.2,78,24.8,Lagos
2007-04-11,30.1,26.8,28.0,4.7,16.1,18.46,83,1009.2,52,24.8,Lagos
2007-04-12,31.5,26.8,28.6,0.8,18.7,21.56,80,1008.2,43,24.8,Lagos
2007-04-13,31.6,27.0,28.8,0.6,16.8,20.83,79,1008.1,97,24.8,Lagos
2007-04-14,31.3,26.2,28.5,1.0,18.8,20.35,81,1008.4,98,24.9,Lagos
2007-04-15,30.6,26.8,28.4,2.4,18.2,19.2,82,1008.8,92,25.0,Lagos
2007-04-16,30.5,26.3,27.9,3.5,22.4,16.57,82,1009.0,97,24.4,Lagos
2007-04-17,31.3,26.1,28.0,1.7,22.3,15.94,81,1008.8,99,24.3,Lagos
2007-04-18,31.0,25.9,28.2,3.0,16.3,20.16,79,1009.4,68,24.0,Lagos
2007-04-19,31.0,26.5,28.5,0.0,15.3,21.1,75,1009.3,82,23.5,Lagos
2007-04-20,32.2,26.6,29.0,0.0,16.6,22.35,74,1008.4,58,23.8,Lagos
2007-04-21,31.8,26.7,28.9,0.4,17.3,20.26,76,1007.8,76,24.2,Lagos
2007-04-22,30.5,25.7,27.4,10.3,18.6,17.39,84,1007.7,92,24.5,Lagos
2007-04-23,30.8,26.0,27.8,1.8,16.1,16.2,83,1008.3,89,24.5,Lagos
2007-04-24,31.3,26.1,28.3,0.0,18.4,20.24,79,1007.1,97,24.2,Lagos
2007-04-25,30.4,26.0,27.6,9.7,24.2,14.18,83,1007.0,97,24.4,Lagos
2007-04-26,28.1,25.4,26.6,16.1,20.4,11.16,88,1008.1,82,24.4,Lagos
2007-04-27,28.2,25.1,26.1,15.1,13.6,10.32,89,1010.4,100,24.2,Lagos
2007-04-28,30.7,25.0,27.5,0.1,11.0,20.31,83,1010.6,91,24.2,Lagos
2007-04-29,29.5,26.1,27.6,6.0,11.9,14.91,84,1010.2,98,24.6,Lagos
2007-04-30,30.1,25.3,27.3,4.3,14.8,19.02,85,1008.7,85,24.5,Lagos
2007-05-01,28.5,25.9,26.9,9.6,13.1,11.3,86,1008.7,100,24.4,Lagos
2007-05-02,28.8,25.3,27.0,1.1,10.3,11.92,86,1008.9,73,24.4,Lagos
2007-05-03,30.6,26.2,27.8,4.8,15.1,18.87,84,1008.2,59,24.8,Lagos
2007-05-04,30.0,25.6,27.7,10.8,14.2,14.49,84,1008.1,95,24.7,Lagos
2007-05-05,28.2,25.8,27.1,11.9,16.3,11.71,86,1008.3,93,24.5,Lagos
2007-05-06,29.2,25.1,27.2,5.4,14.3,12.81,84,1008.6,83,24.2,Lagos
2007-05-07,30.1,25.7,27.7,3.8,11.1,19.16,85,1008.6,53,24.8,Lagos
2007-05-08,29.2,25.8,27.3,7.8,8.7,14.23,90,1008.2,80,25.4,Lagos
2007-05-09,29.9,25.3,27.5,7.6,9.7,17.89,87,1008.3,89,25.2,Lagos
2007-05-10,30.8,26.1,28.1,1.8,14.8,20.08,85,1007.6,80,25.3,Lagos
2007-05-11,29.9,26.5,27.9,3.3,17.2,10.0,85,1009.0,100,25.1,Lagos
2007-05-12,30.0,25.5,27.6,1.6,13.2,19.06,84,1009.7,88,24.6,Lagos
2007-05-13,30.3,26.3,27.7,2.9,19.2,17.8,84,1011.4,97,24.6,Lagos
2007-05-14,28.1,24.4,26.1,22.5,13.3,9.63,90,1012.4,100,24.3,Lagos
2007-05-15,28.5,25.8,26.8,11.5,11.7,13.5,87,1011.5,99,24.4,Lagos
2007-05-16,28.2,25.3,26.8,10.0,12.8,14.46,87,1011.1,92,24.4,Lagos
2007-05-17,29.8,25.4,27.6,0.3,12.0,21.33,85,1010.7,86,24.7,Lagos
2007-05-18,29.8,26.6,27.6,4.2,12.9,17.6,85,1009.3,73,24.9,Lagos
2007-05-19,30.3,25.8,27.9,1.4,14.6,21.03,85,1008.9,53,25.2,Lagos
2007-05-20,30.4,26.1,28.1,2.5,13.8,19.33,84,1008.2,68,25.0,Lagos
2007-05-21,29.9,25.9,27.7,0.9,12.8,17.64,85,1007.8,94,24.9,Lagos
2007-05-22,29.7,26.3,27.3,18.7,16.6,16.7,85,1007.9,88,24.5,Lagos
2007-05-23,29.3,25.7,27.4,1.9,15.5,18.11,84,1008.4,98,24.3,Lagos
2007-05-24,28.3,25.9,26.7,9.1,18.2,17.55,87,1009.8,87,24.3,Lagos
2007-05-25,29.6,24.8,27.2,1.6,12.8,19.03,85,1010.5,83,24.5,Lagos
2007-05-26,29.9,25.9,27.6,0.0,13.5,21.1,82,1009.9,41,24.2,Lagos
2007-05-27,29.1,26.0,26.8,4.5,15.8,14.43,85,1010.3,72,24.1,Lagos
2007-05-28,29.5,25.5,27.3,0.6,13.2,15.21,83,1010.3,91,24.0,Lagos
2007-05-29,28.8,25.1,26.8,9.4,17.7,16.1,86,1010.3,92,24.2,Lagos
2007-05-30,28.9,25.6,27.1,3.1,13.0,13.63,85,1010.5,93,24.4,Lagos
2007-05-31,29.6,24.7,27.1,2.1,14.6,18.64,84,1010.5,58,24.2,Lagos
2007-06-01,28.7,25.1,27.1,4.6,18.4,17.9,84,1010.5,79,24.1,Lagos
2007-06-02,27.6,25.2,26.3,15.8,18.4,9.85,88,1010.3,99,24.1,Lagos
2007-06-03,26.3,24.6,25.3,25.4,15.1,8.25,90,1011.0,99,23.6,Lagos
2007-06-04,28.9,23.7,26.3,4.9,13.4,19.02,85,1012.1,85,23.4,Lagos
2007-06-05,27.3,24.8,26.1,11.2,13.0,12.14,86,1011.8,98,23.5,Lagos
2007-06-06,27.5,24.5,25.4,20.7,15.3,10.89,89,1011.0,100,23.5,Lagos
2007-06-07,25.7,23.7,24.6,33.6,15.6,7.67,91,1011.7,100,23.1,Lagos
2007-06-08,27.8,23.7,25.5,11.6,13.0,14.58,87,1011.5,99,23.2,Lagos
2007-06-09,28.1,24.6,26.2,2.8,17.6,16.89,85,1011.2,95,23.5,Lagos
2007-06-10,27.0,24.3,25.6,9.9,13.7,12.94,88,1011.2,86,23.5,Lagos
2007-06-11,26.3,24.1,25.4,10.8,16.9,11.94,88,1011.8,92,23.3,Lagos
2007-06-12,28.3,24.1,26.1,5.4,13.4,18.06,85,1011.5,73,23.2,Lagos
2007-06-13,28.0,24.6,26.1,3.4,13.2,17.81,85,1011.0,67,23.4,Lagos
2007-06-14,27.3,24.1,25.7,3.2,17.7,17.63,86,1011.3,64,23.3,Lagos
2007-06-15,28.2,24.4,26.1,2.6,19.0,18.91,84,1011.5,56,23.1,Lagos
2007-06-16,27.0,24.3,25.4,9.1,16.6,14.99,89,1011.5,82,23.4,Lagos
2007-06-17,26.7,23.9,25.2,16.0,14.4,9.22,88,1011.2,95,23.1,Lagos
2007-06-18,28.4,24.4,26.2,1.7,14.2,18.16,85,1011.4,57,23.4,Lagos
2007-06-19,28.3,24.8,26.3,1.8,20.8,18.64,85,1011.3,47,23.5,Lagos
2007-06-20,27.3,24.1,25.6,6.0,15.9,12.19,87,1012.0,93,23.2,Lagos
2007-06-21,28.2,24.2,25.9,1.4,16.0,11.75,86,1011.9,91,23.3,Lagos
2007-06-22,27.0,24.3,25.7,4.7,18.7,8.89,85,1010.4,86,23.0,Lagos
2007-06-23,27.4,23.7,25.3,12.8,18.4,17.07,88,1010.1,67,23.1,Lagos
2007-06-24,26.2,23.6,24.9,8.4,13.3,10.74,89,1012.1,88,22.9,Lagos
2007-06-25,27.0,23.8,25.3,13.2,15.6,14.46,87,1013.7,74,23.0,Lagos
2007-06-26,27.3,24.2,25.5,11.7,17.1,15.03,87,1012.5,73,23.1,Lagos
2007-06-27,27.0,24.1,25.4,9.3,20.4,15.08,88,1011.8,77,23.2,Lagos
2007-06-28,26.6,24.2,25.2,11.3,13.8,12.16,89,1012.4,88,23.1,Lagos
2007-06-29,27.3,24.1,25.4,15.0,12.8,13.63,89,1012.9,78,23.4,Lagos
2007-06-30,27.2,24.0,25.4,11.6,16.0,11.49,89,1013.4,86,23.4,Lagos
2007-07-01,25.1,24.1,24.6,38.4,20.8,4.72,90,1013.8,100,22.9,Lagos
2007-07-02,26.5,23.5,24.9,14.1,19.7,6.65,88,1013.8,96,22.6,Lagos
2007-07-03,26.3,24.0,25.2,16.2,19.7,11.38,86,1013.3,81,22.6,Lagos
2007-07-04,27.8,24.0,25.5,5.7,25.8,16.06,85,1013.9,77,22.7,Lagos
2007-07-05,27.4,23.9,25.1,6.2,15.6,15.8,85,1014.5,79,22.4,Lagos
2007-07-06,26.5,23.4,24.8,3.9,14.8,12.53,88,1013.2,80,22.6,Lagos
2007-07-07,26.6,23.6,24.6,7.8,16.3,13.21,88,1012.7,75,22.6,Lagos
2007-07-08,26.9,23.9,25.2,2.3,16.6,14.55,82,1013.3,80,21.9,Lagos
2007-07-09,26.9,24.2,25.3,1.2,17.7,16.57,80,1013.0,68,21.5,Lagos
2007-07-10,26.6,24.2,25.3,0.4,14.8,14.56,80,1011.9,65,21.6,Lagos
2007-07-11,27.3,24.1,25.6,0.1,17.6,18.14,80,1011.9,43,21.8,Lagos
2007-07-12,27.4,24.4,25.6,2.0,21.6,13.24,83,1011.5,80,22.4,Lagos
2007-07-13,27.5,24.5,25.7,3.8,22.5,16.63,84,1011.3,65,22.8,Lagos
2007-07-14,27.2,24.0,25.3,6.0,16.2,12.51,87,1011.2,95,23.0,Lagos
2007-07-15,27.9,24.2,25.3,4.3,18.1,13.35,87,1011.8,90,23.0,Lagos
2007-07-16,26.7,24.1,25.4,4.3,19.9,14.59,87,1012.2,92,23.0,Lagos
2007-07-17,26.6,23.7,25.1,4.9,17.7,15.23,88,1011.6,82,23.0,Lagos
2007-07-18,27.4,23.7,25.2,6.9,17.3,17.56,87,1011.0,58,22.8,Lagos
2007-07-19,27.2,23.8,25.0,9.3,14.8,15.59,87,1010.9,83,22.8,Lagos
2007-07-20,26.5,24.0,25.1,12.2,16.9,11.04,88,1011.1,99,23.0,Lagos
2007-07-21,24.8,23.4,23.9,44.5,17.4,4.8,93,1011.2,95,22.7,Lagos
2007-07-22,26.1,23.5,24.6,7.0,16.5,10.15,91,1011.1,92,23.1,Lagos
2007-07-23,27.6,23.7,25.3,2.2,17.8,18.39,87,1011.5,74,22.9,Lagos
2007-07-24,27.7,23.9,25.6,0.4,19.4,16.26,85,1011.8,98,22.9,Lagos
2007-07-25,26.7,23.7,25.0,18.7,18.5,11.44,89,1010.8,99,22.9,Lagos
2007-07-26,25.2,23.4,24.0,51.3,23.5,7.49,93,1010.5,96,22.7,Lagos
2007-07-27,25.8,23.3,24.3,11.7,17.0,9.19,91,1012.0,98,22.6,Lagos
2007-07-28,26.5,23.4,24.7,5.4,17.5,11.13,87,1011.8,80,22.4,Lagos
2007-07-29,26.8,23.8,25.1,0.8,20.7,15.7,84,1011.7,75,22.3,Lagos
2007-07-30,26.8,23.9,25.2,0.9,18.7,17.95,83,1012.0,76,22.0,Lagos
2007-07-31,26.1,23.8,24.9,0.8,16.7,10.74,84,1012.5,95,22.0,Lagos
2007-08-01,27.3,23.9,25.3,0.7,17.1,17.23,83,1012.6,84,22.1,Lagos
2007-08-02,27.1,24.3,25.3,1.3,20.9,14.44,83,1011.8,97,22.2,Lagos
2007-08-03,24.4,23.1,23.8,51.5,22.4,3.11,91,1012.5,99,22.3,Lagos
2007-08-04,26.3,23.9,24.9,5.2,24.7,14.85,84,1012.1,97,21.9,Lagos
2007-08-05,27.0,23.9,24.9,0.2,23.1,20.5,83,1012.0,71,21.9,Lagos
2007-08-06,26.9,23.6,24.9,0.1,20.2,20.52,81,1012.7,59,21.4,Lagos
2007-08-07,26.0,23.2,24.4,1.5,15.8,11.85,84,1012.5,90,21.6,Lagos
2007-08-08,26.2,23.6,24.6,2.8,20.2,11.3,85,1011.8,81,22.0,Lagos
2007-08-09,25.7,23.7,24.6,7.2,17.3,11.1,87,1011.4,90,22.2,Lagos
2007-08-10,26.4,23.2,24.7,2.1,14.5,17.11,87,1011.0,67,22.4,Lagos
2007-08-11,26.8,23.1,24.8,0.8,18.0,17.64,87,1011.5,56,22.4,Lagos
2007-08-12,26.9,23.5,24.9,1.0,17.4,15.03,87,1011.6,75,22.5,Lagos
2007-08-13,25.0,23.3,24.0,45.6,21.3,6.25,92,1010.7,100,22.7,Lagos
2007-08-14,26.4,23.2,24.2,17.5,18.2,10.92,90,1011.4,99,22.5,Lagos
2007-08-15,26.6,23.0,24.5,7.3,17.1,16.0,88,1011.9,92,22.4,Lagos
2007-08-16,26.8,23.6,24.6,6.2,17.7,11.8,90,1010.8,97,22.8,Lagos
2007-08-17,26.1,23.9,24.6,3.5,17.3,9.53,88,1011.1,95,22.5,Lagos
2007-08-18,27.1,23.2,25.0,0.6,17.6,20.42,87,1011.5,71,22.6,Lagos
2007-08-19,27.7,23.8,25.4,0.3,20.1,19.97,86,1011.2,66,22.8,Lagos
2007-08-20,25.8,23.7,24.3,34.1,21.0,7.16,91,1011.2,99,22.6,Lagos
2007-08-21,26.6,23.2,24.6,13.6,19.1,16.47,89,1011.8,88,22.6,Lagos
2007-08-22,27.5,23.4,25.2,1.1,14.8,17.81,84,1012.0,96,22.4,Lagos
2007-08-23,27.5,24.2,25.5,1.8,22.5,15.9,84,1010.0,97,22.5,Lagos
2007-08-24,26.8,23.7,25.1,8.6,23.4,15.43,86,1009.5,82,22.5,Lagos
2007-08-25,26.9,23.7,24.9,6.8,18.1,14.04,88,1010.2,88,22.7,Lagos
2007-08-26,27.1,24.0,25.1,9.3,14.8,13.76,88,1010.9,89,22.9,Lagos
2007-08-27,26.5,23.6,24.8,13.6,14.0,11.29,89,1010.9,98,22.9,Lagos
2007-08-28,28.0,23.5,25.3,7.2,17.1,17.59,86,1011.2,90,22.8,Lagos
2007-08-29,27.4,23.6,25.4,5.1,14.0,17.43,86,1011.3,86,22.9,Lagos
2007-08-30,27.9,23.3,25.2,8.3,16.0,13.62,87,1011.3,97,22.8,Lagos
2007-08-31,25.1,23.6,24.3,22.2,20.2,6.26,92,1011.1,100,22.9,Lagos
2007-09-01,24.9,23.3,23.9,28.7,20.3,6.41,93,1012.6,99,22.7,Lagos
2007-09-02,27.5,23.3,24.8,11.6,14.8,15.31,89,1013.3,90,22.8,Lagos
2007-09-03,26.5,23.9,24.9,1.9,16.6,10.4,88,1012.3,94,22.9,Lagos
2007-09-04,24.5,23.1,23.6,108.8,25.3,2.87,93,1011.4,100,22.5,Lagos
2007-09-05,26.2,23.0,24.1,13.7,23.0,11.02,90,1012.2,94,22.4,Lagos
2007-09-06,25.4,23.2,24.0,15.9,16.1,9.14,90,1013.6,95,22.3,Lagos
2007-09-07,27.6,22.4,24.7,1.1,14.7,16.62,87,1012.8,80,22.3,Lagos
2007-09-08,27.3,23.7,25.1,4.2,14.7,16.42,88,1011.6,85,22.9,Lagos
2007-09-09,25.8,23.8,24.4,17.8,16.9,10.56,89,1011.2,95,22.6,Lagos
2007-09-10,26.4,23.4,24.6,4.8,13.8,15.29,89,1012.4,87,22.7,Lagos
2007-09-11,28.0,23.5,25.2,3.0,14.8,20.15,86,1012.2,82,22.7,Lagos
2007-09-12,27.8,23.0,25.1,3.7,17.6,17.94,88,1011.3,60,22.9,Lagos
2007-09-13,28.1,24.0,25.5,0.6,16.4,18.44,86,1011.4,88,22.9,Lagos
2007-09-14,27.6,24.1,25.4,4.7,13.0,18.43,88,1011.0,87,23.2,Lagos
2007-09-15,28.0,23.8,25.6,1.3,18.3,19.13,87,1010.6,70,23.3,Lagos
2007-09-16,27.6,23.8,25.3,9.2,13.9,14.03,88,1010.3,97,23.1,Lagos
2007-09-17,27.5,24.1,25.5,1.5,13.6,14.35,88,1010.1,83,23.3,Lagos
2007-09-18,26.6,24.2,25.2,12.0,12.3,12.64,90,1010.6,97,23.3,Lagos
2007-09-19,27.8,23.4,25.6,3.4,17.6,18.23,86,1011.3,98,23.1,Lagos
2007-09-20,27.6,24.1,25.3,9.1,14.5,9.65,88,1012.1,99,23.1,Lagos
2007-09-21,27.2,23.9,25.3,3.5,13.3,16.11,83,1011.8,76,22.1,Lagos
2007-09-22,28.3,24.6,25.8,5.0,12.2,16.38,85,1011.0,75,23.0,Lagos
2007-09-23,27.7,23.4,25.4,4.6,11.4,18.65,88,1011.0,64,23.2,Lagos
2007-09-24,28.7,23.5,26.1,2.5,15.5,19.92,86,1011.0,76,23.5,Lagos
2007-09-25,27.8,24.6,25.4,10.9,15.3,14.01,88,1011.8,96,23.3,Lagos
2007-09-26,28.7,24.2,26.1,1.4,13.7,17.97,85,1012.1,79,23.2,Lagos
2007-09-27,29.1,24.7,26.7,0.4,15.5,20.18,83,1011.2,49,23.5,Lagos
2007-09-28,27.7,24.2,26.0,8.9,14.8,15.78,86,1011.6,73,23.4,Lagos
2007-09-29,27.8,23.4,25.8,6.2,12.6,12.9,86,1012.6,93,23.2,Lagos
2007-09-30,29.1,24.7,26.6,2.6,13.0,17.85,85,1013.0,92,23.8,Lagos
2007-10-01,28.7,25.1,26.3,5.5,13.8,17.04,88,1012.3,82,24.1,Lagos
2007-10-02,28.3,24.3,25.9,7.1,11.8,15.56,86,1011.6,89,23.4,Lagos
2007-10-03,27.6,24.0,25.7,3.5,10.8,15.58,86,1011.3,74,23.2,Lagos
2007-10-04,27.5,24.5,25.8,2.6,16.1,19.08,86,1011.3,60,23.3,Lagos
2007-10-05,27.6,24.2,25.5,8.7,13.6,15.35,88,1011.2,90,23.5,Lagos
2007-10-06,27.3,23.4,25.0,11.5,11.6,14.71,89,1010.6,86,23.1,Lagos
2007-10-07,26.5,23.6,25.0,12.2,11.9,11.57,88,1010.8,99,23.0,Lagos
2007-10-08,27.2,23.6,25.2,5.9,13.4,15.21,88,1011.3,94,23.1,Lagos
2007-10-09,27.6,23.7,25.4,5.9,14.6,16.7,88,1010.6,79,23.2,Lagos
2007-10-10,28.4,24.5,25.9,2.2,17.3,17.46,86,1009.1,74,23.4,Lagos
2007-10-11,28.5,24.8,26.1,2.3,14.0,16.97,85,1008.7,63,23.4,Lagos
2007-10-12,28.8,24.7,26.3,4.5,15.3,18.74,85,1008.6,79,23.6,Lagos
2007-10-13,28.0,25.2,25.9,6.6,12.8,11.93,88,1009.5,95,23.7,Lagos
2007-10-14,28.8,24.7,26.3,0.9,12.2,18.41,85,1010.4,84,23.5,Lagos
2007-10-15,28.7,23.8,26.3,0.5,13.3,20.42,85,1010.0,56,23.5,Lagos
2007-10-16,28.5,24.9,26.4,0.7,16.1,17.45,86,1010.9,70,24.0,Lagos
2007-10-17,29.0,24.8,26.5,4.9,14.2,19.3,86,1010.8,56,24.0,Lagos
2007-10-18,28.3,24.3,25.9,10.8,10.8,15.51,87,1010.6,97,23.6,Lagos
2007-10-19,27.3,24.2,25.4,7.4,9.4,12.11,88,1010.8,93,23.3,Lagos
2007-10-20,27.6,23.6,25.3,14.9,12.2,14.87,89,1011.1,96,23.3,Lagos
2007-10-21,28.7,23.8,26.1,3.3,12.3,19.46,86,1011.3,81,23.5,Lagos
2007-10-22,28.7,24.1,26.4,2.4,11.7,18.55,87,1010.4,71,24.1,Lagos
2007-10-23,27.9,24.7,26.0,4.7,13.1,12.72,86,1010.2,85,23.5,Lagos
2007-10-24,28.4,24.5,25.9,7.6,14.4,16.49,87,1010.1,97,23.6,Lagos
2007-10-25,27.1,24.4,25.7,8.3,11.4,12.03,88,1010.1,96,23.4,Lagos
2007-10-26,28.9,24.3,26.0,9.5,13.9,14.65,86,1010.2,94,23.4,Lagos
2007-10-27,26.6,24.7,25.5,5.3,11.4,8.42,89,1010.8,99,23.5,Lagos
2007-10-28,28.6,24.2,26.2,2.3,11.0,18.44,86,1010.4,80,23.5,Lagos
2007-10-29,28.6,23.5,26.1,4.9,10.2,17.19,87,1009.9,88,23.6,Lagos
2007-10-30,28.6,24.7,26.4,4.3,10.6,16.51,86,1008.3,63,23.8,Lagos
2007-10-31,29.0,24.1,26.6,1.6,9.4,17.99,85,1007.7,42,23.8,Lagos
2007-11-01,29.5,24.9,27.1,0.1,13.8,17.72,82,1008.2,51,23.7,Lagos
2007-11-02,28.9,25.8,27.0,3.6,12.6,13.87,83,1008.4,86,23.9,Lagos
2007-11-03,29.4,25.8,27.2,0.9,15.5,17.66,81,1008.3,85,23.7,Lagos
2007-11-04,28.3,25.0,26.4,3.0,15.5,16.83,86,1008.3,46,23.8,Lagos
2007-11-05,29.5,24.5,26.8,1.7,13.5,18.27,85,1009.5,69,24.0,Lagos
2007-11-06,29.4,24.8,26.7,2.5,13.3,19.0,85,1009.8,36,23.9,Lagos
2007-11-07,29.4,25.8,27.1,0.1,13.5,18.5,83,1009.3,50,23.8,Lagos
2007-11-08,29.5,24.2,26.6,1.1,12.6,18.96,86,1008.4,37,24.0,Lagos
2007-11-09,27.5,24.3,25.7,13.4,13.7,13.53,88,1008.8,71,23.6,Lagos
2007-11-10,29.1,24.2,26.3,1.6,12.3,20.11,86,1008.6,69,23.7,Lagos
2007-11-11,28.5,23.8,26.2,4.2,9.7,17.02,87,1008.3,97,23.9,Lagos
2007-11-12,29.6,24.8,27.0,0.1,12.3,19.02,83,1008.4,83,23.7,Lagos
2007-11-13,29.2,25.4,27.1,0.6,14.7,17.54,83,1008.9,67,24.0,Lagos
2007-11-14,29.0,25.0,26.8,2.5,16.0,14.55,85,1008.9,90,24.1,Lagos
2007-11-15,27.4,24.4,26.0,17.6,15.0,12.87,88,1009.8,93,23.8,Lagos
2007-11-16,29.1,24.4,26.5,2.7,14.8,16.73,85,1010.8,60,23.8,Lagos
2007-11-17,29.6,24.5,26.9,3.1,11.2,17.6,83,1009.9,51,23.8,Lagos
2007-11-18,29.5,25.6,27.2,0.7,12.8,18.51,82,1008.7,29,23.8,Lagos
2007-11-19,29.3,25.8,27.2,2.8,13.0,18.15,83,1008.3,41,24.1,Lagos
2007-11-20,29.6,25.9,27.3,2.0,14.1,17.65,85,1009.1,74,24.5,Lagos
2007-11-21,28.3,25.1,26.5,4.4,13.4,10.38,88,1010.2,99,24.4,Lagos
2007-11-22,29.2,24.4,26.8,0.6,11.0,17.55,85,1010.4,66,24.0,Lagos
2007-11-23,28.9,25.4,27.1,0.2,10.4,16.63,85,1010.2,35,24.5,Lagos
2007-11-24,30.0,25.3,27.4,0.9,12.4,18.01,83,1009.1,29,24.2,Lagos
2007-11-25,28.5,25.8,27.0,0.7,14.2,14.67,85,1009.1,76,24.2,Lagos
2007-11-26,29.4,25.0,27.2,0.8,13.5,16.53,84,1009.7,83,24.3,Lagos
2007-11-27,29.8,25.1,27.4,0.6,11.8,17.27,82,1009.1,54,24.1,Lagos
2007-11-28,30.0,25.2,27.6,0.2,11.5,18.08,81,1007.8,19,23.9,Lagos
2007-11-29,30.0,25.8,27.7,1.2,13.8,17.69,81,1007.0,62,24.1,Lagos
2007-11-30,30.4,25.5,27.7,1.3,12.7,17.95,83,1007.2,90,24.5,Lagos
2007-12-01,30.6,25.9,27.8,0.7,14.2,17.88,84,1008.4,61,24.7,Lagos
2007-12-02,30.2,26.2,27.7,0.8,14.2,17.73,84,1008.8,72,24.7,Lagos
2007-12-03,29.3,25.3,27.1,3.5,15.4,15.29,84,1008.3,69,24.2,Lagos
2007-12-04,28.8,24.3,26.5,4.4,13.0,11.41,85,1008.4,97,23.7,Lagos
2007-12-05,30.0,24.7,27.0,1.4,12.6,18.7,85,1009.0,80,24.1,Lagos
2007-12-06,28.4,25.8,26.8,2.7,14.0,13.55,84,1009.8,90,23.9,Lagos
2007-12-07,27.6,24.6,26.3,6.0,11.2,12.45,87,1010.7,93,23.9,Lagos
2007-12-08,29.5,24.8,26.7,1.7,13.8,15.83,84,1011.0,65,23.6,Lagos
2007-12-09,29.2,25.3,26.8,0.6,12.1,16.16,83,1010.5,88,23.6,Lagos
2007-12-10,29.2,25.1,26.9,1.1,10.2,17.12,84,1009.8,72,24.0,Lagos
2007-12-11,30.3,24.3,27.0,0.0,14.1,19.47,83,1009.3,21,23.7,Lagos
2007-12-12,29.6,24.7,27.1,0.4,13.6,18.36,80,1010.1,21,23.3,Lagos
2007-12-13,30.2,24.5,27.3,0.5,15.0,18.48,79,1009.7,34,23.2,Lagos
2007-12-14,31.1,25.0,27.6,0.0,12.3,19.07,79,1007.3,38,23.5,Lagos
2007-12-15,31.0,25.5,27.8,0.2,14.3,17.82,80,1005.7,27,23.9,Lagos
2007-12-16,29.3,25.8,27.4,1.2,13.6,14.08,84,1007.1,87,24.3,Lagos
2007-12-17,31.0,25.3,27.9,0.0,17.8,17.79,80,1008.6,59,24.0,Lagos
2007-12-18,30.7,25.9,27.7,1.8,18.2,17.76,82,1009.7,38,24.3,Lagos
2007-12-19,30.0,25.8,27.4,1.3,15.3,17.58,83,1009.9,59,24.3,Lagos
2007-12-20,30.4,24.6,27.1,1.0,10.5,19.33,83,1009.4,34,23.8,Lagos
2007-12-21,31.5,24.3,27.1,0.0,12.9,20.48,77,1009.3,31,22.2,Lagos
2007-12-22,31.2,22.3,26.6,0.0,11.3,21.76,71,1009.9,16,20.3,Lagos
2007-12-23,30.9,21.5,26.4,0.0,9.7,21.78,69,1009.9,30,19.7,Lagos
2007-12-24,31.4,21.7,26.4,0.0,9.7,21.97,64,1009.9,4,18.2,Lagos
2007-12-25,31.1,23.1,26.7,0.0,12.2,21.66,71,1009.4,50,20.6,Lagos
2007-12-26,30.8,22.2,26.7,0.0,12.0,21.63,73,1009.0,24,21.2,Lagos
2007-12-27,30.9,22.8,26.9,0.0,12.9,20.89,74,1008.9,6,21.5,Lagos
2007-12-28,31.7,23.1,27.1,0.0,14.6,20.82,76,1008.4,14,22.2,Lagos
2007-12-29,31.3,24.4,27.3,0.0,15.9,19.88,77,1008.4,27,22.5,Lagos
2007-12-30,30.7,24.0,27.2,0.2,15.2,17.65,79,1007.6,27,23.0,Lagos
2007-12-31,29.9,25.4,27.0,3.1,15.3,17.8,84,1008.0,55,24.0,Lagos
2008-01-01,29.1,25.7,26.9,3.7,14.1,15.58,85,1008.6,63,24.0,Lagos
2008-01-02,29.8,25.2,26.9,0.5,13.7,16.43,83,1009.4,78,23.6,Lagos
2008-01-03,30.5,25.4,27.3,0.2,13.7,17.24,80,1010.2,78,23.3,Lagos
2008-01-04,29.7,25.2,27.2,2.1,13.9,16.49,83,1010.7,51,24.1,Lagos
2008-01-05,28.4,25.8,26.7,3.6,13.5,13.51,85,1010.7,93,23.9,Lagos
2008-01-06,28.1,24.4,26.2,12.8,13.8,9.96,88,1010.4,99,23.9,Lagos
2008-01-07,29.6,24.4,26.4,3.8,7.9,16.65,87,1009.7,95,24.1,Lagos
2008-01-08,29.5,23.7,26.2,0.0,13.4,19.14,66,1009.2,84,18.5,Lagos
2008-01-09,29.9,22.5,26.1,0.0,10.4,21.21,65,1008.3,72,18.6,Lagos
2008-01-10,30.9,22.9,26.5,0.0,10.7,20.88,70,1007.5,43,20.2,Lagos
2008-01-11,31.2,23.5,27.1,0.0,15.3,21.37,75,1007.3,61,22.0,Lagos
2008-01-12,30.9,24.5,27.2,0.0,16.4,18.81,79,1008.2,28,22.9,Lagos
2008-01-13,30.2,24.8,27.3,0.2,16.9,18.29,78,1008.9,28,23.0,Lagos
2008-01-14,29.6,25.5,27.0,1.9,15.9,18.2,83,1009.7,37,23.7,Lagos
2008-01-15,29.9,24.6,27.0,0.5,13.7,17.61,83,1008.9,31,23.9,Lagos
2008-01-16,29.7,25.0,27.0,0.9,14.0,17.37,82,1008.4,52,23.6,Lagos
2008-01-17,31.5,24.8,27.3,0.0,13.3,21.17,77,1008.1,41,22.6,Lagos
2008-01-18,31.7,23.7,27.0,0.0,11.6,21.57,70,1007.9,35,20.0,Lagos
2008-01-19,31.5,23.3,27.1,0.0,14.8,20.54,75,1008.1,64,22.0,Lagos
2008-01-20,32.5,25.0,27.8,0.1,13.8,21.27,76,1008.1,82,22.7,Lagos
2008-01-21,32.4,24.3,27.6,0.0,15.1,22.77,59,1009.6,49,16.6,Lagos
2008-01-22,31.9,22.2,26.5,0.0,16.8,23.28,47,1009.8,44,12.7,Lagos
2008-01-23,31.7,21.6,26.1,0.0,13.9,23.53,47,1009.6,6,12.5,Lagos
2008-01-24,31.7,21.3,26.2,0.0,12.9,23.54,51,1009.4,6,13.7,Lagos
2008-01-25,32.1,21.6,26.6,0.0,10.7,22.23,54,1009.7,57,15.1,Lagos
2008-01-26,31.4,21.8,26.3,0.0,12.1,23.27,56,1009.3,33,15.2,Lagos
2008-01-27,32.0,21.6,26.2,0.0,15.0,23.67,48,1009.7,36,12.1,Lagos
2008-01-28,31.9,22.3,26.5,0.0,16.6,23.92,42,1009.1,2,11.2,Lagos
2008-01-29,32.2,21.4,26.2,0.0,16.3,23.85,46,1008.8,36,11.8,Lagos
2008-01-30,32.6,20.7,26.4,0.0,15.5,23.64,49,1009.0,70,13.2,Lagos
2008-01-31,31.9,20.8,26.6,0.0,13.7,23.82,60,1007.8,31,17.3,Lagos
2008-02-01,32.2,20.2,26.3,0.0,13.6,23.75,67,1007.8,33,18.8,Lagos
2008-02-02,32.9,21.3,26.6,0.0,15.5,23.72,73,1007.1,55,20.4,Lagos
2008-02-03,31.5,22.1,26.4,0.0,16.0,21.74,79,1008.5,86,22.2,Lagos
2008-02-04,31.8,24.2,27.1,0.0,17.9,21.55,77,1009.8,89,22.5,Lagos
2008-02-05,31.3,25.0,27.4,0.0,16.9,19.21,77,1010.5,43,22.8,Lagos
2008-02-06,32.2,24.8,27.7,0.0,17.4,20.31,79,1010.0,97,23.5,Lagos
2008-02-07,30.8,25.2,27.5,0.3,14.0,18.89,81,1010.2,85,23.8,Lagos
2008-02-08,32.2,25.4,27.9,0.0,18.5,21.16,79,1008.7,51,23.6,Lagos
2008-02-09,32.2,25.2,27.9,0.7,17.8,20.73,79,1009.1,26,23.6,Lagos
2008-02-10,32.3,25.1,28.1,0.0,16.6,20.9,78,1009.8,21,23.5,Lagos
2008-02-11,31.0,25.4,27.6,0.8,15.7,19.23,81,1009.9,41,23.8,Lagos
2008-02-12,32.7,25.2,28.0,0.0,18.3,21.36,79,1008.7,23,23.7,Lagos
2008-02-13,32.2,25.6,28.0,0.5,16.2,20.45,79,1008.6,35,23.6,Lagos
2008-02-14,32.8,24.7,27.9,0.1,16.6,22.13,77,1008.3,31,23.1,Lagos
2008-02-15,32.7,24.6,28.0,0.0,16.2,22.19,76,1008.2,31,22.9,Lagos
2008-02-16,33.4,23.7,28.1,0.0,16.6,23.05,75,1008.0,20,22.6,Lagos
2008-02-17,33.7,24.5,28.3,0.0,16.2,24.14,71,1008.2,33,21.6,Lagos
2008-02-18,33.1,23.8,27.8,0.0,14.5,24.43,70,1008.8,8,20.8,Lagos
2008-02-19,33.2,22.5,27.6,0.0,17.3,24.08,72,1008.8,11,21.2,Lagos
2008-02-20,33.7,23.8,28.1,0.0,14.6,24.75,66,1009.2,50,19.8,Lagos
2008-02-21,33.2,22.2,27.4,0.0,15.5,25.09,61,1008.9,8,17.6,Lagos
2008-02-22,33.1,21.2,26.8,0.0,15.0,24.95,66,1009.1,73,18.8,Lagos
2008-02-23,32.9,23.2,27.4,0.0,17.7,23.97,75,1009.5,59,22.0,Lagos
2008-02-24,32.6,25.2,28.1,0.0,20.1,23.03,75,1009.5,12,22.8,Lagos
2008-02-25,32.0,26.1,28.2,0.3,17.8,21.25,76,1009.9,63,23.3,Lagos
2008-02-26,31.6,25.9,28.0,1.9,14.4,20.91,79,1009.8,31,23.8,Lagos
2008-02-27,31.4,25.8,28.0,0.7,18.2,20.82,79,1009.5,30,23.9,Lagos
2008-02-28,31.9,26.0,28.1,1.6,17.7,20.55,79,1009.6,29,23.9,Lagos
2008-02-29,31.5,26.3,28.0,0.5,16.2,17.24,80,1009.0,44,24.1,Lagos
2008-03-01,30.3,26.2,27.6,3.4,15.8,18.05,82,1008.1,61,24.3,Lagos
2008-03-02,29.9,26.1,27.6,5.7,16.6,17.92,83,1007.4,60,24.4,Lagos
2008-03-03,31.0,26.4,28.2,0.5,16.3,20.15,79,1007.7,64,24.2,Lagos
2008-03-04,31.7,26.3,28.4,0.1,16.1,21.06,78,1006.9,86,24.2,Lagos
2008-03-05,31.4,26.7,28.4,3.8,19.5,19.77,79,1005.8,93,24.2,Lagos
2008-03-06,32.0,27.0,28.9,0.8,19.4,19.76,76,1006.0,89,24.2,Lagos
2008-03-07,29.6,26.2,27.3,11.5,19.7,13.7,84,1007.0,83,24.3,Lagos
2008-03-08,29.4,26.6,27.4,4.9,17.4,18.1,83,1008.0,98,24.3,Lagos
2008-03-09,29.8,26.2,27.2,6.6,15.9,17.07,85,1007.9,99,24.4,Lagos
2008-03-10,27.8,24.9,26.4,8.0,18.1,12.04,87,1008.4,100,24.0,Lagos
2008-03-11,30.0,25.8,27.6,0.4,15.8,19.19,81,1008.8,89,24.0,Lagos
2008-03-12,29.7,23.9,26.5,8.1,14.7,17.69,86,1009.3,94,23.9,Lagos
2008-03-13,30.9,24.8,27.2,0.4,15.5,17.97,81,1008.3,99,23.6,Lagos
2008-03-14,30.9,25.9,28.0,0.2,15.5,21.15,79,1007.8,95,23.9,Lagos
2008-03-15,30.3,26.6,27.8,0.6,16.4,18.78,80,1008.6,98,23.9,Lagos
2008-03-16,30.8,26.3,28.0,0.0,16.1,20.72,79,1009.1,78,23.8,Lagos
2008-03-17,30.1,26.7,27.7,3.2,17.7,18.6,81,1008.4,85,24.2,Lagos
2008-03-18,30.3,26.4,27.9,1.6,16.3,19.13,81,1008.4,96,24.3,Lagos
2008-03-19,29.3,25.7,27.1,8.0,15.1,15.43,84,1009.0,92,24.2,Lagos
2008-03-20,30.1,25.9,27.7,0.2,14.2,19.2,80,1009.5,94,23.8,Lagos
2008-03-21,30.6,26.2,28.0,0.7,18.6,20.42,79,1008.2,77,23.8,Lagos
2008-03-22,30.8,26.8,27.9,3.2,19.5,18.77,80,1007.2,83,24.0,Lagos
2008-03-23,30.4,26.3,27.7,1.2,20.5,19.99,83,1007.9,85,24.5,Lagos
2008-03-24,29.6,25.5,27.3,2.1,14.5,15.84,83,1008.9,99,24.1,Lagos
2008-03-25,30.5,26.5,27.9,1.0,16.1,18.35,82,1008.2,78,24.5,Lagos
2008-03-26,30.7,26.7,28.3,1.1,20.2,19.72,80,1006.9,50,24.5,Lagos
2008-03-27,31.5,26.5,28.3,2.0,21.0,20.29,81,1006.9,39,24.6,Lagos
2008-03-28,30.7,26.1,27.9,6.2,19.7,18.6,81,1006.8,55,24.3,Lagos
2008-03-29,30.5,26.7,28.2,1.3,17.1,19.78,81,1007.0,72,24.5,Lagos
2008-03-30,30.3,26.8,28.1,3.2,17.6,18.19,83,1006.2,72,24.8,Lagos
2008-03-31,30.6,26.5,27.6,3.7,14.8,17.19,84,1005.6,88,24.6,Lagos
2008-04-01,30.4,26.4,28.1,1.3,16.5,19.87,80,1004.5,80,24.2,Lagos
2008-04-02,29.3,26.8,27.5,9.6,14.8,14.9,84,1005.6,89,24.5,Lagos
2008-04-03,30.0,25.9,27.4,1.7,18.5,14.01,85,1006.7,94,24.7,Lagos
2008-04-04,29.2,25.1,26.7,12.4,17.8,16.42,87,1006.9,96,24.2,Lagos
2008-04-05,27.3,24.1,25.6,24.8,9.9,7.13,90,1007.8,100,23.8,Lagos
2008-04-06,30.1,26.2,27.4,5.4,12.8,18.36,83,1008.5,97,24.3,Lagos
2008-04-07,29.6,25.6,27.3,2.2,11.0,15.1,86,1009.4,98,24.6,Lagos
2008-04-08,29.7,26.4,27.7,1.3,14.8,20.12,82,1008.7,98,24.3,Lagos
2008-04-09,30.2,26.1,27.8,1.0,15.0,21.22,81,1008.1,87,24.2,Lagos
2008-04-10,30.3,26.4,27.9,1.9,13.8,21.59,82,1007.1,45,24.4,Lagos
2008-04-11,29.9,26.6,27.5,3.8,18.2,19.49,83,1006.9,51,24.3,Lagos
2008-04-12,30.3,25.7,27.9,0.7,15.6,20.93,81,1006.9,52,24.3,Lagos
2008-04-13,30.2,26.3,28.0,0.8,14.0,19.67,83,1006.2,94,24.8,Lagos
2008-04-14,29.6,26.0,27.7,4.3,14.2,19.63,85,1006.4,71,24.9,Lagos
2008-04-15,30.1,25.6,27.8,2.3,17.1,21.3,82,1007.4,97,24.4,Lagos
2008-04-16,30.6,25.7,28.0,2.2,16.8,20.42,82,1008.1,98,24.5,Lagos
2008-04-17,31.4,26.7,28.4,3.8,16.7,20.92,80,1008.6,76,24.5,Lagos
2008-04-18,28.8,25.9,26.9,10.9,16.4,9.18,85,1009.5,100,24.1,Lagos
2008-04-19,29.6,24.9,27.2,0.4,12.4,16.88,84,1008.8,67,24.2,Lagos
2008-04-20,30.3,25.9,28.0,0.0,14.2,19.95,79,1008.9,46,23.9,Lagos
2008-04-21,30.5,26.3,28.3,0.3,15.8,20.45,79,1007.5,23,24.2,Lagos
2008-04-22,31.4,26.8,28.8,0.0,17.9,22.1,77,1006.6,24,24.2,Lagos
2008-04-23,30.3,26.6,27.9,10.2,21.0,18.21,82,1007.6,70,24.5,Lagos
2008-04-24,30.1,25.0,27.5,5.0,17.7,20.4,84,1007.9,90,24.4,Lagos
2008-04-25,30.3,25.4,27.6,0.4,16.4,19.9,84,1007.1,88,24.5,Lagos
2008-04-26,29.8,26.4,27.7,6.3,17.7,18.02,82,1006.9,80,24.4,Lagos
2008-04-27,29.6,25.6,27.1,11.5,12.2,17.42,86,1007.8,95,24.6,Lagos
2008-04-28,28.6,25.0,26.7,18.1,11.5,14.24,87,1007.5,93,24.3,Lagos
2008-04-29,29.8,25.1,27.4,2.6,15.7,18.87,85,1006.8,73,24.5,Lagos
2008-04-30,30.3,26.5,28.0,0.5,13.9,20.64,82,1006.4,82,24.6,Lagos
2008-05-01,30.3,26.7,28.1,0.9,11.2,17.89,82,1007.0,60,24.7,Lagos
2008-05-02,30.6,26.5,28.2,0.5,15.1,21.02,82,1007.3,81,24.8,Lagos
2008-05-03,28.3,25.6,27.1,13.2,13.7,10.58,87,1007.7,100,24.7,Lagos
2008-05-04,29.4,25.5,27.5,2.5,13.5,16.91,83,1008.7,74,24.3,Lagos
2008-05-05,30.0,26.5,27.8,0.5,11.6,20.64,83,1009.5,49,24.6,Lagos
2008-05-06,30.4,26.7,28.0,0.9,13.4,19.38,83,1009.7,69,24.8,Lagos
2008-05-07,30.5,25.6,27.9,1.0,11.6,20.89,82,1009.1,64,24.5,Lagos
2008-05-08,30.2,26.0,27.6,8.4,12.9,17.43,82,1008.6,68,24.2,Lagos
2008-05-09,30.2,25.1,27.7,0.3,10.9,20.89,81,1008.1,74,24.1,Lagos
2008-05-10,30.1,26.0,27.3,9.7,17.4,17.07,84,1009.1,82,24.4,Lagos
2008-05-11,30.2,25.6,27.6,3.1,13.1,18.15,85,1009.1,91,24.7,Lagos
2008-05-12,29.9,25.8,27.6,0.1,16.3,15.58,83,1008.7,97,24.4,Lagos
2008-05-13,28.2,25.3,26.5,11.8,13.2,10.7,87,1009.9,99,24.1,Lagos
2008-05-14,29.6,25.0,26.6,11.1,11.5,15.45,86,1010.5,99,24.1,Lagos
2008-05-15,30.0,25.6,27.5,3.3,13.5,17.92,85,1009.5,98,24.7,Lagos
2008-05-16,27.7,24.5,26.4,20.1,16.4,7.44,89,1010.2,100,24.3,Lagos
2008-05-17,29.6,25.2,27.1,5.6,12.4,15.9,86,1010.1,99,24.5,Lagos
2008-05-18,29.0,25.2,26.9,5.3,13.3,16.26,85,1009.6,89,24.2,Lagos
2008-05-19,29.5,25.0,27.0,1.2,11.8,18.21,84,1008.9,79,24.0,Lagos
2008-05-20,29.8,25.3,27.4,0.5,15.0,21.56,82,1008.9,62,24.1,Lagos
2008-05-21,30.0,25.3,27.1,6.8,15.5,20.03,85,1008.8,77,24.2,Lagos
2008-05-22,29.5,25.2,27.3,3.0,14.4,19.64,84,1008.7,84,24.3,Lagos
2008-05-23,29.3,25.9,27.1,9.1,16.5,17.17,84,1008.2,86,24.2,Lagos
2008-05-24,27.8,25.2,25.8,18.8,15.3,10.5,88,1009.1,96,23.5,Lagos
2008-05-25,28.3,24.0,25.9,11.0,15.6,16.44,88,1009.9,99,23.8,Lagos
2008-05-26,29.3,24.8,26.9,0.1,12.9,16.73,82,1009.5,99,23.5,Lagos
2008-05-27,29.6,25.2,27.2,0.2,14.7,17.42,82,1008.8,75,23.7,Lagos
2008-05-28,27.7,24.4,25.7,29.7,19.4,13.2,89,1009.0,93,23.7,Lagos
2008-05-29,28.3,24.2,26.0,4.5,10.6,14.84,89,1009.6,94,24.0,Lagos
2008-05-30,28.6,25.1,26.5,4.2,15.5,15.65,88,1010.1,91,24.2,Lagos
2008-05-31,27.5,23.5,25.7,21.0,13.3,9.66,89,1010.2,100,23.7,Lagos
2008-06-01,29.1,24.5,26.6,0.0,12.2,15.8,86,1009.7,93,23.9,Lagos
2008-06-02,28.3,25.4,26.5,3.2,14.9,17.51,87,1009.8,90,24.0,Lagos
2008-06-03,26.9,24.8,25.6,13.3,12.9,11.44,89,1011.1,100,23.6,Lagos
2008-06-04,27.7,24.6,25.7,3.3,10.5,15.17,88,1011.8,97,23.5,Lagos
2008-06-05,29.4,24.1,26.5,1.6,11.4,19.74,86,1011.0,69,23.8,Lagos
2008-06-06,28.8,25.6,26.4,10.9,16.9,15.61,87,1010.6,86,23.9,Lagos
2008-06-07,27.9,24.6,25.7,10.7,16.6,13.88,87,1011.4,75,23.4,Lagos
2008-06-08,27.9,24.3,26.0,9.1,15.8,15.8,85,1011.0,68,23.3,Lagos
2008-06-09,27.8,24.3,26.1,3.2,15.6,13.74,86,1010.7,99,23.5,Lagos
2008-06-10,26.9,24.3,25.7,7.3,12.7,14.52,90,1011.1,81,23.9,Lagos
2008-06-11,28.3,24.3,26.2,2.0,12.3,16.77,87,1010.8,61,23.9,Lagos
2008-06-12,27.8,24.8,26.1,3.3,19.3,16.57,86,1009.9,66,23.6,Lagos
2008-06-13,27.5,24.1,25.7,9.1,12.7,16.19,89,1010.2,90,23.7,Lagos
2008-06-14,27.3,23.9,25.3,6.5,9.5,11.12,90,1011.2,94,23.4,Lagos
2008-06-15,28.2,24.4,26.1,4.5,14.8,17.97,86,1010.4,89,23.6,Lagos
2008-06-16,27.7,24.2,25.4,13.6,15.5,12.6,89,1010.4,90,23.4,Lagos
2008-06-17,26.9,24.4,25.3,13.2,13.9,11.73,88,1011.2,93,23.1,Lagos
2008-06-18,25.9,23.9,24.7,15.6,12.7,8.22,90,1012.1,96,23.0,Lagos
2008-06-19,27.8,23.3,25.3,0.3,15.6,15.81,83,1012.0,72,22.1,Lagos
2008-06-20,29.1,24.3,26.4,0.1,16.6,20.48,81,1010.4,35,22.9,Lagos
2008-06-21,27.2,24.6,25.8,1.9,14.0,18.36,87,1009.8,53,23.4,Lagos
2008-06-22,27.5,24.0,25.5,11.6,16.7,13.6,86,1010.7,87,23.0,Lagos
2008-06-23,25.6,24.0,24.9,21.0,14.7,7.17,91,1010.7,97,23.3,Lagos
2008-06-24,27.0,23.9,25.2,14.1,19.9,11.94,89,1010.9,99,23.2,Lagos
2008-06-25,25.9,23.8,24.8,12.0,13.3,9.08,90,1011.8,100,23.0,Lagos
2008-06-26,26.6,23.7,24.9,8.8,12.1,8.71,90,1012.5,99,23.1,Lagos
2008-06-27,26.4,24.0,25.1,13.7,10.5,12.01,90,1012.7,97,23.3,Lagos
2008-06-28,27.7,24.0,25.4,6.2,13.4,13.42,88,1012.3,94,23.2,Lagos
2008-06-29,27.9,23.6,25.9,3.5,12.2,18.15,88,1011.9,77,23.7,Lagos
2008-06-30,26.9,23.9,25.0,18.9,20.3,11.23,90,1013.0,98,23.2,Lagos
2008-07-01,28.4,23.5,25.7,1.4,13.3,17.48,86,1012.7,99,23.1,Lagos
2008-07-02,27.3,23.6,25.4,12.7,17.4,11.54,88,1012.1,95,23.2,Lagos
2008-07-03,27.6,24.0,25.5,6.3,15.6,17.02,86,1012.4,66,22.9,Lagos
2008-07-04,27.7,24.1,25.4,3.7,16.6,18.67,87,1012.0,46,23.1,Lagos
2008-07-05,27.2,23.7,25.1,4.5,17.1,16.91,85,1013.0,75,22.4,Lagos
2008-07-06,27.2,23.6,25.1,5.0,17.1,15.66,86,1012.1,88,22.5,Lagos
2008-07-07,25.5,23.2,24.3,26.6,16.6,11.3,90,1011.9,93,22.6,Lagos
2008-07-08,25.0,23.2,24.2,10.0,16.3,6.65,89,1013.0,97,22.1,Lagos
2008-07-09,26.0,23.9,24.8,0.0,12.4,6.64,84,1014.0,98,22.0,Lagos
2008-07-10,27.7,23.9,25.5,1.4,16.0,17.69,85,1013.9,47,22.7,Lagos
2008-07-11,27.6,24.0,25.5,1.0,17.2,18.24,86,1013.0,63,22.9,Lagos
2008-07-12,26.5,24.1,25.1,2.1,17.4,17.46,86,1011.3,72,22.7,Lagos
2008-07-13,27.1,23.8,25.4,2.1,14.8,17.91,85,1010.4,61,22.6,Lagos
2008-07-14,26.3,24.2,25.1,10.9,16.0,12.07,87,1010.7,95,22.7,Lagos
2008-07-15,25.6,23.8,24.3,15.2,15.0,8.57,90,1012.0,99,22.6,Lagos
2008-07-16,26.7,23.3,24.8,4.7,15.8,13.44,88,1012.6,79,22.7,Lagos
2008-07-17,27.7,23.8,25.4,0.4,18.1,17.09,83,1012.0,97,22.2,Lagos
2008-07-18,25.1,23.7,24.4,19.9,19.0,6.18,90,1012.3,98,22.6,Lagos
2008-07-19,26.2,24.0,24.6,11.4,16.0,14.04,90,1012.1,91,22.7,Lagos
2008-07-20,27.0,23.3,24.9,3.3,12.3,18.53,88,1012.5,56,22.7,Lagos
2008-07-21,28.2,23.3,25.4,4.4,16.6,18.63,85,1012.2,68,22.7,Lagos
2008-07-22,25.3,23.4,24.2,40.0,17.4,5.5,92,1011.7,97,22.8,Lagos
2008-07-23,26.2,23.3,24.5,15.5,17.6,7.73,91,1012.1,96,22.8,Lagos
2008-07-24,26.6,23.3,24.8,7.4,14.2,17.5,89,1012.7,70,22.8,Lagos
2008-07-25,27.2,23.6,25.3,4.9,17.1,14.72,87,1012.5,85,23.1,Lagos
2008-07-26,26.0,23.6,24.8,9.9,19.5,11.71,88,1012.4,98,22.8,Lagos
2008-07-27,26.3,23.5,24.7,8.2,13.9,14.9,88,1013.9,93,22.7,Lagos
2008-07-28,27.3,23.7,25.1,1.5,13.0,14.55,85,1013.1,88,22.4,Lagos
2008-07-29,27.6,24.2,25.2,6.7,16.3,14.4,86,1011.8,92,22.7,Lagos
2008-07-30,25.9,23.4,24.6,12.3,15.3,11.86,89,1011.4,93,22.5,Lagos
2008-07-31,26.9,23.3,24.8,5.8,15.6,17.73,88,1011.5,75,22.6,Lagos
2008-08-01,26.5,23.9,24.7,8.9,16.8,11.21,86,1011.1,91,22.3,Lagos
2008-08-02,26.5,23.7,24.8,6.0,18.2,13.11,87,1011.1,68,22.5,Lagos
2008-08-03,26.3,23.4,24.7,13.1,16.1,12.49,87,1011.0,90,22.4,Lagos
2008-08-04,27.1,23.8,25.2,0.3,14.5,16.94,85,1011.3,80,22.5,Lagos
2008-08-05,28.0,24.2,25.7,0.0,19.4,19.33,83,1011.6,65,22.5,Lagos
2008-08-06,27.0,24.0,25.3,2.1,16.8,16.64,86,1010.9,76,22.8,Lagos
2008-08-07,25.9,23.5,24.6,20.3,17.4,12.45,89,1010.5,96,22.5,Lagos
2008-08-08,25.7,23.1,24.1,13.8,17.2,11.35,91,1011.4,95,22.5,Lagos
2008-08-09,26.9,23.4,24.9,1.6,15.7,16.84,88,1012.2,95,22.7,Lagos
2008-08-10,27.7,23.3,25.2,0.1,17.4,22.14,83,1011.4,39,22.0,Lagos
2008-08-11,27.8,23.7,25.3,0.7,19.9,21.12,85,1009.7,53,22.6,Lagos
2008-08-12,27.0,24.3,25.3,1.5,22.2,11.8,85,1009.4,99,22.6,Lagos
2008-08-13,26.3,23.8,24.9,4.3,18.9,13.78,88,1011.2,95,22.7,Lagos
2008-08-14,26.9,23.5,24.8,1.9,20.3,13.63,88,1012.2,81,22.6,Lagos
2008-08-15,27.0,23.8,24.8,6.7,23.9,15.6,87,1011.3,89,22.4,Lagos
2008-08-16,25.7,23.7,24.5,3.7,26.8,12.11,85,1009.8,96,21.9,Lagos
2008-08-17,26.7,23.7,24.8,3.5,21.5,16.99,84,1010.3,76,21.9,Lagos
2008-08-18,26.7,23.2,24.7,0.2,19.2,18.04,85,1010.7,93,21.9,Lagos
2008-08-19,27.0,23.4,25.0,0.5,17.7,20.34,85,1010.8,85,22.1,Lagos
2008-08-20,27.2,23.6,25.0,0.2,16.1,18.17,86,1010.7,85,22.4,Lagos
2008-08-21,27.2,23.9,25.2,1.1,16.5,17.63,86,1010.8,66,22.7,Lagos
2008-08-22,26.6,24.1,24.9,3.4,17.7,13.06,86,1011.1,97,22.4,Lagos
2008-08-23,26.5,23.2,24.6,2.7,13.8,17.18,88,1012.1,87,22.5,Lagos
2008-08-24,28.2,23.5,25.3,0.5,12.3,18.4,86,1011.7,95,22.8,Lagos
2008-08-25,27.5,23.7,24.8,11.3,15.9,14.28,89,1010.5,90,22.9,Lagos
2008-08-26,27.7,24.0,25.3,3.4,17.9,16.67,86,1010.4,82,22.7,Lagos
2008-08-27,27.7,23.4,25.3,3.3,14.5,18.69,86,1010.0,96,22.8,Lagos
2008-08-28,26.1,23.5,24.4,16.4,20.2,11.25,90,1009.3,94,22.7,Lagos
2008-08-29,25.5,23.4,24.2,10.8,16.9,13.07,91,1010.3,91,22.7,Lagos
2008-08-30,26.6,23.3,24.5,10.1,16.2,12.14,89,1011.4,96,22.6,Lagos
2008-08-31,25.8,23.7,24.7,8.3,13.6,9.97,89,1010.3,91,22.8,Lagos
2008-09-01,27.2,23.7,25.0,5.2,18.4,16.1,88,1009.7,81,22.7,Lagos
2008-09-02,25.5,23.7,24.5,13.6,14.7,10.65,89,1010.3,94,22.6,Lagos
2008-09-03,27.6,23.4,24.9,5.1,16.6,17.06,88,1010.1,67,22.8,Lagos
2008-09-04,24.8,23.4,24.0,24.8,17.0,4.81,94,1010.2,97,22.9,Lagos
2008-09-05,25.9,23.6,24.5,2.8,13.8,7.26,90,1012.4,100,22.8,Lagos
2008-09-06,28.1,23.6,25.5,0.4,13.7,17.74,88,1011.9,62,23.2,Lagos
2008-09-07,28.1,24.2,25.7,0.9,17.0,18.06,87,1011.0,68,23.3,Lagos
2008-09-08,27.5,24.4,25.7,2.1,18.6,19.21,87,1010.9,69,23.2,Lagos
2008-09-09,27.8,23.9,25.7,0.6,17.3,19.73,86,1012.3,77,23.1,Lagos
2008-09-10,27.6,24.2,25.5,4.8,19.1,16.09,88,1012.2,97,23.2,Lagos
2008-09-11,26.3,23.5,24.7,18.0,20.0,11.61,88,1011.6,86,22.6,Lagos
2008-09-12,27.3,23.5,25.2,1.6,19.9,19.19,87,1011.0,46,22.9,Lagos
2008-09-13,27.5,24.2,25.6,0.2,18.4,20.64,84,1011.0,60,22.8,Lagos
2008-09-14,27.7,24.2,25.5,2.3,18.5,15.93,86,1011.5,94,23.0,Lagos
2008-09-15,26.5,23.7,24.9,14.4,17.1,14.69,88,1012.4,87,22.9,Lagos
2008-09-16,26.7,23.9,25.2,1.7,12.2,11.95,88,1012.2,84,23.0,Lagos
2008-09-17,29.0,24.3,25.9,1.3,18.6,17.42,86,1010.0,88,23.2,Lagos
2008-09-18,26.3,23.6,24.9,10.0,12.9,7.71,90,1010.6,99,23.1,Lagos
2008-09-19,26.9,24.1,25.2,7.4,14.1,11.13,90,1011.4,88,23.3,Lagos
2008-09-20,27.3,23.8,25.2,7.8,15.9,10.73,90,1011.7,90,23.4,Lagos
2008-09-21,27.1,24.0,25.5,4.2,14.2,12.65,88,1011.2,89,23.4,Lagos
2008-09-22,28.0,24.0,25.6,10.2,12.0,15.83,88,1011.5,97,23.4,Lagos
2008-09-23,28.3,24.2,25.7,4.1,14.5,17.32,88,1010.9,97,23.6,Lagos
2008-09-24,28.4,24.3,26.0,2.1,12.0,17.97,88,1010.6,88,23.8,Lagos
2008-09-25,28.2,23.9,26.0,2.3,15.6,19.71,87,1010.3,76,23.6,Lagos
2008-09-26,27.4,24.7,25.5,9.1,12.6,13.2,88,1010.3,98,23.3,Lagos
2008-09-27,26.8,23.6,25.1,31.8,14.8,12.78,88,1010.5,98,23.0,Lagos
2008-09-28,28.6,24.6,26.1,2.4,14.9,14.62,85,1010.9,95,23.2,Lagos
2008-09-29,28.1,24.5,26.0,1.6,12.9,15.85,85,1011.7,95,23.3,Lagos
2008-09-30,28.2,24.2,26.0,5.0,13.4,17.57,86,1011.8,87,23.4,Lagos
2008-10-01,28.7,24.5,25.9,5.0,14.7,18.71,87,1011.5,84,23.5,Lagos
2008-10-02,28.0,24.4,26.2,0.7,15.3,19.83,87,1010.8,60,23.7,Lagos
2008-10-03,28.5,24.5,26.1,3.3,14.6,15.53,86,1009.6,86,23.5,Lagos
2008-10-04,27.8,24.1,25.9,5.8,14.0,17.51,86,1009.5,84,23.3,Lagos
2008-10-05,28.5,24.3,26.2,2.7,12.1,18.91,85,1008.3,88,23.5,Lagos
2008-10-06,27.4,24.0,25.8,7.7,11.4,14.0,86,1009.6,95,23.3,Lagos
2008-10-07,28.2,23.8,25.8,8.5,17.6,17.11,86,1010.4,83,23.2,Lagos
2008-10-08,28.2,23.9,25.9,9.3,18.6,16.82,87,1010.4,77,23.5,Lagos
2008-10-09,28.0,24.8,26.1,5.8,15.4,17.59,87,1009.0,65,23.6,Lagos
2008-10-10,27.2,24.0,25.3,7.0,16.9,16.49,88,1009.5,74,23.2,Lagos
2008-10-11,26.1,23.5,24.7,17.5,14.1,12.09,91,1011.5,93,23.1,Lagos
2008-10-12,28.5,23.6,25.4,5.1,10.3,18.39,89,1011.5,90,23.4,Lagos
2008-10-13,28.9,23.7,26.1,1.8,13.2,18.91,87,1010.1,84,23.7,Lagos
2008-10-14,28.6,24.8,26.2,2.1,15.9,18.09,87,1009.7,66,23.9,Lagos
2008-10-15,28.2,24.5,26.0,5.3,11.2,16.9,87,1011.0,78,23.6,Lagos
2008-10-16,28.8,24.1,26.3,4.6,13.5,15.75,86,1011.5,96,23.8,Lagos
2008-10-17,27.4,23.8,25.7,5.0,12.9,10.32,88,1010.7,99,23.6,Lagos
2008-10-18,29.1,23.6,26.3,1.4,11.2,18.82,87,1010.5,84,23.8,Lagos
2008-10-19,28.0,24.4,26.2,0.1,12.0,11.43,87,1011.2,68,23.9,Lagos
2008-10-20,29.4,25.0,26.7,0.8,15.2,17.66,85,1011.3,64,24.0,Lagos
2008-10-21,28.9,25.4,26.6,2.5,19.4,18.97,86,1010.8,71,24.1,Lagos
2008-10-22,27.2,24.4,25.7,2.6,16.0,12.59,87,1011.4,95,23.4,Lagos
2008-10-23,28.7,24.1,26.3,2.6,9.4,18.01,86,1011.0,51,23.7,Lagos
2008-10-24,29.8,24.4,26.9,0.7,12.1,21.09,84,1010.7,51,23.9,Lagos
2008-10-25,28.9,25.8,26.9,1.0,16.8,18.94,86,1010.1,40,24.4,Lagos
2008-10-26,28.5,25.2,26.6,0.5,17.1,17.84,87,1010.2,91,24.3,Lagos
2008-10-27,28.1,25.3,26.5,3.2,12.6,11.65,87,1010.8,97,24.1,Lagos
2008-10-28,28.0,25.2,26.5,4.9,9.4,14.68,86,1010.8,89,24.0,Lagos
2008-10-29,28.2,24.9,26.2,7.8,8.4,12.6,89,1010.6,93,24.2,Lagos
2008-10-30,28.9,24.2,26.2,6.6,11.4,16.45,88,1010.1,85,24.0,Lagos
2008-10-31,29.2,24.7,26.4,15.3,13.6,14.65,87,1009.8,88,23.9,Lagos
2008-11-01,29.4,25.2,27.0,2.1,11.1,16.04,85,1009.3,93,24.2,Lagos
2008-11-02,29.3,25.4,27.2,0.5,12.5,18.35,86,1009.5,90,24.7,Lagos
2008-11-03,28.0,24.7,26.3,7.2,13.8,15.32,88,1009.8,73,24.0,Lagos
2008-11-04,29.4,24.7,27.0,3.7,13.3,18.54,84,1010.2,68,23.9,Lagos
2008-11-05,29.6,25.1,27.2,2.3,13.6,19.52,84,1009.6,73,24.3,Lagos
2008-11-06,29.3,25.2,27.1,2.0,14.3,20.11,84,1009.2,38,24.0,Lagos
2008-11-07,29.1,24.4,26.8,0.5,14.7,19.4,85,1008.1,37,24.0,Lagos
2008-11-08,29.3,25.4,26.9,0.7,14.0,19.16,85,1008.4,77,24.1,Lagos
2008-11-09,29.4,24.7,27.1,1.1,13.9,19.71,83,1009.7,70,23.9,Lagos
2008-11-10,28.6,25.5,26.4,7.7,13.5,15.11,86,1010.4,92,23.9,Lagos
2008-11-11,29.7,25.8,27.0,1.1,13.8,17.27,84,1011.0,92,24.0,Lagos
2008-11-12,29.0,24.8,26.9,0.4,12.4,17.82,86,1010.0,57,24.3,Lagos
2008-11-13,28.8,25.2,26.8,0.9,11.8,17.97,86,1009.5,40,24.1,Lagos
2008-11-14,28.8,25.1,26.9,0.8,11.2,16.69,86,1008.5,77,24.2,Lagos
2008-11-15,30.5,25.0,27.4,0.3,15.3,20.38,84,1007.3,18,24.3,Lagos
2008-11-16,30.3,25.2,27.4,0.0,14.1,19.69,81,1007.3,92,23.8,Lagos
2008-11-17,31.1,26.1,28.1,0.0,18.0,21.53,79,1007.1,89,24.0,Lagos
2008-11-18,30.4,26.7,27.8,0.8,18.3,18.58,83,1007.0,98,24.5,Lagos
2008-11-19,29.0,25.6,26.9,6.1,13.5,15.85,85,1008.0,86,24.1,Lagos
2008-11-20,29.0,25.4,26.9,2.5,12.8,16.01,84,1010.4,64,24.0,Lagos
2008-11-21,29.7,24.8,27.2,0.8,11.0,19.33,85,1011.3,30,24.3,Lagos
2008-11-22,29.1,25.6,27.2,0.9,13.4,16.02,86,1010.0,31,24.7,Lagos
2008-11-23,30.5,25.4,27.8,0.8,14.5,18.93,83,1008.2,41,24.6,Lagos
2008-11-24,30.6,26.2,28.1,0.3,15.4,18.55,80,1008.9,28,24.3,Lagos
2008-11-25,29.5,26.3,27.7,1.1,13.4,15.79,84,1009.9,57,24.7,Lagos
2008-11-26,30.0,25.4,27.8,0.0,12.9,16.6,84,1010.2,83,24.7,Lagos
2008-11-27,31.1,26.4,28.4,0.5,16.8,19.26,81,1008.7,39,24.7,Lagos
2008-11-28,30.4,26.4,28.1,0.5,14.7,17.81,83,1007.6,34,24.9,Lagos
2008-11-29,30.2,26.2,27.7,1.9,16.3,17.93,85,1008.4,37,24.9,Lagos
2008-11-30,30.2,26.0,27.7,1.1,16.0,15.69,82,1009.5,49,24.3,Lagos
2008-12-01,29.8,26.7,27.9,0.4,14.8,16.5,83,1009.6,45,24.6,Lagos
2008-12-02,29.4,26.2,27.4,0.8,17.5,15.65,84,1009.5,34,24.4,Lagos
2008-12-03,28.2,25.2,26.6,8.9,15.8,13.5,85,1008.2,71,23.9,Lagos
2008-12-04,28.5,25.3,26.9,2.4,13.7,13.49,83,1007.6,68,23.8,Lagos
2008-12-05,28.5,24.3,26.3,11.3,10.5,15.1,86,1009.2,83,23.7,Lagos
2008-12-06,27.9,23.9,25.9,15.5,10.5,9.58,88,1010.8,99,23.6,Lagos
2008-12-07,28.2,24.2,26.2,4.9,12.6,15.86,88,1010.7,66,24.0,Lagos
2008-12-08,29.3,24.8,26.9,0.2,14.2,16.55,84,1010.7,84,23.8,Lagos
2008-12-09,29.6,24.6,27.1,1.2,12.7,17.89,84,1009.8,21,24.1,Lagos
2008-12-10,29.7,25.1,27.1,0.9,12.2,17.71,85,1009.7,24,24.4,Lagos
2008-12-11,29.1,24.6,26.8,2.2,11.6,16.78,85,1010.8,52,24.1,Lagos
2008-12-12,29.4,24.7,27.0,1.2,14.6,17.15,84,1009.9,35,24.1,Lagos
2008-12-13,29.5,25.2,27.0,1.3,15.4,16.05,84,1009.2,61,24.1,Lagos
2008-12-14,29.8,25.4,27.4,0.4,12.0,17.52,83,1008.6,36,24.2,Lagos
2008-12-15,29.8,25.7,27.4,0.7,14.0,17.49,83,1007.8,48,24.2,Lagos
2008-12-16,28.6,25.6,26.8,0.5,16.6,15.18,87,1007.9,50,24.4,Lagos
2008-12-17,29.4,25.0,27.1,1.4,14.4,15.17,84,1007.9,49,24.2,Lagos
2008-12-18,30.5,25.8,27.7,0.0,12.7,17.69,82,1006.7,45,24.3,Lagos
2008-12-19,30.6,26.3,28.0,0.2,12.4,18.39,81,1006.9,37,24.4,Lagos
2008-12-20,30.0,26.1,27.7,0.6,11.9,17.46,84,1006.6,33,24.7,Lagos
2008-12-21,31.2,25.4,27.9,0.2,14.3,19.03,83,1007.3,28,24.5,Lagos
2008-12-22,31.0,25.9,27.8,0.0,15.8,17.82,82,1008.7,55,24.3,Lagos
2008-12-23,31.3,25.6,27.8,0.0,13.1,20.03,79,1009.2,67,23.4,Lagos
2008-12-24,31.6,24.4,27.4,0.0,11.5,20.7,77,1009.2,43,22.6,Lagos
2008-12-25,30.7,23.6,27.2,0.0,14.4,19.11,76,1008.9,30,22.4,Lagos
2008-12-26,31.3,23.7,27.6,0.0,14.1,20.81,77,1007.9,9,22.9,Lagos
2008-12-27,31.0,23.5,27.1,0.0,13.5,20.35,78,1007.1,19,22.7,Lagos
2008-12-28,31.3,23.7,27.3,0.0,15.3,20.62,79,1006.6,18,23.1,Lagos
2008-12-29,31.9,24.6,27.6,0.0,18.2,20.88,79,1007.2,16,23.2,Lagos
2008-12-30,30.9,25.7,27.8,0.3,16.0,18.34,80,1008.2,18,23.9,Lagos
2008-12-31,30.9,25.8,27.7,0.6,15.8,16.8,83,1008.8,20,24.4,Lagos
2009-01-01,29.8,25.8,27.3,0.4,16.7,17.77,84,1009.1,47,24.2,Lagos
2009-01-02,29.3,25.6,27.0,0.5,16.6,17.32,83,1009.9,56,23.7,Lagos
2009-01-03,30.6,25.0,27.4,0.2,13.2,18.08,81,1009.8,55,23.6,Lagos
2009-01-04,31.0,25.5,27.7,0.2,16.4,18.49,79,1009.2,32,23.6,Lagos
2009-01-05,31.0,25.8,27.7,0.3,15.7,17.97,81,1009.2,53,24.0,Lagos
2009-01-06,31.4,26.0,27.8,1.0,17.4,17.92,83,1007.8,69,24.5,Lagos
2009-01-07,31.1,26.1,27.9,0.5,16.8,18.35,82,1006.7,52,24.4,Lagos
2009-01-08,30.2,26.1,27.6,1.1,22.1,17.99,83,1007.8,45,24.3,Lagos
2009-01-09,28.8,25.3,27.1,3.1,16.7,15.18,84,1009.9,79,24.1,Lagos
2009-01-10,30.5,25.9,27.5,4.0,14.8,18.12,83,1010.7,61,24.2,Lagos
2009-01-11,29.2,26.3,27.1,5.0,15.3,14.3,87,1009.7,63,24.7,Lagos
2009-01-12,29.2,25.5,26.8,4.1,14.8,17.28,86,1009.7,48,24.3,Lagos
2009-01-13,30.0,25.6,27.1,1.3,9.4,16.52,84,1009.5,31,24.1,Lagos
2009-01-14,30.6,25.6,27.3,0.7,16.9,17.81,85,1008.5,29,24.5,Lagos
2009-01-15,31.2,25.7,27.8,0.3,19.0,18.99,81,1008.0,82,24.1,Lagos
2009-01-16,30.7,26.3,27.9,2.1,19.6,18.04,81,1008.0,26,24.2,Lagos
2009-01-17,30.8,26.4,27.7,3.2,22.0,17.61,83,1008.6,60,24.4,Lagos
2009-01-18,30.4,26.2,27.8,0.9,19.2,17.05,82,1009.1,67,24.4,Lagos
2009-01-19,30.2,25.6,27.4,3.0,19.2,16.01,82,1009.7,80,24.1,Lagos
2009-01-20,30.9,25.7,27.7,0.6,15.0,20.28,77,1009.0,42,23.1,Lagos
2009-01-21,31.9,24.3,27.7,0.0,12.6,22.15,69,1008.7,80,21.1,Lagos
2009-01-22,32.7,24.1,28.0,0.0,13.4,21.67,65,1009.3,83,20.1,Lagos
2009-01-23,33.1,23.7,27.8,0.0,15.1,21.86,54,1009.2,96,15.4,Lagos
2009-01-24,31.9,22.3,26.8,0.0,13.4,22.87,57,1009.3,94,16.5,Lagos
2009-01-25,31.8,22.3,27.0,0.0,16.6,21.92,66,1009.6,68,19.5,Lagos
2009-01-26,31.7,23.5,27.3,0.0,14.8,21.83,77,1009.7,55,22.4,Lagos
2009-01-27,31.4,25.3,27.5,0.0,16.7,18.43,80,1010.0,81,23.5,Lagos
2009-01-28,31.0,25.9,27.8,0.0,18.4,17.72,81,1009.2,68,24.0,Lagos
2009-01-29,30.9,25.8,27.8,1.0,14.7,18.4,82,1009.2,77,24.4,Lagos
2009-01-30,30.9,26.0,27.8,1.7,14.6,19.23,83,1009.0,74,24.5,Lagos
2009-01-31,30.2,25.6,27.5,1.1,14.5,17.53,83,1008.8,92,24.2,Lagos
2009-02-01,31.2,25.6,27.9,0.4,16.4,19.53,79,1008.5,93,23.8,Lagos
2009-02-02,30.7,26.1,27.7,1.2,16.5,16.52,81,1009.1,78,24.1,Lagos
2009-02-03,29.9,26.1,27.7,1.1,15.9,17.74,83,1009.8,42,24.4,Lagos
2009-02-04,30.6,26.3,27.9,1.2,17.7,18.68,83,1009.1,26,24.5,Lagos
2009-02-05,30.7,26.3,28.0,0.9,17.2,17.9,82,1009.4,38,24.5,Lagos
2009-02-06,31.2,26.2,28.1,0.8,21.5,18.7,81,1009.4,38,24.3,Lagos
2009-02-07,31.2,26.5,28.0,2.5,21.4,18.79,81,1009.1,43,24.4,Lagos
2009-02-08,31.1,26.5,28.4,1.3,19.9,19.14,79,1008.9,53,24.3,Lagos
2009-02-09,30.7,26.5,28.2,0.5,18.9,18.19,80,1009.6,47,24.2,Lagos
2009-02-10,31.0,26.4,28.2,1.4,13.6,18.81,79,1010.0,57,24.1,Lagos
2009-02-11,30.8,26.4,27.9,2.3,15.5,17.88,82,1008.8,36,24.5,Lagos
2009-02-12,31.6,26.0,28.2,0.0,16.3,20.7,80,1007.6,27,24.2,Lagos
2009-02-13,31.3,25.7,27.9,0.7,17.9,19.36,81,1006.1,47,24.2,Lagos
2009-02-14,30.4,26.4,27.6,4.8,16.2,15.9,84,1006.9,72,24.5,Lagos
2009-02-15,29.4,26.3,27.6,0.2,15.8,9.86,80,1006.9,90,23.7,Lagos
2009-02-16,30.9,25.9,27.9,0.5,16.6,19.06,77,1007.0,59,23.3,Lagos
2009-02-17,29.8,25.9,27.5,4.8,15.6,17.42,80,1007.8,46,23.7,Lagos
2009-02-18,31.3,25.9,27.9,0.9,15.3,20.18,77,1007.3,80,23.4,Lagos
2009-02-19,31.1,26.1,28.1,0.5,19.2,19.86,77,1007.1,85,23.5,Lagos
2009-02-20,31.6,26.1,28.2,0.5,19.5,19.08,79,1006.9,65,24.1,Lagos
2009-02-21,31.0,26.3,28.2,2.4,18.3,17.63,80,1007.6,83,24.3,Lagos
2009-02-22,30.3,26.2,27.9,1.7,16.6,18.35,81,1007.8,95,24.3,Lagos
2009-02-23,31.4,26.3,28.1,1.8,19.5,19.27,81,1005.6,48,24.4,Lagos
2009-02-24,30.6,26.2,28.1,1.2,18.0,18.63,80,1006.0,49,24.3,Lagos
2009-02-25,31.6,26.5,28.4,0.8,17.6,19.92,79,1006.9,77,24.3,Lagos
2009-02-26,31.6,26.6,28.4,0.8,15.0,18.69,79,1007.4,92,24.3,Lagos
2009-02-27,30.6,26.6,28.0,1.6,14.7,18.85,80,1007.6,49,24.3,Lagos
2009-02-28,30.5,26.4,28.0,2.5,14.7,19.19,81,1008.1,65,24.4,Lagos
2009-03-01,31.4,26.6,28.3,1.6,14.7,20.41,81,1009.4,85,24.7,Lagos
2009-03-02,30.1,26.3,28.0,2.8,16.1,17.96,82,1009.0,89,24.6,Lagos
2009-03-03,30.5,26.6,28.2,1.5,15.8,19.72,82,1008.3,63,24.9,Lagos
2009-03-04,31.5,26.5,28.5,0.8,18.0,20.38,80,1007.9,41,24.7,Lagos
2009-03-05,31.5,26.8,28.6,1.2,16.0,20.15,80,1007.6,38,24.7,Lagos
2009-03-06,31.3,26.9,28.7,1.1,19.2,20.55,80,1007.4,28,24.8,Lagos
2009-03-07,32.0,26.8,28.8,1.0,19.9,21.1,79,1007.5,43,24.6,Lagos
2009-03-08,30.9,26.9,28.2,3.0,16.8,19.25,82,1007.8,76,24.7,Lagos
2009-03-09,31.2,26.8,28.3,1.4,16.2,18.96,82,1007.5,74,24.8,Lagos
2009-03-10,30.3,25.8,27.5,9.6,15.3,15.93,85,1007.7,72,24.6,Lagos
2009-03-11,30.2,26.4,27.9,1.3,15.5,19.86,82,1007.4,96,24.5,Lagos
2009-03-12,31.0,26.7,28.3,0.4,15.4,20.58,80,1006.7,80,24.5,Lagos
2009-03-13,29.8,26.2,27.6,10.4,14.8,14.82,85,1007.6,89,24.7,Lagos
2009-03-14,30.5,26.4,27.8,3.0,17.1,17.64,83,1008.0,80,24.6,Lagos
2009-03-15,30.9,26.7,28.3,3.3,20.8,19.92,82,1008.2,75,24.7,Lagos
2009-03-16,30.8,26.9,28.3,1.6,18.7,20.44,80,1008.1,91,24.4,Lagos
2009-03-17,30.7,26.4,28.2,1.3,18.1,21.96,78,1007.6,94,24.0,Lagos
2009-03-18,31.4,26.6,28.4,0.1,17.2,21.16,78,1007.7,52,24.0,Lagos
2009-03-19,30.4,25.4,27.8,5.9,18.2,18.58,80,1008.6,95,23.8,Lagos
2009-03-20,31.0,26.6,28.3,1.5,18.9,19.74,78,1008.6,77,24.1,Lagos
2009-03-21,31.0,27.0,28.3,3.6,17.4,19.61,80,1008.4,92,24.5,Lagos
2009-03-22,30.6,26.8,28.2,2.5,15.9,20.02,81,1007.8,61,24.5,Lagos
2009-03-23,30.9,26.9,28.5,2.5,17.1,20.9,80,1007.0,55,24.5,Lagos
2009-03-24,31.2,27.0,28.4,2.8,18.7,19.25,80,1006.0,86,24.6,Lagos
2009-03-25,30.7,26.7,28.2,2.4,16.5,19.54,83,1005.2,68,25.0,Lagos
2009-03-26,31.2,26.6,28.4,0.7,17.7,21.82,81,1006.1,80,24.8,Lagos
2009-03-27,31.5,26.8,28.4,2.1,19.9,20.18,82,1006.0,82,25.0,Lagos
2009-03-28,31.4,27.2,28.3,6.3,21.3,20.0,82,1005.8,78,24.9,Lagos
2009-03-29,31.5,26.7,28.3,1.1,17.2,17.87,81,1006.0,60,24.6,Lagos
2009-03-30,31.1,26.8,28.6,3.4,21.1,19.52,80,1005.8,67,24.7,Lagos
2009-03-31,30.8,26.8,28.2,4.1,20.1,18.1,80,1006.4,68,24.4,Lagos
2009-04-01,30.1,26.2,27.6,5.5,22.2,17.79,83,1006.9,97,24.4,Lagos
2009-04-02,31.1,25.9,27.8,3.6,24.1,20.85,81,1007.6,91,24.1,Lagos
2009-04-03,30.8,26.7,28.2,1.5,17.8,21.02,80,1008.0,57,24.4,Lagos
2009-04-04,31.2,26.5,28.3,0.0,17.7,21.21,80,1008.3,55,24.3,Lagos
2009-04-05,30.6,26.4,28.1,1.9,17.7,19.05,80,1009.1,89,24.2,Lagos
2009-04-06,31.1,26.5,28.3,0.2,15.1,18.14,80,1008.8,83,24.4,Lagos
2009-04-07,31.8,26.6,28.2,3.0,18.5,19.45,80,1009.1,75,24.2,Lagos
2009-04-08,29.5,25.2,27.3,0.6,18.3,12.19,82,1009.5,99,23.9,Lagos
2009-04-09,30.6,26.3,28.2,0.0,20.5,18.77,77,1008.4,94,23.8,Lagos
2009-04-10,31.1,26.2,28.4,1.5,16.9,20.06,77,1008.5,74,24.0,Lagos
2009-04-11,30.7,26.5,28.2,0.7,15.5,21.43,78,1008.7,76,23.8,Lagos
2009-04-12,31.1,26.5,28.1,2.4,15.3,17.95,80,1008.5,97,24.2,Lagos
2009-04-13,27.3,24.5,26.2,18.1,12.3,7.95,89,1009.5,92,24.3,Lagos
2009-04-14,30.0,25.0,27.2,0.4,14.0,19.77,83,1009.8,87,24.0,Lagos
2009-04-15,30.1,26.1,27.9,0.5,16.1,19.22,81,1010.5,99,24.4,Lagos
2009-04-16,28.6,25.5,27.0,5.7,19.1,10.38,85,1011.1,100,24.2,Lagos
2009-04-17,29.7,25.0,27.3,0.0,15.6,19.31,82,1010.2,63,23.8,Lagos
2009-04-18,30.6,25.8,27.7,0.2,17.0,19.35,81,1009.5,94,23.9,Lagos
2009-04-19,30.1,25.5,27.5,0.4,14.0,18.62,84,1009.6,69,24.5,Lagos
2009-04-20,31.6,26.2,28.4,0.0,18.2,21.79,81,1009.5,68,24.6,Lagos
2009-04-21,31.1,26.1,28.2,1.9,16.2,19.34,81,1008.7,79,24.6,Lagos
2009-04-22,31.0,26.0,28.1,0.0,13.0,19.57,80,1007.4,95,24.3,Lagos
2009-04-23,32.0,26.7,28.8,0.0,14.4,23.21,77,1007.0,79,24.3,Lagos
2009-04-24,31.0,26.9,28.5,0.0,11.8,19.43,80,1007.9,96,24.5,Lagos
2009-04-25,30.5,26.8,27.7,9.8,13.4,14.92,85,1008.3,97,24.8,Lagos
2009-04-26,29.4,25.7,27.2,14.4,15.1,14.99,86,1009.3,99,24.6,Lagos
2009-04-27,29.9,25.4,27.3,2.0,14.8,17.59,85,1009.6,99,24.5,Lagos
2009-04-28,30.0,25.6,27.6,4.3,15.1,18.47,84,1009.8,76,24.6,Lagos
2009-04-29,30.6,26.3,28.3,0.0,12.5,20.87,82,1010.0,50,24.8,Lagos
2009-04-30,29.8,26.1,27.9,5.3,14.7,16.63,85,1009.3,93,25.0,Lagos
2009-05-01,30.9,26.8,28.3,0.7,17.0,21.78,82,1007.8,80,24.9,Lagos
2009-05-02,30.2,26.2,27.3,6.7,16.9,18.12,86,1007.8,90,24.7,Lagos
2009-05-03,29.7,25.5,27.3,4.2,11.2,19.11,87,1008.2,94,24.9,Lagos
2009-05-04,29.2,25.3,27.1,6.4,14.7,14.35,86,1008.2,99,24.6,Lagos
2009-05-05,28.1,24.7,26.2,16.9,15.1,10.59,89,1009.6,100,24.3,Lagos
2009-05-06,28.8,25.3,26.4,8.5,10.0,12.78,90,1010.0,100,24.5,Lagos
2009-05-07,29.5,24.5,26.7,6.9,15.8,16.33,85,1009.5,96,23.9,Lagos
2009-05-08,27.2,24.6,25.9,19.8,17.6,8.29,88,1010.1,100,23.8,Lagos
2009-05-09,28.4,24.5,26.2,18.8,20.1,15.0,87,1010.3,100,23.9,Lagos
2009-05-10,27.0,24.5,25.5,18.5,14.6,11.36,90,1009.8,93,23.7,Lagos
2009-05-11,29.6,24.6,26.9,3.8,10.5,18.84,85,1009.5,70,24.0,Lagos
2009-05-12,29.7,25.8,27.6,2.3,10.5,16.25,81,1009.5,91,23.9,Lagos
2009-05-13,30.1,26.3,28.0,0.0,12.2,21.69,79,1009.7,76,23.9,Lagos
2009-05-14,28.5,26.1,27.0,3.9,18.2,15.42,86,1009.8,95,24.4,Lagos
2009-05-15,29.9,25.7,27.4,0.1,12.4,17.38,84,1008.8,73,24.3,Lagos
2009-05-16,29.8,25.1,27.4,3.8,10.5,20.84,85,1008.8,48,24.5,Lagos
2009-05-17,30.4,25.2,27.8,0.5,10.1,21.87,82,1008.8,32,24.4,Lagos
2009-05-18,30.4,26.3,28.0,0.4,12.7,20.32,82,1008.7,25,24.5,Lagos
2009-05-19,30.1,26.6,28.0,0.9,11.6,17.91,82,1009.4,81,24.7,Lagos
2009-05-20,29.7,26.4,27.4,5.3,15.3,17.74,86,1010.0,80,24.8,Lagos
2009-05-21,29.6,26.4,27.7,0.7,15.2,19.49,83,1009.8,90,24.5,Lagos
2009-05-22,29.7,25.3,27.5,0.8,16.9,19.29,84,1009.8,46,24.4,Lagos
2009-05-23,30.8,26.1,28.0,0.2,14.1,22.35,81,1010.8,18,24.3,Lagos
2009-05-24,30.9,26.4,27.7,7.5,14.5,20.19,84,1009.8,55,24.7,Lagos
2009-05-25,28.9,25.6,27.0,6.3,13.8,14.87,86,1010.2,96,24.3,Lagos
2009-05-26,29.2,25.4,27.0,2.5,12.4,19.27,87,1009.2,58,24.7,Lagos
2009-05-27,29.9,25.5,27.6,2.2,13.8,19.96,84,1008.7,51,24.7,Lagos
2009-05-28,29.7,26.1,27.2,9.9,13.5,17.02,87,1008.5,57,24.9,Lagos
2009-05-29,28.8,25.5,26.9,9.5,14.3,16.25,87,1008.9,83,24.6,Lagos
2009-05-30,29.0,25.1,26.7,6.3,12.7,14.54,87,1010.1,97,24.3,Lagos
2009-05-31,29.7,25.1,27.4,2.2,11.7,18.71,85,1010.3,79,24.5,Lagos
2009-06-01,29.4,26.2,27.1,6.3,15.7,16.7,87,1010.3,58,24.8,Lagos
2009-06-02,29.8,26.0,27.5,2.9,16.0,19.04,85,1010.4,79,24.7,Lagos
2009-06-03,29.4,25.6,27.0,3.3,16.0,17.76,88,1011.0,69,24.8,Lagos
2009-06-04,28.9,25.7,27.0,6.1,14.5,17.79,85,1011.9,61,24.2,Lagos
2009-06-05,28.4,24.7,26.4,11.6,12.3,15.81,86,1012.3,84,23.8,Lagos
2009-06-06,27.1,24.7,25.7,16.6,16.1,8.56,89,1011.8,99,23.8,Lagos
2009-06-07,29.0,24.2,26.3,6.5,13.0,16.61,86,1011.1,71,23.7,Lagos
2009-06-08,29.8,25.6,27.4,0.5,19.1,19.11,82,1009.8,49,24.0,Lagos
2009-06-09,28.6,25.5,26.5,8.4,19.8,14.45,87,1009.6,93,24.1,Lagos
2009-06-10,27.6,24.6,25.8,11.0,13.4,10.91,89,1010.4,89,23.8,Lagos
2009-06-11,26.9,24.1,25.4,21.3,12.9,11.0,88,1011.4,100,23.3,Lagos
2009-06-12,26.6,24.0,25.2,14.6,13.0,10.24,91,1011.6,98,23.6,Lagos
2009-06-13,27.1,24.0,25.5,10.3,12.3,10.44,89,1012.0,93,23.5,Lagos
2009-06-14,28.2,24.2,25.8,12.3,14.2,16.03,88,1012.1,85,23.7,Lagos
2009-06-15,27.7,24.2,25.4,18.0,14.0,12.73,91,1011.6,96,23.8,Lagos
2009-06-16,25.2,23.7,24.4,158.8,16.7,3.23,92,1011.8,100,23.1,Lagos
2009-06-17,27.8,23.8,25.7,8.3,11.2,13.09,87,1011.9,98,23.4,Lagos
2009-06-18,28.7,24.3,26.2,4.3,14.9,17.51,86,1010.8,75,23.6,Lagos
2009-06-19,28.1,25.2,26.1,8.3,15.5,14.98,88,1010.8,88,23.9,Lagos
2009-06-20,27.4,24.1,25.4,10.6,14.5,14.69,87,1011.6,90,23.1,Lagos
2009-06-21,25.7,24.1,24.7,33.6,11.5,6.04,91,1012.3,98,23.2,Lagos
2009-06-22,28.8,23.9,26.1,0.1,14.1,16.2,84,1012.3,80,23.1,Lagos
2009-06-23,28.6,25.0,26.1,9.5,14.9,15.97,87,1011.5,58,23.7,Lagos
2009-06-24,27.7,24.3,26.1,4.6,15.2,14.94,87,1011.3,70,23.6,Lagos
2009-06-25,27.8,24.4,25.9,3.2,15.5,17.45,87,1011.8,68,23.5,Lagos
2009-06-26,27.2,24.2,25.6,7.6,11.0,11.63,87,1012.0,94,23.2,Lagos
2009-06-27,27.2,23.9,25.5,3.8,15.6,10.43,88,1012.5,99,23.4,Lagos
2009-06-28,26.8,23.5,25.2,11.0,14.7,8.41,87,1013.1,96,22.9,Lagos
2009-06-29,27.0,23.3,25.2,11.7,20.7,13.25,87,1012.1,81,22.8,Lagos
2009-06-30,26.6,23.5,24.8,10.3,12.1,13.94,89,1013.1,93,22.8,Lagos
2009-07-01,27.0,23.4,25.1,2.9,10.3,14.06,87,1013.2,96,22.8,Lagos
2009-07-02,28.0,24.1,25.7,2.1,10.6,17.63,87,1012.9,73,23.3,Lagos
2009-07-03,27.3,24.3,25.7,3.8,11.5,15.18,87,1012.4,90,23.3,Lagos
2009-07-04,28.1,24.6,25.8,11.6,15.9,14.2,88,1011.6,80,23.6,Lagos
2009-07-05,28.0,23.9,25.5,6.8,14.2,16.38,88,1011.1,77,23.3,Lagos
2009-07-06,27.2,24.2,25.2,6.4,14.6,12.03,89,1010.5,98,23.1,Lagos
2009-07-07,28.1,24.4,25.6,4.7,16.1,16.51,86,1010.7,92,23.0,Lagos
2009-07-08,25.6,23.9,24.5,18.3,14.1,6.74,91,1011.3,99,22.9,Lagos
2009-07-09,27.4,23.5,25.2,4.3,17.6,13.09,86,1012.0,98,22.7,Lagos
2009-07-10,25.1,23.8,24.4,16.5,17.6,7.85,91,1012.3,99,22.8,Lagos
2009-07-11,25.1,23.4,24.2,15.0,17.1,6.41,88,1013.8,98,22.2,Lagos
2009-07-12,26.9,23.6,24.8,4.7,14.3,14.08,85,1013.9,87,22.2,Lagos
2009-07-13,26.4,23.8,25.0,1.8,17.6,12.93,84,1013.6,73,22.1,Lagos
2009-07-14,26.0,23.8,24.8,8.2,16.8,10.14,88,1013.2,81,22.6,Lagos
2009-07-15,27.6,24.0,25.5,1.8,13.5,18.57,84,1014.0,58,22.5,Lagos
2009-07-16,27.9,24.4,25.6,5.2,18.1,14.89,84,1013.6,89,22.7,Lagos
2009-07-17,26.4,24.5,25.2,6.6,18.3,11.21,86,1012.8,97,22.7,Lagos
2009-07-18,26.8,23.6,25.1,4.2,16.1,11.77,88,1013.0,81,22.9,Lagos
2009-07-19,27.6,24.2,25.5,0.7,16.5,18.05,86,1013.3,79,22.9,Lagos
2009-07-20,27.9,24.2,25.4,3.0,16.2,15.15,85,1013.0,89,22.6,Lagos
2009-07-21,26.7,24.0,25.1,10.1,14.8,11.73,87,1012.6,90,22.7,Lagos
2009-07-22,26.7,23.5,24.9,11.9,16.4,15.76,88,1011.9,65,22.8,Lagos
2009-07-23,27.7,23.6,25.2,2.3,16.2,16.97,86,1011.6,82,22.8,Lagos
2009-07-24,27.5,24.2,25.5,3.5,20.2,16.3,85,1011.3,92,22.8,Lagos
2009-07-25,26.7,24.2,25.3,4.8,21.5,12.47,86,1011.8,78,22.7,Lagos
2009-07-26,27.0,24.0,25.1,1.0,21.3,15.11,85,1012.2,87,22.4,Lagos
2009-07-27,24.7,23.9,24.3,2.3,22.3,5.55,88,1012.1,97,22.1,Lagos
2009-07-28,26.3,23.8,24.7,1.3,21.0,12.77,83,1012.7,92,21.7,Lagos
2009-07-29,27.0,23.5,24.9,0.5,18.9,18.77,83,1012.9,72,21.7,Lagos
2009-07-30,25.8,23.5,24.4,1.0,21.1,10.59,87,1012.3,77,22.2,Lagos
2009-07-31,25.2,23.4,24.1,8.3,24.0,5.05,89,1012.4,100,22.1,Lagos
2009-08-01,25.4,23.2,24.1,19.5,15.5,9.14,91,1013.1,97,22.5,Lagos
2009-08-02,26.5,23.1,24.5,0.0,17.1,15.85,87,1012.7,84,22.1,Lagos
2009-08-03,25.9,23.2,24.1,0.8,17.8,11.7,88,1012.5,84,22.1,Lagos
2009-08-04,26.5,23.1,24.4,0.2,18.5,13.51,88,1012.7,94,22.3,Lagos
2009-08-05,26.8,23.5,24.7,0.0,17.1,15.87,87,1012.6,98,22.4,Lagos
2009-08-06,25.8,23.6,24.4,0.8,17.7,10.39,89,1012.7,98,22.3,Lagos
2009-08-07,26.4,23.5,24.6,0.5,17.0,16.07,87,1013.0,66,22.2,Lagos
2009-08-08,26.9,23.1,24.5,1.3,18.6,15.33,88,1012.1,71,22.3,Lagos
2009-08-09,26.3,23.5,24.6,0.9,19.1,12.58,89,1011.0,95,22.6,Lagos
2009-08-10,27.0,23.6,24.8,0.1,18.4,17.65,88,1011.6,84,22.6,Lagos
2009-08-11,26.5,23.6,24.7,0.2,18.4,15.04,87,1012.8,92,22.4,Lagos
2009-08-12,26.7,23.5,24.8,1.0,20.6,15.81,86,1012.4,92,22.2,Lagos
2009-08-13,26.4,23.2,24.4,2.6,20.2,15.73,88,1011.5,81,22.3,Lagos
2009-08-14,25.7,23.5,24.3,3.3,19.4,12.97,88,1011.5,89,22.1,Lagos
2009-08-15,26.7,23.4,24.7,0.1,17.1,15.47,87,1011.8,68,22.3,Lagos
2009-08-16,27.2,23.6,24.9,1.2,19.6,17.92,87,1011.8,89,22.5,Lagos
2009-08-17,25.8,23.5,24.4,2.6,18.7,9.31,87,1011.1,88,22.2,Lagos
2009-08-18,26.9,23.6,24.8,0.3,21.5,17.65,86,1010.9,65,22.2,Lagos
2009-08-19,26.8,23.2,24.7,0.5,16.4,18.33,86,1011.3,84,22.2,Lagos
2009-08-20,26.9,23.5,24.5,4.6,15.3,14.1,88,1011.3,89,22.5,Lagos
2009-08-21,27.5,23.3,24.8,1.0,18.4,18.82,87,1010.8,87,22.5,Lagos
2009-08-22,26.9,23.6,24.9,0.0,16.3,15.2,86,1010.8,75,22.3,Lagos
2009-08-23,26.6,23.6,24.9,0.1,16.7,12.47,87,1011.0,81,22.5,Lagos
2009-08-24,27.3,23.7,25.2,0.6,17.5,15.51,87,1010.6,83,22.8,Lagos
2009-08-25,25.4,23.4,24.0,50.4,16.5,7.18,93,1010.9,100,22.8,Lagos
2009-08-26,26.9,23.6,24.9,1.1,19.4,17.32,89,1011.2,64,22.8,Lagos
2009-08-27,27.4,23.6,25.2,0.6,19.2,18.02,87,1011.9,60,22.8,Lagos
2009-08-28,26.8,24.1,25.0,4.3,22.8,13.68,87,1010.9,95,22.7,Lagos
2009-08-29,26.2,24.1,24.7,7.1,19.9,10.09,88,1010.8,92,22.6,Lagos
2009-08-30,27.5,23.3,25.0,2.1,18.3,18.33,87,1012.1,88,22.6,Lagos
2009-08-31,27.0,23.8,25.1,1.1,21.4,17.6,86,1013.0,94,22.5,Lagos
2009-09-01,27.2,24.0,25.1,3.1,15.2,14.63,87,1013.3,78,22.7,Lagos
2009-09-02,27.5,23.8,25.2,0.4,15.0,20.13,87,1013.2,76,22.9,Lagos
2009-09-03,27.2,23.8,24.9,5.3,17.3,13.35,88,1012.7,97,22.8,Lagos
2009-09-04,27.8,23.8,25.4,0.6,15.3,20.06,88,1012.5,68,23.2,Lagos
2009-09-05,26.8,23.7,24.7,16.6,19.5,11.41,90,1012.6,95,23.0,Lagos
2009-09-06,25.3,23.6,24.4,9.5,13.8,11.76,91,1013.8,85,22.9,Lagos
2009-09-07,27.8,23.6,25.3,0.4,17.4,19.02,87,1012.7,84,22.9,Lagos
2009-09-08,28.2,24.1,25.2,1.8,14.3,16.37,88,1011.7,90,23.1,Lagos
2009-09-09,27.6,24.0,25.2,3.0,15.1,15.61,88,1011.2,70,23.1,Lagos
2009-09-10,26.6,23.7,24.9,5.7,17.7,12.9,89,1012.1,78,22.9,Lagos
2009-09-11,27.1,23.6,25.2,2.3,16.6,16.18,87,1012.0,65,22.7,Lagos
2009-09-12,27.6,23.8,25.4,1.1,13.5,16.64,88,1011.8,73,23.2,Lagos
2009-09-13,27.2,24.2,25.2,3.7,17.1,13.32,89,1012.7,86,23.2,Lagos
2009-09-14,28.0,24.0,25.4,3.4,17.2,17.0,87,1013.2,92,23.1,Lagos
2009-09-15,26.8,24.0,24.8,14.8,21.6,9.33,89,1012.7,99,22.9,Lagos
2009-09-16,27.1,23.2,24.8,11.7,15.8,13.47,89,1012.1,99,22.8,Lagos
2009-09-17,27.5,23.7,25.4,0.5,15.3,17.67,86,1011.6,78,22.8,Lagos
2009-09-18,27.4,24.2,25.6,0.0,18.1,16.16,85,1011.6,70,23.0,Lagos
2009-09-19,27.8,24.2,25.6,0.5,20.4,16.72,84,1012.2,83,22.7,Lagos
2009-09-20,27.9,24.0,25.6,0.5,19.7,19.76,84,1011.9,90,22.6,Lagos
2009-09-21,27.8,24.2,25.6,0.5,16.9,17.55,85,1011.7,95,22.7,Lagos
2009-09-22,27.7,24.1,25.6,0.9,16.1,18.47,86,1010.6,69,23.0,Lagos
2009-09-23,28.1,24.1,25.7,1.2,16.0,19.59,86,1010.7,64,23.1,Lagos
2009-09-24,28.3,24.3,26.0,0.7,15.1,19.62,83,1011.1,71,22.8,Lagos
2009-09-25,27.8,24.4,25.9,0.4,15.8,13.67,86,1011.1,83,23.3,Lagos
2009-09-26,28.6,24.8,26.2,0.7,19.1,18.68,85,1011.3,53,23.3,Lagos
2009-09-27,28.4,24.9,26.3,0.4,17.7,17.35,84,1011.9,97,23.3,Lagos
2009-09-28,28.2,24.4,26.2,3.1,17.3,17.69,84,1011.4,55,23.2,Lagos
2009-09-29,28.5,24.7,26.2,1.7,15.6,20.22,84,1011.9,54,23.4,Lagos
2009-09-30,28.7,24.8,26.3,1.0,16.9,19.08,84,1012.1,84,23.3,Lagos
2009-10-01,28.5,24.8,26.4,0.6,17.6,17.41,83,1012.1,89,23.2,Lagos
2009-10-02,28.6,24.5,26.1,3.3,15.7,17.37,85,1011.8,66,23.3,Lagos
2009-10-03,28.8,24.7,26.1,5.2,15.9,18.54,85,1011.6,53,23.4,Lagos
2009-10-04,28.7,24.5,26.0,13.8,15.4,15.49,85,1011.1,69,23.3,Lagos
2009-10-05,26.7,24.3,25.5,8.8,13.7,13.91,88,1011.3,92,23.4,Lagos
2009-10-06,28.0,24.4,25.6,5.5,16.6,13.15,87,1011.7,90,23.3,Lagos
2009-10-07,27.8,24.4,25.7,7.7,17.4,14.08,86,1012.0,80,23.3,Lagos
2009-10-08,27.5,24.3,25.4,17.7,16.1,11.32,89,1011.7,99,23.4,Lagos
2009-10-09,27.7,24.5,25.8,4.6,13.8,16.72,88,1010.9,85,23.6,Lagos
2009-10-10,28.4,24.2,26.1,0.6,16.1,17.0,85,1010.0,61,23.3,Lagos
2009-10-11,28.0,25.0,26.1,1.8,16.0,18.01,86,1009.7,53,23.6,Lagos
2009-10-12,28.2,24.3,25.8,6.1,18.5,16.8,86,1009.9,71,23.3,Lagos
2009-10-13,26.9,24.0,25.3,9.5,13.1,11.66,89,1010.0,95,23.3,Lagos
2009-10-14,27.3,23.7,25.2,10.4,15.1,14.28,88,1010.0,91,23.0,Lagos
2009-10-15,28.1,24.2,25.7,4.5,13.7,17.07,86,1009.5,89,23.0,Lagos
2009-10-16,28.2,24.3,25.9,1.6,16.8,19.0,85,1010.1,87,23.2,Lagos
2009-10-17,28.1,24.5,26.0,2.2,13.9,16.94,86,1009.8,90,23.5,Lagos
2009-10-18,28.7,24.7,26.3,0.6,18.6,20.55,85,1008.7,45,23.5,Lagos
2009-10-19,28.5,24.8,26.2,1.2,17.6,19.56,86,1008.9,89,23.6,Lagos
2009-10-20,27.9,25.0,25.9,3.3,16.7,17.31,87,1009.6,89,23.5,Lagos
2009-10-21,27.8,24.1,25.4,12.3,12.6,16.05,88,1010.6,75,23.2,Lagos
2009-10-22,28.3,23.1,25.7,4.1,13.2,19.78,87,1010.4,50,23.4,Lagos
2009-10-23,28.5,23.8,26.0,3.2,11.6,17.92,86,1010.8,75,23.4,Lagos
2009-10-24,27.2,23.9,25.5,9.2,13.0,14.89,89,1010.6,82,23.5,Lagos
2009-10-25,28.7,24.2,26.2,0.4,11.4,16.24,85,1009.2,96,23.3,Lagos
2009-10-26,28.7,24.7,26.5,0.6,13.5,19.09,85,1008.8,74,23.6,Lagos
2009-10-27,29.1,24.9,26.5,3.4,10.2,20.64,87,1009.9,79,24.0,Lagos
2009-10-28,26.7,24.1,25.5,15.1,13.0,12.11,88,1010.0,87,23.4,Lagos
2009-10-29,27.2,24.2,25.5,7.3,13.2,11.38,88,1009.6,97,23.3,Lagos
2009-10-30,28.6,24.1,26.2,0.5,9.2,18.72,86,1008.4,57,23.5,Lagos
2009-10-31,29.8,24.3,26.8,0.2,12.2,20.91,86,1008.1,29,24.1,Lagos
2009-11-01,28.6,25.2,26.3,9.1,11.8,12.77,87,1008.2,72,24.0,Lagos
2009-11-02,29.1,24.9,26.7,1.9,10.1,18.52,87,1008.2,66,24.3,Lagos
2009-11-03,29.1,25.7,26.6,10.9,14.0,13.9,87,1008.8,81,24.2,Lagos
2009-11-04,27.9,25.6,26.5,3.0,15.3,14.56,87,1010.0,98,24.2,Lagos
2009-11-05,28.1,24.9,26.2,5.7,13.2,13.96,88,1011.1,95,24.1,Lagos
2009-11-06,28.7,24.4,26.6,0.7,13.8,17.26,87,1008.9,79,24.3,Lagos
2009-11-07,29.3,25.4,27.0,0.7,15.6,17.36,85,1008.7,77,24.4,Lagos
2009-11-08,28.4,25.1,26.6,4.1,13.8,13.5,86,1009.4,98,24.1,Lagos
2009-11-09,27.6,24.4,26.0,9.3,16.8,14.76,87,1010.9,96,23.6,Lagos
2009-11-10,26.1,24.3,25.5,1.5,12.0,5.9,89,1009.9,82,23.5,Lagos
2009-11-11,28.4,24.9,26.3,9.2,13.0,14.45,85,1008.5,53,23.4,Lagos
2009-11-12,28.5,24.6,26.3,2.9,14.8,17.52,87,1008.4,39,23.8,Lagos
2009-11-13,28.7,24.3,26.1,1.5,12.7,17.59,87,1009.1,48,23.7,Lagos
2009-11-14,28.2,25.0,26.4,2.8,11.9,16.73,87,1009.6,37,24.0,Lagos
2009-11-15,28.8,25.0,26.6,2.3,12.2,17.99,85,1009.3,44,23.9,Lagos
2009-11-16,29.5,25.0,27.0,0.6,12.0,20.03,83,1009.2,34,23.8,Lagos
2009-11-17,29.6,24.4,26.9,0.2,10.8,18.4,85,1009.1,36,24.0,Lagos
2009-11-18,29.8,25.0,27.1,0.7,12.0,19.58,82,1010.5,24,23.5,Lagos
2009-11-19,30.4,24.2,27.1,0.1,13.2,21.05,80,1010.2,40,23.2,Lagos
2009-11-20,30.3,24.4,27.2,0.0,10.8,20.94,81,1011.1,29,23.5,Lagos
2009-11-21,29.9,24.3,26.9,0.0,12.8,20.08,83,1011.1,25,23.6,Lagos
2009-11-22,30.0,24.8,27.3,0.1,11.5,19.8,81,1010.9,20,23.6,Lagos
2009-11-23,29.8,24.9,27.4,0.3,13.6,19.86,80,1010.0,72,23.7,Lagos
2009-11-24,30.1,25.5,27.5,0.6,10.8,17.23,82,1009.8,98,24.1,Lagos
2009-11-25,30.8,25.1,27.9,0.0,13.1,19.14,81,1009.1,44,24.1,Lagos
2009-11-26,30.5,25.8,27.9,0.6,14.5,18.76,80,1009.8,12,24.0,Lagos
2009-11-27,30.4,25.5,27.7,0.2,13.3,19.26,81,1009.8,21,24.0,Lagos
2009-11-28,30.4,25.8,27.6,1.4,12.5,17.61,83,1009.8,21,24.4,Lagos
2009-11-29,30.9,24.9,27.6,0.0,13.3,20.14,80,1009.1,18,23.7,Lagos
2009-11-30,31.1,25.2,27.7,0.1,12.6,19.83,79,1008.7,15,23.6,Lagos
2009-12-01,32.2,25.2,28.1,0.0,15.5,21.72,76,1009.0,1,23.3,Lagos
2009-12-02,31.6,25.4,28.2,0.0,15.3,19.74,76,1009.0,30,23.3,Lagos
2009-12-03,30.4,24.6,27.9,1.5,14.3,17.41,79,1009.1,35,23.8,Lagos
2009-12-04,30.4,25.5,27.8,2.0,14.8,16.33,82,1009.2,37,24.4,Lagos
2009-12-05,30.0,25.4,27.7,1.2,13.5,17.68,84,1009.5,23,24.6,Lagos
2009-12-06,30.6,25.6,27.9,1.2,13.4,17.02,83,1008.6,30,24.7,Lagos
2009-12-07,32.2,25.7,28.5,0.1,14.8,19.35,78,1007.9,12,24.1,Lagos
2009-12-08,32.4,26.0,28.6,0.0,15.5,19.71,77,1008.5,20,23.9,Lagos
2009-12-09,31.5,26.1,28.3,0.4,14.8,17.73,78,1009.1,65,24.0,Lagos
2009-12-10,30.3,26.7,27.7,4.0,17.6,15.75,83,1009.0,62,24.4,Lagos
2009-12-11,30.1,25.6,27.5,4.3,15.7,17.59,83,1009.0,38,24.3,Lagos
2009-12-12,28.2,25.4,26.7,6.3,15.3,15.69,85,1009.2,55,23.9,Lagos
2009-12-13,29.4,25.2,26.9,0.7,12.2,16.98,83,1009.8,43,23.8,Lagos
2009-12-14,30.4,25.6,27.6,0.1,12.7,18.82,81,1009.9,26,24.0,Lagos
2009-12-15,30.6,25.7,27.9,0.4,13.2,19.16,81,1009.9,20,24.2,Lagos
2009-12-16,30.4,26.2,27.8,1.1,14.2,17.38,82,1009.6,29,24.4,Lagos
2009-12-17,30.3,25.6,27.9,1.2,16.3,17.29,81,1009.2,29,24.2,Lagos
2009-12-18,30.5,26.3,28.0,1.2,16.4,16.78,83,1008.7,23,24.8,Lagos
2009-12-19,31.2,26.3,28.1,1.3,18.2,17.98,82,1008.5,20,24.6,Lagos
2009-12-20,31.1,26.4,28.3,0.6,16.9,18.33,81,1009.2,33,24.6,Lagos
2009-12-21,31.1,26.5,28.3,0.9,16.2,17.9,83,1010.3,75,25.0,Lagos
2009-12-22,31.2,26.0,28.0,2.3,15.2,18.48,82,1011.3,59,24.5,Lagos
2009-12-23,31.8,25.9,28.2,0.2,16.6,19.62,80,1010.4,19,24.2,Lagos
2009-12-24,31.1,26.1,28.1,0.8,16.0,18.61,80,1009.9,20,24.2,Lagos
2009-12-25,31.0,25.7,27.9,1.2,16.9,19.07,82,1010.3,23,24.2,Lagos
2009-12-26,31.4,25.0,27.8,1.6,16.0,19.79,81,1010.3,21,24.0,Lagos
2009-12-27,31.7,25.1,27.8,1.0,14.8,19.96,79,1009.8,55,23.5,Lagos
2009-12-28,30.9,25.2,27.7,0.4,15.3,17.97,80,1009.1,19,23.7,Lagos
2009-12-29,31.6,25.2,28.1,0.3,15.3,19.01,77,1008.6,14,23.6,Lagos
2009-12-30,31.8,25.3,28.1,0.1,15.3,19.32,79,1008.1,33,23.9,Lagos
2009-12-31,31.5,25.8,28.1,0.5,15.7,18.83,78,1009.7,60,23.8,Lagos
2010-01-01,30.8,25.6,27.8,0.7,15.5,17.55,78,1009.7,94,23.4,Lagos
2010-01-02,31.6,25.3,27.9,0.0,14.1,17.92,77,1009.8,85,23.2,Lagos
2010-01-03,32.2,25.7,28.3,0.0,16.0,19.76,76,1009.5,28,23.5,Lagos
2010-01-04,29.9,25.8,27.7,0.8,15.9,16.96,80,1009.5,31,23.9,Lagos
2010-01-05,30.4,25.5,27.7,1.5,14.0,17.33,81,1009.4,41,24.0,Lagos
2010-01-06,30.7,25.7,27.5,2.0,14.9,16.9,82,1009.3,67,24.0,Lagos
2010-01-07,30.1,25.1,27.4,0.6,13.7,16.24,82,1009.3,54,24.0,Lagos
2010-01-08,29.2,25.4,27.2,1.7,15.8,12.19,82,1009.3,71,23.8,Lagos
2010-01-09,30.6,25.8,27.8,0.4,14.1,17.37,82,1008.7,54,24.3,Lagos
2010-01-10,30.7,25.8,27.8,0.7,14.2,17.88,81,1008.6,72,24.1,Lagos
2010-01-11,31.8,26.0,28.3,0.0,16.9,18.86,77,1009.3,57,23.6,Lagos
2010-01-12,32.7,26.2,28.7,0.0,18.7,20.46,75,1009.1,35,23.7,Lagos
2010-01-13,32.3,26.0,28.5,0.0,19.2,19.85,78,1009.6,41,24.1,Lagos
2010-01-14,31.0,26.4,28.1,1.7,18.5,18.36,81,1010.4,39,24.3,Lagos
2010-01-15,30.1,24.8,27.2,2.4,15.9,16.36,81,1011.6,86,23.6,Lagos
2010-01-16,31.7,25.1,27.9,0.0,14.7,19.2,77,1011.6,58,23.2,Lagos
2010-01-17,31.7,25.1,28.1,0.2,16.6,18.96,77,1011.7,39,23.6,Lagos
2010-01-18,30.7,25.3,27.7,0.7,14.8,17.08,81,1011.2,57,23.9,Lagos
2010-01-19,32.3,25.4,27.9,0.3,13.6,19.71,75,1010.7,33,22.8,Lagos
2010-01-20,31.9,23.8,27.4,0.0,14.7,22.63,70,1009.8,42,20.8,Lagos
2010-01-21,32.0,23.4,27.4,0.0,16.2,21.83,75,1010.2,14,22.3,Lagos
2010-01-22,31.8,23.9,27.6,0.0,15.5,21.13,75,1009.9,16,22.5,Lagos
2010-01-23,32.5,25.5,28.4,0.0,18.2,21.67,74,1008.5,16,23.0,Lagos
2010-01-24,31.8,26.3,28.4,0.2,16.2,19.65,75,1007.8,27,23.3,Lagos
2010-01-25,31.9,26.5,28.5,0.0,16.6,19.27,75,1007.8,58,23.4,Lagos
2010-01-26,31.2,26.9,28.5,0.7,16.4,17.46,78,1008.0,50,24.1,Lagos
2010-01-27,31.3,26.3,28.3,0.4,17.4,19.14,80,1008.2,38,24.5,Lagos
2010-01-28,31.5,26.3,28.3,0.7,17.3,18.94,79,1008.8,39,24.3,Lagos
2010-01-29,32.9,26.9,29.0,0.4,18.1,19.26,79,1007.6,57,24.8,Lagos
2010-01-30,33.1,27.0,29.2,0.1,16.1,20.67,78,1008.2,83,24.7,Lagos
2010-01-31,33.1,26.6,29.1,0.0,17.7,20.09,76,1008.6,28,24.1,Lagos
2010-02-01,33.3,26.9,29.2,0.0,18.4,20.51,74,1009.3,30,24.0,Lagos
2010-02-02,32.4,27.0,29.0,0.8,19.5,19.53,78,1009.5,71,24.7,Lagos
2010-02-03,32.3,27.3,29.1,0.4,19.2,19.83,77,1009.6,33,24.4,Lagos
2010-02-04,31.9,27.1,29.0,0.4,17.5,19.15,77,1009.6,37,24.5,Lagos
2010-02-05,31.1,27.0,28.5,1.2,16.6,18.5,82,1009.2,31,25.0,Lagos
2010-02-06,33.6,26.0,28.9,0.0,14.8,22.45,75,1007.4,27,23.4,Lagos
2010-02-07,32.9,25.9,28.6,0.0,17.2,21.39,77,1007.2,14,23.6,Lagos
2010-02-08,32.2,26.2,28.7,0.0,18.9,20.04,77,1007.4,33,23.9,Lagos
2010-02-09,31.8,26.4,28.7,0.1,16.6,15.84,77,1007.6,73,24.1,Lagos
2010-02-10,32.5,27.2,29.0,0.6,16.2,18.8,76,1008.0,34,24.2,Lagos
2010-02-11,31.7,26.3,28.5,1.0,15.5,19.24,78,1007.6,46,24.2,Lagos
2010-02-12,30.0,26.5,28.1,0.9,15.7,16.25,80,1007.8,50,24.2,Lagos
2010-02-13,32.9,26.6,28.8,0.7,19.6,19.89,77,1008.6,76,24.3,Lagos
2010-02-14,29.7,26.0,27.5,0.0,16.9,9.19,82,1008.4,92,24.1,Lagos
2010-02-15,31.9,27.0,28.8,0.0,16.8,17.93,75,1009.0,83,23.9,Lagos
2010-02-16,32.8,26.9,29.2,0.0,16.9,21.03,74,1009.0,87,23.8,Lagos
2010-02-17,32.9,27.3,29.5,0.0,16.0,20.71,74,1009.0,92,24.1,Lagos
2010-02-18,32.7,27.6,29.2,0.8,18.9,18.16,77,1010.1,94,24.7,Lagos
2010-02-19,32.5,27.5,29.4,0.9,19.7,19.5,78,1009.8,65,24.9,Lagos
2010-02-20,32.6,27.8,29.5,0.4,19.1,19.16,77,1009.1,74,24.8,Lagos
2010-02-21,32.7,27.6,29.4,1.3,19.0,18.93,78,1007.8,44,25.1,Lagos
2010-02-22,32.2,27.7,29.3,1.4,18.1,19.21,79,1007.7,40,25.2,Lagos
2010-02-23,32.4,27.5,29.3,0.4,19.5,19.05,78,1008.3,29,24.9,Lagos
2010-02-24,33.3,27.5,29.6,0.3,21.4,20.87,77,1007.7,35,25.0,Lagos
2010-02-25,32.5,27.8,29.5,1.2,19.5,19.52,79,1007.5,59,25.4,Lagos
2010-02-26,31.8,27.3,29.0,1.3,19.8,20.52,81,1007.8,40,25.3,Lagos
2010-02-27,31.7,27.4,29.0,1.2,19.5,19.31,80,1008.4,32,25.1,Lagos
2010-02-28,31.6,27.6,28.9,0.9,17.5,19.81,82,1009.2,51,25.4,Lagos
2010-03-01,31.4,27.4,28.9,1.1,14.8,18.3,81,1009.7,49,25.3,Lagos
2010-03-02,32.1,27.5,29.3,0.6,17.6,19.64,80,1009.9,54,25.3,Lagos
2010-03-03,32.1,27.3,29.3,1.1,19.8,19.68,80,1009.2,41,25.3,Lagos
2010-03-04,32.0,27.1,29.0,1.7,19.6,20.25,82,1008.8,68,25.4,Lagos
2010-03-05,31.9,26.8,28.9,1.7,17.7,19.79,82,1008.2,78,25.4,Lagos
2010-03-06,32.1,27.1,29.1,1.0,17.4,21.43,79,1008.2,35,24.9,Lagos
2010-03-07,31.9,27.2,29.1,0.8,18.3,19.94,78,1008.6,26,24.8,Lagos
2010-03-08,32.1,27.4,29.3,1.0,17.7,19.57,79,1008.4,39,25.1,Lagos
2010-03-09,30.6,27.2,28.3,6.8,17.6,15.99,83,1008.2,66,25.0,Lagos
2010-03-10,31.1,26.3,28.5,1.5,14.7,17.54,79,1008.4,74,24.4,Lagos
2010-03-11,31.6,27.3,28.8,6.2,16.4,18.62,78,1009.2,77,24.6,Lagos
2010-03-12,31.4,27.2,28.9,1.4,16.7,16.8,79,1009.1,93,24.7,Lagos
2010-03-13,31.8,27.4,29.0,1.7,19.4,19.56,78,1008.8,75,24.7,Lagos
2010-03-14,31.0,27.2,28.6,3.9,21.0,16.98,80,1008.4,73,24.8,Lagos
2010-03-15,32.1,27.7,29.1,3.7,20.0,19.21,79,1008.4,73,25.0,Lagos
2010-03-16,30.7,26.0,28.3,0.1,19.3,14.72,80,1009.9,96,24.5,Lagos
2010-03-17,31.7,26.2,28.7,0.7,13.3,19.85,79,1009.4,94,24.6,Lagos
2010-03-18,32.1,26.3,29.2,0.6,14.8,19.24,78,1009.6,73,24.8,Lagos
2010-03-19,32.3,27.5,29.1,3.4,11.6,21.01,80,1009.8,52,25.2,Lagos
2010-03-20,31.1,26.4,28.3,2.7,16.3,19.8,82,1009.9,72,24.7,Lagos
2010-03-21,32.3,26.5,28.9,0.3,15.4,19.16,79,1009.5,72,24.6,Lagos
2010-03-22,33.9,26.6,29.6,0.0,16.9,24.89,74,1007.9,42,24.2,Lagos
2010-03-23,34.3,26.9,29.7,0.0,18.5,24.44,74,1006.1,59,24.3,Lagos
2010-03-24,33.4,27.3,29.5,0.5,18.7,21.79,75,1005.8,77,24.2,Lagos
2010-03-25,33.0,27.1,29.3,1.0,16.7,22.33,76,1007.3,48,24.5,Lagos
2010-03-26,32.8,27.2,29.4,0.7,15.6,21.02,79,1009.0,63,25.2,Lagos
2010-03-27,32.2,27.4,29.1,1.4,17.4,20.91,82,1008.8,88,25.6,Lagos
2010-03-28,32.7,27.4,29.2,0.8,18.2,21.95,80,1009.1,56,25.2,Lagos
2010-03-29,32.3,27.4,29.1,0.9,16.9,21.19,81,1008.6,60,25.3,Lagos
2010-03-30,30.6,27.5,28.8,1.4,16.1,19.27,82,1008.8,60,25.3,Lagos
2010-03-31,32.2,27.1,29.1,1.6,18.2,21.82,80,1007.9,27,25.2,Lagos
2010-04-01,31.8,27.6,29.0,2.6,19.0,20.02,82,1007.2,37,25.5,Lagos
2010-04-02,31.8,27.5,29.0,1.2,18.3,19.84,82,1006.4,51,25.6,Lagos
2010-04-03,31.9,27.6,29.1,0.8,17.6,21.98,81,1007.0,34,25.4,Lagos
2010-04-04,32.0,27.4,29.3,0.6,20.3,20.41,80,1007.0,65,25.3,Lagos
2010-04-05,32.3,27.6,29.3,2.7,17.6,20.04,80,1007.7,43,25.3,Lagos
2010-04-06,31.8,27.2,29.0,3.3,17.9,20.59,81,1007.3,60,25.2,Lagos
2010-04-07,31.9,27.2,29.3,1.3,17.8,22.28,78,1006.9,48,25.0,Lagos
2010-04-08,32.3,27.7,29.5,1.0,16.7,20.2,77,1006.9,29,24.9,Lagos
2010-04-09,32.8,27.9,29.8,1.8,17.1,21.65,74,1008.0,34,24.6,Lagos
2010-04-10,31.3,27.1,28.9,0.5,14.7,14.22,79,1008.4,88,24.7,Lagos
2010-04-11,31.7,27.1,29.0,1.1,17.8,19.32,78,1006.4,78,24.6,Lagos
2010-04-12,32.7,27.5,29.6,0.0,17.6,21.37,75,1006.8,37,24.5,Lagos
2010-04-13,31.7,27.1,28.9,4.3,17.7,19.63,82,1007.6,76,25.4,Lagos
2010-04-14,30.7,27.0,28.6,4.9,16.0,18.32,84,1007.8,96,25.7,Lagos
2010-04-15,31.7,27.2,28.9,0.4,19.6,20.6,82,1008.2,93,25.3,Lagos
2010-04-16,31.0,26.7,28.6,3.0,19.4,19.05,82,1008.9,83,25.0,Lagos
2010-04-17,32.0,25.9,28.6,0.6,17.4,18.79,81,1008.9,91,24.8,Lagos
2010-04-18,32.4,27.4,29.5,0.0,15.6,20.93,76,1008.3,65,24.7,Lagos
2010-04-19,32.6,28.0,29.3,4.1,19.7,20.13,78,1008.5,50,24.9,Lagos
2010-04-20,30.7,26.3,28.1,6.6,18.7,16.23,83,1008.4,99,24.9,Lagos
2010-04-21,30.5,26.8,28.2,7.8,19.6,18.37,83,1009.0,88,25.0,Lagos
2010-04-22,30.7,26.7,28.0,9.5,16.4,16.71,85,1009.8,97,25.2,Lagos
2010-04-23,29.9,26.1,27.8,7.7,14.3,15.85,86,1009.7,82,25.2,Lagos
2010-04-24,30.2,26.1,27.7,1.4,13.2,17.84,85,1010.2,79,24.9,Lagos
2010-04-25,30.2,26.1,27.8,5.0,13.9,17.6,85,1008.9,92,25.0,Lagos
2010-04-26,29.6,25.7,27.3,14.6,14.8,12.66,88,1008.0,94,25.0,Lagos
2010-04-27,29.8,26.5,27.6,6.9,12.6,14.1,87,1008.6,97,25.3,Lagos
2010-04-28,28.5,25.6,27.3,5.1,12.0,14.17,85,1009.6,98,24.4,Lagos
2010-04-29,30.7,26.4,28.0,8.1,16.6,18.72,84,1009.0,91,24.9,Lagos
2010-04-30,30.4,26.6,28.0,7.0,17.6,17.63,84,1008.9,99,25.0,Lagos
2010-05-01,28.9,26.6,27.7,5.0,13.4,13.46,86,1009.0,91,25.1,Lagos
2010-05-02,29.5,25.2,27.3,18.0,13.6,12.64,87,1010.0,99,25.0,Lagos
2010-05-03,29.7,25.6,27.3,7.3,15.1,15.38,88,1009.5,94,25.1,Lagos
2010-05-04,30.7,26.2,28.1,1.6,18.2,18.2,83,1008.3,99,25.0,Lagos
2010-05-05,29.1,25.9,27.2,8.7,16.2,15.35,86,1008.6,99,24.6,Lagos
2010-05-06,30.0,26.3,27.8,3.1,14.0,17.17,84,1008.9,98,24.7,Lagos
2010-05-07,28.4,25.2,27.0,3.8,10.2,7.83,87,1009.2,100,24.7,Lagos
2010-05-08,30.5,25.9,27.7,4.1,12.3,16.47,86,1008.7,91,25.0,Lagos
2010-05-09,29.5,26.7,27.7,3.6,13.7,12.62,85,1009.8,99,24.8,Lagos
2010-05-10,30.2,26.2,28.2,1.0,16.5,18.94,83,1009.2,48,25.0,Lagos
2010-05-11,30.3,25.9,28.2,1.5,14.5,19.74,83,1008.6,25,25.1,Lagos
2010-05-12,30.4,26.7,28.4,2.3,16.7,19.67,85,1009.0,47,25.4,Lagos
2010-05-13,29.5,25.5,27.4,15.0,18.8,13.76,87,1009.8,99,24.9,Lagos
2010-05-14,30.1,26.3,28.0,2.7,16.7,18.73,84,1010.4,58,25.0,Lagos
2010-05-15,30.0,26.1,27.8,3.1,14.2,19.04,85,1009.9,58,25.0,Lagos
2010-05-16,29.7,25.6,27.7,1.6,15.8,19.67,86,1010.1,62,25.1,Lagos
2010-05-17,29.5,26.2,27.2,8.8,14.9,14.8,88,1009.7,88,25.0,Lagos
2010-05-18,29.6,26.5,27.6,1.8,17.4,18.85,85,1009.1,53,24.8,Lagos
2010-05-19,29.0,25.7,26.9,4.4,15.4,17.44,88,1008.5,58,24.7,Lagos
2010-05-20,28.6,25.2,26.9,8.0,14.3,17.37,88,1008.8,90,24.8,Lagos
2010-05-21,28.6,25.4,26.7,9.4,10.3,13.9,88,1010.2,99,24.6,Lagos
2010-05-22,29.7,24.8,27.2,7.7,13.8,18.13,87,1009.6,97,24.8,Lagos
2010-05-23,29.3,25.5,27.3,4.7,14.0,17.37,86,1009.5,84,24.8,Lagos
2010-05-24,28.3,25.8,27.0,8.1,12.2,12.39,87,1009.2,92,24.6,Lagos
2010-05-25,28.5,25.8,27.3,7.0,11.1,13.36,86,1008.9,90,24.7,Lagos
2010-05-26,28.4,25.6,27.1,12.6,16.9,12.69,87,1009.0,96,24.6,Lagos
2010-05-27,29.0,25.4,27.4,2.3,16.4,15.1,86,1009.9,96,24.9,Lagos
2010-05-28,28.4,25.6,26.9,17.3,10.2,14.67,89,1010.5,98,24.9,Lagos
2010-05-29,29.6,25.2,27.6,0.2,8.4,15.35,84,1010.2,78,24.7,Lagos
2010-05-30,28.0,25.3,26.4,12.5,14.6,10.44,89,1010.2,98,24.5,Lagos
2010-05-31,29.0,25.4,26.7,14.7,21.0,15.12,88,1011.4,100,24.4,Lagos
2010-06-01,28.6,24.8,26.4,8.7,17.1,10.03,87,1012.2,97,24.0,Lagos
2010-06-02,27.5,25.0,26.1,15.3,14.7,12.6,88,1012.7,93,23.9,Lagos
2010-06-03,28.1,24.5,26.0,11.2,12.8,14.63,89,1012.6,87,23.9,Lagos
2010-06-04,26.7,24.5,25.4,22.1,16.0,9.84,90,1013.2,96,23.7,Lagos
2010-06-05,28.5,24.5,26.1,5.7,12.5,15.49,87,1013.8,72,23.8,Lagos
2010-06-06,28.9,24.4,26.6,4.3,13.0,17.56,87,1013.0,96,24.4,Lagos
2010-06-07,29.2,24.9,26.7,2.0,10.7,18.4,86,1011.8,74,24.2,Lagos
2010-06-08,28.6,25.2,26.3,9.3,14.7,16.61,89,1011.7,87,24.4,Lagos
2010-06-09,27.1,24.5,25.7,18.1,11.9,8.41,88,1012.2,100,23.6,Lagos
2010-06-10,28.3,24.1,26.1,7.8,11.3,15.23,88,1012.8,96,23.9,Lagos
2010-06-11,29.1,24.7,27.0,1.5,14.4,16.92,83,1012.6,92,23.8,Lagos
2010-06-12,29.0,25.4,26.8,8.4,13.0,14.55,85,1011.7,96,24.1,Lagos
2010-06-13,26.8,25.3,26.1,8.3,15.6,8.44,89,1011.1,82,24.2,Lagos
2010-06-14,27.8,24.9,26.0,4.6,12.8,16.27,88,1012.0,75,23.8,Lagos
2010-06-15,26.9,24.7,25.6,12.2,13.2,10.73,90,1012.8,95,23.9,Lagos
2010-06-16,27.5,24.3,25.5,13.5,14.9,10.46,88,1012.3,96,23.4,Lagos
2010-06-17,28.1,24.4,26.1,1.6,16.3,18.78,87,1012.0,48,23.7,Lagos
2010-06-18,27.7,24.6,26.1,4.3,13.2,16.56,87,1011.4,75,23.8,Lagos
2010-06-19,28.5,24.9,26.4,4.6,14.4,18.8,87,1010.2,76,23.9,Lagos
2010-06-20,28.2,24.5,26.0,5.1,13.1,16.3,89,1010.2,84,24.0,Lagos
2010-06-21,27.7,25.3,26.2,6.4,9.8,11.49,87,1010.6,99,23.8,Lagos
2010-06-22,28.9,24.9,26.6,3.2,14.3,17.61,87,1010.1,82,24.2,Lagos
2010-06-23,28.2,24.9,26.2,12.5,14.2,11.55,89,1009.6,91,24.3,Lagos
2010-06-24,28.0,24.5,26.2,9.2,15.8,16.32,87,1010.7,87,23.7,Lagos
2010-06-25,27.0,24.4,25.5,24.7,20.1,9.5,89,1011.0,95,23.6,Lagos
2010-06-26,25.8,24.0,25.1,11.0,18.1,5.01,90,1011.6,100,23.2,Lagos
2010-06-27,27.5,24.4,25.8,1.2,14.4,12.0,86,1012.2,96,23.3,Lagos
2010-06-28,27.6,24.6,25.9,2.1,14.8,15.55,85,1011.8,78,23.3,Lagos
2010-06-29,27.8,25.2,26.0,1.8,15.2,12.32,86,1011.4,65,23.4,Lagos
2010-06-30,28.0,25.1,26.3,0.6,14.5,19.8,86,1010.7,57,23.8,Lagos
2010-07-01,27.8,24.9,25.8,5.2,16.2,12.11,87,1011.3,97,23.5,Lagos
2010-07-02,28.1,23.8,25.5,12.2,16.1,13.85,86,1011.8,99,23.0,Lagos
2010-07-03,27.8,25.1,26.0,2.0,14.8,12.98,85,1011.5,78,23.3,Lagos
2010-07-04,28.4,24.7,26.1,2.2,17.7,18.09,85,1011.7,78,23.4,Lagos
2010-07-05,27.9,24.9,25.8,4.9,18.3,16.45,87,1011.3,78,23.5,Lagos
2010-07-06,26.8,23.9,25.1,10.8,18.5,15.33,90,1010.7,81,23.2,Lagos
2010-07-07,26.9,23.8,25.1,6.0,13.4,15.46,88,1011.5,93,23.0,Lagos
2010-07-08,27.2,23.4,25.4,1.7,16.9,14.93,89,1011.7,83,23.3,Lagos
2010-07-09,27.2,24.1,25.3,11.6,16.8,14.48,89,1011.2,98,23.3,Lagos
2010-07-10,25.4,23.7,24.2,23.7,18.3,5.2,93,1011.4,99,22.9,Lagos
2010-07-11,26.8,23.8,25.1,2.5,13.2,13.35,86,1011.9,98,22.6,Lagos
2010-07-12,28.2,24.0,25.8,2.2,15.1,18.08,85,1011.4,84,23.0,Lagos
2010-07-13,26.8,24.5,25.5,6.8,15.3,12.9,87,1010.9,95,23.1,Lagos
2010-07-14,26.7,24.4,25.3,9.4,16.6,12.87,87,1010.9,86,23.1,Lagos
2010-07-15,27.3,24.2,25.2,14.2,19.4,12.81,89,1011.0,100,23.2,Lagos
2010-07-16,25.3,23.8,24.3,41.6,17.6,7.18,92,1011.0,95,22.8,Lagos
2010-07-17,27.5,23.6,25.3,2.7,15.5,16.74,84,1012.6,76,22.4,Lagos
2010-07-18,28.3,24.4,26.0,0.6,14.5,17.94,82,1013.4,67,22.6,Lagos
2010-07-19,26.8,24.4,25.5,0.0,20.6,13.03,84,1013.0,94,22.6,Lagos
2010-07-20,26.4,24.6,25.4,0.0,22.2,9.3,82,1013.2,98,22.1,Lagos
2010-07-21,26.9,24.0,25.1,0.6,19.7,14.94,82,1014.4,92,21.7,Lagos
2010-07-22,27.3,23.8,25.3,0.4,22.2,15.04,82,1013.1,77,21.9,Lagos
2010-07-23,27.0,24.3,25.1,2.0,25.2,16.57,81,1013.4,93,21.6,Lagos
2010-07-24,26.5,23.7,24.9,0.2,19.1,13.95,82,1013.9,95,21.5,Lagos
2010-07-25,27.6,24.0,25.3,0.0,18.1,16.0,79,1012.1,93,21.3,Lagos
2010-07-26,27.0,24.4,25.2,0.4,22.1,12.14,83,1011.1,81,22.2,Lagos
2010-07-27,26.1,24.3,24.8,8.5,19.1,11.82,87,1012.8,93,22.4,Lagos
2010-07-28,26.4,23.4,24.7,1.5,14.0,14.91,88,1013.9,79,22.6,Lagos
2010-07-29,27.4,23.5,25.2,0.5,19.0,18.95,84,1012.5,83,22.3,Lagos
2010-07-30,26.0,24.0,24.7,7.3,24.4,11.0,86,1010.3,92,22.3,Lagos
2010-07-31,27.3,23.8,25.1,0.5,17.6,19.76,82,1010.5,62,21.7,Lagos
2010-08-01,27.9,23.4,25.0,0.1,18.8,21.25,83,1011.4,85,21.9,Lagos
2010-08-02,27.0,23.4,25.1,0.0,17.1,18.25,82,1011.6,71,21.8,Lagos
2010-08-03,26.7,23.9,25.1,0.3,17.3,15.03,84,1011.6,81,22.2,Lagos
2010-08-04,27.4,23.5,25.1,1.3,18.7,18.3,85,1011.4,83,22.4,Lagos
2010-08-05,27.9,24.0,25.6,0.9,17.7,18.04,83,1011.0,88,22.5,Lagos
2010-08-06,26.5,24.6,25.4,0.3,18.4,9.18,85,1011.1,94,22.7,Lagos
2010-08-07,27.2,24.3,25.0,7.1,18.7,10.98,88,1012.4,99,22.9,Lagos
2010-08-08,25.8,24.3,24.8,8.7,19.3,9.05,89,1012.9,98,22.8,Lagos
2010-08-09,25.9,23.9,24.7,6.4,14.5,8.18,90,1012.9,99,23.0,Lagos
2010-08-10,26.4,24.0,24.9,8.1,16.0,12.18,91,1011.6,87,23.2,Lagos
2010-08-11,26.4,24.0,24.7,7.2,22.6,13.24,90,1011.8,89,22.9,Lagos
2010-08-12,26.2,23.3,24.4,11.3,19.2,10.5,90,1013.0,95,22.6,Lagos
2010-08-13,26.0,23.3,24.3,10.9,20.1,10.18,90,1012.5,99,22.6,Lagos
2010-08-14,26.6,23.5,24.7,4.1,16.5,15.51,89,1012.3,90,22.8,Lagos
2010-08-15,27.5,23.7,25.4,0.5,9.4,15.48,87,1012.2,75,23.0,Lagos
2010-08-16,27.3,24.4,25.6,4.4,15.1,16.52,88,1011.7,81,23.4,Lagos
2010-08-17,27.8,24.2,25.3,8.0,19.1,15.21,88,1012.0,95,23.1,Lagos
2010-08-18,27.7,23.6,25.3,2.1,17.9,18.96,87,1011.7,72,22.9,Lagos
2010-08-19,27.5,23.9,25.4,0.2,18.2,17.45,85,1011.5,90,22.6,Lagos
2010-08-20,26.3,24.1,24.9,8.5,19.2,10.91,88,1011.9,99,22.9,Lagos
2010-08-21,26.1,23.8,24.8,4.6,17.7,13.92,88,1012.8,73,22.6,Lagos
2010-08-22,27.0,23.7,25.1,1.6,19.5,16.37,86,1013.2,79,22.6,Lagos
2010-08-23,27.3,24.0,25.0,3.2,18.4,13.15,87,1012.2,92,22.6,Lagos
2010-08-24,27.5,23.9,25.1,13.3,16.4,11.88,88,1012.2,98,22.9,Lagos
2010-08-25,27.0,23.9,25.0,3.7,15.0,14.1,88,1012.7,95,22.9,Lagos
2010-08-26,27.6,23.7,25.3,11.9,16.6,19.32,86,1012.5,69,22.7,Lagos
2010-08-27,25.7,23.8,24.6,20.3,17.6,9.29,89,1010.8,96,22.7,Lagos
2010-08-28,26.8,23.2,24.7,8.1,18.5,11.12,88,1010.5,89,22.6,Lagos
2010-08-29,27.0,24.0,25.0,3.0,19.6,14.76,87,1010.5,87,22.7,Lagos
2010-08-30,27.2,24.1,25.2,4.7,19.9,15.63,87,1011.2,93,22.8,Lagos
2010-08-31,26.1,24.0,24.9,4.9,19.2,11.03,88,1010.5,93,22.7,Lagos
2010-09-01,26.9,23.7,25.1,2.6,16.9,17.66,87,1011.1,77,22.8,Lagos
2010-09-02,27.3,23.7,25.4,1.3,16.6,20.2,86,1011.7,80,22.8,Lagos
2010-09-03,27.4,24.2,25.0,15.7,17.7,10.51,89,1011.2,99,23.1,Lagos
2010-09-04,26.4,23.7,24.9,7.6,16.5,11.98,89,1010.5,94,23.1,Lagos
2010-09-05,26.1,23.7,24.8,7.1,16.5,11.8,90,1011.4,91,23.1,Lagos
2010-09-06,26.4,23.8,24.8,51.0,17.7,8.18,90,1012.8,92,23.1,Lagos
2010-09-07,27.0,23.8,25.0,9.2,16.1,13.45,89,1012.2,93,23.0,Lagos
2010-09-08,26.9,23.3,24.8,19.3,17.1,14.18,90,1012.2,90,22.9,Lagos
2010-09-09,27.3,24.0,25.2,2.8,17.6,16.92,87,1012.7,88,22.9,Lagos
2010-09-10,26.6,23.7,25.0,10.8,15.3,13.44,87,1012.2,91,22.7,Lagos
2010-09-11,26.3,23.4,24.7,11.4,13.8,12.64,89,1011.1,90,22.7,Lagos
2010-09-12,27.1,23.5,25.2,3.0,15.4,19.54,87,1010.9,65,22.9,Lagos
2010-09-13,27.6,23.7,25.5,1.9,16.8,19.24,86,1011.0,72,22.9,Lagos
2010-09-14,26.3,24.1,25.0,12.4,14.3,10.0,89,1010.8,99,23.1,Lagos
2010-09-15,27.0,23.4,25.0,7.8,16.3,15.89,88,1011.1,83,22.8,Lagos
2010-09-16,27.9,23.5,25.6,0.3,14.6,22.53,87,1010.7,73,23.2,Lagos
2010-09-17,27.0,24.4,25.5,3.4,15.6,15.19,87,1010.7,97,23.1,Lagos
2010-09-18,26.2,23.8,24.9,15.1,13.8,11.96,88,1011.7,98,22.9,Lagos
2010-09-19,28.2,23.3,25.5,4.7,14.2,18.74,87,1011.1,90,23.1,Lagos
2010-09-20,27.8,23.7,25.3,10.1,17.4,14.84,88,1009.8,89,23.1,Lagos
2010-09-21,26.9,23.9,25.3,6.1,14.3,17.03,88,1009.5,77,23.2,Lagos
2010-09-22,28.0,23.9,25.7,6.2,15.9,17.13,87,1009.7,79,23.2,Lagos
2010-09-23,27.3,23.6,24.9,23.7,17.3,12.89,89,1010.5,100,22.9,Lagos
2010-09-24,24.9,23.8,24.3,24.2,14.8,5.28,92,1011.1,99,23.0,Lagos
2010-09-25,27.7,23.8,25.5,2.2,15.3,18.52,87,1011.3,81,23.1,Lagos
2010-09-26,28.1,24.0,25.9,2.2,15.7,19.35,86,1010.4,63,23.3,Lagos
2010-09-27,25.8,24.3,24.8,35.0,16.5,7.24,90,1009.7,93,23.0,Lagos
2010-09-28,26.4,23.5,25.0,8.9,10.9,11.63,90,1009.8,95,23.2,Lagos
2010-09-29,28.7,23.4,25.8,0.0,12.8,18.16,87,1009.1,58,23.4,Lagos
2010-09-30,28.4,24.8,26.3,2.9,14.5,18.8,87,1009.2,87,23.9,Lagos
2010-10-01,28.5,25.2,26.3,1.4,13.9,18.57,87,1008.3,94,23.8,Lagos
2010-10-02,28.3,24.4,26.1,1.3,14.8,20.03,87,1008.9,65,23.8,Lagos
2010-10-03,29.1,24.6,26.3,4.8,15.3,19.77,87,1009.1,84,23.9,Lagos
2010-10-04,27.2,24.5,25.4,15.9,12.7,13.35,89,1010.1,99,23.5,Lagos
2010-10-05,27.9,23.9,25.5,7.3,13.2,13.86,89,1011.0,100,23.5,Lagos
2010-10-06,27.2,24.2,25.5,6.3,12.4,12.23,89,1011.3,96,23.6,Lagos
2010-10-07,26.0,23.8,25.0,11.2,14.9,7.55,90,1012.3,91,23.1,Lagos
2010-10-08,28.6,24.0,26.2,1.8,14.6,18.95,86,1012.4,71,23.6,Lagos
2010-10-09,28.5,24.7,26.4,1.5,15.5,18.66,87,1011.9,77,23.9,Lagos
2010-10-10,28.2,24.9,26.1,7.7,13.1,14.94,90,1010.4,85,24.3,Lagos
2010-10-11,26.5,24.5,25.3,16.4,11.7,12.37,90,1010.1,87,23.5,Lagos
2010-10-12,27.3,23.8,25.4,8.7,10.9,14.85,89,1010.8,84,23.5,Lagos
2010-10-13,28.4,24.0,25.9,6.5,13.4,16.88,88,1011.1,76,23.7,Lagos
2010-10-14,27.7,24.4,25.8,7.2,13.2,13.47,89,1011.4,93,23.7,Lagos
2010-10-15,28.6,24.5,26.3,0.6,16.3,18.55,87,1010.3,56,23.8,Lagos
2010-10-16,28.9,24.7,26.6,0.1,16.1,20.84,86,1009.5,30,24.1,Lagos
2010-10-17,28.1,24.9,26.5,4.0,14.5,17.39,86,1009.1,62,24.0,Lagos
2010-10-18,28.7,24.8,26.2,7.4,13.9,15.9,87,1009.3,95,23.9,Lagos
2010-10-19,28.1,24.4,26.2,5.9,12.5,17.27,87,1009.5,94,23.8,Lagos
2010-10-20,28.7,24.2,26.2,9.2,15.3,17.58,86,1010.0,81,23.5,Lagos
2010-10-21,27.9,24.1,25.6,4.6,16.0,12.15,88,1010.5,97,23.3,Lagos
2010-10-22,27.9,24.4,26.0,1.1,11.9,11.95,85,1009.8,96,23.3,Lagos
2010-10-23,28.5,24.2,26.1,1.8,13.8,18.26,85,1009.1,55,23.2,Lagos
2010-10-24,28.5,24.6,25.9,3.2,14.6,15.77,85,1008.8,78,23.2,Lagos
2010-10-25,27.0,23.5,25.1,8.8,10.0,12.08,89,1009.3,94,23.1,Lagos
2010-10-26,28.4,23.5,25.7,1.1,13.9,17.43,88,1009.5,86,23.6,Lagos
2010-10-27,28.4,24.4,26.1,3.8,11.4,16.14,86,1009.4,81,23.6,Lagos
2010-10-28,28.3,23.9,26.1,1.8,10.8,18.43,87,1009.5,76,23.8,Lagos
2010-10-29,27.8,24.5,25.8,6.9,7.4,12.37,88,1009.0,92,23.7,Lagos
2010-10-30,29.0,24.2,26.3,4.8,10.0,16.97,87,1009.2,86,23.9,Lagos
2010-10-31,28.5,24.5,26.2,9.4,10.4,15.0,88,1010.4,83,24.0,Lagos
2010-11-01,28.1,24.0,26.1,6.4,12.1,15.1,88,1009.8,88,23.9,Lagos
2010-11-02,28.9,24.2,26.2,4.7,7.2,14.32,89,1009.0,98,24.1,Lagos
2010-11-03,29.5,24.2,26.5,1.9,11.3,18.89,88,1007.6,65,24.2,Lagos
2010-11-04,29.3,25.9,26.8,7.2,12.5,17.52,87,1008.6,66,24.5,Lagos
2010-11-05,28.8,24.4,26.6,3.3,12.0,17.38,87,1009.4,63,24.2,Lagos
2010-11-06,28.9,25.4,26.7,0.6,12.8,12.46,86,1009.9,80,24.2,Lagos
2010-11-07,29.1,25.3,26.8,1.3,12.7,18.07,83,1009.8,97,23.6,Lagos
2010-11-08,29.8,25.2,27.2,1.2,10.5,19.98,83,1009.0,62,24.0,Lagos
2010-11-09,29.3,25.3,27.2,0.2,12.4,18.49,85,1007.6,40,24.5,Lagos
2010-11-10,28.5,25.7,26.9,1.3,16.2,16.13,86,1009.0,58,24.4,Lagos
2010-11-11,29.7,25.4,26.7,9.8,11.2,16.86,89,1010.3,95,24.7,Lagos
2010-11-12,30.0,25.5,27.3,2.6,17.3,16.64,88,1008.4,95,25.1,Lagos
2010-11-13,28.5,25.5,26.6,2.0,19.0,17.52,88,1006.9,69,24.5,Lagos
2010-11-14,27.2,24.5,25.9,0.9,12.7,15.01,90,1008.5,59,24.0,Lagos
2010-11-15,29.9,24.4,27.0,0.2,12.5,19.43,83,1010.0,41,23.8,Lagos
2010-11-16,30.4,25.0,27.3,2.3,16.4,19.21,83,1010.2,78,24.2,Lagos
2010-11-17,30.0,25.8,27.4,2.6,18.7,17.29,82,1008.8,87,24.1,Lagos
2010-11-18,28.7,25.7,27.0,1.4,16.3,17.6,84,1008.4,71,24.0,Lagos
2010-11-19,28.5,25.2,26.9,0.6,11.0,16.01,85,1008.6,47,24.1,Lagos
2010-11-20,30.0,25.2,27.0,7.4,11.9,17.56,84,1008.6,46,24.1,Lagos
2010-11-21,29.2,25.5,26.8,7.1,12.3,15.13,85,1007.6,74,24.0,Lagos
2010-11-22,29.4,24.9,27.1,1.5,12.3,17.95,84,1007.0,64,24.2,Lagos
2010-11-23,29.2,25.3,27.2,0.4,10.6,17.31,82,1007.1,29,23.9,Lagos
2010-11-24,29.8,25.2,27.4,0.7,10.8,18.46,83,1007.2,49,24.3,Lagos
2010-11-25,30.1,25.7,27.7,2.2,15.1,17.79,84,1007.1,60,24.8,Lagos
2010-11-26,28.8,25.8,27.2,4.4,14.1,15.97,86,1007.7,83,24.6,Lagos
2010-11-27,28.7,25.4,27.1,1.7,15.4,16.06,85,1008.2,69,24.3,Lagos
2010-11-28,29.8,24.9,26.9,6.7,13.6,17.83,84,1009.4,74,24.0,Lagos
2010-11-29,29.5,25.4,27.5,0.4,13.4,16.96,83,1008.4,29,24.3,Lagos
2010-11-30,29.0,25.7,27.3,0.7,15.8,17.42,84,1008.2,26,24.3,Lagos
2010-12-01,29.6,25.1,27.1,1.1,13.8,17.7,85,1007.4,31,24.3,Lagos
2010-12-02,29.2,24.9,27.1,1.0,13.0,16.83,86,1007.2,31,24.5,Lagos
2010-12-03,29.9,25.2,27.4,2.2,11.3,17.94,84,1008.1,29,24.4,Lagos
2010-12-04,29.8,25.8,27.4,2.0,15.4,16.95,84,1008.1,31,24.4,Lagos
2010-12-05,29.7,25.9,27.4,1.0,14.8,16.35,85,1008.8,87,24.5,Lagos
2010-12-06,30.0,25.5,27.2,0.6,15.4,17.96,83,1008.9,55,24.0,Lagos
2010-12-07,29.0,24.8,26.8,0.5,14.5,17.12,86,1008.5,59,24.2,Lagos
2010-12-08,28.7,24.0,26.5,2.2,10.8,14.98,84,1009.0,46,23.5,Lagos
2010-12-09,30.4,23.9,27.0,0.0,12.4,19.97,81,1008.9,28,23.2,Lagos
2010-12-10,30.8,24.8,27.3,0.1,13.4,19.35,81,1008.8,16,23.4,Lagos
2010-12-11,31.2,23.9,27.3,0.0,13.2,21.26,79,1007.0,4,23.0,Lagos
2010-12-12,31.3,24.7,27.6,0.0,14.1,19.89,77,1005.8,8,22.9,Lagos
2010-12-13,30.1,24.3,27.4,0.7,12.6,18.37,80,1005.6,26,23.6,Lagos
2010-12-14,31.3,24.9,27.9,0.0,13.7,20.06,76,1006.9,10,23.2,Lagos
2010-12-15,32.7,25.1,28.5,0.0,16.1,20.52,76,1007.4,40,23.5,Lagos
2010-12-16,31.2,26.1,28.1,0.3,15.3,16.29,79,1006.7,25,24.1,Lagos
2010-12-17,31.7,25.1,28.1,0.1,17.1,18.73,79,1005.9,26,23.9,Lagos
2010-12-18,32.0,25.7,28.5,0.0,14.5,19.5,77,1006.3,44,23.8,Lagos
2010-12-19,31.5,25.5,28.1,0.6,15.9,18.34,79,1008.0,73,24.0,Lagos
2010-12-20,30.7,25.7,27.9,1.4,15.5,18.37,83,1008.8,89,24.6,Lagos
2010-12-21,30.6,26.1,28.0,0.8,17.4,18.16,82,1008.1,51,24.5,Lagos
2010-12-22,31.1,24.8,27.7,2.4,16.0,18.69,81,1008.3,77,24.1,Lagos
2010-12-23,30.6,25.0,27.2,1.9,13.5,17.86,83,1007.8,61,24.1,Lagos
2010-12-24,30.3,24.9,27.4,0.2,13.2,18.15,82,1007.5,71,23.9,Lagos
2010-12-25,30.8,25.0,27.6,0.6,14.4,18.37,81,1008.1,18,23.9,Lagos
2010-12-26,29.8,25.8,27.5,2.1,17.2,16.07,81,1008.4,51,23.9,Lagos
2010-12-27,30.1,25.7,27.5,0.8,15.9,17.34,81,1007.7,65,24.0,Lagos
2010-12-28,29.7,25.2,27.3,1.4,13.9,15.9,83,1006.8,42,24.1,Lagos
2010-12-29,29.2,24.7,26.9,4.8,10.9,15.38,85,1007.2,54,24.1,Lagos
2010-12-30,28.4,23.8,26.2,5.1,11.9,14.5,86,1007.8,54,23.5,Lagos
2010-12-31,30.0,23.0,26.2,0.0,10.9,21.83,69,1007.0,25,19.3,Lagos
2011-01-01,30.3,21.8,25.8,0.0,12.4,22.33,59,1006.3,36,16.4,Lagos
2011-01-02,30.7,21.3,26.3,0.0,13.0,21.76,71,1006.1,41,20.2,Lagos
2011-01-03,31.1,23.3,27.0,0.0,14.8,21.07,76,1006.0,55,22.2,Lagos
2011-01-04,31.4,24.4,27.5,0.0,15.2,19.69,78,1006.8,51,23.1,Lagos
2011-01-05,30.6,25.7,27.8,0.5,15.0,16.42,80,1007.2,74,23.8,Lagos
2011-01-06,30.0,26.0,27.5,0.5,18.8,15.94,83,1007.5,79,24.3,Lagos
2011-01-07,31.3,25.2,27.5,0.2,13.8,18.77,79,1008.5,96,23.3,Lagos
2011-01-08,31.9,24.3,27.5,0.0,11.9,21.92,68,1007.9,66,19.7,Lagos
2011-01-09,31.1,22.3,26.3,0.0,13.2,22.69,62,1007.7,27,17.2,Lagos
2011-01-10,31.1,22.1,26.6,0.0,12.4,21.97,74,1009.2,53,21.0,Lagos
2011-01-11,31.4,22.5,26.6,0.0,13.0,22.89,68,1008.7,23,19.3,Lagos
2011-01-12,31.7,20.8,26.0,0.0,15.7,22.89,68,1008.8,8,18.6,Lagos
2011-01-13,31.5,22.2,26.6,0.0,16.2,22.15,76,1008.0,46,21.7,Lagos
2011-01-14,30.6,23.1,27.0,0.4,15.6,17.65,79,1007.9,27,22.7,Lagos
2011-01-15,31.6,23.3,27.1,0.1,14.0,20.82,78,1008.3,12,22.6,Lagos
2011-01-16,31.9,23.1,27.0,0.0,12.6,23.28,57,1009.0,0,15.7,Lagos
2011-01-17,32.4,21.9,26.6,0.0,16.3,23.0,52,1008.7,4,14.2,Lagos
2011-01-18,31.4,21.8,26.2,0.0,13.3,23.09,58,1007.5,1,16.3,Lagos
2011-01-19,31.1,21.9,26.2,0.0,12.6,22.86,69,1006.7,15,19.6,Lagos
2011-01-20,31.0,22.1,26.4,0.0,13.5,22.8,71,1006.4,75,20.2,Lagos
2011-01-21,31.5,22.3,26.8,0.0,14.2,22.51,72,1006.1,100,20.9,Lagos
2011-01-22,31.3,22.7,26.8,0.0,16.1,21.55,76,1006.2,95,22.0,Lagos
2011-01-23,31.7,24.5,27.5,0.0,15.6,20.17,79,1005.8,80,23.2,Lagos
2011-01-24,30.9,25.3,27.8,0.0,16.3,19.97,78,1006.5,29,23.3,Lagos
2011-01-25,31.2,25.6,27.9,0.1,17.6,19.31,77,1007.5,56,23.3,Lagos
2011-01-26,30.1,25.9,27.5,3.8,18.9,17.77,82,1007.8,84,24.1,Lagos
2011-01-27,30.4,25.4,27.5,0.7,16.9,18.26,80,1008.1,93,23.7,Lagos
2011-01-28,31.1,25.3,27.9,0.3,18.2,19.19,80,1008.5,88,24.0,Lagos
2011-01-29,30.4,26.3,27.9,1.6,16.4,17.35,82,1009.1,40,24.5,Lagos
2011-01-30,30.0,25.9,27.7,2.4,17.8,18.53,83,1008.6,82,24.4,Lagos
2011-01-31,30.6,26.0,27.7,1.5,19.3,18.65,83,1008.4,94,24.4,Lagos
2011-02-01,30.5,25.9,27.8,0.6,21.5,19.45,81,1008.6,58,24.1,Lagos
2011-02-02,30.3,25.8,27.6,1.8,20.5,16.85,81,1009.1,81,24.1,Lagos
2011-02-03,30.7,26.4,27.8,1.0,15.0,17.5,80,1008.5,93,23.9,Lagos
2011-02-04,28.8,25.4,27.1,3.6,13.6,14.16,84,1008.3,100,24.1,Lagos
2011-02-05,31.3,25.0,27.6,1.7,15.8,19.75,76,1008.3,100,22.6,Lagos
2011-02-06,30.7,25.8,27.9,0.0,18.0,20.11,76,1008.8,69,23.1,Lagos
2011-02-07,31.0,25.8,27.8,1.4,14.7,18.45,79,1008.8,90,23.7,Lagos
2011-02-08,29.5,25.0,27.1,4.5,18.2,17.51,83,1007.5,70,24.0,Lagos
2011-02-09,30.7,25.3,27.6,2.6,17.0,18.42,82,1007.5,98,24.1,Lagos
2011-02-10,28.5,25.9,26.9,10.0,16.3,14.64,84,1008.4,97,23.9,Lagos
2011-02-11,30.2,25.4,27.3,2.8,18.1,18.11,82,1008.6,99,23.9,Lagos
2011-02-12,30.1,26.1,27.6,0.8,16.3,17.61,81,1008.8,95,24.0,Lagos
2011-02-13,29.7,26.3,27.4,1.8,18.5,17.62,83,1009.3,75,24.3,Lagos
2011-02-14,30.8,25.4,27.5,1.5,19.0,20.11,82,1009.1,68,24.0,Lagos
2011-02-15,30.2,25.6,27.6,0.5,16.2,17.84,82,1007.9,87,24.1,Lagos
2011-02-16,31.4,26.3,28.3,0.5,17.6,19.81,79,1006.8,43,24.2,Lagos
2011-02-17,29.4,26.6,27.7,5.5,17.1,17.38,83,1007.3,39,24.5,Lagos
2011-02-18,30.5,26.1,27.6,7.2,18.3,17.37,82,1007.6,54,24.2,Lagos
2011-02-19,30.5,25.0,27.3,0.9,18.3,17.59,83,1007.9,93,24.1,Lagos
2011-02-20,30.8,26.5,28.3,0.0,16.1,18.45,80,1008.4,97,24.4,Lagos
2011-02-21,30.9,26.6,28.0,2.9,17.3,18.57,82,1008.8,51,24.5,Lagos
2011-02-22,29.5,26.4,27.3,6.0,19.6,15.45,84,1008.2,98,24.2,Lagos
2011-02-23,29.0,24.2,26.3,15.1,17.2,12.67,85,1009.0,99,23.6,Lagos
2011-02-24,30.4,24.7,27.3,0.0,13.0,20.7,81,1008.5,58,23.7,Lagos
2011-02-25,30.4,25.8,27.7,2.7,11.5,18.68,80,1007.2,75,23.7,Lagos
2011-02-26,29.1,25.4,26.7,9.5,14.8,15.25,85,1006.3,82,24.0,Lagos
2011-02-27,30.0,23.8,26.4,17.3,14.9,18.02,86,1006.9,81,23.9,Lagos
2011-02-28,31.2,23.9,27.1,0.2,19.2,21.35,84,1006.8,68,24.1,Lagos
2011-03-01,29.8,26.2,27.6,2.5,19.9,18.36,84,1007.4,97,24.6,Lagos
2011-03-02,30.3,26.3,27.7,3.2,16.5,18.4,83,1007.8,93,24.5,Lagos
2011-03-03,30.4,26.3,27.8,0.7,15.8,20.28,82,1007.4,68,24.3,Lagos
2011-03-04,30.0,24.8,27.2,5.7,16.9,17.31,83,1008.4,95,23.9,Lagos
2011-03-05,30.2,26.5,27.8,1.7,14.8,18.25,83,1007.7,66,24.5,Lagos
2011-03-06,30.4,26.9,28.0,2.3,15.5,19.28,82,1007.0,70,24.6,Lagos
2011-03-07,30.6,26.4,28.0,1.1,18.1,18.94,82,1006.5,68,24.6,Lagos
2011-03-08,30.6,26.8,28.1,1.3,18.1,19.23,84,1006.2,79,25.0,Lagos
2011-03-09,30.3,26.7,28.0,1.4,16.4,20.06,83,1006.6,79,24.8,Lagos
2011-03-10,30.4,26.5,28.0,0.6,17.1,17.68,83,1007.4,94,24.7,Lagos
2011-03-11,30.5,26.6,27.9,1.2,17.2,19.56,83,1007.1,68,24.7,Lagos
2011-03-12,31.4,26.7,28.3,0.7,16.8,20.65,80,1006.5,46,24.5,Lagos
2011-03-13,30.8,26.6,28.1,2.7,17.8,20.01,82,1005.7,63,24.7,Lagos
2011-03-14,31.0,26.5,27.9,2.2,17.3,19.05,83,1007.4,78,24.7,Lagos
2011-03-15,30.7,26.3,27.9,1.8,16.2,19.83,83,1008.1,64,24.7,Lagos
2011-03-16,31.5,26.8,28.5,1.1,18.3,21.28,81,1007.6,61,24.7,Lagos
2011-03-17,29.5,26.7,27.7,2.3,19.2,17.59,83,1007.3,71,24.5,Lagos
2011-03-18,29.9,26.3,27.9,0.6,19.9,18.66,81,1008.0,92,24.3,Lagos
2011-03-19,31.2,26.6,28.1,1.4,20.7,19.78,81,1007.3,98,24.4,Lagos
2011-03-20,30.9,25.7,28.0,2.3,17.4,18.48,80,1007.4,96,24.1,Lagos
2011-03-21,31.0,26.4,28.1,0.8,17.1,20.49,80,1007.3,61,24.1,Lagos
2011-03-22,31.3,26.2,27.9,3.7,17.1,20.67,81,1008.0,84,24.3,Lagos
2011-03-23,30.7,26.2,27.9,0.9,15.1,19.58,82,1008.4,81,24.4,Lagos
2011-03-24,30.5,26.3,27.8,1.9,20.7,15.23,82,1008.0,99,24.3,Lagos
2011-03-25,29.8,26.3,27.5,8.3,21.4,14.61,83,1009.0,100,24.4,Lagos
2011-03-26,30.0,25.7,27.5,0.0,15.6,19.14,81,1008.4,62,23.9,Lagos
2011-03-27,30.7,26.2,28.0,0.3,15.8,19.68,80,1009.2,73,24.1,Lagos
2011-03-28,30.8,26.5,28.0,1.3,17.1,21.83,82,1009.1,74,24.6,Lagos
2011-03-29,31.0,26.6,28.3,0.9,17.4,20.72,80,1008.7,49,24.5,Lagos
2011-03-30,31.1,26.7,28.5,0.7,18.1,22.23,80,1008.7,55,24.7,Lagos
2011-03-31,31.5,27.0,28.7,1.1,16.1,21.3,78,1008.5,58,24.5,Lagos
2011-04-01,31.4,26.6,28.5,5.6,19.0,21.1,80,1008.3,32,24.5,Lagos
2011-04-02,30.1,26.5,27.9,5.1,18.5,19.79,83,1008.9,33,24.7,Lagos
2011-04-03,31.0,25.8,28.2,9.9,19.5,21.63,80,1007.9,59,24.4,Lagos
2011-04-04,29.6,24.3,26.4,20.6,13.2,15.65,87,1009.2,99,24.1,Lagos
2011-04-05,29.4,25.3,27.1,0.3,16.2,14.92,83,1009.2,71,23.9,Lagos
2011-04-06,30.6,25.6,28.0,0.1,18.8,22.58,79,1008.2,30,24.0,Lagos
2011-04-07,30.7,26.6,28.2,1.6,20.3,21.47,81,1007.4,34,24.5,Lagos
2011-04-08,30.8,26.7,28.3,1.1,17.4,21.61,81,1008.0,27,24.6,Lagos
2011-04-09,29.1,26.1,27.3,10.0,15.5,16.23,87,1009.2,69,25.0,Lagos
2011-04-10,29.9,26.0,27.7,0.8,14.9,18.07,85,1008.8,98,24.8,Lagos
2011-04-11,30.8,26.6,28.3,0.4,16.9,20.54,81,1007.1,89,24.5,Lagos
2011-04-12,30.7,26.6,28.1,0.2,16.3,19.88,81,1006.9,96,24.5,Lagos
2011-04-13,30.5,26.4,28.1,2.2,19.1,20.17,83,1007.5,84,24.9,Lagos
2011-04-14,30.3,26.6,28.1,2.7,19.8,18.74,83,1007.2,82,24.9,Lagos
2011-04-15,30.6,26.8,28.4,0.4,17.8,19.94,81,1005.8,91,24.7,Lagos
2011-04-16,30.6,26.9,28.2,3.4,16.8,18.79,83,1005.7,77,25.0,Lagos
2011-04-17,30.7,26.1,27.8,9.3,18.4,15.43,85,1006.5,89,25.1,Lagos
2011-04-18,27.6,25.8,26.6,11.7,19.9,9.11,89,1007.5,94,24.6,Lagos
2011-04-19,30.8,26.0,27.9,0.0,17.5,25.01,80,1006.7,91,24.0,Lagos
2011-04-20,30.1,26.9,27.9,3.6,21.9,17.76,81,1006.7,75,24.2,Lagos
2011-04-21,29.9,26.7,27.7,4.2,18.4,19.31,82,1007.4,97,24.4,Lagos
2011-04-22,30.3,26.4,27.9,2.0,15.6,18.14,82,1006.8,80,24.6,Lagos
2011-04-23,29.1,26.5,27.2,9.0,17.7,13.73,86,1006.7,89,24.7,Lagos
2011-04-24,29.1,24.9,27.1,6.7,16.0,15.86,85,1008.4,98,24.2,Lagos
2011-04-25,30.4,25.8,27.8,0.5,12.5,18.61,82,1008.4,99,24.4,Lagos
2011-04-26,29.8,25.8,27.7,2.9,15.6,18.72,83,1008.0,69,24.5,Lagos
2011-04-27,30.1,26.3,27.5,8.3,17.2,18.9,85,1008.3,44,24.6,Lagos
2011-04-28,29.9,25.6,27.4,6.8,21.6,16.97,84,1008.6,84,24.4,Lagos
2011-04-29,29.6,26.0,27.4,1.9,17.2,18.57,82,1008.2,97,24.1,Lagos
2011-04-30,29.3,25.6,27.0,4.5,11.8,13.23,84,1007.9,99,24.0,Lagos
2011-05-01,28.6,25.4,27.1,7.4,13.0,14.45,86,1008.5,95,24.5,Lagos
2011-05-02,29.5,26.2,27.1,6.8,12.3,15.15,88,1009.6,100,24.9,Lagos
2011-05-03,28.1,26.1,26.8,14.3,16.3,13.21,89,1010.3,100,24.8,Lagos
2011-05-04,29.9,26.2,27.8,0.8,15.2,17.04,84,1009.1,97,24.7,Lagos
2011-05-05,30.0,26.5,27.7,2.6,15.6,19.45,84,1008.7,79,24.8,Lagos
2011-05-06,29.7,26.5,27.8,4.8,14.8,18.66,87,1008.6,48,25.4,Lagos
2011-05-07,30.1,26.5,28.0,4.0,15.5,19.26,85,1008.1,32,25.2,Lagos
2011-05-08,29.7,26.8,27.6,6.1,14.5,15.25,86,1007.3,78,25.0,Lagos
2011-05-09,29.6,26.1,27.6,1.5,12.8,19.16,84,1007.7,96,24.6,Lagos
2011-05-10,28.3,24.7,26.5,14.9,14.0,9.53,87,1008.7,96,24.1,Lagos
2011-05-11,29.8,25.8,27.4,5.4,14.2,20.28,84,1008.5,74,24.4,Lagos
2011-05-12,29.5,26.0,27.0,7.4,12.4,14.73,86,1007.9,94,24.3,Lagos
2011-05-13,28.8,24.8,26.8,6.2,10.3,14.46,86,1008.2,81,24.2,Lagos
2011-05-14,29.6,25.1,27.2,12.8,10.2,14.39,86,1007.7,76,24.6,Lagos
2011-05-15,29.1,26.1,27.2,8.7,13.6,13.73,86,1007.6,96,24.7,Lagos
2011-05-16,29.2,25.9,27.4,0.9,15.0,19.17,86,1007.6,91,24.8,Lagos
2011-05-17,28.8,26.4,27.5,1.0,12.6,16.05,86,1008.6,94,24.9,Lagos
2011-05-18,29.7,26.1,27.3,7.7,14.0,13.94,86,1008.9,98,24.8,Lagos
2011-05-19,29.1,25.3,26.7,4.2,11.9,12.92,86,1009.5,84,24.2,Lagos
2011-05-20,29.4,25.6,27.1,7.3,16.6,16.12,85,1009.5,97,24.3,Lagos
2011-05-21,28.0,24.9,26.3,6.8,14.9,14.21,88,1009.6,97,24.1,Lagos
2011-05-22,28.2,24.8,26.3,9.7,18.0,16.85,87,1010.3,91,24.0,Lagos
2011-05-23,29.0,24.9,26.8,4.9,17.2,19.57,83,1011.0,78,23.8,Lagos
2011-05-24,28.3,24.8,26.6,6.1,15.1,18.57,84,1011.6,82,23.7,Lagos
2011-05-25,28.0,25.5,26.5,4.9,15.5,16.21,86,1011.3,86,23.9,Lagos
2011-05-26,27.7,25.2,26.2,11.8,20.1,13.8,85,1011.6,90,23.6,Lagos
2011-05-27,28.4,24.9,26.1,11.0,11.6,13.64,86,1011.4,99,23.6,Lagos
2011-05-28,28.8,24.4,26.0,5.0,16.6,18.75,87,1011.7,73,23.7,Lagos
2011-05-29,29.2,24.8,26.5,4.7,15.0,17.35,84,1011.0,67,23.6,Lagos
2011-05-30,28.0,24.5,26.0,11.5,10.7,13.27,89,1011.7,95,23.9,Lagos
2011-05-31,28.5,24.6,26.3,6.3,16.3,16.11,88,1011.1,84,24.1,Lagos
2011-06-01,26.9,24.7,25.9,9.7,14.7,10.87,89,1010.3,90,24.0,Lagos
2011-06-02,29.1,25.1,26.9,2.8,12.6,20.01,86,1009.4,54,24.2,Lagos
2011-06-03,27.8,24.9,26.2,13.8,15.9,12.75,88,1009.5,64,24.0,Lagos
2011-06-04,28.7,24.7,26.4,8.7,15.6,15.32,87,1010.1,92,24.0,Lagos
2011-06-05,29.4,25.4,27.1,0.8,11.9,18.51,83,1010.6,98,23.9,Lagos
2011-06-06,29.5,25.5,27.4,0.0,13.2,19.74,83,1010.5,75,24.1,Lagos
2011-06-07,29.3,25.6,27.0,7.2,14.0,15.26,85,1010.3,83,24.2,Lagos
2011-06-08,29.0,24.7,26.5,4.2,17.5,16.59,88,1011.4,95,24.2,Lagos
2011-06-09,27.7,24.7,25.9,9.1,14.5,9.54,86,1013.3,99,23.3,Lagos
2011-06-10,28.4,24.7,26.5,0.6,13.5,12.52,83,1012.3,95,23.4,Lagos
2011-06-11,26.8,24.4,25.4,20.3,17.3,11.1,88,1012.5,95,23.3,Lagos
2011-06-12,26.1,24.2,25.1,14.9,17.1,8.74,89,1013.4,83,23.3,Lagos
2011-06-13,28.7,24.0,26.3,0.8,11.3,18.93,86,1013.4,66,23.7,Lagos
2011-06-14,28.4,25.1,26.3,4.1,13.5,16.06,86,1011.9,84,23.7,Lagos
2011-06-15,28.0,24.6,26.2,3.9,14.8,15.55,86,1011.2,84,23.6,Lagos
2011-06-16,27.4,24.6,25.8,9.7,16.6,15.61,88,1010.8,72,23.6,Lagos
2011-06-17,28.3,24.0,26.0,6.0,14.2,17.95,87,1011.6,86,23.6,Lagos
2011-06-18,27.3,24.6,25.7,20.3,15.8,12.07,89,1011.5,99,23.8,Lagos
2011-06-19,26.8,24.1,25.4,14.1,12.8,10.53,90,1011.3,91,23.6,Lagos
2011-06-20,28.4,24.2,26.2,1.0,15.4,16.15,84,1010.6,73,23.3,Lagos
2011-06-21,26.9,24.5,25.6,9.5,14.1,14.62,88,1011.7,98,23.4,Lagos
2011-06-22,26.4,24.5,25.5,6.4,13.3,6.66,87,1012.3,99,23.1,Lagos
2011-06-23,27.1,23.6,25.0,13.2,13.3,11.2,89,1010.9,95,23.0,Lagos
2011-06-24,26.2,23.5,24.7,8.9,11.4,11.44,89,1011.5,93,22.9,Lagos
2011-06-25,27.8,23.8,25.4,2.2,13.5,16.79,86,1012.4,86,22.9,Lagos
2011-06-26,26.6,24.2,25.2,6.3,13.3,10.76,88,1012.1,98,23.1,Lagos
2011-06-27,26.7,24.3,25.4,1.6,15.2,14.36,88,1011.8,90,23.3,Lagos
2011-06-28,27.8,24.4,25.5,5.3,15.0,15.24,87,1011.7,77,23.0,Lagos
2011-06-29,27.4,24.1,25.4,2.3,16.3,17.31,86,1011.7,70,22.9,Lagos
2011-06-30,26.5,23.6,25.1,3.5,12.4,16.72,87,1011.7,67,22.8,Lagos
2011-07-01,27.5,23.7,25.4,6.4,13.8,14.78,87,1012.1,83,23.0,Lagos
2011-07-02,27.9,24.1,25.7,4.5,17.8,17.38,87,1010.8,95,23.3,Lagos
2011-07-03,27.0,23.8,25.0,10.3,17.6,10.71,90,1011.0,96,23.1,Lagos
2011-07-04,27.7,23.8,25.5,4.0,12.6,16.42,87,1011.6,70,23.2,Lagos
2011-07-05,27.8,23.9,25.6,0.5,16.3,17.76,87,1013.0,90,23.1,Lagos
2011-07-06,25.9,24.2,24.7,37.9,20.2,5.13,91,1011.6,96,23.1,Lagos
2011-07-07,25.5,24.3,24.8,18.2,16.1,6.79,90,1011.0,96,23.1,Lagos
2011-07-08,27.6,24.1,25.6,4.1,14.3,16.06,87,1010.7,85,23.2,Lagos
2011-07-09,26.5,24.0,25.1,13.1,16.8,11.96,89,1011.6,98,23.1,Lagos
2011-07-10,26.2,23.3,24.5,53.7,21.9,9.08,90,1012.1,100,22.7,Lagos
2011-07-11,24.7,23.0,23.8,28.7,16.4,4.8,93,1013.0,99,22.5,Lagos
2011-07-12,27.4,23.2,25.0,5.0,16.2,18.24,87,1012.0,75,22.7,Lagos
2011-07-13,27.1,23.5,24.9,5.1,15.8,16.63,88,1011.3,85,22.7,Lagos
2011-07-14,25.6,23.0,24.6,5.0,15.0,10.41,88,1011.5,76,22.4,Lagos
2011-07-15,27.3,23.4,25.0,4.2,12.9,12.89,87,1012.0,94,22.6,Lagos
2011-07-16,26.4,23.5,24.6,9.7,14.0,12.59,90,1011.9,92,22.8,Lagos
2011-07-17,27.1,23.4,24.9,9.2,17.4,15.61,88,1012.3,93,22.8,Lagos
2011-07-18,27.3,23.1,25.0,5.7,16.8,18.26,88,1012.4,59,22.8,Lagos
2011-07-19,28.1,23.9,25.6,0.4,17.4,19.49,86,1012.4,77,23.0,Lagos
2011-07-20,26.8,24.4,25.1,8.6,22.2,11.35,88,1012.0,94,23.1,Lagos
2011-07-21,26.3,23.8,24.8,15.8,26.9,7.88,89,1012.4,100,22.8,Lagos
2011-07-22,27.4,24.0,25.4,1.6,20.6,18.9,84,1013.1,76,22.5,Lagos
2011-07-23,27.3,23.8,25.3,1.0,16.6,18.1,85,1013.4,81,22.5,Lagos
2011-07-24,26.7,24.0,25.1,1.0,20.8,17.01,85,1013.4,84,22.3,Lagos
2011-07-25,26.2,23.4,24.6,2.3,25.3,17.19,86,1011.9,85,22.1,Lagos
2011-07-26,26.0,23.3,24.5,2.1,24.6,15.52,84,1011.0,93,21.5,Lagos
2011-07-27,26.3,23.1,24.5,0.5,21.1,15.06,82,1011.6,66,21.3,Lagos
2011-07-28,25.7,23.4,24.3,0.6,20.0,12.61,84,1011.1,64,21.5,Lagos
2011-07-29,26.3,23.2,24.5,0.6,20.6,13.29,85,1010.3,81,21.7,Lagos
2011-07-30,26.9,23.4,24.7,1.8,19.7,18.13,84,1011.0,76,21.8,Lagos
2011-07-31,26.7,23.3,24.7,0.4,18.1,16.75,84,1010.8,68,21.8,Lagos
2011-08-01,26.1,23.5,24.6,1.6,19.8,12.14,88,1009.9,77,22.4,Lagos
2011-08-02,25.8,23.9,24.7,0.6,17.3,7.57,88,1010.3,99,22.5,Lagos
2011-08-03,26.1,23.9,24.8,0.3,17.6,5.71,89,1011.4,99,22.8,Lagos
2011-08-04,27.0,24.1,25.2,0.5,25.4,19.11,86,1012.9,74,22.6,Lagos
2011-08-05,26.0,24.1,24.6,2.2,25.3,8.83,87,1012.8,98,22.4,Lagos
2011-08-06,26.0,23.6,24.2,14.4,24.2,9.84,89,1012.4,99,22.3,Lagos
2011-08-07,25.3,23.6,24.3,6.7,21.9,8.37,88,1012.0,96,22.3,Lagos
2011-08-08,26.5,23.5,24.7,0.6,16.2,15.12,87,1012.8,61,22.3,Lagos
2011-08-09,26.5,23.6,24.7,0.4,17.4,16.31,85,1012.3,74,22.1,Lagos
2011-08-10,27.3,23.7,25.0,1.2,18.9,16.22,86,1011.8,86,22.5,Lagos
2011-08-11,27.0,23.7,24.9,3.0,17.8,17.31,86,1011.4,64,22.4,Lagos
2011-08-12,27.1,23.8,24.9,1.5,20.4,17.2,87,1010.7,93,22.5,Lagos
2011-08-13,26.2,23.3,24.5,5.7,22.2,12.21,88,1010.5,95,22.4,Lagos
2011-08-14,26.4,23.4,24.7,1.3,21.6,11.61,85,1010.9,91,22.0,Lagos
2011-08-15,26.8,23.6,24.8,1.0,18.3,14.82,86,1011.0,93,22.3,Lagos
2011-08-16,26.3,23.6,24.8,1.9,19.4,19.03,85,1011.2,78,22.2,Lagos
2011-08-17,26.8,23.4,24.8,0.9,17.6,20.13,85,1011.4,95,22.0,Lagos
2011-08-18,26.9,23.7,24.8,0.0,20.6,18.13,84,1011.1,80,21.8,Lagos
2011-08-19,27.0,23.4,24.8,0.6,17.3,18.61,83,1011.4,76,21.7,Lagos
2011-08-20,27.1,23.3,25.0,0.5,16.3,18.93,84,1011.4,57,22.0,Lagos
2011-08-21,27.0,23.7,25.1,0.4,19.6,16.59,84,1011.4,78,22.1,Lagos
2011-08-22,27.4,23.8,25.0,3.0,22.2,14.88,83,1011.9,84,21.8,Lagos
2011-08-23,27.4,23.5,24.9,1.6,15.8,12.44,86,1012.7,88,22.4,Lagos
2011-08-24,28.0,23.9,25.4,0.0,16.3,17.72,83,1013.2,67,22.2,Lagos
2011-08-25,27.5,23.8,25.3,0.0,21.1,16.88,83,1013.0,75,22.1,Lagos
2011-08-26,27.2,23.6,25.0,10.2,23.0,14.84,86,1013.0,94,22.5,Lagos
2011-08-27,25.3,23.3,24.1,21.1,17.2,9.25,92,1013.3,95,22.7,Lagos
2011-08-28,24.3,23.0,23.8,18.0,14.9,3.63,93,1013.0,97,22.6,Lagos
2011-08-29,27.1,23.4,24.5,4.4,16.6,14.43,90,1012.6,82,22.8,Lagos
2011-08-30,27.1,23.6,24.8,7.5,18.0,13.21,89,1012.6,97,22.8,Lagos
2011-08-31,26.1,23.3,24.4,12.0,16.8,13.05,90,1013.2,93,22.7,Lagos
2011-09-01,26.5,23.8,24.7,15.7,13.0,11.8,89,1013.9,94,22.8,Lagos
2011-09-02,27.9,23.3,25.2,2.0,15.3,19.61,88,1012.3,65,22.9,Lagos
2011-09-03,27.2,23.7,25.2,1.0,19.4,17.4,86,1011.2,66,22.7,Lagos
2011-09-04,27.2,23.9,25.1,2.6,21.1,18.91,87,1011.7,95,22.8,Lagos
2011-09-05,27.4,24.0,25.2,2.9,15.6,16.68,88,1011.8,88,23.1,Lagos
2011-09-06,27.4,24.0,25.3,1.2,15.6,17.37,88,1012.1,65,23.2,Lagos
2011-09-07,27.3,24.1,25.4,0.4,18.8,19.27,87,1012.4,65,23.1,Lagos
2011-09-08,26.1,23.8,24.7,8.5,18.0,10.75,90,1011.6,97,22.9,Lagos
2011-09-09,26.4,23.2,24.4,15.4,17.2,13.36,91,1011.1,86,22.8,Lagos
2011-09-10,27.4,23.6,25.1,0.1,14.7,20.86,86,1011.4,44,22.6,Lagos
2011-09-11,27.5,23.9,25.4,0.9,17.2,18.04,86,1012.0,87,22.9,Lagos
2011-09-12,27.0,24.2,25.1,3.1,18.1,10.01,88,1011.5,94,23.0,Lagos
2011-09-13,27.6,24.0,25.4,0.8,20.1,19.71,87,1011.3,78,23.1,Lagos
2011-09-14,26.6,24.0,24.9,7.6,21.8,13.77,88,1011.8,97,22.7,Lagos
2011-09-15,27.8,23.9,25.3,3.6,18.3,16.75,87,1012.3,97,23.0,Lagos
2011-09-16,26.6,23.6,25.0,9.0,17.8,14.79,89,1011.4,87,23.0,Lagos
2011-09-17,26.4,23.4,24.7,9.1,15.3,16.85,89,1011.3,83,22.8,Lagos
2011-09-18,26.9,23.9,25.0,5.7,16.0,11.18,86,1011.6,96,22.6,Lagos
2011-09-19,26.8,23.3,25.0,12.5,14.3,14.02,88,1012.1,88,22.9,Lagos
2011-09-20,26.4,23.3,24.6,15.1,11.9,11.33,90,1011.9,87,22.8,Lagos
2011-09-21,27.8,23.4,25.5,0.6,14.5,19.02,86,1012.3,65,23.0,Lagos
2011-09-22,28.1,24.0,25.7,0.7,14.3,19.24,84,1012.6,76,22.8,Lagos
2011-09-23,27.5,24.6,25.8,4.6,13.9,15.7,87,1011.6,95,23.4,Lagos
2011-09-24,27.1,24.4,25.6,4.1,14.9,13.8,87,1011.2,98,23.2,Lagos
2011-09-25,27.9,24.5,25.8,5.4,14.9,17.99,87,1012.1,79,23.3,Lagos
2011-09-26,28.6,23.8,25.7,5.7,17.6,17.42,88,1012.2,89,23.5,Lagos
2011-09-27,25.8,24.2,24.9,12.2,14.0,7.83,91,1012.0,99,23.2,Lagos
2011-09-28,28.0,23.9,25.5,3.7,14.4,15.5,87,1011.4,87,23.1,Lagos
2011-09-29,27.5,23.9,25.6,2.4,16.6,13.54,86,1011.5,85,23.1,Lagos
2011-09-30,27.6,24.2,25.6,15.2,14.5,13.98,87,1011.4,91,23.2,Lagos
2011-10-01,27.6,23.7,25.4,5.7,11.0,16.01,87,1011.8,98,23.0,Lagos
2011-10-02,28.5,23.9,26.1,0.1,12.1,21.45,83,1011.7,66,23.0,Lagos
2011-10-03,28.8,24.5,26.3,1.9,10.9,19.89,84,1011.2,81,23.5,Lagos
2011-10-04,28.2,24.4,26.0,4.3,12.4,18.96,86,1010.9,68,23.5,Lagos
2011-10-05,28.3,24.4,26.1,0.8,16.6,19.41,86,1010.5,78,23.6,Lagos
2011-10-06,28.3,23.9,25.8,6.5,18.7,16.82,87,1010.9,98,23.5,Lagos
2011-10-07,27.7,24.1,25.6,6.4,13.7,14.46,88,1011.0,98,23.5,Lagos
2011-10-08,27.7,24.1,25.5,4.5,14.8,14.99,88,1009.8,97,23.4,Lagos
2011-10-09,27.4,24.4,25.9,4.7,15.0,16.77,86,1009.5,79,23.5,Lagos
2011-10-10,27.6,24.1,25.5,8.2,15.5,12.7,90,1010.0,97,23.7,Lagos
2011-10-11,28.1,23.9,25.7,4.7,12.8,16.62,87,1009.9,76,23.3,Lagos
2011-10-12,27.6,24.0,25.6,7.7,12.5,12.34,88,1008.7,96,23.4,Lagos
2011-10-13,27.0,23.8,25.2,11.6,12.9,15.08,90,1008.6,85,23.4,Lagos
2011-10-14,29.0,24.0,25.9,2.5,13.9,19.48,86,1008.5,83,23.3,Lagos
2011-10-15,28.2,24.5,25.8,4.0,9.4,15.33,87,1009.4,86,23.5,Lagos
2011-10-16,28.6,24.0,26.0,0.1,9.2,16.23,87,1009.4,86,23.4,Lagos
2011-10-17,28.8,24.8,26.6,0.9,12.1,18.87,86,1008.1,52,23.9,Lagos
2011-10-18,28.9,24.4,26.3,4.0,10.6,18.23,88,1008.2,98,24.1,Lagos
2011-10-19,29.0,24.5,26.4,3.9,11.5,18.43,87,1008.9,76,23.9,Lagos
2011-10-20,28.1,24.6,26.4,4.3,12.3,16.59,86,1008.1,92,23.8,Lagos
2011-10-21,28.6,24.6,26.3,7.8,10.7,17.95,86,1007.6,94,23.7,Lagos
2011-10-22,27.7,23.9,25.4,26.1,12.9,11.66,88,1008.8,100,23.3,Lagos
2011-10-23,28.1,24.0,25.8,1.3,14.1,18.24,84,1009.8,76,22.8,Lagos
2011-10-24,28.8,24.3,26.1,5.7,14.6,16.43,85,1009.5,96,23.4,Lagos
2011-10-25,26.1,23.8,25.0,9.2,13.0,8.69,91,1010.3,95,23.4,Lagos
2011-10-26,28.2,23.2,25.3,5.5,13.6,17.39,88,1010.2,75,23.2,Lagos
2011-10-27,28.3,24.6,26.1,1.5,14.4,17.92,85,1010.2,85,23.3,Lagos
2011-10-28,28.4,23.9,26.2,1.5,12.8,19.65,85,1009.8,73,23.5,Lagos
2011-10-29,29.2,24.5,26.5,1.1,11.6,20.15,84,1009.3,57,23.5,Lagos
2011-10-30,29.0,25.3,26.6,2.7,12.9,18.99,84,1008.7,33,23.7,Lagos
2011-10-31,29.1,25.3,26.8,1.6,11.8,17.76,83,1009.1,66,23.6,Lagos
2011-11-01,28.0,25.1,26.4,0.6,15.5,17.0,86,1009.8,53,23.9,Lagos
2011-11-02,28.9,24.3,26.5,2.7,10.7,15.58,87,1010.6,97,24.1,Lagos
2011-11-03,28.9,25.4,26.8,1.8,15.0,16.61,86,1010.3,76,24.1,Lagos
2011-11-04,28.4,25.3,26.5,1.1,17.9,16.28,87,1009.9,68,24.2,Lagos
2011-11-05,28.2,24.8,26.2,1.4,13.4,16.73,88,1010.8,68,24.0,Lagos
2011-11-06,28.8,24.3,26.6,0.3,11.8,18.99,85,1010.6,38,23.9,Lagos
2011-11-07,29.5,25.4,27.1,0.4,11.9,19.44,85,1010.3,43,24.3,Lagos
2011-11-08,29.5,25.2,27.0,0.9,16.1,19.08,85,1010.3,68,24.2,Lagos
2011-11-09,29.2,25.5,27.1,0.9,14.5,17.82,84,1009.2,58,24.2,Lagos
2011-11-10,29.3,25.5,27.2,1.1,15.3,16.69,84,1007.6,43,24.3,Lagos
2011-11-11,29.7,25.1,27.2,2.7,13.8,18.71,84,1007.8,26,24.1,Lagos
2011-11-12,29.5,25.0,27.2,2.5,15.3,18.12,85,1009.0,33,24.4,Lagos
2011-11-13,29.5,25.5,27.2,0.7,14.3,17.69,84,1009.8,71,24.2,Lagos
2011-11-14,30.0,25.3,27.4,2.1,15.5,19.53,83,1008.9,33,24.2,Lagos
2011-11-15,30.0,25.6,27.5,0.9,14.3,18.84,83,1007.9,52,24.2,Lagos
2011-11-16,29.3,25.6,27.2,1.1,11.6,16.73,86,1008.2,93,24.7,Lagos
2011-11-17,29.4,25.6,27.1,3.3,10.8,15.44,86,1008.5,87,24.6,Lagos
2011-11-18,29.9,24.9,27.3,1.2,12.2,17.97,85,1008.8,74,24.5,Lagos
2011-11-19,29.5,25.6,27.3,1.9,13.5,17.06,84,1009.3,93,24.4,Lagos
2011-11-20,30.0,25.4,27.5,1.9,12.1,18.36,84,1008.8,81,24.4,Lagos
2011-11-21,30.0,25.4,27.5,2.0,15.1,17.51,82,1009.1,63,24.2,Lagos
2011-11-22,30.6,25.8,27.9,0.0,16.7,19.85,81,1009.8,49,24.1,Lagos
2011-11-23,29.2,25.7,27.3,1.9,15.8,17.28,84,1010.0,83,24.3,Lagos
2011-11-24,28.8,25.5,27.1,1.1,13.4,15.11,85,1010.2,41,24.2,Lagos
2011-11-25,28.9,24.6,27.1,1.2,11.6,16.97,84,1009.6,26,24.1,Lagos
2011-11-26,29.6,24.8,27.1,0.2,12.4,17.14,84,1008.7,33,24.1,Lagos
2011-11-27,30.7,25.4,27.6,0.9,13.6,19.28,82,1008.7,29,24.0,Lagos
2011-11-28,29.9,25.4,27.4,0.1,14.0,18.83,82,1009.1,50,23.9,Lagos
2011-11-29,30.3,25.6,27.6,1.0,13.7,19.03,82,1009.4,29,24.1,Lagos
2011-11-30,31.2,24.9,27.7,0.0,12.4,20.76,80,1009.1,16,23.8,Lagos
2011-12-01,31.2,24.8,27.4,0.0,12.1,19.82,80,1008.5,21,23.3,Lagos
2011-12-02,31.6,24.1,27.5,0.0,13.1,22.36,75,1009.0,6,22.3,Lagos
2011-12-03,32.0,24.3,27.8,0.0,15.3,21.9,74,1008.7,4,22.4,Lagos
2011-12-04,31.7,24.8,27.7,0.0,13.6,20.51,76,1008.2,24,22.9,Lagos
2011-12-05,30.7,24.6,27.6,0.0,12.6,17.94,76,1008.3,16,22.8,Lagos
2011-12-06,31.8,25.6,28.0,0.0,13.1,20.08,76,1008.8,29,23.2,Lagos
2011-12-07,31.8,24.5,27.9,0.0,14.0,19.59,77,1009.1,19,23.3,Lagos
2011-12-08,31.6,24.8,27.8,0.3,14.7,19.47,78,1008.3,12,23.4,Lagos
2011-12-09,31.7,25.2,27.6,0.0,12.2,19.52,78,1007.8,16,23.1,Lagos
2011-12-10,30.6,24.4,27.3,0.0,11.8,18.01,78,1008.2,20,23.0,Lagos
2011-12-11,32.0,23.8,27.3,0.0,12.9,21.87,69,1008.8,20,20.2,Lagos
2011-12-12,31.7,21.5,26.6,0.0,14.0,22.33,65,1009.6,1,18.5,Lagos
2011-12-13,31.6,21.8,26.7,0.0,13.7,22.07,67,1009.5,4,19.2,Lagos
2011-12-14,31.2,21.9,26.4,0.0,12.2,21.51,74,1009.9,5,20.8,Lagos
2011-12-15,31.2,22.2,26.5,0.0,12.3,20.98,77,1009.7,16,21.7,Lagos
2011-12-16,31.9,22.8,26.9,0.0,13.7,21.79,72,1009.7,11,20.7,Lagos
2011-12-17,31.3,23.2,26.9,0.0,13.7,20.31,77,1009.8,18,22.2,Lagos
2011-12-18,31.9,23.7,27.5,0.0,15.9,20.09,75,1009.0,27,22.3,Lagos
2011-12-19,31.1,25.5,27.8,0.2,14.6,17.46,77,1009.4,25,23.1,Lagos
2011-12-20,30.9,25.4,27.7,0.3,16.4,18.78,80,1009.7,33,23.8,Lagos
2011-12-21,30.1,25.6,27.2,1.2,14.7,16.93,83,1010.0,42,24.0,Lagos
2011-12-22,30.4,25.3,27.5,1.0,13.7,17.78,81,1010.2,58,23.9,Lagos
2011-12-23,29.8,25.6,27.4,1.2,12.6,16.66,82,1009.8,25,24.0,Lagos
2011-12-24,30.1,25.0,27.3,0.4,13.1,15.66,85,1009.1,44,24.5,Lagos
2011-12-25,29.8,25.7,27.2,2.3,14.5,15.11,85,1009.5,29,24.4,Lagos
2011-12-26,31.1,25.4,27.8,0.2,14.1,18.84,80,1009.8,17,24.0,Lagos
2011-12-27,32.1,26.1,28.4,0.0,15.9,19.07,78,1010.5,16,23.9,Lagos
2011-12-28,30.6,26.1,27.9,1.6,16.9,17.07,81,1010.2,32,24.3,Lagos
2011-12-29,27.0,24.8,26.1,6.5,17.3,8.45,87,1010.9,81,23.8,Lagos
2011-12-30,29.3,24.8,27.0,1.4,15.6,17.13,83,1011.0,52,23.9,Lagos
2011-12-31,31.0,24.9,27.4,0.7,18.4,19.6,80,1010.5,43,23.3,Lagos
2012-01-01,30.7,25.7,27.6,0.7,13.3,19.07,79,1010.6,39,23.5,Lagos
2012-01-02,29.8,25.6,27.3,0.8,14.0,16.67,83,1011.0,46,24.1,Lagos
2012-01-03,30.2,25.3,27.2,0.4,12.6,17.27,82,1010.4,20,23.7,Lagos
2012-01-04,32.0,24.4,27.3,0.3,14.3,20.78,76,1010.0,20,22.2,Lagos
2012-01-05,31.1,23.6,26.7,0.0,14.4,20.23,79,1010.7,21,22.5,Lagos
2012-01-06,31.4,23.4,26.9,0.0,15.5,20.79,77,1010.4,30,22.0,Lagos
2012-01-07,32.4,24.1,27.4,0.0,16.3,21.83,74,1009.9,62,21.9,Lagos
2012-01-08,31.1,24.3,27.2,0.0,13.4,19.54,78,1009.9,42,22.7,Lagos
2012-01-09,31.1,24.4,27.4,0.0,13.7,18.64,77,1009.8,32,22.8,Lagos
2012-01-10,32.0,24.1,27.7,0.0,15.6,20.12,77,1009.9,42,22.9,Lagos
2012-01-11,32.3,25.0,27.9,0.0,15.4,21.11,76,1009.7,30,22.9,Lagos
2012-01-12,32.0,24.0,27.3,0.0,13.7,21.28,74,1010.4,56,21.4,Lagos
2012-01-13,32.4,23.7,27.4,0.0,11.5,22.34,66,1011.3,20,19.3,Lagos
2012-01-14,31.8,22.5,26.8,0.0,13.0,23.13,59,1010.7,4,16.3,Lagos
2012-01-15,32.2,20.6,26.4,0.0,13.9,22.9,58,1009.6,80,15.6,Lagos
2012-01-16,32.2,22.2,26.6,0.0,13.0,22.83,58,1009.0,52,16.4,Lagos
2012-01-17,31.6,22.8,26.6,0.0,16.5,22.59,71,1008.1,49,20.3,Lagos
2012-01-18,31.1,24.1,27.0,0.0,16.6,20.92,76,1008.8,94,22.1,Lagos
2012-01-19,30.8,25.2,27.2,0.1,16.5,19.38,82,1009.2,58,23.6,Lagos
2012-01-20,28.5,25.3,26.6,0.6,15.7,14.43,85,1009.3,70,23.8,Lagos
2012-01-21,30.7,25.3,27.2,0.5,14.6,18.27,80,1009.5,69,23.3,Lagos
2012-01-22,29.8,25.0,27.1,0.3,17.6,17.49,79,1009.4,73,22.9,Lagos
2012-01-23,30.1,25.3,27.3,0.2,13.7,18.35,81,1009.5,63,23.6,Lagos
2012-01-24,32.4,25.0,27.9,0.0,18.1,21.27,78,1008.7,34,23.3,Lagos
2012-01-25,31.5,26.0,28.1,0.1,21.3,20.48,77,1008.0,45,23.4,Lagos
2012-01-26,30.9,26.0,27.9,0.3,17.3,19.35,77,1008.3,41,23.4,Lagos
2012-01-27,30.8,25.9,27.6,1.5,19.4,18.11,80,1008.9,68,23.6,Lagos
2012-01-28,30.0,26.0,27.3,1.2,15.8,17.2,82,1008.4,58,23.8,Lagos
2012-01-29,30.5,25.9,27.3,1.4,20.5,17.34,81,1007.8,54,23.6,Lagos
2012-01-30,30.0,25.9,26.9,5.8,21.1,16.06,83,1008.1,64,23.8,Lagos
2012-01-31,30.5,26.0,27.6,0.3,18.0,19.18,81,1008.6,57,24.0,Lagos
2012-02-01,30.4,25.6,27.5,1.0,16.8,19.06,81,1009.0,53,23.8,Lagos
2012-02-02,29.1,25.8,27.2,1.9,15.8,17.71,82,1009.2,41,23.9,Lagos
2012-02-03,29.7,25.4,27.2,0.7,15.7,17.21,81,1009.8,48,23.5,Lagos
2012-02-04,30.4,25.8,27.6,0.7,16.9,18.54,80,1008.8,42,23.8,Lagos
2012-02-05,30.7,25.8,27.6,0.9,20.1,17.02,82,1008.0,56,24.1,Lagos
2012-02-06,29.9,25.9,27.4,4.1,18.9,17.04,83,1007.5,79,24.2,Lagos
2012-02-07,29.0,24.6,26.9,5.2,17.4,16.22,83,1007.0,68,23.6,Lagos
2012-02-08,30.1,25.4,27.4,0.4,17.7,20.72,75,1007.6,54,22.4,Lagos
2012-02-09,30.0,25.3,27.2,0.0,17.4,20.46,76,1008.3,89,22.3,Lagos
2012-02-10,30.5,25.3,27.3,0.0,16.8,21.35,75,1008.0,76,22.3,Lagos
2012-02-11,31.2,25.9,27.8,0.0,17.2,20.86,74,1008.3,27,22.6,Lagos
2012-02-12,31.2,25.7,27.7,0.0,20.0,21.33,76,1008.0,50,22.9,Lagos
2012-02-13,29.3,25.6,26.9,11.4,21.7,14.67,82,1008.1,94,23.5,Lagos
2012-02-14,28.9,25.9,27.2,0.7,20.9,14.09,81,1008.7,55,23.7,Lagos
2012-02-15,28.7,26.0,27.0,4.7,19.1,13.13,82,1008.9,81,23.7,Lagos
2012-02-16,29.6,25.8,27.3,1.0,18.9,18.16,81,1008.2,66,23.7,Lagos
2012-02-17,29.7,25.8,27.3,0.5,17.2,18.93,82,1008.1,75,24.0,Lagos
2012-02-18,29.4,25.8,27.0,3.5,17.4,16.29,83,1008.5,93,23.9,Lagos
2012-02-19,30.1,25.5,27.3,1.2,14.2,18.49,80,1008.5,100,23.4,Lagos
2012-02-20,29.7,25.7,26.8,5.0,22.6,16.47,83,1008.7,99,23.5,Lagos
2012-02-21,28.3,24.1,26.0,5.0,18.4,12.1,84,1009.0,100,23.2,Lagos
2012-02-22,29.7,25.4,26.5,11.4,15.1,14.04,86,1008.1,99,23.9,Lagos
2012-02-23,28.8,25.3,26.7,4.5,15.1,18.58,83,1007.5,68,23.5,Lagos
2012-02-24,29.8,25.3,27.3,0.4,17.5,19.46,80,1008.0,54,23.5,Lagos
2012-02-25,29.7,25.9,27.5,1.5,19.1,19.91,81,1007.7,65,23.9,Lagos
2012-02-26,28.4,25.8,26.9,2.7,16.7,15.99,84,1007.3,81,23.9,Lagos
2012-02-27,29.9,25.8,27.3,3.4,16.8,18.72,83,1007.7,85,24.1,Lagos
2012-02-28,30.2,25.6,27.2,5.4,20.0,18.1,84,1008.4,89,24.3,Lagos
2012-02-29,29.4,26.0,26.9,5.8,17.6,16.61,85,1008.5,75,24.1,Lagos
2012-03-01,29.7,25.7,27.1,3.0,17.7,19.36,84,1008.9,87,24.0,Lagos
2012-03-02,29.5,25.8,27.2,0.0,15.4,17.55,83,1009.3,89,23.9,Lagos
2012-03-03,30.0,25.8,27.6,0.5,18.4,18.17,81,1008.7,91,23.9,Lagos
2012-03-04,30.1,26.4,27.4,7.5,16.1,17.77,82,1008.4,88,24.1,Lagos
2012-03-05,28.6,25.7,26.9,3.4,15.8,16.54,85,1008.8,98,24.1,Lagos
2012-03-06,29.9,25.4,27.2,3.1,15.7,19.11,84,1008.8,90,24.1,Lagos
2012-03-07,30.1,25.8,27.6,0.8,18.1,19.57,82,1008.3,80,24.1,Lagos
2012-03-08,30.3,26.4,27.6,4.1,18.1,19.48,83,1008.4,92,24.3,Lagos
2012-03-09,29.1,26.3,27.2,6.1,16.3,16.68,85,1009.1,77,24.4,Lagos
2012-03-10,29.6,25.3,27.3,5.9,13.9,17.85,84,1009.8,53,24.4,Lagos
2012-03-11,30.9,25.4,27.7,0.3,15.0,21.41,81,1009.2,91,24.1,Lagos
2012-03-12,30.9,25.6,28.0,0.4,15.8,22.15,81,1008.5,81,24.2,Lagos
2012-03-13,31.6,25.3,28.1,0.0,18.1,23.36,78,1009.3,74,23.7,Lagos
2012-03-14,31.7,25.5,28.3,0.0,18.5,20.69,78,1009.1,66,23.9,Lagos
2012-03-15,31.5,26.6,28.8,0.0,16.5,19.67,76,1009.0,52,23.9,Lagos
2012-03-16,32.1,27.0,28.8,1.2,18.7,20.88,79,1008.8,57,24.8,Lagos
2012-03-17,30.3,27.0,28.2,1.1,19.6,18.45,84,1008.1,58,25.2,Lagos
2012-03-18,29.9,26.7,27.9,1.5,16.4,19.15,84,1008.0,76,24.8,Lagos
2012-03-19,31.0,26.6,28.5,1.1,16.7,19.89,81,1007.9,88,24.8,Lagos
2012-03-20,31.6,26.7,28.7,0.7,17.8,20.69,81,1007.3,98,25.0,Lagos
2012-03-21,30.6,27.1,28.6,1.2,17.1,20.21,83,1006.7,45,25.3,Lagos
2012-03-22,31.6,26.8,28.6,1.6,20.0,21.37,81,1006.3,40,24.8,Lagos
2012-03-23,31.1,26.9,28.3,1.7,20.4,19.51,83,1006.6,63,25.1,Lagos
2012-03-24,29.8,26.7,27.9,3.0,17.7,17.51,84,1007.4,68,24.9,Lagos
2012-03-25,30.1,26.4,27.8,1.7,13.3,18.81,84,1008.1,85,24.8,Lagos
2012-03-26,30.8,26.2,28.0,1.8,17.5,18.6,81,1007.7,89,24.4,Lagos
2012-03-27,31.5,26.5,28.5,0.8,18.6,21.75,81,1007.3,99,24.8,Lagos
2012-03-28,31.6,27.1,28.7,1.2,21.1,21.59,82,1007.9,64,25.2,Lagos
2012-03-29,30.6,27.2,28.2,3.1,20.6,18.51,83,1009.1,80,25.1,Lagos
2012-03-30,30.5,26.5,27.9,9.2,18.6,16.55,83,1010.3,98,24.8,Lagos
2012-03-31,30.5,26.6,28.3,1.1,18.3,19.21,81,1009.6,64,24.7,Lagos
2012-04-01,30.5,26.8,28.3,1.8,18.9,19.99,81,1009.2,33,24.7,Lagos
2012-04-02,31.5,26.5,28.1,3.4,17.8,21.32,82,1008.7,69,24.7,Lagos
2012-04-03,30.2,26.3,27.5,12.0,20.2,17.56,84,1008.3,91,24.6,Lagos
2012-04-04,30.4,26.8,28.0,4.5,17.0,17.34,82,1009.0,92,24.5,Lagos
2012-04-05,30.4,26.3,28.0,2.9,16.9,19.18,81,1008.4,99,24.3,Lagos
2012-04-06,30.0,25.4,27.5,8.2,17.8,18.17,83,1008.3,97,24.4,Lagos
2012-04-07,29.3,26.3,27.4,6.6,17.4,17.2,85,1007.7,71,24.6,Lagos
2012-04-08,30.0,25.9,27.7,2.8,16.0,18.8,84,1006.5,64,24.7,Lagos
2012-04-09,30.0,25.6,27.3,11.6,20.6,17.66,86,1006.2,95,24.7,Lagos
2012-04-10,29.7,25.2,26.8,11.5,19.4,17.69,87,1007.2,87,24.4,Lagos
2012-04-11,30.3,26.2,27.5,7.1,17.1,17.37,84,1008.0,94,24.5,Lagos
2012-04-12,29.2,26.3,27.1,10.3,20.7,14.66,85,1008.1,97,24.4,Lagos
2012-04-13,28.9,25.2,27.0,9.4,21.2,13.46,85,1008.7,98,24.4,Lagos
2012-04-14,29.9,25.9,27.2,17.3,17.7,11.63,87,1008.3,97,24.8,Lagos
2012-04-15,29.4,25.9,27.5,5.6,19.6,13.8,84,1007.7,100,24.6,Lagos
2012-04-16,28.2,26.1,26.7,11.7,17.4,12.06,86,1008.8,100,24.3,Lagos
2012-04-17,28.4,23.6,26.1,8.0,12.0,11.99,87,1010.3,100,23.6,Lagos
2012-04-18,29.7,25.7,27.4,0.8,14.3,20.01,83,1009.5,93,24.2,Lagos
2012-04-19,29.3,25.9,27.1,5.7,15.1,15.62,85,1009.0,100,24.3,Lagos
2012-04-20,29.0,25.1,26.9,1.2,10.3,15.92,86,1009.4,99,24.4,Lagos
2012-04-21,30.0,26.0,27.6,0.3,18.9,17.95,84,1009.9,86,24.5,Lagos
2012-04-22,29.6,26.2,27.5,7.3,19.1,18.39,84,1010.2,97,24.5,Lagos
2012-04-23,29.5,26.2,27.6,0.3,13.3,20.58,85,1009.6,72,24.8,Lagos
2012-04-24,29.7,25.9,27.2,3.7,22.5,19.27,86,1009.0,67,24.7,Lagos
2012-04-25,29.5,26.0,27.2,1.7,14.8,19.17,84,1009.8,87,24.2,Lagos
2012-04-26,29.7,24.5,27.2,4.5,14.0,19.4,84,1010.0,60,24.3,Lagos
2012-04-27,30.3,25.3,27.8,0.3,17.1,20.39,82,1008.6,44,24.4,Lagos
2012-04-28,29.7,26.6,27.6,2.2,18.1,20.19,84,1008.1,29,24.6,Lagos
2012-04-29,29.5,26.0,27.5,2.6,16.8,19.9,87,1008.2,34,25.1,Lagos
2012-04-30,29.2,26.3,27.3,7.0,16.3,15.65,87,1008.6,72,24.8,Lagos
2012-05-01,29.8,26.1,27.6,5.3,16.4,20.0,84,1008.8,78,24.5,Lagos
2012-05-02,29.6,26.2,27.5,6.3,19.4,19.12,84,1009.3,98,24.5,Lagos
2012-05-03,28.7,25.2,26.5,15.1,18.3,14.61,87,1010.1,89,24.2,Lagos
2012-05-04,29.2,24.8,27.0,4.4,16.0,20.25,83,1010.2,91,23.7,Lagos
2012-05-05,29.8,25.7,27.5,0.1,13.3,21.43,82,1009.9,85,24.0,Lagos
2012-05-06,30.0,25.6,27.5,2.6,12.3,19.51,83,1009.5,85,24.3,Lagos
2012-05-07,30.2,25.9,27.4,5.1,18.4,17.35,83,1009.8,96,24.2,Lagos
2012-05-08,30.1,25.0,27.4,6.4,16.0,17.04,85,1008.7,97,24.6,Lagos
2012-05-09,29.2,25.1,26.8,12.1,18.6,14.72,86,1008.4,96,24.3,Lagos
2012-05-10,29.3,25.2,27.2,4.5,14.4,17.24,85,1009.3,94,24.3,Lagos
2012-05-11,30.0,26.0,27.5,5.8,17.8,19.37,85,1009.9,86,24.7,Lagos
2012-05-12,28.0,25.1,26.4,8.3,11.8,14.52,87,1010.5,93,24.2,Lagos
2012-05-13,27.9,25.1,26.3,2.6,12.3,14.35,86,1009.6,99,23.7,Lagos
2012-05-14,28.2,24.7,26.1,3.1,10.8,14.67,83,1009.5,93,22.9,Lagos
2012-05-15,30.1,24.9,27.2,4.0,14.0,21.12,83,1010.3,85,24.0,Lagos
2012-05-16,28.3,25.7,26.8,4.3,13.2,13.82,86,1010.8,96,24.1,Lagos
2012-05-17,29.1,25.0,26.9,5.0,15.3,18.06,85,1010.1,98,24.1,Lagos
2012-05-18,29.2,25.8,27.2,2.8,17.6,18.97,84,1009.1,58,24.2,Lagos
2012-05-19,28.6,24.8,26.4,7.2,11.6,12.74,87,1009.2,99,24.0,Lagos
2012-05-20,29.4,25.3,26.9,1.7,14.8,19.12,84,1010.1,88,24.0,Lagos
2012-05-21,28.4,24.4,26.3,9.1,11.4,13.55,88,1010.6,93,24.2,Lagos
2012-05-22,29.1,25.0,27.0,4.8,13.3,17.32,84,1010.2,75,24.0,Lagos
2012-05-23,29.7,24.7,27.1,2.8,14.2,20.43,83,1010.6,68,24.0,Lagos
2012-05-24,28.9,25.7,26.9,6.9,18.1,16.15,85,1010.7,100,24.3,Lagos
2012-05-25,28.2,23.8,26.2,19.7,18.0,12.49,87,1011.4,99,23.9,Lagos
2012-05-26,28.9,24.1,26.3,11.9,14.6,16.91,85,1012.4,99,23.4,Lagos
2012-05-27,28.0,25.4,26.6,4.4,13.2,11.08,85,1011.9,94,23.8,Lagos
2012-05-28,28.2,24.4,25.8,11.4,14.1,13.76,88,1012.1,91,23.7,Lagos
2012-05-29,26.4,23.9,25.2,19.8,13.2,10.7,91,1011.8,96,23.7,Lagos
2012-05-30,27.7,24.5,25.7,16.8,11.8,13.08,89,1012.7,100,23.6,Lagos
2012-05-31,28.1,24.0,25.7,10.3,8.9,14.79,89,1013.1,99,23.8,Lagos
2012-06-01,28.0,24.4,26.2,7.7,8.9,14.28,89,1012.2,93,24.2,Lagos
2012-06-02,28.9,24.5,26.5,4.6,12.0,16.63,87,1011.8,90,24.2,Lagos
2012-06-03,27.1,24.3,25.8,20.7,16.4,13.28,89,1011.9,91,23.9,Lagos
2012-06-04,28.9,24.0,26.3,1.7,16.4,16.17,85,1012.3,98,23.6,Lagos
2012-06-05,27.2,24.9,26.2,2.7,20.0,9.39,86,1012.4,99,23.7,Lagos
2012-06-06,27.5,24.5,25.9,6.4,15.7,15.47,87,1012.9,76,23.6,Lagos
2012-06-07,28.5,23.9,26.0,1.9,11.3,19.49,87,1013.0,74,23.7,Lagos
2012-06-08,29.1,25.3,26.8,0.5,16.3,18.15,82,1012.1,48,23.5,Lagos
2012-06-09,29.3,25.0,27.0,0.4,14.1,19.84,83,1011.3,36,23.8,Lagos
2012-06-10,29.1,25.9,27.0,1.1,16.8,19.09,85,1009.9,34,24.4,Lagos
2012-06-11,28.0,24.8,26.2,6.9,15.1,14.27,88,1010.4,72,23.9,Lagos
2012-06-12,25.6,24.4,24.8,45.9,13.3,4.64,92,1010.9,100,23.4,Lagos
2012-06-13,25.7,24.1,24.8,92.4,15.1,5.18,93,1010.8,98,23.6,Lagos
2012-06-14,28.6,24.3,26.2,2.2,13.8,13.71,87,1010.0,99,23.7,Lagos
2012-06-15,28.1,24.8,25.9,13.8,14.5,14.67,89,1010.8,75,23.9,Lagos
2012-06-16,28.1,24.3,25.7,12.5,17.0,16.39,87,1011.5,93,23.4,Lagos
2012-06-17,25.5,23.8,24.6,22.6,16.5,5.9,93,1012.5,100,23.4,Lagos
2012-06-18,28.8,24.5,26.3,1.0,20.8,18.2,82,1012.7,84,22.8,Lagos
2012-06-19,27.9,24.5,25.8,5.4,16.4,14.86,86,1012.7,80,23.3,Lagos
2012-06-20,26.4,24.3,25.2,15.6,12.4,7.9,89,1012.6,99,23.3,Lagos
2012-06-21,27.4,23.9,25.3,11.9,11.5,13.69,88,1011.7,83,23.3,Lagos
2012-06-22,27.9,24.0,25.6,3.4,13.4,18.49,86,1012.6,63,23.0,Lagos
2012-06-23,28.1,24.2,25.7,2.2,15.1,18.09,85,1013.8,72,23.0,Lagos
2012-06-24,26.3,24.1,25.0,10.7,17.1,11.14,88,1012.5,87,22.8,Lagos
2012-06-25,26.5,23.3,24.8,13.6,15.3,15.61,88,1012.7,86,22.7,Lagos
2012-06-26,26.9,23.7,25.1,8.9,14.6,13.16,87,1013.3,96,22.8,Lagos
2012-06-27,25.7,23.6,24.6,15.0,16.2,9.19,90,1013.5,97,22.9,Lagos
2012-06-28,24.7,23.3,23.9,29.7,18.1,5.6,93,1013.1,99,22.7,Lagos
2012-06-29,25.6,23.3,24.4,8.8,11.2,10.92,91,1012.6,87,22.7,Lagos
2012-06-30,26.9,23.3,25.0,7.1,15.1,14.3,88,1011.8,90,22.8,Lagos
2012-07-01,26.7,23.8,24.8,13.8,16.4,11.33,88,1010.8,93,22.7,Lagos
2012-07-02,26.2,23.5,24.3,25.6,17.3,9.54,90,1011.1,94,22.6,Lagos
2012-07-03,26.3,23.1,24.6,19.7,17.9,14.11,88,1012.0,89,22.5,Lagos
2012-07-04,26.0,23.2,24.5,15.7,19.9,12.98,88,1011.0,94,22.4,Lagos
2012-07-05,27.1,23.8,25.0,3.8,13.0,14.62,87,1011.3,79,22.7,Lagos
2012-07-06,27.2,23.4,25.3,2.3,20.9,17.62,84,1011.7,57,22.4,Lagos
2012-07-07,26.9,23.7,25.0,7.5,16.4,12.89,86,1012.2,91,22.5,Lagos
2012-07-08,26.8,23.7,25.0,4.6,16.9,12.92,86,1011.5,93,22.4,Lagos
2012-07-09,26.5,23.4,24.8,6.1,16.8,15.09,88,1010.9,58,22.7,Lagos
2012-07-10,27.6,23.6,25.3,5.1,17.8,16.2,86,1010.8,70,22.6,Lagos
2012-07-11,27.3,23.9,25.1,8.4,16.1,13.44,86,1011.3,90,22.7,Lagos
2012-07-12,26.9,24.4,25.4,3.7,16.2,11.92,86,1011.3,93,22.7,Lagos
2012-07-13,27.6,24.3,25.6,1.7,18.6,15.42,85,1011.3,81,22.8,Lagos
2012-07-14,27.6,24.0,25.3,6.2,24.6,15.09,87,1010.8,96,23.0,Lagos
2012-07-15,25.4,23.8,24.3,13.5,22.8,9.98,90,1011.0,99,22.6,Lagos
2012-07-16,26.6,22.8,24.6,5.6,18.8,19.6,86,1013.4,72,22.1,Lagos
2012-07-17,27.4,23.2,25.3,0.7,16.6,18.06,81,1014.5,63,21.8,Lagos
2012-07-18,27.3,24.3,25.5,3.7,18.6,14.04,82,1013.3,95,22.2,Lagos
2012-07-19,26.4,24.3,25.2,3.8,20.5,15.21,84,1013.0,81,22.2,Lagos
2012-07-20,27.0,23.6,25.2,0.6,16.0,17.37,82,1013.8,90,21.9,Lagos
2012-07-21,26.9,24.0,25.0,5.9,18.5,12.82,86,1013.6,85,22.5,Lagos
2012-07-22,26.4,23.4,24.5,26.1,21.6,11.0,89,1013.8,95,22.6,Lagos
2012-07-23,26.2,23.6,24.9,7.1,21.9,13.51,87,1013.3,91,22.5,Lagos
2012-07-24,26.1,23.3,24.6,10.2,17.3,11.67,88,1012.7,90,22.6,Lagos
2012-07-25,27.0,23.4,24.7,8.5,19.5,10.2,88,1012.4,98,22.6,Lagos
2012-07-26,24.4,23.4,23.9,61.4,20.2,2.88,92,1013.1,97,22.6,Lagos
2012-07-27,25.0,23.7,24.4,8.3,16.6,5.82,90,1012.9,97,22.6,Lagos
2012-07-28,26.5,23.3,24.6,3.2,19.2,18.18,89,1011.5,63,22.6,Lagos
2012-07-29,25.8,23.3,24.5,5.1,16.6,15.45,88,1011.5,75,22.4,Lagos
2012-07-30,26.6,23.6,24.8,0.3,20.5,15.48,85,1012.1,69,22.0,Lagos
2012-07-31,26.8,23.7,24.6,18.4,19.1,11.39,87,1012.0,99,22.4,Lagos
2012-08-01,25.1,23.3,23.8,33.7,20.0,4.71,91,1011.7,98,22.2,Lagos
2012-08-02,27.1,23.0,24.9,2.1,20.2,18.88,87,1012.5,87,22.4,Lagos
2012-08-03,27.0,24.0,25.0,1.7,19.5,13.5,86,1012.0,97,22.4,Lagos
2012-08-04,26.2,24.1,24.8,7.9,21.3,11.62,86,1012.2,92,22.3,Lagos
2012-08-05,26.0,23.6,24.8,1.5,21.4,15.25,84,1013.4,65,21.8,Lagos
2012-08-06,26.2,23.4,24.7,0.6,20.6,14.22,83,1013.4,83,21.6,Lagos
2012-08-07,26.8,23.9,24.8,3.6,19.7,13.46,85,1012.5,86,22.0,Lagos
2012-08-08,26.9,23.7,24.9,1.6,21.3,16.17,84,1012.4,66,22.0,Lagos
2012-08-09,25.8,23.4,24.2,3.6,20.5,7.99,86,1012.3,93,21.7,Lagos
2012-08-10,26.0,23.2,24.1,4.3,22.8,12.86,87,1012.3,89,21.8,Lagos
2012-08-11,24.4,22.9,23.5,30.6,23.7,6.66,91,1012.9,93,21.9,Lagos
2012-08-12,26.1,22.7,24.1,0.2,21.4,19.85,84,1014.4,48,21.2,Lagos
2012-08-13,25.4,23.1,24.0,1.1,19.9,13.36,84,1013.9,79,21.2,Lagos
2012-08-14,25.1,23.2,23.8,1.2,21.4,10.22,85,1012.9,85,21.0,Lagos
2012-08-15,25.9,22.7,24.0,0.6,21.1,20.24,84,1014.2,69,21.0,Lagos
2012-08-16,26.5,22.1,23.9,0.0,15.8,18.82,84,1014.2,61,21.0,Lagos
2012-08-17,24.9,22.6,23.6,0.0,21.3,9.79,86,1011.8,89,21.2,Lagos
2012-08-18,23.4,22.8,23.1,20.7,18.8,3.54,94,1010.6,100,22.0,Lagos
2012-08-19,26.5,23.1,24.4,2.1,23.2,16.94,86,1012.6,76,21.9,Lagos
2012-08-20,27.1,23.0,24.6,1.3,18.1,19.42,86,1013.9,80,22.1,Lagos
2012-08-21,26.3,23.3,24.6,0.4,20.0,14.44,87,1012.5,95,22.3,Lagos
2012-08-22,25.5,23.1,24.0,16.1,26.6,10.97,90,1012.5,96,22.2,Lagos
2012-08-23,26.3,23.1,24.3,3.4,20.6,15.79,87,1012.6,80,22.1,Lagos
2012-08-24,25.6,23.1,24.0,3.1,15.9,10.68,89,1013.2,98,22.0,Lagos
2012-08-25,26.3,23.1,24.5,0.6,15.9,17.65,87,1014.2,87,22.1,Lagos
2012-08-26,26.8,23.0,24.6,0.6,18.9,18.4,88,1013.7,53,22.4,Lagos
2012-08-27,26.9,23.6,25.0,1.1,18.6,17.22,85,1013.1,53,22.2,Lagos
2012-08-28,26.4,23.7,24.8,3.9,20.2,13.06,87,1012.7,87,22.4,Lagos
2012-08-29,26.8,23.5,25.0,1.5,18.4,18.45,86,1013.0,95,22.5,Lagos
2012-08-30,27.1,23.6,25.2,0.4,17.3,19.51,85,1013.3,75,22.5,Lagos
2012-08-31,26.6,23.9,25.1,0.3,19.4,13.15,85,1013.1,89,22.4,Lagos
2012-09-01,27.1,23.9,24.9,1.2,21.2,13.86,87,1012.6,87,22.4,Lagos
2012-09-02,25.8,23.3,24.5,6.5,20.3,10.48,88,1013.2,81,22.4,Lagos
2012-09-03,26.3,23.8,24.8,1.8,20.0,14.11,86,1013.9,86,22.4,Lagos
2012-09-04,26.4,23.6,24.8,2.0,21.2,14.59,86,1013.3,85,22.3,Lagos
2012-09-05,26.9,23.5,25.0,2.3,19.1,17.0,87,1013.4,83,22.6,Lagos
2012-09-06,26.9,23.8,24.9,4.3,15.1,16.61,89,1013.8,76,22.9,Lagos
2012-09-07,27.1,23.5,24.9,4.6,13.5,15.7,89,1013.1,78,22.9,Lagos
2012-09-08,26.8,23.9,25.0,4.3,17.4,14.35,88,1012.7,92,22.9,Lagos
2012-09-09,27.8,23.9,25.5,5.8,18.9,18.79,85,1013.0,74,22.7,Lagos
2012-09-10,26.7,23.9,25.2,6.9,12.5,14.2,87,1012.4,72,22.8,Lagos
2012-09-11,26.3,24.1,24.9,6.2,16.9,14.53,87,1012.3,64,22.6,Lagos
2012-09-12,26.6,23.7,24.9,2.7,15.3,16.08,87,1013.3,88,22.6,Lagos
2012-09-13,27.1,23.7,25.1,1.9,15.9,15.59,86,1012.9,83,22.7,Lagos
2012-09-14,27.4,23.9,25.1,5.9,15.4,15.49,88,1012.2,68,22.9,Lagos
2012-09-15,27.2,24.0,25.5,3.1,18.7,17.46,85,1011.7,44,22.8,Lagos
2012-09-16,27.2,23.9,25.3,5.7,19.3,16.55,86,1012.0,97,22.8,Lagos
2012-09-17,27.3,23.6,25.2,6.1,14.4,17.74,87,1012.8,79,22.9,Lagos
2012-09-18,28.6,23.9,25.8,0.8,16.0,20.62,84,1012.3,85,22.8,Lagos
2012-09-19,27.1,24.1,25.0,10.8,15.8,10.44,87,1011.1,93,22.8,Lagos
2012-09-20,25.6,23.9,24.6,12.2,16.2,10.88,90,1011.2,88,22.9,Lagos
2012-09-21,28.2,23.4,25.7,0.4,12.2,18.7,85,1012.0,84,23.0,Lagos
2012-09-22,26.9,23.8,25.0,9.3,15.6,15.56,89,1011.9,87,23.2,Lagos
2012-09-23,27.8,23.7,25.3,2.6,14.2,19.71,87,1012.7,84,22.8,Lagos
2012-09-24,28.2,24.1,25.9,0.9,13.8,19.43,84,1011.7,73,23.0,Lagos
2012-09-25,28.3,24.4,26.0,1.4,15.9,19.83,86,1010.7,73,23.4,Lagos
2012-09-26,27.6,23.8,25.5,9.6,14.5,16.92,88,1011.4,69,23.4,Lagos
2012-09-27,26.6,23.9,24.6,31.3,15.0,6.6,91,1013.0,99,23.0,Lagos
2012-09-28,28.1,23.4,25.5,0.0,14.9,14.46,87,1013.1,76,23.1,Lagos
2012-09-29,26.9,23.9,25.3,5.3,16.1,6.54,90,1012.4,89,23.5,Lagos
2012-09-30,26.4,24.0,24.9,14.8,13.4,12.37,91,1011.2,92,23.2,Lagos
2012-10-01,26.7,23.2,24.9,6.9,11.4,14.19,89,1012.2,93,23.0,Lagos
2012-10-02,28.6,23.8,25.6,5.1,9.6,19.27,87,1012.2,89,23.2,Lagos
2012-10-03,27.7,23.7,25.5,5.5,14.8,16.43,90,1011.6,81,23.6,Lagos
2012-10-04,28.7,24.4,26.0,4.4,13.4,18.2,86,1010.9,85,23.5,Lagos
2012-10-05,28.0,24.2,25.8,5.1,11.5,17.81,87,1010.3,70,23.5,Lagos
2012-10-06,28.1,24.9,25.9,2.2,12.7,16.08,87,1010.6,91,23.4,Lagos
2012-10-07,28.6,24.3,25.9,4.5,15.1,18.78,86,1010.5,64,23.3,Lagos
2012-10-08,27.1,23.8,25.2,13.4,10.5,11.98,88,1011.2,91,23.1,Lagos
2012-10-09,28.8,23.7,26.0,0.1,11.4,18.76,86,1010.7,90,23.5,Lagos
2012-10-10,28.0,23.8,25.9,11.6,15.5,13.06,87,1010.3,93,23.6,Lagos
2012-10-11,28.6,24.4,26.0,11.3,13.6,16.79,87,1010.7,91,23.6,Lagos
2012-10-12,28.2,24.1,26.0,4.4,15.6,18.31,86,1011.8,75,23.3,Lagos
2012-10-13,28.4,24.4,26.3,1.0,14.9,20.44,85,1011.0,53,23.5,Lagos
2012-10-14,28.4,24.5,26.5,2.1,13.2,20.1,85,1009.5,50,23.7,Lagos
2012-10-15,27.3,24.5,26.0,8.8,11.3,14.01,86,1009.6,84,23.5,Lagos
2012-10-16,28.5,23.9,26.0,5.9,12.0,16.41,88,1010.1,97,23.7,Lagos
2012-10-17,29.1,23.8,26.3,6.7,10.9,17.1,87,1010.1,86,23.9,Lagos
2012-10-18,28.1,24.9,26.4,2.5,14.2,10.83,86,1009.4,89,23.7,Lagos
2012-10-19,27.9,24.6,26.1,6.5,11.4,12.57,87,1009.2,98,23.7,Lagos
2012-10-20,28.7,24.0,26.0,3.8,12.3,19.32,87,1008.8,59,23.6,Lagos
2012-10-21,27.9,25.0,26.2,6.7,14.9,16.5,87,1008.1,63,23.8,Lagos
2012-10-22,28.4,24.1,26.2,5.0,12.4,17.56,87,1009.4,72,23.7,Lagos
2012-10-23,28.1,24.6,25.8,9.7,12.4,14.31,89,1010.4,95,23.9,Lagos
2012-10-24,28.2,23.8,25.9,2.7,11.8,15.84,86,1010.7,100,23.4,Lagos
2012-10-25,28.3,25.2,26.6,1.1,10.5,18.63,86,1009.7,58,24.1,Lagos
2012-10-26,28.5,23.9,26.0,7.3,11.2,18.8,87,1010.0,63,23.6,Lagos
2012-10-27,28.6,24.8,26.1,5.9,12.2,16.2,86,1009.7,81,23.6,Lagos
2012-10-28,28.9,24.6,26.5,3.0,13.5,18.98,84,1010.1,70,23.5,Lagos
2012-10-29,29.2,24.9,26.7,1.5,16.0,17.53,84,1010.8,74,23.7,Lagos
2012-10-30,28.9,24.9,26.7,2.0,15.5,19.34,86,1010.8,71,24.1,Lagos
2012-10-31,28.7,25.3,26.5,3.0,12.5,17.15,86,1010.1,58,24.1,Lagos
2012-11-01,29.7,24.9,27.1,0.0,13.2,18.33,84,1009.5,36,24.2,Lagos
2012-11-02,28.8,25.5,26.9,1.0,17.6,17.15,88,1009.1,40,24.7,Lagos
2012-11-03,28.6,25.4,26.7,1.8,15.5,17.13,85,1010.1,52,23.8,Lagos
2012-11-04,28.8,24.1,26.5,2.5,11.5,18.65,86,1010.2,54,23.9,Lagos
2012-11-05,29.4,25.1,26.7,3.1,11.4,18.5,85,1009.7,44,23.9,Lagos
2012-11-06,29.2,25.6,26.6,2.7,11.8,17.86,88,1010.3,49,24.4,Lagos
2012-11-07,28.1,25.3,26.4,3.3,12.2,16.65,86,1010.4,61,23.7,Lagos
2012-11-08,27.8,25.0,25.9,9.0,13.1,12.68,87,1009.6,98,23.6,Lagos
2012-11-09,26.8,24.2,25.3,4.6,16.0,9.56,90,1009.0,99,23.5,Lagos
2012-11-10,29.1,24.1,26.4,0.0,10.8,16.62,85,1008.5,59,23.6,Lagos
2012-11-11,29.2,24.3,26.6,4.9,11.4,16.15,86,1009.3,76,24.0,Lagos
2012-11-12,27.5,24.9,26.3,2.7,9.1,11.2,88,1009.8,99,24.1,Lagos
2012-11-13,29.2,25.3,26.9,2.3,9.5,16.0,85,1010.2,94,24.2,Lagos
2012-11-14,28.9,25.7,26.6,3.6,11.2,15.55,88,1009.6,83,24.3,Lagos
2012-11-15,29.3,25.1,27.1,0.4,12.0,17.6,86,1009.0,41,24.5,Lagos
2012-11-16,29.8,25.6,27.3,0.5,13.9,18.99,88,1008.7,16,25.0,Lagos
2012-11-17,29.7,25.6,27.3,1.0,14.5,18.76,86,1009.0,33,24.8,Lagos
2012-11-18,29.7,26.1,27.2,2.6,16.8,17.99,86,1009.6,79,24.6,Lagos
2012-11-19,29.6,26.1,27.2,3.4,15.0,16.83,86,1010.1,90,24.7,Lagos
2012-11-20,29.0,25.7,26.9,3.3,15.0,14.32,89,1009.9,86,25.0,Lagos
2012-11-21,29.8,26.0,27.3,1.8,15.3,17.05,87,1009.5,70,24.8,Lagos
2012-11-22,29.1,25.8,27.0,4.0,11.2,16.07,87,1008.7,45,24.6,Lagos
2012-11-23,28.9,25.8,27.0,4.2,12.5,15.99,87,1008.7,50,24.5,Lagos
2012-11-24,28.2,25.6,26.7,4.1,12.9,14.83,87,1008.9,45,24.3,Lagos
2012-11-25,29.5,25.5,26.9,1.8,16.9,17.31,87,1009.6,54,24.5,Lagos
2012-11-26,27.8,25.6,26.5,3.1,11.9,11.27,87,1011.2,96,24.1,Lagos
2012-11-27,29.0,25.0,26.6,2.0,8.8,15.6,87,1010.5,67,24.3,Lagos
2012-11-28,28.6,25.4,26.9,2.3,11.0,15.34,87,1009.6,54,24.4,Lagos
2012-11-29,29.8,25.3,27.5,0.8,13.7,18.7,86,1008.1,38,24.8,Lagos
2012-11-30,30.0,25.7,27.6,0.4,12.0,18.08,85,1007.1,27,24.8,Lagos
2012-12-01,29.4,25.7,27.2,1.0,12.5,14.7,88,1007.8,67,25.0,Lagos
2012-12-02,29.8,26.0,27.3,5.0,16.4,16.38,87,1008.8,43,24.8,Lagos
2012-12-03,27.9,26.1,27.0,1.8,15.9,12.7,86,1010.1,95,24.3,Lagos
2012-12-04,29.9,26.0,27.5,0.8,15.3,16.58,83,1009.3,95,24.3,Lagos
2012-12-05,28.0,25.5,26.7,0.6,16.9,15.31,86,1008.5,90,24.1,Lagos
2012-12-06,28.5,24.5,26.5,1.0,13.7,15.63,86,1009.3,69,24.0,Lagos
2012-12-07,28.1,25.8,26.4,8.3,15.3,12.65,87,1010.3,94,24.0,Lagos
2012-12-08,29.3,25.3,27.0,1.6,12.5,16.0,85,1010.8,82,24.1,Lagos
2012-12-09,29.3,24.2,26.8,0.4,10.5,17.24,85,1010.2,43,24.1,Lagos
2012-12-10,29.4,25.0,27.1,1.1,14.3,16.89,86,1008.5,35,24.4,Lagos
2012-12-11,28.6,25.9,26.9,2.3,13.4,15.75,88,1008.4,33,24.6,Lagos
2012-12-12,28.8,25.3,26.6,1.8,12.7,15.54,87,1008.4,48,24.3,Lagos
2012-12-13,29.6,25.3,27.0,0.3,13.7,17.24,85,1008.2,41,24.1,Lagos
2012-12-14,29.4,25.4,27.0,0.5,13.0,17.17,86,1008.5,40,24.3,Lagos
2012-12-15,30.1,25.7,27.4,0.1,13.8,18.26,85,1009.0,48,24.5,Lagos
2012-12-16,29.9,26.0,27.5,1.7,13.5,16.8,84,1008.3,27,24.5,Lagos
2012-12-17,29.7,25.0,27.2,0.3,13.8,16.48,86,1007.8,47,24.7,Lagos
2012-12-18,30.9,25.5,27.5,0.1,14.2,19.56,82,1008.1,78,24.0,Lagos
2012-12-19,31.3,25.6,27.9,0.0,12.2,19.45,81,1008.5,53,24.1,Lagos
2012-12-20,31.2,25.5,27.8,0.0,13.2,20.02,81,1008.3,19,24.0,Lagos
2012-12-21,30.5,24.8,27.5,0.0,9.4,18.83,79,1008.9,29,23.4,Lagos
2012-12-22,30.7,24.6,27.7,0.0,12.8,18.24,78,1009.3,26,23.4,Lagos
2012-12-23,32.1,24.8,28.0,0.0,12.6,20.12,78,1009.1,13,23.7,Lagos
2012-12-24,30.8,24.8,27.6,0.0,13.9,17.54,82,1009.2,21,24.0,Lagos
2012-12-25,31.2,24.6,27.9,0.3,12.6,19.02,79,1009.3,12,23.7,Lagos
2012-12-26,32.3,25.1,28.2,0.0,15.5,21.26,76,1009.9,9,23.1,Lagos
2012-12-27,31.8,25.1,27.9,0.0,14.8,19.76,78,1009.7,48,23.3,Lagos
2012-12-28,31.2,25.3,27.8,0.0,13.3,18.56,78,1009.0,45,23.4,Lagos
2012-12-29,31.6,24.9,27.7,0.0,14.6,20.19,79,1008.8,19,23.4,Lagos
2012-12-30,31.5,25.4,28.0,0.0,13.3,19.36,77,1009.1,21,23.2,Lagos
2012-12-31,32.3,25.5,28.4,0.0,13.9,19.77,75,1008.2,17,23.2,Lagos
2013-01-01,32.5,25.0,28.1,0.3,14.1,21.72,62,1008.3,16,18.2,Lagos
2013-01-02,32.6,24.5,28.1,0.0,13.1,21.87,65,1009.4,6,20.2,Lagos
2013-01-03,32.6,24.4,27.9,0.0,14.8,21.81,73,1010.8,10,22.1,Lagos
2013-01-04,32.9,24.4,28.0,0.0,14.5,21.91,74,1011.1,55,22.3,Lagos
2013-01-05,32.0,25.1,27.9,0.0,16.4,20.33,75,1010.3,39,22.7,Lagos
2013-01-06,32.2,24.5,27.7,0.0,16.4,22.02,74,1010.2,25,22.1,Lagos
2013-01-07,31.3,24.2,27.5,0.0,13.6,19.39,73,1011.3,23,21.8,Lagos
2013-01-08,30.8,24.9,27.6,0.1,12.3,16.59,77,1011.5,72,23.0,Lagos
2013-01-09,31.7,25.0,27.8,0.0,15.2,19.8,82,1010.4,32,24.1,Lagos
2013-01-10,32.4,25.6,27.8,0.0,14.0,20.41,80,1010.1,27,23.5,Lagos
2013-01-11,31.1,24.5,27.0,0.0,16.0,21.23,79,1009.1,21,22.6,Lagos
2013-01-12,32.6,23.7,27.5,0.0,14.1,21.55,77,1008.1,20,22.5,Lagos
2013-01-13,32.6,24.3,27.6,0.0,15.1,21.43,77,1007.4,14,22.7,Lagos
2013-01-14,31.0,25.3,27.7,0.0,15.9,19.04,78,1007.2,26,23.3,Lagos
2013-01-15,31.9,25.5,28.4,0.0,17.4,20.16,77,1007.4,51,23.8,Lagos
2013-01-16,32.9,26.4,28.7,0.4,17.4,19.74,80,1007.7,60,24.7,Lagos
2013-01-17,31.3,26.7,28.3,0.7,17.4,17.34,84,1009.0,69,25.2,Lagos
2013-01-18,29.6,26.8,27.6,3.1,21.6,14.74,86,1009.0,93,25.0,Lagos
2013-01-19,29.9,25.2,27.5,3.2,17.3,15.74,86,1009.2,70,24.9,Lagos
2013-01-20,29.9,26.3,27.9,2.3,12.4,18.02,86,1008.9,55,25.3,Lagos
2013-01-21,30.8,26.7,28.3,0.3,22.1,18.13,84,1008.7,41,25.2,Lagos
2013-01-22,30.5,26.3,27.8,3.4,17.6,16.28,84,1009.4,67,24.9,Lagos
2013-01-23,30.7,26.6,28.1,0.9,19.7,17.23,84,1009.8,59,25.0,Lagos
2013-01-24,30.0,25.7,27.7,0.5,17.8,13.82,84,1010.2,95,24.6,Lagos
2013-01-25,31.5,26.5,28.3,0.8,18.0,17.93,81,1009.4,68,24.7,Lagos
2013-01-26,30.0,26.8,27.7,5.5,21.6,15.54,85,1009.7,85,25.0,Lagos
2013-01-27,29.6,26.2,27.3,7.3,14.1,15.13,86,1011.0,84,24.7,Lagos
2013-01-28,30.8,25.2,27.5,0.2,12.2,14.23,84,1011.1,98,24.5,Lagos
2013-01-29,30.1,26.1,27.7,1.1,16.1,17.65,84,1010.5,65,24.7,Lagos
2013-01-30,31.3,26.0,28.0,0.0,17.3,20.31,81,1010.1,20,24.2,Lagos
2013-01-31,30.9,25.1,27.8,1.7,12.4,19.67,81,1010.0,18,24.1,Lagos
2013-02-01,31.6,24.4,27.3,0.0,15.5,23.58,62,1010.1,15,17.9,Lagos
2013-02-02,31.3,22.9,26.8,0.0,11.9,23.77,62,1009.6,6,18.0,Lagos
2013-02-03,30.9,22.8,26.7,0.0,12.1,22.27,75,1008.2,23,21.5,Lagos
2013-02-04,31.6,24.2,27.1,0.0,15.6,22.49,78,1008.6,72,22.6,Lagos
2013-02-05,31.9,24.6,27.8,0.0,17.4,21.24,81,1008.5,35,24.0,Lagos
2013-02-06,31.0,26.1,28.0,0.0,14.8,18.32,82,1009.2,25,24.5,Lagos
2013-02-07,31.4,26.0,27.8,1.4,18.6,18.36,83,1008.0,62,24.5,Lagos
2013-02-08,32.5,26.2,28.2,0.8,18.3,19.76,82,1007.6,68,24.6,Lagos
2013-02-09,32.0,25.9,28.2,0.0,19.8,20.73,81,1006.7,72,24.4,Lagos
2013-02-10,30.7,26.1,27.8,0.0,18.8,16.05,82,1007.7,99,24.4,Lagos
2013-02-11,32.0,26.0,28.0,0.7,20.0,19.51,82,1007.3,70,24.4,Lagos
2013-02-12,30.6,26.3,27.9,0.5,15.9,16.88,82,1007.9,92,24.5,Lagos
2013-02-13,31.1,26.4,28.3,1.8,17.1,20.24,80,1007.9,70,24.3,Lagos
2013-02-14,31.2,26.5,28.2,0.7,17.1,19.59,81,1007.6,47,24.4,Lagos
2013-02-15,31.6,26.2,28.4,0.6,18.2,19.49,80,1007.7,85,24.5,Lagos
2013-02-16,31.1,26.2,28.2,1.5,20.8,17.78,82,1007.6,98,24.7,Lagos
2013-02-17,30.0,26.7,27.8,5.8,21.7,15.8,84,1008.3,91,24.7,Lagos
2013-02-18,29.7,26.0,27.4,3.5,16.8,15.31,84,1008.3,99,24.4,Lagos
2013-02-19,30.0,26.4,27.8,0.9,17.2,17.19,80,1009.0,69,24.0,Lagos
2013-02-20,30.1,26.3,27.8,0.2,17.6,18.74,81,1009.8,58,24.3,Lagos
2013-02-21,31.1,26.3,28.0,0.7,13.4,19.28,82,1008.7,48,24.5,Lagos
2013-02-22,31.7,26.2,28.2,0.3,16.1,20.86,81,1007.4,64,24.6,Lagos
2013-02-23,31.3,26.9,28.5,0.9,18.3,18.59,81,1007.1,59,24.8,Lagos
2013-02-24,30.9,27.1,28.5,0.1,19.5,18.94,80,1007.1,56,24.7,Lagos
2013-02-25,30.8,26.8,28.3,0.3,18.1,18.11,81,1008.1,97,24.6,Lagos
2013-02-26,30.9,26.8,28.4,1.1,17.3,18.95,83,1009.2,70,25.0,Lagos
2013-02-27,31.5,26.5,28.3,0.2,17.1,19.89,82,1009.2,95,24.8,Lagos
2013-02-28,31.3,26.6,28.4,0.9,16.6,19.68,82,1008.6,43,24.9,Lagos
2013-03-01,31.4,26.7,28.5,0.8,18.2,20.1,81,1008.0,48,24.8,Lagos
2013-03-02,30.9,26.9,28.4,4.0,18.9,20.06,82,1008.0,37,25.0,Lagos
2013-03-03,31.0,27.0,28.6,2.3,19.3,19.64,82,1008.4,37,25.2,Lagos
2013-03-04,30.4,26.9,28.1,6.3,20.0,16.39,83,1009.4,81,24.9,Lagos
2013-03-05,30.9,26.6,28.3,0.1,17.2,15.04,81,1009.5,65,24.7,Lagos
2013-03-06,31.2,27.0,28.7,0.3,18.1,18.66,80,1008.9,46,24.8,Lagos
2013-03-07,31.1,27.3,28.8,0.9,18.7,19.81,80,1008.7,51,25.0,Lagos
2013-03-08,31.6,27.1,28.8,0.9,20.4,20.07,81,1008.7,66,25.2,Lagos
2013-03-09,30.7,26.9,28.1,5.2,22.4,16.25,84,1009.1,83,25.0,Lagos
2013-03-10,30.7,26.6,28.2,1.5,18.4,17.51,82,1009.4,76,24.8,Lagos
2013-03-11,31.3,26.8,28.4,1.7,17.6,19.11,82,1008.6,24,24.9,Lagos
2013-03-12,30.8,26.9,28.2,4.8,18.0,19.61,82,1008.4,47,24.9,Lagos
2013-03-13,30.8,26.5,28.2,0.1,16.4,19.51,82,1007.9,59,24.8,Lagos
2013-03-14,31.2,26.9,28.6,0.4,15.5,19.18,81,1007.4,78,24.9,Lagos
2013-03-15,31.5,27.1,28.7,0.5,22.5,20.95,81,1007.5,64,25.0,Lagos
2013-03-16,30.9,26.9,28.4,0.4,17.3,16.6,80,1008.7,82,24.6,Lagos
2013-03-17,30.3,26.8,28.3,0.3,18.3,17.35,79,1009.3,87,24.3,Lagos
2013-03-18,31.1,26.7,28.6,0.1,16.5,18.42,80,1008.3,56,24.7,Lagos
2013-03-19,31.1,27.0,28.4,4.6,18.4,19.42,82,1006.8,54,25.0,Lagos
2013-03-20,31.3,26.7,28.6,0.1,20.7,20.17,81,1006.4,54,24.9,Lagos
2013-03-21,31.0,26.9,28.4,2.6,19.1,20.73,82,1007.6,59,24.9,Lagos
2013-03-22,31.3,26.5,28.1,0.7,19.1,21.34,82,1007.4,59,24.6,Lagos
2013-03-23,31.1,26.7,28.0,4.3,21.3,19.08,82,1007.4,77,24.5,Lagos
2013-03-24,29.9,26.4,27.7,2.4,17.9,19.21,82,1008.3,98,24.4,Lagos
2013-03-25,31.2,26.7,28.6,0.0,18.0,19.67,79,1008.4,68,24.4,Lagos
2013-03-26,31.5,27.0,28.6,0.6,16.4,22.87,79,1009.1,41,24.4,Lagos
2013-03-27,31.3,25.6,28.0,2.4,18.7,21.28,81,1009.2,94,24.3,Lagos
2013-03-28,28.5,26.3,27.3,6.2,12.6,9.85,86,1010.3,100,24.7,Lagos
2013-03-29,30.4,26.5,28.0,0.1,16.1,17.36,82,1010.5,68,24.6,Lagos
2013-03-30,30.7,26.5,28.3,1.9,19.2,18.8,81,1010.3,69,24.6,Lagos
2013-03-31,31.0,26.6,28.4,3.4,16.0,19.07,81,1010.0,60,24.7,Lagos
2013-04-01,31.4,26.3,28.6,0.8,17.2,21.95,80,1010.1,28,24.7,Lagos
2013-04-02,30.5,25.2,27.6,4.1,15.1,19.11,83,1010.6,89,24.4,Lagos
2013-04-03,30.8,26.5,28.4,0.1,14.1,19.5,79,1009.2,68,24.3,Lagos
2013-04-04,30.9,26.5,28.0,5.1,18.6,18.08,83,1008.7,68,24.8,Lagos
2013-04-05,30.8,26.7,28.3,4.0,17.7,18.41,84,1009.3,54,25.2,Lagos
2013-04-06,30.9,26.7,28.4,3.4,20.2,19.18,83,1009.5,88,25.2,Lagos
2013-04-07,30.7,26.3,27.9,5.9,19.6,20.08,84,1009.1,78,24.9,Lagos
2013-04-08,29.4,26.1,27.3,8.3,17.4,15.84,86,1009.5,69,24.7,Lagos
2013-04-09,28.5,25.9,27.0,4.6,15.8,14.27,85,1010.4,89,24.2,Lagos
2013-04-10,29.2,25.8,27.4,0.0,15.5,11.53,84,1010.6,78,24.3,Lagos
2013-04-11,30.8,26.0,28.2,0.0,14.1,20.92,80,1008.5,36,24.2,Lagos
2013-04-12,30.5,26.7,28.3,1.5,17.9,20.29,80,1007.5,36,24.5,Lagos
2013-04-13,31.4,26.7,28.8,0.1,16.3,22.31,78,1008.5,76,24.4,Lagos
2013-04-14,30.9,26.6,28.2,2.3,21.5,20.09,83,1009.2,92,24.9,Lagos
2013-04-15,28.8,25.8,27.4,4.4,12.9,12.1,85,1009.4,97,24.6,Lagos
2013-04-16,30.5,26.3,28.0,1.5,17.5,19.58,82,1008.7,58,24.5,Lagos
2013-04-17,30.9,26.2,28.1,1.9,14.5,20.16,82,1009.0,73,24.7,Lagos
2013-04-18,30.6,25.9,27.9,2.1,17.7,21.27,80,1008.6,62,24.1,Lagos
2013-04-19,28.7,25.8,27.3,9.6,15.5,14.42,83,1008.2,94,24.2,Lagos
2013-04-20,30.4,25.3,27.8,1.6,12.1,20.63,82,1008.6,66,24.4,Lagos
2013-04-21,29.4,25.9,27.5,9.5,15.6,16.76,85,1008.2,80,24.8,Lagos
2013-04-22,29.2,25.1,27.2,13.8,12.1,15.72,86,1008.3,94,24.6,Lagos
2013-04-23,29.8,24.8,27.0,6.0,15.9,13.23,86,1007.7,99,24.5,Lagos
2013-04-24,30.7,25.9,27.8,3.8,12.6,19.49,85,1009.0,87,25.0,Lagos
2013-04-25,30.6,25.3,27.9,10.2,15.3,19.94,86,1010.0,86,25.2,Lagos
2013-04-26,29.9,25.0,27.3,1.4,13.3,15.25,84,1010.8,91,24.3,Lagos
2013-04-27,30.5,26.5,27.8,5.8,18.9,18.95,84,1008.6,82,24.8,Lagos
2013-04-28,29.3,25.8,27.4,5.0,11.9,15.31,86,1008.5,91,24.8,Lagos
2013-04-29,29.8,26.0,27.9,2.7,12.7,18.77,83,1008.5,61,24.8,Lagos
2013-04-30,29.9,25.9,27.4,16.0,18.6,15.62,86,1009.3,94,24.8,Lagos
2013-05-01,28.1,24.9,26.4,12.7,11.6,7.82,88,1010.8,100,24.2,Lagos
2013-05-02,30.1,24.4,27.1,0.0,13.6,24.24,83,1008.9,50,23.8,Lagos
2013-05-03,30.3,26.3,28.0,0.1,17.6,19.88,82,1008.1,96,24.6,Lagos
2013-05-04,29.6,26.4,27.8,3.4,16.6,18.95,85,1008.4,97,25.0,Lagos
2013-05-05,30.0,25.3,27.3,5.8,13.5,18.78,86,1009.8,86,24.7,Lagos
2013-05-06,29.4,26.1,27.5,1.2,10.9,17.7,85,1010.6,97,24.8,Lagos
2013-05-07,30.0,26.2,27.8,0.7,16.1,19.5,83,1011.2,79,24.5,Lagos
2013-05-08,29.4,26.3,27.7,2.4,16.7,17.08,83,1011.3,98,24.4,Lagos
2013-05-09,31.0,25.6,28.2,0.0,16.0,23.43,79,1010.7,43,24.1,Lagos
2013-05-10,29.6,25.7,27.3,8.1,16.0,19.16,85,1011.0,80,24.5,Lagos
2013-05-11,28.2,24.6,26.4,11.0,15.5,13.62,86,1011.6,99,23.8,Lagos
2013-05-12,28.9,25.7,26.9,6.3,13.5,17.13,84,1011.4,82,23.9,Lagos
2013-05-13,27.8,24.9,26.4,3.8,15.4,8.93,85,1011.8,100,23.5,Lagos
2013-05-14,29.0,25.9,26.9,8.5,11.2,14.54,84,1011.0,82,24.0,Lagos
2013-05-15,28.8,25.4,27.0,1.7,14.6,16.54,85,1009.3,95,24.3,Lagos
2013-05-16,29.5,24.7,27.3,1.4,12.8,18.69,84,1008.6,53,24.3,Lagos
2013-05-17,29.0,25.8,26.9,16.2,16.1,14.3,87,1009.3,97,24.5,Lagos
2013-05-18,28.2,25.0,26.6,13.8,14.1,13.58,88,1010.7,98,24.4,Lagos
2013-05-19,28.5,25.0,26.7,1.6,9.7,10.68,87,1010.9,83,24.2,Lagos
2013-05-20,29.1,25.9,27.2,1.4,16.3,19.47,85,1010.1,80,24.4,Lagos
2013-05-21,28.1,25.7,26.8,8.4,11.5,14.08,87,1009.8,93,24.4,Lagos
2013-05-22,29.5,25.6,27.2,2.5,16.9,18.98,85,1010.3,63,24.4,Lagos
2013-05-23,29.3,24.8,27.0,6.1,11.1,14.57,85,1010.8,90,24.1,Lagos
2013-05-24,29.6,26.5,27.7,1.1,14.8,18.27,84,1010.2,61,24.7,Lagos
2013-05-25,29.3,25.4,27.4,4.0,17.4,19.05,85,1010.0,76,24.6,Lagos
2013-05-26,27.9,25.1,26.0,11.6,13.8,9.86,88,1010.5,100,23.8,Lagos
2013-05-27,26.9,24.3,25.7,8.7,16.4,9.23,90,1010.5,96,23.9,Lagos
2013-05-28,29.8,24.0,26.4,2.3,15.9,18.62,83,1010.8,92,23.2,Lagos
2013-05-29,29.1,24.3,26.5,0.0,15.1,16.32,82,1010.4,83,23.1,Lagos
2013-05-30,28.1,25.3,26.5,1.7,14.9,11.65,86,1011.1,96,24.1,Lagos
2013-05-31,29.1,24.9,27.0,0.1,13.6,18.15,85,1010.3,82,24.1,Lagos
2013-06-01,28.4,25.8,26.7,5.7,15.0,15.22,85,1009.7,69,24.0,Lagos
2013-06-02,28.7,25.3,26.4,9.4,14.7,17.15,85,1010.9,83,23.8,Lagos
2013-06-03,26.8,24.9,25.5,12.8,13.3,9.24,89,1012.0,98,23.5,Lagos
2013-06-04,28.4,23.8,25.9,9.0,16.9,13.62,87,1011.8,83,23.6,Lagos
2013-06-05,28.8,24.6,26.5,4.2,17.8,17.19,85,1011.4,77,23.6,Lagos
2013-06-06,27.4,24.3,25.6,10.0,13.7,14.05,88,1012.7,98,23.5,Lagos
2013-06-07,28.2,24.2,26.1,1.2,15.6,19.08,87,1012.8,80,23.8,Lagos
2013-06-08,28.3,24.7,26.2,2.6,14.5,17.82,86,1011.8,81,23.7,Lagos
2013-06-09,27.8,24.8,26.0,3.2,17.8,17.09,87,1011.3,82,23.6,Lagos
2013-06-10,28.4,24.2,26.2,3.4,15.6,18.04,86,1011.6,70,23.7,Lagos
2013-06-11,28.4,25.0,26.4,4.6,13.9,16.47,86,1012.5,85,23.8,Lagos
2013-06-12,28.5,25.2,26.5,1.1,19.4,16.28,86,1012.0,76,23.9,Lagos
2013-06-13,28.0,24.8,26.2,2.8,20.5,15.58,86,1011.6,75,23.7,Lagos
2013-06-14,27.5,24.6,25.9,3.4,17.0,16.79,87,1011.4,52,23.6,Lagos
2013-06-15,28.1,24.3,25.9,3.0,13.9,16.48,88,1011.4,85,23.8,Lagos
2013-06-16,28.0,24.5,26.0,5.1,14.1,13.91,86,1011.6,98,23.5,Lagos
2013-06-17,28.4,24.7,26.2,4.4,18.3,16.29,85,1011.5,71,23.5,Lagos
2013-06-18,26.8,24.6,25.7,13.8,18.1,12.97,87,1010.9,87,23.4,Lagos
2013-06-19,27.8,24.4,25.9,4.6,22.2,16.8,86,1010.7,65,23.3,Lagos
2013-06-20,27.1,24.3,25.8,2.4,19.8,15.21,86,1011.3,79,23.2,Lagos
2013-06-21,27.4,24.2,25.6,10.9,16.4,13.98,88,1011.9,70,23.4,Lagos
2013-06-22,27.9,25.0,26.2,0.9,17.3,18.08,85,1011.8,38,23.4,Lagos
2013-06-23,28.0,24.9,26.2,1.6,20.4,17.82,82,1011.5,53,22.8,Lagos
2013-06-24,28.2,25.0,26.3,0.3,23.2,17.65,77,1011.7,88,21.9,Lagos
2013-06-25,28.4,24.7,26.2,0.1,16.2,18.12,78,1012.3,81,22.0,Lagos
2013-06-26,28.6,24.8,26.4,0.0,17.4,18.14,80,1011.8,78,22.6,Lagos
2013-06-27,28.1,24.9,25.9,5.9,20.6,8.83,84,1012.1,97,22.9,Lagos
2013-06-28,26.4,23.9,25.1,18.9,17.1,9.37,89,1012.0,100,23.1,Lagos
2013-06-29,26.4,23.7,24.7,15.4,12.5,11.83,90,1012.1,90,23.0,Lagos
2013-06-30,25.7,23.6,24.7,8.1,14.6,10.27,89,1012.3,85,22.9,Lagos
2013-07-01,27.3,24.1,25.4,1.3,16.0,16.05,84,1012.9,76,22.6,Lagos
2013-07-02,27.2,24.2,25.5,0.4,19.2,17.82,84,1012.3,84,22.5,Lagos
2013-07-03,26.5,24.4,25.2,5.9,21.1,13.77,85,1011.7,92,22.5,Lagos
2013-07-04,26.6,24.3,25.2,0.9,20.7,12.23,85,1011.3,95,22.5,Lagos
2013-07-05,25.7,23.1,24.0,61.2,22.0,7.72,90,1011.4,94,22.3,Lagos
2013-07-06,26.2,23.3,24.3,11.9,18.4,10.83,89,1012.6,99,22.4,Lagos
2013-07-07,26.7,23.2,24.7,5.1,14.2,14.15,87,1012.8,95,22.3,Lagos
2013-07-08,26.2,23.1,24.3,14.7,14.0,10.78,89,1013.6,99,22.4,Lagos
2013-07-09,27.0,23.3,24.8,2.7,15.3,15.76,87,1014.0,72,22.5,Lagos
2013-07-10,27.3,23.6,25.1,1.3,17.9,18.9,85,1012.5,58,22.5,Lagos
2013-07-11,26.5,23.5,24.8,5.2,18.1,15.76,88,1011.8,77,22.6,Lagos
2013-07-12,26.7,23.2,24.8,5.5,15.3,15.29,88,1012.9,73,22.6,Lagos
2013-07-13,27.4,23.6,25.0,3.8,14.8,18.03,87,1013.4,82,22.7,Lagos
2013-07-14,26.9,23.7,24.9,3.8,16.5,14.21,87,1012.6,85,22.6,Lagos
2013-07-15,26.6,23.2,24.7,3.3,15.3,14.89,88,1013.1,74,22.6,Lagos
2013-07-16,27.2,23.6,25.1,3.1,16.5,18.39,87,1014.1,76,22.8,Lagos
2013-07-17,26.4,23.8,24.9,5.6,16.6,15.58,87,1013.9,81,22.6,Lagos
2013-07-18,26.4,23.6,24.7,4.2,14.6,16.38,88,1013.2,79,22.6,Lagos
2013-07-19,26.7,23.4,24.7,1.0,17.3,16.52,87,1012.7,69,22.3,Lagos
2013-07-20,25.9,23.6,24.5,5.4,17.7,12.12,87,1012.3,82,22.3,Lagos
2013-07-21,26.2,23.3,24.5,14.5,15.8,12.66,88,1012.2,89,22.3,Lagos
2013-07-22,26.6,23.2,24.8,0.9,17.1,16.18,86,1011.6,78,22.2,Lagos
2013-07-23,26.4,23.5,24.8,7.7,21.1,13.05,86,1010.8,86,22.4,Lagos
2013-07-24,25.9,23.6,24.4,2.9,23.5,10.33,88,1012.5,95,22.4,Lagos
2013-07-25,25.9,23.4,24.2,3.9,15.9,10.92,89,1014.9,99,22.4,Lagos
2013-07-26,26.6,23.2,24.6,0.9,17.3,16.6,86,1014.8,99,22.1,Lagos
2013-07-27,26.4,23.6,24.7,0.4,20.2,17.19,86,1012.9,79,22.2,Lagos
2013-07-28,25.8,23.8,24.4,5.0,20.4,9.45,87,1012.8,95,22.1,Lagos
2013-07-29,25.9,23.6,24.4,1.9,19.4,12.02,86,1014.4,89,21.9,Lagos
2013-07-30,26.5,23.2,24.6,0.3,16.6,16.62,86,1014.9,89,21.9,Lagos
2013-07-31,26.6,23.2,24.6,1.3,19.7,16.51,86,1013.6,67,22.1,Lagos
2013-08-01,26.5,23.5,24.6,0.5,22.0,18.0,84,1013.6,78,21.8,Lagos
2013-08-02,26.1,23.3,24.5,1.0,19.3,17.87,85,1014.1,73,21.8,Lagos
2013-08-03,26.5,23.2,24.6,0.1,16.9,18.32,85,1013.4,62,21.8,Lagos
2013-08-04,25.8,23.4,24.5,0.5,18.3,14.37,84,1012.7,83,21.6,Lagos
2013-08-05,26.7,23.6,24.7,1.8,21.1,17.45,84,1012.1,88,21.8,Lagos
2013-08-06,26.5,23.3,24.6,1.0,21.4,17.67,85,1011.0,83,21.9,Lagos
2013-08-07,25.9,23.6,24.4,3.4,22.3,13.57,85,1010.0,90,21.8,Lagos
2013-08-08,26.9,23.0,24.5,1.9,21.8,21.89,84,1010.4,46,21.5,Lagos
2013-08-09,26.5,23.1,24.4,0.4,19.1,19.62,84,1011.5,51,21.5,Lagos
2013-08-10,26.3,22.7,24.2,0.0,17.9,17.51,85,1012.0,42,21.3,Lagos
2013-08-11,26.2,22.6,24.1,0.3,18.3,15.66,85,1011.9,68,21.3,Lagos
2013-08-12,25.9,23.0,24.2,1.3,21.7,15.17,84,1012.8,95,21.3,Lagos
2013-08-13,26.5,22.8,24.3,0.6,18.4,19.3,82,1013.2,68,20.9,Lagos
2013-08-14,25.9,22.7,24.0,0.0,18.4,12.59,80,1012.9,72,20.3,Lagos
2013-08-15,25.0,23.3,24.1,2.5,24.5,9.04,83,1011.8,86,21.0,Lagos
2013-08-16,25.8,23.1,24.2,0.9,17.1,11.19,85,1011.7,87,21.4,Lagos
2013-08-17,26.3,22.9,24.3,0.9,18.7,14.76,85,1012.0,84,21.5,Lagos
2013-08-18,26.0,23.3,24.5,1.1,17.7,14.53,84,1011.9,82,21.6,Lagos
2013-08-19,26.7,23.1,24.7,0.6,17.1,13.28,86,1011.4,76,22.1,Lagos
2013-08-20,27.1,23.6,25.1,0.7,22.1,16.33,84,1011.5,76,22.2,Lagos
2013-08-21,27.0,23.8,25.0,1.7,23.0,17.34,85,1011.7,66,22.3,Lagos
2013-08-22,27.4,23.0,24.9,0.7,18.4,20.32,85,1011.4,59,22.0,Lagos
2013-08-23,27.1,23.6,24.9,3.2,17.8,17.7,85,1011.3,73,22.2,Lagos
2013-08-24,26.9,23.6,24.9,1.3,17.1,15.74,86,1011.8,92,22.3,Lagos
2013-08-25,26.8,23.5,24.8,5.0,17.3,14.08,86,1011.1,87,22.3,Lagos
2013-08-26,27.3,23.5,25.0,0.7,14.9,18.82,85,1011.4,59,22.3,Lagos
2013-08-27,27.4,23.7,25.2,0.5,15.8,19.33,85,1011.8,62,22.4,Lagos
2013-08-28,26.8,23.9,25.1,3.9,17.2,15.07,86,1012.2,90,22.5,Lagos
2013-08-29,26.0,23.5,24.5,14.8,19.2,8.47,89,1013.1,100,22.5,Lagos
2013-08-30,26.2,23.9,24.7,3.5,20.6,11.66,87,1012.7,96,22.3,Lagos
2013-08-31,26.3,23.7,24.7,4.7,21.7,13.65,87,1011.5,92,22.4,Lagos
2013-09-01,26.3,23.1,24.3,8.2,17.7,11.7,90,1011.2,99,22.5,Lagos
2013-09-02,26.3,23.3,24.5,3.4,14.0,15.02,88,1012.0,82,22.4,Lagos
2013-09-03,27.1,23.4,25.0,0.5,12.5,17.04,87,1012.7,75,22.6,Lagos
2013-09-04,26.5,23.9,24.9,5.3,16.1,11.47,88,1012.7,85,22.8,Lagos
2013-09-05,25.9,23.9,24.7,7.0,21.1,12.84,88,1012.2,95,22.6,Lagos
2013-09-06,27.1,23.4,24.8,2.8,17.5,16.33,86,1012.3,70,22.2,Lagos
2013-09-07,27.6,23.4,25.2,2.3,16.4,19.84,87,1012.2,78,22.8,Lagos
2013-09-08,25.4,23.3,24.4,11.9,14.8,7.56,90,1012.2,97,22.7,Lagos
2013-09-09,25.5,23.4,24.3,17.8,19.6,9.0,91,1012.1,99,22.7,Lagos
2013-09-10,26.8,23.6,24.8,8.9,19.4,14.89,88,1011.6,87,22.7,Lagos
2013-09-11,25.9,23.2,24.5,5.6,19.6,15.84,89,1011.1,78,22.4,Lagos
2013-09-12,26.6,23.2,24.8,1.4,17.0,20.21,87,1011.2,73,22.3,Lagos
2013-09-13,27.5,23.7,25.0,5.2,17.2,16.06,85,1012.4,77,22.3,Lagos
2013-09-14,26.2,23.9,24.7,17.9,14.5,9.83,89,1013.0,94,22.7,Lagos
2013-09-15,26.7,23.9,25.1,2.4,15.7,15.37,88,1013.0,85,23.0,Lagos
2013-09-16,27.5,24.1,25.5,0.5,17.2,19.12,86,1012.6,81,23.0,Lagos
2013-09-17,27.7,23.9,25.4,3.6,15.5,17.92,87,1012.1,62,23.0,Lagos
2013-09-18,27.7,24.1,25.7,0.9,15.8,17.5,87,1011.3,68,23.4,Lagos
2013-09-19,27.6,24.4,25.7,1.5,19.9,14.99,89,1010.0,64,23.7,Lagos
2013-09-20,27.6,24.7,25.6,5.1,17.7,15.78,88,1010.4,72,23.5,Lagos
2013-09-21,27.4,24.1,25.3,7.0,16.4,15.2,89,1011.1,72,23.3,Lagos
2013-09-22,27.0,24.3,25.3,1.9,19.6,14.77,87,1011.2,80,22.9,Lagos
2013-09-23,26.0,24.1,24.8,17.1,23.8,11.06,90,1011.8,99,23.0,Lagos
2013-09-24,25.6,23.5,24.5,10.4,15.9,13.66,90,1013.0,78,22.8,Lagos
2013-09-25,27.3,24.0,25.4,0.9,14.5,18.56,84,1013.2,61,22.4,Lagos
2013-09-26,27.8,23.9,25.5,0.6,17.3,17.13,85,1012.5,73,22.8,Lagos
2013-09-27,26.1,24.1,24.8,10.3,15.6,7.28,89,1012.0,98,22.8,Lagos
2013-09-28,26.6,23.7,25.0,2.4,14.3,13.54,90,1012.8,92,23.2,Lagos
2013-09-29,27.8,23.6,25.4,0.8,17.3,19.44,87,1012.3,40,23.0,Lagos
2013-09-30,27.5,24.3,25.7,0.8,17.4,17.73,86,1011.0,49,23.1,Lagos
2013-10-01,27.8,24.4,25.7,1.5,17.6,18.07,87,1010.8,58,23.3,Lagos
2013-10-02,27.3,24.2,25.6,1.4,16.3,15.59,87,1010.5,93,23.2,Lagos
2013-10-03,27.8,24.7,25.4,8.2,17.1,12.88,87,1010.7,98,23.2,Lagos
2013-10-04,24.5,23.4,24.0,29.2,12.6,3.48,93,1012.2,99,22.9,Lagos
2013-10-05,26.5,23.9,25.1,3.1,13.3,11.82,89,1011.7,90,23.1,Lagos
2013-10-06,27.1,24.5,25.5,4.1,12.4,16.68,87,1011.7,76,23.2,Lagos
2013-10-07,28.2,23.3,25.5,0.5,10.5,18.37,86,1011.7,62,23.0,Lagos
2013-10-08,26.7,23.9,25.2,8.3,14.5,14.45,90,1011.6,91,23.3,Lagos
2013-10-09,27.6,23.3,25.3,5.4,14.8,17.1,88,1011.4,85,23.1,Lagos
2013-10-10,27.9,23.9,25.3,5.5,18.3,18.53,88,1011.6,64,23.1,Lagos
2013-10-11,28.0,23.5,25.2,6.0,10.1,15.44,88,1011.9,90,23.1,Lagos
2013-10-12,28.8,23.9,26.0,0.2,15.3,19.33,87,1011.7,49,23.6,Lagos
2013-10-13,27.9,24.7,26.1,0.7,17.6,18.28,86,1010.7,40,23.5,Lagos
2013-10-14,27.4,24.5,25.6,12.7,14.1,16.69,87,1010.3,48,23.2,Lagos
2013-10-15,27.2,23.6,25.3,5.6,11.9,15.68,89,1011.7,69,23.3,Lagos
2013-10-16,28.6,23.7,25.9,2.5,12.6,19.75,86,1011.6,58,23.2,Lagos
2013-10-17,28.3,24.6,26.1,3.9,13.6,15.7,86,1010.9,86,23.7,Lagos
2013-10-18,28.9,24.6,26.4,2.1,11.5,18.1,87,1010.7,70,23.9,Lagos
2013-10-19,28.7,25.0,26.1,4.8,18.1,16.53,88,1010.5,82,23.9,Lagos
2013-10-20,28.2,24.8,26.3,2.1,14.8,15.98,88,1010.5,97,24.1,Lagos
2013-10-21,28.1,24.8,25.9,5.0,13.4,17.97,88,1010.6,76,23.7,Lagos
2013-10-22,28.5,24.4,26.2,4.5,12.2,16.55,85,1010.7,73,23.5,Lagos
2013-10-23,29.1,24.9,26.4,1.9,13.7,19.57,85,1010.9,59,23.5,Lagos
2013-10-24,28.8,24.9,26.3,2.6,15.5,18.45,86,1010.9,64,23.6,Lagos
2013-10-25,28.2,25.2,26.2,1.4,13.0,15.7,87,1010.8,85,23.9,Lagos
2013-10-26,28.5,25.1,26.3,2.1,13.8,17.43,86,1010.7,47,23.9,Lagos
2013-10-27,29.0,25.0,26.6,1.6,15.6,18.55,85,1011.1,39,23.8,Lagos
2013-10-28,28.6,24.8,26.4,2.2,15.3,17.03,86,1011.6,63,23.8,Lagos
2013-10-29,27.0,24.4,25.9,10.0,12.3,12.57,89,1010.9,87,24.0,Lagos
2013-10-30,28.9,24.9,26.5,0.8,12.6,18.5,86,1009.7,59,23.9,Lagos
2013-10-31,29.2,24.6,26.5,5.4,13.3,17.34,87,1008.7,53,24.1,Lagos
2013-11-01,27.9,24.4,25.7,9.1,10.5,12.63,89,1008.8,92,23.8,Lagos
2013-11-02,28.7,24.7,26.5,3.1,10.0,16.89,87,1008.6,71,24.1,Lagos
2013-11-03,29.0,24.8,26.9,2.5,12.5,18.69,85,1008.4,46,24.1,Lagos
2013-11-04,29.0,24.9,26.8,0.8,14.5,16.88,88,1009.4,81,24.5,Lagos
2013-11-05,28.9,25.4,26.7,2.5,14.6,15.54,87,1011.0,90,24.3,Lagos
2013-11-06,28.5,24.7,26.5,4.1,11.6,15.62,88,1010.8,62,24.4,Lagos
2013-11-07,28.5,25.2,26.6,2.2,11.8,15.25,87,1010.7,48,24.3,Lagos
2013-11-08,28.6,25.0,26.6,4.5,13.6,17.0,87,1010.0,34,24.2,Lagos
2013-11-09,28.3,25.5,26.5,6.4,13.6,15.63,88,1010.2,53,24.2,Lagos
2013-11-10,29.4,25.1,26.9,1.3,13.0,18.42,86,1009.6,51,24.3,Lagos
2013-11-11,28.1,25.7,26.7,0.7,15.8,14.62,87,1008.5,52,24.2,Lagos
2013-11-12,29.1,25.4,26.8,1.1,16.8,18.31,85,1008.6,41,24.1,Lagos
2013-11-13,28.9,24.5,26.6,4.7,19.7,16.99,86,1009.3,65,23.9,Lagos
2013-11-14,28.9,25.5,26.6,4.5,16.2,15.97,85,1009.4,92,23.8,Lagos
2013-11-15,28.8,25.3,26.6,7.8,12.9,15.41,87,1009.4,72,24.2,Lagos
2013-11-16,29.2,24.4,26.6,2.5,13.4,18.18,87,1009.8,35,24.3,Lagos
2013-11-17,29.1,25.1,26.6,5.9,12.5,16.74,86,1008.8,38,24.0,Lagos
2013-11-18,28.7,25.3,26.8,2.4,14.4,17.01,86,1008.1,58,24.3,Lagos
2013-11-19,29.0,25.9,26.6,7.5,16.6,13.62,86,1008.3,97,24.1,Lagos
2013-11-20,28.3,25.6,26.8,6.3,11.0,18.1,86,1009.1,39,24.1,Lagos
2013-11-21,28.5,25.5,26.6,3.8,15.8,15.89,87,1008.2,49,24.2,Lagos
2013-11-22,28.6,25.3,26.8,0.6,15.2,16.89,86,1007.9,47,24.2,Lagos
2013-11-23,27.7,25.0,26.1,5.2,14.8,12.92,87,1009.5,81,23.7,Lagos
2013-11-24,28.8,24.7,26.5,1.6,18.9,16.11,85,1009.7,84,23.7,Lagos
2013-11-25,28.1,25.1,26.5,1.9,11.8,15.07,87,1008.6,64,24.1,Lagos
2013-11-26,28.7,24.1,26.5,3.1,15.0,16.58,87,1007.7,32,24.2,Lagos
2013-11-27,28.1,24.6,26.4,1.6,11.6,14.75,87,1008.7,71,23.9,Lagos
2013-11-28,29.7,25.1,27.2,0.3,12.5,17.27,86,1008.7,76,24.5,Lagos
2013-11-29,30.1,25.3,27.6,0.2,16.3,16.93,84,1007.9,68,24.6,Lagos
2013-11-30,29.7,26.1,27.6,2.3,18.6,17.66,85,1007.4,34,24.8,Lagos
2013-12-01,29.5,26.1,27.2,2.9,16.9,15.52,86,1008.2,85,24.6,Lagos
2013-12-02,28.7,25.9,27.1,1.5,9.3,15.9,86,1009.8,60,24.6,Lagos
2013-12-03,28.6,25.6,26.7,5.1,13.7,13.34,87,1010.8,94,24.3,Lagos
2013-12-04,29.7,25.6,27.4,0.2,15.5,17.22,83,1011.0,92,24.1,Lagos
2013-12-05,28.9,25.6,26.9,2.0,18.1,16.98,85,1009.8,32,24.2,Lagos
2013-12-06,29.1,25.5,27.0,2.1,16.6,15.53,85,1009.5,42,24.2,Lagos
2013-12-07,28.1,25.0,26.5,3.7,15.4,14.22,86,1009.8,88,24.0,Lagos
2013-12-08,28.1,24.8,26.3,8.1,9.7,13.62,87,1010.1,89,24.0,Lagos
2013-12-09,28.9,24.8,26.5,2.9,15.8,14.62,87,1010.0,80,24.1,Lagos
2013-12-10,29.3,25.2,26.8,4.9,16.1,15.07,86,1010.3,96,24.2,Lagos
2013-12-11,28.7,24.3,26.5,3.9,20.8,14.4,85,1011.0,58,23.7,Lagos
2013-12-12,29.2,24.6,26.6,4.4,16.6,16.44,85,1011.2,43,23.8,Lagos
2013-12-13,27.7,24.2,26.1,2.5,15.2,13.81,88,1010.8,56,23.9,Lagos
2013-12-14,28.7,24.3,26.3,2.4,11.3,17.98,83,1010.9,52,23.1,Lagos
2013-12-15,29.1,23.5,26.3,0.2,10.2,18.97,82,1011.2,28,22.9,Lagos
2013-12-16,28.7,23.5,26.0,0.0,12.8,21.51,77,1010.9,10,21.3,Lagos
2013-12-17,29.1,21.7,25.7,0.0,14.5,22.11,68,1009.9,5,18.8,Lagos
2013-12-18,29.4,21.3,25.3,0.0,12.2,22.24,70,1009.1,15,18.9,Lagos
2013-12-19,29.5,21.6,25.4,0.0,10.1,21.87,73,1008.2,10,19.9,Lagos
2013-12-20,29.5,21.4,25.5,0.0,9.0,20.8,80,1008.0,32,21.7,Lagos
2013-12-21,30.2,23.0,26.4,0.0,11.9,20.88,79,1009.0,16,22.3,Lagos
2013-12-22,30.7,23.2,26.9,0.0,14.0,20.73,80,1009.1,4,23.1,Lagos
2013-12-23,30.5,24.1,27.1,0.0,14.7,18.22,82,1008.6,37,23.5,Lagos
2013-12-24,30.3,25.3,27.3,0.8,14.5,17.76,83,1009.0,51,24.1,Lagos
2013-12-25,31.0,25.6,27.4,0.0,15.8,19.2,83,1009.8,95,24.2,Lagos
2013-12-26,30.8,25.6,27.4,0.0,16.2,17.81,84,1009.6,67,24.3,Lagos
2013-12-27,30.3,25.4,27.5,0.5,12.0,17.4,83,1010.3,72,24.1,Lagos
2013-12-28,30.7,26.0,27.7,0.1,14.9,18.08,83,1010.4,33,24.3,Lagos
2013-12-29,30.8,25.7,27.7,0.3,16.6,17.29,84,1009.7,86,24.5,Lagos
2013-12-30,30.3,26.0,27.5,0.8,17.4,17.57,84,1009.7,100,24.4,Lagos
2013-12-31,29.2,24.9,26.9,1.8,17.2,15.9,85,1009.5,64,24.1,Lagos
2014-01-01,28.8,25.0,26.7,1.8,16.6,16.55,86,1009.5,45,24.1,Lagos
2014-01-02,29.8,24.7,27.0,0.3,10.7,16.51,84,1008.7,47,24.0,Lagos
2014-01-03,30.9,25.1,27.4,0.0,14.0,19.31,82,1009.0,88,23.8,Lagos
2014-01-04,31.1,24.6,27.3,0.0,13.4,19.75,81,1009.4,35,23.5,Lagos
2014-01-05,30.3,25.4,27.4,0.2,13.7,17.89,82,1009.1,49,23.9,Lagos
2014-01-06,30.5,25.7,27.4,1.1,15.7,17.92,83,1008.4,47,24.1,Lagos
2014-01-07,29.6,25.7,27.3,0.4,14.2,17.07,84,1008.6,35,24.2,Lagos
2014-01-08,30.1,25.0,27.3,1.1,15.5,18.14,83,1008.7,31,24.1,Lagos
2014-01-09,29.5,25.5,27.1,0.7,13.2,16.14,86,1009.0,38,24.4,Lagos
2014-01-10,29.8,25.6,27.3,0.8,16.2,17.58,82,1009.6,85,23.8,Lagos
2014-01-11,30.5,25.4,27.3,0.2,15.1,19.19,82,1010.2,38,23.8,Lagos
2014-01-12,31.1,25.4,27.5,0.0,14.8,19.83,81,1011.2,21,23.8,Lagos
2014-01-13,31.3,25.5,27.7,0.0,16.8,19.38,81,1011.1,55,23.9,Lagos
2014-01-14,30.3,25.7,27.5,0.9,15.5,17.81,83,1009.8,24,24.2,Lagos
2014-01-15,29.4,24.2,27.0,2.7,15.5,15.21,85,1010.1,54,24.1,Lagos
2014-01-16,30.1,25.5,27.5,1.3,15.7,18.35,84,1010.4,29,24.5,Lagos
2014-01-17,28.4,26.0,26.9,5.6,13.5,14.56,86,1010.9,73,24.3,Lagos
2014-01-18,29.8,25.8,27.1,0.6,17.3,16.32,85,1010.7,94,24.3,Lagos
2014-01-19,30.8,25.0,27.4,0.0,18.4,18.41,83,1010.4,59,24.2,Lagos
2014-01-20,29.7,26.2,27.5,0.4,16.7,16.52,87,1010.3,40,25.1,Lagos
2014-01-21,30.6,25.9,27.7,0.7,15.5,18.3,84,1009.4,56,24.7,Lagos
2014-01-22,30.3,26.2,27.7,1.1,17.1,17.53,84,1008.7,56,24.6,Lagos
2014-01-23,29.1,25.7,27.2,3.1,19.1,16.6,85,1008.3,50,24.5,Lagos
2014-01-24,30.6,25.9,27.5,2.0,15.8,18.96,84,1008.1,45,24.6,Lagos
2014-01-25,30.0,26.1,27.6,1.3,16.2,16.65,86,1008.1,70,24.9,Lagos
2014-01-26,28.5,25.9,27.2,2.3,16.4,16.08,85,1008.8,63,24.5,Lagos
2014-01-27,30.1,25.7,27.4,1.4,17.4,17.1,85,1008.1,63,24.6,Lagos
2014-01-28,30.5,26.1,27.8,1.0,16.9,19.95,83,1007.0,33,24.6,Lagos
2014-01-29,30.1,26.3,27.4,2.8,21.7,17.81,85,1007.6,68,24.7,Lagos
2014-01-30,28.0,25.8,26.6,8.3,20.9,12.41,86,1008.2,91,24.1,Lagos
2014-01-31,28.3,25.2,26.7,5.4,12.7,14.37,86,1009.1,99,24.1,Lagos
2014-02-01,28.9,25.2,26.9,2.3,16.9,13.04,86,1009.1,99,24.2,Lagos
2014-02-02,30.7,24.6,27.1,1.6,10.9,21.13,74,1008.2,93,21.6,Lagos
2014-02-03,30.3,23.6,26.6,0.0,15.5,20.62,79,1008.0,93,22.5,Lagos
2014-02-04,30.5,24.9,27.2,0.3,15.1,19.56,84,1007.9,81,24.1,Lagos
2014-02-05,30.7,25.6,27.6,0.7,15.3,19.92,82,1008.0,61,24.1,Lagos
2014-02-06,31.3,25.7,27.8,0.0,17.1,20.73,83,1007.9,50,24.3,Lagos
2014-02-07,30.8,25.9,27.8,1.1,16.0,19.3,82,1009.2,67,24.2,Lagos
2014-02-08,31.2,26.1,28.0,0.4,14.2,19.69,82,1009.1,60,24.5,Lagos
2014-02-09,30.8,26.1,27.8,0.7,18.5,18.42,84,1008.7,91,24.7,Lagos
2014-02-10,30.4,26.0,27.7,1.4,14.7,17.49,84,1009.0,84,24.6,Lagos
2014-02-11,29.9,26.1,27.5,2.3,17.1,17.83,85,1008.8,62,24.7,Lagos
2014-02-12,28.9,26.2,27.2,2.3,15.4,16.55,86,1008.4,60,24.5,Lagos
2014-02-13,29.4,25.0,27.1,1.9,16.3,18.67,86,1007.8,66,24.5,Lagos
2014-02-14,29.6,25.6,27.2,2.4,15.6,17.82,87,1008.6,62,24.8,Lagos
2014-02-15,28.8,25.9,27.0,0.9,11.7,15.39,86,1009.1,82,24.3,Lagos
2014-02-16,29.9,25.9,27.4,0.5,12.6,19.57,84,1009.0,63,24.4,Lagos
2014-02-17,30.8,25.5,27.5,0.0,14.2,22.96,81,1008.3,84,23.7,Lagos
2014-02-18,31.1,25.4,27.6,0.0,16.2,21.21,78,1009.2,68,23.2,Lagos
2014-02-19,31.8,25.9,28.1,0.0,16.1,22.94,76,1009.8,10,23.3,Lagos
2014-02-20,31.2,26.0,28.1,0.2,15.6,20.43,79,1008.9,75,23.9,Lagos
2014-02-21,31.7,26.2,28.2,0.5,16.5,20.32,82,1007.8,98,24.6,Lagos
2014-02-22,32.0,26.2,28.4,0.0,19.5,21.21,82,1007.3,92,24.8,Lagos
2014-02-23,31.9,26.5,28.4,0.6,18.5,20.39,83,1007.3,77,25.0,Lagos
2014-02-24,30.5,26.7,28.0,1.9,19.5,17.21,83,1007.1,94,24.8,Lagos
2014-02-25,31.0,26.3,27.9,3.2,18.2,18.99,83,1007.2,85,24.7,Lagos
2014-02-26,30.5,25.7,27.7,0.9,17.6,18.18,82,1008.0,89,24.2,Lagos
2014-02-27,31.4,26.5,28.3,0.0,19.1,20.03,77,1008.2,69,23.8,Lagos
2014-02-28,31.6,25.1,28.1,0.4,23.0,21.39,78,1008.8,92,23.8,Lagos
2014-03-01,28.3,26.4,27.2,10.8,13.8,14.02,85,1008.7,92,24.3,Lagos
2014-03-02,30.1,26.2,27.4,5.9,20.5,17.18,86,1008.3,98,24.9,Lagos
2014-03-03,29.8,26.1,27.7,0.3,13.1,15.62,83,1008.5,65,24.5,Lagos
2014-03-04,30.3,25.9,27.7,0.3,16.4,19.98,82,1007.9,30,24.2,Lagos
2014-03-05,31.0,26.1,28.0,0.7,14.4,20.35,82,1008.1,38,24.4,Lagos
2014-03-06,30.2,25.8,27.6,5.8,16.4,17.87,83,1008.5,93,24.4,Lagos
2014-03-07,30.3,26.3,27.5,7.2,13.5,17.25,85,1007.8,86,24.6,Lagos
2014-03-08,30.8,26.4,27.9,1.3,20.0,18.91,83,1008.4,72,24.6,Lagos
2014-03-09,30.0,26.8,27.9,1.1,22.5,17.78,84,1008.3,79,24.9,Lagos
2014-03-10,30.8,26.6,28.0,2.7,24.2,18.84,83,1008.9,77,24.7,Lagos
2014-03-11,28.0,24.4,26.4,10.1,20.5,13.62,86,1009.9,94,23.8,Lagos
2014-03-12,30.1,26.0,27.7,4.2,11.5,19.17,83,1010.5,73,24.6,Lagos
2014-03-13,30.3,25.9,28.0,0.6,17.2,20.34,81,1009.3,35,24.3,Lagos
2014-03-14,30.8,26.7,28.4,0.7,14.5,20.71,79,1008.7,56,24.3,Lagos
2014-03-15,31.3,26.7,28.3,2.0,17.7,20.46,81,1008.1,78,24.7,Lagos
2014-03-16,30.5,26.9,27.8,5.9,19.1,14.48,85,1007.4,98,25.0,Lagos
2014-03-17,30.3,26.6,28.1,1.1,19.6,20.18,83,1008.4,68,24.8,Lagos
2014-03-18,30.5,26.3,28.0,1.8,19.4,18.26,82,1008.9,70,24.5,Lagos
2014-03-19,30.8,26.4,28.3,0.8,15.4,19.61,81,1009.0,78,24.6,Lagos
2014-03-20,30.5,26.8,27.9,1.5,16.2,17.14,84,1009.1,88,24.9,Lagos
2014-03-21,30.9,26.6,28.0,4.6,16.9,18.17,82,1008.4,61,24.7,Lagos
2014-03-22,31.1,26.5,28.3,3.7,18.2,19.79,83,1007.7,65,25.0,Lagos
2014-03-23,29.0,26.1,27.4,7.9,19.4,17.33,85,1007.8,70,24.5,Lagos
2014-03-24,29.9,26.1,27.5,2.7,14.0,15.37,84,1009.3,92,24.4,Lagos
2014-03-25,30.2,26.2,27.8,0.9,13.6,15.98,84,1009.1,63,24.8,Lagos
2014-03-26,30.8,26.4,28.2,0.9,18.3,21.47,82,1008.7,70,24.7,Lagos
2014-03-27,31.0,26.8,28.2,3.3,20.0,20.95,83,1008.4,74,24.9,Lagos
2014-03-28,29.5,26.3,27.2,10.9,17.8,13.77,86,1008.5,99,24.7,Lagos
2014-03-29,30.1,26.6,27.7,3.3,16.6,16.26,83,1009.8,99,24.5,Lagos
2014-03-30,30.0,26.4,27.8,1.9,17.9,18.18,83,1009.2,96,24.7,Lagos
2014-03-31,29.1,25.0,27.3,0.1,13.7,11.18,85,1009.3,94,24.5,Lagos
2014-04-01,30.8,26.4,28.1,0.0,16.1,18.72,82,1009.2,95,24.7,Lagos
2014-04-02,30.5,26.5,28.1,1.6,20.0,20.17,83,1008.5,94,24.8,Lagos
2014-04-03,29.5,26.3,27.4,4.0,19.9,13.96,86,1009.2,99,24.8,Lagos
2014-04-04,30.6,25.9,27.9,0.1,17.0,19.95,80,1009.5,37,24.2,Lagos
2014-04-05,30.6,26.7,28.2,1.5,18.6,20.61,79,1010.1,44,24.2,Lagos
2014-04-06,31.3,26.7,28.6,0.6,18.1,21.79,78,1009.8,23,24.1,Lagos
2014-04-07,32.1,26.3,28.7,1.2,20.0,22.36,79,1009.9,55,24.5,Lagos
2014-04-08,30.1,25.9,27.5,7.8,18.3,17.37,84,1010.6,75,24.5,Lagos
2014-04-09,31.0,25.9,28.0,5.0,17.1,20.03,81,1010.3,94,24.4,Lagos
2014-04-10,29.8,25.9,27.3,3.2,17.6,13.96,84,1009.2,82,24.3,Lagos
2014-04-11,29.7,26.6,28.1,0.0,16.1,15.11,78,1009.4,68,23.7,Lagos
2014-04-12,30.7,26.3,28.2,0.0,17.9,20.42,76,1008.7,65,23.6,Lagos
2014-04-13,28.3,25.7,26.8,9.3,19.1,11.6,83,1009.8,89,23.7,Lagos
2014-04-14,30.5,25.0,27.5,0.0,15.8,20.85,80,1010.1,75,23.7,Lagos
2014-04-15,30.7,26.1,28.0,0.4,13.1,19.18,79,1009.5,93,24.0,Lagos
2014-04-16,31.4,26.5,28.7,0.0,16.6,20.75,76,1008.6,43,24.0,Lagos
2014-04-17,31.2,26.8,28.5,4.3,16.5,19.31,80,1007.6,39,24.6,Lagos
2014-04-18,31.0,26.7,28.4,5.1,15.1,19.94,80,1008.1,61,24.5,Lagos
2014-04-19,31.2,25.9,28.4,0.3,12.9,19.68,81,1009.3,86,24.6,Lagos
2014-04-20,31.2,26.8,28.3,5.4,14.5,18.73,82,1008.6,67,25.0,Lagos
2014-04-21,29.5,24.8,27.3,12.9,16.2,16.41,85,1008.1,92,24.5,Lagos
2014-04-22,28.7,25.8,27.1,10.3,12.8,12.14,87,1009.0,96,24.8,Lagos
2014-04-23,29.5,25.7,27.4,7.3,14.9,17.83,87,1009.2,86,25.0,Lagos
2014-04-24,29.6,26.1,27.7,3.3,17.6,17.73,84,1008.6,98,24.6,Lagos
2014-04-25,30.1,26.7,28.0,0.9,16.6,17.88,82,1008.4,98,24.7,Lagos
2014-04-26,30.1,26.4,28.1,2.4,14.2,19.25,82,1009.2,70,24.7,Lagos
2014-04-27,30.6,25.7,28.0,2.0,13.4,19.39,81,1009.0,86,24.4,Lagos
2014-04-28,30.8,26.7,28.3,4.6,13.0,20.06,81,1008.7,54,24.7,Lagos
2014-04-29,29.8,25.5,27.3,5.0,11.3,14.92,85,1009.1,98,24.5,Lagos
2014-04-30,29.9,25.4,27.5,5.5,14.7,16.43,85,1008.5,99,24.7,Lagos
2014-05-01,31.0,25.8,27.7,1.8,14.5,15.84,84,1008.6,99,24.6,Lagos
2014-05-02,30.4,26.5,27.9,2.6,10.9,20.59,84,1008.8,69,24.9,Lagos
2014-05-03,30.8,26.2,27.9,6.0,13.4,20.43,84,1008.6,72,24.8,Lagos
2014-05-04,30.9,26.3,28.4,1.0,12.5,21.49,84,1007.6,88,25.3,Lagos
2014-05-05,30.9,26.8,28.3,8.9,17.0,18.59,83,1007.6,77,25.2,Lagos
2014-05-06,27.5,24.4,25.3,169.1,11.3,1.76,94,1009.7,100,24.2,Lagos
2014-05-07,28.8,24.8,26.5,7.6,14.3,14.22,88,1009.7,93,24.3,Lagos
2014-05-08,27.7,25.5,26.8,12.7,9.2,10.35,88,1010.0,98,24.7,Lagos
2014-05-09,29.4,26.0,27.3,3.2,13.1,16.98,84,1010.0,97,24.4,Lagos
2014-05-10,30.8,25.2,27.9,0.3,11.8,21.1,83,1009.2,91,24.7,Lagos
2014-05-11,28.7,24.2,26.5,17.2,17.3,10.54,87,1008.8,99,24.2,Lagos
2014-05-12,30.5,26.1,28.2,1.4,12.8,21.19,83,1008.6,78,25.0,Lagos
2014-05-13,30.2,25.2,27.3,20.1,14.4,18.09,85,1010.0,92,24.6,Lagos
2014-05-14,28.7,24.9,26.3,24.3,11.2,14.28,89,1011.3,99,24.3,Lagos
2014-05-15,27.7,25.0,26.3,3.3,10.0,11.29,88,1009.9,94,24.1,Lagos
2014-05-16,29.3,25.8,27.6,1.4,13.8,14.98,82,1008.6,71,24.3,Lagos
2014-05-17,29.8,25.4,27.6,0.2,13.4,19.03,83,1008.7,67,24.4,Lagos
2014-05-18,30.5,25.8,28.1,0.2,12.6,21.11,82,1009.4,29,24.7,Lagos
2014-05-19,30.8,25.7,27.8,3.5,12.2,20.07,83,1010.0,74,24.6,Lagos
2014-05-20,29.5,26.0,27.6,3.2,11.1,15.63,84,1009.8,94,24.6,Lagos
2014-05-21,30.0,26.7,27.9,2.8,16.7,19.54,83,1009.2,72,24.6,Lagos
2014-05-22,29.6,25.6,27.2,6.6,15.3,18.18,86,1009.9,77,24.6,Lagos
2014-05-23,27.9,25.3,26.7,8.6,11.0,13.76,88,1010.1,90,24.5,Lagos
2014-05-24,29.5,25.8,27.7,0.6,15.9,18.19,83,1009.8,90,24.6,Lagos
2014-05-25,30.2,26.0,28.0,0.8,12.9,19.97,82,1009.8,58,24.6,Lagos
2014-05-26,30.5,26.5,27.9,3.5,15.5,18.84,84,1010.0,53,24.9,Lagos
2014-05-27,28.5,26.1,26.7,17.6,14.3,9.07,88,1010.0,97,24.5,Lagos
2014-05-28,29.6,24.8,26.8,6.4,16.7,17.17,86,1009.4,97,24.2,Lagos
2014-05-29,27.6,24.5,25.5,20.0,13.5,10.31,91,1010.8,100,24.0,Lagos
2014-05-30,27.0,24.4,25.8,14.6,12.6,10.1,90,1010.6,96,24.1,Lagos
2014-05-31,29.1,24.5,26.7,5.3,15.7,18.54,87,1009.9,61,24.2,Lagos
2014-06-01,27.9,25.0,26.2,12.2,13.0,14.45,89,1009.2,95,24.2,Lagos
2014-06-02,29.0,24.5,26.8,3.7,11.3,14.9,87,1009.4,88,24.3,Lagos
2014-06-03,29.3,25.2,27.0,6.9,12.7,16.87,87,1008.7,97,24.5,Lagos
2014-06-04,28.2,25.1,26.4,8.1,17.1,14.16,87,1008.4,89,24.0,Lagos
2014-06-05,26.9,24.7,25.6,14.7,17.0,8.33,91,1009.0,99,24.1,Lagos
2014-06-06,28.6,24.4,26.2,7.5,11.8,16.7,87,1010.1,98,23.8,Lagos
2014-06-07,27.9,24.5,25.8,3.8,9.8,9.22,89,1010.6,99,23.8,Lagos
2014-06-08,29.2,25.1,27.0,2.8,15.6,17.16,83,1010.2,89,23.7,Lagos
2014-06-09,29.2,25.6,26.9,8.3,15.9,17.76,86,1009.9,56,24.3,Lagos
2014-06-10,27.5,24.7,26.0,9.4,16.0,12.22,88,1010.9,92,23.9,Lagos
2014-06-11,29.3,25.0,26.6,2.8,12.5,18.79,86,1011.6,71,24.1,Lagos
2014-06-12,28.5,24.9,26.3,6.6,14.5,14.93,86,1011.8,83,23.8,Lagos
2014-06-13,27.1,24.9,26.1,8.0,15.6,13.07,87,1011.6,91,23.8,Lagos
2014-06-14,28.5,24.6,26.0,12.1,16.3,14.23,87,1012.1,99,23.7,Lagos
2014-06-15,28.9,24.4,26.4,3.7,17.1,18.2,86,1012.3,67,23.8,Lagos
2014-06-16,28.1,25.1,26.3,1.9,12.6,16.73,88,1011.9,63,24.0,Lagos
2014-06-17,25.9,24.8,25.4,26.0,14.6,5.14,91,1012.3,99,23.7,Lagos
2014-06-18,26.6,24.3,25.3,26.8,16.3,9.78,91,1013.6,100,23.8,Lagos
2014-06-19,27.9,24.2,25.9,5.1,14.7,14.94,89,1013.3,81,23.9,Lagos
2014-06-20,28.2,24.5,26.0,5.1,16.4,18.12,89,1012.1,48,24.0,Lagos
2014-06-21,28.5,24.6,26.2,2.3,18.5,17.23,87,1012.2,53,23.9,Lagos
2014-06-22,27.7,24.8,26.0,5.4,16.0,15.93,87,1012.7,87,23.7,Lagos
2014-06-23,28.3,24.3,26.0,5.1,17.7,16.9,86,1013.7,68,23.5,Lagos
2014-06-24,27.3,25.0,25.9,9.2,17.6,13.55,88,1013.0,88,23.7,Lagos
2014-06-25,27.1,23.9,25.4,14.4,14.8,11.8,89,1012.4,77,23.4,Lagos
2014-06-26,27.5,24.4,25.6,10.9,14.5,15.95,89,1012.0,57,23.5,Lagos
2014-06-27,26.8,24.2,25.5,12.1,15.3,12.09,88,1012.7,72,23.2,Lagos
2014-06-28,28.3,24.4,26.0,3.7,16.4,18.61,86,1012.5,84,23.5,Lagos
2014-06-29,27.0,24.3,25.4,9.5,14.5,12.43,88,1012.2,86,23.2,Lagos
2014-06-30,27.6,24.0,25.5,9.6,14.8,15.74,87,1011.5,89,23.2,Lagos
2014-07-01,26.9,23.9,25.4,7.2,12.5,13.02,88,1011.8,93,23.2,Lagos
2014-07-02,26.5,23.8,25.0,15.4,13.3,8.57,90,1013.2,98,23.2,Lagos
2014-07-03,28.1,24.2,25.7,4.5,16.9,14.9,88,1013.4,95,23.5,Lagos
2014-07-04,26.6,24.2,25.1,46.7,19.6,9.09,91,1013.2,100,23.4,Lagos
2014-07-05,26.6,23.6,24.9,10.4,15.6,11.27,90,1013.5,93,23.1,Lagos
2014-07-06,25.9,24.0,24.9,5.6,18.8,7.37,89,1013.5,86,23.0,Lagos
2014-07-07,27.0,24.4,25.4,4.1,20.0,15.26,83,1014.8,72,22.3,Lagos
2014-07-08,27.0,23.8,25.5,0.7,18.6,16.42,82,1015.6,77,22.1,Lagos
2014-07-09,27.1,24.5,25.6,0.7,15.2,9.85,83,1014.3,93,22.4,Lagos
2014-07-10,27.6,24.5,25.8,2.2,15.8,17.11,84,1014.0,46,22.8,Lagos
2014-07-11,27.6,24.2,25.8,0.8,17.8,17.99,84,1014.1,39,22.8,Lagos
2014-07-12,27.6,24.5,25.9,2.8,17.9,16.84,84,1013.5,41,22.9,Lagos
2014-07-13,26.9,24.4,25.5,4.8,16.9,15.05,88,1013.3,83,23.3,Lagos
2014-07-14,27.2,24.2,25.5,4.3,16.2,18.18,87,1012.9,66,23.2,Lagos
2014-07-15,28.0,24.3,25.9,1.0,20.6,19.3,86,1012.4,60,23.3,Lagos
2014-07-16,26.7,24.3,25.2,8.7,22.6,9.16,88,1012.9,100,23.1,Lagos
2014-07-17,25.3,23.5,24.4,19.1,19.4,7.84,91,1014.2,97,22.7,Lagos
2014-07-18,25.0,23.2,24.2,13.6,21.6,5.08,91,1014.9,82,22.6,Lagos
2014-07-19,27.4,24.2,25.4,1.4,19.2,18.34,85,1014.2,44,22.7,Lagos
2014-07-20,26.7,24.1,25.2,1.3,16.9,15.75,86,1014.1,81,22.8,Lagos
2014-07-21,26.6,24.0,25.0,2.7,19.5,15.95,88,1014.5,77,22.8,Lagos
2014-07-22,26.4,23.9,24.9,2.3,20.1,15.67,86,1014.3,62,22.3,Lagos
2014-07-23,26.4,24.0,25.0,1.9,18.6,14.7,84,1014.5,80,22.1,Lagos
2014-07-24,27.2,24.0,25.2,2.3,19.9,15.81,85,1013.9,67,22.4,Lagos
2014-07-25,27.1,23.3,25.0,6.4,17.4,16.33,88,1013.6,83,22.8,Lagos
2014-07-26,27.4,24.1,25.2,5.1,16.3,15.39,87,1012.8,78,22.8,Lagos
2014-07-27,25.5,23.9,24.5,20.3,15.7,7.73,90,1012.0,99,22.8,Lagos
2014-07-28,25.0,23.7,24.3,28.2,14.0,7.4,91,1012.5,96,22.7,Lagos
2014-07-29,27.1,23.9,25.1,1.6,15.6,15.45,87,1012.2,89,22.8,Lagos
2014-07-30,26.2,24.2,25.1,1.5,19.2,11.44,88,1012.7,98,22.9,Lagos
2014-07-31,27.1,24.2,25.1,9.2,19.9,13.43,88,1013.3,92,23.0,Lagos
2014-08-01,27.1,23.7,24.6,7.0,20.9,9.49,89,1013.7,100,22.6,Lagos
2014-08-02,26.1,23.9,24.6,5.0,20.1,12.01,88,1013.2,85,22.5,Lagos
2014-08-03,27.0,23.8,25.0,1.7,16.5,18.71,86,1013.8,66,22.4,Lagos
2014-08-04,26.8,23.8,24.7,7.1,18.4,13.27,89,1013.6,85,22.9,Lagos
2014-08-05,26.6,23.4,24.4,15.3,24.6,11.67,90,1013.0,89,22.6,Lagos
2014-08-06,26.6,23.2,24.6,5.3,20.1,17.13,88,1013.0,79,22.5,Lagos
2014-08-07,25.9,23.7,24.6,8.7,17.6,10.7,88,1012.9,80,22.4,Lagos
2014-08-08,26.4,23.5,24.6,3.7,18.1,14.12,87,1012.9,72,22.3,Lagos
2014-08-09,27.2,23.3,24.8,1.0,18.1,19.71,85,1013.2,83,22.0,Lagos
2014-08-10,26.9,23.3,24.7,0.4,19.4,18.45,85,1013.4,55,21.9,Lagos
2014-08-11,26.4,23.3,24.6,1.1,22.9,17.32,85,1013.2,54,21.8,Lagos
2014-08-12,26.9,23.8,24.7,3.7,22.1,14.73,85,1011.8,97,22.0,Lagos
2014-08-13,26.3,23.7,24.7,1.2,21.7,19.07,85,1012.8,67,22.0,Lagos
2014-08-14,26.1,22.8,24.3,0.1,17.2,13.53,85,1013.3,76,21.6,Lagos
2014-08-15,24.7,23.5,23.9,7.7,20.6,5.23,89,1012.9,81,22.1,Lagos
2014-08-16,26.0,23.6,24.5,2.0,19.6,13.72,86,1012.5,93,21.9,Lagos
2014-08-17,26.8,23.3,24.8,0.3,16.9,18.15,85,1012.8,74,22.1,Lagos
2014-08-18,26.8,23.4,24.6,0.0,16.8,14.94,87,1012.5,95,22.2,Lagos
2014-08-19,25.5,22.5,23.7,39.3,14.7,7.76,93,1012.3,100,22.6,Lagos
2014-08-20,26.0,23.4,24.3,9.1,17.1,10.73,89,1012.5,88,22.5,Lagos
2014-08-21,26.4,23.3,24.5,11.6,18.3,12.7,89,1013.6,96,22.6,Lagos
2014-08-22,26.5,23.4,24.3,9.5,22.1,13.04,89,1013.0,90,22.3,Lagos
2014-08-23,26.5,23.3,24.5,6.1,17.8,16.25,89,1012.4,85,22.5,Lagos
2014-08-24,27.0,23.3,24.8,0.9,15.6,16.91,88,1012.3,46,22.7,Lagos
2014-08-25,26.8,23.9,25.1,0.4,23.5,18.29,87,1011.6,80,22.8,Lagos
2014-08-26,24.5,23.6,24.0,14.3,23.8,5.09,92,1011.5,99,22.6,Lagos
2014-08-27,27.4,23.2,24.9,3.0,14.9,20.73,88,1013.0,75,22.7,Lagos
2014-08-28,27.4,23.6,25.1,0.3,15.5,14.41,87,1011.6,73,22.7,Lagos
2014-08-29,25.9,24.1,24.7,4.9,19.0,8.29,91,1011.1,99,23.2,Lagos
2014-08-30,26.9,24.0,25.0,0.2,18.4,17.07,88,1011.7,95,23.0,Lagos
2014-08-31,26.7,23.8,24.8,4.4,18.7,14.3,88,1011.8,99,22.6,Lagos
2014-09-01,26.3,23.9,24.6,4.8,21.0,11.37,87,1012.1,93,22.3,Lagos
2014-09-02,26.8,23.7,24.8,1.5,21.6,19.97,85,1012.6,81,22.2,Lagos
2014-09-03,27.1,23.3,24.8,0.7,20.4,19.26,87,1012.4,91,22.4,Lagos
2014-09-04,26.4,23.7,24.4,8.6,18.4,11.31,90,1011.7,91,22.7,Lagos
2014-09-05,25.4,23.9,24.5,8.9,19.9,9.85,89,1011.4,86,22.5,Lagos
2014-09-06,26.6,23.2,24.6,4.2,13.6,14.03,89,1011.6,87,22.6,Lagos
2014-09-07,26.7,23.3,24.8,1.8,18.4,16.23,88,1013.0,86,22.6,Lagos
2014-09-08,26.8,23.8,24.9,1.4,19.0,14.52,87,1013.4,97,22.7,Lagos
2014-09-09,26.3,23.7,24.6,3.3,16.5,14.61,88,1012.3,98,22.4,Lagos
2014-09-10,26.7,23.6,24.8,1.9,16.3,16.12,87,1011.9,90,22.4,Lagos
2014-09-11,27.3,23.6,25.1,2.4,16.6,17.58,86,1011.6,87,22.6,Lagos
2014-09-12,26.2,23.5,24.8,11.2,13.1,12.69,89,1010.8,79,22.8,Lagos
2014-09-13,27.3,24.0,25.4,0.9,16.9,19.69,86,1011.7,62,22.9,Lagos
2014-09-14,26.7,23.7,25.1,4.4,15.3,15.61,88,1012.1,88,22.9,Lagos
2014-09-15,27.5,23.8,25.2,5.0,16.4,16.62,87,1012.0,94,22.9,Lagos
2014-09-16,26.4,24.1,24.9,9.5,17.1,11.75,89,1011.8,97,22.9,Lagos
2014-09-17,26.1,23.2,24.5,10.1,15.0,10.76,90,1011.8,99,22.7,Lagos
2014-09-18,27.4,23.2,24.9,5.6,17.6,17.64,88,1012.0,92,22.8,Lagos
2014-09-19,27.0,23.7,25.1,0.9,18.9,17.15,88,1011.9,75,23.0,Lagos
2014-09-20,27.0,23.4,24.9,9.0,15.3,13.02,88,1012.4,88,22.7,Lagos
2014-09-21,27.2,23.2,25.3,1.9,14.0,16.15,87,1012.5,78,23.0,Lagos
2014-09-22,27.2,23.2,25.1,1.2,16.5,17.27,88,1011.6,81,22.9,Lagos
2014-09-23,27.4,23.7,25.2,8.2,15.6,15.47,88,1011.5,86,23.1,Lagos
2014-09-24,26.8,24.0,25.2,6.8,17.5,13.6,88,1012.3,85,23.0,Lagos
2014-09-25,28.3,24.0,25.8,0.8,15.6,20.92,85,1012.2,52,23.1,Lagos
2014-09-26,27.4,23.9,25.5,5.4,19.5,16.5,87,1012.2,75,23.2,Lagos
2014-09-27,26.5,23.2,24.7,22.5,16.5,12.54,90,1012.1,99,22.9,Lagos
2014-09-28,26.9,23.7,25.1,7.1,14.5,15.87,88,1012.5,85,23.0,Lagos
2014-09-29,26.5,23.5,25.0,9.0,17.3,14.17,90,1012.0,87,23.1,Lagos
2014-09-30,27.4,23.6,25.2,12.6,16.6,16.54,87,1011.3,83,22.9,Lagos
2014-10-01,26.4,23.5,24.7,10.7,17.3,12.0,89,1012.1,96,22.8,Lagos
2014-10-02,28.3,23.6,25.3,5.7,15.3,17.19,88,1012.8,89,23.1,Lagos
2014-10-03,27.1,23.6,25.1,8.4,12.2,13.74,88,1012.2,81,22.9,Lagos
2014-10-04,27.7,23.2,25.3,7.6,14.5,16.8,88,1010.9,56,23.0,Lagos
2014-10-05,28.0,23.8,25.9,1.6,15.0,19.22,85,1010.9,38,23.2,Lagos
2014-10-06,28.0,24.1,25.8,2.1,15.0,19.14,87,1011.3,50,23.6,Lagos
2014-10-07,27.8,24.1,25.9,4.6,13.2,17.93,87,1011.1,54,23.5,Lagos
2014-10-08,28.4,24.0,26.1,1.4,13.4,19.25,87,1010.6,53,23.7,Lagos
2014-10-09,28.7,25.0,26.5,1.8,16.3,20.55,85,1010.1,79,23.7,Lagos
2014-10-10,28.6,24.9,26.3,5.6,14.8,18.17,86,1009.7,70,23.7,Lagos
2014-10-11,27.0,24.6,25.6,17.2,12.7,10.64,89,1010.6,100,23.7,Lagos
2014-10-12,28.0,23.9,25.2,14.4,16.4,13.02,89,1011.5,98,23.2,Lagos
2014-10-13,27.6,24.4,25.7,7.9,16.7,15.3,88,1012.1,89,23.5,Lagos
2014-10-14,28.4,24.5,25.8,6.1,15.4,15.03,86,1012.6,92,23.3,Lagos
2014-10-15,28.7,24.6,26.4,0.2,16.0,18.08,84,1011.9,55,23.5,Lagos
2014-10-16,28.8,25.0,26.5,1.6,16.1,17.83,85,1010.8,69,23.8,Lagos
2014-10-17,29.2,25.0,26.4,7.2,17.7,18.1,86,1010.1,76,23.9,Lagos
2014-10-18,27.9,24.7,25.8,16.5,15.5,13.04,89,1010.8,99,23.8,Lagos
2014-10-19,26.5,23.3,25.1,13.8,17.1,8.91,90,1011.0,100,23.2,Lagos
2014-10-20,27.7,24.3,25.8,1.1,15.9,11.07,88,1011.1,67,23.7,Lagos
2014-10-21,28.8,24.5,26.5,0.5,17.1,19.4,85,1010.6,50,23.6,Lagos
2014-10-22,28.5,25.0,26.3,0.9,17.8,19.92,87,1011.3,64,23.9,Lagos
2014-10-23,27.2,25.1,25.9,13.4,11.7,12.05,87,1011.4,94,23.6,Lagos
2014-10-24,28.4,24.4,26.1,1.7,14.5,18.49,86,1010.7,94,23.6,Lagos
2014-10-25,27.4,23.8,25.4,13.6,10.1,8.69,89,1010.2,94,23.4,Lagos
2014-10-26,28.2,24.4,25.7,11.7,15.3,12.54,90,1010.9,96,23.9,Lagos
2014-10-27,28.7,24.3,26.2,3.5,13.0,15.88,87,1010.9,96,23.9,Lagos
2014-10-28,29.1,25.1,26.6,4.2,11.6,16.04,86,1009.8,98,24.0,Lagos
2014-10-29,29.0,25.0,26.8,4.6,13.5,18.08,85,1008.7,43,24.0,Lagos
2014-10-30,28.9,24.8,26.6,5.0,13.3,15.68,85,1009.6,88,23.9,Lagos
2014-10-31,28.2,25.1,26.4,2.7,13.5,16.25,86,1010.5,86,23.9,Lagos
2014-11-01,28.5,25.1,26.5,3.0,14.8,17.48,86,1010.0,67,23.9,Lagos
2014-11-02,28.8,24.7,26.6,1.2,13.8,19.06,85,1009.8,60,23.8,Lagos
2014-11-03,27.7,24.3,26.1,9.4,12.8,15.74,88,1009.6,73,24.0,Lagos
2014-11-04,28.4,24.5,26.0,15.1,9.7,14.03,89,1011.0,86,24.0,Lagos
2014-11-05,26.6,24.4,25.4,8.9,12.2,5.49,91,1012.4,100,23.8,Lagos
2014-11-06,28.9,24.1,26.1,0.9,9.9,17.27,86,1013.1,78,23.4,Lagos
2014-11-07,28.8,24.4,26.6,0.0,14.0,17.51,84,1011.2,35,23.7,Lagos
2014-11-08,29.1,24.6,26.5,1.1,11.8,17.0,87,1009.7,37,24.1,Lagos
2014-11-09,29.4,25.3,26.8,4.0,14.0,17.27,86,1009.0,43,24.3,Lagos
2014-11-10,27.5,24.8,25.8,15.6,13.0,11.19,89,1009.1,82,23.9,Lagos
2014-11-11,28.2,24.7,26.2,3.9,11.3,15.74,88,1009.5,80,24.1,Lagos
2014-11-12,28.4,25.0,26.4,3.3,11.3,14.94,86,1009.3,72,23.8,Lagos
2014-11-13,29.1,25.2,26.8,1.2,13.5,17.28,85,1009.0,53,23.9,Lagos
2014-11-14,28.0,25.5,26.5,0.6,13.3,15.23,87,1009.8,37,24.1,Lagos
2014-11-15,28.9,24.7,26.8,0.1,12.5,17.48,87,1009.2,35,24.5,Lagos
2014-11-16,29.0,25.4,27.0,1.1,13.6,15.67,87,1008.3,49,24.5,Lagos
2014-11-17,28.8,25.7,26.8,4.0,17.1,16.42,86,1008.4,81,24.3,Lagos
2014-11-18,27.8,25.3,26.3,10.6,14.7,13.65,87,1010.4,93,23.9,Lagos
2014-11-19,28.5,24.3,26.4,2.4,12.8,16.09,88,1010.9,89,24.3,Lagos
2014-11-20,28.9,25.3,26.8,0.6,11.8,18.01,87,1010.6,78,24.4,Lagos
2014-11-21,29.2,24.7,26.8,1.4,12.5,19.0,85,1010.5,56,23.9,Lagos
2014-11-22,28.8,25.4,26.8,2.0,9.4,16.61,86,1010.6,49,24.2,Lagos
2014-11-23,30.1,24.9,27.4,1.1,11.7,18.95,86,1010.3,48,24.7,Lagos
2014-11-24,29.0,25.5,27.0,0.7,15.6,14.87,88,1010.1,96,24.8,Lagos
2014-11-25,28.8,25.7,27.1,0.8,14.7,15.74,85,1010.2,93,24.4,Lagos
2014-11-26,28.2,25.2,26.5,2.1,13.0,14.41,86,1010.0,78,23.9,Lagos
2014-11-27,28.2,24.4,26.5,2.8,13.2,15.63,85,1009.8,71,23.8,Lagos
2014-11-28,29.0,24.6,26.8,0.7,11.8,16.74,86,1009.9,90,24.2,Lagos
2014-11-29,29.6,24.9,27.3,0.6,11.9,18.55,83,1009.5,19,24.0,Lagos
2014-11-30,30.0,25.5,27.5,0.0,13.6,19.22,83,1010.1,22,24.2,Lagos
2014-12-01,30.2,26.0,27.6,0.7,19.3,18.61,83,1009.3,24,24.4,Lagos
2014-12-02,30.3,25.9,27.7,0.8,19.1,17.87,83,1008.8,26,24.3,Lagos
2014-12-03,29.3,25.7,27.2,1.5,15.8,16.91,86,1008.3,42,24.7,Lagos
2014-12-04,28.5,25.5,26.7,1.7,14.3,15.94,87,1009.6,44,24.4,Lagos
2014-12-05,28.7,25.0,26.8,0.4,11.0,14.02,86,1010.4,46,24.2,Lagos
2014-12-06,29.9,25.1,27.2,0.9,15.2,16.7,84,1009.8,37,24.3,Lagos
2014-12-07,29.8,25.6,27.4,1.6,16.0,18.52,84,1009.1,28,24.3,Lagos
2014-12-08,30.3,25.6,27.6,1.1,17.4,18.35,83,1009.3,22,24.3,Lagos
2014-12-09,29.5,25.3,27.2,2.2,14.8,17.48,85,1009.1,31,24.4,Lagos
2014-12-10,29.5,25.1,27.1,1.9,17.5,17.52,86,1009.1,49,24.4,Lagos
2014-12-11,29.5,25.1,27.2,2.1,14.8,16.98,84,1009.9,38,24.3,Lagos
2014-12-12,28.4,24.3,26.2,7.3,12.8,13.5,87,1009.3,53,23.9,Lagos
2014-12-13,28.2,25.0,26.5,5.5,9.5,15.37,88,1009.2,68,24.2,Lagos
2014-12-14,30.4,25.6,27.4,0.0,15.5,20.19,83,1009.8,79,24.0,Lagos
2014-12-15,29.7,25.7,27.2,0.2,14.7,17.99,84,1010.9,76,24.1,Lagos
2014-12-16,30.2,25.9,27.3,0.0,12.2,18.9,83,1010.9,40,24.1,Lagos
2014-12-17,30.7,25.6,27.5,0.0,13.6,20.63,82,1010.5,12,24.1,Lagos
2014-12-18,30.8,25.5,27.5,0.0,14.2,19.27,80,1010.6,17,23.6,Lagos
2014-12-19,30.2,24.6,27.3,0.7,13.9,17.55,81,1010.8,20,23.8,Lagos
2014-12-20,30.2,25.4,27.3,0.6,15.2,16.11,82,1011.0,34,23.9,Lagos
2014-12-21,30.6,25.6,27.5,0.3,14.3,17.27,82,1010.8,47,24.1,Lagos
2014-12-22,29.3,26.0,27.1,0.9,12.3,15.52,84,1010.2,36,24.2,Lagos
2014-12-23,29.6,25.3,27.0,0.6,11.7,16.43,85,1011.0,33,24.1,Lagos
2014-12-24,31.1,24.5,27.0,0.0,14.1,19.77,79,1011.4,26,22.5,Lagos
2014-12-25,31.4,23.9,27.1,0.0,12.2,20.02,77,1012.0,33,22.3,Lagos
2014-12-26,31.2,24.2,27.0,0.0,13.7,20.37,79,1011.1,37,22.6,Lagos
2014-12-27,31.2,23.8,26.9,0.0,14.6,19.89,78,1009.8,19,22.4,Lagos
2014-12-28,31.8,23.9,27.2,0.0,13.5,20.94,75,1010.4,45,21.8,Lagos
2014-12-29,31.6,23.4,27.3,0.0,16.1,21.35,77,1010.9,35,22.6,Lagos
2014-12-30,30.9,25.4,27.5,0.1,16.6,18.23,79,1010.9,26,23.3,Lagos
2014-12-31,32.6,25.1,28.0,0.6,14.4,20.43,73,1009.8,45,22.1,Lagos
2015-01-01,32.2,22.9,27.3,0.0,15.2,21.5,73,1010.3,9,21.6,Lagos
2015-01-02,31.0,24.6,27.3,0.0,15.1,19.16,77,1011.0,22,22.5,Lagos
2015-01-03,31.7,24.7,27.5,0.0,14.8,19.47,78,1012.2,40,23.1,Lagos
2015-01-04,31.5,23.3,26.9,0.0,12.7,22.07,67,1012.5,20,18.9,Lagos
2015-01-05,31.2,22.0,26.0,0.0,11.9,22.68,52,1012.0,1,13.6,Lagos
2015-01-06,30.8,20.5,25.5,0.0,12.1,22.79,53,1011.4,48,13.6,Lagos
2015-01-07,31.4,20.0,25.6,0.0,13.7,22.74,56,1011.1,68,14.9,Lagos
2015-01-08,31.4,20.4,25.8,0.0,11.0,22.6,63,1012.0,24,17.1,Lagos
2015-01-09,31.6,20.6,26.2,0.0,13.4,22.79,60,1012.6,51,16.2,Lagos
2015-01-10,31.3,21.0,25.4,0.0,13.0,23.37,50,1012.6,90,12.7,Lagos
2015-01-11,30.5,19.4,25.2,0.0,13.8,23.22,53,1013.1,15,13.1,Lagos
2015-01-12,31.6,20.2,25.6,0.0,17.4,23.46,45,1011.4,9,11.1,Lagos
2015-01-13,30.7,20.6,24.9,0.0,14.8,23.58,48,1011.1,5,11.5,Lagos
2015-01-14,30.5,20.1,24.9,0.0,13.1,23.29,55,1011.0,5,13.7,Lagos
2015-01-15,30.8,19.8,25.2,0.0,13.6,22.65,69,1011.3,48,18.3,Lagos
2015-01-16,30.9,21.1,25.6,0.0,14.9,22.5,76,1011.5,7,20.5,Lagos
2015-01-17,31.7,22.4,26.1,0.0,17.5,22.29,77,1011.4,19,21.2,Lagos
2015-01-18,31.2,24.1,26.7,0.0,16.1,21.3,78,1011.9,28,22.3,Lagos
2015-01-19,30.8,24.1,26.9,0.0,17.2,18.77,80,1010.7,23,22.8,Lagos
2015-01-20,30.0,25.1,26.9,0.8,16.6,18.53,84,1009.2,64,23.8,Lagos
2015-01-21,30.9,24.8,27.3,0.0,16.0,19.5,80,1010.3,48,23.3,Lagos
2015-01-22,31.2,24.9,27.4,0.1,18.4,18.87,81,1010.8,72,23.6,Lagos
2015-01-23,31.8,25.8,27.9,0.0,16.0,17.96,81,1010.0,95,24.0,Lagos
2015-01-24,30.2,25.9,27.2,2.1,17.5,18.01,85,1008.9,96,24.3,Lagos
2015-01-25,29.2,25.5,26.8,2.0,18.7,16.21,86,1008.8,73,24.2,Lagos
2015-01-26,29.8,25.6,27.0,1.7,17.2,16.21,84,1009.9,57,24.1,Lagos
2015-01-27,30.8,25.7,27.6,0.4,20.0,18.49,84,1009.7,73,24.5,Lagos
2015-01-28,29.9,25.9,27.2,1.5,18.8,17.43,85,1009.3,80,24.5,Lagos
2015-01-29,29.9,25.8,27.3,0.8,18.4,18.95,84,1009.5,55,24.2,Lagos
2015-01-30,29.9,25.5,27.2,3.3,18.1,17.65,85,1010.1,42,24.3,Lagos
2015-01-31,30.8,25.6,27.4,0.6,17.9,19.05,83,1010.5,50,24.2,Lagos
2015-02-01,31.0,25.7,27.6,0.4,16.7,17.43,83,1009.5,68,24.3,Lagos
2015-02-02,30.5,26.2,27.7,0.9,18.7,16.73,84,1009.0,70,24.6,Lagos
2015-02-03,30.7,26.1,27.7,1.7,17.6,17.33,84,1009.2,93,24.6,Lagos
2015-02-04,31.0,25.8,27.9,1.4,17.2,19.16,82,1009.3,98,24.5,Lagos
2015-02-05,30.6,26.2,27.9,0.7,17.8,18.76,83,1008.8,63,24.7,Lagos
2015-02-06,30.5,26.4,27.9,1.2,20.0,18.71,84,1008.7,36,24.8,Lagos
2015-02-07,31.1,26.2,27.8,0.6,19.6,18.13,83,1009.1,53,24.5,Lagos
2015-02-08,30.9,26.4,28.1,0.7,19.4,16.59,82,1008.8,73,24.6,Lagos
2015-02-09,31.3,26.3,28.2,0.1,19.5,18.0,82,1008.3,79,24.7,Lagos
2015-02-10,31.3,26.4,28.2,0.8,16.1,19.0,81,1008.6,66,24.4,Lagos
2015-02-11,31.5,26.6,28.3,1.2,15.9,17.55,82,1008.6,74,24.8,Lagos
2015-02-12,30.2,26.4,27.4,4.0,21.9,14.66,84,1010.1,98,24.4,Lagos
2015-02-13,30.4,26.0,27.8,2.1,18.9,18.75,82,1011.2,73,24.4,Lagos
2015-02-14,29.5,26.3,27.7,1.8,19.0,15.36,83,1011.1,92,24.5,Lagos
2015-02-15,30.6,26.3,27.9,0.9,19.8,19.43,82,1010.3,46,24.5,Lagos
2015-02-16,31.5,26.3,28.2,0.1,19.9,20.45,80,1009.9,74,24.2,Lagos
2015-02-17,30.7,26.6,28.0,5.1,16.6,17.85,82,1008.6,42,24.6,Lagos
2015-02-18,28.7,25.5,26.8,12.3,19.4,14.25,85,1008.3,83,24.1,Lagos
2015-02-19,29.8,25.1,27.1,2.0,16.6,18.25,81,1008.2,90,23.6,Lagos
2015-02-20,29.5,25.0,27.2,4.1,16.1,20.11,83,1007.6,65,24.0,Lagos
2015-02-21,30.8,25.8,27.7,0.1,17.6,21.02,83,1007.8,82,24.4,Lagos
2015-02-22,29.6,24.2,26.7,7.6,17.2,15.88,85,1009.0,98,23.8,Lagos
2015-02-23,29.8,25.6,27.2,2.3,17.6,16.22,86,1010.0,96,24.6,Lagos
2015-02-24,31.2,25.0,27.6,0.0,17.2,21.2,83,1009.5,100,24.3,Lagos
2015-02-25,30.8,26.4,28.0,0.5,19.3,19.12,84,1007.9,99,24.9,Lagos
2015-02-26,30.0,25.7,27.8,2.0,19.9,18.53,84,1008.0,95,24.8,Lagos
2015-02-27,27.9,25.4,26.6,8.1,15.1,13.94,85,1009.2,93,23.9,Lagos
2015-02-28,30.3,25.5,27.6,0.4,13.6,18.78,81,1009.5,87,24.0,Lagos
2015-03-01,30.4,25.8,27.7,3.9,16.9,18.62,83,1008.9,69,24.4,Lagos
2015-03-02,30.7,26.2,27.9,0.9,17.5,19.63,83,1008.5,51,24.7,Lagos
2015-03-03,30.0,26.5,27.7,0.1,15.9,19.47,85,1008.9,71,24.9,Lagos
2015-03-04,29.4,25.5,27.3,4.1,13.7,18.46,85,1009.7,74,24.6,Lagos
2015-03-05,31.1,26.0,27.9,0.1,15.1,20.62,82,1009.0,63,24.5,Lagos
2015-03-06,30.9,26.5,28.2,0.2,16.3,20.92,83,1008.8,78,24.9,Lagos
2015-03-07,30.9,26.3,28.0,0.6,19.0,20.29,83,1008.7,69,24.8,Lagos
2015-03-08,30.9,26.3,27.7,2.0,18.9,19.29,84,1008.2,43,24.8,Lagos
2015-03-09,30.5,26.6,28.0,3.8,17.9,17.54,85,1008.4,45,25.1,Lagos
2015-03-10,30.4,26.4,28.0,1.0,18.9,18.81,85,1009.0,61,25.1,Lagos
2015-03-11,30.6,26.8,28.3,3.6,15.5,17.9,84,1009.6,62,25.2,Lagos
2015-03-12,31.2,26.7,28.4,0.5,16.8,18.37,84,1007.9,48,25.2,Lagos
2015-03-13,30.5,26.4,27.8,5.0,14.2,16.66,84,1007.2,88,24.7,Lagos
2015-03-14,30.9,26.0,27.9,3.4,14.7,20.17,83,1006.4,59,24.7,Lagos
2015-03-15,30.3,26.7,28.2,3.4,18.5,19.66,84,1006.8,57,25.3,Lagos
2015-03-16,29.9,26.8,27.9,7.0,22.7,14.3,88,1008.1,95,25.7,Lagos
2015-03-17,30.0,26.4,27.6,0.2,16.5,17.35,87,1008.6,76,25.2,Lagos
2015-03-18,31.2,26.0,27.8,0.7,16.6,19.1,84,1007.5,90,24.7,Lagos
2015-03-19,31.0,26.4,28.0,1.2,18.2,21.04,83,1006.6,37,24.8,Lagos
2015-03-20,30.5,26.4,28.2,0.2,17.3,19.25,83,1006.6,58,24.9,Lagos
2015-03-21,28.8,26.4,27.4,5.0,15.8,16.63,85,1008.0,81,24.7,Lagos
2015-03-22,30.7,26.0,28.1,0.0,20.7,17.29,81,1008.4,100,24.3,Lagos
2015-03-23,31.1,26.5,28.5,0.1,17.4,21.36,79,1008.0,80,24.5,Lagos
2015-03-24,30.8,26.5,28.1,3.1,18.4,20.68,83,1007.7,61,24.8,Lagos
2015-03-25,28.3,25.8,26.8,8.8,17.9,12.3,87,1008.5,99,24.4,Lagos
2015-03-26,29.1,26.2,27.3,7.3,11.9,11.65,87,1010.2,99,24.8,Lagos
2015-03-27,30.5,25.3,27.8,9.1,19.2,14.43,84,1011.4,100,24.7,Lagos
2015-03-28,30.6,27.0,28.1,0.7,19.3,19.64,83,1010.5,82,24.8,Lagos
2015-03-29,29.2,26.2,27.4,5.4,18.9,16.59,85,1009.7,93,24.8,Lagos
2015-03-30,28.6,25.4,26.9,7.4,18.8,16.02,86,1009.5,98,24.3,Lagos
2015-03-31,27.9,24.6,25.9,13.2,11.7,12.42,89,1010.4,100,23.9,Lagos
2015-04-01,27.6,24.7,26.0,0.6,10.3,7.6,89,1010.7,99,24.0,Lagos
2015-04-02,30.9,24.3,27.4,0.0,16.0,20.89,83,1010.0,88,24.0,Lagos
2015-04-03,30.1,26.1,27.7,1.1,17.1,20.82,83,1008.7,57,24.5,Lagos
2015-04-04,30.1,26.2,27.7,0.9,17.7,21.01,84,1008.4,33,24.6,Lagos
2015-04-05,29.9,26.1,27.4,2.3,17.8,20.47,85,1008.6,62,24.6,Lagos
2015-04-06,30.5,25.7,27.4,3.3,15.4,20.91,84,1008.8,68,24.5,Lagos
2015-04-07,30.2,26.1,27.3,5.8,15.5,19.03,85,1009.5,68,24.6,Lagos
2015-04-08,30.0,26.2,27.8,1.3,14.5,18.13,83,1009.2,65,24.5,Lagos
2015-04-09,29.9,26.4,27.8,0.6,16.3,19.03,84,1009.2,84,24.7,Lagos
2015-04-10,29.1,26.5,27.3,8.3,17.9,14.43,86,1009.5,89,24.7,Lagos
2015-04-11,29.3,26.3,27.4,4.5,16.3,18.77,85,1009.7,80,24.7,Lagos
2015-04-12,29.3,25.8,26.9,10.0,11.8,14.93,87,1011.1,95,24.4,Lagos
2015-04-13,30.2,25.4,27.7,1.5,13.0,20.69,83,1011.0,80,24.4,Lagos
2015-04-14,30.7,25.9,27.9,0.5,19.2,21.85,83,1009.4,95,24.8,Lagos
2015-04-15,30.7,26.3,28.0,1.0,19.8,21.86,84,1008.9,41,25.0,Lagos
2015-04-16,30.2,26.3,27.9,1.1,18.1,21.67,84,1009.9,49,24.9,Lagos
2015-04-17,30.9,26.7,28.2,1.6,16.0,21.2,83,1010.2,65,25.0,Lagos
2015-04-18,30.6,26.7,28.1,1.5,15.6,21.32,83,1009.9,31,25.0,Lagos
2015-04-19,30.7,26.6,28.2,1.6,18.1,21.88,82,1009.1,30,24.8,Lagos
2015-04-20,31.0,26.7,28.3,1.8,16.3,21.4,82,1009.0,81,25.0,Lagos
2015-04-21,30.5,26.7,28.4,1.2,17.5,20.84,80,1008.8,61,24.6,Lagos
2015-04-22,31.4,27.0,28.4,2.7,19.0,21.93,81,1009.4,41,24.8,Lagos
2015-04-23,30.5,26.8,28.4,0.4,17.3,19.16,81,1009.5,56,24.8,Lagos
2015-04-24,30.6,26.9,28.2,1.6,18.9,19.34,83,1010.1,64,24.9,Lagos
2015-04-25,30.7,26.8,27.9,2.2,18.1,17.19,84,1010.8,65,24.9,Lagos
2015-04-26,30.5,26.8,28.2,0.7,15.2,20.04,81,1010.9,72,24.6,Lagos
2015-04-27,30.9,26.1,28.2,0.0,13.4,18.62,79,1009.9,36,24.1,Lagos
2015-04-28,31.5,26.8,28.7,0.2,18.1,21.36,78,1009.4,32,24.4,Lagos
2015-04-29,30.2,27.0,28.4,1.9,17.7,18.93,81,1009.3,66,24.8,Lagos
2015-04-30,30.4,27.0,28.3,3.8,18.2,19.49,81,1008.6,41,24.7,Lagos
2015-05-01,31.0,27.2,28.8,0.3,18.0,20.79,78,1008.1,40,24.6,Lagos
2015-05-02,31.3,26.9,28.8,0.4,17.1,20.98,78,1008.1,87,24.5,Lagos
2015-05-03,30.9,26.6,28.2,6.9,17.4,18.31,81,1008.8,59,24.6,Lagos
2015-05-04,30.1,26.5,27.5,10.5,16.0,15.58,86,1008.6,95,24.9,Lagos
2015-05-05,28.8,25.7,26.8,13.7,11.5,13.77,87,1010.4,97,24.5,Lagos
2015-05-06,29.3,25.4,27.1,3.6,11.5,13.09,87,1010.1,76,24.6,Lagos
2015-05-07,30.6,26.7,28.3,0.3,18.6,19.38,82,1009.7,43,24.9,Lagos
2015-05-08,30.3,26.6,28.1,3.2,18.8,19.58,84,1010.9,59,25.0,Lagos
2015-05-09,29.8,26.1,27.8,2.4,17.5,18.5,85,1010.8,46,24.9,Lagos
2015-05-10,30.1,25.7,27.6,8.1,15.3,16.75,84,1010.3,73,24.6,Lagos
2015-05-11,30.2,25.4,28.0,1.9,14.6,19.56,82,1010.1,57,24.5,Lagos
2015-05-12,30.0,26.1,27.8,13.4,14.1,16.78,84,1010.4,46,24.8,Lagos
2015-05-13,29.7,26.4,27.7,10.0,12.3,16.24,87,1009.7,81,25.3,Lagos
2015-05-14,28.7,25.6,27.2,17.5,11.0,11.06,87,1009.2,88,24.9,Lagos
2015-05-15,29.5,25.2,27.3,8.5,8.2,17.07,87,1009.8,86,25.0,Lagos
2015-05-16,30.9,26.4,28.3,0.3,15.5,21.15,82,1010.3,81,25.0,Lagos
2015-05-17,29.2,27.0,27.8,12.9,15.3,13.29,86,1010.2,90,25.2,Lagos
2015-05-18,29.9,26.6,27.7,9.0,15.4,16.52,86,1010.2,93,25.2,Lagos
2015-05-19,29.7,26.2,27.6,2.9,15.1,17.22,84,1010.7,98,24.6,Lagos
2015-05-20,29.1,25.3,27.2,1.7,12.5,10.97,85,1010.6,94,24.5,Lagos
2015-05-21,30.4,26.5,28.2,0.8,14.7,19.28,81,1011.4,81,24.6,Lagos
2015-05-22,29.5,26.0,27.6,2.7,17.4,16.17,85,1011.2,91,24.9,Lagos
2015-05-23,27.7,25.2,26.4,20.3,16.1,10.79,88,1011.5,99,24.1,Lagos
2015-05-24,29.5,24.8,27.0,5.9,17.1,20.05,84,1011.9,90,24.0,Lagos
2015-05-25,29.9,26.0,27.8,0.0,16.8,19.5,81,1010.7,92,24.2,Lagos
2015-05-26,29.2,26.3,27.4,4.4,18.2,13.99,84,1010.0,81,24.5,Lagos
2015-05-27,29.2,25.3,26.7,6.0,16.5,18.4,88,1010.4,83,24.5,Lagos
2015-05-28,28.7,25.1,26.7,7.5,20.1,17.6,87,1010.2,84,24.4,Lagos
2015-05-29,27.5,25.7,26.5,8.1,17.6,10.38,87,1009.8,98,24.1,Lagos
2015-05-30,29.0,25.1,26.8,12.7,19.2,17.77,86,1010.3,76,24.1,Lagos
2015-05-31,27.3,24.6,25.9,23.7,13.3,7.12,90,1010.9,98,24.1,Lagos
2015-06-01,28.6,25.4,26.6,4.3,18.4,15.71,88,1010.2,90,24.3,Lagos
2015-06-02,28.0,25.0,26.1,5.9,15.3,15.35,88,1010.3,83,23.9,Lagos
2015-06-03,26.5,24.9,25.7,11.2,12.9,7.69,88,1011.6,99,23.6,Lagos
2015-06-04,28.2,24.7,25.9,14.5,14.3,13.15,88,1011.8,89,23.8,Lagos
2015-06-05,27.9,24.9,26.1,3.5,15.5,11.46,87,1011.0,98,23.8,Lagos
2015-06-06,27.9,24.8,26.0,4.5,17.2,16.0,87,1011.1,91,23.6,Lagos
2015-06-07,27.4,24.6,25.7,16.1,13.0,13.08,87,1011.3,95,23.5,Lagos
2015-06-08,27.3,24.4,25.5,11.7,15.9,10.71,90,1011.3,97,23.8,Lagos
2015-06-09,26.6,24.8,25.4,17.9,16.5,8.24,91,1011.3,98,23.7,Lagos
2015-06-10,28.0,24.3,25.8,4.0,15.0,17.18,87,1012.3,74,23.6,Lagos
2015-06-11,28.4,24.9,26.4,0.9,17.7,17.49,85,1012.1,70,23.6,Lagos
2015-06-12,28.0,24.9,26.3,1.3,16.4,14.25,87,1012.0,94,23.8,Lagos
2015-06-13,27.7,25.2,26.2,3.4,16.9,14.19,86,1011.7,63,23.6,Lagos
2015-06-14,27.4,24.0,25.4,7.1,11.9,11.3,89,1011.9,89,23.4,Lagos
2015-06-15,27.6,24.6,25.9,3.3,19.2,15.79,87,1012.3,65,23.5,Lagos
2015-06-16,28.0,25.0,26.1,3.4,20.6,15.36,84,1011.9,66,23.2,Lagos
2015-06-17,28.2,24.9,26.3,4.4,18.9,17.63,85,1010.9,52,23.4,Lagos
2015-06-18,28.2,24.7,26.0,6.3,19.1,15.48,87,1010.7,82,23.7,Lagos
2015-06-19,27.8,24.6,25.9,4.9,18.4,17.44,86,1011.8,69,23.4,Lagos
2015-06-20,27.4,24.5,25.6,16.5,16.3,13.65,87,1012.9,77,23.3,Lagos
2015-06-21,27.5,24.2,25.2,8.9,14.5,15.6,89,1014.0,66,23.3,Lagos
2015-06-22,27.2,24.2,25.4,6.8,16.1,14.6,87,1014.7,71,23.1,Lagos
2015-06-23,28.3,24.9,26.2,3.7,19.7,19.36,82,1014.7,60,22.9,Lagos
2015-06-24,27.7,24.7,26.0,3.2,20.9,17.16,83,1015.1,46,22.9,Lagos
2015-06-25,26.9,24.1,25.6,4.8,18.4,14.79,86,1016.1,65,23.0,Lagos
2015-06-26,26.8,24.3,25.5,10.6,17.8,11.69,86,1015.1,72,22.9,Lagos
2015-06-27,27.4,23.9,25.2,14.4,16.3,13.67,89,1013.8,77,23.2,Lagos
2015-06-28,25.8,23.8,24.5,69.7,16.3,6.24,94,1014.1,97,23.4,Lagos
2015-06-29,26.4,24.2,25.0,25.5,15.6,10.44,90,1014.1,78,23.2,Lagos
2015-06-30,27.2,24.1,25.3,8.8,19.5,14.72,88,1013.7,81,23.1,Lagos
2015-07-01,27.9,24.2,25.8,1.5,19.3,17.96,85,1012.9,65,23.1,Lagos
2015-07-02,27.3,24.4,25.3,11.8,19.1,14.22,89,1012.6,97,23.3,Lagos
2015-07-03,25.3,24.0,24.6,47.3,15.8,5.36,93,1012.8,100,23.4,Lagos
2015-07-04,27.0,24.1,25.3,5.3,15.5,13.86,89,1013.2,86,23.3,Lagos
2015-07-05,26.7,24.3,25.2,3.3,12.2,10.74,89,1012.1,95,23.2,Lagos
2015-07-06,27.8,24.1,25.8,0.9,13.8,17.51,87,1011.4,82,23.4,Lagos
2015-07-07,27.3,24.3,25.7,4.5,13.2,13.49,88,1011.4,78,23.4,Lagos
2015-07-08,27.4,24.3,25.8,5.4,10.9,15.73,88,1011.4,66,23.6,Lagos
2015-07-09,28.3,24.5,26.0,1.6,16.7,19.3,89,1011.7,80,23.9,Lagos
2015-07-10,27.4,24.7,25.7,4.6,18.6,11.9,89,1012.6,98,23.7,Lagos
2015-07-11,28.0,24.9,26.1,1.6,16.9,14.93,87,1013.2,92,23.7,Lagos
2015-07-12,27.3,24.8,25.7,6.2,16.8,13.19,89,1012.9,62,23.7,Lagos
2015-07-13,27.7,24.3,25.7,1.1,16.6,18.67,88,1012.3,56,23.4,Lagos
2015-07-14,27.5,24.7,25.7,3.7,19.1,15.87,87,1011.8,92,23.4,Lagos
2015-07-15,27.0,24.3,25.3,6.6,17.5,16.32,88,1011.8,82,23.3,Lagos
2015-07-16,25.7,23.8,24.8,10.7,16.1,7.49,89,1013.0,97,22.9,Lagos
2015-07-17,27.4,23.9,25.4,1.1,13.8,18.3,87,1012.7,59,23.0,Lagos
2015-07-18,27.3,24.5,25.6,0.4,18.4,14.24,88,1012.5,72,23.4,Lagos
2015-07-19,27.3,24.1,25.4,4.3,23.5,13.85,87,1012.1,82,23.1,Lagos
2015-07-20,27.1,23.8,25.0,5.4,27.2,16.78,87,1012.4,94,22.7,Lagos
2015-07-21,27.0,23.6,25.0,0.5,19.6,19.62,87,1013.6,63,22.6,Lagos
2015-07-22,27.0,23.7,25.2,0.1,17.0,16.94,83,1013.6,51,22.1,Lagos
2015-07-23,26.8,24.0,25.2,1.0,20.4,16.58,84,1013.2,49,22.3,Lagos
2015-07-24,26.6,24.1,24.9,2.5,19.4,12.06,85,1013.1,85,22.3,Lagos
2015-07-25,27.3,23.5,25.1,1.6,18.4,15.29,84,1013.0,57,22.1,Lagos
2015-07-26,27.3,23.6,25.1,0.2,21.9,14.97,83,1013.0,73,22.0,Lagos
2015-07-27,26.5,24.0,24.9,0.8,23.8,11.75,83,1012.7,96,21.9,Lagos
2015-07-28,26.3,23.9,24.8,0.4,22.2,17.98,81,1013.6,73,21.3,Lagos
2015-07-29,26.3,23.3,24.6,0.7,18.4,15.25,81,1014.4,90,21.2,Lagos
2015-07-30,26.2,23.6,24.6,5.0,19.2,13.81,85,1013.7,84,21.8,Lagos
2015-07-31,26.9,23.5,24.9,0.3,19.8,16.18,83,1013.0,64,21.8,Lagos
2015-08-01,27.1,23.7,24.8,5.4,20.1,15.71,86,1012.4,77,22.3,Lagos
2015-08-02,27.3,23.7,25.1,0.4,17.8,19.92,85,1012.5,91,22.3,Lagos
2015-08-03,26.8,23.6,24.7,4.1,18.0,13.59,89,1013.2,98,22.7,Lagos
2015-08-04,26.7,23.5,24.7,0.8,18.7,17.27,88,1013.0,74,22.5,Lagos
2015-08-05,27.5,23.8,25.1,0.6,18.4,18.82,86,1012.5,66,22.5,Lagos
2015-08-06,26.7,23.8,25.1,1.9,15.5,13.67,86,1011.5,84,22.6,Lagos
2015-08-07,27.0,23.9,25.1,2.0,16.9,17.5,87,1011.5,80,22.7,Lagos
2015-08-08,26.8,23.7,25.0,3.2,14.7,16.75,86,1012.1,66,22.5,Lagos
2015-08-09,26.4,23.8,24.9,5.9,17.6,15.4,88,1012.2,55,22.8,Lagos
2015-08-10,26.3,23.7,24.8,3.8,20.2,16.28,88,1011.4,52,22.6,Lagos
2015-08-11,27.2,23.7,25.0,0.4,18.6,19.18,86,1012.3,72,22.4,Lagos
2015-08-12,27.1,23.7,24.9,8.8,17.9,14.63,88,1013.8,78,22.6,Lagos
2015-08-13,26.2,23.8,24.9,0.4,16.3,11.88,88,1013.4,85,22.6,Lagos
2015-08-14,26.8,24.0,25.0,2.4,17.9,13.16,88,1012.6,89,22.8,Lagos
2015-08-15,26.7,23.8,24.9,2.5,17.7,13.05,88,1012.7,78,22.7,Lagos
2015-08-16,26.8,23.7,24.9,0.5,15.9,13.16,88,1013.6,91,22.8,Lagos
2015-08-17,27.3,23.9,24.9,2.1,19.0,16.07,89,1012.9,82,23.0,Lagos
2015-08-18,26.7,23.7,25.0,3.9,17.0,13.88,88,1012.0,85,22.9,Lagos
2015-08-19,27.1,23.8,25.1,0.7,16.7,13.7,87,1011.5,98,22.9,Lagos
2015-08-20,25.9,23.9,24.5,11.8,18.3,8.91,90,1011.2,90,22.7,Lagos
2015-08-21,26.0,23.5,24.5,18.9,17.3,8.1,90,1011.7,99,22.7,Lagos
2015-08-22,27.0,23.5,25.1,1.1,17.4,16.75,88,1012.1,96,22.9,Lagos
2015-08-23,26.9,24.3,25.1,2.8,18.0,11.32,87,1011.1,99,22.8,Lagos
2015-08-24,26.5,24.3,25.2,0.4,19.6,13.34,88,1011.5,86,23.1,Lagos
2015-08-25,26.4,23.8,24.8,4.9,16.6,11.78,89,1012.5,93,22.8,Lagos
2015-08-26,27.4,24.1,25.2,1.8,16.4,18.13,88,1012.5,64,23.0,Lagos
2015-08-27,26.9,24.0,25.2,3.4,18.4,14.03,87,1011.4,95,22.8,Lagos
2015-08-28,26.5,23.6,24.8,7.1,17.1,13.81,88,1011.5,86,22.7,Lagos
2015-08-29,26.9,23.8,24.9,1.8,17.1,15.42,87,1013.5,70,22.6,Lagos
2015-08-30,27.3,23.6,25.2,0.6,18.2,19.95,85,1014.2,69,22.5,Lagos
2015-08-31,26.6,24.0,25.0,1.6,21.9,10.65,86,1013.2,97,22.4,Lagos
2015-09-01,24.6,23.9,24.2,19.2,19.6,4.5,90,1013.0,93,22.6,Lagos
2015-09-02,26.7,23.5,24.8,1.1,19.2,16.34,87,1013.2,76,22.5,Lagos
2015-09-03,27.0,23.8,25.1,0.7,17.1,18.54,85,1013.0,71,22.5,Lagos
2015-09-04,27.1,24.0,25.3,0.6,16.5,16.1,86,1012.6,78,22.8,Lagos
2015-09-05,26.0,24.2,25.0,3.5,17.7,5.28,88,1012.4,100,22.8,Lagos
2015-09-06,26.5,24.3,25.1,3.8,19.9,10.73,88,1013.5,89,22.9,Lagos
2015-09-07,27.6,24.0,25.2,1.3,18.3,17.31,87,1013.1,98,22.8,Lagos
2015-09-08,25.9,23.4,24.5,3.3,16.6,7.88,90,1011.3,95,22.8,Lagos
2015-09-09,27.4,24.2,25.4,1.1,16.3,20.08,85,1011.5,75,22.6,Lagos
2015-09-10,27.4,23.9,25.3,0.2,14.8,17.07,86,1011.6,90,22.9,Lagos
2015-09-11,26.8,24.1,25.1,4.1,13.7,11.22,89,1011.6,80,23.0,Lagos
2015-09-12,27.6,23.3,25.4,0.6,14.1,18.24,88,1010.8,53,23.2,Lagos
2015-09-13,26.3,24.4,25.1,2.5,19.0,9.05,88,1011.8,87,23.0,Lagos
2015-09-14,27.2,24.1,25.5,1.0,20.8,16.76,86,1012.7,95,23.0,Lagos
2015-09-15,26.3,23.9,25.0,3.2,21.8,10.62,88,1012.7,92,22.8,Lagos
2015-09-16,26.5,24.1,25.2,2.1,20.7,9.79,87,1012.0,88,22.7,Lagos
2015-09-17,27.7,24.4,25.2,2.9,20.4,14.39,88,1010.7,88,23.1,Lagos
2015-09-18,27.2,24.3,25.4,2.0,17.8,14.93,88,1011.0,91,23.2,Lagos
2015-09-19,27.4,24.4,25.2,5.0,14.0,12.2,88,1012.6,98,23.1,Lagos
2015-09-20,26.9,23.9,25.1,5.0,12.6,13.01,89,1013.5,96,23.3,Lagos
2015-09-21,26.5,23.4,25.0,2.6,12.9,12.79,90,1012.8,79,23.1,Lagos
2015-09-22,27.3,23.8,25.2,2.2,14.6,13.35,88,1012.4,74,22.9,Lagos
2015-09-23,28.1,24.1,25.7,0.5,15.3,21.05,87,1011.8,62,23.4,Lagos
2015-09-24,26.8,24.3,25.3,5.3,15.3,10.81,89,1011.8,89,23.3,Lagos
2015-09-25,25.8,23.9,24.7,69.5,15.5,6.56,92,1011.9,99,23.2,Lagos
2015-09-26,27.9,24.2,25.6,2.4,15.7,16.61,89,1011.1,73,23.7,Lagos
2015-09-27,28.5,24.3,25.9,1.5,15.4,20.13,86,1010.0,52,23.4,Lagos
2015-09-28,27.0,24.4,25.5,8.0,15.3,14.05,88,1010.0,78,23.4,Lagos
2015-09-29,26.9,24.2,25.3,12.8,18.1,10.89,89,1010.3,86,23.4,Lagos
2015-09-30,26.3,23.9,25.0,8.4,14.3,8.55,90,1010.5,95,23.2,Lagos
2015-10-01,27.8,24.4,25.8,0.7,17.8,16.96,86,1010.1,62,23.3,Lagos
2015-10-02,27.7,24.4,25.8,1.3,15.1,17.05,87,1009.5,65,23.4,Lagos
2015-10-03,27.1,24.2,25.3,6.8,16.1,11.3,89,1010.6,67,23.4,Lagos
2015-10-04,26.8,23.8,25.2,16.2,13.7,7.07,90,1012.1,92,23.4,Lagos
2015-10-05,28.5,24.9,26.2,0.2,15.8,21.1,86,1012.2,60,23.6,Lagos
2015-10-06,28.6,24.7,26.3,1.3,16.4,18.06,86,1011.8,82,23.7,Lagos
2015-10-07,27.1,24.1,25.5,11.2,16.6,8.49,89,1011.5,99,23.5,Lagos
2015-10-08,28.6,24.0,25.9,9.5,11.9,16.95,88,1011.8,75,23.8,Lagos
2015-10-09,28.3,24.3,26.0,4.0,13.5,18.22,86,1011.9,55,23.5,Lagos
2015-10-10,29.0,24.5,26.2,3.9,13.4,18.66,86,1011.7,62,23.7,Lagos
2015-10-11,28.6,24.0,26.3,1.8,11.9,19.3,87,1012.0,48,23.8,Lagos
2015-10-12,29.0,24.9,26.6,1.1,13.0,19.56,86,1012.1,49,23.9,Lagos
2015-10-13,29.1,25.1,26.7,4.1,15.8,17.69,87,1011.3,73,24.2,Lagos
2015-10-14,28.9,25.1,26.4,3.4,12.9,17.67,87,1010.7,95,24.0,Lagos
2015-10-15,29.1,24.8,26.5,3.6,9.2,17.37,88,1010.5,84,24.2,Lagos
2015-10-16,28.9,25.1,26.3,9.6,13.1,13.1,88,1010.4,92,24.2,Lagos
2015-10-17,28.5,25.2,26.5,1.1,14.1,16.72,87,1011.0,77,24.2,Lagos
2015-10-18,28.2,25.1,26.4,3.5,12.8,17.44,87,1011.9,72,24.1,Lagos
2015-10-19,28.9,24.7,26.5,8.7,15.0,18.27,87,1011.7,71,24.1,Lagos
2015-10-20,28.9,24.5,26.2,7.8,15.1,14.17,89,1011.3,92,24.1,Lagos
2015-10-21,27.3,24.3,25.7,9.8,11.1,8.29,89,1010.6,100,23.8,Lagos
2015-10-22,28.9,24.4,26.7,2.5,14.1,19.61,85,1011.2,85,24.0,Lagos
2015-10-23,29.1,25.0,26.6,1.4,14.0,18.09,86,1011.5,66,24.1,Lagos
2015-10-24,29.1,25.6,26.8,4.3,14.5,14.43,87,1011.1,73,24.3,Lagos
2015-10-25,28.0,25.6,26.4,7.2,13.5,14.77,87,1011.4,70,24.1,Lagos
2015-10-26,29.1,24.6,26.7,2.3,12.9,17.27,86,1011.1,62,24.0,Lagos
2015-10-27,29.0,24.8,26.3,11.9,11.9,11.05,88,1011.2,89,24.2,Lagos
2015-10-28,27.8,24.8,25.9,12.5,9.4,12.26,89,1010.6,88,24.0,Lagos
2015-10-29,27.9,24.1,25.9,5.7,10.1,14.29,90,1010.4,97,24.1,Lagos
2015-10-30,28.9,24.4,26.3,4.8,8.3,17.45,88,1009.4,87,24.2,Lagos
2015-10-31,29.4,24.4,26.4,10.8,12.6,18.93,88,1009.8,89,24.2,Lagos
2015-11-01,29.1,24.1,26.0,12.3,9.1,16.98,87,1010.7,93,23.6,Lagos
2015-11-02,26.2,24.7,25.3,12.3,10.7,7.04,91,1010.9,97,23.8,Lagos
2015-11-03,28.9,24.1,26.4,0.9,13.3,17.36,86,1010.4,46,23.8,Lagos
2015-11-04,29.2,25.3,27.3,0.3,15.6,20.25,85,1010.5,40,24.4,Lagos
2015-11-05,29.3,24.6,26.7,3.9,14.4,18.66,85,1010.9,77,24.0,Lagos
2015-11-06,28.8,25.0,26.5,3.1,14.3,15.99,88,1010.8,69,24.2,Lagos
2015-11-07,29.1,24.0,26.4,7.9,9.9,17.52,86,1010.5,62,23.8,Lagos
2015-11-08,28.4,25.5,26.6,10.1,11.3,15.85,87,1011.5,79,24.2,Lagos
2015-11-09,28.5,24.9,26.4,5.9,12.0,16.51,87,1012.5,89,24.0,Lagos
2015-11-10,28.5,24.6,26.4,5.9,9.2,12.5,86,1011.7,78,23.9,Lagos
2015-11-11,29.4,24.7,27.0,1.0,11.0,17.61,87,1009.9,59,24.6,Lagos
2015-11-12,30.1,25.3,27.3,1.5,13.2,19.25,86,1009.4,35,24.7,Lagos
2015-11-13,29.8,25.6,27.4,1.0,15.3,19.12,86,1010.5,21,24.7,Lagos
2015-11-14,29.8,25.6,27.5,0.2,16.4,19.75,84,1010.8,77,24.6,Lagos
2015-11-15,29.5,25.9,27.4,1.0,16.6,18.77,85,1010.7,74,24.6,Lagos
2015-11-16,28.7,24.7,26.9,3.5,10.9,16.62,87,1009.5,47,24.5,Lagos
2015-11-17,28.7,25.4,27.1,1.2,11.3,18.91,85,1009.1,30,24.3,Lagos
2015-11-18,29.7,25.3,27.3,0.1,13.6,19.09,84,1008.4,30,24.3,Lagos
2015-11-19,29.7,25.4,27.4,0.8,12.4,19.22,84,1008.8,37,24.3,Lagos
2015-11-20,29.9,25.9,27.5,0.8,12.6,18.54,86,1009.4,41,24.9,Lagos
2015-11-21,29.1,25.3,27.3,0.5,13.4,16.43,86,1008.1,38,24.8,Lagos
2015-11-22,29.2,25.9,27.4,2.5,12.7,16.59,85,1007.7,67,24.7,Lagos
2015-11-23,29.5,26.4,27.5,4.9,13.8,16.64,85,1008.4,41,24.8,Lagos
2015-11-24,29.3,25.7,27.2,2.6,14.8,15.8,87,1010.4,52,24.8,Lagos
2015-11-25,29.7,25.7,27.5,0.9,14.1,16.45,86,1009.7,80,24.9,Lagos
2015-11-26,29.0,26.3,27.4,0.5,14.4,15.15,86,1008.7,39,24.8,Lagos
2015-11-27,29.8,25.9,27.6,0.3,14.7,18.14,83,1009.1,35,24.5,Lagos
2015-11-28,30.1,26.0,27.6,1.5,13.5,18.23,85,1010.0,28,24.8,Lagos
2015-11-29,29.3,25.6,27.4,1.2,13.0,15.99,86,1011.1,33,24.8,Lagos
2015-11-30,30.7,25.2,27.7,0.5,14.1,18.62,84,1011.6,23,24.6,Lagos
2015-12-01,30.4,25.7,27.7,2.1,14.5,16.63,84,1011.2,36,24.7,Lagos
2015-12-02,28.8,25.6,27.1,2.6,10.5,14.39,86,1011.2,63,24.6,Lagos
2015-12-03,29.3,25.1,27.0,2.6,10.0,16.2,84,1011.2,52,24.0,Lagos
2015-12-04,31.1,24.4,27.2,0.0,11.7,22.07,69,1011.3,30,20.5,Lagos
2015-12-05,30.7,23.3,27.0,0.0,11.6,21.99,70,1011.1,4,20.5,Lagos
2015-12-06,31.6,23.3,27.2,0.0,11.2,21.86,71,1011.4,2,20.9,Lagos
2015-12-07,31.9,23.7,27.3,0.0,11.8,21.0,68,1011.5,12,20.1,Lagos
2015-12-08,31.6,23.6,27.0,0.0,12.7,22.38,61,1011.0,0,18.0,Lagos
2015-12-09,31.1,22.2,26.6,0.0,12.7,22.01,70,1011.6,4,20.0,Lagos
2015-12-10,31.5,23.0,26.8,0.0,12.3,22.08,71,1011.4,4,20.6,Lagos
2015-12-11,31.8,23.4,27.1,0.0,12.4,21.74,73,1012.1,0,21.4,Lagos
2015-12-12,31.7,23.3,27.0,0.0,14.0,22.2,69,1011.7,17,20.1,Lagos
2015-12-13,31.6,23.0,26.8,0.0,12.6,22.02,69,1011.1,2,20.0,Lagos
2015-12-14,31.7,22.0,26.8,0.0,11.3,21.85,69,1010.8,43,20.1,Lagos
2015-12-15,32.3,22.4,26.8,0.0,14.1,22.53,58,1010.8,0,16.3,Lagos
2015-12-16,31.2,21.7,25.9,0.0,12.6,22.82,53,1011.4,0,14.3,Lagos
2015-12-17,31.0,21.3,26.0,0.0,13.0,22.35,53,1011.3,2,14.1,Lagos
2015-12-18,32.5,22.1,27.0,0.0,13.5,21.89,49,1011.8,68,14.1,Lagos
2015-12-19,32.3,22.5,27.3,0.0,12.1,21.5,54,1011.8,26,15.9,Lagos
2015-12-20,32.3,22.8,27.1,0.0,10.9,21.95,55,1011.8,6,16.1,Lagos
2015-12-21,32.5,22.9,27.4,0.0,12.2,22.0,53,1011.3,4,15.9,Lagos
2015-12-22,32.7,22.5,27.2,0.0,13.0,22.11,57,1011.4,0,16.6,Lagos
2015-12-23,32.1,20.9,26.5,0.0,13.7,22.22,57,1011.1,0,15.8,Lagos
2015-12-24,32.0,22.0,26.7,0.0,12.1,22.12,57,1011.7,0,16.0,Lagos
2015-12-25,32.4,21.5,26.5,0.0,14.0,22.04,55,1011.5,7,15.0,Lagos
2015-12-26,31.8,21.1,26.2,0.0,11.5,22.17,51,1010.6,0,14.1,Lagos
2015-12-27,32.0,20.6,26.2,0.0,11.2,22.16,59,1009.8,0,16.4,Lagos
2015-12-28,32.3,21.1,26.2,0.0,14.1,22.19,65,1010.7,0,18.2,Lagos
2015-12-29,32.0,22.3,26.3,0.0,12.7,22.16,74,1011.8,1,20.5,Lagos
2015-12-30,31.6,23.2,26.4,0.0,15.0,19.86,79,1011.8,33,21.9,Lagos
2015-12-31,31.9,23.7,27.0,0.0,16.8,21.36,80,1011.4,18,22.7,Lagos
2016-01-01,32.0,24.1,27.2,0.0,10.6,21.38,75,1011.1,22,21.8,Lagos
2016-01-02,32.0,23.2,27.1,0.0,13.0,22.29,58,1010.9,4,16.7,Lagos
2016-01-03,33.0,22.4,27.1,0.0,11.8,22.08,56,1010.2,22,16.0,Lagos
2016-01-04,33.3,22.3,27.1,0.0,13.7,22.14,56,1009.7,10,16.3,Lagos
2016-01-05,31.9,21.7,26.5,0.0,14.5,22.09,70,1010.2,21,20.0,Lagos
2016-01-06,31.9,23.0,27.0,0.0,12.3,21.69,75,1010.4,19,21.7,Lagos
2016-01-07,33.8,23.6,27.8,0.0,15.5,22.24,69,1010.1,4,20.5,Lagos
2016-01-08,31.8,22.8,26.8,0.0,16.9,21.18,79,1010.9,29,22.6,Lagos
2016-01-09,31.5,25.3,27.5,0.0,17.3,20.79,79,1011.7,30,23.3,Lagos
2016-01-10,31.8,25.3,27.7,0.0,18.1,18.0,80,1010.6,35,23.7,Lagos
2016-01-11,31.5,25.7,27.7,0.0,17.6,19.22,82,1009.7,35,24.0,Lagos
2016-01-12,31.5,25.4,27.7,0.1,14.2,18.97,82,1008.7,36,24.0,Lagos
2016-01-13,32.0,25.9,27.9,0.1,16.1,19.13,81,1009.1,27,23.9,Lagos
2016-01-14,31.9,25.7,27.9,0.0,14.5,19.63,80,1008.9,34,23.8,Lagos
2016-01-15,32.7,25.6,28.2,0.0,17.8,20.6,80,1008.9,69,24.1,Lagos
2016-01-16,31.9,26.2,28.1,0.2,18.1,19.08,83,1009.4,32,24.7,Lagos
2016-01-17,30.8,26.2,27.8,0.7,16.6,18.36,84,1009.4,77,24.8,Lagos
2016-01-18,30.2,25.7,27.5,1.1,17.8,17.24,84,1009.5,79,24.5,Lagos
2016-01-19,28.8,25.8,26.9,3.4,14.4,15.28,86,1009.8,50,24.4,Lagos
2016-01-20,29.5,25.3,27.1,0.3,13.8,17.22,85,1009.2,46,24.3,Lagos
2016-01-21,31.5,25.6,27.8,0.0,18.7,20.46,81,1009.4,22,24.0,Lagos
2016-01-22,32.0,25.6,27.9,0.0,15.1,19.03,80,1010.4,52,23.8,Lagos
2016-01-23,31.7,25.5,27.8,0.0,13.4,19.06,80,1011.3,77,23.7,Lagos
2016-01-24,31.9,26.0,28.1,0.5,14.0,20.08,79,1012.9,40,23.8,Lagos
2016-01-25,32.0,23.9,27.3,0.0,15.5,22.56,54,1013.0,46,15.3,Lagos
2016-01-26,31.5,22.0,26.8,0.0,12.7,20.68,60,1013.4,34,17.6,Lagos
2016-01-27,32.0,21.9,26.6,0.0,17.1,23.5,55,1012.1,2,14.9,Lagos
2016-01-28,31.8,20.7,26.4,0.0,13.7,23.36,55,1011.1,5,14.7,Lagos
2016-01-29,32.7,22.1,26.9,0.0,16.0,23.82,50,1010.2,1,14.2,Lagos
2016-01-30,32.0,20.5,26.3,0.0,12.2,23.84,55,1010.6,0,14.8,Lagos
2016-01-31,31.7,20.4,25.9,0.0,13.8,23.84,62,1011.1,0,16.8,Lagos
2016-02-01,31.4,23.5,26.1,0.0,14.7,22.53,79,1010.3,27,21.7,Lagos
2016-02-02,30.6,23.7,26.1,0.0,14.7,22.27,81,1009.7,40,22.2,Lagos
2016-02-03,30.9,24.1,26.5,0.0,15.7,21.58,81,1009.8,24,22.5,Lagos
2016-02-04,31.4,24.5,26.9,0.0,18.5,21.63,81,1010.3,37,23.0,Lagos
2016-02-05,32.4,25.0,27.4,0.0,18.2,22.54,80,1009.8,58,23.3,Lagos
2016-02-06,32.7,25.3,27.6,0.0,18.5,22.08,80,1010.6,30,23.4,Lagos
2016-02-07,31.5,25.0,27.4,0.0,19.5,20.16,81,1011.6,39,23.5,Lagos
2016-02-08,32.0,25.0,27.6,0.0,18.3,21.7,80,1012.2,24,23.6,Lagos
2016-02-09,34.0,25.3,28.3,0.0,18.3,23.31,76,1011.4,23,22.9,Lagos
2016-02-10,34.4,24.3,28.1,0.0,17.0,24.26,70,1009.7,2,20.8,Lagos
2016-02-11,32.5,24.2,27.4,0.0,17.2,23.81,77,1009.7,3,22.3,Lagos
2016-02-12,31.8,24.6,27.3,0.0,17.2,22.85,79,1009.8,24,22.9,Lagos
2016-02-13,31.6,25.2,27.6,0.0,19.0,21.8,79,1010.0,23,23.3,Lagos
2016-02-14,31.8,25.6,28.1,0.0,16.6,20.3,79,1010.1,21,24.0,Lagos
2016-02-15,31.5,26.2,28.3,0.0,16.2,20.45,82,1008.6,44,24.6,Lagos
2016-02-16,31.8,26.4,28.4,0.0,16.5,20.38,83,1009.2,71,25.0,Lagos
2016-02-17,32.0,26.5,28.5,0.1,18.4,19.77,83,1010.0,37,25.1,Lagos
2016-02-18,31.7,26.6,28.3,0.9,19.8,18.82,84,1009.4,44,25.1,Lagos
2016-02-19,32.1,26.5,28.5,0.0,19.6,20.39,81,1007.5,33,24.7,Lagos
2016-02-20,32.3,26.9,28.8,0.0,18.4,19.29,82,1007.1,69,25.2,Lagos
2016-02-21,31.3,26.5,28.4,1.4,17.7,17.76,84,1008.1,50,25.3,Lagos
2016-02-22,32.0,26.8,28.6,0.9,17.1,19.64,83,1008.4,33,25.2,Lagos
2016-02-23,32.1,26.5,28.7,0.8,18.1,19.93,83,1008.1,34,25.3,Lagos
2016-02-24,32.7,27.0,29.0,0.1,16.6,21.0,81,1008.0,36,25.2,Lagos
2016-02-25,31.6,26.9,28.6,2.9,17.8,19.72,82,1008.6,45,25.1,Lagos
2016-02-26,31.9,26.9,28.7,0.5,18.7,20.38,81,1008.8,76,25.1,Lagos
2016-02-27,31.9,26.9,28.6,0.4,19.2,20.84,83,1007.6,72,25.3,Lagos
2016-02-28,31.8,26.6,28.5,0.1,19.7,18.96,83,1007.9,54,25.1,Lagos
2016-02-29,31.3,26.8,28.4,0.9,18.9,18.46,83,1009.1,77,25.2,Lagos
2016-03-01,31.1,27.1,28.5,3.2,19.7,19.17,82,1010.7,63,25.2,Lagos
2016-03-02,31.2,27.0,28.6,0.5,20.9,19.53,81,1009.7,37,25.0,Lagos
2016-03-03,31.6,26.8,28.7,0.0,17.5,20.55,79,1007.4,61,24.4,Lagos
2016-03-04,33.0,26.9,29.2,0.0,20.5,22.46,79,1007.4,41,25.0,Lagos
2016-03-05,30.3,27.5,28.4,1.1,19.1,7.91,85,1009.4,98,25.5,Lagos
2016-03-06,30.8,27.2,28.5,1.1,19.8,16.83,83,1009.5,90,25.3,Lagos
2016-03-07,32.7,26.8,28.9,0.0,17.7,21.43,79,1008.1,32,24.8,Lagos
2016-03-08,31.3,26.5,28.6,0.4,14.6,19.0,80,1008.5,99,24.8,Lagos
2016-03-09,32.6,27.0,29.0,0.1,18.4,20.97,81,1008.1,72,25.1,Lagos
2016-03-10,32.1,27.3,29.0,0.6,20.1,19.71,81,1008.3,82,25.3,Lagos
2016-03-11,31.2,26.5,27.9,9.4,22.0,17.55,85,1008.7,89,25.1,Lagos
2016-03-12,30.9,26.2,28.2,1.0,21.8,18.42,83,1009.5,92,25.0,Lagos
2016-03-13,29.5,25.0,27.2,16.6,14.3,14.58,87,1010.3,99,24.8,Lagos
2016-03-14,29.2,25.5,27.1,8.0,13.2,11.33,87,1011.3,95,24.7,Lagos
2016-03-15,32.1,25.6,28.6,0.3,16.5,23.47,82,1010.3,45,25.2,Lagos
2016-03-16,31.3,26.0,28.3,3.4,14.8,18.64,83,1010.5,86,25.1,Lagos
2016-03-17,31.1,26.1,28.2,9.9,15.3,18.06,85,1010.3,88,25.3,Lagos
2016-03-18,29.0,26.2,27.3,8.4,14.6,13.35,87,1010.4,100,24.9,Lagos
2016-03-19,30.1,26.9,28.0,5.8,16.0,18.73,85,1009.9,74,25.3,Lagos
2016-03-20,30.3,26.8,28.2,3.5,14.0,18.73,85,1010.4,51,25.4,Lagos
2016-03-21,28.9,25.9,27.2,12.8,15.7,13.61,89,1010.9,94,25.1,Lagos
2016-03-22,30.4,26.6,28.2,0.1,16.8,19.27,83,1010.2,46,24.9,Lagos
2016-03-23,31.3,26.9,28.5,0.4,21.1,20.85,84,1008.7,50,25.5,Lagos
2016-03-24,29.9,25.7,27.2,17.6,19.2,14.86,88,1009.1,94,25.0,Lagos
2016-03-25,30.7,26.4,28.1,4.1,14.7,20.28,85,1010.6,86,25.3,Lagos
2016-03-26,30.5,26.7,27.9,7.7,14.5,15.81,87,1010.8,78,25.4,Lagos
2016-03-27,30.2,26.8,28.1,4.6,13.8,18.25,88,1010.0,77,25.8,Lagos
2016-03-28,30.6,26.9,28.3,5.3,15.3,17.5,87,1008.7,62,25.9,Lagos
2016-03-29,30.9,27.4,28.5,4.1,18.7,20.4,87,1008.2,58,26.1,Lagos
2016-03-30,30.3,27.3,28.4,2.6,19.2,17.24,87,1009.2,83,25.9,Lagos
2016-03-31,30.5,27.0,28.1,2.2,17.2,20.03,87,1009.9,92,25.6,Lagos
2016-04-01,29.8,26.6,27.5,7.9,23.7,17.63,87,1009.2,99,25.2,Lagos
2016-04-02,29.9,26.1,27.7,1.5,16.6,18.01,86,1008.9,97,25.1,Lagos
2016-04-03,30.4,26.6,28.2,0.4,14.8,19.32,87,1008.9,75,25.7,Lagos
2016-04-04,30.7,26.9,28.4,0.4,19.8,21.75,86,1009.2,53,25.8,Lagos
2016-04-05,30.8,26.7,28.2,1.1,22.4,20.38,86,1008.7,95,25.5,Lagos
2016-04-06,30.1,26.2,27.5,8.9,20.1,14.56,87,1007.9,96,25.1,Lagos
2016-04-07,30.0,25.5,27.6,5.7,15.5,20.35,85,1009.4,89,24.8,Lagos
2016-04-08,30.7,26.3,28.0,3.9,17.9,20.29,85,1009.5,47,25.2,Lagos
2016-04-09,30.6,25.9,27.8,8.5,16.4,19.16,86,1010.1,95,25.2,Lagos
2016-04-10,29.6,25.9,27.5,1.1,17.6,12.75,87,1009.3,100,25.1,Lagos
2016-04-11,30.3,26.7,28.0,6.9,14.7,16.34,86,1009.2,73,25.4,Lagos
2016-04-12,30.4,26.8,28.2,2.0,15.5,18.6,85,1009.4,67,25.3,Lagos
2016-04-13,30.5,26.8,28.4,0.0,14.5,19.37,84,1007.8,52,25.3,Lagos
2016-04-14,31.0,26.8,28.5,0.6,20.6,21.94,84,1007.1,58,25.6,Lagos
2016-04-15,29.8,26.0,27.7,10.2,21.7,13.22,88,1008.7,97,25.6,Lagos
2016-04-16,30.4,26.8,28.2,0.4,16.8,20.45,84,1010.0,64,25.3,Lagos
2016-04-17,30.6,27.0,28.4,0.2,14.7,20.07,84,1010.5,41,25.4,Lagos
2016-04-18,30.7,26.7,28.4,1.9,15.3,21.19,83,1011.3,44,25.2,Lagos
2016-04-19,31.2,26.9,28.7,0.7,13.4,21.95,82,1010.1,43,25.3,Lagos
2016-04-20,31.4,27.3,28.9,2.2,16.7,20.5,82,1009.3,25,25.4,Lagos
2016-04-21,31.6,27.3,29.0,0.8,16.1,21.58,81,1009.3,23,25.4,Lagos
2016-04-22,31.2,27.3,28.9,1.3,16.4,21.57,82,1008.9,39,25.4,Lagos
2016-04-23,31.4,27.4,29.1,0.1,16.1,20.71,80,1008.1,60,25.2,Lagos
2016-04-24,31.9,27.5,28.7,6.2,18.7,19.64,83,1007.4,58,25.5,Lagos
2016-04-25,31.4,27.3,28.7,2.2,17.3,19.13,83,1007.2,96,25.6,Lagos
2016-04-26,30.9,26.8,28.0,6.3,18.7,18.71,86,1007.7,88,25.4,Lagos
2016-04-27,30.5,26.6,27.9,5.1,17.4,18.66,87,1008.6,70,25.5,Lagos
2016-04-28,30.2,26.8,28.0,7.0,13.3,18.37,85,1008.7,79,25.3,Lagos
2016-04-29,30.7,26.1,28.3,0.1,13.9,21.24,82,1008.3,59,24.8,Lagos
2016-04-30,30.1,27.1,28.1,8.5,15.3,16.61,85,1008.6,54,25.2,Lagos
2016-05-01,31.0,26.9,28.1,3.1,17.3,18.46,85,1007.6,60,25.3,Lagos
2016-05-02,29.7,26.7,27.8,4.5,16.8,17.25,86,1007.9,53,25.3,Lagos
2016-05-03,30.3,26.5,28.0,5.0,17.8,16.56,84,1009.4,78,25.0,Lagos
2016-05-04,30.0,27.0,28.1,7.4,16.9,18.27,84,1010.3,94,25.1,Lagos
2016-05-05,30.2,26.4,28.1,1.1,17.4,16.68,84,1010.1,94,25.0,Lagos
2016-05-06,29.8,26.4,27.6,11.8,16.9,16.1,86,1009.9,88,25.1,Lagos
2016-05-07,29.8,26.4,27.8,2.8,18.6,19.86,86,1010.1,55,25.1,Lagos
2016-05-08,29.5,26.4,27.4,6.9,16.5,14.41,85,1010.8,94,24.7,Lagos
2016-05-09,30.2,26.0,28.0,0.7,14.7,20.31,84,1011.0,63,25.0,Lagos
2016-05-10,30.5,26.5,28.2,0.9,12.8,19.13,83,1011.0,82,25.0,Lagos
2016-05-11,31.0,26.9,28.6,0.0,15.3,21.83,81,1010.0,74,25.0,Lagos
2016-05-12,28.3,26.2,27.2,4.8,17.3,8.41,88,1009.7,97,25.1,Lagos
2016-05-13,29.7,26.1,27.6,2.9,18.1,19.33,85,1009.8,74,24.9,Lagos
2016-05-14,30.2,25.7,27.2,4.2,19.4,19.39,87,1010.9,50,24.7,Lagos
2016-05-15,29.6,25.3,26.9,12.0,17.7,16.77,87,1012.3,95,24.6,Lagos
2016-05-16,27.2,24.9,26.2,16.3,14.5,8.64,90,1012.5,91,24.3,Lagos
2016-05-17,29.3,25.0,26.7,18.4,17.1,17.14,87,1012.3,99,24.4,Lagos
2016-05-18,28.2,25.3,26.3,14.5,12.6,11.78,90,1012.1,91,24.6,Lagos
2016-05-19,29.5,25.0,27.0,5.1,13.9,18.08,86,1011.7,66,24.4,Lagos
2016-05-20,30.2,26.3,27.7,2.0,17.4,18.85,84,1010.5,87,24.7,Lagos
2016-05-21,29.0,25.8,27.0,9.4,15.6,13.56,87,1010.4,98,24.7,Lagos
2016-05-22,29.1,25.3,26.6,18.7,16.4,14.61,89,1011.8,98,24.6,Lagos
2016-05-23,26.1,25.2,25.6,66.4,19.4,4.33,93,1014.0,100,24.4,Lagos
2016-05-24,27.5,24.4,26.1,6.5,13.1,12.8,91,1013.6,84,24.4,Lagos
2016-05-25,29.2,24.7,26.9,4.6,12.7,17.99,86,1012.5,61,24.3,Lagos
2016-05-26,29.2,24.9,27.1,4.0,9.8,16.39,87,1011.0,89,24.6,Lagos
2016-05-27,29.2,26.0,27.3,4.9,19.5,17.32,86,1011.7,68,24.7,Lagos
2016-05-28,29.0,25.7,27.1,1.7,18.9,14.79,86,1012.7,97,24.5,Lagos
2016-05-29,28.1,24.9,26.1,15.6,16.3,12.09,89,1011.9,98,24.2,Lagos
2016-05-30,28.4,24.7,26.0,10.8,13.7,16.64,89,1011.2,87,23.9,Lagos
2016-05-31,27.4,25.1,26.3,10.6,10.0,12.96,91,1011.2,80,24.6,Lagos
2016-06-01,29.6,24.5,27.3,0.9,14.0,20.58,86,1011.8,47,24.6,Lagos
2016-06-02,29.6,25.5,27.3,8.3,13.1,17.82,85,1012.0,75,24.5,Lagos
2016-06-03,29.1,25.1,26.7,8.3,13.7,15.97,88,1012.2,89,24.5,Lagos
2016-06-04,29.4,25.2,27.1,4.6,14.0,18.73,86,1011.2,64,24.5,Lagos
2016-06-05,29.0,25.2,27.3,4.9,15.6,17.22,85,1011.3,89,24.6,Lagos
2016-06-06,28.9,25.2,26.9,6.1,17.6,16.48,88,1011.3,72,24.6,Lagos
2016-06-07,27.6,25.2,26.5,6.5,14.7,8.79,88,1012.0,94,24.3,Lagos
2016-06-08,28.5,25.0,26.5,11.9,16.8,15.14,88,1011.7,92,24.4,Lagos
2016-06-09,28.3,25.3,26.3,18.1,18.2,13.18,89,1011.5,98,24.3,Lagos
2016-06-10,28.6,25.5,26.7,1.2,15.8,17.79,86,1011.9,98,24.1,Lagos
2016-06-11,26.9,24.9,25.7,9.7,19.8,8.03,89,1013.0,100,23.8,Lagos
2016-06-12,27.3,25.0,25.8,12.5,19.0,8.04,89,1013.7,100,23.7,Lagos
2016-06-13,27.6,24.6,25.8,16.2,17.4,10.26,88,1013.7,99,23.7,Lagos
2016-06-14,26.8,24.6,25.5,12.5,18.8,8.29,88,1014.5,95,23.4,Lagos
2016-06-15,28.2,24.3,25.7,14.0,22.5,10.7,87,1014.8,99,23.2,Lagos
2016-06-16,26.1,23.9,25.1,10.4,19.4,11.21,88,1014.2,88,23.0,Lagos
2016-06-17,27.6,23.9,25.7,5.4,14.2,10.92,86,1013.6,83,23.2,Lagos
2016-06-18,28.6,24.6,26.2,2.5,17.9,18.01,87,1013.0,84,23.8,Lagos
2016-06-19,26.6,24.5,25.5,12.3,21.1,8.67,88,1012.3,100,23.4,Lagos
2016-06-20,25.7,24.1,24.6,16.4,17.2,7.24,90,1013.3,100,22.9,Lagos
2016-06-21,26.9,23.6,25.1,9.2,15.3,14.18,89,1013.3,80,23.1,Lagos
2016-06-22,28.0,24.0,25.7,0.6,15.8,19.6,85,1013.1,41,23.0,Lagos
2016-06-23,27.8,24.4,25.9,1.0,18.1,17.58,83,1012.8,76,22.8,Lagos
2016-06-24,25.6,24.2,24.8,31.0,16.6,5.41,89,1012.2,98,22.9,Lagos
2016-06-25,26.1,23.7,24.9,16.5,16.8,7.58,90,1012.3,92,23.0,Lagos
2016-06-26,28.1,24.2,25.6,3.8,17.2,15.35,86,1012.7,76,23.0,Lagos
2016-06-27,26.5,24.3,25.1,53.1,18.2,8.58,89,1013.2,99,23.1,Lagos
2016-06-28,27.8,24.0,25.5,39.1,16.1,17.5,88,1014.1,88,23.4,Lagos
2016-06-29,27.7,24.1,25.6,2.6,19.5,19.17,88,1013.3,66,23.4,Lagos
2016-06-30,26.6,24.3,25.2,5.1,18.4,11.76,88,1013.7,87,23.1,Lagos
2016-07-01,27.8,24.1,25.8,0.4,16.1,17.56,86,1014.2,81,23.3,Lagos
2016-07-02,27.5,24.6,25.7,1.4,15.3,17.24,88,1013.5,56,23.5,Lagos
2016-07-03,27.7,24.5,25.7,3.8,17.8,16.7,87,1013.7,85,23.5,Lagos
2016-07-04,27.7,24.6,25.9,0.7,19.4,18.41,86,1013.5,59,23.3,Lagos
2016-07-05,27.5,24.2,25.5,5.0,17.1,15.19,88,1014.1,95,23.4,Lagos
2016-07-06,27.3,24.5,25.5,5.4,17.8,15.01,88,1013.5,86,23.3,Lagos
2016-07-07,26.9,24.3,25.4,2.6,17.1,16.16,88,1012.8,68,23.3,Lagos
2016-07-08,27.9,24.0,25.7,2.1,18.6,19.05,87,1013.1,74,23.3,Lagos
2016-07-09,26.9,24.6,25.4,6.1,18.8,14.2,89,1012.5,99,23.4,Lagos
2016-07-10,27.0,24.2,25.2,5.3,18.8,13.13,89,1012.8,96,23.4,Lagos
2016-07-11,27.0,23.5,24.8,4.5,19.1,14.18,88,1013.2,84,22.8,Lagos
2016-07-12,27.9,23.6,25.4,1.2,20.4,19.39,85,1012.7,52,22.6,Lagos
2016-07-13,27.4,24.4,25.4,1.1,17.1,12.23,86,1012.2,99,22.8,Lagos
2016-07-14,26.8,24.4,25.2,3.2,21.4,12.27,86,1011.6,96,22.6,Lagos
2016-07-15,27.5,24.1,25.4,1.7,19.9,12.95,85,1010.7,93,22.6,Lagos
2016-07-16,26.7,23.9,25.1,5.7,21.8,14.64,87,1010.7,99,22.7,Lagos
2016-07-17,25.7,23.7,24.5,18.3,20.8,6.6,89,1011.7,85,22.6,Lagos
2016-07-18,27.3,24.1,25.4,0.9,16.1,18.61,85,1013.0,87,22.7,Lagos
2016-07-19,27.2,24.1,25.2,2.2,15.7,12.49,86,1012.4,95,22.8,Lagos
2016-07-20,27.4,24.1,25.2,6.8,19.3,14.03,89,1011.8,90,23.2,Lagos
2016-07-21,27.4,23.7,25.1,10.0,17.6,13.81,88,1012.3,95,23.0,Lagos
2016-07-22,26.3,24.1,24.9,10.7,18.0,10.74,89,1012.7,98,22.9,Lagos
2016-07-23,25.6,23.8,24.5,12.0,18.2,7.41,90,1012.4,100,22.7,Lagos
2016-07-24,26.2,23.7,24.4,21.9,16.9,10.42,90,1011.9,97,22.7,Lagos
2016-07-25,26.6,23.3,24.8,0.8,21.9,16.89,87,1011.4,85,22.5,Lagos
2016-07-26,26.7,23.8,24.8,2.1,18.8,12.74,88,1012.0,95,22.6,Lagos
2016-07-27,26.7,23.7,25.0,1.3,13.2,15.97,88,1011.8,85,22.8,Lagos
2016-07-28,27.5,24.0,25.0,4.5,17.9,16.51,88,1012.4,83,22.8,Lagos
2016-07-29,27.3,23.6,25.3,0.4,16.8,20.46,87,1012.4,77,22.9,Lagos
2016-07-30,26.0,24.1,24.9,8.8,17.9,9.86,88,1012.1,97,22.8,Lagos
2016-07-31,26.5,23.9,24.8,8.2,17.6,11.96,88,1012.3,77,22.5,Lagos
2016-08-01,26.5,23.6,24.9,1.5,18.2,14.02,87,1012.9,71,22.6,Lagos
2016-08-02,25.8,24.3,24.9,0.8,20.6,9.6,87,1013.4,90,22.5,Lagos
2016-08-03,26.2,23.8,24.8,1.8,21.1,14.16,86,1012.7,85,22.4,Lagos
2016-08-04,27.4,23.5,25.1,0.0,17.8,19.46,84,1012.3,92,22.2,Lagos
2016-08-05,26.5,23.9,25.0,0.2,19.9,12.56,85,1012.5,90,22.4,Lagos
2016-08-06,25.0,23.7,24.4,4.6,20.9,7.67,90,1012.8,99,22.7,Lagos
2016-08-07,27.0,23.8,25.1,0.3,21.4,18.23,88,1012.9,67,22.9,Lagos
2016-08-08,27.1,24.0,25.2,0.4,16.8,17.18,86,1013.3,47,22.6,Lagos
2016-08-09,26.5,23.6,24.9,0.7,17.1,18.77,86,1013.0,42,22.4,Lagos
2016-08-10,27.2,24.1,25.1,4.0,16.5,14.8,86,1012.9,77,22.5,Lagos
2016-08-11,27.2,23.8,25.1,3.1,17.7,15.12,87,1012.6,94,22.8,Lagos
2016-08-12,27.0,24.0,25.2,3.5,16.5,17.22,87,1012.7,78,22.8,Lagos
2016-08-13,26.7,23.8,25.0,5.0,18.9,16.78,88,1012.1,64,22.9,Lagos
2016-08-14,26.7,23.8,24.8,1.4,18.8,13.47,88,1011.9,99,22.7,Lagos
2016-08-15,26.6,23.8,24.9,0.7,23.2,13.87,87,1012.1,91,22.4,Lagos
2016-08-16,24.8,23.7,24.3,2.5,20.5,6.85,89,1012.3,92,22.4,Lagos
2016-08-17,27.1,23.8,25.1,0.7,16.6,16.99,85,1012.9,88,22.3,Lagos
2016-08-18,27.3,23.5,25.0,0.3,15.3,16.94,86,1012.5,70,22.5,Lagos
2016-08-19,27.4,23.7,25.0,2.9,15.3,15.07,88,1012.3,90,22.9,Lagos
2016-08-20,25.9,24.0,24.7,7.4,14.4,11.08,90,1011.9,78,22.9,Lagos
2016-08-21,27.5,23.9,25.4,0.6,16.5,19.22,88,1012.2,91,23.2,Lagos
2016-08-22,27.5,24.1,25.5,2.8,18.3,18.11,87,1012.2,94,23.1,Lagos
2016-08-23,26.3,24.1,25.0,9.7,19.5,10.95,89,1012.3,94,23.0,Lagos
2016-08-24,27.3,24.3,25.1,6.7,20.2,15.16,89,1012.0,94,23.1,Lagos
2016-08-25,27.1,24.1,25.1,8.0,19.2,15.07,88,1011.6,80,23.0,Lagos
2016-08-26,26.9,24.1,25.0,7.7,20.6,12.91,89,1011.1,88,23.0,Lagos
2016-08-27,25.3,24.3,24.5,14.4,20.9,6.72,91,1010.5,99,22.9,Lagos
2016-08-28,25.4,23.5,24.4,15.0,18.9,8.17,91,1012.9,100,22.9,Lagos
2016-08-29,26.6,23.1,24.7,1.7,15.6,14.58,91,1013.3,92,23.1,Lagos
2016-08-30,26.8,23.6,24.9,3.8,17.1,12.29,88,1012.5,90,22.8,Lagos
2016-08-31,28.1,23.9,25.7,0.5,16.7,20.33,86,1012.6,82,23.1,Lagos
2016-09-01,25.7,24.2,24.8,13.8,15.0,8.99,90,1013.2,96,23.1,Lagos
2016-09-02,27.4,23.5,25.1,1.7,17.3,18.41,89,1011.6,86,23.1,Lagos
2016-09-03,26.7,23.8,25.1,7.0,16.6,16.44,88,1011.2,72,22.9,Lagos
2016-09-04,28.1,23.8,25.6,1.7,15.9,18.82,86,1011.7,86,23.0,Lagos
2016-09-05,26.7,23.7,25.0,8.1,16.6,13.3,89,1012.7,95,23.1,Lagos
2016-09-06,24.7,23.7,24.3,78.3,12.5,2.75,92,1013.4,100,23.0,Lagos
2016-09-07,27.8,23.7,25.5,0.8,15.5,18.82,88,1012.8,79,23.3,Lagos
2016-09-08,27.3,24.0,25.3,7.5,15.4,14.83,89,1012.6,89,23.3,Lagos
2016-09-09,27.9,23.9,25.4,6.7,17.1,16.92,88,1013.0,92,23.1,Lagos
2016-09-10,26.9,23.9,25.2,4.8,15.4,14.12,88,1013.4,98,23.2,Lagos
2016-09-11,25.0,24.1,24.4,47.0,16.7,4.37,92,1012.2,95,23.0,Lagos
2016-09-12,28.0,23.9,25.4,5.5,22.9,15.24,87,1011.8,99,23.0,Lagos
2016-09-13,26.8,24.3,25.1,11.4,18.3,12.49,88,1011.4,89,23.0,Lagos
2016-09-14,25.8,23.5,24.5,12.2,16.2,9.97,92,1012.1,94,23.0,Lagos
2016-09-15,26.5,23.7,24.9,11.5,12.9,12.43,89,1012.7,94,22.8,Lagos
2016-09-16,28.2,23.9,25.4,3.5,13.3,17.85,87,1012.7,77,23.1,Lagos
2016-09-17,28.0,24.1,25.7,5.1,12.6,17.52,87,1012.0,82,23.3,Lagos
2016-09-18,27.4,24.1,25.4,3.7,13.0,17.87,88,1012.2,71,23.2,Lagos
2016-09-19,28.0,24.2,25.5,5.9,17.4,14.86,88,1012.0,72,23.3,Lagos
2016-09-20,27.6,24.1,25.4,7.0,16.6,15.13,88,1010.8,81,23.2,Lagos
2016-09-21,27.8,23.7,25.4,5.1,14.8,15.73,89,1011.1,96,23.4,Lagos
2016-09-22,27.7,24.8,25.7,7.4,16.5,13.9,88,1011.9,87,23.6,Lagos
2016-09-23,28.2,23.8,25.6,9.4,18.1,14.62,88,1012.3,94,23.5,Lagos
2016-09-24,27.1,24.1,25.2,13.4,15.6,12.33,90,1011.2,98,23.3,Lagos
2016-09-25,27.4,23.9,25.0,8.7,16.2,11.34,90,1010.9,95,23.1,Lagos
2016-09-26,27.6,23.5,25.4,4.7,13.2,15.35,87,1011.2,85,23.1,Lagos
2016-09-27,28.5,23.7,25.7,5.7,13.3,16.83,87,1011.6,79,23.4,Lagos
2016-09-28,28.0,23.6,25.9,1.3,14.4,19.85,88,1011.3,56,23.7,Lagos
2016-09-29,28.5,24.3,26.0,2.9,13.0,18.15,87,1011.1,69,23.6,Lagos
2016-09-30,28.8,24.9,26.2,5.7,14.5,17.45,87,1010.7,75,23.9,Lagos
2016-10-01,27.4,24.0,25.1,35.8,14.1,9.29,91,1010.1,99,23.5,Lagos
2016-10-02,27.3,24.5,25.6,2.2,15.6,9.98,89,1010.6,98,23.6,Lagos
2016-10-03,29.0,24.8,26.4,3.4,12.6,18.28,87,1010.5,62,24.0,Lagos
2016-10-04,28.7,25.0,26.3,3.6,15.5,17.55,90,1010.4,48,24.4,Lagos
2016-10-05,28.5,25.2,26.5,1.3,14.3,18.45,88,1009.3,61,24.3,Lagos
2016-10-06,28.6,25.4,26.7,1.9,13.3,17.86,87,1008.3,62,24.3,Lagos
2016-10-07,28.8,25.1,26.2,6.1,12.4,14.37,89,1008.6,85,24.2,Lagos
2016-10-08,27.9,24.2,25.8,6.4,11.2,10.47,88,1010.2,100,23.7,Lagos
2016-10-09,27.3,23.9,25.7,5.7,11.7,7.63,89,1010.9,100,23.7,Lagos
2016-10-10,28.4,24.8,26.2,3.5,17.0,16.51,87,1010.9,82,23.8,Lagos
2016-10-11,28.9,25.5,26.4,7.1,12.0,12.87,86,1010.5,98,24.0,Lagos
2016-10-12,28.3,24.4,26.5,0.9,12.1,15.97,86,1010.4,91,24.0,Lagos
2016-10-13,29.6,25.2,26.9,5.8,13.4,19.94,87,1010.3,91,24.5,Lagos
2016-10-14,28.6,25.0,26.4,8.4,12.0,12.02,89,1010.1,92,24.4,Lagos
2016-10-15,28.7,24.3,26.3,3.7,11.1,16.95,88,1010.1,99,24.2,Lagos
2016-10-16,28.6,25.0,26.4,9.2,12.3,16.86,88,1010.1,73,24.2,Lagos
2016-10-17,29.1,24.6,26.6,7.0,12.0,17.06,87,1010.3,57,24.1,Lagos
2016-10-18,29.0,24.7,26.5,10.0,15.8,18.51,86,1010.4,49,23.9,Lagos
2016-10-19,28.8,24.9,26.4,0.6,15.2,14.63,85,1010.8,78,23.7,Lagos
2016-10-20,29.6,25.0,27.0,2.9,9.7,19.97,85,1009.7,44,24.1,Lagos
2016-10-21,28.6,24.4,26.4,8.1,12.4,15.96,87,1010.5,71,24.1,Lagos
2016-10-22,28.5,25.1,26.2,11.5,11.7,14.46,89,1011.5,88,24.2,Lagos
2016-10-23,29.3,24.4,26.5,0.6,9.4,18.88,87,1010.6,82,24.2,Lagos
2016-10-24,29.8,25.0,27.1,1.1,12.8,19.02,87,1008.7,97,24.8,Lagos
2016-10-25,29.6,25.2,27.1,3.8,13.2,16.24,87,1008.0,84,24.7,Lagos
2016-10-26,29.7,25.3,27.2,0.5,16.1,19.68,85,1007.6,67,24.5,Lagos
2016-10-27,30.3,25.5,27.5,0.0,11.3,20.21,83,1008.4,25,24.3,Lagos
2016-10-28,29.3,26.2,27.3,4.6,11.1,18.3,87,1009.7,47,24.8,Lagos
2016-10-29,28.7,25.2,26.7,2.3,15.0,16.34,88,1009.9,62,24.5,Lagos
2016-10-30,28.2,24.5,26.2,10.7,12.0,12.72,87,1009.9,94,23.9,Lagos
2016-10-31,29.5,24.7,26.5,5.8,8.3,17.38,88,1010.2,67,24.2,Lagos
2016-11-01,29.4,24.7,26.9,1.9,9.7,17.08,85,1011.1,69,24.0,Lagos
2016-11-02,29.0,25.9,26.9,7.4,14.0,15.98,85,1011.0,64,24.2,Lagos
2016-11-03,30.0,25.3,27.1,3.9,14.9,18.94,85,1011.5,62,24.4,Lagos
2016-11-04,29.6,24.8,27.0,0.7,10.5,19.26,86,1011.9,56,24.4,Lagos
2016-11-05,29.7,25.0,27.1,2.5,11.3,19.21,85,1012.0,36,24.4,Lagos
2016-11-06,29.8,25.5,27.5,0.4,11.4,18.75,86,1010.9,71,24.9,Lagos
2016-11-07,29.1,26.0,27.4,0.5,14.4,17.83,87,1010.7,68,25.1,Lagos
2016-11-08,28.7,25.6,27.0,0.7,11.5,15.34,88,1010.9,51,24.7,Lagos
2016-11-09,30.8,24.9,27.7,0.0,14.1,19.59,84,1010.4,28,24.5,Lagos
2016-11-10,31.3,26.1,28.3,0.0,17.4,21.36,81,1009.4,13,24.5,Lagos
2016-11-11,30.2,26.2,27.8,2.0,15.7,18.8,83,1009.0,53,24.6,Lagos
2016-11-12,29.8,26.0,27.7,2.2,16.7,18.33,82,1008.6,80,24.2,Lagos
2016-11-13,30.2,25.9,27.7,0.3,11.5,15.51,83,1007.8,65,24.5,Lagos
2016-11-14,30.9,25.6,28.1,0.2,12.6,19.93,82,1007.3,30,24.7,Lagos
2016-11-15,31.1,25.7,27.9,1.3,13.7,19.7,84,1007.5,56,25.0,Lagos
2016-11-16,30.2,26.6,27.8,1.3,14.5,17.62,85,1007.8,50,25.1,Lagos
2016-11-17,29.9,26.4,27.8,3.5,17.1,17.88,84,1007.6,38,24.9,Lagos
2016-11-18,30.2,25.6,27.7,1.2,11.6,17.93,83,1007.8,40,24.5,Lagos
2016-11-19,30.4,26.0,27.8,3.8,10.8,17.02,83,1008.3,63,24.6,Lagos
2016-11-20,30.2,25.7,27.8,1.0,18.9,16.93,84,1007.8,62,24.7,Lagos
2016-11-21,30.6,26.2,27.7,2.9,16.7,17.63,84,1008.5,74,24.7,Lagos
2016-11-22,30.2,26.2,27.8,0.8,11.4,16.15,84,1008.8,57,24.9,Lagos
2016-11-23,30.1,25.4,27.5,4.0,13.4,16.81,86,1010.2,64,24.8,Lagos
2016-11-24,29.6,26.2,27.4,7.0,15.8,15.31,86,1010.0,55,24.7,Lagos
2016-11-25,30.8,26.5,28.2,0.4,17.3,17.95,84,1008.6,62,25.1,Lagos
2016-11-26,29.4,26.5,27.7,1.1,15.0,16.29,87,1007.6,42,25.2,Lagos
2016-11-27,28.9,26.1,27.4,0.7,15.8,15.94,86,1008.1,33,24.8,Lagos
2016-11-28,29.8,26.2,27.7,2.0,14.2,16.49,84,1008.5,42,24.7,Lagos
2016-11-29,29.7,25.7,27.6,1.7,13.7,15.92,85,1009.1,57,24.9,Lagos
2016-11-30,30.3,26.4,27.9,0.6,15.7,16.23,85,1010.4,39,25.1,Lagos
2016-12-01,30.5,26.3,28.0,1.9,15.2,17.64,84,1010.3,30,25.0,Lagos
2016-12-02,30.1,25.7,27.7,0.9,15.0,16.43,86,1009.7,39,25.0,Lagos
2016-12-03,29.8,26.4,27.7,0.6,13.7,13.72,86,1009.0,88,25.2,Lagos
2016-12-04,31.0,25.9,28.1,0.0,14.7,18.67,81,1009.4,56,24.4,Lagos
2016-12-05,30.3,26.1,27.9,1.3,12.5,16.32,82,1010.6,87,24.4,Lagos
2016-12-06,31.1,26.2,28.1,1.0,14.5,18.28,82,1009.9,67,24.6,Lagos
2016-12-07,30.0,26.7,28.0,2.8,12.6,16.79,83,1009.5,58,24.8,Lagos
2016-12-08,31.5,26.6,28.2,1.1,13.9,18.72,81,1010.0,27,24.6,Lagos
2016-12-09,31.1,26.3,28.1,0.7,11.5,17.1,83,1009.8,44,24.8,Lagos
2016-12-10,30.1,26.4,27.7,3.2,16.9,16.26,85,1009.0,73,24.8,Lagos
2016-12-11,30.3,26.1,27.7,1.3,13.5,17.26,84,1008.8,36,24.6,Lagos
2016-12-12,29.5,26.2,27.3,4.5,14.4,15.25,85,1009.1,47,24.5,Lagos
2016-12-13,30.6,25.6,27.7,0.7,13.0,17.59,84,1008.9,54,24.6,Lagos
2016-12-14,30.5,25.9,27.9,0.4,15.9,16.53,84,1009.0,56,24.9,Lagos
2016-12-15,29.5,25.8,27.6,2.1,12.7,15.74,84,1010.1,56,24.6,Lagos
2016-12-16,30.4,25.7,27.8,1.5,12.6,18.04,82,1010.5,35,24.2,Lagos
2016-12-17,30.9,25.4,28.0,0.4,14.7,17.28,82,1008.4,38,24.6,Lagos
2016-12-18,30.3,26.0,27.8,3.8,12.7,16.07,84,1008.4,40,24.8,Lagos
2016-12-19,31.2,26.4,28.2,0.5,15.5,18.71,82,1008.5,31,24.7,Lagos
2016-12-20,31.1,26.0,28.1,0.9,13.4,18.81,83,1007.7,32,24.9,Lagos
2016-12-21,32.2,25.5,28.4,0.0,15.1,19.59,81,1006.2,24,24.5,Lagos
2016-12-22,32.6,26.7,28.7,0.0,15.3,19.76,78,1007.1,24,24.3,Lagos
2016-12-23,32.8,25.9,28.6,0.0,18.1,20.84,79,1007.1,26,24.3,Lagos
2016-12-24,32.2,26.6,28.5,0.3,17.3,17.98,81,1007.8,89,24.7,Lagos
2016-12-25,32.5,26.5,28.6,0.5,15.3,18.96,79,1007.8,55,24.4,Lagos
2016-12-26,31.9,26.0,28.4,0.0,11.2,18.8,80,1008.4,26,24.2,Lagos
2016-12-27,31.8,25.0,28.0,0.0,11.9,19.52,78,1009.8,40,23.4,Lagos
2016-12-28,32.8,23.8,27.8,0.0,13.2,21.64,72,1009.6,29,21.5,Lagos
2016-12-29,31.9,23.3,27.0,0.0,14.5,21.2,77,1009.7,19,22.0,Lagos
2016-12-30,31.5,23.3,26.8,0.0,14.9,20.99,78,1009.9,26,22.4,Lagos
2016-12-31,31.7,23.3,26.9,0.0,14.3,21.31,77,1009.6,3,22.0,Lagos
2017-01-01,31.6,22.2,26.6,0.0,15.9,21.71,77,1009.2,56,21.7,Lagos
2017-01-02,33.1,22.8,27.0,0.0,15.0,21.52,78,1009.5,18,22.1,Lagos
2017-01-03,32.2,23.6,27.5,0.0,14.5,22.05,75,1009.8,9,22.1,Lagos
2017-01-04,33.9,21.9,27.1,0.0,17.0,22.43,68,1009.1,11,19.1,Lagos
2017-01-05,32.1,23.3,27.0,0.0,17.5,20.57,79,1008.6,36,22.8,Lagos
2017-01-06,32.1,24.2,27.6,0.0,17.9,21.38,81,1008.8,58,23.8,Lagos
2017-01-07,31.2,25.7,27.8,0.3,16.0,19.22,82,1010.1,67,24.1,Lagos
2017-01-08,32.0,25.5,27.9,0.2,16.9,18.6,82,1009.9,45,24.4,Lagos
2017-01-09,33.2,25.0,27.7,0.0,16.2,20.16,80,1008.6,74,23.3,Lagos
2017-01-10,32.6,24.9,27.8,0.0,19.6,21.01,80,1007.7,39,23.6,Lagos
2017-01-11,32.7,25.6,28.2,0.1,20.3,20.88,77,1008.1,32,23.3,Lagos
2017-01-12,32.1,25.0,28.0,0.5,18.4,19.08,79,1009.8,64,23.8,Lagos
2017-01-13,30.5,24.4,27.6,0.8,12.3,18.93,81,1009.4,55,23.9,Lagos
2017-01-14,34.9,24.9,28.5,0.0,18.8,21.13,70,1007.2,56,20.9,Lagos
2017-01-15,33.4,22.6,27.6,0.0,16.2,20.48,70,1007.6,86,21.0,Lagos
2017-01-16,32.4,23.7,27.9,0.0,18.1,20.62,75,1007.7,48,22.6,Lagos
2017-01-17,31.9,25.1,28.2,0.0,18.8,20.88,77,1007.7,65,23.6,Lagos
2017-01-18,32.2,25.3,28.3,1.5,21.7,18.36,78,1008.7,62,23.9,Lagos
2017-01-19,31.9,25.8,28.4,0.1,17.7,20.01,79,1009.2,54,24.2,Lagos
2017-01-20,31.7,26.4,28.5,0.7,18.3,18.08,81,1008.4,63,24.8,Lagos
2017-01-21,31.9,26.7,28.5,0.3,19.5,18.49,82,1008.0,44,25.0,Lagos
2017-01-22,31.1,27.0,28.3,2.6,24.3,17.7,81,1008.6,70,24.7,Lagos
2017-01-23,32.2,26.3,28.5,1.1,20.5,18.45,80,1009.6,87,24.6,Lagos
2017-01-24,30.4,26.6,28.0,0.2,22.6,13.95,80,1010.4,78,24.0,Lagos
2017-01-25,31.2,25.0,27.8,0.5,17.3,20.01,80,1010.4,36,23.8,Lagos
2017-01-26,31.4,25.3,28.0,0.2,17.5,20.48,77,1011.2,40,23.4,Lagos
2017-01-27,32.3,25.7,28.3,0.0,19.7,20.18,78,1011.8,70,24.0,Lagos
2017-01-28,32.3,25.4,28.4,0.1,19.9,20.63,78,1011.0,73,23.9,Lagos
2017-01-29,31.4,25.9,28.4,1.2,19.4,19.75,80,1010.3,34,24.3,Lagos
2017-01-30,31.5,26.7,28.4,0.7,16.4,18.75,80,1009.9,60,24.6,Lagos
2017-01-31,30.2,26.8,28.1,3.0,16.3,16.71,81,1009.9,59,24.5,Lagos
2017-02-01,30.4,26.4,27.8,4.0,18.2,15.25,82,1010.0,72,24.3,Lagos
2017-02-02,31.1,25.3,28.1,0.3,17.1,18.52,78,1010.3,37,23.8,Lagos
2017-02-03,31.8,25.2,28.3,0.0,17.7,21.12,79,1009.8,32,24.0,Lagos
2017-02-04,31.7,25.9,28.5,1.0,15.0,19.16,80,1009.3,26,24.4,Lagos
2017-02-05,31.3,25.8,28.2,1.5,16.1,15.97,81,1008.8,31,24.5,Lagos
2017-02-06,32.8,26.1,28.6,0.2,19.5,20.4,80,1008.5,35,24.4,Lagos
2017-02-07,31.2,26.3,28.3,2.1,16.6,19.94,82,1008.1,38,24.7,Lagos
2017-02-08,31.4,26.2,28.4,0.7,17.2,19.16,80,1007.9,66,24.5,Lagos
2017-02-09,31.0,26.0,28.3,0.5,15.1,16.77,80,1008.2,61,24.5,Lagos
2017-02-10,30.6,26.7,28.1,2.0,20.2,17.17,82,1007.5,45,24.6,Lagos
2017-02-11,30.9,26.0,28.2,1.3,19.3,19.12,80,1007.7,60,24.3,Lagos
2017-02-12,31.4,26.7,28.7,0.3,15.3,20.08,80,1007.1,62,24.8,Lagos
2017-02-13,32.3,26.8,28.7,2.0,20.0,19.04,82,1007.4,77,25.2,Lagos
2017-02-14,32.5,26.0,28.5,0.0,19.0,21.88,81,1008.0,42,24.5,Lagos
2017-02-15,32.0,25.8,28.3,0.6,18.5,20.21,82,1009.4,45,24.8,Lagos
2017-02-16,33.2,26.2,28.4,1.9,19.0,19.86,81,1010.0,76,24.5,Lagos
2017-02-17,35.2,25.2,28.7,0.0,20.7,23.97,65,1009.9,60,19.0,Lagos
2017-02-18,32.8,21.5,27.3,0.0,18.2,25.03,52,1010.4,65,13.6,Lagos
2017-02-19,34.8,22.5,28.0,0.0,18.2,24.69,60,1010.8,24,16.9,Lagos
2017-02-20,32.5,22.8,27.5,0.0,20.9,23.47,74,1010.3,39,22.2,Lagos
2017-02-21,33.1,24.5,28.6,0.0,20.2,22.98,76,1009.0,59,23.5,Lagos
2017-02-22,32.8,25.1,28.6,0.0,20.3,21.9,78,1008.8,79,24.1,Lagos
2017-02-23,32.1,26.8,28.9,0.8,20.0,20.48,79,1008.7,74,24.6,Lagos
2017-02-24,32.6,26.8,29.0,0.4,20.8,20.52,79,1008.4,69,24.8,Lagos
2017-02-25,32.5,26.8,29.0,2.1,20.3,20.69,80,1008.7,88,24.9,Lagos
2017-02-26,31.2,26.0,28.3,1.3,20.4,20.44,81,1008.6,88,24.6,Lagos
2017-02-27,32.2,26.7,28.6,0.2,15.6,20.7,79,1007.6,68,24.5,Lagos
2017-02-28,31.9,27.3,29.0,2.8,20.4,21.29,80,1007.4,64,25.0,Lagos
2017-03-01,31.7,26.7,28.6,1.9,21.5,19.99,80,1008.6,74,24.7,Lagos
2017-03-02,31.7,26.4,28.7,0.8,20.5,20.87,80,1009.0,37,24.7,Lagos
2017-03-03,31.8,26.7,29.0,1.4,22.2,20.42,81,1007.8,48,25.2,Lagos
2017-03-04,31.9,26.5,28.9,0.6,19.8,19.53,79,1006.3,69,24.6,Lagos
2017-03-05,32.6,27.1,29.3,0.2,20.6,22.14,77,1006.9,33,24.7,Lagos
2017-03-06,31.4,27.4,28.6,1.5,19.4,18.38,80,1008.2,65,24.8,Lagos
2017-03-07,32.8,26.6,29.2,0.8,22.9,20.36,79,1007.6,69,24.9,Lagos
2017-03-08,32.1,26.1,29.0,0.3,21.1,21.33,80,1007.2,54,25.0,Lagos
2017-03-09,31.3,27.3,28.4,3.5,17.1,15.67,81,1007.8,66,24.7,Lagos
2017-03-10,31.6,27.2,28.7,5.9,15.3,20.74,78,1007.5,59,24.4,Lagos
2017-03-11,30.2,26.3,28.1,8.9,16.9,18.81,83,1006.6,54,25.0,Lagos
2017-03-12,31.6,25.5,28.2,1.9,17.0,20.02,81,1007.5,92,24.5,Lagos
2017-03-13,31.7,26.1,28.8,0.2,16.4,21.38,78,1008.0,56,24.4,Lagos
2017-03-14,31.6,26.9,28.8,2.4,16.0,20.72,78,1009.9,68,24.5,Lagos
2017-03-15,31.5,27.0,28.6,1.9,15.8,19.54,82,1009.1,75,25.1,Lagos
2017-03-16,33.3,26.6,29.2,0.2,19.4,23.35,79,1007.2,77,24.8,Lagos
2017-03-17,32.9,27.5,29.4,0.9,20.6,22.22,76,1007.2,53,24.4,Lagos
2017-03-18,32.7,27.1,29.5,0.1,21.1,22.42,75,1007.8,46,24.5,Lagos
2017-03-19,32.3,27.4,29.1,1.9,19.9,19.8,77,1008.7,58,24.6,Lagos
2017-03-20,31.0,27.4,28.9,0.8,18.4,18.75,80,1009.5,65,25.0,Lagos
2017-03-21,32.2,26.2,28.8,0.2,25.4,20.33,80,1008.7,88,24.8,Lagos
2017-03-22,30.5,26.9,28.4,1.9,22.3,17.21,81,1009.5,91,24.7,Lagos
2017-03-23,29.8,26.8,27.9,1.1,21.1,16.51,80,1010.1,93,24.2,Lagos
2017-03-24,31.2,25.8,28.1,0.6,19.5,20.3,80,1010.0,72,24.3,Lagos
2017-03-25,31.9,25.3,28.4,0.0,17.5,22.94,79,1009.4,60,24.1,Lagos
2017-03-26,32.4,26.9,29.1,0.0,18.8,22.73,74,1009.2,53,23.8,Lagos
2017-03-27,31.6,27.0,28.6,0.7,20.8,18.32,79,1009.0,82,24.5,Lagos
2017-03-28,32.2,26.7,28.9,0.0,16.9,20.72,77,1008.3,57,24.3,Lagos
2017-03-29,32.2,26.7,29.2,0.1,19.2,19.2,78,1007.6,83,24.8,Lagos
2017-03-30,32.6,27.7,29.4,1.3,19.4,18.7,78,1008.5,74,25.1,Lagos
2017-03-31,32.0,27.5,29.2,1.3,20.6,20.08,79,1009.6,88,24.9,Lagos
2017-04-01,31.6,25.2,28.4,1.4,20.7,19.12,80,1009.0,84,24.5,Lagos
2017-04-02,33.1,27.3,29.6,0.0,18.8,23.88,73,1008.6,55,24.1,Lagos
2017-04-03,32.6,27.0,29.0,1.9,16.7,20.15,78,1008.8,71,24.6,Lagos
2017-04-04,32.4,26.7,28.7,1.3,16.2,19.15,80,1008.8,82,24.7,Lagos
2017-04-05,31.9,27.6,29.3,1.0,17.4,18.42,76,1008.9,78,24.6,Lagos
2017-04-06,32.1,27.2,29.1,1.4,16.3,18.94,78,1008.5,64,24.7,Lagos
2017-04-07,33.3,25.4,28.6,1.4,21.7,21.38,79,1007.1,84,24.3,Lagos
2017-04-08,32.9,26.8,29.3,2.2,16.5,19.85,77,1007.2,80,24.6,Lagos
2017-04-09,31.5,26.8,27.7,3.0,17.5,11.92,84,1008.2,98,24.7,Lagos
2017-04-10,32.0,25.9,28.6,1.2,18.9,20.46,79,1007.8,91,24.4,Lagos
2017-04-11,32.0,27.3,29.2,0.6,20.6,18.88,77,1007.2,84,24.7,Lagos
2017-04-12,31.8,27.9,29.3,1.7,19.9,18.9,78,1007.7,79,25.0,Lagos
2017-04-13,31.4,24.7,28.2,13.5,21.3,14.25,83,1008.4,98,24.9,Lagos
2017-04-14,30.0,25.4,27.6,5.9,19.8,17.93,83,1009.4,97,24.3,Lagos
2017-04-15,31.5,25.2,28.5,11.8,14.1,23.82,81,1009.4,69,24.9,Lagos
2017-04-16,30.2,25.2,27.6,1.8,11.9,21.87,85,1009.5,68,24.8,Lagos
2017-04-17,31.4,26.6,28.7,0.3,14.4,21.76,82,1008.8,36,25.2,Lagos
2017-04-18,31.7,27.7,29.1,1.3,14.3,20.85,80,1008.4,50,25.2,Lagos
2017-04-19,31.8,27.2,29.1,0.1,18.7,21.36,80,1007.5,73,25.1,Lagos
2017-04-20,30.4,26.6,28.0,12.2,17.2,14.01,84,1008.0,71,25.0,Lagos
2017-04-21,30.1,26.8,28.3,9.6,19.4,18.57,79,1008.8,76,24.1,Lagos
2017-04-22,31.5,26.3,28.5,0.4,17.3,22.24,81,1009.2,70,24.6,Lagos
2017-04-23,31.7,27.1,28.9,0.3,17.8,18.55,77,1009.9,64,24.2,Lagos
2017-04-24,32.2,26.2,28.6,0.2,17.7,22.42,78,1010.1,83,24.2,Lagos
2017-04-25,31.1,26.9,28.6,0.8,16.8,18.29,79,1009.6,90,24.4,Lagos
2017-04-26,31.5,26.4,28.9,0.6,16.5,21.75,75,1009.4,42,23.9,Lagos
2017-04-27,32.3,26.9,29.2,0.0,15.7,23.59,73,1010.3,19,23.7,Lagos
2017-04-28,32.8,27.4,29.4,0.8,15.5,20.76,74,1010.6,78,24.0,Lagos
2017-04-29,32.0,27.4,29.3,0.7,17.0,21.46,75,1010.2,79,24.1,Lagos
2017-04-30,32.7,27.0,29.2,0.7,19.2,21.72,76,1010.1,62,24.4,Lagos
2017-05-01,32.0,27.1,29.1,0.8,19.0,22.47,75,1009.5,67,24.2,Lagos
2017-05-02,30.8,26.5,28.3,2.7,16.8,20.1,78,1009.0,93,24.1,Lagos
2017-05-03,31.7,27.0,28.2,4.8,20.5,19.2,80,1008.9,82,24.4,Lagos
2017-05-04,30.6,26.3,28.0,1.9,20.0,18.98,82,1009.0,88,24.6,Lagos
2017-05-05,29.6,25.6,27.2,2.6,11.9,12.8,82,1010.3,81,23.9,Lagos
2017-05-06,31.2,25.8,28.5,0.5,17.3,21.45,79,1010.2,59,24.4,Lagos
2017-05-07,33.2,26.4,28.9,2.9,21.7,20.69,78,1008.5,96,24.6,Lagos
2017-05-08,31.9,26.0,28.5,1.1,16.3,22.41,79,1008.9,67,24.3,Lagos
2017-05-09,32.3,26.4,28.6,2.6,16.2,20.76,79,1008.5,75,24.4,Lagos
2017-05-10,31.7,26.8,28.6,1.6,14.5,19.76,79,1008.9,59,24.4,Lagos
2017-05-11,30.9,26.7,28.1,2.4,12.6,17.1,81,1010.2,73,24.5,Lagos
2017-05-12,30.4,25.5,27.6,2.5,13.7,18.75,84,1010.6,89,24.5,Lagos
2017-05-13,31.2,26.3,28.4,1.8,15.8,19.18,83,1010.2,89,25.2,Lagos
2017-05-14,31.1,26.2,28.4,6.3,18.1,19.56,83,1009.7,90,25.1,Lagos
2017-05-15,29.7,26.0,27.4,4.0,17.6,18.28,86,1010.9,96,24.9,Lagos
2017-05-16,27.7,25.2,26.3,18.7,14.0,10.69,88,1012.0,99,24.1,Lagos
2017-05-17,30.3,24.3,27.0,2.0,13.4,20.25,85,1010.5,77,24.1,Lagos
2017-05-18,29.2,25.7,27.6,2.1,12.8,20.34,85,1009.9,48,24.9,Lagos
2017-05-19,30.5,25.9,28.0,1.2,16.3,20.14,84,1010.5,65,24.9,Lagos
2017-05-20,29.5,26.0,27.4,2.4,14.5,16.21,87,1011.5,90,25.0,Lagos
2017-05-21,30.6,25.4,27.7,0.8,18.0,21.2,83,1010.6,46,24.6,Lagos
2017-05-22,30.8,26.7,28.3,2.5,20.1,18.92,82,1009.1,40,24.9,Lagos
2017-05-23,30.6,26.6,28.3,2.5,17.6,19.57,83,1009.4,61,25.0,Lagos
2017-05-24,30.2,26.5,27.9,4.4,18.5,19.85,84,1010.4,65,24.8,Lagos
2017-05-25,27.3,25.6,26.4,17.7,14.0,9.33,89,1011.7,87,24.3,Lagos
2017-05-26,28.7,24.3,26.5,3.1,13.2,14.04,86,1012.3,92,23.9,Lagos
2017-05-27,30.0,25.9,27.5,2.4,10.7,13.52,83,1012.4,87,24.3,Lagos
2017-05-28,29.0,25.2,27.4,4.2,13.0,19.89,84,1012.6,60,24.4,Lagos
2017-05-29,30.2,26.3,27.7,2.7,19.1,18.32,83,1011.9,51,24.5,Lagos
2017-05-30,29.9,25.7,27.5,3.3,20.3,20.57,84,1011.8,43,24.4,Lagos
2017-05-31,28.2,25.3,26.2,10.3,12.7,11.26,88,1013.3,89,24.1,Lagos
2017-06-01,29.9,23.8,26.9,0.5,14.5,16.43,84,1012.7,62,23.7,Lagos
2017-06-02,30.3,25.9,27.4,6.1,18.4,14.21,85,1012.3,96,24.5,Lagos
2017-06-03,27.9,25.0,26.5,8.2,14.5,12.75,88,1011.6,94,24.4,Lagos
2017-06-04,28.6,25.3,26.9,3.0,14.4,18.06,86,1011.5,78,24.3,Lagos
2017-06-05,28.8,24.6,26.6,15.2,14.2,15.45,86,1011.1,84,24.1,Lagos
2017-06-06,28.9,25.0,26.6,9.0,13.9,15.88,86,1011.7,92,24.0,Lagos
2017-06-07,29.8,24.8,27.0,5.6,12.0,19.96,86,1012.1,86,24.3,Lagos
2017-06-08,28.7,25.2,26.4,10.0,10.4,12.35,89,1010.3,83,24.5,Lagos
2017-06-09,29.8,26.3,27.6,3.6,15.1,17.38,86,1009.0,74,25.0,Lagos
2017-06-10,28.9,25.5,26.7,13.0,16.7,15.29,88,1010.2,99,24.4,Lagos
2017-06-11,29.4,25.4,26.7,11.5,18.2,15.22,88,1010.0,94,24.5,Lagos
2017-06-12,27.0,24.0,25.4,43.8,20.0,6.3,89,1010.7,100,23.5,Lagos
2017-06-13,29.2,23.6,25.6,5.3,17.1,15.94,85,1011.6,100,22.9,Lagos
2017-06-14,27.8,24.0,25.7,8.9,14.1,12.77,89,1011.9,88,23.7,Lagos
2017-06-15,27.3,24.7,26.0,13.4,13.8,12.11,89,1011.5,95,24.1,Lagos
2017-06-16,28.4,24.5,25.8,10.1,20.5,14.49,87,1011.7,96,23.5,Lagos
2017-06-17,27.8,23.4,25.4,2.2,11.9,9.69,87,1010.9,99,23.0,Lagos
2017-06-18,27.8,24.5,26.2,2.4,12.3,15.15,88,1010.0,84,24.0,Lagos
2017-06-19,27.8,24.8,26.2,7.0,19.1,15.65,87,1010.8,87,23.8,Lagos
2017-06-20,26.3,24.2,24.9,27.5,15.5,7.42,91,1012.3,99,23.2,Lagos
2017-06-21,29.2,24.0,26.1,2.7,12.8,18.32,87,1011.6,64,23.8,Lagos
2017-06-22,29.3,23.9,26.6,8.1,13.8,16.48,85,1011.0,86,23.9,Lagos
2017-06-23,27.4,24.3,25.7,32.6,15.8,7.79,88,1010.9,98,23.6,Lagos
2017-06-24,26.1,23.9,25.1,22.7,15.8,5.7,91,1011.0,95,23.4,Lagos
2017-06-25,28.6,23.0,25.5,16.5,12.3,17.38,88,1011.6,89,23.3,Lagos
2017-06-26,28.2,23.4,25.6,11.7,11.6,11.75,88,1011.4,94,23.4,Lagos
2017-06-27,29.1,24.5,26.4,4.8,13.7,18.35,87,1011.7,86,23.9,Lagos
2017-06-28,28.1,23.8,25.8,8.4,15.0,13.82,87,1012.8,80,23.4,Lagos
2017-06-29,26.7,23.9,25.2,15.5,11.6,11.47,89,1013.2,94,23.2,Lagos
2017-06-30,27.9,24.0,25.6,2.4,16.2,16.79,87,1013.5,81,23.3,Lagos
2017-07-01,26.7,24.6,25.6,8.0,13.6,12.45,88,1013.2,94,23.4,Lagos
2017-07-02,27.3,24.3,25.7,1.9,15.0,14.49,88,1013.1,97,23.6,Lagos
2017-07-03,27.1,24.5,25.6,7.3,15.5,12.55,87,1013.1,83,23.2,Lagos
2017-07-04,27.5,24.5,25.5,6.7,17.6,14.71,87,1013.0,75,23.1,Lagos
2017-07-05,27.2,24.0,24.9,65.1,13.6,9.61,89,1013.7,90,23.0,Lagos
2017-07-06,25.5,23.9,24.4,44.2,18.1,5.54,91,1014.3,100,22.9,Lagos
2017-07-07,27.0,23.9,25.3,6.3,12.1,13.65,88,1013.9,95,23.1,Lagos
2017-07-08,25.5,24.1,24.7,34.7,15.0,4.96,91,1013.4,98,23.1,Lagos
2017-07-09,27.1,24.2,25.4,2.9,20.7,14.56,85,1013.7,91,22.8,Lagos
2017-07-10,28.1,24.7,25.9,0.0,20.0,22.01,78,1014.1,80,21.6,Lagos
2017-07-11,28.6,22.3,25.3,0.0,20.4,21.87,78,1014.9,45,21.0,Lagos
2017-07-12,27.7,24.0,25.6,1.8,18.1,16.46,81,1014.5,84,22.0,Lagos
2017-07-13,27.3,24.0,25.5,4.2,20.7,15.21,83,1014.1,69,22.4,Lagos
2017-07-14,27.5,23.6,25.5,1.6,16.3,15.21,84,1013.7,75,22.4,Lagos
2017-07-15,27.9,23.6,25.5,1.3,21.5,16.75,85,1013.1,81,22.9,Lagos
2017-07-16,27.0,24.3,25.5,6.5,18.5,11.8,85,1013.4,80,22.8,Lagos
2017-07-17,26.7,24.3,25.4,14.3,17.3,10.0,85,1012.7,91,22.8,Lagos
2017-07-18,27.4,24.5,25.6,4.9,18.2,14.61,84,1013.8,73,22.8,Lagos
2017-07-19,27.4,24.6,25.6,5.9,17.3,14.22,87,1014.6,72,23.3,Lagos
2017-07-20,28.0,24.2,25.8,1.0,19.4,17.84,86,1013.5,65,23.3,Lagos
2017-07-21,28.3,24.4,25.9,1.5,19.5,18.39,86,1012.4,45,23.3,Lagos
2017-07-22,26.8,24.6,25.2,22.1,21.3,6.8,89,1012.3,93,23.2,Lagos
2017-07-23,26.7,23.9,24.9,7.2,20.7,10.84,88,1013.7,93,22.7,Lagos
2017-07-24,27.3,23.5,25.1,2.2,24.3,16.54,87,1014.2,76,22.7,Lagos
2017-07-25,26.5,24.0,25.0,1.6,21.5,14.69,86,1014.1,89,22.4,Lagos
2017-07-26,27.2,24.0,25.2,0.9,16.6,16.83,85,1013.0,66,22.5,Lagos
2017-07-27,27.4,23.1,25.3,1.4,15.5,16.16,87,1012.3,65,22.8,Lagos
2017-07-28,27.6,24.2,25.5,2.8,19.1,14.59,87,1012.3,92,23.2,Lagos
2017-07-29,27.5,24.0,25.2,2.6,21.0,11.31,88,1013.1,85,23.0,Lagos
2017-07-30,27.6,24.0,25.2,5.3,21.9,12.33,85,1013.1,76,22.6,Lagos
2017-07-31,27.0,24.3,25.2,1.0,21.4,9.29,85,1012.7,82,22.5,Lagos
2017-08-01,26.7,23.9,24.9,7.0,21.1,9.78,88,1013.1,85,22.7,Lagos
2017-08-02,27.0,23.7,24.9,15.6,19.4,10.66,88,1013.9,95,22.8,Lagos
2017-08-03,26.1,23.6,24.2,65.4,18.8,4.24,92,1014.6,97,22.7,Lagos
2017-08-04,26.9,23.6,24.6,2.6,23.3,9.95,87,1013.2,91,22.3,Lagos
2017-08-05,26.8,23.5,24.7,1.2,18.4,10.25,89,1012.8,95,22.8,Lagos
2017-08-06,26.4,23.9,24.6,21.6,18.9,8.1,88,1013.3,88,22.5,Lagos
2017-08-07,27.5,22.6,24.6,1.2,14.5,13.01,86,1013.8,79,22.1,Lagos
2017-08-08,26.7,23.4,24.9,1.1,21.5,15.29,86,1013.4,87,22.3,Lagos
2017-08-09,26.8,23.7,25.1,1.6,18.8,15.65,86,1013.8,63,22.6,Lagos
2017-08-10,27.4,23.7,25.3,1.0,16.4,14.98,86,1013.3,73,22.7,Lagos
2017-08-11,27.7,23.6,25.2,0.9,19.7,16.64,88,1013.0,70,23.0,Lagos
2017-08-12,27.6,23.9,25.2,0.5,18.1,13.83,86,1012.6,82,22.7,Lagos
2017-08-13,27.2,24.1,25.3,0.7,21.7,15.25,87,1011.7,84,22.9,Lagos
2017-08-14,27.7,24.2,25.2,2.1,20.8,12.55,85,1011.3,95,22.5,Lagos
2017-08-15,27.1,24.1,25.2,0.4,20.4,16.75,85,1012.2,92,22.6,Lagos
2017-08-16,27.6,24.1,25.1,3.6,20.2,10.26,86,1011.9,92,22.6,Lagos
2017-08-17,26.9,23.3,24.7,32.2,22.2,7.46,88,1010.5,100,22.6,Lagos
2017-08-18,27.0,24.1,25.1,2.5,23.8,17.2,84,1010.4,85,22.0,Lagos
2017-08-19,27.3,23.7,25.1,0.5,16.9,19.99,82,1012.0,44,21.6,Lagos
2017-08-20,27.4,23.1,24.7,0.2,17.8,15.67,84,1012.7,77,21.7,Lagos
2017-08-21,27.2,24.0,25.2,1.4,22.9,18.15,83,1012.3,76,22.0,Lagos
2017-08-22,27.5,23.9,25.0,0.6,21.7,13.82,84,1012.3,89,22.0,Lagos
2017-08-23,27.5,23.3,25.0,2.6,19.4,17.4,85,1011.7,67,22.2,Lagos
2017-08-24,28.0,22.9,25.1,1.3,17.7,17.58,86,1011.1,66,22.4,Lagos
2017-08-25,28.1,24.0,25.2,2.8,26.0,13.81,86,1010.7,98,22.6,Lagos
2017-08-26,26.0,23.5,24.6,3.1,19.4,8.63,87,1011.4,97,22.4,Lagos
2017-08-27,27.5,23.4,24.9,2.9,13.5,13.71,87,1012.5,90,22.6,Lagos
2017-08-28,27.5,23.4,24.9,0.9,17.8,13.2,88,1012.0,98,22.8,Lagos
2017-08-29,27.0,23.4,24.8,17.1,20.9,12.84,89,1011.5,89,22.8,Lagos
2017-08-30,26.9,24.1,25.2,1.6,24.3,16.78,86,1012.4,75,22.6,Lagos
2017-08-31,27.1,23.9,25.1,1.2,24.5,17.72,87,1012.5,74,22.6,Lagos
2017-09-01,27.4,23.3,24.9,0.8,18.6,19.48,86,1013.3,33,22.4,Lagos
2017-09-02,27.7,23.1,25.0,0.6,21.9,21.05,85,1013.3,72,22.2,Lagos
2017-09-03,28.1,23.8,25.0,6.2,19.9,14.02,86,1012.7,90,22.5,Lagos
2017-09-04,27.1,24.0,25.1,1.6,22.1,12.66,85,1012.9,88,22.4,Lagos
2017-09-05,28.0,23.7,25.5,1.0,17.3,18.69,84,1013.0,58,22.6,Lagos
2017-09-06,28.0,24.1,25.5,1.0,19.1,16.64,85,1012.3,67,22.7,Lagos
2017-09-07,26.1,23.9,24.5,53.4,17.5,7.95,88,1012.1,94,22.5,Lagos
2017-09-08,27.3,23.3,24.9,1.8,15.3,12.2,86,1012.2,87,22.4,Lagos
2017-09-09,27.4,23.7,25.3,0.9,14.8,13.04,87,1011.6,76,22.9,Lagos
2017-09-10,27.8,24.5,25.7,1.7,21.1,18.62,87,1011.2,48,23.3,Lagos
2017-09-11,27.7,24.4,25.3,4.0,17.3,13.83,88,1011.2,94,23.2,Lagos
2017-09-12,27.5,23.3,25.1,0.5,18.1,14.17,89,1011.9,82,23.0,Lagos
2017-09-13,28.3,23.7,25.3,4.5,22.0,13.04,86,1012.5,84,22.8,Lagos
2017-09-14,28.0,24.2,25.7,1.5,22.4,17.92,85,1012.1,62,22.8,Lagos
2017-09-15,27.6,24.7,25.7,1.2,23.9,19.15,85,1012.0,62,23.0,Lagos
2017-09-16,27.7,24.2,25.4,2.4,24.7,16.2,85,1012.2,77,22.7,Lagos
2017-09-17,28.1,23.7,25.6,1.4,16.4,20.04,84,1013.5,61,22.6,Lagos
2017-09-18,28.6,23.6,25.7,3.5,19.4,17.26,85,1013.1,65,22.9,Lagos
2017-09-19,28.1,24.4,25.9,0.8,21.8,17.21,87,1011.8,71,23.5,Lagos
2017-09-20,28.2,24.7,26.1,1.0,19.2,17.36,84,1011.3,59,23.2,Lagos
2017-09-21,28.9,24.9,26.2,0.8,23.7,14.59,83,1011.5,71,23.1,Lagos
2017-09-22,27.1,24.6,25.7,2.0,21.5,11.42,84,1012.0,89,22.8,Lagos
2017-09-23,28.2,24.1,25.9,1.6,17.1,18.19,86,1012.9,71,23.2,Lagos
2017-09-24,28.7,24.3,25.8,1.3,13.2,13.45,87,1012.3,82,23.4,Lagos
2017-09-25,28.0,23.7,25.7,4.6,16.1,17.49,88,1011.1,77,23.5,Lagos
2017-09-26,26.4,23.6,25.2,15.2,10.5,10.01,88,1010.3,98,23.1,Lagos
2017-09-27,28.1,22.2,25.2,1.5,14.1,16.13,88,1010.6,83,22.9,Lagos
2017-09-28,27.2,24.0,25.4,18.4,14.8,13.26,88,1011.6,95,23.3,Lagos
2017-09-29,27.8,23.5,25.5,5.5,15.5,11.1,87,1011.3,93,23.2,Lagos
2017-09-30,29.0,23.6,26.1,1.1,18.9,18.66,86,1009.9,62,23.5,Lagos
2017-10-01,28.6,24.0,26.1,1.7,15.5,19.43,87,1010.3,69,23.7,Lagos
2017-10-02,29.1,24.7,26.6,1.7,18.1,19.18,85,1009.8,52,23.7,Lagos
2017-10-03,29.4,24.1,26.4,2.1,15.3,17.53,85,1009.0,74,23.6,Lagos
2017-10-04,29.0,24.6,26.7,3.0,22.2,18.94,85,1010.4,83,23.8,Lagos
2017-10-05,28.0,24.6,26.0,2.3,12.0,15.24,87,1010.8,83,23.6,Lagos
2017-10-06,28.8,24.3,26.4,2.0,20.9,19.54,84,1010.1,61,23.5,Lagos
2017-10-07,28.4,24.3,25.8,5.7,17.2,12.72,86,1009.9,96,23.3,Lagos
2017-10-08,27.4,24.5,25.6,3.7,15.8,11.74,88,1010.7,97,23.3,Lagos
2017-10-09,29.1,24.1,26.3,2.8,18.8,15.87,87,1010.1,76,23.8,Lagos
2017-10-10,29.0,25.2,26.7,2.0,16.9,17.08,86,1009.9,89,24.1,Lagos
2017-10-11,28.8,24.6,26.4,3.3,17.3,18.3,85,1010.9,85,23.7,Lagos
2017-10-12,28.5,24.1,25.9,6.3,14.3,14.72,87,1011.3,73,23.5,Lagos
2017-10-13,28.5,24.8,26.3,3.8,14.8,17.78,87,1010.9,69,23.9,Lagos
2017-10-14,27.9,24.7,25.9,0.3,13.5,16.76,87,1011.0,86,23.6,Lagos
2017-10-15,29.0,24.0,26.4,0.9,17.1,19.44,85,1011.3,54,23.6,Lagos
2017-10-16,28.9,25.3,26.8,2.8,13.5,18.05,87,1012.2,57,24.4,Lagos
2017-10-17,29.2,25.9,27.2,1.6,17.0,17.0,87,1012.2,54,24.8,Lagos
2017-10-18,28.2,25.6,26.5,0.9,15.9,10.72,88,1011.9,98,24.3,Lagos
2017-10-19,29.3,25.1,26.9,1.0,13.4,17.78,83,1011.8,71,23.6,Lagos
2017-10-20,29.6,25.4,27.1,4.0,13.9,19.08,83,1011.4,51,23.9,Lagos
2017-10-21,29.9,25.6,27.3,0.6,17.1,19.71,84,1011.7,38,24.3,Lagos
2017-10-22,29.2,25.9,26.9,6.4,18.4,13.59,84,1011.7,55,24.0,Lagos
2017-10-23,28.9,25.6,27.0,6.2,13.1,16.67,84,1011.0,88,24.0,Lagos
2017-10-24,30.2,25.0,27.2,1.7,13.9,18.63,84,1010.0,72,24.2,Lagos
2017-10-25,29.6,25.4,27.3,0.8,13.6,17.88,85,1009.9,45,24.5,Lagos
2017-10-26,29.9,25.8,27.6,0.9,11.8,17.96,83,1010.3,40,24.4,Lagos
2017-10-27,30.0,25.6,27.5,1.9,14.8,16.06,83,1009.8,91,24.2,Lagos
2017-10-28,29.5,25.6,27.2,3.7,12.5,16.97,85,1009.4,71,24.3,Lagos
2017-10-29,31.0,25.4,27.7,0.8,14.7,19.43,81,1009.3,50,24.1,Lagos
2017-10-30,30.7,25.1,27.8,0.1,15.3,20.03,82,1008.7,36,24.4,Lagos
2017-10-31,29.5,25.8,27.4,1.4,13.9,14.77,82,1009.8,72,24.2,Lagos
2017-11-01,30.0,24.9,27.1,1.7,13.4,14.97,84,1010.1,86,24.1,Lagos
2017-11-02,30.6,25.5,27.5,4.3,12.9,15.72,81,1010.3,92,23.9,Lagos
2017-11-03,30.6,25.0,27.3,1.2,15.1,17.76,82,1009.6,79,23.8,Lagos
2017-11-04,29.5,25.4,27.3,1.5,14.3,16.11,81,1010.6,49,23.6,Lagos
2017-11-05,30.0,25.4,27.3,1.1,15.1,15.55,81,1010.4,76,23.6,Lagos
2017-11-06,29.7,25.9,27.4,0.3,14.7,14.72,81,1009.4,66,23.8,Lagos
2017-11-07,30.8,24.9,27.5,1.8,13.2,18.79,81,1008.6,75,23.9,Lagos
2017-11-08,31.1,25.2,27.9,0.9,14.8,18.59,81,1008.7,47,24.2,Lagos
2017-11-09,31.1,25.4,27.9,1.3,16.6,15.76,81,1009.3,60,24.2,Lagos
2017-11-10,31.3,25.8,28.1,0.3,15.7,18.23,80,1009.3,63,24.1,Lagos
2017-11-11,30.8,25.6,28.0,0.6,15.5,17.78,81,1009.0,54,24.2,Lagos
2017-11-12,30.5,26.2,27.7,0.5,13.7,16.02,82,1008.8,59,24.3,Lagos
2017-11-13,30.9,26.1,27.9,0.6,12.9,16.67,81,1008.4,68,24.3,Lagos
2017-11-14,29.9,26.0,27.6,2.2,14.2,15.14,83,1007.9,50,24.4,Lagos
2017-11-15,30.6,26.2,27.9,3.5,18.5,15.14,81,1008.3,74,24.2,Lagos
2017-11-16,30.7,26.0,27.8,5.3,16.9,14.98,81,1008.7,91,24.2,Lagos
2017-11-17,30.1,26.0,27.9,0.9,17.3,14.13,79,1008.6,64,23.9,Lagos
2017-11-18,29.9,25.6,27.3,2.0,18.4,14.63,82,1008.8,76,24.0,Lagos
2017-11-19,29.3,25.9,27.3,4.0,15.3,13.71,82,1009.2,83,23.8,Lagos
2017-11-20,30.4,25.5,27.3,5.5,11.7,12.95,83,1009.7,65,24.0,Lagos
2017-11-21,30.6,24.4,27.1,1.4,15.0,17.43,83,1009.0,33,23.9,Lagos
2017-11-22,29.3,25.5,27.3,3.1,11.9,16.16,83,1009.2,59,24.1,Lagos
2017-11-23,29.5,25.3,27.1,5.3,13.6,14.19,82,1009.8,91,23.6,Lagos
2017-11-24,30.3,25.0,27.4,0.5,11.8,15.81,83,1010.2,63,24.1,Lagos
2017-11-25,29.9,24.6,26.9,1.4,13.4,16.09,84,1010.9,57,23.9,Lagos
2017-11-26,32.3,24.1,27.7,0.1,15.7,20.16,79,1010.8,40,23.5,Lagos
2017-11-27,30.6,24.4,27.4,0.7,12.8,16.55,79,1011.2,47,23.2,Lagos
2017-11-28,32.8,23.7,27.6,0.0,13.9,20.31,77,1011.0,9,22.7,Lagos
2017-11-29,32.5,24.8,28.1,0.0,15.1,19.31,76,1010.8,41,23.1,Lagos
2017-11-30,31.9,24.0,27.9,0.0,13.9,18.55,77,1011.2,19,23.1,Lagos
2017-12-01,32.6,25.7,28.5,0.1,18.4,18.45,77,1009.9,15,23.7,Lagos
2017-12-02,31.4,25.3,28.1,1.6,16.4,16.96,78,1008.8,16,23.6,Lagos
2017-12-03,31.4,25.8,28.3,0.2,15.8,17.01,78,1009.2,25,24.0,Lagos
2017-12-04,32.4,26.1,28.7,1.0,14.5,17.34,78,1009.7,29,24.4,Lagos
2017-12-05,32.0,25.9,28.5,0.4,16.4,17.35,81,1009.1,20,24.7,Lagos
2017-12-06,32.1,26.2,28.7,0.2,18.5,17.61,79,1007.7,20,24.5,Lagos
2017-12-07,30.9,25.5,28.1,1.0,18.4,15.31,81,1007.9,53,24.5,Lagos
2017-12-08,30.5,25.9,27.9,0.6,14.5,15.09,83,1008.2,73,24.6,Lagos
2017-12-09,28.9,24.9,26.5,3.2,13.7,10.97,86,1009.3,84,23.8,Lagos
2017-12-10,30.9,24.3,27.2,0.0,13.2,14.88,77,1009.0,59,22.5,Lagos
2017-12-11,32.2,23.6,27.4,0.0,12.3,19.12,72,1009.4,40,21.4,Lagos
2017-12-12,32.0,24.4,28.1,0.0,12.9,18.31,72,1009.8,51,22.4,Lagos
2017-12-13,34.0,24.3,28.3,0.0,15.8,19.03,75,1009.4,66,22.8,Lagos
2017-12-14,32.3,24.2,27.7,0.0,19.7,17.7,80,1009.4,50,23.5,Lagos
2017-12-15,32.5,25.5,28.1,0.5,17.6,17.5,81,1009.4,29,24.3,Lagos
2017-12-16,32.3,26.0,28.4,0.2,18.8,15.4,81,1009.1,49,24.6,Lagos
2017-12-17,31.6,26.4,28.3,1.2,20.5,15.84,81,1009.2,49,24.5,Lagos
2017-12-18,30.4,26.5,28.1,0.6,17.4,14.93,82,1009.2,33,24.5,Lagos
2017-12-19,30.0,26.0,27.6,2.7,18.9,14.06,82,1009.1,49,24.2,Lagos
2017-12-20,30.7,25.4,27.7,0.4,17.3,14.7,81,1009.0,64,24.0,Lagos
2017-12-21,30.3,26.3,27.8,0.7,17.3,14.13,82,1009.4,63,24.3,Lagos
2017-12-22,31.5,25.8,27.8,0.4,19.2,15.36,80,1010.0,85,23.9,Lagos
2017-12-23,31.6,24.8,27.4,0.0,14.6,16.91,73,1009.7,94,21.6,Lagos
2017-12-24,32.1,21.0,26.8,0.0,14.8,18.96,63,1009.2,75,18.6,Lagos
2017-12-25,32.3,22.2,27.3,0.0,13.9,19.08,67,1009.0,33,20.1,Lagos
2017-12-26,33.8,22.3,27.5,0.0,13.7,19.38,69,1008.8,22,20.4,Lagos
2017-12-27,34.0,20.7,26.7,0.0,14.0,19.76,64,1008.4,24,17.5,Lagos
2017-12-28,33.1,20.5,26.2,0.0,18.8,19.51,70,1008.6,9,19.3,Lagos
2017-12-29,31.0,23.8,26.8,0.0,15.5,18.36,80,1009.6,71,22.8,Lagos
2017-12-30,32.2,23.8,27.2,0.0,16.7,18.1,82,1010.1,34,23.5,Lagos
2017-12-31,33.1,24.0,27.7,0.0,13.8,19.18,72,1010.2,8,21.0,Lagos
2018-01-01,32.6,20.9,26.6,0.0,13.8,19.62,60,1009.4,1,15.8,Lagos
2018-01-02,32.9,20.9,26.6,0.0,14.9,19.47,57,1008.7,2,16.2,Lagos
2018-01-03,33.2,20.6,26.4,0.0,14.5,19.59,54,1009.4,0,14.6,Lagos
2018-01-04,33.1,19.8,26.4,0.0,13.0,19.72,46,1010.8,0,12.0,Lagos
2018-01-05,31.1,19.9,25.4,0.0,14.3,19.89,49,1011.1,0,12.5,Lagos
2018-01-06,31.5,19.3,25.3,0.0,17.3,19.42,69,1010.5,0,18.4,Lagos
2018-01-07,31.5,23.3,26.6,0.0,15.5,16.75,79,1010.0,35,22.2,Lagos
2018-01-08,32.2,23.8,26.9,0.0,18.2,17.61,82,1010.5,22,23.2,Lagos
2018-01-09,31.6,24.3,26.9,0.0,18.1,18.15,83,1010.7,35,23.4,Lagos
2018-01-10,31.4,24.2,27.1,0.0,17.7,16.89,79,1010.7,33,22.8,Lagos
2018-01-11,31.7,24.2,27.4,0.4,19.5,16.33,80,1010.0,36,23.4,Lagos
2018-01-12,31.8,24.8,27.3,0.3,19.7,16.72,82,1010.0,28,23.6,Lagos
2018-01-13,31.8,24.7,27.3,0.0,19.8,17.77,80,1009.5,88,23.3,Lagos
2018-01-14,31.5,23.9,27.2,0.0,16.0,17.2,80,1009.6,77,23.0,Lagos
2018-01-15,31.2,23.7,27.1,0.0,16.8,16.55,82,1010.0,65,23.5,Lagos
2018-01-16,31.9,24.8,27.7,0.0,17.7,16.25,79,1010.1,45,23.4,Lagos
2018-01-17,33.1,24.8,27.9,0.0,17.9,18.37,80,1009.2,19,23.7,Lagos
2018-01-18,32.2,25.2,27.9,0.0,18.9,18.35,81,1009.2,42,24.1,Lagos
2018-01-19,31.5,25.3,27.9,0.6,17.4,17.09,80,1009.4,53,23.9,Lagos
2018-01-20,32.0,25.1,27.9,0.3,20.7,16.27,82,1008.9,44,24.4,Lagos
2018-01-21,31.6,25.0,28.0,0.6,18.9,16.93,81,1008.8,42,24.0,Lagos
2018-01-22,33.5,25.5,28.0,0.1,18.9,18.37,79,1008.6,25,23.6,Lagos
2018-01-23,30.9,25.1,27.4,1.3,16.2,14.83,81,1009.1,62,23.6,Lagos
2018-01-24,32.5,24.6,27.9,0.1,16.6,17.19,77,1008.5,55,23.1,Lagos
2018-01-25,32.9,24.2,27.7,0.0,13.6,18.61,73,1008.6,63,21.4,Lagos
2018-01-26,32.6,23.5,27.0,0.0,18.4,18.71,79,1008.2,47,22.5,Lagos
2018-01-27,31.7,23.1,26.9,0.0,16.6,18.3,81,1007.9,24,22.9,Lagos
2018-01-28,32.2,24.0,27.4,0.0,19.0,18.87,80,1007.9,19,23.3,Lagos
2018-01-29,31.7,24.7,27.6,0.0,18.8,18.43,82,1008.7,38,24.0,Lagos
2018-01-30,33.9,25.1,28.1,0.0,17.8,19.18,79,1008.6,50,23.4,Lagos
2018-01-31,33.4,24.8,28.0,0.0,16.6,19.35,75,1006.9,41,22.2,Lagos
2018-02-01,32.9,24.8,27.8,0.0,19.2,19.18,82,1006.9,31,24.1,Lagos
2018-02-02,32.6,25.4,28.3,0.1,17.9,18.75,79,1007.2,15,23.9,Lagos
2018-02-03,32.4,25.6,28.4,0.0,18.6,19.69,80,1007.3,33,24.1,Lagos
2018-02-04,32.8,25.2,28.2,0.0,21.3,19.88,81,1006.5,15,24.4,Lagos
2018-02-05,33.5,26.3,28.9,0.0,20.6,18.19,79,1006.5,50,24.5,Lagos
2018-02-06,32.5,27.0,29.1,0.3,24.9,17.22,80,1006.8,31,25.1,Lagos
2018-02-07,31.9,26.5,28.8,1.1,19.5,15.94,80,1007.1,54,25.0,Lagos
2018-02-08,31.9,26.6,28.9,1.3,23.5,17.33,81,1007.3,74,25.1,Lagos
2018-02-09,30.5,27.0,28.3,1.2,21.3,14.08,81,1007.9,74,24.7,Lagos
2018-02-10,30.9,25.2,28.1,1.8,18.1,14.8,81,1006.7,72,24.4,Lagos
2018-02-11,29.9,25.2,27.6,6.6,17.0,15.0,83,1007.6,70,24.3,Lagos
2018-02-12,31.2,24.5,27.8,2.2,18.2,17.45,82,1008.4,75,24.3,Lagos
2018-02-13,31.2,25.6,27.8,0.8,18.5,13.98,84,1008.5,94,24.8,Lagos
2018-02-14,32.1,26.3,28.4,0.6,19.7,17.67,82,1008.6,71,25.0,Lagos
2018-02-15,31.8,26.3,28.5,0.3,18.2,18.91,81,1008.3,96,24.8,Lagos
2018-02-16,32.3,26.4,28.6,0.8,21.0,16.48,82,1008.7,46,25.0,Lagos
2018-02-17,31.2,26.4,28.5,2.5,20.9,16.74,83,1008.2,61,25.2,Lagos
2018-02-18,29.6,25.7,27.6,7.7,20.3,14.69,83,1008.6,90,24.4,Lagos
2018-02-19,31.5,25.4,28.1,0.4,15.8,17.28,84,1007.5,68,25.1,Lagos
2018-02-20,30.0,26.7,28.0,2.1,12.7,11.14,85,1007.3,82,25.3,Lagos
2018-02-21,31.3,26.6,28.5,0.3,21.7,18.48,78,1006.9,83,24.1,Lagos
2018-02-22,31.7,26.7,28.6,0.3,20.3,16.42,78,1007.0,53,24.2,Lagos
2018-02-23,31.6,26.1,28.6,0.1,17.1,17.57,80,1006.8,69,24.5,Lagos
2018-02-24,30.1,23.7,26.8,1.2,19.8,11.63,83,1008.1,96,23.5,Lagos
2018-02-25,32.3,25.6,28.3,7.8,16.6,17.82,81,1008.5,92,24.6,Lagos
2018-02-26,27.8,24.2,26.0,18.4,22.4,5.69,88,1009.8,98,23.7,Lagos
2018-02-27,30.1,24.1,27.0,1.2,14.2,15.05,83,1010.3,77,23.7,Lagos
2018-02-28,30.9,26.1,27.9,0.5,14.3,15.65,80,1010.5,63,24.1,Lagos
2018-03-01,30.3,26.7,28.0,1.2,16.9,14.6,82,1010.9,96,24.6,Lagos
2018-03-02,30.8,25.9,28.1,1.4,18.9,16.82,80,1009.9,69,24.1,Lagos
2018-03-03,31.4,26.7,28.6,0.5,20.4,19.14,78,1009.0,26,24.3,Lagos
2018-03-04,31.4,26.8,28.4,1.9,19.2,18.12,79,1009.1,32,24.3,Lagos
2018-03-05,30.4,26.2,27.9,0.9,19.2,15.15,78,1009.0,37,23.7,Lagos
2018-03-06,31.8,26.2,28.6,0.0,18.7,19.74,74,1008.6,18,23.3,Lagos
2018-03-07,31.6,26.7,28.8,0.7,18.6,16.71,74,1009.4,44,23.6,Lagos
2018-03-08,30.7,27.0,28.6,0.6,20.4,16.14,77,1010.0,67,24.0,Lagos
2018-03-09,31.3,27.0,28.8,0.9,20.9,15.65,75,1009.9,94,23.9,Lagos
2018-03-10,31.6,27.2,28.7,1.1,21.1,17.0,75,1009.7,69,23.8,Lagos
2018-03-11,31.1,27.2,28.5,0.7,21.2,14.32,78,1009.8,76,24.2,Lagos
2018-03-12,31.5,27.0,28.7,2.1,21.1,17.51,78,1010.5,44,24.3,Lagos
2018-03-13,32.0,27.1,29.1,0.6,21.8,18.36,76,1010.1,39,24.4,Lagos
2018-03-14,32.5,26.8,29.2,0.0,21.9,18.84,76,1009.3,82,24.3,Lagos
2018-03-15,32.2,27.4,29.1,0.3,21.6,17.79,76,1008.6,60,24.4,Lagos
2018-03-16,32.0,27.3,29.0,2.6,22.4,18.13,77,1008.0,62,24.5,Lagos
2018-03-17,32.0,26.6,28.5,2.9,23.7,16.52,79,1008.2,95,24.4,Lagos
2018-03-18,31.1,26.2,28.2,2.1,21.0,16.32,81,1007.6,92,24.6,Lagos
2018-03-19,30.7,26.8,28.5,2.0,21.4,15.85,80,1007.9,78,24.6,Lagos
2018-03-20,30.3,27.4,28.5,1.2,23.2,14.58,79,1008.3,94,24.5,Lagos
2018-03-21,30.8,26.7,28.3,4.5,22.5,12.16,80,1009.4,99,24.4,Lagos
2018-03-22,31.2,25.9,27.9,1.9,20.8,15.66,82,1009.6,77,24.4,Lagos
2018-03-23,31.2,26.0,27.7,3.4,14.7,14.37,83,1009.1,94,24.4,Lagos
2018-03-24,30.4,24.6,27.2,8.6,12.8,15.3,83,1008.1,97,24.0,Lagos
2018-03-25,30.6,26.2,28.1,2.8,13.4,16.54,83,1008.0,96,24.8,Lagos
2018-03-26,31.0,25.8,28.3,1.9,17.6,18.55,82,1008.7,76,24.8,Lagos
2018-03-27,31.5,27.2,28.9,0.5,19.7,18.68,80,1009.2,89,25.0,Lagos
2018-03-28,30.5,26.6,28.3,1.3,19.8,16.55,81,1008.6,82,24.7,Lagos
2018-03-29,30.9,26.2,27.8,4.6,18.2,17.47,82,1008.7,62,24.4,Lagos
2018-03-30,31.1,26.4,28.2,2.4,13.6,17.59,82,1007.9,82,24.7,Lagos
2018-03-31,31.7,26.4,28.6,0.2,16.4,18.73,82,1007.1,92,25.1,Lagos
2018-04-01,31.9,27.1,28.9,0.3,20.6,15.15,80,1006.3,94,25.0,Lagos
2018-04-02,31.0,27.2,28.5,4.0,21.1,15.73,81,1006.3,99,24.8,Lagos
2018-04-03,30.8,27.0,28.6,1.1,19.8,17.71,79,1006.5,69,24.6,Lagos
2018-04-04,30.9,26.9,28.5,0.8,17.1,18.27,79,1007.5,45,24.4,Lagos
2018-04-05,31.2,26.5,28.5,0.7,21.1,18.91,79,1006.9,87,24.4,Lagos
2018-04-06,31.5,26.7,28.4,2.0,18.7,19.56,80,1006.3,65,24.5,Lagos
2018-04-07,31.3,25.2,27.9,1.4,20.7,19.05,81,1007.3,72,24.3,Lagos
2018-04-08,30.0,26.1,27.3,1.7,18.4,15.48,82,1008.7,69,23.9,Lagos
2018-04-09,31.3,24.6,27.8,11.7,20.4,19.79,80,1009.2,72,23.8,Lagos
2018-04-10,28.6,25.1,26.5,1.3,17.1,8.97,87,1010.2,98,24.1,Lagos
2018-04-11,29.8,24.4,27.1,1.0,16.3,20.36,84,1009.1,75,24.0,Lagos
2018-04-12,30.3,26.1,27.7,1.5,20.7,18.01,82,1009.1,73,24.2,Lagos
2018-04-13,30.7,25.8,27.8,0.8,22.0,20.03,81,1009.9,39,24.2,Lagos
2018-04-14,31.2,26.5,28.0,3.0,21.5,18.39,80,1010.7,71,24.2,Lagos
2018-04-15,30.5,26.2,27.7,1.6,19.1,14.03,83,1011.4,100,24.4,Lagos
2018-04-16,31.2,26.6,28.5,0.0,15.8,18.55,79,1010.6,83,24.4,Lagos
2018-04-17,31.3,26.4,28.0,4.7,17.7,19.24,82,1010.8,76,24.5,Lagos
2018-04-18,31.4,26.6,28.2,0.8,18.9,18.85,81,1011.3,83,24.4,Lagos
2018-04-19,31.5,26.4,28.6,1.6,20.8,18.4,80,1010.6,96,24.5,Lagos
2018-04-20,30.1,27.1,28.0,3.4,22.8,14.48,81,1010.0,95,24.3,Lagos
2018-04-21,31.2,25.4,27.6,0.6,16.8,19.31,82,1009.7,66,24.0,Lagos
2018-04-22,31.3,26.4,28.1,0.8,16.6,19.3,80,1009.9,59,24.2,Lagos
2018-04-23,30.9,26.3,28.2,1.7,17.8,18.21,81,1009.6,64,24.5,Lagos
2018-04-24,31.3,26.8,28.4,1.1,21.0,16.74,80,1009.7,74,24.6,Lagos
2018-04-25,31.1,27.1,28.6,0.4,20.0,17.81,80,1010.1,73,24.6,Lagos
2018-04-26,31.7,25.6,28.4,0.0,15.7,20.97,78,1009.5,56,24.0,Lagos
2018-04-27,32.0,26.3,28.8,0.0,19.5,21.89,78,1009.7,48,24.3,Lagos
2018-04-28,32.0,26.0,28.5,0.0,18.6,18.36,78,1010.1,66,24.1,Lagos
2018-04-29,31.6,27.1,28.6,4.8,20.9,18.46,78,1010.2,80,24.3,Lagos
2018-04-30,30.8,26.9,28.4,1.4,20.9,16.96,78,1010.3,82,24.0,Lagos
2018-05-01,32.4,26.9,29.2,0.0,20.9,22.93,72,1010.0,73,23.5,Lagos
2018-05-02,31.6,27.4,29.0,0.4,21.5,18.7,76,1009.8,86,24.2,Lagos
2018-05-03,31.2,26.1,28.0,6.9,21.9,14.78,79,1009.3,91,23.9,Lagos
2018-05-04,31.7,26.1,28.5,0.3,17.5,19.96,78,1009.1,86,24.0,Lagos
2018-05-05,32.1,26.0,28.1,5.8,19.1,17.0,80,1010.2,67,24.1,Lagos
2018-05-06,29.3,25.5,27.2,12.2,19.7,17.72,85,1011.0,79,24.4,Lagos
2018-05-07,30.3,25.3,27.6,1.4,16.8,19.34,84,1010.9,81,24.5,Lagos
2018-05-08,30.3,26.4,28.0,0.1,19.8,16.8,82,1009.0,85,24.5,Lagos
2018-05-09,30.9,26.8,28.4,0.3,18.6,20.48,78,1008.8,92,24.1,Lagos
2018-05-10,30.6,25.5,27.4,9.9,15.3,17.6,83,1009.9,91,24.2,Lagos
2018-05-11,27.6,24.1,25.7,19.0,12.3,9.87,89,1011.0,100,23.8,Lagos
2018-05-12,29.9,24.0,25.7,25.2,11.4,15.28,87,1011.2,95,23.4,Lagos
2018-05-13,29.6,23.9,26.1,4.6,17.4,14.16,83,1010.3,99,23.0,Lagos
2018-05-14,28.9,25.9,27.1,4.3,14.8,14.92,84,1010.4,94,24.3,Lagos
2018-05-15,29.6,25.3,27.4,3.2,14.4,16.19,83,1010.2,99,24.1,Lagos
2018-05-16,29.2,26.0,27.2,3.8,15.6,16.52,85,1009.7,82,24.5,Lagos
2018-05-17,29.5,25.9,26.9,3.2,22.7,15.93,86,1010.0,93,24.4,Lagos
2018-05-18,28.8,24.4,26.4,0.7,10.3,14.59,86,1009.8,88,23.8,Lagos
2018-05-19,30.4,25.5,27.5,1.9,17.8,19.97,83,1009.9,42,24.3,Lagos
2018-05-20,30.1,26.0,27.7,2.0,23.7,18.43,82,1009.8,75,24.2,Lagos
2018-05-21,29.9,25.4,27.3,4.9,20.0,18.62,82,1010.0,80,23.9,Lagos
2018-05-22,29.3,25.3,27.1,2.9,15.5,17.94,84,1010.5,89,24.2,Lagos
2018-05-23,30.0,25.3,27.4,3.5,19.9,17.7,83,1011.0,84,24.1,Lagos
2018-05-24,30.4,26.2,27.8,1.7,22.1,19.36,81,1010.7,83,24.1,Lagos
2018-05-25,29.5,25.6,27.0,5.2,26.8,16.42,84,1009.5,67,24.0,Lagos
2018-05-26,28.2,24.5,26.0,5.8,15.0,13.37,89,1010.0,88,24.0,Lagos
2018-05-27,28.5,24.0,26.1,11.7,17.1,16.38,88,1011.8,87,23.9,Lagos
2018-05-28,29.8,24.8,27.0,1.6,16.3,18.69,84,1011.8,53,24.1,Lagos
2018-05-29,27.3,24.7,26.3,10.8,13.7,9.93,86,1011.7,98,23.9,Lagos
2018-05-30,28.4,24.9,26.5,5.7,14.0,12.92,85,1011.5,94,23.8,Lagos
2018-05-31,29.1,25.1,26.7,0.9,17.0,16.53,86,1011.2,65,24.2,Lagos
2018-06-01,29.0,25.2,27.1,1.8,19.2,18.57,85,1011.2,46,24.2,Lagos
2018-06-02,28.9,25.1,26.8,1.9,17.6,15.6,86,1011.7,81,24.1,Lagos
2018-06-03,29.4,24.5,26.5,12.9,12.0,15.79,86,1012.5,86,23.8,Lagos
2018-06-04,29.5,24.7,27.0,1.4,17.6,18.85,85,1011.9,86,24.1,Lagos
2018-06-05,29.9,25.7,27.6,1.1,17.9,19.27,83,1010.6,60,24.4,Lagos
2018-06-06,28.8,25.8,27.2,3.0,15.6,15.64,85,1011.3,57,24.4,Lagos
2018-06-07,29.7,25.2,27.1,1.9,14.8,18.75,86,1012.4,85,24.5,Lagos
2018-06-08,29.6,25.8,27.3,1.7,18.1,17.85,84,1011.9,85,24.4,Lagos
2018-06-09,27.9,25.3,26.2,9.8,17.9,10.38,88,1012.1,87,23.9,Lagos
2018-06-10,28.0,24.7,25.8,14.0,16.7,13.87,89,1012.4,93,23.8,Lagos
2018-06-11,29.0,24.0,26.3,2.2,13.9,19.58,87,1012.6,64,23.8,Lagos
2018-06-12,29.2,25.5,27.1,1.8,16.1,18.6,85,1012.8,75,24.3,Lagos
2018-06-13,29.2,26.2,27.2,2.5,17.3,17.58,85,1012.6,77,24.4,Lagos
2018-06-14,28.5,25.7,26.9,2.1,15.0,16.3,87,1012.4,96,24.6,Lagos
2018-06-15,28.5,25.2,26.4,8.6,16.6,14.73,87,1012.3,96,24.1,Lagos
2018-06-16,27.5,25.2,26.2,4.9,15.5,12.4,86,1012.6,87,23.8,Lagos
2018-06-17,28.8,23.7,26.3,9.9,23.1,15.8,86,1012.8,91,23.7,Lagos
2018-06-18,26.2,24.0,24.9,46.0,19.8,5.08,90,1013.5,98,23.3,Lagos
2018-06-19,28.9,24.1,26.4,2.9,25.2,19.7,80,1013.1,59,22.6,Lagos
2018-06-20,27.9,24.4,25.5,6.9,21.8,11.02,86,1013.1,96,22.9,Lagos
2018-06-21,26.8,23.6,25.0,42.4,16.9,11.33,89,1013.5,93,23.0,Lagos
2018-06-22,27.0,23.7,25.3,8.1,19.4,15.77,87,1013.7,65,23.0,Lagos
2018-06-23,26.1,23.7,24.9,9.5,19.5,10.09,87,1013.2,88,22.6,Lagos
2018-06-24,28.0,24.1,25.8,2.1,16.8,16.47,81,1012.3,68,22.2,Lagos
2018-06-25,28.4,23.8,25.7,0.8,12.7,18.57,83,1011.3,62,22.5,Lagos
2018-06-26,27.1,23.4,25.2,4.3,17.7,14.87,86,1011.3,84,22.7,Lagos
2018-06-27,28.2,24.3,25.9,2.1,21.7,18.77,84,1011.5,68,23.0,Lagos
2018-06-28,28.1,24.1,25.8,1.7,21.3,17.36,86,1011.7,88,23.2,Lagos
2018-06-29,28.6,24.0,26.1,1.1,20.2,18.41,83,1010.7,92,22.8,Lagos
2018-06-30,26.6,23.9,25.0,11.7,19.8,10.7,88,1009.9,98,22.9,Lagos
2018-07-01,25.5,23.8,24.3,27.0,17.2,5.97,92,1010.9,99,22.9,Lagos
2018-07-02,28.1,23.3,25.1,3.3,20.7,15.31,88,1011.1,97,22.9,Lagos
2018-07-03,26.6,23.7,25.3,6.4,17.1,13.87,87,1011.1,95,23.0,Lagos
2018-07-04,27.6,24.2,25.6,2.7,18.2,16.52,85,1011.9,80,23.0,Lagos
2018-07-05,27.5,24.1,25.5,2.0,16.6,16.09,89,1012.6,89,23.5,Lagos
2018-07-06,28.2,23.5,25.5,1.4,15.3,18.71,87,1012.5,84,23.1,Lagos
2018-07-07,27.8,24.6,25.9,3.2,15.8,15.66,85,1012.6,83,23.2,Lagos
2018-07-08,27.4,23.8,25.5,2.0,18.9,18.19,88,1012.8,75,23.3,Lagos
2018-07-09,28.4,24.3,25.9,1.2,15.6,18.62,86,1013.2,83,23.3,Lagos
2018-07-10,28.0,24.1,25.7,4.7,17.1,17.37,87,1013.5,70,23.4,Lagos
2018-07-11,28.0,24.5,26.0,3.1,16.2,15.98,87,1013.4,85,23.6,Lagos
2018-07-12,28.1,24.6,25.9,0.8,20.5,15.14,85,1013.6,87,23.1,Lagos
2018-07-13,27.3,23.8,25.6,1.9,20.1,16.21,86,1013.1,88,23.1,Lagos
2018-07-14,27.2,24.3,25.5,1.7,21.1,15.68,87,1012.7,70,23.0,Lagos
2018-07-15,27.3,24.3,25.7,2.9,21.8,16.62,85,1012.5,56,23.0,Lagos
2018-07-16,27.6,24.0,25.6,3.9,20.9,18.14,85,1013.4,68,22.9,Lagos
2018-07-17,26.8,24.1,25.2,3.9,16.9,15.74,89,1013.5,78,23.2,Lagos
2018-07-18,27.3,23.9,25.3,2.2,20.7,15.48,87,1013.7,79,22.9,Lagos
2018-07-19,27.1,24.3,25.5,1.5,19.6,14.8,87,1012.7,86,23.2,Lagos
2018-07-20,26.5,24.3,25.2,4.9,18.6,14.4,88,1011.9,88,23.1,Lagos
2018-07-21,26.5,24.0,24.9,6.1,14.8,9.87,89,1012.4,98,22.8,Lagos
2018-07-22,27.7,23.5,25.3,1.3,15.5,18.61,90,1012.3,79,23.4,Lagos
2018-07-23,27.8,24.1,25.9,1.9,19.6,16.76,86,1012.2,71,23.3,Lagos
2018-07-24,28.1,24.7,25.9,2.4,21.3,16.57,87,1012.6,84,23.6,Lagos
2018-07-25,26.9,24.0,25.2,9.0,18.8,12.36,90,1013.3,91,23.4,Lagos
2018-07-26,28.2,24.0,25.7,1.7,18.8,16.86,85,1014.2,81,23.0,Lagos
2018-07-27,28.2,24.2,25.6,0.5,15.6,12.53,87,1014.0,86,23.2,Lagos
2018-07-28,27.2,23.4,25.3,5.5,20.5,12.86,88,1013.6,89,23.0,Lagos
2018-07-29,26.4,24.6,25.3,6.2,23.5,12.15,85,1013.3,82,22.6,Lagos
2018-07-30,27.0,24.2,25.3,1.4,21.3,15.48,82,1013.6,73,21.9,Lagos
2018-07-31,26.8,24.0,25.0,3.9,19.0,14.74,81,1013.6,49,21.5,Lagos
2018-08-01,27.2,24.1,25.4,2.2,20.7,16.75,82,1012.6,74,21.9,Lagos
2018-08-02,27.0,23.9,25.1,5.9,20.7,16.29,84,1012.4,79,22.1,Lagos
2018-08-03,27.1,23.9,25.2,1.4,20.6,17.27,83,1013.0,73,22.2,Lagos
2018-08-04,27.0,23.3,24.9,1.9,20.7,20.08,83,1013.9,37,21.9,Lagos
2018-08-05,27.6,22.7,24.9,0.4,22.5,19.93,80,1013.7,60,21.1,Lagos
2018-08-06,27.5,23.8,25.2,0.8,24.2,16.57,78,1013.9,75,21.1,Lagos
2018-08-07,26.6,23.9,24.9,1.9,20.9,14.15,83,1013.8,64,21.9,Lagos
2018-08-08,28.1,22.8,25.2,1.1,19.9,22.36,83,1013.8,41,22.0,Lagos
2018-08-09,27.9,24.0,25.4,1.8,18.8,17.31,85,1013.4,83,22.6,Lagos
2018-08-10,27.6,24.3,25.4,2.2,20.0,16.87,85,1013.7,71,22.6,Lagos
2018-08-11,27.9,23.8,25.4,1.0,17.3,12.71,84,1013.5,80,22.3,Lagos
2018-08-12,28.0,24.3,25.7,1.6,20.6,18.68,84,1013.1,57,22.7,Lagos
2018-08-13,26.5,23.6,24.4,14.8,25.2,10.86,89,1012.9,98,22.6,Lagos
2018-08-14,27.7,22.9,25.0,0.3,17.4,20.48,84,1013.0,57,22.0,Lagos
2018-08-15,27.5,23.7,25.3,1.0,20.2,17.91,86,1013.7,57,22.6,Lagos
2018-08-16,27.9,24.4,25.6,0.3,20.6,17.25,85,1014.1,93,22.9,Lagos
2018-08-17,27.9,24.2,25.7,0.9,20.1,17.04,85,1013.4,93,22.8,Lagos
2018-08-18,27.7,24.3,25.5,2.3,23.3,16.82,86,1012.1,87,23.0,Lagos
2018-08-19,27.9,23.6,25.2,6.1,19.9,13.17,88,1013.0,91,23.0,Lagos
2018-08-20,26.5,23.4,24.7,9.5,25.1,12.21,89,1012.6,94,22.7,Lagos
2018-08-21,26.1,23.3,24.5,15.3,29.2,8.4,90,1011.7,100,22.8,Lagos
2018-08-22,26.4,23.5,24.8,10.7,22.2,10.79,87,1012.7,96,22.5,Lagos
2018-08-23,26.4,24.1,25.0,4.3,19.3,12.7,87,1012.7,95,22.7,Lagos
2018-08-24,26.3,23.9,24.9,2.4,22.6,10.03,87,1011.5,98,22.5,Lagos
2018-08-25,25.7,23.6,24.8,7.7,22.1,9.98,87,1012.0,97,22.4,Lagos
2018-08-26,27.2,23.8,25.2,2.3,16.8,19.9,86,1013.4,68,22.7,Lagos
2018-08-27,27.6,22.9,25.2,2.6,16.6,18.68,87,1012.7,72,22.8,Lagos
2018-08-28,28.0,23.5,25.5,1.1,19.2,16.69,88,1012.0,82,23.3,Lagos
2018-08-29,27.7,24.0,25.5,6.8,15.8,14.19,86,1011.7,95,23.0,Lagos
2018-08-30,26.8,24.2,25.4,6.1,20.9,14.98,87,1010.5,86,23.1,Lagos
2018-08-31,27.6,24.4,25.5,1.8,23.9,14.81,85,1010.1,91,22.7,Lagos
2018-09-01,26.2,24.4,25.3,2.4,17.8,11.48,86,1011.4,92,22.8,Lagos
2018-09-02,26.9,24.2,25.2,3.2,13.5,9.02,88,1011.6,92,23.2,Lagos
2018-09-03,27.1,24.0,25.3,6.3,16.3,13.33,88,1010.2,93,23.1,Lagos
2018-09-04,27.2,23.5,25.2,5.0,16.7,17.44,88,1010.4,74,23.1,Lagos
2018-09-05,27.6,23.9,25.3,3.4,15.8,15.76,89,1011.6,87,23.4,Lagos
2018-09-06,26.8,23.5,24.6,34.2,17.1,9.31,91,1010.9,98,23.0,Lagos
2018-09-07,25.5,23.5,24.2,17.8,17.0,5.46,91,1010.3,99,22.7,Lagos
2018-09-08,27.3,23.5,24.6,19.1,18.1,12.02,91,1011.2,96,23.1,Lagos
2018-09-09,27.0,23.1,24.8,4.4,16.3,14.33,90,1011.9,88,23.0,Lagos
2018-09-10,26.8,23.7,24.7,20.4,14.4,10.13,90,1012.5,95,22.9,Lagos
2018-09-11,26.3,22.8,24.6,13.9,12.3,11.52,90,1012.5,80,22.9,Lagos
2018-09-12,28.0,23.1,25.5,3.4,17.1,20.99,86,1012.2,56,23.0,Lagos
2018-09-13,28.2,23.7,25.8,4.8,14.7,18.05,87,1011.1,82,23.4,Lagos
2018-09-14,28.0,23.7,25.8,1.1,17.4,21.11,87,1010.9,51,23.3,Lagos
2018-09-15,27.6,23.7,25.5,10.4,17.4,18.95,88,1011.7,72,23.3,Lagos
2018-09-16,28.0,24.1,25.8,2.9,14.2,17.07,88,1011.6,85,23.5,Lagos
2018-09-17,28.7,23.7,26.1,1.4,17.4,20.36,85,1010.5,73,23.3,Lagos
2018-09-18,27.5,24.5,25.8,4.8,11.9,13.46,88,1010.6,88,23.7,Lagos
2018-09-19,28.1,23.7,25.8,6.3,13.6,18.97,87,1010.7,78,23.4,Lagos
2018-09-20,28.9,24.2,26.4,1.5,14.7,20.68,87,1009.9,64,24.0,Lagos
2018-09-21,27.9,23.7,25.5,17.2,15.6,12.11,89,1009.7,94,23.5,Lagos
2018-09-22,28.0,24.0,25.4,4.6,16.9,15.31,89,1010.5,79,23.4,Lagos
2018-09-23,27.8,23.4,25.5,2.6,11.5,18.25,89,1010.9,78,23.6,Lagos
2018-09-24,28.5,24.1,26.0,3.1,12.4,18.39,87,1010.7,84,23.6,Lagos
2018-09-25,28.6,24.6,25.9,14.1,17.8,13.1,87,1010.6,95,23.6,Lagos
2018-09-26,28.1,24.1,25.8,4.1,13.8,13.87,88,1010.4,89,23.6,Lagos
2018-09-27,28.5,24.2,26.1,1.3,18.8,20.02,86,1010.2,82,23.6,Lagos
2018-09-28,28.4,24.3,26.1,6.0,15.5,17.22,86,1010.3,82,23.5,Lagos
2018-09-29,28.6,24.4,26.2,1.1,14.2,16.24,85,1010.1,78,23.4,Lagos
2018-09-30,28.3,24.8,26.2,8.2,14.3,16.71,88,1010.4,79,24.0,Lagos
2018-10-01,29.8,24.0,26.3,1.2,15.2,12.88,86,1010.4,98,23.6,Lagos
2018-10-02,27.5,23.9,25.8,1.4,12.2,17.45,90,1010.9,73,23.9,Lagos
2018-10-03,28.2,23.7,26.0,4.5,17.4,17.31,88,1010.9,62,23.8,Lagos
2018-10-04,28.2,24.0,26.3,2.0,15.6,19.26,87,1010.6,78,23.9,Lagos
2018-10-05,27.9,24.8,26.0,5.9,13.2,15.44,88,1010.9,94,23.8,Lagos
2018-10-06,27.9,24.2,26.1,1.5,11.5,18.51,87,1011.9,85,23.8,Lagos
2018-10-07,29.6,24.2,26.6,0.6,16.1,16.94,85,1010.9,88,23.8,Lagos
2018-10-08,28.8,24.1,26.3,5.4,16.5,17.55,87,1010.1,92,24.0,Lagos
2018-10-09,28.2,24.3,26.2,9.5,15.8,16.13,88,1010.0,94,24.0,Lagos
2018-10-10,29.3,24.8,26.4,3.1,11.3,14.44,86,1010.4,95,23.8,Lagos
2018-10-11,28.3,24.3,26.0,8.9,14.7,13.06,87,1011.1,79,23.7,Lagos
2018-10-12,25.9,23.7,24.8,20.2,17.3,7.03,91,1011.7,99,23.1,Lagos
2018-10-13,27.9,24.3,25.9,1.3,14.4,9.64,88,1011.1,86,23.7,Lagos
2018-10-14,29.0,24.2,26.3,3.8,14.9,20.03,87,1010.6,54,23.9,Lagos
2018-10-15,28.5,23.8,26.2,4.9,13.0,19.09,87,1011.3,80,23.9,Lagos
2018-10-16,29.2,24.0,26.0,7.8,10.9,16.89,88,1012.0,89,23.8,Lagos
2018-10-17,29.9,23.1,26.4,0.1,16.7,20.6,85,1011.1,36,23.6,Lagos
2018-10-18,29.1,25.4,26.7,4.1,15.2,19.04,86,1010.1,59,24.2,Lagos
2018-10-19,28.8,24.6,26.5,3.3,12.2,16.7,87,1008.9,55,24.2,Lagos
2018-10-20,29.5,24.5,27.0,0.6,13.9,20.55,86,1008.4,32,24.3,Lagos
2018-10-21,30.1,25.4,27.4,4.5,16.3,19.42,85,1008.7,86,24.7,Lagos
2018-10-22,29.1,25.7,26.9,1.6,10.5,18.13,87,1009.2,90,24.6,Lagos
2018-10-23,29.1,25.5,27.3,2.5,16.3,17.04,86,1010.1,88,24.7,Lagos
2018-10-24,28.2,25.5,26.6,4.6,16.3,12.78,87,1010.6,98,24.1,Lagos
2018-10-25,28.9,24.3,26.7,0.6,12.1,17.09,86,1010.4,83,24.1,Lagos
2018-10-26,29.4,24.3,26.9,1.0,14.0,19.9,85,1010.6,42,24.1,Lagos
2018-10-27,29.9,24.6,27.1,7.4,11.3,17.06,85,1011.1,80,24.2,Lagos
2018-10-28,29.9,24.6,26.9,1.8,12.4,18.95,87,1010.8,66,24.6,Lagos
2018-10-29,28.4,24.3,26.4,6.1,10.5,10.36,88,1011.1,94,24.2,Lagos
2018-10-30,29.9,24.3,27.0,4.0,13.1,19.4,87,1010.1,48,24.7,Lagos
2018-10-31,30.8,25.7,28.0,0.7,12.4,18.21,84,1008.8,53,25.0,Lagos
2018-11-01,30.1,26.6,28.0,0.7,18.6,18.05,85,1008.8,69,25.2,Lagos
2018-11-02,30.1,26.4,27.8,0.9,14.8,18.03,84,1009.5,81,24.7,Lagos
2018-11-03,29.6,25.3,27.3,1.0,15.8,18.55,85,1009.2,57,24.5,Lagos
2018-11-04,28.6,24.5,26.6,4.8,11.0,16.06,89,1009.5,79,24.6,Lagos
2018-11-05,29.7,24.9,27.2,2.5,12.1,18.65,85,1009.1,42,24.4,Lagos
2018-11-06,29.8,26.3,27.5,3.5,14.7,16.32,83,1009.3,81,24.4,Lagos
2018-11-07,30.0,26.0,27.6,1.6,13.1,16.56,83,1010.3,81,24.4,Lagos
2018-11-08,30.5,25.8,27.8,0.7,15.6,18.24,84,1010.9,66,24.7,Lagos
2018-11-09,29.8,24.7,27.4,1.1,12.8,16.3,84,1010.2,83,24.4,Lagos
2018-11-10,30.0,24.6,27.3,0.7,11.8,18.35,85,1009.2,70,24.5,Lagos
2018-11-11,30.8,25.4,28.0,0.6,13.4,19.06,82,1008.5,50,24.4,Lagos
2018-11-12,30.0,25.1,27.6,1.1,15.6,17.7,85,1008.2,32,24.8,Lagos
2018-11-13,32.0,25.5,28.4,0.2,15.7,19.89,82,1007.7,45,25.0,Lagos
2018-11-14,30.8,26.6,28.3,2.1,16.8,17.4,82,1008.2,80,24.9,Lagos
2018-11-15,29.3,26.5,27.7,1.8,13.6,14.27,83,1009.2,69,24.6,Lagos
2018-11-16,31.0,25.5,28.1,0.7,13.4,18.51,81,1010.3,24,24.5,Lagos
2018-11-17,30.6,26.2,28.2,0.9,13.7,17.71,80,1010.5,50,24.4,Lagos
2018-11-18,30.0,25.8,27.6,1.6,14.5,15.75,85,1010.1,74,24.9,Lagos
2018-11-19,29.6,25.1,27.4,0.7,12.6,15.71,86,1009.4,64,24.7,Lagos
2018-11-20,30.6,24.9,27.5,0.3,12.2,16.48,84,1010.1,85,24.4,Lagos
2018-11-21,30.9,25.1,27.9,0.6,17.4,17.91,81,1010.3,41,24.2,Lagos
2018-11-22,30.6,25.3,27.8,1.1,13.2,17.45,82,1009.8,27,24.3,Lagos
2018-11-23,30.1,25.9,27.6,1.3,13.0,16.97,84,1009.3,42,24.7,Lagos
2018-11-24,31.9,25.4,28.3,0.1,15.4,18.12,81,1009.7,24,24.6,Lagos
2018-11-25,32.5,26.0,28.8,0.1,18.3,19.16,80,1009.3,59,24.7,Lagos
2018-11-26,31.2,26.0,28.5,2.5,18.5,17.38,80,1009.0,28,24.6,Lagos
2018-11-27,28.5,25.3,27.1,4.3,12.6,14.47,83,1009.1,53,24.0,Lagos
2018-11-28,31.2,25.5,28.2,0.1,11.5,17.74,80,1008.0,22,24.2,Lagos
2018-11-29,32.8,24.6,28.3,0.0,16.3,19.92,81,1007.6,14,24.4,Lagos
2018-11-30,32.1,25.7,28.6,0.1,17.8,16.96,80,1008.0,83,24.6,Lagos
2018-12-01,30.6,26.3,28.0,1.4,15.5,13.95,83,1009.0,86,24.7,Lagos
2018-12-02,31.6,25.3,28.1,1.3,13.3,16.57,81,1008.8,57,24.3,Lagos
2018-12-03,31.2,25.6,28.2,1.3,13.5,16.7,81,1008.1,42,24.5,Lagos
2018-12-04,30.5,25.0,27.8,0.5,12.0,15.81,84,1007.3,61,24.7,Lagos
2018-12-05,32.2,24.5,28.2,0.0,14.4,19.47,78,1007.5,65,23.6,Lagos
2018-12-06,33.6,23.4,27.9,0.0,13.3,20.44,69,1008.4,62,20.6,Lagos
2018-12-07,33.6,22.7,27.8,0.0,13.2,20.08,70,1009.9,74,20.9,Lagos
2018-12-08,32.1,24.7,28.2,0.1,16.8,17.85,77,1011.1,75,23.6,Lagos
2018-12-09,33.2,24.2,28.3,0.0,16.4,18.22,74,1011.8,74,22.7,Lagos
2018-12-10,32.6,25.3,28.5,0.0,16.6,18.8,73,1012.0,77,22.8,Lagos
2018-12-11,32.1,24.5,28.2,0.2,14.8,17.27,76,1011.5,60,23.2,Lagos
2018-12-12,31.9,25.0,28.0,0.7,16.5,16.94,80,1011.6,59,23.9,Lagos
2018-12-13,31.6,25.4,28.0,1.4,17.1,16.62,80,1011.9,38,24.1,Lagos
2018-12-14,32.2,24.9,28.0,0.0,18.6,19.09,80,1011.7,39,24.0,Lagos
2018-12-15,32.6,24.8,28.2,0.0,14.8,18.81,77,1012.2,31,23.5,Lagos
2018-12-16,31.9,24.7,28.2,0.2,17.3,17.96,78,1011.8,10,23.7,Lagos
2018-12-17,31.9,24.8,28.2,0.5,14.7,16.86,81,1011.3,14,24.3,Lagos
2018-12-18,32.9,25.6,28.4,0.0,16.2,18.16,81,1011.0,30,24.4,Lagos
2018-12-19,32.3,25.5,28.1,0.0,16.3,17.59,80,1010.8,35,24.1,Lagos
2018-12-20,33.7,25.5,28.6,0.0,14.8,18.91,76,1010.3,46,23.2,Lagos
2018-12-21,33.0,24.1,27.9,0.1,14.1,18.71,71,1010.1,45,21.3,Lagos
2018-12-22,33.1,22.6,27.5,0.0,13.0,19.69,66,1009.3,39,19.2,Lagos
2018-12-23,33.4,23.0,27.6,0.0,15.5,19.14,69,1009.0,21,20.5,Lagos
2018-12-24,34.0,22.2,27.4,0.0,16.0,19.37,70,1009.0,30,20.4,Lagos
2018-12-25,33.0,22.1,27.3,0.0,16.1,19.54,63,1009.3,0,17.9,Lagos
2018-12-26,32.2,22.1,27.1,0.0,17.1,18.9,72,1010.0,15,21.2,Lagos
2018-12-27,33.4,22.5,27.5,0.0,17.0,19.23,68,1009.4,29,19.9,Lagos
2018-12-28,31.7,22.6,26.9,0.0,17.4,18.53,77,1009.5,48,22.2,Lagos
2018-12-29,32.3,23.1,27.4,0.0,16.7,18.65,79,1009.2,13,23.0,Lagos
2018-12-30,33.0,23.7,27.7,0.0,16.9,18.53,78,1009.1,27,23.0,Lagos
2018-12-31,32.1,24.7,28.2,0.0,16.3,17.94,79,1010.2,23,23.9,Lagos
2019-01-01,33.9,24.0,28.0,0.0,15.5,19.35,71,1011.5,4,20.9,Lagos
2019-01-02,32.5,24.5,27.7,0.0,14.8,17.84,79,1011.5,79,23.2,Lagos
2019-01-03,33.9,23.8,27.9,0.0,15.5,18.82,76,1010.4,24,22.5,Lagos
2019-01-04,33.5,24.1,27.9,0.0,18.0,17.6,79,1010.2,24,23.5,Lagos
2019-01-05,34.6,24.4,28.5,0.0,16.6,19.1,68,1010.6,29,20.4,Lagos
2019-01-06,33.4,22.9,27.6,0.0,16.6,18.97,71,1010.7,18,21.0,Lagos
2019-01-07,33.3,24.4,27.9,0.0,18.2,17.04,77,1010.5,68,22.9,Lagos
2019-01-08,33.4,23.9,27.9,0.0,14.4,19.03,70,1009.7,42,20.4,Lagos
2019-01-09,33.1,22.9,27.5,0.0,16.2,19.02,73,1009.1,24,21.0,Lagos
2019-01-10,31.9,23.6,27.9,0.0,15.0,17.64,76,1009.3,9,23.1,Lagos
2019-01-11,31.8,25.5,28.5,0.1,14.4,16.54,77,1008.9,43,23.8,Lagos
2019-01-12,33.1,24.5,28.4,0.0,18.6,18.24,79,1008.4,68,24.1,Lagos
2019-01-13,31.9,26.0,28.5,0.4,18.9,16.74,81,1009.9,43,24.6,Lagos
2019-01-14,31.0,27.1,28.5,1.2,17.4,13.41,80,1010.8,50,24.6,Lagos
2019-01-15,30.7,25.5,28.2,1.3,14.7,13.71,82,1010.5,83,24.6,Lagos
2019-01-16,31.1,25.7,28.2,1.6,14.1,13.81,83,1009.8,74,25.0,Lagos
2019-01-17,31.4,25.9,28.1,1.7,18.6,14.41,83,1009.8,84,24.7,Lagos
2019-01-18,31.2,26.4,28.5,1.2,20.0,15.84,77,1010.4,72,24.0,Lagos
2019-01-19,32.2,25.9,28.7,1.3,19.9,16.53,77,1010.8,27,24.1,Lagos
2019-01-20,31.8,26.0,28.4,0.4,15.6,15.15,81,1011.4,46,24.7,Lagos
2019-01-21,30.9,24.5,28.0,4.9,14.7,15.11,84,1011.0,64,24.8,Lagos
2019-01-22,32.0,25.9,28.7,0.4,18.7,16.36,82,1010.0,58,25.1,Lagos
2019-01-23,31.2,26.8,28.8,1.0,19.7,14.72,81,1009.9,87,25.1,Lagos
2019-01-24,27.6,24.9,26.2,13.1,14.0,8.04,88,1010.3,94,24.1,Lagos
2019-01-25,30.9,24.1,27.3,0.0,14.5,18.48,86,1009.9,71,24.6,Lagos
2019-01-26,31.5,25.9,28.4,0.9,18.6,15.73,84,1010.0,58,25.3,Lagos
2019-01-27,30.6,24.5,27.8,4.9,17.9,14.99,85,1010.2,81,25.0,Lagos
2019-01-28,29.2,26.3,27.4,7.4,18.6,11.77,86,1009.8,96,24.9,Lagos
2019-01-29,29.0,25.5,27.3,2.6,12.2,13.46,87,1009.6,73,25.0,Lagos
2019-01-30,31.1,23.5,27.0,8.2,14.8,14.86,84,1009.4,90,23.9,Lagos
2019-01-31,31.4,25.5,28.2,0.6,14.2,17.78,83,1009.2,57,24.9,Lagos
2019-02-01,30.8,26.8,28.4,0.4,15.3,15.24,85,1009.3,81,25.6,Lagos
2019-02-02,28.5,25.6,27.0,9.7,15.8,10.39,87,1009.6,97,24.7,Lagos
2019-02-03,30.7,25.2,27.7,2.6,17.1,16.43,86,1009.0,52,25.0,Lagos
2019-02-04,31.0,25.9,28.3,1.7,20.1,16.67,85,1008.9,33,25.4,Lagos
2019-02-05,31.7,26.3,28.7,0.8,19.0,17.12,83,1009.7,43,25.3,Lagos
2019-02-06,30.8,26.5,28.4,1.2,16.1,16.14,84,1008.8,65,25.3,Lagos
2019-02-07,30.4,25.8,28.0,1.7,15.0,16.87,86,1007.8,52,25.3,Lagos
2019-02-08,30.5,25.9,27.8,4.6,11.9,15.18,86,1008.3,83,25.3,Lagos
2019-02-09,32.8,25.0,28.3,0.1,16.2,19.07,83,1007.7,45,24.9,Lagos
2019-02-10,34.0,25.1,28.8,0.0,13.5,20.73,70,1007.6,43,21.4,Lagos
2019-02-11,33.2,22.6,27.5,0.0,14.6,21.24,74,1008.1,34,21.8,Lagos
2019-02-12,34.0,25.0,28.6,0.0,17.1,19.49,78,1008.6,78,23.9,Lagos
2019-02-13,32.8,25.0,28.6,0.0,17.3,19.82,80,1009.7,42,24.5,Lagos
2019-02-14,32.6,25.8,28.8,0.2,15.5,18.58,79,1010.8,43,24.5,Lagos
2019-02-15,32.2,26.4,28.6,1.0,19.5,17.24,83,1011.2,42,25.3,Lagos
2019-02-16,33.0,23.5,27.8,0.0,16.3,21.52,76,1010.5,70,22.3,Lagos
2019-02-17,32.5,26.0,28.8,0.6,16.2,19.52,79,1010.0,23,24.5,Lagos
2019-02-18,32.5,26.5,29.1,0.5,15.2,18.82,80,1009.2,23,25.1,Lagos
2019-02-19,32.0,26.8,29.0,1.4,17.7,17.66,80,1007.8,51,25.0,Lagos
2019-02-20,32.2,26.5,29.1,1.9,16.9,17.59,82,1008.3,64,25.4,Lagos
2019-02-21,32.8,27.7,29.6,1.3,22.6,18.38,78,1010.2,46,25.2,Lagos
2019-02-22,31.8,27.5,29.1,1.9,22.7,14.38,81,1010.5,85,25.3,Lagos
2019-02-23,31.4,27.5,29.0,0.9,20.9,16.34,79,1009.3,74,24.9,Lagos
2019-02-24,28.2,25.0,27.0,11.1,14.8,11.58,85,1008.1,83,24.3,Lagos
2019-02-25,30.0,25.3,27.6,2.2,17.6,16.48,82,1007.9,84,24.3,Lagos
2019-02-26,27.9,25.8,27.1,13.9,15.8,8.96,86,1009.3,96,24.5,Lagos
2019-02-27,30.2,25.6,27.6,0.9,9.6,14.31,85,1009.7,74,24.8,Lagos
2019-02-28,31.1,25.8,28.2,3.6,12.6,18.84,83,1010.1,67,24.9,Lagos
2019-03-01,30.4,26.2,27.9,3.5,12.0,17.27,81,1011.4,89,24.2,Lagos
2019-03-02,30.6,25.5,28.0,0.6,16.6,19.18,81,1011.0,89,24.4,Lagos
2019-03-03,31.4,25.4,28.3,0.2,16.5,19.03,82,1010.6,71,24.8,Lagos
2019-03-04,31.4,26.8,28.3,1.8,22.0,18.18,82,1010.3,70,24.9,Lagos
2019-03-05,31.2,26.8,28.7,0.9,16.4,17.96,81,1009.9,56,25.0,Lagos
2019-03-06,31.7,25.8,28.0,6.4,15.8,13.89,84,1010.8,90,24.9,Lagos
2019-03-07,30.8,26.4,28.5,0.5,19.5,17.2,82,1010.5,92,24.9,Lagos
2019-03-08,31.3,25.2,28.2,0.2,17.1,20.62,82,1009.3,69,24.8,Lagos
2019-03-09,31.7,25.6,28.5,3.3,18.7,19.56,81,1009.6,80,24.7,Lagos
2019-03-10,30.9,25.3,28.1,5.6,15.3,14.48,84,1010.7,77,25.1,Lagos
2019-03-11,31.5,25.5,28.3,1.3,16.3,19.07,83,1010.1,53,25.0,Lagos
2019-03-12,31.4,27.3,29.1,0.7,16.6,18.78,80,1009.2,77,25.2,Lagos
2019-03-13,32.4,27.1,29.4,0.3,15.8,18.82,78,1008.5,43,24.9,Lagos
2019-03-14,32.9,27.2,29.5,1.1,21.5,18.0,78,1007.7,90,25.0,Lagos
2019-03-15,32.0,26.6,29.2,0.7,16.2,18.46,80,1008.0,82,25.3,Lagos
2019-03-16,31.7,27.3,28.8,3.3,15.1,16.04,83,1009.1,92,25.5,Lagos
2019-03-17,31.9,26.0,28.8,0.4,16.2,18.08,79,1009.1,81,24.6,Lagos
2019-03-18,32.5,25.9,29.0,0.1,19.4,20.07,79,1008.1,19,24.7,Lagos
2019-03-19,32.6,27.5,29.5,0.3,19.1,18.65,76,1007.6,60,24.6,Lagos
2019-03-20,32.0,27.4,29.2,1.8,21.0,17.59,79,1007.5,72,25.0,Lagos
2019-03-21,32.1,26.3,28.9,5.0,22.7,16.46,81,1007.3,86,25.2,Lagos
2019-03-22,29.8,24.9,27.5,3.8,20.0,12.57,85,1007.8,86,24.8,Lagos
2019-03-23,31.8,26.9,28.8,1.2,18.7,18.09,81,1008.5,72,25.1,Lagos
2019-03-24,31.0,27.6,28.9,1.1,20.9,17.75,78,1008.9,61,24.7,Lagos
2019-03-25,31.3,26.7,28.4,1.6,19.0,16.85,79,1009.8,68,24.3,Lagos
2019-03-26,31.5,25.6,28.6,0.0,14.6,21.16,79,1009.6,26,24.6,Lagos
2019-03-27,31.9,27.4,29.2,0.7,13.0,19.43,79,1010.2,47,25.1,Lagos
2019-03-28,32.2,27.4,29.5,0.8,17.2,18.04,80,1009.9,84,25.6,Lagos
2019-03-29,31.6,27.8,29.2,2.1,18.0,16.75,82,1009.5,89,25.7,Lagos
2019-03-30,31.9,27.6,29.0,2.4,18.8,19.1,80,1009.2,84,25.0,Lagos
2019-03-31,31.5,26.7,28.8,1.6,17.9,18.71,82,1008.7,58,25.2,Lagos
2019-04-01,33.1,26.4,29.3,0.0,20.0,19.98,78,1007.3,87,25.0,Lagos
2019-04-02,32.3,27.6,29.5,0.3,20.0,18.7,78,1007.5,88,25.2,Lagos
2019-04-03,33.0,27.9,29.9,0.3,17.0,20.79,77,1007.4,63,25.2,Lagos
2019-04-04,32.8,28.2,29.6,1.5,25.1,17.73,78,1006.8,64,25.2,Lagos
2019-04-05,31.8,27.1,29.3,3.7,21.4,18.59,78,1007.8,74,25.0,Lagos
2019-04-06,32.3,27.7,29.6,0.8,21.8,18.9,78,1008.7,82,25.3,Lagos
2019-04-07,30.4,25.7,28.3,14.0,17.1,11.9,84,1009.9,88,25.3,Lagos
2019-04-08,31.7,26.0,29.0,1.4,20.5,17.32,78,1009.7,92,24.7,Lagos
2019-04-09,31.9,27.5,29.3,0.0,18.2,17.08,79,1008.9,92,25.0,Lagos
2019-04-10,31.8,27.1,28.6,4.5,19.9,16.24,81,1008.6,84,24.9,Lagos
2019-04-11,29.8,25.1,27.6,13.6,16.4,10.08,84,1008.4,99,24.6,Lagos
2019-04-12,30.9,26.0,28.5,0.8,19.9,16.65,80,1007.7,86,24.5,Lagos
2019-04-13,31.2,24.5,27.7,1.2,16.1,14.39,80,1009.5,98,23.9,Lagos
2019-04-14,29.5,26.1,27.4,2.3,13.1,14.68,85,1010.3,93,24.5,Lagos
2019-04-15,30.6,24.9,27.6,0.0,12.5,17.27,82,1009.9,75,24.2,Lagos
2019-04-16,30.9,26.5,28.5,0.0,13.8,21.87,77,1010.0,39,23.9,Lagos
2019-04-17,31.8,25.7,28.7,0.6,14.3,20.32,79,1008.8,54,24.6,Lagos
2019-04-18,32.2,27.3,29.3,0.7,17.4,19.69,78,1008.6,81,25.0,Lagos
2019-04-19,31.9,27.8,29.3,0.8,16.6,20.3,77,1009.2,71,24.7,Lagos
2019-04-20,32.4,27.6,29.6,0.2,18.5,20.7,75,1009.6,74,24.5,Lagos
2019-04-21,32.7,27.1,29.5,0.8,17.6,19.97,77,1008.6,90,24.8,Lagos
2019-04-22,32.2,27.7,29.7,1.0,18.7,18.55,72,1008.4,74,24.1,Lagos
2019-04-23,30.6,26.1,27.9,11.5,17.2,15.25,83,1009.1,93,24.8,Lagos
2019-04-24,31.2,25.9,28.1,3.3,14.5,16.47,83,1010.2,96,24.8,Lagos
2019-04-25,31.2,25.4,28.3,7.5,15.7,18.53,82,1010.9,91,24.8,Lagos
2019-04-26,30.8,27.1,28.2,1.4,16.9,14.36,84,1009.8,98,25.2,Lagos
2019-04-27,31.4,27.0,28.8,2.4,17.2,17.45,81,1008.8,85,25.2,Lagos
2019-04-28,31.8,27.0,28.9,1.0,18.0,19.18,81,1009.0,49,25.3,Lagos
2019-04-29,31.2,27.8,28.9,3.8,20.4,15.05,82,1009.5,65,25.4,Lagos
2019-04-30,31.5,26.3,28.7,4.3,20.1,17.04,80,1010.3,94,24.8,Lagos
2019-05-01,31.2,25.7,28.7,3.3,19.4,19.18,79,1010.1,60,24.6,Lagos
2019-05-02,30.8,26.1,27.8,5.2,18.6,17.67,84,1009.7,85,24.8,Lagos
2019-05-03,29.3,26.2,27.8,4.6,15.6,14.77,85,1009.6,98,25.1,Lagos
2019-05-04,29.6,25.0,27.3,0.8,15.7,10.09,86,1009.2,97,24.7,Lagos
2019-05-05,32.2,25.3,28.5,0.5,18.6,21.16,81,1008.9,95,24.7,Lagos
2019-05-06,32.6,27.2,29.5,0.3,18.3,19.5,75,1010.1,95,24.5,Lagos
2019-05-07,31.7,27.7,29.3,1.6,17.1,15.54,79,1010.2,91,25.1,Lagos
2019-05-08,32.6,26.9,29.5,0.2,17.4,22.76,76,1009.3,59,24.7,Lagos
2019-05-09,32.5,27.6,29.3,0.1,17.1,19.32,76,1008.0,75,24.6,Lagos
2019-05-10,31.1,26.7,28.7,0.5,12.8,15.99,80,1007.9,82,24.9,Lagos
2019-05-11,30.4,26.4,28.2,1.2,16.1,17.38,83,1008.9,80,25.0,Lagos
2019-05-12,32.1,25.0,28.4,0.0,14.1,21.28,79,1009.1,58,24.1,Lagos
2019-05-13,31.5,26.5,28.7,0.5,13.0,15.04,79,1008.7,81,24.6,Lagos
2019-05-14,30.6,25.9,27.9,1.5,13.3,17.14,85,1008.7,91,25.1,Lagos
2019-05-15,29.8,25.6,27.2,14.8,13.5,11.39,86,1010.4,99,24.5,Lagos
2019-05-16,30.0,24.4,27.2,0.2,15.4,17.94,85,1011.2,99,24.3,Lagos
2019-05-17,30.5,26.0,28.0,0.0,13.4,11.49,82,1010.6,97,24.7,Lagos
2019-05-18,31.2,25.6,28.4,0.3,16.0,21.0,80,1009.4,69,24.6,Lagos
2019-05-19,31.4,27.3,28.9,0.0,15.7,19.93,77,1010.0,83,24.5,Lagos
2019-05-20,28.5,25.2,27.1,6.0,14.0,14.99,84,1010.9,93,24.2,Lagos
2019-05-21,28.5,25.1,26.8,1.2,12.0,12.16,87,1010.8,90,24.4,Lagos
2019-05-22,29.2,25.3,27.0,1.4,10.2,17.07,86,1010.1,86,24.5,Lagos
2019-05-23,30.6,25.1,27.8,1.3,17.7,20.89,83,1009.7,69,24.6,Lagos
2019-05-24,29.2,25.6,27.4,5.4,12.8,14.07,85,1009.9,95,24.7,Lagos
2019-05-25,29.6,24.8,27.1,2.5,15.5,17.82,86,1010.3,91,24.5,Lagos
2019-05-26,29.1,26.2,27.4,5.4,13.8,14.17,86,1010.5,98,24.8,Lagos
2019-05-27,29.8,24.5,27.1,10.3,18.4,11.54,85,1010.2,94,24.2,Lagos
2019-05-28,29.5,25.5,27.4,1.9,19.6,18.9,84,1010.0,73,24.4,Lagos
2019-05-29,29.6,25.8,27.4,2.7,23.9,14.46,84,1009.6,99,24.5,Lagos
2019-05-30,27.9,24.8,26.2,13.8,14.2,11.08,88,1010.4,99,24.0,Lagos
2019-05-31,26.2,24.3,25.1,64.9,11.5,4.92,91,1010.8,97,23.5,Lagos
2019-06-01,28.7,24.5,26.3,13.3,17.5,14.37,86,1010.7,95,23.8,Lagos
2019-06-02,29.3,25.0,27.1,1.9,15.0,14.03,82,1010.9,94,23.6,Lagos
2019-06-03,30.1,24.9,27.3,1.4,16.4,18.5,81,1011.8,75,23.6,Lagos
2019-06-04,28.6,25.5,27.0,5.5,17.6,16.05,85,1011.5,84,24.3,Lagos
2019-06-05,29.1,25.4,27.0,2.4,23.7,16.53,85,1011.1,96,24.3,Lagos
2019-06-06,28.3,25.5,26.7,3.6,22.2,9.42,86,1010.9,100,24.1,Lagos
2019-06-07,28.3,24.6,26.2,9.0,19.6,11.53,87,1010.7,97,23.7,Lagos
2019-06-08,29.0,24.9,26.7,2.2,17.9,19.09,84,1012.3,59,23.6,Lagos
2019-06-09,27.6,25.0,26.2,2.8,18.0,12.86,88,1012.5,93,24.0,Lagos
2019-06-10,27.4,25.0,25.7,10.8,17.2,11.79,87,1012.0,93,23.4,Lagos
2019-06-11,28.5,24.4,26.2,5.1,18.7,16.71,85,1012.1,82,23.5,Lagos
2019-06-12,28.9,25.1,26.6,0.9,19.6,18.65,84,1012.5,56,23.7,Lagos
2019-06-13,28.8,24.7,26.4,5.5,16.8,16.29,87,1012.9,67,24.0,Lagos
2019-06-14,28.1,25.0,26.1,8.5,17.4,14.76,87,1012.7,90,23.9,Lagos
2019-06-15,26.1,24.4,25.3,16.4,12.9,3.4,92,1012.7,95,23.9,Lagos
2019-06-16,29.3,24.0,26.2,1.1,18.0,18.51,89,1013.2,64,24.1,Lagos
2019-06-17,29.1,24.8,26.7,1.2,18.2,19.85,85,1013.0,49,23.8,Lagos
2019-06-18,28.7,25.2,26.8,1.7,17.1,17.43,85,1013.4,61,24.1,Lagos
2019-06-19,29.5,24.9,26.9,1.1,21.1,19.22,87,1012.7,51,24.6,Lagos
2019-06-20,27.6,25.8,26.5,3.2,18.8,15.63,87,1013.0,75,24.2,Lagos
2019-06-21,28.0,25.0,26.3,5.8,18.2,13.82,87,1013.8,85,24.0,Lagos
2019-06-22,28.1,25.1,26.3,2.3,16.9,15.67,88,1012.9,77,24.1,Lagos
2019-06-23,28.0,24.8,26.2,3.6,21.6,15.28,87,1012.0,71,23.8,Lagos
2019-06-24,27.3,24.4,25.9,4.2,19.2,14.75,87,1012.0,93,23.6,Lagos
2019-06-25,26.9,24.0,25.3,6.9,16.4,10.77,88,1012.2,95,23.2,Lagos
2019-06-26,27.1,24.4,25.4,9.2,13.5,13.67,89,1013.3,81,23.5,Lagos
2019-06-27,27.9,24.1,25.7,3.0,14.2,16.87,88,1012.6,85,23.5,Lagos
2019-06-28,26.3,24.0,25.2,9.1,13.2,11.03,88,1012.6,86,23.2,Lagos
2019-06-29,27.9,24.3,25.9,1.2,16.6,20.47,87,1012.5,51,23.5,Lagos
2019-06-30,28.1,24.6,26.1,2.4,15.7,18.27,87,1013.3,62,23.7,Lagos
2019-07-01,27.9,24.7,26.1,2.2,19.6,18.31,87,1012.3,75,23.7,Lagos
2019-07-02,28.0,24.9,26.4,0.6,19.9,14.37,86,1010.1,83,23.7,Lagos
2019-07-03,27.9,25.2,26.2,2.5,16.2,16.42,88,1010.4,88,24.2,Lagos
2019-07-04,27.4,24.7,25.8,6.3,18.9,12.65,88,1011.6,98,23.6,Lagos
2019-07-05,27.2,25.1,26.0,4.5,15.8,10.65,88,1012.2,95,23.8,Lagos
2019-07-06,29.0,24.1,26.0,2.9,16.7,17.11,87,1011.5,79,23.5,Lagos
2019-07-07,28.2,25.0,26.1,2.1,26.6,17.71,85,1011.5,88,23.4,Lagos
2019-07-08,27.9,24.3,25.8,3.8,25.0,17.31,84,1012.9,81,22.9,Lagos
2019-07-09,27.3,24.5,25.6,1.6,18.1,10.88,86,1014.0,95,23.0,Lagos
2019-07-10,28.1,24.5,26.0,2.0,18.2,16.61,85,1013.2,68,23.2,Lagos
2019-07-11,27.4,24.6,25.5,9.1,15.3,10.17,88,1012.5,93,23.4,Lagos
2019-07-12,25.1,22.8,24.0,40.6,14.0,5.05,92,1012.8,100,22.6,Lagos
2019-07-13,27.0,23.2,25.0,1.2,17.2,16.85,89,1013.4,89,23.1,Lagos
2019-07-14,28.5,23.3,25.7,2.3,16.8,17.96,86,1012.5,77,23.0,Lagos
2019-07-15,26.8,24.2,25.2,8.9,17.4,9.16,89,1010.9,97,23.3,Lagos
2019-07-16,26.6,23.5,24.9,6.8,15.7,14.4,89,1012.2,92,22.9,Lagos
2019-07-17,28.9,23.0,25.6,1.2,17.3,19.67,86,1012.8,66,22.9,Lagos
2019-07-18,27.3,24.8,25.7,1.1,20.9,14.4,86,1012.2,93,23.1,Lagos
2019-07-19,27.4,24.6,25.5,3.6,20.4,10.2,87,1012.7,96,23.2,Lagos
2019-07-20,26.6,23.8,24.9,11.0,18.3,11.72,90,1013.4,92,23.1,Lagos
2019-07-21,27.6,23.6,25.3,2.3,19.2,17.89,87,1012.7,69,22.9,Lagos
2019-07-22,28.3,23.9,25.7,1.5,18.9,20.01,86,1012.7,81,23.0,Lagos
2019-07-23,26.3,24.0,25.1,2.0,15.9,12.04,89,1012.4,77,23.1,Lagos
2019-07-24,27.6,23.9,25.4,1.5,15.1,18.89,87,1011.8,44,23.1,Lagos
2019-07-25,28.0,24.4,25.7,3.4,15.8,16.77,86,1011.9,77,23.2,Lagos
2019-07-26,26.7,24.4,25.2,8.7,17.4,9.4,89,1012.3,93,23.2,Lagos
2019-07-27,26.9,24.2,25.3,7.6,20.5,11.13,88,1012.4,96,23.2,Lagos
2019-07-28,26.7,24.3,25.2,4.1,20.4,14.08,88,1012.0,82,23.1,Lagos
2019-07-29,26.6,24.5,25.2,2.5,16.6,11.18,88,1012.5,97,23.0,Lagos
2019-07-30,27.0,24.0,25.2,1.2,19.8,17.88,88,1012.8,97,23.0,Lagos
2019-07-31,27.5,23.9,25.3,1.2,19.4,17.89,86,1012.3,70,22.8,Lagos
2019-08-01,27.7,24.2,25.4,1.7,21.8,17.2,85,1011.9,53,22.7,Lagos
2019-08-02,27.1,24.0,25.3,0.6,21.1,16.78,85,1012.5,86,22.6,Lagos
2019-08-03,26.8,24.3,25.2,1.2,21.4,11.59,86,1013.3,84,22.6,Lagos
2019-08-04,27.2,23.6,25.2,1.9,19.4,19.59,85,1013.9,53,22.5,Lagos
2019-08-05,27.5,23.9,25.4,0.8,18.6,17.53,83,1013.8,92,22.3,Lagos
2019-08-06,27.5,24.2,25.5,0.7,19.0,19.45,84,1014.6,79,22.5,Lagos
2019-08-07,27.8,23.4,25.4,0.7,19.9,19.63,85,1015.0,43,22.6,Lagos
2019-08-08,27.1,24.3,25.3,1.2,20.6,13.55,86,1014.3,84,22.7,Lagos
2019-08-09,27.4,23.8,25.2,2.1,20.6,15.68,87,1014.9,70,22.8,Lagos
2019-08-10,27.6,24.4,25.5,1.6,20.8,18.97,85,1015.0,50,22.9,Lagos
2019-08-11,28.1,23.8,25.4,0.9,23.3,19.17,85,1014.1,38,22.7,Lagos
2019-08-12,27.5,24.3,25.6,1.5,21.2,18.94,81,1012.6,61,22.0,Lagos
2019-08-13,27.8,24.5,25.6,1.8,19.1,17.06,83,1012.3,67,22.6,Lagos
2019-08-14,27.8,24.2,25.8,3.2,20.1,20.91,82,1013.4,46,22.5,Lagos
2019-08-15,27.6,24.0,25.6,3.4,19.8,19.32,85,1013.5,58,22.8,Lagos
2019-08-16,28.1,24.4,25.8,1.0,21.4,19.0,83,1012.5,58,22.8,Lagos
2019-08-17,28.2,24.3,25.9,2.7,19.4,19.56,83,1012.0,69,22.6,Lagos
2019-08-18,28.1,24.2,25.9,1.1,20.9,19.27,83,1011.5,53,22.7,Lagos
2019-08-19,27.3,24.6,25.8,1.6,21.7,16.88,85,1011.8,92,23.0,Lagos
2019-08-20,27.7,24.4,25.8,1.2,18.8,17.15,86,1012.4,79,23.2,Lagos
2019-08-21,27.3,24.5,25.6,1.6,17.3,11.27,86,1012.9,93,23.0,Lagos
2019-08-22,27.8,24.3,25.7,1.8,22.9,15.84,84,1012.5,72,22.9,Lagos
2019-08-23,27.0,24.1,25.5,7.0,23.2,11.54,85,1013.8,92,22.7,Lagos
2019-08-24,27.1,24.7,25.6,1.8,18.9,8.55,83,1014.0,91,22.5,Lagos
2019-08-25,28.0,23.5,25.3,6.4,17.3,18.26,86,1014.2,69,22.8,Lagos
2019-08-26,27.0,24.4,25.4,6.1,19.1,15.34,87,1014.0,85,23.0,Lagos
2019-08-27,27.6,23.8,25.5,1.6,18.1,17.22,85,1013.6,83,22.8,Lagos
2019-08-28,27.3,23.6,25.4,3.4,16.8,17.4,86,1013.2,78,22.8,Lagos
2019-08-29,28.9,23.3,25.7,1.3,17.0,20.05,85,1013.2,62,22.8,Lagos
2019-08-30,28.7,24.0,25.7,1.6,13.7,12.25,86,1012.6,79,23.1,Lagos
2019-08-31,28.1,23.0,25.4,9.2,21.6,18.03,87,1011.4,78,23.1,Lagos
2019-09-01,27.2,24.2,25.3,8.8,21.7,12.37,87,1010.7,96,22.9,Lagos
2019-09-02,27.5,23.9,25.2,9.2,18.4,17.81,90,1011.9,80,23.3,Lagos
2019-09-03,27.5,23.7,25.5,2.1,14.6,14.67,86,1013.0,90,23.0,Lagos
2019-09-04,26.3,23.7,25.1,15.7,17.8,9.08,89,1012.5,96,23.0,Lagos
2019-09-05,27.7,24.5,25.8,1.5,17.1,16.46,88,1012.3,94,23.5,Lagos
2019-09-06,26.6,24.1,25.1,12.8,18.9,12.24,89,1012.7,90,23.2,Lagos
2019-09-07,27.6,23.6,25.4,2.3,16.3,19.4,88,1012.8,73,23.2,Lagos
2019-09-08,27.5,23.9,25.4,3.2,16.3,14.41,89,1013.7,86,23.4,Lagos
2019-09-09,27.1,24.1,25.4,9.5,16.6,9.55,88,1013.6,99,23.2,Lagos
2019-09-10,27.0,24.0,25.1,10.9,19.9,9.55,90,1012.5,98,23.3,Lagos
2019-09-11,26.3,23.7,24.8,14.3,11.8,7.91,92,1011.5,99,23.3,Lagos
2019-09-12,27.3,24.0,25.5,3.9,17.9,19.08,88,1011.9,66,23.3,Lagos
2019-09-13,27.7,24.0,25.8,0.9,17.6,20.43,88,1012.7,77,23.6,Lagos
2019-09-14,28.0,24.4,26.0,2.4,17.8,16.25,86,1011.8,91,23.5,Lagos
2019-09-15,28.1,24.2,25.8,2.8,17.3,17.3,87,1011.4,92,23.5,Lagos
2019-09-16,28.6,24.7,26.4,1.8,16.3,18.45,86,1010.9,78,23.9,Lagos
2019-09-17,27.7,24.6,25.9,5.9,16.3,11.32,87,1010.5,93,23.6,Lagos
2019-09-18,27.3,23.4,25.0,27.7,15.5,12.43,92,1010.9,95,23.5,Lagos
2019-09-19,26.1,23.7,24.7,75.8,11.5,5.46,91,1011.2,99,23.2,Lagos
2019-09-20,28.1,24.4,26.1,3.6,15.2,17.82,87,1011.7,78,23.8,Lagos
2019-09-21,28.9,23.3,26.0,0.4,16.3,21.03,85,1011.6,67,23.2,Lagos
2019-09-22,28.1,24.8,26.3,2.1,18.4,18.21,85,1010.8,87,23.6,Lagos
2019-09-23,28.9,24.2,26.5,1.4,15.7,21.14,85,1011.2,62,23.6,Lagos
2019-09-24,29.2,23.9,26.4,1.2,15.5,16.66,85,1011.5,83,23.6,Lagos
2019-09-25,29.3,25.0,26.8,1.2,21.2,19.21,84,1011.2,73,23.7,Lagos
2019-09-26,28.9,25.0,26.6,1.5,18.3,19.05,85,1011.8,71,23.9,Lagos
2019-09-27,28.7,24.5,26.4,7.7,15.8,14.66,87,1011.4,91,23.9,Lagos
2019-09-28,27.0,24.1,25.2,4.7,15.8,7.23,90,1011.7,99,23.5,Lagos
2019-09-29,28.4,23.8,25.9,10.2,16.2,12.8,88,1011.3,83,23.7,Lagos
2019-09-30,27.7,25.1,25.8,8.1,18.5,13.65,88,1010.1,85,23.7,Lagos
2019-10-01,27.0,23.6,24.5,23.8,11.2,9.84,92,1010.3,94,23.1,Lagos
2019-10-02,27.3,23.5,25.3,6.3,19.7,14.39,88,1011.1,90,23.2,Lagos
2019-10-03,28.5,23.2,25.5,2.0,13.8,14.04,88,1010.5,82,23.3,Lagos
2019-10-04,26.2,23.5,24.7,19.9,10.2,11.03,91,1009.6,91,23.1,Lagos
2019-10-05,25.7,23.7,24.5,43.7,17.9,5.62,92,1010.3,99,23.1,Lagos
2019-10-06,28.3,23.0,25.2,14.3,11.2,16.7,91,1010.4,84,23.5,Lagos
2019-10-07,27.5,24.3,25.5,7.3,18.4,12.72,90,1009.3,95,23.7,Lagos
2019-10-08,26.7,24.2,25.1,10.5,17.7,11.1,91,1009.6,94,23.4,Lagos
2019-10-09,27.8,24.4,25.3,12.7,18.6,12.98,89,1009.6,86,23.3,Lagos
2019-10-10,27.8,24.3,25.9,2.3,17.1,16.86,88,1009.1,93,23.6,Lagos
2019-10-11,27.3,23.9,25.5,8.5,15.0,15.3,89,1009.5,93,23.6,Lagos
2019-10-12,25.8,22.6,24.1,33.2,12.6,8.45,93,1010.7,98,22.9,Lagos
2019-10-13,29.2,22.6,25.4,4.9,12.0,19.67,87,1010.4,82,23.0,Lagos
2019-10-14,30.1,24.2,26.6,2.9,16.7,18.32,86,1010.0,62,24.0,Lagos
2019-10-15,28.1,24.2,26.1,7.0,14.5,14.69,86,1010.9,86,23.5,Lagos
2019-10-16,28.9,24.5,26.2,4.7,16.5,19.25,87,1011.2,74,23.9,Lagos
2019-10-17,28.4,24.0,26.0,13.3,15.6,15.49,88,1010.7,90,23.9,Lagos
2019-10-18,28.1,23.8,25.5,9.2,12.6,14.73,89,1010.1,92,23.5,Lagos
2019-10-19,26.5,23.4,24.8,24.7,19.5,10.29,90,1009.8,97,23.1,Lagos
2019-10-20,27.1,24.2,25.2,23.7,17.8,12.16,90,1011.2,92,23.4,Lagos
2019-10-21,28.5,23.7,25.8,1.3,12.8,20.53,88,1010.9,52,23.7,Lagos
2019-10-22,29.3,24.2,26.3,10.5,13.2,19.34,87,1009.1,97,24.0,Lagos
2019-10-23,28.1,24.2,25.9,5.9,14.0,9.8,88,1008.9,95,23.8,Lagos
2019-10-24,28.3,24.4,25.9,13.9,9.3,13.54,91,1009.8,91,24.3,Lagos
2019-10-25,28.7,23.6,25.5,15.2,10.6,16.16,89,1010.1,76,23.5,Lagos
2019-10-26,27.8,23.5,25.5,10.3,13.2,15.24,92,1010.5,98,24.0,Lagos
2019-10-27,27.0,24.2,25.3,9.6,10.6,10.86,91,1010.6,98,23.7,Lagos
2019-10-28,27.4,23.5,25.0,10.8,8.4,11.06,90,1010.1,96,23.2,Lagos
2019-10-29,27.6,23.5,25.5,3.1,12.0,17.17,88,1009.4,77,23.4,Lagos
2019-10-30,27.7,24.5,26.0,2.4,14.5,16.97,86,1010.0,80,23.4,Lagos
2019-10-31,29.2,24.2,26.5,0.6,9.0,19.92,86,1010.7,76,23.9,Lagos
2019-11-01,30.0,24.3,26.8,0.2,12.3,21.03,87,1009.8,47,24.4,Lagos
2019-11-02,29.2,25.2,26.8,2.8,10.8,17.3,87,1009.2,73,24.4,Lagos
2019-11-03,27.8,24.5,26.0,8.1,9.0,12.82,88,1011.0,76,23.8,Lagos
2019-11-04,30.1,23.4,26.3,0.8,12.8,20.0,87,1010.9,43,23.9,Lagos
2019-11-05,28.7,24.7,26.8,3.0,12.8,17.19,88,1011.2,83,24.6,Lagos
2019-11-06,29.7,24.5,26.8,2.0,12.5,17.83,87,1009.6,54,24.3,Lagos
2019-11-07,29.2,25.0,27.1,1.1,12.2,18.76,87,1008.9,25,24.7,Lagos
2019-11-08,29.3,24.8,27.0,0.8,11.7,19.34,87,1008.7,43,24.5,Lagos
2019-11-09,30.5,24.9,27.2,0.5,14.4,17.43,86,1008.8,47,24.6,Lagos
2019-11-10,26.7,25.1,26.0,16.4,12.6,7.42,90,1009.4,98,24.2,Lagos
2019-11-11,30.0,24.5,26.7,1.3,10.7,15.38,88,1008.1,88,24.4,Lagos
2019-11-12,29.2,25.3,27.2,1.3,10.5,17.81,85,1007.8,40,24.5,Lagos
2019-11-13,29.8,24.7,27.2,1.0,9.3,17.86,85,1008.1,65,24.3,Lagos
2019-11-14,32.3,24.7,27.7,0.1,13.5,20.21,83,1008.3,67,24.4,Lagos
2019-11-15,30.3,25.3,27.7,1.3,9.4,18.46,84,1008.3,74,24.7,Lagos
2019-11-16,29.3,25.1,27.3,0.6,13.7,15.76,87,1008.1,89,25.0,Lagos
2019-11-17,29.9,26.0,27.8,1.0,10.2,16.83,85,1008.2,70,25.1,Lagos
2019-11-18,29.9,25.6,27.7,1.4,14.0,17.56,87,1008.1,33,25.2,Lagos
2019-11-19,30.4,25.4,27.8,0.4,14.1,17.67,84,1009.0,61,24.7,Lagos
2019-11-20,30.2,25.7,28.1,0.4,15.0,16.6,84,1008.9,70,25.1,Lagos
2019-11-21,31.0,26.9,28.1,1.7,13.7,13.66,82,1009.5,90,24.7,Lagos
2019-11-22,30.3,24.6,27.6,0.5,12.4,18.33,81,1009.9,70,23.8,Lagos
2019-11-23,30.6,25.1,27.8,0.2,11.9,17.4,81,1009.6,32,24.1,Lagos
2019-11-24,30.4,25.7,27.9,1.9,13.1,16.89,81,1009.5,44,24.2,Lagos
2019-11-25,31.0,25.3,28.0,0.3,14.7,16.69,82,1009.6,82,24.6,Lagos
2019-11-26,30.7,25.9,28.2,1.2,16.1,16.82,82,1009.2,60,24.8,Lagos
2019-11-27,31.2,25.8,28.2,0.6,14.9,17.59,82,1009.1,30,24.8,Lagos
2019-11-28,30.8,25.6,27.9,3.1,13.2,16.57,84,1009.4,50,24.8,Lagos
2019-11-29,30.9,25.3,28.0,0.1,11.5,18.0,83,1009.7,26,24.6,Lagos
2019-11-30,32.0,24.9,28.2,0.0,15.4,19.88,81,1009.2,15,24.4,Lagos
2019-12-01,31.8,24.7,28.1,0.0,17.1,17.75,79,1009.5,71,24.0,Lagos
2019-12-02,31.3,25.9,28.5,1.1,16.6,15.79,79,1009.3,87,24.3,Lagos
2019-12-03,31.3,25.9,28.4,1.0,13.7,16.1,82,1009.3,93,24.8,Lagos
2019-12-04,31.4,25.3,28.0,0.9,16.1,16.73,82,1009.1,62,24.5,Lagos
2019-12-05,30.7,25.3,27.9,1.4,13.4,16.48,82,1008.7,48,24.4,Lagos
2019-12-06,29.7,25.5,27.3,1.5,13.9,13.59,84,1009.4,69,24.4,Lagos
2019-12-07,30.4,24.9,27.6,0.1,14.2,16.82,84,1009.6,43,24.6,Lagos
2019-12-08,30.1,25.0,27.6,0.7,13.1,17.16,83,1009.6,30,24.3,Lagos
2019-12-09,31.1,25.9,28.2,1.0,13.5,17.07,79,1009.6,17,24.1,Lagos
2019-12-10,31.9,24.8,28.0,1.1,17.3,17.49,80,1009.1,22,24.0,Lagos
2019-12-11,30.2,25.2,27.6,1.0,13.8,15.79,82,1009.2,31,24.1,Lagos
2019-12-12,30.1,24.6,27.5,0.2,13.3,15.8,80,1009.5,44,23.7,Lagos
2019-12-13,30.6,24.1,27.4,0.0,12.9,14.96,81,1010.0,22,23.7,Lagos
2019-12-14,30.6,24.3,27.3,0.1,13.3,16.39,83,1010.7,48,24.0,Lagos
2019-12-15,30.9,24.9,27.9,0.6,12.3,16.09,82,1009.8,29,24.3,Lagos
2019-12-16,32.8,24.5,28.2,0.0,16.0,19.02,79,1007.9,83,23.7,Lagos
2019-12-17,33.2,24.9,28.5,0.0,16.6,18.34,79,1008.2,67,24.2,Lagos
2019-12-18,32.5,25.2,28.6,0.0,16.9,17.81,79,1009.0,39,24.2,Lagos
2019-12-19,33.2,24.6,28.4,0.0,15.9,18.89,79,1009.6,45,24.0,Lagos
2019-12-20,33.5,25.4,28.7,0.0,16.8,17.25,79,1009.4,12,24.4,Lagos
2019-12-21,30.8,26.0,28.2,0.9,14.6,15.3,81,1010.3,35,24.5,Lagos
2019-12-22,32.3,24.4,28.2,0.0,15.6,18.41,78,1010.2,10,23.8,Lagos
2019-12-23,33.1,23.2,27.8,0.0,11.5,19.65,61,1009.9,24,17.3,Lagos
2019-12-24,32.6,21.5,27.2,0.0,12.7,19.75,65,1009.7,0,18.9,Lagos
2019-12-25,33.0,22.5,27.4,0.0,13.4,19.25,74,1009.9,11,21.7,Lagos
2019-12-26,32.8,23.3,27.8,0.0,14.8,19.19,75,1009.4,11,22.3,Lagos
2019-12-27,33.8,23.7,28.1,0.0,15.5,19.0,75,1009.2,16,22.7,Lagos
2019-12-28,33.0,23.7,27.8,0.0,13.7,19.02,73,1008.9,12,21.9,Lagos
2019-12-29,34.5,22.4,27.8,0.0,14.9,19.62,62,1008.1,7,17.8,Lagos
2019-12-30,33.5,21.1,26.9,0.0,13.6,19.66,60,1008.2,29,16.7,Lagos
2019-12-31,33.0,21.6,26.9,0.0,13.9,19.63,59,1008.7,11,16.1,Lagos
2020-01-01,33.4,21.6,27.2,0.0,12.6,19.61,54,1009.2,57,14.7,Lagos
2020-01-02,33.1,22.0,26.8,0.0,15.3,19.53,38,1010.1,49,10.2,Lagos
2020-01-03,33.3,21.6,26.7,0.0,18.5,19.62,29,1011.0,42,6.4,Lagos
2020-01-04,33.3,21.0,26.4,0.0,16.2,19.35,33,1011.0,75,8.1,Lagos
2020-01-05,32.1,20.9,26.4,0.0,11.8,19.26,42,1009.9,80,11.6,Lagos
2020-01-06,32.8,21.9,27.0,0.0,14.3,18.95,55,1009.0,58,16.3,Lagos
2020-01-07,33.0,22.2,27.1,0.0,15.5,18.7,62,1008.6,51,18.1,Lagos
2020-01-08,32.7,23.8,27.7,0.0,16.2,18.62,71,1009.6,26,21.3,Lagos
2020-01-09,32.2,23.2,27.3,0.0,16.2,18.74,81,1009.7,66,23.4,Lagos
2020-01-10,32.2,26.0,28.2,0.1,15.4,15.28,80,1011.1,53,24.0,Lagos
2020-01-11,30.5,26.3,27.8,0.1,18.5,13.96,83,1011.7,59,24.5,Lagos
2020-01-12,31.1,24.7,27.7,0.0,13.0,16.24,83,1010.7,33,24.4,Lagos
2020-01-13,31.4,25.7,28.1,0.0,15.1,16.37,84,1008.6,41,24.8,Lagos
2020-01-14,33.3,25.8,28.5,0.0,16.9,17.6,81,1007.8,21,24.6,Lagos
2020-01-15,32.6,25.6,28.2,0.0,19.0,18.63,81,1008.1,36,24.4,Lagos
2020-01-16,32.8,25.3,28.3,0.0,17.5,18.06,81,1009.7,20,24.4,Lagos
2020-01-17,33.4,26.1,28.6,0.0,18.1,18.57,78,1010.7,26,23.7,Lagos
2020-01-18,33.4,24.8,28.1,0.0,16.1,18.55,77,1010.9,27,23.1,Lagos
2020-01-19,32.3,24.8,27.9,0.0,15.5,18.87,70,1009.9,25,20.6,Lagos
2020-01-20,31.8,22.5,27.2,0.0,12.5,19.49,64,1009.0,70,18.7,Lagos
2020-01-21,33.8,22.5,27.9,0.0,16.5,19.34,65,1009.4,60,19.6,Lagos
2020-01-22,32.5,22.6,27.3,0.0,14.5,19.49,75,1009.4,64,21.8,Lagos
2020-01-23,32.1,23.5,27.2,0.0,17.3,19.72,82,1009.4,38,23.4,Lagos
2020-01-24,32.8,24.7,27.6,0.0,11.8,20.21,68,1010.1,27,19.4,Lagos
2020-01-25,32.8,20.2,26.6,0.0,13.5,21.12,45,1010.2,80,11.1,Lagos
2020-01-26,32.7,18.7,25.9,0.0,12.7,20.99,45,1010.8,65,9.9,Lagos
2020-01-27,32.3,19.7,26.3,0.0,14.8,20.52,63,1010.4,5,17.7,Lagos
2020-01-28,32.5,21.0,26.3,0.0,17.5,19.66,79,1010.4,58,22.0,Lagos
2020-01-29,32.7,23.5,27.0,0.0,16.0,19.94,79,1009.9,53,22.4,Lagos
2020-01-30,32.1,22.0,26.4,0.0,17.2,20.0,82,1011.2,60,22.6,Lagos
2020-01-31,32.2,24.2,27.3,0.2,15.5,19.19,82,1011.5,61,23.5,Lagos
2020-02-01,33.5,23.4,27.5,0.0,16.3,19.71,75,1010.5,34,21.6,Lagos
2020-02-02,33.7,24.0,27.6,0.0,16.6,20.77,73,1010.9,43,21.1,Lagos
2020-02-03,32.3,22.5,26.9,0.0,17.3,20.72,77,1011.4,21,21.9,Lagos
2020-02-04,32.7,24.2,27.5,0.0,16.7,19.66,79,1011.4,31,23.0,Lagos
2020-02-05,32.0,23.8,27.6,0.0,14.9,18.91,79,1010.2,45,23.1,Lagos
2020-02-06,33.2,23.8,28.1,0.0,14.9,20.89,71,1009.6,26,21.2,Lagos
2020-02-07,34.8,22.7,28.2,0.0,13.7,21.29,58,1009.7,7,16.3,Lagos
2020-02-08,34.5,22.9,28.3,0.0,16.7,21.23,54,1009.6,49,16.6,Lagos
2020-02-09,32.9,23.6,28.0,0.0,18.1,19.41,78,1010.3,51,23.4,Lagos
2020-02-10,31.9,25.1,28.1,2.2,15.8,16.38,82,1011.1,52,24.6,Lagos
2020-02-11,34.0,24.6,28.4,0.0,15.8,21.51,66,1010.4,39,19.5,Lagos
2020-02-12,34.0,21.0,27.5,0.0,15.5,22.28,48,1009.9,41,12.9,Lagos
2020-02-13,33.1,21.1,27.2,0.0,15.8,22.24,53,1009.6,11,14.9,Lagos
2020-02-14,33.9,21.5,27.2,0.0,16.9,22.11,66,1008.1,7,18.9,Lagos
2020-02-15,33.4,22.3,27.5,0.0,17.7,21.89,74,1007.9,11,21.6,Lagos
2020-02-16,32.5,23.7,27.8,0.0,18.1,21.15,78,1008.9,55,23.1,Lagos
2020-02-17,33.4,25.1,28.7,0.0,19.5,20.55,77,1009.6,34,24.0,Lagos
2020-02-18,33.3,25.8,29.0,0.4,19.1,18.9,78,1009.9,20,24.3,Lagos
2020-02-19,32.4,25.6,28.7,0.1,17.4,19.55,80,1008.7,33,24.6,Lagos
2020-02-20,33.1,25.6,28.9,0.0,18.0,19.75,79,1007.3,35,24.6,Lagos
2020-02-21,33.4,26.2,29.1,0.0,20.6,21.01,79,1007.2,25,24.8,Lagos
2020-02-22,33.9,26.8,29.6,0.1,20.9,19.29,77,1008.1,22,24.8,Lagos
2020-02-23,33.6,27.3,29.7,0.1,20.6,19.16,78,1008.9,60,25.2,Lagos
2020-02-24,33.6,27.1,29.6,0.0,18.5,20.22,79,1008.7,65,25.3,Lagos
2020-02-25,32.9,26.1,28.9,0.3,19.1,19.34,78,1008.7,41,24.3,Lagos
2020-02-26,31.9,26.0,28.7,0.5,15.0,17.65,79,1008.2,62,24.4,Lagos
2020-02-27,33.0,26.2,29.3,0.2,19.6,19.36,78,1008.7,48,24.8,Lagos
2020-02-28,33.5,26.5,29.7,0.3,20.3,19.53,78,1009.2,56,25.3,Lagos
2020-02-29,33.6,27.1,29.9,0.1,19.8,19.25,77,1008.3,77,25.3,Lagos
2020-03-01,32.4,27.7,29.7,0.6,20.4,17.13,77,1008.8,81,25.1,Lagos
2020-03-02,31.9,27.4,29.0,4.7,17.1,16.35,79,1010.6,78,24.9,Lagos
2020-03-03,31.9,25.1,28.4,0.1,14.5,16.98,81,1011.3,65,24.7,Lagos
2020-03-04,33.0,27.7,29.7,0.3,16.0,17.73,77,1010.5,71,25.1,Lagos
2020-03-05,33.0,27.8,29.6,0.7,15.8,15.89,77,1009.3,62,25.0,Lagos
2020-03-06,32.1,26.7,29.0,3.9,17.3,15.16,81,1008.5,71,25.2,Lagos
2020-03-07,30.9,25.7,28.0,0.1,15.6,9.68,84,1008.9,81,24.9,Lagos
2020-03-08,31.7,26.4,28.7,0.6,16.7,17.59,77,1009.4,78,24.2,Lagos
2020-03-09,32.6,27.3,29.4,0.0,18.9,19.47,76,1008.8,51,24.5,Lagos
2020-03-10,32.9,27.2,29.5,0.4,20.6,16.97,77,1007.8,84,24.9,Lagos
2020-03-11,32.8,27.3,29.7,0.7,22.7,17.38,78,1007.9,71,25.2,Lagos
2020-03-12,31.1,27.5,29.1,0.6,17.1,13.48,82,1007.9,67,25.6,Lagos
2020-03-13,31.0,26.9,28.6,1.9,19.5,16.62,82,1008.6,90,25.2,Lagos
2020-03-14,31.1,25.1,28.1,5.7,14.2,17.08,83,1009.2,88,24.7,Lagos
2020-03-15,32.7,25.9,29.0,0.0,21.1,20.03,77,1008.3,39,24.3,Lagos
2020-03-16,33.0,26.7,29.5,0.2,18.7,20.65,76,1007.7,62,24.5,Lagos
2020-03-17,32.6,27.0,29.5,0.0,19.5,19.64,76,1008.1,79,24.7,Lagos
2020-03-18,33.0,27.6,29.5,0.2,21.4,17.88,77,1008.7,71,24.9,Lagos
2020-03-19,32.3,27.5,29.1,0.4,23.8,16.51,78,1008.9,81,24.8,Lagos
2020-03-20,31.5,27.0,28.8,0.4,19.4,17.36,78,1009.4,91,24.6,Lagos
2020-03-21,32.3,27.0,29.0,0.8,17.7,16.9,79,1008.7,64,24.9,Lagos
2020-03-22,32.4,26.9,29.0,0.1,16.9,16.9,78,1008.5,77,24.7,Lagos
2020-03-23,31.1,26.8,28.5,0.5,20.1,11.67,80,1009.3,88,24.7,Lagos
2020-03-24,29.8,26.0,26.9,3.7,22.3,8.23,88,1009.7,100,24.6,Lagos
2020-03-25,28.7,25.7,26.9,7.9,19.2,8.24,86,1010.2,97,24.3,Lagos
2020-03-26,30.1,25.1,27.5,0.0,12.4,19.88,83,1008.7,95,24.1,Lagos
2020-03-27,30.7,26.8,28.2,0.4,15.3,16.28,81,1008.9,95,24.6,Lagos
2020-03-28,31.1,25.6,28.1,0.1,17.2,18.35,82,1009.2,67,24.6,Lagos
2020-03-29,32.0,26.1,28.6,0.0,21.2,21.86,80,1008.8,51,24.6,Lagos
2020-03-30,32.2,26.7,28.8,0.0,20.9,19.52,78,1007.8,65,24.4,Lagos
2020-03-31,32.3,27.0,29.0,0.0,17.8,19.95,77,1008.2,56,24.4,Lagos
2020-04-01,32.2,26.6,28.5,1.1,20.0,12.77,80,1009.3,97,24.5,Lagos
2020-04-02,31.5,25.1,28.5,0.0,15.5,21.57,75,1008.7,74,23.3,Lagos
2020-04-03,32.3,26.9,29.1,0.0,21.5,21.16,77,1008.7,71,24.4,Lagos
2020-04-04,31.9,27.6,28.7,0.8,23.9,14.47,78,1010.3,97,24.4,Lagos
2020-04-05,30.3,25.2,27.9,0.0,14.7,20.61,84,1009.5,81,24.8,Lagos
2020-04-06,31.3,27.1,28.5,0.4,18.6,19.83,80,1010.5,64,24.6,Lagos
2020-04-07,31.1,25.0,28.1,0.0,16.1,22.66,80,1009.5,61,24.2,Lagos
2020-04-08,32.2,26.5,28.9,0.0,21.2,22.5,75,1008.9,31,24.0,Lagos
2020-04-09,32.6,27.2,29.3,1.3,17.2,21.02,75,1009.0,45,24.2,Lagos
2020-04-10,31.8,25.7,28.3,1.9,11.6,15.85,76,1009.6,74,23.3,Lagos
2020-04-11,32.9,25.8,29.2,0.3,15.9,21.25,72,1009.9,36,23.5,Lagos
2020-04-12,32.4,27.1,29.5,0.2,18.2,20.34,74,1009.9,59,24.2,Lagos
2020-04-13,32.4,27.8,29.6,0.0,16.3,19.45,75,1009.4,34,24.6,Lagos
2020-04-14,33.4,27.3,29.7,0.2,17.4,21.24,75,1008.9,65,24.5,Lagos
2020-04-15,33.4,27.2,29.9,0.0,17.4,21.81,75,1008.7,51,24.6,Lagos
2020-04-16,32.6,27.6,29.5,2.2,23.6,18.37,78,1008.4,89,25.2,Lagos
2020-04-17,31.4,27.4,28.6,3.6,21.7,16.62,79,1008.5,92,24.6,Lagos
2020-04-18,30.7,26.8,28.4,3.2,19.1,18.28,81,1009.6,70,24.8,Lagos
2020-04-19,29.6,25.7,27.3,3.8,18.4,13.72,84,1011.5,89,24.4,Lagos
2020-04-20,31.0,25.8,28.2,0.7,17.1,20.18,80,1011.0,93,24.4,Lagos
2020-04-21,31.7,25.3,28.4,0.9,16.9,20.98,81,1009.7,40,24.6,Lagos
2020-04-22,30.8,27.4,28.7,2.1,18.9,18.68,79,1008.9,91,24.6,Lagos
2020-04-23,29.9,25.6,27.6,1.2,19.1,17.09,84,1009.1,93,24.6,Lagos
2020-04-24,31.1,25.8,28.3,0.1,16.9,20.71,81,1009.1,57,24.7,Lagos
2020-04-25,29.4,26.1,27.9,4.8,21.8,12.43,83,1009.5,99,24.7,Lagos
2020-04-26,29.0,26.6,27.7,5.4,16.6,10.04,83,1010.1,97,24.5,Lagos
2020-04-27,30.2,25.4,27.8,0.4,14.4,21.9,83,1011.3,73,24.4,Lagos
2020-04-28,30.6,25.8,28.0,0.0,17.1,19.04,79,1011.4,76,24.0,Lagos
2020-04-29,31.2,26.8,28.6,0.4,16.3,18.74,77,1011.5,41,24.2,Lagos
2020-04-30,31.3,25.7,28.3,0.6,18.0,20.77,80,1012.1,57,24.4,Lagos
2020-05-01,32.0,26.5,28.7,0.0,14.4,23.16,74,1012.3,49,23.5,Lagos
2020-05-02,32.5,26.6,29.3,0.3,18.0,20.76,75,1011.0,84,24.3,Lagos
2020-05-03,31.3,26.9,28.5,2.0,19.1,14.32,82,1009.8,95,25.0,Lagos
2020-05-04,30.4,25.7,27.8,0.9,11.9,14.61,83,1010.2,74,24.5,Lagos
2020-05-05,32.3,25.9,28.9,0.0,15.6,20.96,77,1009.9,27,24.3,Lagos
2020-05-06,32.2,26.8,29.2,0.5,18.0,21.62,78,1009.3,19,24.7,Lagos
2020-05-07,32.3,27.3,29.2,0.3,19.3,19.02,76,1009.2,44,24.4,Lagos
2020-05-08,31.9,27.4,29.2,0.5,16.1,15.43,77,1009.5,66,24.5,Lagos
2020-05-09,31.8,27.2,28.9,3.3,18.0,19.67,79,1010.2,73,24.7,Lagos
2020-05-10,30.7,26.9,28.1,6.8,15.9,13.44,81,1010.7,71,24.5,Lagos
2020-05-11,29.2,25.0,27.1,11.2,14.0,12.61,83,1012.1,99,24.0,Lagos
2020-05-12,30.3,25.0,27.7,1.3,14.7,20.46,82,1011.8,35,24.2,Lagos
2020-05-13,31.1,26.9,28.4,1.9,13.0,10.83,79,1011.5,87,24.3,Lagos
2020-05-14,31.1,26.0,28.6,0.2,15.7,19.93,80,1010.7,61,24.6,Lagos
2020-05-15,32.5,26.9,29.3,0.1,16.3,19.9,75,1010.5,74,24.3,Lagos
2020-05-16,31.9,27.4,29.1,1.5,20.1,18.98,77,1010.4,83,24.5,Lagos
2020-05-17,31.7,26.9,29.0,0.5,14.3,18.96,78,1010.9,49,24.6,Lagos
2020-05-18,31.7,27.4,28.8,0.7,19.9,18.18,77,1011.6,68,24.3,Lagos
2020-05-19,30.3,26.3,27.7,2.9,15.8,14.08,82,1012.2,91,24.4,Lagos
2020-05-20,31.5,25.3,27.8,2.1,18.9,18.96,82,1011.9,68,24.2,Lagos
2020-05-21,30.8,26.8,28.1,3.6,20.1,16.37,82,1012.1,77,24.7,Lagos
2020-05-22,28.9,25.3,26.9,7.5,16.9,12.24,86,1012.6,97,24.3,Lagos
2020-05-23,30.0,25.7,27.7,1.5,18.3,17.78,82,1011.9,64,24.3,Lagos
2020-05-24,30.8,24.9,27.6,1.1,18.7,20.19,82,1011.8,42,24.2,Lagos
2020-05-25,28.4,24.7,26.2,24.9,9.2,8.86,88,1011.9,99,24.0,Lagos
2020-05-26,30.4,24.6,27.3,0.1,13.0,21.93,84,1011.7,64,24.2,Lagos
2020-05-27,31.4,25.8,27.9,1.0,18.9,19.44,83,1011.3,93,24.6,Lagos
2020-05-28,28.2,25.1,26.4,15.8,10.8,8.64,91,1011.1,95,24.7,Lagos
2020-05-29,30.3,25.0,27.4,3.0,13.4,18.54,84,1010.5,82,24.4,Lagos
2020-05-30,28.9,25.8,27.1,10.1,18.0,12.2,85,1010.8,94,24.4,Lagos
2020-05-31,29.8,24.4,27.2,6.1,13.9,20.2,84,1011.9,89,24.2,Lagos
2020-06-01,30.3,25.7,27.3,5.9,16.6,16.57,83,1012.6,81,24.1,Lagos
2020-06-02,29.0,25.5,26.9,0.2,11.7,14.28,81,1012.4,77,23.4,Lagos
2020-06-03,30.0,24.6,27.3,1.2,15.5,20.94,82,1011.7,61,23.9,Lagos
2020-06-04,29.8,25.4,27.3,1.1,16.5,17.2,85,1011.4,82,24.4,Lagos
2020-06-05,29.9,25.7,27.7,1.0,13.5,16.67,82,1012.7,82,24.2,Lagos
2020-06-06,28.6,25.6,26.8,4.9,14.4,14.34,86,1012.9,85,24.2,Lagos
2020-06-07,28.6,24.3,26.3,7.7,10.5,14.58,88,1012.9,93,24.2,Lagos
2020-06-08,30.9,24.3,27.2,0.2,18.6,21.19,82,1011.4,72,23.8,Lagos
2020-06-09,28.5,25.0,26.8,1.3,20.9,8.72,84,1011.5,95,23.9,Lagos
2020-06-10,28.6,24.6,26.4,7.1,13.7,14.5,86,1012.4,91,23.8,Lagos
2020-06-11,28.6,23.8,26.0,5.6,18.1,14.96,86,1013.0,96,23.4,Lagos
2020-06-12,27.0,25.0,25.8,5.8,15.7,8.69,88,1011.7,99,23.7,Lagos
2020-06-13,28.8,24.5,26.6,3.6,13.7,18.0,84,1011.8,93,23.6,Lagos
2020-06-14,27.8,25.1,26.5,3.0,14.2,16.49,87,1012.7,73,24.2,Lagos
2020-06-15,28.9,24.4,26.7,5.3,14.1,18.53,84,1012.7,61,23.8,Lagos
2020-06-16,29.0,26.2,27.4,1.8,17.6,18.39,84,1011.3,75,24.4,Lagos
2020-06-17,27.1,25.1,26.1,8.2,18.2,9.88,88,1011.4,94,23.9,Lagos
2020-06-18,26.2,24.0,24.8,110.6,17.3,6.72,92,1012.9,98,23.4,Lagos
2020-06-19,28.0,23.9,25.5,2.4,12.2,12.07,89,1014.0,72,23.6,Lagos
2020-06-20,28.5,24.4,25.8,13.6,16.1,12.96,88,1013.8,85,23.7,Lagos
2020-06-21,27.1,24.6,25.5,8.3,13.6,11.59,89,1012.9,93,23.6,Lagos
2020-06-22,27.7,24.0,25.6,9.4,12.7,13.65,88,1011.6,89,23.4,Lagos
2020-06-23,28.3,23.5,25.9,2.1,13.0,19.38,86,1010.8,68,23.4,Lagos
2020-06-24,28.4,24.4,26.4,3.8,16.3,17.87,86,1011.1,73,23.7,Lagos
2020-06-25,28.8,24.9,26.6,1.7,18.8,18.6,85,1011.0,84,23.9,Lagos
2020-06-26,28.3,24.9,26.3,2.2,22.4,18.01,86,1010.9,58,23.9,Lagos
2020-06-27,26.9,24.6,25.8,7.1,16.8,8.83,87,1010.4,94,23.5,Lagos
2020-06-28,26.8,24.1,25.0,10.4,13.0,9.89,90,1011.0,91,23.3,Lagos
2020-06-29,25.8,23.8,24.5,60.7,14.4,3.64,92,1011.6,99,23.2,Lagos
2020-06-30,26.2,23.9,24.9,7.8,15.5,8.66,90,1011.6,96,23.3,Lagos
2020-07-01,27.5,24.1,25.5,13.1,10.7,14.12,88,1011.3,82,23.3,Lagos
2020-07-02,28.4,24.6,26.2,2.2,17.6,19.13,86,1010.6,63,23.6,Lagos
2020-07-03,28.4,24.9,26.3,1.5,25.0,17.98,85,1010.5,81,23.5,Lagos
2020-07-04,26.0,24.3,24.9,48.0,20.0,5.17,90,1011.4,99,23.2,Lagos
2020-07-05,26.4,23.5,24.9,10.9,9.5,11.16,90,1011.9,89,23.2,Lagos
2020-07-06,28.5,23.6,25.5,4.1,11.5,17.27,88,1011.2,85,23.3,Lagos
2020-07-07,26.5,24.4,25.3,10.4,15.3,7.47,89,1010.3,99,23.3,Lagos
2020-07-08,25.9,24.0,24.7,17.8,11.7,7.38,91,1010.3,95,23.1,Lagos
2020-07-09,25.7,24.0,24.8,10.0,14.0,10.69,90,1011.7,87,23.1,Lagos
2020-07-10,27.9,23.8,25.2,3.5,16.6,13.99,90,1011.9,96,23.4,Lagos
2020-07-11,25.9,24.0,24.7,14.3,15.5,7.47,91,1012.4,98,23.1,Lagos
2020-07-12,26.7,23.4,24.9,5.8,20.2,14.5,89,1013.0,89,23.0,Lagos
2020-07-13,27.1,24.1,25.4,1.7,22.7,17.58,85,1011.9,58,22.7,Lagos
2020-07-14,28.0,23.9,25.7,1.7,24.0,20.15,83,1011.5,87,22.5,Lagos
2020-07-15,27.2,24.6,25.6,0.7,20.5,13.74,83,1011.9,97,22.4,Lagos
2020-07-16,27.1,24.1,25.2,2.5,19.6,11.81,84,1013.2,94,22.2,Lagos
2020-07-17,27.1,24.3,25.2,2.4,14.2,12.84,86,1012.8,91,22.7,Lagos
2020-07-18,27.9,23.2,25.1,1.3,16.6,16.44,86,1012.4,92,22.5,Lagos
2020-07-19,28.0,23.3,25.3,0.3,18.7,18.81,86,1011.7,90,22.7,Lagos
2020-07-20,27.0,24.0,25.2,3.1,18.1,16.16,87,1011.3,82,22.8,Lagos
2020-07-21,27.1,23.6,25.1,7.3,16.1,14.89,89,1011.3,65,23.2,Lagos
2020-07-22,26.9,23.9,25.2,0.7,17.8,14.82,88,1011.6,87,23.1,Lagos
2020-07-23,27.3,23.6,25.2,1.2,21.7,17.81,88,1011.4,83,23.0,Lagos
2020-07-24,27.9,23.8,25.4,1.4,21.1,18.51,86,1011.1,95,22.7,Lagos
2020-07-25,28.3,23.9,25.6,0.7,20.9,20.29,84,1011.5,64,22.5,Lagos
2020-07-26,27.3,24.3,25.3,1.6,23.5,15.17,83,1011.8,66,22.2,Lagos
2020-07-27,27.6,23.7,25.3,0.8,24.9,19.53,81,1012.3,62,21.9,Lagos
2020-07-28,27.5,23.8,25.2,0.7,23.7,17.87,83,1012.2,58,22.1,Lagos
2020-07-29,27.8,23.2,25.2,0.6,20.2,21.23,84,1012.3,60,22.1,Lagos
2020-07-30,27.5,23.9,25.3,1.0,21.2,17.25,82,1012.7,78,22.0,Lagos
2020-07-31,26.7,24.1,24.9,2.5,27.0,10.56,85,1012.7,95,22.1,Lagos
2020-08-01,27.2,23.8,25.2,1.7,19.8,20.42,83,1013.6,52,22.1,Lagos
2020-08-02,27.3,23.5,25.0,0.7,23.1,16.31,84,1013.9,86,21.9,Lagos
2020-08-03,27.8,23.9,25.1,0.1,25.2,15.26,83,1014.7,97,21.9,Lagos
2020-08-04,27.8,23.1,24.9,0.2,23.5,22.06,81,1014.9,35,21.4,Lagos
2020-08-05,27.3,22.9,24.7,1.0,25.5,18.7,81,1014.2,50,21.1,Lagos
2020-08-06,26.8,23.3,24.8,0.7,25.8,17.93,77,1014.3,84,20.4,Lagos
2020-08-07,27.0,23.6,24.8,1.4,26.1,18.12,78,1014.6,66,20.6,Lagos
2020-08-08,27.8,23.0,24.8,0.4,17.1,20.6,79,1015.4,37,20.7,Lagos
2020-08-09,28.2,22.6,25.0,0.1,21.1,20.9,81,1014.0,34,21.3,Lagos
2020-08-10,27.4,23.6,25.1,0.3,25.7,19.17,79,1012.7,78,21.1,Lagos
2020-08-11,27.3,23.1,25.1,0.2,21.0,19.29,80,1013.1,67,21.2,Lagos
2020-08-12,28.6,22.3,24.7,0.0,17.3,24.06,82,1013.1,30,21.3,Lagos
2020-08-13,28.5,22.5,25.0,0.0,20.4,19.89,82,1012.4,78,21.6,Lagos
2020-08-14,27.8,23.4,25.0,1.6,24.5,13.88,84,1010.8,98,21.9,Lagos
2020-08-15,27.6,23.6,25.1,1.7,20.5,19.26,83,1011.0,72,22.0,Lagos
2020-08-16,28.7,22.5,25.1,0.8,17.9,19.86,83,1010.7,53,21.8,Lagos
2020-08-17,28.2,23.4,25.2,1.4,21.7,18.41,83,1010.3,72,22.0,Lagos
2020-08-18,29.0,23.7,25.6,0.5,19.5,21.11,82,1010.3,86,22.0,Lagos
2020-08-19,29.4,23.7,25.7,0.3,23.4,21.43,82,1009.7,59,22.2,Lagos
2020-08-20,28.7,24.1,25.7,0.2,24.2,16.12,80,1009.4,79,21.8,Lagos
2020-08-21,26.4,24.3,24.9,2.6,24.6,10.5,86,1010.2,98,22.3,Lagos
2020-08-22,26.8,23.7,24.8,2.5,21.7,17.28,86,1011.7,68,22.3,Lagos
2020-08-23,27.5,23.7,25.0,0.7,21.4,20.3,85,1012.4,80,22.2,Lagos
2020-08-24,27.4,23.5,24.8,0.3,19.6,15.26,83,1011.5,98,21.7,Lagos
2020-08-25,27.5,23.3,25.1,0.7,20.0,19.85,81,1011.4,77,21.5,Lagos
2020-08-26,27.9,22.8,25.1,1.0,17.3,19.93,84,1012.4,75,22.0,Lagos
2020-08-27,28.7,23.5,25.6,0.9,21.1,20.31,81,1012.6,76,21.9,Lagos
2020-08-28,29.1,24.2,26.1,0.5,22.4,21.08,79,1011.7,82,21.9,Lagos
2020-08-29,28.5,24.0,25.8,1.5,20.7,18.09,81,1011.4,84,22.2,Lagos
2020-08-30,28.1,24.1,25.7,2.7,20.5,15.29,82,1011.7,92,22.2,Lagos
2020-08-31,28.0,23.9,25.3,7.2,22.1,13.57,84,1012.2,99,22.4,Lagos
2020-09-01,26.3,24.2,25.0,2.5,14.7,7.34,87,1011.3,99,22.6,Lagos
2020-09-02,27.7,24.2,25.5,1.5,18.1,15.94,85,1010.3,86,22.7,Lagos
2020-09-03,27.9,24.0,25.7,2.6,20.9,19.88,83,1011.5,70,22.6,Lagos
2020-09-04,28.4,24.2,25.7,1.7,19.6,14.65,85,1013.5,93,22.8,Lagos
2020-09-05,27.5,24.5,25.7,1.0,25.3,15.12,82,1012.1,94,22.3,Lagos
2020-09-06,28.5,24.1,25.8,0.9,19.6,18.33,80,1010.6,85,22.1,Lagos
2020-09-07,28.2,24.2,25.7,2.9,18.7,18.28,81,1010.0,70,22.1,Lagos
2020-09-08,29.0,24.5,26.1,1.3,18.3,18.21,81,1010.2,88,22.5,Lagos
2020-09-09,25.4,23.8,24.2,148.3,16.2,2.09,92,1011.5,98,22.8,Lagos
2020-09-10,27.5,23.4,25.2,2.0,20.7,18.53,87,1011.8,69,22.9,Lagos
2020-09-11,27.4,24.4,25.6,0.7,19.6,13.92,86,1010.7,89,23.0,Lagos
2020-09-12,27.2,24.5,25.6,6.7,18.9,14.36,87,1011.3,88,23.3,Lagos
2020-09-13,27.0,23.9,25.1,10.3,15.3,10.35,90,1012.3,93,23.4,Lagos
2020-09-14,27.3,23.9,25.5,2.6,17.2,16.2,88,1012.9,74,23.3,Lagos
2020-09-15,27.9,24.2,25.5,8.8,16.4,12.14,88,1010.9,94,23.3,Lagos
2020-09-16,26.3,23.5,24.9,10.0,20.9,13.98,89,1010.2,87,22.9,Lagos
2020-09-17,27.6,23.7,25.3,4.9,18.7,20.01,87,1011.5,63,22.8,Lagos
2020-09-18,27.8,24.0,25.6,2.0,15.0,17.06,86,1012.6,84,23.1,Lagos
2020-09-19,27.8,23.9,25.4,3.0,16.5,15.02,89,1012.1,95,23.4,Lagos
2020-09-20,26.3,24.3,25.2,7.0,19.7,7.17,89,1012.1,98,23.2,Lagos
2020-09-21,28.1,23.8,25.6,3.5,20.8,18.64,87,1012.1,74,23.3,Lagos
2020-09-22,28.2,24.3,25.7,10.6,17.6,16.81,86,1012.0,82,23.2,Lagos
2020-09-23,27.7,24.5,25.8,2.7,18.5,17.21,86,1012.6,77,23.2,Lagos
2020-09-24,27.6,23.8,25.4,2.3,10.3,10.33,87,1012.9,83,23.0,Lagos
2020-09-25,28.1,23.5,25.5,1.2,15.3,16.22,87,1012.6,84,23.0,Lagos
2020-09-26,28.2,24.2,25.4,13.2,11.5,14.55,88,1011.1,90,23.3,Lagos
2020-09-27,27.6,23.4,25.3,4.7,13.8,14.22,87,1010.3,65,22.9,Lagos
2020-09-28,28.1,23.7,25.7,2.7,18.8,20.49,86,1011.1,66,23.2,Lagos
2020-09-29,27.9,24.1,26.0,3.6,20.0,15.04,85,1011.6,96,23.2,Lagos
2020-09-30,27.4,24.3,25.4,8.4,20.6,13.89,87,1011.1,97,23.2,Lagos
2020-10-01,27.7,23.4,25.5,2.4,18.2,19.89,86,1010.5,57,23.0,Lagos
2020-10-02,27.7,23.7,25.6,3.3,13.1,18.23,86,1009.9,74,23.2,Lagos
2020-10-03,28.1,24.7,25.9,2.9,15.9,14.69,85,1010.4,93,23.2,Lagos
2020-10-04,28.6,24.0,26.0,4.6,12.6,18.33,87,1011.2,89,23.7,Lagos
2020-10-05,29.3,24.2,26.2,1.0,12.5,18.03,87,1011.8,89,23.8,Lagos
2020-10-06,28.3,24.3,26.2,4.9,16.6,16.42,87,1011.6,93,23.9,Lagos
2020-10-07,27.7,23.6,25.5,3.1,14.7,10.61,88,1011.8,97,23.3,Lagos
2020-10-08,27.6,24.0,25.4,7.7,14.4,13.82,91,1011.8,96,23.7,Lagos
2020-10-09,26.6,24.1,25.3,12.2,15.7,14.19,89,1012.1,87,23.4,Lagos
2020-10-10,27.8,23.9,25.7,3.9,15.5,17.18,88,1012.4,86,23.6,Lagos
2020-10-11,26.8,23.8,25.3,14.0,11.0,11.49,90,1012.1,91,23.5,Lagos
2020-10-12,29.7,23.2,25.9,0.9,17.3,20.79,85,1011.2,44,23.1,Lagos
2020-10-13,28.8,24.4,26.2,2.3,16.6,18.75,86,1011.2,52,23.6,Lagos
2020-10-14,27.1,24.1,25.5,2.2,13.2,12.78,89,1011.7,87,23.6,Lagos
2020-10-15,28.8,23.8,26.0,1.9,17.7,18.22,88,1011.8,61,23.7,Lagos
2020-10-16,27.8,23.8,25.8,2.1,15.8,15.96,89,1011.3,75,23.8,Lagos
2020-10-17,26.8,24.4,25.4,8.6,10.3,9.95,89,1010.9,97,23.4,Lagos
2020-10-18,28.7,23.8,26.0,1.2,15.3,19.81,86,1010.1,56,23.5,Lagos
2020-10-19,29.2,24.2,26.5,1.6,14.8,18.58,86,1010.5,59,23.9,Lagos
2020-10-20,29.0,24.5,26.6,1.2,17.6,18.62,86,1010.7,72,24.1,Lagos
2020-10-21,29.4,24.8,26.8,2.7,14.4,18.62,85,1010.7,41,24.1,Lagos
2020-10-22,29.3,25.1,27.0,1.8,14.4,19.84,85,1010.8,29,24.3,Lagos
2020-10-23,29.5,25.3,27.0,2.2,15.8,19.57,85,1011.0,52,24.2,Lagos
2020-10-24,29.6,24.7,26.9,3.6,19.4,17.01,85,1010.4,87,24.1,Lagos
2020-10-25,27.7,24.9,26.1,12.5,15.5,9.53,90,1009.8,93,24.3,Lagos
2020-10-26,29.2,24.9,26.6,4.3,12.2,17.73,89,1009.2,84,24.6,Lagos
2020-10-27,28.7,25.1,26.7,2.7,14.3,17.88,88,1008.9,59,24.5,Lagos
2020-10-28,29.0,24.9,26.6,1.5,13.0,17.39,90,1009.4,74,24.9,Lagos
2020-10-29,28.6,24.9,26.6,1.1,13.3,18.06,89,1010.2,72,24.7,Lagos
2020-10-30,29.4,25.0,27.0,0.8,14.8,19.07,85,1010.1,59,24.3,Lagos
2020-10-31,29.6,25.3,27.2,1.6,13.7,17.33,86,1009.9,37,24.6,Lagos
2020-11-01,29.4,25.1,27.0,1.7,16.7,18.15,87,1009.2,56,24.6,Lagos
2020-11-02,29.0,24.5,26.7,3.6,14.4,17.99,87,1010.0,68,24.4,Lagos
2020-11-03,30.2,24.3,26.9,1.1,16.0,19.26,88,1010.4,75,24.6,Lagos
2020-11-04,28.4,25.0,26.7,6.9,11.6,11.51,89,1010.4,93,24.7,Lagos
2020-11-05,29.1,24.3,26.8,9.5,10.8,14.03,88,1010.1,88,24.7,Lagos
2020-11-06,29.7,25.7,27.5,1.8,14.5,17.33,86,1010.5,49,24.9,Lagos
2020-11-07,30.0,25.7,27.1,5.7,15.3,16.18,89,1011.4,81,25.1,Lagos
2020-11-08,30.9,25.4,27.6,0.9,15.1,18.58,82,1012.1,76,24.2,Lagos
2020-11-09,30.4,24.8,27.1,3.0,12.4,16.92,84,1011.9,69,24.1,Lagos
2020-11-10,29.2,26.0,27.3,2.0,12.8,17.33,85,1011.0,50,24.5,Lagos
2020-11-11,29.7,24.7,27.1,1.2,13.8,18.17,83,1010.2,47,23.9,Lagos
2020-11-12,31.6,24.7,27.9,0.0,13.4,19.92,82,1009.8,39,24.3,Lagos
2020-11-13,32.7,24.7,28.2,0.0,15.6,21.11,78,1010.2,26,23.6,Lagos
2020-11-14,30.5,25.5,27.7,0.1,16.0,17.55,84,1010.3,57,24.7,Lagos
2020-11-15,31.2,25.4,28.0,0.6,14.5,17.32,81,1009.4,49,24.3,Lagos
2020-11-16,30.0,25.2,27.4,4.0,16.3,16.39,85,1009.7,62,24.5,Lagos
2020-11-17,30.0,25.0,27.3,1.3,14.2,15.82,86,1009.2,68,24.7,Lagos
2020-11-18,30.5,25.6,27.5,3.8,16.3,15.65,86,1009.0,74,24.8,Lagos
2020-11-19,29.6,25.0,27.3,2.9,14.8,15.84,85,1008.8,59,24.5,Lagos
2020-11-20,29.9,24.0,26.9,1.2,12.3,15.64,84,1008.6,74,23.9,Lagos
2020-11-21,30.1,25.2,27.1,4.8,14.7,14.03,85,1009.0,87,24.4,Lagos
2020-11-22,31.6,25.0,27.8,0.2,17.2,18.83,83,1009.5,67,24.4,Lagos
2020-11-23,30.1,25.2,27.6,1.3,15.8,16.52,84,1010.5,40,24.5,Lagos
2020-11-24,30.1,25.8,27.4,1.1,17.7,15.2,85,1010.5,64,24.5,Lagos
2020-11-25,31.1,25.2,27.5,1.1,16.2,16.34,84,1009.4,71,24.4,Lagos
2020-11-26,30.9,24.8,27.5,3.2,15.9,16.0,82,1009.2,81,24.1,Lagos
2020-11-27,29.5,24.8,26.8,7.1,17.4,16.23,85,1009.7,66,24.1,Lagos
2020-11-28,29.6,25.0,26.9,1.3,15.6,16.62,85,1010.5,61,24.2,Lagos
2020-11-29,30.2,24.0,27.1,0.4,13.0,19.1,84,1010.0,25,24.1,Lagos
2020-11-30,30.9,24.8,27.6,0.1,16.6,18.39,83,1010.2,41,24.4,Lagos
2020-12-01,30.4,25.2,27.5,2.2,17.7,16.48,85,1009.8,38,24.6,Lagos
2020-12-02,31.2,25.1,27.8,1.2,17.9,17.69,81,1010.0,25,24.2,Lagos
2020-12-03,30.8,25.2,27.7,2.7,18.3,17.21,82,1010.4,27,24.3,Lagos
2020-12-04,30.8,25.2,27.8,1.2,17.8,17.05,82,1011.1,25,24.3,Lagos
2020-12-05,31.3,25.8,28.0,0.4,16.2,17.58,80,1010.6,26,24.1,Lagos
2020-12-06,31.2,25.4,28.0,0.5,18.5,16.17,81,1010.1,59,24.3,Lagos
2020-12-07,30.4,26.4,28.0,0.9,16.3,14.42,80,1011.3,44,24.3,Lagos
2020-12-08,30.7,25.2,27.6,1.4,17.4,15.43,82,1011.4,43,24.1,Lagos
2020-12-09,30.3,25.5,27.7,0.9,16.1,14.31,81,1010.4,75,24.0,Lagos
2020-12-10,30.1,25.8,27.6,1.0,16.9,11.78,83,1010.7,73,24.3,Lagos
2020-12-11,30.7,25.8,28.0,0.7,17.6,15.68,81,1010.6,24,24.3,Lagos
2020-12-12,30.6,25.9,27.9,1.6,17.3,15.49,82,1010.1,37,24.5,Lagos
2020-12-13,30.0,25.6,27.6,1.6,17.9,14.71,83,1009.3,47,24.3,Lagos
2020-12-14,30.7,25.4,27.7,0.6,15.5,15.68,81,1009.1,31,24.0,Lagos
2020-12-15,30.4,25.2,27.6,0.9,14.9,15.9,82,1008.8,51,24.2,Lagos
2020-12-16,30.4,25.1,27.5,1.1,16.3,15.08,83,1009.3,72,24.3,Lagos
2020-12-17,30.6,25.5,27.3,0.4,17.4,14.16,86,1009.4,80,24.6,Lagos
2020-12-18,31.0,24.8,27.6,0.1,18.4,17.07,81,1009.5,34,23.9,Lagos
2020-12-19,30.0,25.0,27.4,1.7,17.4,15.15,83,1009.2,61,24.1,Lagos
2020-12-20,30.6,24.5,27.3,0.6,15.0,15.97,83,1009.4,20,24.1,Lagos
2020-12-21,29.9,24.9,27.3,0.5,14.7,13.92,85,1009.6,62,24.4,Lagos
2020-12-22,30.3,25.3,27.7,0.5,14.1,16.14,84,1009.2,61,24.6,Lagos
2020-12-23,31.2,25.3,27.9,0.2,15.0,16.09,82,1009.1,27,24.4,Lagos
2020-12-24,30.1,24.2,27.5,2.0,14.6,14.59,83,1008.8,67,24.3,Lagos
2020-12-25,31.3,24.8,27.4,0.1,15.1,16.33,84,1007.9,42,24.3,Lagos
2020-12-26,33.2,23.5,27.7,0.0,14.6,19.91,71,1007.9,32,20.6,Lagos
2020-12-27,32.3,23.9,27.3,0.0,16.2,19.22,77,1008.2,39,22.5,Lagos
2020-12-28,32.6,23.7,27.4,0.0,17.7,18.89,79,1008.2,66,23.0,Lagos
2020-12-29,33.0,24.1,27.7,0.0,17.0,19.1,77,1008.0,47,22.8,Lagos
2020-12-30,33.0,24.1,27.9,0.0,17.4,17.99,78,1008.6,78,23.3,Lagos
2020-12-31,32.4,24.0,27.9,0.0,19.1,17.77,79,1009.2,34,23.7,Lagos
2021-01-01,31.8,24.7,28.0,0.1,18.9,17.81,80,1008.9,33,23.9,Lagos
2021-01-02,31.7,26.1,28.7,0.5,18.0,16.77,78,1009.0,25,24.3,Lagos
2021-01-03,31.7,26.8,28.6,0.2,18.4,15.42,79,1009.0,22,24.5,Lagos
2021-01-04,31.0,25.8,28.3,0.4,18.3,15.52,82,1008.2,37,24.8,Lagos
2021-01-05,31.6,26.1,28.4,1.8,20.7,15.9,82,1007.7,42,24.8,Lagos
2021-01-06,31.3,26.4,28.4,1.4,17.1,15.0,81,1008.5,64,24.8,Lagos
2021-01-07,30.3,25.9,27.9,2.4,19.6,14.89,83,1009.3,94,24.6,Lagos
2021-01-08,30.5,25.8,27.9,1.7,17.1,14.37,82,1009.4,91,24.4,Lagos
2021-01-09,31.1,25.4,27.8,0.1,19.7,16.57,83,1008.8,61,24.4,Lagos
2021-01-10,30.8,25.2,27.7,0.9,17.2,16.32,83,1008.1,21,24.4,Lagos
2021-01-11,31.3,25.4,27.9,0.3,15.5,17.23,82,1008.0,18,24.2,Lagos
2021-01-12,31.5,25.0,27.8,1.6,19.1,17.17,82,1009.0,36,24.3,Lagos
2021-01-13,31.3,25.1,27.7,0.7,17.8,15.83,80,1010.1,28,23.7,Lagos
2021-01-14,31.2,24.8,27.6,4.0,18.0,16.44,82,1009.7,25,24.0,Lagos
2021-01-15,30.8,24.8,27.5,1.3,17.1,16.57,83,1008.5,27,24.2,Lagos
2021-01-16,29.2,24.1,26.7,2.8,17.5,13.7,85,1007.9,63,23.9,Lagos
2021-01-17,30.3,25.2,27.5,0.4,14.6,16.25,82,1008.3,30,24.1,Lagos
2021-01-18,30.7,24.8,27.6,0.8,15.6,14.69,83,1008.8,26,24.2,Lagos
2021-01-19,30.8,25.1,27.3,0.0,17.0,13.81,84,1009.4,60,24.2,Lagos
2021-01-20,32.5,25.1,27.8,0.0,14.9,19.09,79,1009.1,54,23.5,Lagos
2021-01-21,32.5,24.5,27.6,0.0,14.8,19.84,72,1009.4,52,20.8,Lagos
2021-01-22,32.5,23.6,27.4,0.0,16.0,19.08,76,1009.6,42,22.3,Lagos
2021-01-23,32.9,23.3,27.4,0.0,16.4,19.55,75,1009.2,87,22.0,Lagos
2021-01-24,31.4,23.3,26.9,0.0,16.2,19.38,79,1008.5,83,22.5,Lagos
2021-01-25,32.0,24.9,27.9,0.0,16.5,18.26,78,1008.9,12,23.6,Lagos
2021-01-26,32.4,23.9,27.9,0.0,18.8,19.43,78,1009.1,35,23.4,Lagos
2021-01-27,32.3,25.2,28.2,0.2,20.7,18.25,80,1008.8,31,24.0,Lagos
2021-01-28,31.5,25.7,28.1,1.3,17.6,15.71,82,1009.0,42,24.5,Lagos
2021-01-29,31.1,25.9,28.1,0.9,16.6,15.73,83,1009.4,41,24.7,Lagos
2021-01-30,31.5,25.7,28.0,2.9,18.2,17.97,84,1009.4,46,24.8,Lagos
2021-01-31,31.9,25.1,28.1,0.5,20.0,18.08,81,1008.7,61,24.3,Lagos
2021-02-01,30.9,25.3,28.1,2.5,16.6,15.91,82,1009.3,38,24.7,Lagos
2021-02-02,30.8,25.7,27.9,1.0,17.5,16.61,84,1009.7,27,24.8,Lagos
2021-02-03,31.7,25.8,28.3,0.8,17.0,17.24,82,1009.9,31,24.8,Lagos
2021-02-04,31.3,26.1,28.2,1.2,18.0,16.03,83,1009.2,35,25.1,Lagos
2021-02-05,31.6,26.1,28.2,2.7,18.0,16.51,83,1009.5,32,24.9,Lagos
2021-02-06,31.5,26.0,28.5,1.5,19.0,17.88,81,1009.2,31,24.9,Lagos
2021-02-07,32.4,26.3,28.9,0.4,19.7,17.93,80,1008.4,45,24.9,Lagos
2021-02-08,31.7,26.3,28.7,1.0,19.3,17.05,81,1007.6,48,25.0,Lagos
2021-02-09,32.5,25.6,28.8,0.3,20.7,19.21,80,1008.2,78,24.7,Lagos
2021-02-10,32.0,26.0,29.0,0.8,17.2,18.14,79,1008.5,67,24.8,Lagos
2021-02-11,32.6,26.2,29.0,1.8,17.4,16.8,80,1008.5,77,25.0,Lagos
2021-02-12,32.4,26.5,29.0,0.2,17.2,16.82,79,1008.1,63,24.8,Lagos
2021-02-13,32.2,26.5,28.8,0.9,18.2,17.31,81,1007.5,32,25.2,Lagos
2021-02-14,31.2,26.8,28.6,2.0,18.8,17.22,81,1007.4,44,25.0,Lagos
2021-02-15,31.3,24.9,28.3,5.1,16.4,17.15,82,1007.8,49,24.8,Lagos
2021-02-16,31.4,26.8,28.5,0.8,15.7,15.23,83,1007.7,61,25.2,Lagos
2021-02-17,32.4,26.1,28.4,2.1,19.0,17.76,82,1008.3,74,24.9,Lagos
2021-02-18,33.2,25.5,28.4,0.0,19.9,21.69,75,1009.7,76,22.7,Lagos
2021-02-19,32.5,24.0,27.8,0.0,18.0,22.26,57,1011.1,60,15.8,Lagos
2021-02-20,32.7,22.6,27.6,0.0,18.6,22.74,47,1011.3,31,13.4,Lagos
2021-02-21,33.8,21.9,27.6,0.0,18.8,22.51,58,1009.9,49,17.8,Lagos
2021-02-22,32.0,23.4,27.8,0.0,19.1,21.75,76,1009.4,67,22.8,Lagos
2021-02-23,32.4,24.7,28.6,0.6,16.6,19.9,73,1009.8,29,23.0,Lagos
2021-02-24,32.0,25.8,28.6,0.4,15.6,18.69,76,1009.6,55,24.0,Lagos
2021-02-25,31.4,26.0,28.6,0.8,23.2,17.19,80,1008.8,72,24.7,Lagos
2021-02-26,31.3,26.9,28.6,1.0,21.0,16.97,78,1008.5,62,24.3,Lagos
2021-02-27,30.3,25.7,28.0,0.6,16.0,18.04,79,1007.9,35,23.9,Lagos
2021-02-28,32.7,24.9,28.5,0.0,18.4,20.71,77,1006.6,15,23.8,Lagos
2021-03-01,32.5,26.5,29.0,0.8,19.7,18.17,79,1006.5,44,24.8,Lagos
2021-03-02,32.5,27.0,29.2,0.5,20.4,18.47,80,1007.1,73,25.2,Lagos
2021-03-03,33.0,27.0,29.4,0.3,20.1,19.59,78,1007.1,72,25.0,Lagos
2021-03-04,32.9,27.8,29.4,1.4,20.9,18.89,79,1007.0,30,25.3,Lagos
2021-03-05,32.2,27.3,29.3,1.5,22.2,17.82,79,1007.3,61,25.2,Lagos
2021-03-06,32.0,26.5,29.0,1.9,19.6,16.1,80,1009.2,93,25.1,Lagos
2021-03-07,31.4,26.9,28.7,1.4,20.1,17.89,82,1009.4,74,25.3,Lagos
2021-03-08,32.2,26.6,28.8,0.8,20.8,18.41,81,1008.1,50,25.1,Lagos
2021-03-09,31.4,27.3,28.8,0.9,20.2,17.5,80,1007.3,38,24.9,Lagos
2021-03-10,31.3,26.4,28.4,1.7,25.0,16.08,81,1007.4,71,24.7,Lagos
2021-03-11,30.7,25.9,28.2,1.2,23.1,16.85,81,1007.3,96,24.5,Lagos
2021-03-12,32.1,26.3,28.6,1.2,20.5,18.25,79,1007.2,81,24.4,Lagos
2021-03-13,32.2,25.2,27.8,17.0,17.9,14.83,83,1008.1,98,24.6,Lagos
2021-03-14,30.2,26.2,27.8,0.3,21.0,10.13,83,1009.4,100,24.5,Lagos
2021-03-15,31.5,25.8,28.2,0.0,20.2,18.18,78,1008.1,95,23.8,Lagos
2021-03-16,31.8,27.4,29.0,0.0,19.7,18.64,73,1007.8,97,23.5,Lagos
2021-03-17,28.4,25.3,27.0,5.7,17.6,10.92,85,1008.5,98,24.2,Lagos
2021-03-18,29.5,25.4,26.9,4.3,18.4,14.64,84,1008.9,97,24.1,Lagos
2021-03-19,29.5,23.6,26.8,0.0,14.7,18.28,82,1008.6,98,23.5,Lagos
2021-03-20,30.2,25.0,27.4,0.0,15.0,19.69,80,1008.5,93,23.6,Lagos
2021-03-21,30.8,26.0,28.2,0.2,19.5,19.58,78,1007.9,58,24.0,Lagos
2021-03-22,30.1,26.7,27.6,9.5,20.9,15.22,84,1007.7,84,24.6,Lagos
2021-03-23,27.5,25.1,26.1,18.9,17.8,5.77,88,1009.8,100,23.9,Lagos
2021-03-24,30.4,23.5,26.5,1.6,18.8,13.33,86,1010.8,94,23.8,Lagos
2021-03-25,29.7,26.3,27.4,1.5,18.1,11.91,81,1010.8,95,23.7,Lagos
2021-03-26,30.7,24.1,27.5,0.0,18.4,21.36,83,1008.9,67,24.2,Lagos
2021-03-27,30.4,26.4,28.1,0.9,15.3,16.99,81,1009.1,74,24.6,Lagos
2021-03-28,31.1,25.9,28.0,0.7,17.6,18.38,83,1009.0,46,24.8,Lagos
2021-03-29,31.9,24.8,27.9,0.0,21.1,21.09,82,1009.2,35,24.3,Lagos
2021-03-30,32.1,25.2,28.2,0.6,19.9,18.98,80,1008.6,87,24.2,Lagos
2021-03-31,31.8,26.9,28.8,1.0,18.8,18.75,79,1007.9,40,24.7,Lagos
2021-04-01,31.5,26.9,28.5,1.1,17.5,18.72,82,1008.6,33,25.0,Lagos
2021-04-02,31.2,26.7,28.6,1.1,18.6,18.09,82,1009.1,39,25.1,Lagos
2021-04-03,30.4,26.9,28.3,1.4,16.1,13.36,82,1008.8,73,24.9,Lagos
2021-04-04,31.8,27.5,29.2,1.3,17.4,19.59,77,1008.5,52,24.6,Lagos
2021-04-05,32.0,27.7,29.1,1.2,21.3,18.22,78,1008.6,45,24.8,Lagos
2021-04-06,32.2,27.5,29.3,0.4,20.5,20.15,77,1008.5,37,24.7,Lagos
2021-04-07,32.4,27.5,29.4,1.0,16.9,19.52,78,1008.5,43,25.1,Lagos
2021-04-08,31.7,27.8,29.2,1.6,21.7,18.2,79,1008.6,70,25.1,Lagos
2021-04-09,32.0,27.4,28.9,1.0,21.1,16.88,79,1007.9,81,24.7,Lagos
2021-04-10,30.9,25.9,28.3,0.3,18.1,20.37,81,1007.1,64,24.6,Lagos
2021-04-11,31.2,25.9,28.4,0.0,17.3,16.0,80,1007.8,55,24.5,Lagos
2021-04-12,32.7,26.2,28.9,0.1,19.5,19.95,78,1009.2,57,24.6,Lagos
2021-04-13,32.0,27.4,29.2,0.3,16.3,18.09,76,1010.3,76,24.4,Lagos
2021-04-14,32.5,27.2,29.1,0.2,20.5,20.43,75,1009.7,74,24.2,Lagos
2021-04-15,33.1,26.7,29.2,0.1,18.8,21.62,74,1008.6,73,23.7,Lagos
2021-04-16,32.3,27.2,28.9,2.3,22.9,17.88,73,1007.8,70,23.5,Lagos
2021-04-17,30.9,26.4,28.5,2.8,19.3,16.21,79,1008.2,87,24.3,Lagos
2021-04-18,30.9,24.0,26.6,8.8,10.6,11.85,87,1009.8,95,24.3,Lagos
2021-04-19,30.7,23.8,27.3,0.3,15.2,18.76,81,1009.5,84,23.6,Lagos
2021-04-20,31.2,25.6,28.1,0.8,22.7,19.62,82,1008.6,94,24.5,Lagos
2021-04-21,31.7,26.5,28.8,0.2,17.6,20.64,78,1008.6,83,24.4,Lagos
2021-04-22,32.1,26.1,28.9,0.6,16.3,19.08,78,1008.9,75,24.5,Lagos
2021-04-23,32.5,25.8,29.0,1.8,18.1,19.6,77,1008.7,84,24.3,Lagos
2021-04-24,31.5,27.6,29.1,3.3,22.6,17.42,76,1008.6,93,24.3,Lagos
2021-04-25,31.3,27.1,28.8,0.3,17.9,15.1,76,1008.6,89,24.1,Lagos
2021-04-26,32.5,27.2,29.4,0.1,15.8,20.3,75,1008.5,38,24.2,Lagos
2021-04-27,31.9,27.8,29.5,0.5,21.0,19.57,74,1007.2,71,24.3,Lagos
2021-04-28,31.2,26.8,28.3,0.7,16.2,14.97,77,1008.2,92,23.9,Lagos
2021-04-29,31.2,24.5,27.8,0.0,16.5,16.9,78,1008.6,91,23.5,Lagos
2021-04-30,32.4,27.0,29.1,0.2,18.3,21.02,74,1008.3,84,23.8,Lagos
2021-05-01,33.0,26.7,29.3,0.5,19.8,20.25,74,1008.2,55,24.0,Lagos
2021-05-02,32.8,27.8,29.8,0.0,19.7,19.47,72,1007.9,83,23.9,Lagos
2021-05-03,30.9,26.8,28.1,2.1,22.6,15.96,80,1008.4,90,24.3,Lagos
2021-05-04,29.1,26.2,27.3,2.0,19.4,8.24,84,1009.1,99,24.3,Lagos
2021-05-05,30.9,25.4,28.0,0.8,19.9,18.77,81,1008.9,90,24.2,Lagos
2021-05-06,28.7,25.8,27.3,0.8,18.4,13.27,81,1010.6,94,23.8,Lagos
2021-05-07,30.1,25.4,27.7,1.1,21.4,12.44,81,1011.8,83,24.0,Lagos
2021-05-08,29.7,24.2,26.8,1.7,20.4,16.17,82,1012.3,84,23.4,Lagos
2021-05-09,28.4,24.8,26.4,1.1,8.7,9.92,81,1011.9,92,22.7,Lagos
2021-05-10,30.6,24.9,27.6,0.4,14.0,20.75,79,1011.5,74,23.4,Lagos
2021-05-11,30.9,25.4,28.0,0.8,18.6,19.96,78,1011.1,32,23.6,Lagos
2021-05-12,31.0,26.5,28.4,1.3,19.3,19.04,75,1010.9,42,23.4,Lagos
2021-05-13,31.5,25.9,28.3,0.9,20.8,19.76,75,1010.1,64,23.4,Lagos
2021-05-14,31.1,25.8,28.2,1.5,14.7,20.44,80,1009.4,54,24.2,Lagos
2021-05-15,32.0,26.6,28.8,0.6,16.3,20.24,77,1009.4,61,24.2,Lagos
2021-05-16,31.3,25.4,28.2,1.2,16.6,20.17,79,1009.5,75,24.0,Lagos
2021-05-17,30.8,26.8,28.3,1.2,15.8,15.08,79,1009.9,85,24.3,Lagos
2021-05-18,30.3,26.8,28.1,6.0,14.9,10.89,81,1010.9,85,24.4,Lagos
2021-05-19,31.5,25.4,28.2,2.1,18.8,20.12,79,1011.0,46,24.0,Lagos
2021-05-20,31.0,26.5,27.8,3.6,15.1,15.04,80,1011.4,82,24.1,Lagos
2021-05-21,30.6,25.6,27.9,1.0,17.7,19.79,81,1011.3,58,24.2,Lagos
2021-05-22,30.5,25.8,27.4,1.2,18.1,11.84,82,1011.9,90,24.0,Lagos
2021-05-23,30.9,24.5,27.6,0.0,15.2,19.78,81,1011.6,69,23.9,Lagos
2021-05-24,31.5,25.9,28.5,0.0,16.0,20.83,77,1011.0,61,24.0,Lagos
2021-05-25,31.6,27.3,28.9,0.8,18.4,19.98,77,1010.5,46,24.3,Lagos
2021-05-26,31.7,26.8,28.7,1.5,22.7,18.31,77,1010.6,43,24.2,Lagos
2021-05-27,30.5,26.4,28.2,1.9,19.5,17.18,81,1010.4,76,24.5,Lagos
2021-05-28,30.5,26.1,28.1,1.0,15.3,18.39,81,1010.1,60,24.5,Lagos
2021-05-29,30.2,26.9,28.2,1.3,13.8,15.66,82,1009.8,86,24.7,Lagos
2021-05-30,29.7,26.6,28.0,2.2,16.0,15.21,84,1008.7,88,24.9,Lagos
2021-05-31,30.7,26.0,27.7,2.0,21.4,14.65,83,1009.5,85,24.6,Lagos
2021-06-01,29.6,25.8,26.9,3.1,14.8,9.35,85,1009.9,90,24.2,Lagos
2021-06-02,30.2,25.4,27.5,1.5,13.3,16.71,83,1010.6,67,24.3,Lagos
2021-06-03,31.0,26.4,28.3,0.0,18.0,19.87,79,1010.6,51,24.3,Lagos
2021-06-04,28.8,25.4,26.9,9.2,13.6,10.29,86,1010.7,76,24.4,Lagos
2021-06-05,28.0,25.1,26.2,4.8,13.6,8.66,87,1011.0,92,23.8,Lagos
2021-06-06,29.9,24.1,26.7,1.0,15.4,18.46,84,1010.3,58,23.5,Lagos
2021-06-07,30.1,25.9,27.6,0.7,14.9,17.74,79,1010.0,38,23.6,Lagos
2021-06-08,29.9,25.2,26.8,2.5,13.3,16.47,86,1010.1,47,24.3,Lagos
2021-06-09,30.1,24.4,26.8,1.3,17.9,17.6,84,1010.2,81,23.8,Lagos
2021-06-10,29.3,25.0,27.0,2.5,12.1,14.95,85,1009.5,70,24.2,Lagos
2021-06-11,31.2,25.1,27.2,2.4,18.1,17.43,82,1009.5,69,23.8,Lagos
2021-06-12,29.4,25.4,27.4,0.6,17.1,14.04,84,1011.6,87,24.4,Lagos
2021-06-13,30.0,24.0,27.1,0.4,19.0,16.68,82,1011.6,94,23.8,Lagos
2021-06-14,31.0,26.5,28.3,0.2,15.0,16.06,75,1011.5,69,23.3,Lagos
2021-06-15,31.5,26.6,28.6,1.4,21.1,19.71,78,1011.3,83,24.3,Lagos
2021-06-16,31.3,24.9,27.6,11.6,23.8,14.98,81,1011.3,92,23.9,Lagos
2021-06-17,30.3,24.6,26.9,6.4,12.6,15.01,84,1013.1,88,23.7,Lagos
2021-06-18,29.6,24.3,27.0,7.0,15.3,17.4,84,1012.8,75,23.9,Lagos
2021-06-19,29.7,24.9,27.2,4.5,16.8,18.59,82,1012.2,76,23.8,Lagos
2021-06-20,27.1,24.5,25.6,20.3,11.5,8.23,89,1012.7,99,23.6,Lagos
2021-06-21,27.4,23.4,25.3,25.6,15.5,12.08,88,1013.2,98,23.2,Lagos
2021-06-22,29.4,23.4,26.0,6.2,17.3,16.16,83,1012.0,80,22.8,Lagos
2021-06-23,27.3,23.9,25.3,17.5,16.7,10.35,89,1011.7,98,23.3,Lagos
2021-06-24,27.9,24.2,25.6,8.6,12.6,15.48,89,1011.7,87,23.7,Lagos
2021-06-25,29.6,24.4,26.6,2.4,15.9,18.81,85,1011.3,76,23.8,Lagos
2021-06-26,26.6,23.2,25.0,20.3,13.7,7.14,90,1011.0,96,23.2,Lagos
2021-06-27,28.0,22.9,25.3,0.4,12.2,13.25,87,1010.6,88,23.0,Lagos
2021-06-28,28.9,23.8,26.0,4.9,14.3,20.05,86,1012.3,55,23.3,Lagos
2021-06-29,28.5,24.9,26.3,7.0,15.9,14.81,86,1013.5,92,23.7,Lagos
2021-06-30,28.6,24.5,26.1,5.3,15.3,17.3,87,1013.3,79,23.7,Lagos
2021-07-01,29.0,24.5,26.2,3.7,13.6,17.23,86,1013.0,85,23.7,Lagos
2021-07-02,28.1,23.9,25.9,19.3,21.9,13.51,88,1012.5,94,23.6,Lagos
2021-07-03,27.3,24.1,25.1,31.6,12.9,10.5,90,1012.8,99,23.4,Lagos
2021-07-04,28.7,22.4,25.2,7.8,12.3,14.26,83,1013.6,93,22.0,Lagos
2021-07-05,29.5,23.9,26.4,0.8,16.6,18.67,83,1013.7,77,23.2,Lagos
2021-07-06,29.1,25.2,26.8,2.1,18.0,18.39,82,1012.7,63,23.4,Lagos
2021-07-07,28.4,25.0,26.4,3.1,19.9,14.83,84,1011.2,94,23.4,Lagos
2021-07-08,27.3,24.9,25.8,2.7,16.4,14.61,87,1012.9,82,23.5,Lagos
2021-07-09,26.4,23.9,25.1,11.0,16.6,10.11,88,1013.4,91,23.0,Lagos
2021-07-10,27.6,23.5,25.5,2.2,15.8,17.11,85,1013.2,69,22.7,Lagos
2021-07-11,28.6,23.6,25.7,2.0,18.3,16.55,83,1013.3,54,22.5,Lagos
2021-07-12,28.2,24.2,26.1,3.1,18.8,18.52,83,1013.7,82,22.9,Lagos
2021-07-13,28.8,23.7,26.1,0.8,20.6,20.11,83,1012.8,77,22.8,Lagos
2021-07-14,27.1,24.4,25.8,1.3,20.5,16.38,85,1012.4,66,23.0,Lagos
2021-07-15,28.2,24.5,25.9,4.4,19.5,14.17,84,1011.6,93,23.1,Lagos
2021-07-16,25.3,24.2,24.7,76.2,23.0,3.82,90,1012.1,95,23.0,Lagos
2021-07-17,27.7,24.2,25.7,2.5,17.8,12.92,85,1013.5,92,23.1,Lagos
2021-07-18,27.9,24.2,25.7,0.7,19.1,11.11,85,1013.2,95,22.9,Lagos
2021-07-19,27.7,24.5,25.8,1.7,21.1,15.59,84,1012.7,77,22.8,Lagos
2021-07-20,27.8,24.3,25.7,3.2,20.9,16.01,84,1013.7,52,22.7,Lagos
2021-07-21,28.1,24.6,25.8,3.5,19.6,18.93,82,1015.1,65,22.4,Lagos
2021-07-22,28.2,23.8,25.8,0.6,19.3,17.88,81,1015.4,78,22.2,Lagos
2021-07-23,28.5,24.4,25.8,0.6,18.2,15.02,81,1014.4,82,22.3,Lagos
2021-07-24,28.0,24.0,25.7,1.1,19.6,17.24,81,1013.5,68,22.3,Lagos
2021-07-25,28.2,24.4,25.9,0.5,21.4,14.4,79,1013.0,68,22.0,Lagos
2021-07-26,27.6,24.5,25.8,1.0,25.6,16.99,78,1012.7,84,21.6,Lagos
2021-07-27,28.1,24.7,26.1,0.3,23.6,14.71,75,1012.5,95,21.2,Lagos
2021-07-28,28.2,24.3,25.9,1.8,18.8,17.4,79,1012.5,80,21.8,Lagos
2021-07-29,29.0,23.1,25.8,0.9,18.8,20.65,81,1012.8,50,22.1,Lagos
2021-07-30,28.6,24.3,26.2,0.1,19.9,17.24,81,1012.9,88,22.6,Lagos
2021-07-31,28.7,24.8,26.4,2.3,20.8,19.49,80,1013.7,66,22.5,Lagos
2021-08-01,29.5,24.0,26.2,1.1,19.1,18.1,82,1015.0,75,22.8,Lagos
2021-08-02,28.5,25.1,26.1,0.9,15.9,11.17,82,1014.1,92,22.8,Lagos
2021-08-03,28.4,24.9,26.2,2.3,21.2,13.5,84,1012.8,92,23.2,Lagos
2021-08-04,27.9,24.5,25.5,7.5,22.0,13.18,86,1013.7,95,23.0,Lagos
2021-08-05,26.8,23.9,25.1,14.8,18.3,9.72,89,1015.4,91,23.0,Lagos
2021-08-06,27.9,23.8,25.7,1.5,18.1,15.92,86,1014.7,83,23.1,Lagos
2021-08-07,28.9,24.1,25.7,5.7,20.9,15.46,87,1013.7,87,23.3,Lagos
2021-08-08,27.3,24.4,25.4,8.5,23.9,13.99,88,1013.4,92,23.2,Lagos
2021-08-09,27.5,24.1,25.5,2.7,20.7,18.4,87,1014.3,67,23.1,Lagos
2021-08-10,27.3,23.9,25.2,3.0,20.2,14.21,88,1013.5,94,23.1,Lagos
2021-08-11,27.5,24.2,25.5,1.0,25.1,14.8,83,1012.4,76,22.5,Lagos
2021-08-12,27.2,24.1,25.4,2.3,19.1,17.4,86,1012.8,69,22.9,Lagos
2021-08-13,27.3,24.5,25.5,2.2,17.3,14.73,85,1013.3,82,22.8,Lagos
2021-08-14,27.1,24.4,25.5,1.3,22.2,16.68,84,1012.2,65,22.6,Lagos
2021-08-15,27.1,23.9,25.3,1.5,20.8,15.23,85,1011.3,71,22.6,Lagos
2021-08-16,28.1,24.5,25.6,1.1,20.5,12.78,83,1011.8,96,22.5,Lagos
2021-08-17,27.2,24.2,25.4,2.3,14.1,8.7,85,1013.2,94,22.7,Lagos
2021-08-18,28.0,24.0,25.4,2.4,13.5,8.87,86,1013.6,91,22.8,Lagos
2021-08-19,28.3,23.5,25.1,10.5,16.6,11.97,88,1011.7,96,22.8,Lagos
2021-08-20,26.5,23.5,24.9,10.7,18.9,10.05,88,1010.6,98,22.8,Lagos
2021-08-21,26.7,23.8,24.7,30.6,18.9,10.11,90,1011.3,99,23.0,Lagos
2021-08-22,27.2,23.2,24.9,4.8,13.0,15.46,91,1011.1,83,23.3,Lagos
2021-08-23,27.7,23.3,25.3,4.5,17.8,17.34,89,1009.9,90,23.4,Lagos
2021-08-24,27.5,24.1,25.3,10.3,17.1,12.42,88,1009.2,94,23.2,Lagos
2021-08-25,26.9,24.0,25.3,6.5,16.4,13.18,88,1009.7,93,23.2,Lagos
2021-08-26,27.3,24.1,25.5,2.8,16.7,7.16,88,1010.9,99,23.3,Lagos
2021-08-27,28.6,24.8,26.0,3.7,20.1,12.7,87,1011.9,96,23.6,Lagos
2021-08-28,27.8,23.0,25.5,1.5,15.5,14.66,89,1011.7,90,23.5,Lagos
2021-08-29,28.0,24.7,25.9,5.9,19.7,15.18,86,1010.0,92,23.4,Lagos
2021-08-30,27.1,23.6,25.2,13.7,18.2,10.6,89,1010.0,96,23.3,Lagos
2021-08-31,29.3,24.0,25.9,2.1,18.2,18.18,87,1010.4,69,23.5,Lagos
2021-09-01,29.0,24.0,26.2,5.0,21.5,18.71,87,1009.8,76,23.8,Lagos
2021-09-02,27.2,23.9,25.5,10.9,18.2,16.25,88,1010.7,90,23.3,Lagos
2021-09-03,26.2,24.2,25.0,11.5,18.9,10.08,90,1011.8,98,23.3,Lagos
2021-09-04,28.7,23.6,25.4,9.4,17.3,15.26,89,1011.2,89,23.4,Lagos
2021-09-05,27.8,23.7,25.5,3.0,17.6,17.3,89,1011.8,87,23.4,Lagos
2021-09-06,26.8,24.3,25.4,6.9,15.6,10.0,90,1012.0,90,23.6,Lagos
2021-09-07,28.7,24.0,25.7,2.2,15.8,17.37,89,1011.7,91,23.7,Lagos
2021-09-08,28.5,24.6,26.1,1.5,20.0,18.01,86,1010.7,86,23.6,Lagos
2021-09-09,28.4,24.2,26.1,1.6,16.7,20.69,88,1011.2,77,23.8,Lagos
2021-09-10,29.0,24.6,25.9,11.1,15.1,13.59,88,1012.3,89,23.8,Lagos
2021-09-11,28.0,23.7,25.4,18.2,11.7,9.42,89,1012.8,100,23.4,Lagos
2021-09-12,28.7,24.4,26.1,0.5,20.9,17.73,87,1011.6,67,23.8,Lagos
2021-09-13,26.9,24.1,25.2,16.8,13.5,8.73,89,1010.9,98,23.3,Lagos
2021-09-14,27.9,23.3,25.2,5.4,17.0,17.73,89,1010.9,82,23.2,Lagos
2021-09-15,27.0,24.0,25.3,3.1,14.4,11.24,90,1012.4,89,23.5,Lagos
2021-09-16,28.6,23.3,25.7,5.6,16.8,17.75,87,1013.1,84,23.2,Lagos
2021-09-17,28.9,24.4,25.9,3.7,13.4,14.84,89,1012.0,95,24.0,Lagos
2021-09-18,27.5,24.2,25.8,8.9,16.3,15.14,88,1011.7,86,23.7,Lagos
2021-09-19,28.0,24.3,26.0,3.2,16.3,17.77,86,1011.4,80,23.5,Lagos
2021-09-20,29.3,24.4,26.4,0.0,13.3,16.08,84,1010.9,85,23.4,Lagos
2021-09-21,27.7,25.0,25.8,12.1,15.9,10.58,88,1011.0,98,23.5,Lagos
2021-09-22,26.2,23.4,24.6,31.1,9.2,8.81,92,1011.6,99,23.2,Lagos
2021-09-23,28.8,22.8,25.8,1.4,10.9,18.22,88,1011.3,72,23.5,Lagos
2021-09-24,28.6,24.2,26.2,3.0,17.1,20.58,88,1011.9,75,24.0,Lagos
2021-09-25,28.7,23.6,25.4,9.1,13.3,13.01,90,1011.9,99,23.5,Lagos
2021-09-26,28.8,22.8,25.5,0.9,13.6,21.11,87,1011.6,80,23.0,Lagos
2021-09-27,27.8,24.3,25.8,4.6,14.0,15.09,88,1011.1,82,23.7,Lagos
2021-09-28,28.7,24.9,26.5,2.3,13.9,18.2,85,1010.1,61,23.8,Lagos
2021-09-29,28.9,24.2,26.5,1.2,16.3,20.59,86,1010.0,61,23.8,Lagos
2021-09-30,27.9,24.5,26.0,15.6,13.0,13.57,88,1010.7,95,23.8,Lagos
2021-10-01,28.4,24.4,26.0,1.2,14.0,15.12,88,1011.4,99,23.9,Lagos
2021-10-02,29.5,24.5,26.7,1.7,18.1,20.88,85,1010.2,50,23.8,Lagos
2021-10-03,28.6,24.6,26.3,4.6,14.9,17.51,89,1010.4,67,24.2,Lagos
2021-10-04,28.7,24.7,26.6,1.8,15.4,19.28,89,1010.1,70,24.7,Lagos
2021-10-05,29.5,24.9,27.0,1.3,18.4,19.67,86,1010.1,70,24.3,Lagos
2021-10-06,26.6,24.9,25.7,16.8,16.9,10.5,88,1010.6,100,23.6,Lagos
2021-10-07,29.2,24.1,26.4,2.6,13.0,18.08,86,1009.9,83,23.7,Lagos
2021-10-08,29.7,24.4,26.9,0.5,15.6,21.39,87,1008.4,78,24.5,Lagos
2021-10-09,28.0,25.7,26.7,10.2,14.3,13.63,88,1009.4,94,24.5,Lagos
2021-10-10,28.5,25.3,26.3,11.4,14.4,12.62,89,1010.6,93,24.3,Lagos
2021-10-11,29.7,24.7,26.9,2.9,14.7,19.02,85,1010.9,68,24.2,Lagos
2021-10-12,30.0,25.4,27.4,1.9,17.8,20.67,84,1010.0,47,24.4,Lagos
2021-10-13,29.6,25.4,27.4,1.1,15.1,21.96,85,1009.6,50,24.7,Lagos
2021-10-14,29.4,24.7,26.9,5.1,14.9,21.0,86,1010.0,57,24.3,Lagos
2021-10-15,29.2,24.5,26.6,1.3,15.5,20.59,87,1009.8,49,24.1,Lagos
2021-10-16,29.8,25.5,27.0,2.1,18.3,20.57,84,1009.4,29,23.9,Lagos
2021-10-17,29.3,25.1,26.8,2.0,18.9,19.42,84,1009.2,85,23.9,Lagos
2021-10-18,26.2,24.2,25.0,13.7,12.1,6.24,91,1010.3,100,23.4,Lagos
2021-10-19,29.3,23.9,26.2,10.1,19.6,19.35,86,1010.9,94,23.6,Lagos
2021-10-20,28.6,24.4,26.1,3.6,12.2,7.39,89,1011.0,100,24.1,Lagos
2021-10-21,28.6,23.8,25.7,30.9,11.9,16.12,88,1010.8,94,23.5,Lagos
2021-10-22,29.0,24.2,25.6,9.3,13.0,13.9,88,1010.5,100,23.5,Lagos
2021-10-23,26.2,23.8,24.7,24.8,14.5,7.19,91,1012.1,100,23.2,Lagos
2021-10-24,28.8,23.4,25.8,4.7,13.4,19.23,89,1012.0,77,23.7,Lagos
2021-10-25,29.7,24.7,26.9,4.0,20.0,19.93,86,1011.1,54,24.3,Lagos
2021-10-26,29.5,24.8,26.9,1.1,13.9,17.96,86,1011.4,78,24.3,Lagos
2021-10-27,28.8,24.7,26.1,4.9,11.3,11.74,87,1011.0,88,23.7,Lagos
2021-10-28,28.5,24.3,26.2,2.6,14.3,18.53,87,1010.6,94,23.9,Lagos
2021-10-29,29.5,24.2,26.7,1.0,13.4,20.3,86,1009.2,91,24.1,Lagos
2021-10-30,29.3,24.9,26.9,2.9,15.6,19.6,86,1009.8,86,24.4,Lagos
2021-10-31,29.2,24.9,26.7,1.2,20.0,16.49,86,1011.4,99,24.1,Lagos
2021-11-01,29.6,25.0,26.8,2.1,18.8,18.01,85,1011.6,77,24.1,Lagos
2021-11-02,28.6,24.2,26.2,0.4,16.9,13.44,84,1012.0,90,23.2,Lagos
2021-11-03,29.6,23.7,26.7,0.4,15.3,21.42,85,1010.7,57,23.8,Lagos
2021-11-04,29.2,25.0,26.9,3.9,15.8,18.11,86,1010.2,59,24.3,Lagos
2021-11-05,29.3,24.5,26.5,1.0,8.0,14.41,86,1010.1,84,23.9,Lagos
2021-11-06,29.8,23.4,26.7,0.3,14.9,19.44,83,1009.3,86,23.4,Lagos
2021-11-07,29.7,25.2,26.7,5.1,16.1,17.57,86,1008.7,86,24.1,Lagos
2021-11-08,30.1,25.0,27.1,1.5,14.5,18.6,85,1008.3,95,24.3,Lagos
2021-11-09,29.4,24.9,26.9,2.7,12.4,16.28,85,1009.1,99,24.1,Lagos
2021-11-10,29.2,24.9,26.4,7.7,16.2,16.81,87,1009.9,97,24.1,Lagos
2021-11-11,29.2,24.7,26.5,8.5,11.2,17.85,87,1010.1,83,24.0,Lagos
2021-11-12,29.3,23.6,26.4,0.9,12.5,17.41,86,1008.5,68,23.8,Lagos
2021-11-13,29.5,24.8,27.2,2.3,14.5,19.2,84,1008.5,48,24.1,Lagos
2021-11-14,30.0,25.2,27.5,0.4,14.8,18.35,85,1009.6,59,24.6,Lagos
2021-11-15,29.6,25.8,26.9,6.0,13.5,13.53,87,1010.0,81,24.4,Lagos
2021-11-16,29.9,25.1,27.1,2.1,17.4,18.31,85,1009.1,93,24.3,Lagos
2021-11-17,30.4,25.6,27.8,1.1,13.8,19.1,81,1008.6,74,24.2,Lagos
2021-11-18,30.4,25.0,27.4,1.8,14.0,17.99,85,1009.3,58,24.6,Lagos
2021-11-19,30.0,25.1,27.1,2.5,17.7,17.87,84,1009.6,53,24.2,Lagos
2021-11-20,29.9,24.9,27.3,0.4,13.0,16.15,83,1009.1,38,24.2,Lagos
2021-11-21,30.5,25.9,27.8,1.1,12.9,19.07,83,1008.0,24,24.7,Lagos
2021-11-22,30.2,25.7,27.8,1.1,16.5,17.58,83,1009.3,58,24.6,Lagos
2021-11-23,30.6,25.2,27.5,1.5,17.1,17.81,83,1010.5,44,24.2,Lagos
2021-11-24,30.5,25.4,27.7,1.3,16.2,18.22,82,1009.8,84,24.3,Lagos
2021-11-25,30.2,24.6,27.4,1.6,16.4,19.17,83,1008.9,38,24.2,Lagos
2021-11-26,30.8,25.1,27.8,0.3,15.7,17.28,80,1009.3,58,24.0,Lagos
2021-11-27,30.3,25.5,27.7,1.4,15.5,18.39,82,1009.4,71,24.2,Lagos
2021-11-28,31.1,25.3,27.8,0.3,15.6,17.29,80,1009.3,83,23.9,Lagos
2021-11-29,30.8,25.7,27.8,0.6,15.8,18.49,80,1009.3,63,23.9,Lagos
2021-11-30,31.0,24.4,27.7,1.4,15.3,16.73,79,1009.7,81,23.6,Lagos
2021-12-01,31.5,24.7,28.0,0.2,17.4,18.7,80,1008.7,71,24.0,Lagos
2021-12-02,31.6,25.1,28.0,0.7,18.9,18.16,80,1008.0,49,24.0,Lagos
2021-12-03,32.1,25.0,28.2,0.2,18.5,18.43,79,1008.4,55,24.1,Lagos
2021-12-04,32.1,25.6,28.6,0.1,15.7,18.76,79,1009.0,74,24.3,Lagos
2021-12-05,32.6,25.0,28.4,2.8,17.6,18.5,79,1009.0,92,24.2,Lagos
2021-12-06,31.7,25.2,28.1,0.3,20.0,16.98,80,1009.6,90,24.3,Lagos
2021-12-07,31.6,25.5,28.1,1.2,13.4,17.31,80,1010.0,74,24.2,Lagos
2021-12-08,30.9,24.9,27.8,0.8,15.0,17.67,82,1010.2,27,24.3,Lagos
2021-12-09,31.9,24.6,27.9,0.0,15.0,19.28,81,1008.5,8,24.0,Lagos
2021-12-10,31.6,24.4,27.7,0.1,14.0,17.99,81,1007.3,64,23.9,Lagos
2021-12-11,32.0,25.1,28.2,0.0,14.5,18.67,79,1007.2,30,23.9,Lagos
2021-12-12,33.1,24.9,28.2,0.0,17.0,18.69,78,1007.8,63,23.8,Lagos
2021-12-13,32.8,24.4,28.1,0.0,19.4,18.97,80,1008.0,56,24.0,Lagos
2021-12-14,31.9,25.6,28.5,1.6,17.2,17.07,79,1007.8,41,24.2,Lagos
2021-12-15,32.1,25.4,28.4,0.6,15.8,17.1,79,1008.0,87,24.2,Lagos
2021-12-16,33.4,25.5,28.5,0.1,15.0,17.76,78,1008.8,43,23.9,Lagos
2021-12-17,32.0,24.8,28.2,0.0,14.0,18.99,77,1009.6,47,23.5,Lagos
2021-12-18,32.3,23.7,27.9,0.0,16.2,19.98,60,1009.6,58,17.6,Lagos
2021-12-19,31.8,21.5,27.0,0.0,11.2,20.12,51,1009.2,77,14.8,Lagos
2021-12-20,33.5,23.7,27.9,0.0,12.8,19.61,49,1008.9,69,15.3,Lagos
2021-12-21,33.4,22.8,27.6,0.0,14.1,19.78,50,1008.8,86,15.2,Lagos
2021-12-22,33.6,22.9,27.9,0.0,14.5,19.67,52,1009.5,93,16.0,Lagos
2021-12-23,33.2,23.3,27.8,0.0,17.0,19.4,60,1008.6,84,18.0,Lagos
2021-12-24,31.7,23.4,27.6,0.0,17.1,17.95,77,1008.6,56,23.0,Lagos
2021-12-25,33.9,23.8,28.1,0.0,21.8,19.17,76,1008.8,91,23.0,Lagos
2021-12-26,32.4,24.8,28.1,0.0,18.3,18.06,78,1009.1,73,23.6,Lagos
2021-12-27,32.4,25.2,28.1,0.9,17.9,16.97,81,1009.5,60,24.4,Lagos
2021-12-28,32.1,24.5,27.6,0.2,18.5,16.45,81,1010.0,78,23.8,Lagos
2021-12-29,30.1,25.4,27.3,0.4,14.6,12.94,81,1010.8,91,23.7,Lagos
2021-12-30,32.7,23.9,27.7,0.0,18.2,18.94,77,1009.3,19,22.8,Lagos
2021-12-31,30.9,24.1,27.5,1.0,13.7,16.86,79,1010.1,78,23.2,Lagos
2022-01-01,31.3,24.7,27.9,0.7,16.1,16.57,77,1009.9,85,23.3,Lagos
2022-01-02,31.9,24.4,27.7,0.5,15.8,17.1,80,1009.0,76,23.7,Lagos
2022-01-03,33.7,24.9,27.9,0.0,16.1,18.4,72,1009.1,78,21.1,Lagos
2022-01-04,31.1,24.4,27.4,0.0,17.0,16.76,67,1010.0,100,19.5,Lagos
2022-01-05,31.7,23.9,27.5,0.0,12.9,16.74,71,1009.7,85,21.1,Lagos
2022-01-06,32.7,22.3,27.4,0.0,16.7,19.25,67,1008.7,32,20.0,Lagos
2022-01-07,31.9,24.2,27.9,0.1,18.3,17.87,78,1009.1,15,23.5,Lagos
2022-01-08,32.2,24.3,28.1,1.8,16.8,17.82,79,1009.0,30,23.8,Lagos
2022-01-09,33.7,25.0,28.2,1.0,17.3,18.24,78,1008.6,89,23.5,Lagos
2022-01-10,31.4,24.7,27.7,0.0,15.9,18.74,79,1007.8,76,23.4,Lagos
2022-01-11,31.5,25.2,28.1,0.3,17.3,16.24,78,1008.3,73,23.6,Lagos
2022-01-12,31.5,25.1,28.1,0.5,18.7,15.84,81,1009.7,89,24.3,Lagos
2022-01-13,29.7,23.8,26.5,10.3,18.2,10.57,87,1011.3,94,24.1,Lagos
2022-01-14,29.9,25.0,27.2,0.4,17.8,16.91,85,1011.5,95,24.4,Lagos
2022-01-15,31.8,24.9,27.6,0.0,19.8,17.48,82,1010.3,93,24.1,Lagos
2022-01-16,31.1,24.8,27.5,0.1,16.7,16.58,81,1011.0,99,23.8,Lagos
2022-01-17,30.0,23.5,26.8,0.0,18.3,17.87,81,1011.8,65,23.2,Lagos
2022-01-18,31.7,24.2,27.4,0.1,18.3,17.55,77,1011.9,81,22.9,Lagos
2022-01-19,31.5,23.6,27.3,1.0,14.5,17.32,71,1011.3,66,20.8,Lagos
2022-01-20,31.3,22.3,26.5,0.0,13.1,16.83,53,1010.6,96,14.7,Lagos
2022-01-21,31.4,21.1,26.3,0.0,12.0,19.84,57,1010.3,42,16.0,Lagos
2022-01-22,32.9,21.5,26.9,0.0,17.0,20.09,62,1010.2,1,17.3,Lagos
2022-01-23,32.9,22.7,27.0,0.0,15.8,20.18,66,1009.9,5,18.9,Lagos
2022-01-24,32.9,23.8,27.2,0.0,17.6,19.94,77,1009.0,24,22.2,Lagos
2022-01-25,33.0,23.0,27.4,0.0,13.0,20.51,64,1008.3,16,18.0,Lagos
2022-01-26,31.0,20.9,26.0,0.0,16.8,20.79,63,1008.4,5,16.6,Lagos
2022-01-27,32.0,22.1,26.6,0.0,16.0,20.1,77,1009.2,31,22.0,Lagos
2022-01-28,31.8,23.9,27.3,0.0,17.9,19.89,79,1009.1,80,23.0,Lagos
2022-01-29,33.0,22.8,27.3,0.0,15.3,20.93,64,1009.2,77,17.9,Lagos
2022-01-30,31.5,20.1,25.7,0.0,14.8,21.15,60,1009.7,78,15.9,Lagos
2022-01-31,30.8,20.9,25.8,0.0,17.4,21.74,51,1009.0,45,13.0,Lagos
2022-02-01,32.6,20.5,26.1,0.0,14.1,21.58,54,1009.3,50,14.1,Lagos
2022-02-02,33.1,20.7,26.4,0.0,18.0,21.16,64,1009.5,18,17.9,Lagos
2022-02-03,31.7,23.2,26.9,0.0,16.9,19.61,78,1010.6,52,22.5,Lagos
2022-02-04,31.1,24.2,27.4,0.4,16.3,19.43,81,1010.6,11,23.6,Lagos
2022-02-05,31.4,24.6,27.5,1.8,18.6,20.34,80,1009.8,25,23.3,Lagos
2022-02-06,31.9,23.5,27.3,0.0,18.1,20.7,79,1009.5,9,22.7,Lagos
2022-02-07,31.5,24.1,27.3,0.0,18.4,19.95,81,1009.2,40,23.5,Lagos
2022-02-08,32.1,24.0,27.9,0.0,19.8,19.76,78,1009.2,35,23.4,Lagos
2022-02-09,32.7,24.4,28.2,0.1,19.5,19.86,78,1009.0,46,23.7,Lagos
2022-02-10,32.1,24.5,28.0,0.0,19.2,19.38,81,1008.0,51,24.1,Lagos
2022-02-11,32.1,25.1,28.0,0.1,17.5,19.48,81,1007.2,50,24.2,Lagos
2022-02-12,31.4,24.8,27.6,0.1,17.2,19.09,82,1008.2,75,23.9,Lagos
2022-02-13,32.4,24.6,28.2,0.4,16.8,19.59,79,1008.9,50,23.9,Lagos
2022-02-14,32.7,25.5,28.4,1.1,20.4,19.86,81,1008.5,67,24.5,Lagos
2022-02-15,32.4,26.2,28.7,0.5,19.4,19.89,79,1008.8,55,24.5,Lagos
2022-02-16,31.4,25.9,28.1,4.0,17.5,17.87,81,1009.1,58,24.4,Lagos
2022-02-17,31.3,26.1,28.0,0.7,15.4,18.34,81,1007.7,82,24.2,Lagos
2022-02-18,31.8,26.2,28.4,0.3,21.0,12.64,80,1007.4,87,24.4,Lagos
2022-02-19,29.6,26.3,27.5,1.9,24.0,15.49,84,1008.7,92,24.5,Lagos
2022-02-20,30.3,25.8,27.4,0.7,18.7,16.22,82,1009.7,100,24.0,Lagos
2022-02-21,31.3,24.7,27.7,1.2,18.7,19.63,82,1009.4,85,24.2,Lagos
2022-02-22,32.1,25.6,28.3,0.4,20.1,20.14,81,1009.2,77,24.5,Lagos
2022-02-23,32.6,26.2,28.6,0.6,19.3,19.89,79,1009.9,36,24.3,Lagos
2022-02-24,32.3,25.7,28.7,0.4,18.4,20.26,79,1009.3,48,24.4,Lagos
2022-02-25,32.0,25.5,28.5,0.2,18.6,18.86,80,1008.6,25,24.6,Lagos
2022-02-26,31.9,25.7,28.4,0.1,19.4,19.27,82,1007.9,60,24.8,Lagos
2022-02-27,31.9,25.9,28.5,1.4,19.8,19.19,79,1008.8,51,24.3,Lagos
2022-02-28,32.4,26.1,28.8,0.3,21.4,19.66,76,1008.6,55,24.0,Lagos
2022-03-01,32.5,26.5,29.1,0.1,20.4,19.9,76,1008.2,55,24.1,Lagos
2022-03-02,32.5,26.2,28.8,0.6,22.4,17.81,76,1008.3,91,23.9,Lagos
2022-03-03,31.0,26.1,28.1,3.9,22.5,20.16,82,1008.5,75,24.6,Lagos
2022-03-04,30.4,24.9,27.4,15.2,17.6,17.6,84,1008.1,99,24.4,Lagos
2022-03-05,30.8,24.2,27.3,0.2,17.7,19.85,84,1007.7,75,24.4,Lagos
2022-03-06,29.5,26.6,27.8,2.5,17.1,14.41,83,1007.5,81,24.5,Lagos
2022-03-07,31.2,26.7,28.5,0.3,16.6,19.95,80,1007.0,77,24.6,Lagos
2022-03-08,31.7,26.7,28.8,0.1,18.2,20.31,79,1006.2,88,24.6,Lagos
2022-03-09,31.7,26.9,29.0,1.1,20.6,19.52,81,1005.8,91,25.2,Lagos
2022-03-10,32.0,27.0,28.5,2.2,25.6,15.83,81,1006.7,100,24.8,Lagos
2022-03-11,31.3,25.3,28.1,3.9,19.3,16.83,80,1007.4,79,24.2,Lagos
2022-03-12,29.8,24.1,27.1,8.9,13.8,10.52,84,1008.1,98,24.0,Lagos
2022-03-13,29.6,25.0,27.0,7.0,13.8,16.28,87,1007.7,91,24.5,Lagos
2022-03-14,30.7,25.0,27.6,1.1,18.8,18.75,83,1007.6,82,24.4,Lagos
2022-03-15,30.9,25.8,27.9,5.1,18.8,17.32,82,1008.9,100,24.5,Lagos
2022-03-16,30.9,26.0,28.1,1.9,17.7,19.26,81,1008.8,97,24.4,Lagos
2022-03-17,31.3,25.9,28.4,0.8,18.1,19.12,81,1007.7,96,24.7,Lagos
2022-03-18,31.7,26.6,28.8,2.3,18.6,19.61,79,1007.4,69,24.7,Lagos
2022-03-19,31.8,26.9,28.9,2.2,21.7,20.82,78,1008.1,51,24.7,Lagos
2022-03-20,31.9,26.7,28.9,1.4,22.6,20.46,78,1008.8,76,24.5,Lagos
2022-03-21,31.6,27.0,29.0,1.2,21.6,20.02,77,1008.5,80,24.4,Lagos
2022-03-22,31.4,25.2,28.3,3.1,19.6,18.0,78,1008.3,97,24.0,Lagos
2022-03-23,31.7,27.4,29.2,1.1,20.5,19.11,75,1008.4,100,24.2,Lagos
2022-03-24,31.0,25.4,28.3,2.7,17.5,12.99,80,1008.1,100,24.4,Lagos
2022-03-25,31.4,25.9,28.2,0.7,15.2,19.87,82,1007.3,85,24.7,Lagos
2022-03-26,31.5,26.4,28.7,1.3,17.4,19.44,81,1007.5,58,24.9,Lagos
2022-03-27,32.2,26.8,28.9,1.6,19.3,20.46,80,1008.7,59,25.0,Lagos
2022-03-28,31.4,27.1,28.6,1.3,20.5,20.23,83,1009.0,77,25.2,Lagos
2022-03-29,31.5,26.9,28.8,1.9,18.4,19.96,78,1007.8,64,24.5,Lagos
2022-03-30,30.9,26.5,28.3,0.2,18.2,20.3,82,1006.1,73,24.8,Lagos
2022-03-31,32.4,27.0,29.3,0.3,19.6,21.9,77,1006.5,57,24.7,Lagos
2022-04-01,31.0,27.1,28.3,5.6,21.7,16.68,80,1008.3,95,24.6,Lagos
2022-04-02,30.6,26.2,28.1,3.3,20.1,15.38,80,1008.9,98,24.2,Lagos
2022-04-03,32.1,27.1,29.1,0.2,20.2,21.45,74,1008.4,95,23.8,Lagos
2022-04-04,31.8,27.0,28.5,0.5,20.4,18.54,77,1008.9,98,24.0,Lagos
2022-04-05,31.7,26.8,28.7,4.5,17.6,20.49,78,1009.1,78,24.4,Lagos
2022-04-06,29.9,26.8,28.1,0.2,19.4,13.9,82,1008.6,94,24.8,Lagos
2022-04-07,31.4,26.7,28.3,1.0,21.1,20.09,79,1008.7,78,24.3,Lagos
2022-04-08,31.0,27.0,28.5,0.8,23.8,20.13,78,1008.8,82,24.2,Lagos
2022-04-09,30.7,25.9,27.5,0.6,15.5,16.73,79,1008.5,100,23.4,Lagos
2022-04-10,30.8,25.0,27.7,0.1,14.2,14.08,81,1007.4,77,24.0,Lagos
2022-04-11,32.2,26.2,28.9,0.1,19.1,21.3,75,1007.3,52,23.8,Lagos
2022-04-12,29.6,26.2,27.4,6.5,14.0,11.42,81,1007.7,100,23.8,Lagos
2022-04-13,29.5,24.7,27.1,4.7,15.7,10.77,81,1007.6,94,23.5,Lagos
2022-04-14,31.7,25.6,28.2,0.3,20.0,22.18,77,1008.0,80,23.6,Lagos
2022-04-15,30.4,25.6,27.8,1.7,15.6,13.81,80,1008.9,100,23.9,Lagos
2022-04-16,32.3,23.8,27.2,11.9,17.0,18.0,82,1009.1,94,23.7,Lagos
2022-04-17,30.7,24.7,27.7,14.6,18.0,19.16,83,1008.1,98,24.6,Lagos
2022-04-18,28.9,24.3,26.3,2.2,11.3,14.15,86,1009.2,99,23.8,Lagos
2022-04-19,30.2,26.7,28.1,0.6,14.0,20.52,80,1010.0,92,24.2,Lagos
2022-04-20,31.3,25.5,28.1,0.8,17.9,20.3,82,1009.2,95,24.5,Lagos
2022-04-21,30.4,26.5,27.9,4.7,15.2,10.3,82,1009.0,100,24.4,Lagos
2022-04-22,31.0,25.6,28.1,0.0,16.1,22.46,78,1008.4,63,23.8,Lagos
2022-04-23,31.8,26.2,28.5,0.0,21.4,18.92,77,1008.1,77,23.8,Lagos
2022-04-24,30.3,25.2,27.5,0.4,20.0,11.55,83,1008.2,100,24.2,Lagos
2022-04-25,30.3,25.2,28.0,0.1,17.9,19.58,78,1008.0,81,23.6,Lagos
2022-04-26,29.9,24.9,27.4,4.4,23.3,18.04,83,1008.2,90,24.2,Lagos
2022-04-27,29.6,24.8,26.9,31.3,20.9,13.82,85,1008.8,100,24.0,Lagos
2022-04-28,29.4,24.4,26.5,2.3,12.0,14.4,86,1009.2,85,23.8,Lagos
2022-04-29,31.0,25.1,27.5,1.5,17.3,21.33,82,1009.4,76,24.0,Lagos
2022-04-30,30.8,24.8,27.3,3.1,16.5,18.03,82,1010.8,93,24.0,Lagos
2022-05-01,31.0,26.5,28.2,0.6,17.4,19.29,80,1011.2,74,24.4,Lagos
2022-05-02,30.7,26.5,28.2,2.4,21.2,20.29,79,1010.5,87,24.1,Lagos
2022-05-03,31.1,24.7,27.8,0.0,17.9,21.9,80,1009.4,66,23.9,Lagos
2022-05-04,32.2,25.8,27.5,5.8,20.4,16.3,80,1010.2,99,23.6,Lagos
2022-05-05,31.4,24.5,27.9,0.0,17.3,17.98,78,1010.4,96,23.5,Lagos
2022-05-06,28.1,25.0,27.1,8.9,11.9,9.22,84,1010.1,98,24.1,Lagos
2022-05-07,30.2,24.1,27.1,0.4,14.0,19.62,83,1010.0,92,23.8,Lagos
2022-05-08,31.1,25.2,27.8,0.5,19.7,22.37,82,1008.8,55,24.4,Lagos
2022-05-09,30.3,26.8,28.0,10.0,20.2,17.51,82,1009.6,79,24.6,Lagos
2022-05-10,29.9,25.6,27.6,1.3,15.2,18.13,85,1009.8,84,24.8,Lagos
2022-05-11,30.6,26.0,28.1,2.6,16.1,20.92,82,1010.1,65,24.6,Lagos
2022-05-12,30.1,26.2,27.9,0.7,14.5,18.02,83,1010.5,92,24.8,Lagos
2022-05-13,31.5,25.6,28.0,0.9,13.4,19.47,82,1010.6,75,24.5,Lagos
2022-05-14,31.0,26.6,28.5,0.2,16.5,21.17,77,1010.4,81,24.0,Lagos
2022-05-15,30.7,25.4,27.8,1.1,18.2,21.14,80,1010.8,42,24.1,Lagos
2022-05-16,31.5,25.6,28.5,2.3,15.6,20.37,78,1011.0,63,24.1,Lagos
2022-05-17,31.9,26.2,28.0,0.5,13.0,19.52,82,1010.4,94,24.5,Lagos
2022-05-18,30.8,26.4,28.1,1.1,21.1,20.58,78,1009.3,67,23.8,Lagos
2022-05-19,29.2,25.4,26.9,13.7,18.3,17.45,84,1010.2,95,23.9,Lagos
2022-05-20,29.8,25.1,27.3,1.0,18.7,18.85,83,1011.1,99,24.2,Lagos
2022-05-21,27.5,24.4,26.0,25.6,12.7,6.9,88,1012.3,100,23.8,Lagos
2022-05-22,29.5,24.7,26.0,16.3,14.2,9.87,88,1012.6,100,23.8,Lagos
2022-05-23,30.0,24.1,26.3,3.9,20.0,16.97,85,1011.6,90,23.5,Lagos
2022-05-24,28.8,24.2,26.7,0.1,14.6,19.12,80,1012.1,73,22.9,Lagos
2022-05-25,28.9,24.5,26.6,2.1,17.3,18.82,82,1013.8,87,23.3,Lagos
2022-05-26,28.5,24.2,26.0,8.9,16.5,15.44,85,1014.5,85,23.3,Lagos
2022-05-27,28.8,23.6,26.0,2.4,17.6,19.48,87,1013.6,82,23.5,Lagos
2022-05-28,29.8,24.5,27.0,2.1,16.5,21.47,83,1011.6,66,23.9,Lagos
2022-05-29,30.0,25.8,27.6,1.3,18.0,21.78,80,1010.7,25,23.7,Lagos
2022-05-30,29.6,25.0,27.1,2.3,18.1,20.27,82,1010.5,70,23.6,Lagos
2022-05-31,28.7,25.4,26.9,1.4,17.0,17.26,82,1010.6,98,23.6,Lagos
2022-06-01,30.1,24.9,27.2,0.2,13.3,16.14,83,1009.6,88,23.9,Lagos
2022-06-02,30.8,25.1,27.8,1.1,19.6,21.99,80,1008.1,47,24.0,Lagos
2022-06-03,28.3,24.6,26.3,7.3,18.4,9.52,87,1008.8,87,23.9,Lagos
2022-06-04,29.3,24.5,26.4,25.6,17.7,18.97,84,1010.0,95,23.4,Lagos
2022-06-05,28.3,23.8,25.5,17.4,22.4,7.61,88,1010.6,100,23.3,Lagos
2022-06-06,28.7,23.4,25.8,8.1,12.4,18.64,88,1011.4,89,23.5,Lagos
2022-06-07,30.5,23.6,26.6,3.6,13.4,20.97,84,1011.4,88,23.6,Lagos
2022-06-08,29.7,24.6,26.7,4.6,16.8,15.01,85,1011.1,99,23.9,Lagos
2022-06-09,29.6,25.8,27.2,2.4,19.7,19.85,82,1009.8,81,23.8,Lagos
2022-06-10,28.7,24.4,26.4,6.0,17.9,15.97,85,1010.3,97,23.6,Lagos
2022-06-11,26.4,22.9,24.8,8.7,14.8,11.63,90,1011.8,100,23.0,Lagos
2022-06-12,29.4,23.7,26.3,1.5,12.6,21.06,84,1012.1,98,23.2,Lagos
2022-06-13,29.8,24.2,26.7,3.5,17.8,19.35,82,1011.1,91,23.3,Lagos
2022-06-14,28.7,23.4,25.8,19.9,18.4,17.31,87,1010.3,91,23.4,Lagos
2022-06-15,27.5,23.7,25.2,31.9,16.3,12.88,88,1010.8,99,23.1,Lagos
2022-06-16,25.4,22.7,24.0,44.8,17.7,5.56,92,1011.3,100,22.6,Lagos
2022-06-17,27.1,23.2,24.7,5.5,12.8,8.41,89,1011.6,96,22.8,Lagos
2022-06-18,26.6,23.4,24.6,4.9,12.2,13.06,88,1012.5,98,22.5,Lagos
2022-06-19,28.0,22.5,25.1,0.7,10.9,17.3,86,1012.5,98,22.5,Lagos
2022-06-20,28.6,23.7,26.3,5.1,15.9,21.12,83,1012.2,70,23.1,Lagos
2022-06-21,27.9,23.8,25.5,7.1,21.0,17.81,85,1012.0,78,22.7,Lagos
2022-06-22,26.4,22.7,24.6,2.4,16.9,11.7,88,1011.8,100,22.5,Lagos
2022-06-23,28.5,23.2,25.9,2.2,14.1,19.74,85,1011.4,95,23.1,Lagos
2022-06-24,27.0,24.6,25.5,4.6,13.5,14.48,85,1011.1,86,22.7,Lagos
2022-06-25,28.3,23.2,25.7,0.2,15.8,16.77,83,1011.1,92,22.4,Lagos
2022-06-26,27.1,23.8,25.3,11.6,12.8,12.28,88,1011.9,100,23.0,Lagos
2022-06-27,28.4,23.5,25.6,3.4,14.2,17.08,87,1012.0,96,23.3,Lagos
2022-06-28,28.1,24.0,26.0,5.7,13.5,16.58,86,1012.0,97,23.5,Lagos
2022-06-29,27.9,24.3,25.6,6.6,18.9,12.33,87,1012.2,95,23.3,Lagos
2022-06-30,26.2,23.4,24.9,28.5,21.8,12.46,88,1011.7,100,22.7,Lagos
2022-07-01,27.6,23.5,25.1,10.1,17.8,14.0,86,1012.0,95,22.6,Lagos
2022-07-02,27.7,23.7,25.5,0.4,15.6,13.63,83,1013.7,100,22.2,Lagos
2022-07-03,28.9,22.9,25.7,1.0,20.5,21.16,82,1013.7,69,22.2,Lagos
2022-07-04,28.1,24.3,25.7,7.7,24.4,17.37,85,1013.1,95,23.0,Lagos
2022-07-05,26.8,22.9,24.8,21.8,17.1,12.59,88,1013.3,99,22.6,Lagos
2022-07-06,28.1,22.8,25.4,5.2,14.5,19.74,88,1012.9,66,23.3,Lagos
2022-07-07,28.5,23.9,25.9,1.5,17.8,18.99,86,1012.8,61,23.4,Lagos
2022-07-08,25.6,23.3,24.6,27.5,17.4,9.34,90,1013.6,99,22.8,Lagos
2022-07-09,26.5,23.6,24.5,9.9,16.8,9.42,90,1013.9,96,22.8,Lagos
2022-07-10,28.0,23.4,25.4,2.8,19.9,18.48,86,1012.4,78,22.7,Lagos
2022-07-11,26.6,24.1,25.2,4.0,19.9,14.52,84,1011.5,89,22.3,Lagos
2022-07-12,25.8,24.2,24.8,5.7,14.8,8.78,88,1013.2,85,22.6,Lagos
2022-07-13,27.0,23.7,25.2,0.6,21.8,15.12,85,1013.4,91,22.5,Lagos
2022-07-14,28.0,23.9,25.6,1.5,20.6,15.96,83,1012.0,89,22.5,Lagos
2022-07-15,27.9,24.2,25.8,2.1,19.3,17.59,83,1011.2,64,22.7,Lagos
2022-07-16,27.2,24.3,25.5,3.3,21.4,15.21,83,1011.7,92,22.4,Lagos
2022-07-17,27.4,23.9,25.5,2.2,18.7,19.64,82,1013.0,80,22.2,Lagos
2022-07-18,27.5,22.8,25.0,1.9,21.9,22.48,84,1013.2,48,22.1,Lagos
2022-07-19,27.6,23.4,25.2,0.4,20.2,23.16,81,1012.6,30,21.6,Lagos
2022-07-20,27.4,23.6,25.2,2.2,19.8,21.28,79,1011.8,41,21.1,Lagos
2022-07-21,27.4,23.2,25.3,2.3,20.4,20.24,79,1011.8,64,21.3,Lagos
2022-07-22,27.9,23.8,25.6,1.3,18.6,16.91,80,1011.4,80,21.8,Lagos
2022-07-23,27.7,23.7,25.4,1.7,18.4,17.14,83,1011.8,99,22.2,Lagos
2022-07-24,27.6,23.6,25.3,1.8,17.3,18.4,84,1012.2,72,22.3,Lagos
2022-07-25,27.8,24.0,25.3,2.5,19.9,18.54,84,1012.1,96,22.5,Lagos
2022-07-26,26.5,23.1,24.8,17.5,21.1,8.95,87,1011.7,99,22.5,Lagos
2022-07-27,27.2,24.3,25.5,2.2,22.9,18.15,86,1011.3,92,22.9,Lagos
2022-07-28,27.5,24.3,25.5,1.6,25.0,13.31,84,1011.7,99,22.7,Lagos
2022-07-29,27.5,24.2,25.3,1.0,25.4,14.04,83,1012.9,91,22.1,Lagos
2022-07-30,28.1,23.6,25.4,0.5,22.3,18.93,82,1013.2,86,22.0,Lagos
2022-07-31,27.3,24.1,25.3,1.6,27.5,16.8,81,1012.7,91,21.7,Lagos
2022-08-01,26.6,23.5,24.6,4.4,24.6,17.29,83,1013.0,69,21.6,Lagos
2022-08-02,26.4,22.2,24.1,0.7,18.1,14.04,83,1013.3,97,20.9,Lagos
2022-08-03,27.3,22.4,24.6,1.2,19.4,22.53,83,1012.1,42,21.4,Lagos
2022-08-04,27.4,22.9,24.7,0.4,21.7,21.11,82,1012.0,76,21.2,Lagos
2022-08-05,27.8,22.6,24.7,0.6,17.9,20.82,82,1012.8,77,21.2,Lagos
2022-08-06,27.7,22.1,24.6,0.4,18.0,20.44,83,1012.7,53,21.4,Lagos
2022-08-07,28.0,22.8,24.9,0.8,20.0,18.77,83,1011.4,64,21.6,Lagos
2022-08-08,28.1,23.6,25.3,0.6,22.4,17.98,79,1011.6,92,21.2,Lagos
2022-08-09,28.0,23.8,25.4,1.2,20.0,16.31,81,1012.0,97,21.7,Lagos
2022-08-10,28.7,23.6,25.4,0.4,21.0,15.78,80,1012.1,100,21.7,Lagos
2022-08-11,29.5,23.6,25.6,7.1,23.2,16.86,81,1011.9,100,21.9,Lagos
2022-08-12,28.2,23.5,25.0,1.2,21.4,12.6,84,1012.0,99,22.1,Lagos
2022-08-13,28.1,23.6,25.3,0.8,26.3,16.78,83,1012.3,99,22.1,Lagos
2022-08-14,26.8,24.0,24.7,1.9,28.4,10.27,85,1010.8,99,22.0,Lagos
2022-08-15,26.3,23.8,24.6,5.7,29.3,15.82,85,1010.6,97,22.0,Lagos
2022-08-16,25.8,23.1,24.2,3.3,20.3,19.09,86,1012.2,97,21.8,Lagos
2022-08-17,27.2,22.3,24.2,0.5,16.0,18.46,86,1012.2,76,21.7,Lagos
2022-08-18,27.1,22.8,24.7,1.0,19.1,17.46,87,1011.6,90,22.2,Lagos
2022-08-19,26.3,23.7,24.6,11.4,22.4,12.37,86,1011.8,95,22.1,Lagos
2022-08-20,26.6,23.2,24.5,3.0,21.4,20.61,84,1013.4,76,21.7,Lagos
2022-08-21,27.6,21.8,24.5,0.6,18.0,19.75,85,1012.4,62,21.8,Lagos
2022-08-22,26.4,23.2,24.7,2.3,25.5,13.67,86,1010.4,93,22.2,Lagos
2022-08-23,25.8,24.1,24.6,14.0,25.0,9.85,86,1011.1,88,22.0,Lagos
2022-08-24,26.7,23.1,24.6,1.6,15.9,21.82,85,1013.8,72,21.9,Lagos
2022-08-25,27.4,22.5,24.6,1.4,17.1,16.59,86,1013.0,97,22.0,Lagos
2022-08-26,26.1,23.4,24.3,10.4,20.1,10.08,88,1011.3,100,22.2,Lagos
2022-08-27,26.7,23.4,24.5,5.1,28.6,15.57,85,1010.3,82,21.9,Lagos
2022-08-28,27.0,23.1,24.8,2.3,18.0,20.58,84,1011.8,63,21.8,Lagos
2022-08-29,27.7,22.5,24.8,2.3,17.4,19.86,85,1012.0,64,22.0,Lagos
2022-08-30,26.0,23.8,24.6,11.6,20.4,9.36,89,1010.7,99,22.5,Lagos
2022-08-31,27.0,23.7,25.0,4.7,22.4,18.27,86,1011.3,98,22.6,Lagos
2022-09-01,27.0,23.7,25.1,1.4,17.6,17.25,86,1012.4,95,22.5,Lagos
2022-09-02,27.8,23.7,25.3,2.2,15.0,16.86,86,1013.5,93,22.6,Lagos
2022-09-03,27.5,23.7,25.2,1.1,18.6,15.87,87,1013.4,78,23.0,Lagos
2022-09-04,27.2,23.7,25.1,7.4,20.6,15.94,85,1013.7,82,22.4,Lagos
2022-09-05,27.7,23.9,25.5,2.4,18.4,21.51,83,1013.7,65,22.4,Lagos
2022-09-06,27.6,23.6,25.4,0.6,18.2,20.78,83,1013.1,52,22.3,Lagos
2022-09-07,28.3,23.9,25.7,1.4,18.6,20.2,83,1011.9,59,22.5,Lagos
2022-09-08,26.9,24.0,25.3,3.0,20.2,15.61,84,1011.3,76,22.5,Lagos
2022-09-09,27.6,24.1,25.6,1.8,20.1,20.25,84,1012.0,75,22.6,Lagos
2022-09-10,28.4,24.4,25.8,1.1,19.4,18.36,82,1013.2,79,22.5,Lagos
2022-09-11,27.9,24.4,25.5,3.8,21.3,12.47,86,1012.5,98,22.9,Lagos
2022-09-12,25.5,23.2,24.4,12.6,18.4,10.58,89,1011.7,98,22.5,Lagos
2022-09-13,27.0,23.7,25.0,1.8,14.8,13.97,86,1011.5,96,22.5,Lagos
2022-09-14,27.7,23.1,25.3,1.2,16.6,21.56,85,1010.8,66,22.5,Lagos
2022-09-15,27.5,24.4,25.6,5.6,20.4,16.55,85,1011.8,99,22.9,Lagos
2022-09-16,27.6,23.7,25.5,3.9,19.8,19.41,84,1012.4,88,22.5,Lagos
2022-09-17,27.8,23.5,25.4,1.5,18.3,16.33,85,1011.1,86,22.7,Lagos
2022-09-18,27.4,23.7,25.4,4.6,19.4,17.49,84,1010.8,86,22.5,Lagos
2022-09-19,26.1,22.9,24.6,27.6,28.3,8.83,88,1010.8,100,22.5,Lagos
2022-09-20,27.5,23.9,25.4,2.3,17.8,20.3,84,1011.2,83,22.4,Lagos
2022-09-21,27.3,23.5,25.2,10.5,10.4,15.35,88,1011.3,97,23.0,Lagos
2022-09-22,27.8,22.7,25.2,6.4,14.9,17.88,87,1010.9,96,22.9,Lagos
2022-09-23,28.3,23.4,25.7,0.4,15.4,20.44,86,1011.0,93,23.1,Lagos
2022-09-24,28.4,23.3,25.7,7.7,15.6,20.07,87,1010.9,83,23.3,Lagos
2022-09-25,28.0,24.0,25.7,5.5,18.0,17.62,87,1010.2,96,23.3,Lagos
2022-09-26,26.4,23.8,25.0,14.1,18.9,8.27,88,1011.0,100,22.8,Lagos
2022-09-27,27.4,23.5,25.1,7.4,15.8,12.74,87,1011.8,100,22.7,Lagos
2022-09-28,26.2,23.4,24.6,12.9,17.4,8.06,90,1012.1,100,22.9,Lagos
2022-09-29,27.3,22.8,24.9,1.7,14.9,16.2,88,1011.3,94,22.7,Lagos
2022-09-30,27.3,23.2,25.0,6.7,16.6,16.35,87,1010.5,97,22.7,Lagos
2022-10-01,27.9,23.6,25.5,1.9,16.0,21.14,85,1012.0,81,22.8,Lagos
2022-10-02,28.3,23.2,25.1,1.0,19.1,17.44,88,1013.1,89,22.9,Lagos
2022-10-03,28.6,22.5,25.4,0.0,17.7,18.39,86,1011.6,76,22.8,Lagos
2022-10-04,28.2,24.5,26.0,1.5,18.7,20.51,86,1010.2,60,23.4,Lagos
2022-10-05,28.5,23.7,25.8,0.6,18.2,20.77,86,1010.5,76,23.2,Lagos
2022-10-06,27.4,23.9,25.5,6.7,19.5,17.85,87,1010.9,80,23.1,Lagos
2022-10-07,26.3,23.6,24.9,4.7,14.0,8.66,88,1011.5,100,22.8,Lagos
2022-10-08,28.6,23.2,25.4,0.3,16.4,16.62,86,1011.0,89,22.9,Lagos
2022-10-09,27.4,23.5,24.8,28.4,12.0,6.74,90,1011.5,99,23.0,Lagos
2022-10-10,28.9,23.3,25.4,7.8,13.0,18.91,88,1012.4,85,23.2,Lagos
2022-10-11,29.0,23.6,25.9,1.3,14.7,21.09,87,1011.6,78,23.4,Lagos
2022-10-12,28.7,23.4,25.6,5.3,11.2,16.87,89,1010.3,86,23.5,Lagos
2022-10-13,27.9,24.6,25.6,17.6,14.2,11.65,87,1010.4,84,23.3,Lagos
2022-10-14,29.3,23.6,26.1,1.5,14.8,20.11,85,1011.1,93,23.3,Lagos
2022-10-15,28.5,23.0,25.0,16.5,10.1,11.28,90,1011.2,98,23.2,Lagos
2022-10-16,29.2,24.1,25.6,0.8,13.9,17.97,88,1010.9,91,23.3,Lagos
2022-10-17,28.4,24.5,26.4,1.3,12.1,19.85,87,1011.4,72,24.0,Lagos
2022-10-18,29.2,24.9,26.5,6.8,13.5,17.2,87,1011.8,67,24.1,Lagos
2022-10-19,29.4,24.3,26.3,2.0,18.8,19.2,86,1011.1,43,23.7,Lagos
2022-10-20,28.6,24.4,26.4,1.1,13.0,16.21,86,1010.1,73,23.7,Lagos
2022-10-21,28.7,24.5,26.4,0.7,13.7,19.4,85,1010.5,60,23.8,Lagos
2022-10-22,29.5,23.5,26.3,1.0,11.9,20.72,86,1010.7,52,23.8,Lagos
2022-10-23,29.8,23.7,26.6,3.8,15.3,18.73,87,1011.5,79,24.1,Lagos
2022-10-24,29.8,24.5,26.8,4.9,14.5,20.15,87,1010.7,66,24.4,Lagos
2022-10-25,27.1,24.5,26.0,8.6,12.7,11.62,87,1010.5,100,23.7,Lagos
2022-10-26,29.5,24.6,26.9,0.2,13.1,19.97,84,1010.0,73,23.9,Lagos
2022-10-27,29.4,24.5,26.9,1.1,12.6,21.88,87,1010.4,46,24.5,Lagos
2022-10-28,30.1,24.1,27.1,2.4,14.7,20.22,84,1010.3,85,24.1,Lagos
2022-10-29,30.4,24.6,26.9,0.3,14.0,16.26,84,1009.9,55,23.9,Lagos
2022-10-30,29.3,24.8,26.8,1.2,13.7,18.32,86,1009.0,38,24.2,Lagos
2022-10-31,29.2,24.5,26.8,0.8,10.8,18.59,86,1009.5,39,24.2,Lagos
2022-11-01,30.2,24.7,26.9,5.0,16.6,18.78,87,1010.5,50,24.4,Lagos
2022-11-02,31.2,24.8,27.6,0.8,18.6,20.55,83,1010.2,60,24.3,Lagos
2022-11-03,29.8,25.5,27.3,1.0,15.8,20.43,85,1010.4,77,24.4,Lagos
2022-11-04,29.9,24.2,26.9,2.9,14.8,18.11,84,1010.3,96,23.9,Lagos
2022-11-05,30.4,24.8,27.1,0.3,15.5,19.98,86,1010.2,73,24.4,Lagos
2022-11-06,30.7,25.0,27.4,3.3,15.6,20.17,83,1010.8,66,24.1,Lagos
2022-11-07,30.9,24.4,27.4,1.1,15.3,20.47,82,1010.8,63,24.0,Lagos
2022-11-08,31.3,24.3,27.6,0.7,17.2,20.28,82,1010.3,73,24.0,Lagos
2022-11-09,29.2,24.8,27.2,2.0,16.8,18.06,85,1010.8,62,24.3,Lagos
2022-11-10,29.8,25.2,27.2,0.7,19.6,18.14,83,1009.9,91,23.9,Lagos
2022-11-11,29.2,24.5,27.0,4.0,17.2,16.27,82,1010.5,100,23.6,Lagos
2022-11-12,30.2,24.8,26.8,2.0,15.5,18.14,83,1011.0,61,23.7,Lagos
2022-11-13,29.5,25.1,27.1,1.3,14.9,18.81,82,1011.3,90,23.7,Lagos
2022-11-14,30.0,24.2,27.0,2.2,14.7,18.86,84,1011.2,65,23.9,Lagos
2022-11-15,30.5,24.8,27.0,2.1,18.6,19.59,85,1010.9,75,24.1,Lagos
2022-11-16,32.5,24.3,27.7,0.0,19.0,21.12,79,1010.2,41,23.3,Lagos
2022-11-17,30.8,25.1,27.4,2.3,16.6,15.86,81,1009.7,97,23.7,Lagos
2022-11-18,29.9,24.6,26.9,1.6,14.1,19.83,83,1009.4,47,23.8,Lagos
2022-11-19,29.6,24.6,26.8,2.1,15.0,17.68,84,1010.2,50,23.8,Lagos
2022-11-20,31.3,24.7,27.6,1.0,15.9,17.11,80,1010.0,85,23.7,Lagos
2022-11-21,31.1,25.2,27.5,0.1,16.4,18.75,81,1010.1,79,23.8,Lagos
2022-11-22,29.9,24.7,27.1,1.3,14.2,19.54,83,1009.6,30,23.8,Lagos
2022-11-23,30.5,23.7,27.2,1.9,14.1,19.44,81,1009.0,33,23.5,Lagos
2022-11-24,31.0,24.0,27.3,0.1,14.0,20.11,80,1008.5,44,23.4,Lagos
2022-11-25,32.9,24.0,27.7,0.0,17.3,20.57,79,1008.8,21,23.4,Lagos
2022-11-26,31.6,24.9,28.0,0.0,17.9,19.43,78,1009.3,36,23.5,Lagos
2022-11-27,31.3,25.3,28.1,0.5,17.2,18.71,76,1007.9,35,23.4,Lagos
2022-11-28,31.0,24.6,27.1,1.9,19.4,17.48,81,1007.2,64,23.5,Lagos
2022-11-29,29.9,24.5,26.8,0.7,13.8,13.66,80,1007.0,92,23.0,Lagos
2022-11-30,30.4,24.0,27.1,0.4,13.1,18.62,81,1007.1,40,23.4,Lagos
2022-12-01,29.5,24.2,26.9,0.2,17.7,17.06,82,1008.0,86,23.5,Lagos
2022-12-02,31.0,23.8,26.9,6.6,14.5,17.34,84,1007.7,98,23.8,Lagos
2022-12-03,31.7,25.8,28.0,0.5,17.4,17.48,79,1007.0,65,23.9,Lagos
2022-12-04,31.0,24.6,27.8,0.2,16.2,18.44,80,1007.9,30,23.9,Lagos
2022-12-05,31.4,25.7,28.2,0.8,15.9,17.59,81,1009.2,91,24.4,Lagos
2022-12-06,31.6,24.6,27.6,0.3,18.9,17.34,83,1009.3,94,24.1,Lagos
2022-12-07,30.9,24.9,27.0,0.6,19.8,17.26,83,1009.4,70,23.8,Lagos
2022-12-08,30.8,24.2,26.9,1.5,15.9,16.79,84,1009.6,24,23.9,Lagos
2022-12-09,31.5,24.4,27.7,0.0,12.6,18.5,79,1010.1,32,23.4,Lagos
2022-12-10,32.2,23.6,27.3,0.0,15.3,19.25,80,1009.8,44,23.2,Lagos
2022-12-11,33.0,23.9,27.7,0.0,18.0,19.5,78,1009.2,44,23.1,Lagos
2022-12-12,31.8,24.2,27.8,0.1,15.8,18.18,78,1009.3,61,23.3,Lagos
2022-12-13,31.9,24.4,27.8,0.4,17.1,17.89,78,1009.6,52,23.4,Lagos
2022-12-14,31.8,24.1,27.8,0.1,19.2,18.82,78,1009.2,38,23.3,Lagos
2022-12-15,29.8,24.5,27.1,1.1,16.1,16.71,84,1008.8,76,24.1,Lagos
2022-12-16,31.1,24.3,27.5,0.2,16.6,16.87,80,1007.8,81,23.5,Lagos
2022-12-17,30.6,24.8,27.6,1.3,15.6,16.37,78,1008.1,54,23.3,Lagos
2022-12-18,30.4,24.6,27.4,0.3,13.8,15.99,81,1009.4,63,23.7,Lagos
2022-12-19,33.2,22.7,27.3,0.0,13.8,19.58,66,1008.6,37,19.1,Lagos
2022-12-20,31.6,22.3,26.8,0.0,15.8,19.17,76,1008.5,21,22.0,Lagos
2022-12-21,32.0,23.6,27.4,0.0,16.6,19.02,77,1009.1,66,22.7,Lagos
2022-12-22,31.8,23.7,27.2,0.9,14.9,16.83,78,1010.6,82,22.8,Lagos
2022-12-23,31.0,22.2,26.8,0.0,15.5,19.84,61,1010.7,37,17.3,Lagos
2022-12-24,31.2,21.9,26.6,0.0,15.0,19.62,51,1010.7,86,14.2,Lagos
2022-12-25,30.6,21.6,26.1,0.0,15.5,19.86,48,1011.0,9,13.7,Lagos
2022-12-26,31.4,21.1,26.6,0.0,13.8,19.76,51,1011.1,1,14.5,Lagos
2022-12-27,31.5,21.9,26.8,0.0,13.0,19.58,54,1010.9,0,15.9,Lagos
2022-12-28,32.2,21.6,26.7,0.0,12.2,19.85,56,1010.5,8,15.8,Lagos
2022-12-29,31.6,20.9,26.2,0.0,15.5,19.78,66,1010.3,53,18.7,Lagos
2022-12-30,31.7,21.9,26.4,0.0,15.0,19.85,67,1010.6,35,18.3,Lagos
2022-12-31,32.6,21.2,26.3,0.0,17.6,19.84,51,1010.6,37,13.4,Lagos
2023-01-01,31.2,20.1,25.9,0.0,12.1,19.87,49,1009.8,4,13.0,Lagos
2023-01-02,31.5,20.7,26.1,0.0,17.3,19.61,47,1009.8,65,12.5,Lagos
2023-01-03,32.4,21.3,26.5,0.0,15.9,19.38,48,1009.9,43,13.5,Lagos
2023-01-04,32.3,20.7,26.5,0.0,15.5,19.26,53,1010.1,76,15.1,Lagos
2023-01-05,32.1,21.7,26.5,0.0,17.7,18.81,69,1010.5,90,19.8,Lagos
2023-01-06,32.5,23.3,27.2,0.0,18.3,17.85,78,1011.1,74,22.6,Lagos
2023-01-07,31.8,23.1,27.0,0.0,17.7,18.81,80,1010.7,55,22.9,Lagos
2023-01-08,32.1,24.5,27.4,0.0,18.0,18.41,82,1010.5,70,23.8,Lagos
2023-01-09,32.9,23.4,27.1,0.0,16.9,18.86,80,1010.9,66,22.7,Lagos
2023-01-10,33.3,23.7,27.1,0.0,17.0,19.25,78,1011.9,32,22.3,Lagos
2023-01-11,33.0,22.9,26.8,0.0,17.8,19.0,78,1011.7,33,21.8,Lagos
2023-01-12,33.2,23.4,27.2,0.0,18.8,18.68,77,1010.0,63,22.2,Lagos
2023-01-13,31.7,23.2,26.6,0.0,17.3,18.35,80,1009.3,51,22.2,Lagos
2023-01-14,31.2,22.9,26.8,0.0,15.9,18.46,80,1009.5,48,22.7,Lagos
2023-01-15,31.3,23.6,27.4,0.1,14.2,17.55,79,1009.7,62,23.1,Lagos
2023-01-16,32.9,23.4,27.6,0.0,16.6,19.11,74,1009.1,64,21.8,Lagos
2023-01-17,32.8,23.2,27.2,0.0,17.7,18.5,76,1009.3,48,22.0,Lagos
2023-01-18,32.9,23.8,27.5,0.0,18.8,19.0,78,1009.5,62,23.0,Lagos
2023-01-19,32.7,23.8,27.7,0.0,18.1,18.71,78,1009.9,58,23.2,Lagos
2023-01-20,31.9,24.4,27.9,0.4,17.6,17.9,78,1009.5,82,23.4,Lagos
2023-01-21,31.8,25.1,27.6,0.8,15.8,17.15,81,1009.2,75,23.9,Lagos
2023-01-22,29.7,25.4,26.9,1.2,17.3,13.92,86,1008.7,91,24.2,Lagos
2023-01-23,30.2,26.0,27.6,0.8,16.2,14.82,83,1008.7,84,24.3,Lagos
2023-01-24,30.3,25.1,27.1,1.7,17.6,16.51,86,1008.6,23,24.5,Lagos
2023-01-25,30.9,24.1,27.4,0.4,17.2,18.03,84,1007.8,14,24.3,Lagos
2023-01-26,30.6,25.9,27.9,0.8,22.1,17.16,83,1007.6,41,24.8,Lagos
2023-01-27,30.3,25.9,27.8,1.1,20.0,16.45,83,1008.0,70,24.6,Lagos
2023-01-28,30.6,25.3,27.4,7.2,19.1,13.46,83,1008.7,99,24.2,Lagos
2023-01-29,30.1,25.8,27.3,1.7,16.1,17.81,84,1008.7,89,24.3,Lagos
2023-01-30,29.9,24.9,27.0,0.4,18.9,15.28,87,1009.0,93,24.6,Lagos
2023-01-31,30.3,24.9,27.2,0.7,17.8,17.64,84,1009.9,82,24.2,Lagos
2023-02-01,30.2,24.2,26.9,0.0,16.3,19.12,85,1009.6,23,24.0,Lagos
2023-02-02,30.8,25.1,27.8,0.4,17.1,18.34,80,1009.9,39,24.0,Lagos
2023-02-03,30.9,25.0,27.9,0.5,16.4,17.98,83,1009.9,46,24.6,Lagos
2023-02-04,31.6,25.5,28.1,1.2,18.6,17.83,82,1009.5,74,24.7,Lagos
2023-02-05,31.4,25.8,28.3,0.6,20.1,18.3,82,1009.5,86,24.7,Lagos
2023-02-06,31.6,25.4,28.0,1.1,25.1,17.33,81,1009.3,81,24.2,Lagos
2023-02-07,31.1,26.3,28.2,0.8,16.8,15.84,78,1009.1,88,23.8,Lagos
2023-02-08,31.7,25.5,28.1,1.7,16.6,18.3,78,1009.4,96,23.8,Lagos
2023-02-09,31.7,25.4,28.1,0.8,18.4,18.68,81,1009.1,68,24.3,Lagos
2023-02-10,31.8,25.2,28.3,0.3,17.0,19.09,79,1009.1,27,24.2,Lagos
2023-02-11,32.1,25.3,28.4,0.6,17.9,19.48,80,1008.6,16,24.4,Lagos
2023-02-12,31.8,25.6,28.1,0.3,18.8,18.32,83,1008.2,26,24.7,Lagos
2023-02-13,33.3,25.2,28.3,0.0,19.1,20.68,80,1008.6,45,24.1,Lagos
2023-02-14,32.4,25.0,28.2,0.0,17.0,20.36,80,1008.6,16,24.0,Lagos
2023-02-15,34.6,24.4,28.5,0.0,18.4,22.0,71,1007.6,43,21.7,Lagos
2023-02-16,34.7,23.8,28.8,0.0,14.6,22.31,58,1007.1,54,17.0,Lagos
2023-02-17,34.3,23.1,28.4,0.0,16.6,22.37,47,1007.5,46,14.1,Lagos
2023-02-18,33.6,23.6,28.6,0.0,15.6,22.51,41,1007.5,9,12.4,Lagos
2023-02-19,32.5,22.0,27.4,0.0,16.9,22.2,59,1008.1,1,18.1,Lagos
2023-02-20,33.3,23.2,27.7,0.0,20.1,21.45,79,1008.0,22,23.2,Lagos
2023-02-21,33.5,24.8,28.2,0.0,20.3,21.59,80,1008.0,42,23.9,Lagos
2023-02-22,33.5,25.7,28.8,0.4,19.7,20.01,78,1008.9,59,24.3,Lagos
2023-02-23,33.2,26.2,29.1,0.5,21.6,19.88,77,1008.9,69,24.5,Lagos
2023-02-24,32.0,26.3,28.8,3.3,20.2,18.68,79,1008.7,77,24.7,Lagos
2023-02-25,31.6,26.2,28.3,0.3,18.1,19.77,79,1009.4,79,24.1,Lagos
2023-02-26,32.8,25.7,28.7,0.0,19.2,19.61,75,1009.9,54,23.6,Lagos
2023-02-27,32.8,25.8,28.9,0.2,19.6,19.74,76,1010.8,88,24.0,Lagos
2023-02-28,33.3,25.0,28.8,0.1,21.1,19.96,75,1011.4,75,23.7,Lagos
2023-03-01,32.9,26.4,29.0,0.0,18.4,20.15,74,1010.6,64,23.8,Lagos
2023-03-02,32.4,27.3,29.4,0.4,18.7,18.98,75,1009.4,87,24.2,Lagos
2023-03-03,31.8,25.9,28.3,7.3,19.1,17.2,80,1009.3,88,24.3,Lagos
2023-03-04,31.3,25.8,28.0,5.0,19.1,18.14,79,1009.7,73,24.0,Lagos
2023-03-05,32.5,25.4,28.7,0.0,20.7,19.59,75,1008.6,68,23.5,Lagos
2023-03-06,32.0,26.0,28.5,5.4,24.6,17.65,78,1008.0,87,24.2,Lagos
2023-03-07,32.0,25.5,28.4,0.4,17.1,16.4,79,1007.6,97,24.1,Lagos
2023-03-08,32.5,27.1,29.2,0.1,18.2,20.64,73,1008.1,44,23.6,Lagos
2023-03-09,31.2,25.7,28.4,5.2,20.7,17.3,78,1009.0,69,24.0,Lagos
2023-03-10,31.9,25.8,28.5,0.0,15.5,14.37,76,1008.6,98,23.7,Lagos
2023-03-11,32.2,25.9,28.8,0.1,16.6,18.96,76,1008.5,69,24.1,Lagos
2023-03-12,32.0,26.5,28.7,0.0,16.9,19.07,75,1008.5,83,23.7,Lagos
2023-03-13,31.7,25.4,28.5,0.2,17.8,16.5,76,1008.4,65,23.8,Lagos
2023-03-14,32.3,25.3,28.4,0.8,17.9,19.36,79,1007.6,27,24.1,Lagos
2023-03-15,32.2,26.6,28.5,2.7,18.8,18.86,79,1007.0,70,24.3,Lagos
2023-03-16,31.4,23.8,27.6,17.0,17.2,17.76,82,1007.3,92,24.2,Lagos
2023-03-17,31.6,25.0,28.3,0.5,19.8,20.26,81,1007.6,56,24.6,Lagos
2023-03-18,30.4,25.3,27.8,2.5,20.7,19.58,78,1008.7,79,23.4,Lagos
2023-03-19,30.9,23.3,27.1,13.2,14.4,17.12,80,1009.9,97,23.2,Lagos
2023-03-20,32.2,25.0,28.3,0.0,17.8,21.21,77,1009.4,60,23.5,Lagos
2023-03-21,32.9,26.3,28.8,1.7,20.2,20.0,73,1009.4,87,23.3,Lagos
2023-03-22,30.4,24.0,27.1,0.4,13.2,19.44,82,1009.9,77,23.5,Lagos
2023-03-23,31.9,24.6,28.0,2.5,15.0,20.53,77,1009.1,49,23.4,Lagos
2023-03-24,31.1,23.9,27.3,0.0,23.6,17.73,77,1009.2,99,22.7,Lagos
2023-03-25,31.2,25.5,28.6,0.0,16.2,17.76,74,1009.7,98,23.4,Lagos
2023-03-26,31.6,26.0,28.9,0.3,17.6,19.53,72,1009.9,85,23.3,Lagos
2023-03-27,31.6,25.0,28.1,0.0,13.4,17.76,75,1009.4,97,23.0,Lagos
2023-03-28,32.0,27.2,29.3,0.0,16.6,20.19,71,1008.8,75,23.3,Lagos
2023-03-29,32.5,26.2,29.3,0.1,18.3,20.36,73,1009.7,78,23.7,Lagos
2023-03-30,32.7,27.0,29.4,0.9,17.6,20.4,74,1009.8,83,24.1,Lagos
2023-03-31,31.7,24.0,27.8,8.7,14.7,11.55,80,1009.7,100,23.8,Lagos
2023-04-01,32.6,27.1,29.6,0.0,17.7,19.93,70,1009.4,80,23.4,Lagos
2023-04-02,32.8,26.5,29.5,0.7,16.8,21.39,72,1008.4,75,23.7,Lagos
2023-04-03,32.3,25.9,28.8,2.9,21.0,16.64,76,1007.2,68,24.1,Lagos
2023-04-04,32.0,24.6,28.2,12.9,17.1,17.16,77,1007.2,92,23.7,Lagos
2023-04-05,32.6,27.0,29.5,0.0,18.4,21.9,69,1007.5,74,23.0,Lagos
2023-04-06,33.2,26.5,29.3,0.9,23.1,19.74,72,1007.5,84,23.5,Lagos
2023-04-07,32.0,26.8,28.3,3.3,17.9,15.87,78,1008.0,97,23.9,Lagos
2023-04-08,32.0,26.3,28.8,4.4,20.0,19.01,76,1007.9,98,24.0,Lagos
2023-04-09,32.3,25.5,27.6,5.5,22.8,13.77,81,1009.2,99,23.9,Lagos
2023-04-10,31.0,26.6,28.4,0.0,15.7,21.6,79,1009.1,67,24.4,Lagos
2023-04-11,31.2,27.3,28.8,0.2,17.4,20.99,77,1008.7,78,24.4,Lagos
2023-04-12,31.5,27.3,28.8,0.6,18.1,19.58,78,1008.3,97,24.5,Lagos
2023-04-13,32.3,26.2,28.9,0.9,18.4,22.24,78,1008.0,65,24.5,Lagos
2023-04-14,32.3,26.4,29.1,0.9,19.5,21.63,78,1008.0,87,24.8,Lagos
2023-04-15,31.8,26.8,28.7,1.0,19.9,20.31,79,1009.3,83,24.6,Lagos
2023-04-16,32.6,24.7,28.2,3.1,17.6,20.26,81,1007.8,76,24.4,Lagos
2023-04-17,31.4,25.3,28.0,9.4,16.8,20.89,81,1007.2,91,24.2,Lagos
2023-04-18,32.1,25.5,28.9,0.1,13.5,21.65,77,1007.0,42,24.2,Lagos
2023-04-19,31.6,26.8,28.7,4.3,16.2,16.72,80,1008.2,95,24.9,Lagos
2023-04-20,32.9,25.4,28.1,0.7,20.9,17.58,81,1007.3,75,24.5,Lagos
2023-04-21,31.0,27.4,28.9,0.7,18.9,20.18,76,1006.9,98,24.2,Lagos
2023-04-22,31.7,26.8,28.8,2.8,21.7,19.89,78,1006.5,100,24.5,Lagos
2023-04-23,29.4,24.8,27.2,6.3,17.9,14.88,83,1008.3,99,24.0,Lagos
2023-04-24,31.1,24.9,27.8,1.3,12.2,18.58,83,1009.1,79,24.6,Lagos
2023-04-25,31.1,25.9,28.4,0.3,16.6,20.46,82,1008.7,91,25.0,Lagos
2023-04-26,30.5,25.6,27.9,0.8,18.1,11.98,82,1008.3,98,24.6,Lagos
2023-04-27,28.6,24.2,26.3,16.0,13.4,9.89,87,1010.0,100,24.0,Lagos
2023-04-28,30.2,24.9,27.4,0.8,12.9,13.63,82,1010.9,98,24.0,Lagos
2023-04-29,29.2,24.7,26.5,15.0,14.3,9.36,88,1011.4,93,24.3,Lagos
2023-04-30,29.8,24.5,26.8,0.7,14.0,16.55,85,1010.2,91,24.0,Lagos
2023-05-01,28.9,25.1,26.9,1.7,15.2,18.77,86,1009.7,85,24.2,Lagos
2023-05-02,30.3,24.6,27.5,1.1,14.3,20.6,82,1010.2,79,24.1,Lagos
2023-05-03,31.2,26.1,28.5,0.5,13.6,22.2,77,1011.2,65,24.0,Lagos
2023-05-04,31.1,25.4,27.7,0.9,15.0,20.86,82,1011.9,81,24.2,Lagos
2023-05-05,31.4,24.7,28.1,0.1,14.6,22.65,79,1011.2,60,23.9,Lagos
2023-05-06,32.2,26.1,28.6,0.2,21.5,20.49,74,1010.1,82,23.2,Lagos
2023-05-07,31.6,24.2,28.2,0.1,17.3,22.5,76,1009.7,41,23.4,Lagos
2023-05-08,32.0,26.3,28.5,1.3,14.6,13.92,77,1010.5,77,24.0,Lagos
2023-05-09,32.4,26.1,29.1,1.2,14.7,21.4,75,1009.3,78,24.1,Lagos
2023-05-10,33.0,27.6,29.8,0.7,20.3,22.69,74,1008.6,77,24.6,Lagos
2023-05-11,30.5,27.2,28.4,2.0,21.7,19.15,80,1009.3,86,24.6,Lagos
2023-05-12,30.3,26.5,28.0,1.3,12.0,18.95,84,1010.2,54,25.2,Lagos
2023-05-13,31.6,26.6,28.5,0.3,15.3,21.78,84,1010.6,77,25.6,Lagos
2023-05-14,31.8,26.4,27.9,4.0,12.5,15.94,85,1011.6,100,25.1,Lagos
2023-05-15,30.4,25.0,27.2,45.0,15.3,12.44,86,1011.5,87,24.5,Lagos
2023-05-16,30.7,26.0,28.3,2.9,16.3,20.62,81,1010.8,79,24.7,Lagos
2023-05-17,31.0,25.7,28.2,3.0,20.4,20.41,82,1010.4,95,24.8,Lagos
2023-05-18,30.0,25.5,27.7,3.3,15.1,14.94,82,1010.9,81,24.3,Lagos
2023-05-19,31.2,25.5,27.6,3.7,19.1,17.4,83,1010.7,92,24.5,Lagos
2023-05-20,29.9,26.3,27.8,2.8,17.7,18.44,81,1010.6,92,24.2,Lagos
2023-05-21,30.0,24.5,27.3,8.8,18.2,16.27,82,1010.9,98,23.8,Lagos
2023-05-22,28.7,25.9,27.2,1.6,14.1,14.85,84,1010.9,94,24.3,Lagos
2023-05-23,30.4,25.9,27.7,1.9,16.5,18.99,84,1009.9,98,24.7,Lagos
2023-05-24,30.5,25.9,27.8,1.4,13.3,19.6,85,1009.5,100,25.1,Lagos
2023-05-25,31.0,25.6,28.2,0.7,17.5,22.09,81,1009.4,82,24.6,Lagos
2023-05-26,30.8,25.8,28.0,0.0,19.9,20.92,83,1009.4,68,24.8,Lagos
2023-05-27,29.2,25.8,27.2,1.1,18.3,11.07,85,1009.8,100,24.4,Lagos
2023-05-28,30.7,25.0,27.4,2.9,18.9,20.36,83,1010.4,100,24.1,Lagos
2023-05-29,28.6,25.8,26.7,2.2,17.3,13.26,84,1010.9,99,23.7,Lagos
2023-05-30,30.3,24.0,27.6,0.8,15.1,22.01,80,1011.6,60,23.7,Lagos
2023-05-31,30.7,26.1,28.0,2.8,20.1,19.78,82,1011.0,77,24.6,Lagos
2023-06-01,29.9,24.8,27.4,3.0,17.1,19.39,84,1010.5,99,24.3,Lagos
2023-06-02,28.1,24.4,26.4,6.1,19.7,16.03,85,1011.0,100,23.7,Lagos
2023-06-03,28.2,24.7,26.5,3.3,14.1,15.12,85,1011.9,100,23.7,Lagos
2023-06-04,29.7,24.4,26.9,1.3,15.7,20.04,85,1011.8,98,24.1,Lagos
2023-06-05,30.1,25.7,27.4,1.0,21.3,19.48,83,1011.6,99,24.2,Lagos
2023-06-06,28.2,25.5,26.4,13.4,16.7,8.92,87,1011.7,100,24.0,Lagos
2023-06-07,27.8,24.3,26.0,13.6,21.3,10.15,88,1012.7,100,23.9,Lagos
2023-06-08,28.5,23.7,25.8,10.8,22.3,7.54,85,1013.2,100,23.0,Lagos
2023-06-09,30.1,23.9,26.4,6.9,17.3,20.63,84,1012.3,76,23.3,Lagos
2023-06-10,28.0,24.5,25.8,9.4,19.8,15.95,88,1011.9,93,23.6,Lagos
2023-06-11,27.0,24.8,25.7,13.4,16.9,10.09,88,1013.0,100,23.6,Lagos
2023-06-12,30.0,23.5,26.7,0.4,18.4,21.49,77,1013.1,92,22.2,Lagos
2023-06-13,30.1,24.1,26.7,0.3,17.8,22.43,78,1012.4,82,22.6,Lagos
2023-06-14,29.0,24.9,26.5,2.5,20.0,15.81,81,1011.9,98,23.0,Lagos
2023-06-15,27.1,24.8,25.5,18.2,13.0,8.2,89,1012.6,100,23.5,Lagos
2023-06-16,28.9,24.1,26.2,3.3,15.1,16.13,86,1012.3,88,23.5,Lagos
2023-06-17,30.0,24.7,27.1,4.4,14.8,19.31,84,1011.4,89,24.1,Lagos
2023-06-18,29.6,25.3,27.4,5.7,20.0,15.4,82,1011.5,96,24.1,Lagos
2023-06-19,29.0,24.9,26.1,6.2,16.0,15.02,87,1012.0,97,23.8,Lagos
2023-06-20,27.8,24.5,25.7,6.4,15.5,12.5,88,1011.9,100,23.5,Lagos
2023-06-21,27.1,24.5,25.1,16.0,17.5,9.22,90,1012.3,98,23.2,Lagos
2023-06-22,27.3,23.8,25.4,10.3,22.4,10.03,89,1012.4,88,23.3,Lagos
2023-06-23,27.9,24.4,26.0,6.3,20.6,17.18,84,1011.8,73,23.0,Lagos
2023-06-24,26.5,24.1,24.9,25.0,18.9,7.83,88,1012.4,93,22.7,Lagos
2023-06-25,28.3,24.0,25.7,5.2,18.8,18.16,81,1013.0,58,22.0,Lagos
2023-06-26,29.3,23.7,26.0,0.0,20.1,17.79,76,1012.2,77,21.5,Lagos
2023-06-27,28.8,23.4,25.9,0.3,23.4,20.16,80,1011.6,80,22.1,Lagos
2023-06-28,26.0,24.2,24.9,20.7,17.3,7.08,89,1012.5,100,22.9,Lagos
2023-06-29,27.7,23.8,25.6,4.0,15.1,15.66,86,1014.0,99,23.1,Lagos
2023-06-30,28.7,23.9,26.0,0.9,15.6,18.46,85,1013.6,96,23.2,Lagos
2023-07-01,28.7,24.4,26.2,11.5,14.2,17.25,87,1012.5,67,23.8,Lagos
2023-07-02,27.4,24.5,25.7,10.4,14.6,14.73,87,1013.1,94,23.3,Lagos
2023-07-03,28.8,24.0,26.3,0.9,17.3,20.21,85,1013.8,75,23.5,Lagos
2023-07-04,28.4,24.5,25.9,12.4,18.7,14.62,86,1013.9,94,23.4,Lagos
2023-07-05,29.2,24.2,26.0,0.8,15.5,13.55,86,1013.4,84,23.5,Lagos
2023-07-06,29.1,24.2,26.6,0.5,17.0,20.44,84,1011.5,91,23.6,Lagos
2023-07-07,28.1,24.5,26.2,13.7,17.3,15.92,85,1012.2,90,23.4,Lagos
2023-07-08,26.3,23.9,25.2,15.8,20.6,8.95,89,1012.8,100,23.3,Lagos
2023-07-09,26.0,23.4,24.6,21.0,11.5,6.51,91,1013.9,100,23.0,Lagos
2023-07-10,28.2,23.7,25.7,2.2,15.5,15.33,86,1012.9,97,23.2,Lagos
2023-07-11,28.6,24.1,26.2,1.2,19.1,18.83,85,1011.5,60,23.4,Lagos
2023-07-12,25.8,23.9,24.6,44.5,12.9,5.41,92,1011.2,100,23.1,Lagos
2023-07-13,28.1,23.7,25.6,2.1,14.6,19.52,87,1011.7,79,23.1,Lagos
2023-07-14,28.1,23.8,25.8,5.0,15.1,17.72,88,1012.1,81,23.5,Lagos
2023-07-15,28.9,24.2,26.3,1.5,18.2,19.89,87,1012.2,75,23.8,Lagos
2023-07-16,29.0,23.8,25.8,12.1,15.5,18.14,87,1012.1,93,23.4,Lagos
2023-07-17,28.9,24.4,26.4,4.6,16.7,18.18,85,1012.8,83,23.6,Lagos
2023-07-18,28.1,24.6,26.3,8.5,19.8,17.41,86,1013.7,87,23.6,Lagos
2023-07-19,29.0,24.9,26.7,1.4,22.0,17.67,84,1013.7,99,23.6,Lagos
2023-07-20,28.6,25.4,26.7,4.5,21.6,18.31,84,1013.2,79,23.7,Lagos
2023-07-21,28.2,24.8,26.0,9.9,17.9,14.75,86,1013.3,91,23.4,Lagos
2023-07-22,26.6,24.2,25.2,18.6,16.2,11.55,88,1014.2,85,23.1,Lagos
2023-07-23,25.5,23.6,24.3,41.3,18.5,5.35,92,1015.2,100,23.0,Lagos
2023-07-24,27.8,24.0,25.2,17.6,16.1,11.18,90,1014.2,92,23.4,Lagos
2023-07-25,28.4,23.7,25.8,0.6,18.4,19.18,87,1013.2,70,23.4,Lagos
2023-07-26,28.3,24.8,26.2,0.9,19.2,18.45,84,1012.9,74,23.2,Lagos
2023-07-27,28.4,25.0,26.3,2.1,20.7,18.08,85,1013.1,97,23.5,Lagos
2023-07-28,27.4,24.5,25.7,5.4,21.0,15.92,86,1013.6,94,23.2,Lagos
2023-07-29,27.2,24.3,24.9,11.1,16.5,11.32,89,1014.3,98,23.0,Lagos
2023-07-30,28.3,24.4,25.7,4.7,19.4,16.02,88,1014.4,99,23.5,Lagos
2023-07-31,27.5,24.2,25.7,9.7,21.2,13.76,87,1014.4,96,23.3,Lagos
2023-08-01,26.9,24.3,25.2,15.5,24.2,8.96,89,1013.9,100,23.2,Lagos
2023-08-02,27.5,24.7,25.5,3.3,21.7,15.82,85,1014.6,86,22.8,Lagos
2023-08-03,27.9,24.5,25.8,1.3,18.4,18.0,83,1014.8,64,22.5,Lagos
2023-08-04,27.7,24.4,25.8,1.2,18.7,19.83,83,1013.9,42,22.7,Lagos
2023-08-05,28.0,24.1,25.8,2.0,20.4,20.2,85,1014.9,65,23.0,Lagos
2023-08-06,28.2,24.7,26.0,1.4,20.9,18.46,85,1015.2,96,23.1,Lagos
2023-08-07,28.2,24.3,26.0,0.7,20.1,19.74,85,1014.4,74,23.2,Lagos
2023-08-08,28.1,23.4,25.8,10.4,23.4,19.57,84,1013.0,59,22.8,Lagos
2023-08-09,27.2,24.1,25.5,6.2,21.1,14.84,85,1012.6,87,22.9,Lagos
2023-08-10,27.7,24.4,25.7,2.5,20.2,17.37,84,1012.9,88,22.8,Lagos
2023-08-11,27.2,24.6,25.6,0.9,16.3,9.96,86,1012.4,99,23.1,Lagos
2023-08-12,27.8,24.4,25.8,2.0,22.5,17.29,85,1011.1,89,23.1,Lagos
2023-08-13,27.8,24.3,25.8,1.4,24.3,16.39,84,1010.8,99,22.9,Lagos
2023-08-14,27.3,24.2,25.1,16.1,16.4,11.88,89,1012.1,95,23.1,Lagos
2023-08-15,27.6,23.6,25.4,6.6,13.5,15.15,88,1012.7,80,23.2,Lagos
2023-08-16,29.3,24.0,25.9,5.0,13.2,19.47,86,1012.1,80,23.2,Lagos
2023-08-17,28.2,23.8,25.6,24.7,15.7,15.67,88,1010.9,99,23.5,Lagos
2023-08-18,27.1,24.3,25.4,7.9,23.9,14.17,87,1011.2,88,23.0,Lagos
2023-08-19,27.5,23.5,24.9,6.1,17.3,11.63,89,1011.5,98,22.9,Lagos
2023-08-20,27.8,23.0,25.3,1.8,17.6,11.9,87,1010.7,79,23.0,Lagos
2023-08-21,28.5,24.0,26.0,0.6,16.1,20.29,86,1010.8,71,23.4,Lagos
2023-08-22,28.6,24.5,26.2,0.9,17.8,20.39,84,1010.3,90,23.2,Lagos
2023-08-23,28.0,25.1,26.1,6.1,21.2,15.25,86,1009.9,99,23.5,Lagos
2023-08-24,28.8,24.5,26.0,3.5,17.6,9.65,89,1009.6,98,24.0,Lagos
2023-08-25,28.7,24.4,26.2,1.1,17.9,19.0,86,1009.8,68,23.7,Lagos
2023-08-26,28.2,24.9,26.3,1.7,20.5,21.88,85,1010.6,60,23.5,Lagos
2023-08-27,27.7,24.7,25.8,7.0,17.6,12.56,86,1012.0,98,23.4,Lagos
2023-08-28,28.0,23.9,25.7,7.3,15.7,14.47,87,1012.9,86,23.4,Lagos
2023-08-29,28.9,24.4,26.3,1.0,20.5,22.66,85,1013.1,68,23.5,Lagos
2023-08-30,28.3,24.1,25.8,18.9,16.6,11.63,87,1012.9,99,23.4,Lagos
2023-08-31,28.3,24.2,26.1,1.9,18.8,19.73,85,1012.9,75,23.3,Lagos
2023-09-01,28.3,24.6,26.1,4.9,17.9,18.36,85,1012.4,86,23.4,Lagos
2023-09-02,27.8,24.1,25.4,10.7,18.7,11.94,86,1011.5,97,22.9,Lagos
2023-09-03,26.0,23.6,24.7,12.3,16.4,10.16,89,1012.7,97,22.7,Lagos
2023-09-04,28.0,23.2,25.1,5.0,14.0,12.46,89,1013.2,98,23.0,Lagos
2023-09-05,26.9,23.8,25.4,11.7,19.8,12.52,87,1012.5,92,23.1,Lagos
2023-09-06,28.4,23.5,25.7,1.7,16.6,21.05,86,1012.3,35,23.2,Lagos
2023-09-07,28.9,24.7,26.4,0.8,16.6,20.12,85,1011.9,49,23.5,Lagos
2023-09-08,28.1,25.0,26.1,11.6,18.1,13.55,87,1011.7,73,23.8,Lagos
2023-09-09,27.4,24.4,25.2,21.1,16.3,10.41,89,1013.4,89,23.3,Lagos
2023-09-10,28.9,24.1,26.1,1.1,18.2,19.36,87,1013.0,74,23.6,Lagos
2023-09-11,28.7,24.7,26.5,1.3,20.8,21.13,85,1011.6,50,23.6,Lagos
2023-09-12,27.9,24.1,25.5,5.2,24.2,10.43,88,1010.5,95,23.3,Lagos
2023-09-13,28.3,24.0,25.5,16.7,15.4,12.6,88,1010.8,91,23.3,Lagos
2023-09-14,28.6,24.0,26.0,5.8,16.7,20.52,85,1011.0,71,23.1,Lagos
2023-09-15,28.4,24.4,25.9,7.2,22.3,14.61,86,1011.0,94,23.3,Lagos
2023-09-16,26.9,23.1,24.6,45.2,14.1,8.53,93,1011.7,100,23.3,Lagos
2023-09-17,27.3,24.4,25.6,2.8,18.0,14.0,87,1011.9,93,23.3,Lagos
2023-09-18,28.9,23.8,25.8,3.9,16.0,17.08,87,1011.3,94,23.4,Lagos
2023-09-19,28.9,23.9,25.7,8.6,14.7,15.66,88,1010.9,66,23.5,Lagos
2023-09-20,29.1,23.5,26.1,0.7,16.7,21.99,86,1011.0,87,23.6,Lagos
2023-09-21,29.1,25.1,26.9,0.6,16.7,20.61,85,1010.5,97,24.0,Lagos
2023-09-22,28.8,24.3,25.7,6.8,11.2,10.67,88,1010.6,99,23.4,Lagos
2023-09-23,28.8,23.0,25.7,3.0,12.8,17.52,87,1011.3,90,23.3,Lagos
2023-09-24,25.6,23.7,24.6,43.8,12.6,6.9,91,1012.7,99,23.1,Lagos
2023-09-25,29.0,23.8,26.0,1.9,14.6,18.51,87,1012.6,83,23.7,Lagos
2023-09-26,29.2,24.5,26.4,1.3,15.9,16.79,87,1011.2,82,24.1,Lagos
2023-09-27,29.8,25.0,27.2,0.2,18.5,20.22,84,1009.7,86,24.2,Lagos
2023-09-28,29.2,25.7,27.2,0.9,18.9,20.94,84,1009.8,58,24.1,Lagos
2023-09-29,28.2,25.4,26.1,14.5,11.6,10.1,88,1011.3,99,23.9,Lagos
2023-09-30,28.8,24.5,26.5,3.1,14.0,21.66,87,1011.2,53,24.1,Lagos
2023-10-01,29.4,25.0,26.8,3.0,21.1,21.38,85,1010.6,73,24.0,Lagos
2023-10-02,29.0,24.8,26.8,1.6,18.8,18.42,85,1010.4,83,23.9,Lagos
2023-10-03,29.3,24.6,26.9,3.8,14.8,19.09,84,1010.3,82,23.9,Lagos
2023-10-04,29.7,25.0,27.1,6.0,16.1,18.64,84,1010.3,98,24.2,Lagos
2023-10-05,29.1,24.8,26.4,18.7,9.5,12.93,87,1010.6,98,24.0,Lagos
2023-10-06,29.3,24.4,26.7,4.3,12.0,18.19,88,1010.4,75,24.5,Lagos
2023-10-07,27.0,24.9,25.6,16.9,15.5,7.25,91,1010.7,100,24.0,Lagos
2023-10-08,29.5,24.2,26.3,14.3,11.6,17.04,88,1011.5,93,24.1,Lagos
2023-10-09,29.2,24.1,25.9,4.9,12.8,13.85,90,1012.1,86,24.0,Lagos
2023-10-10,30.0,24.3,26.7,0.1,12.6,18.13,87,1011.7,89,24.2,Lagos
2023-10-11,29.4,24.6,26.8,1.8,15.9,15.07,85,1011.3,96,24.0,Lagos
2023-10-12,28.5,24.5,26.0,25.7,11.8,10.61,89,1011.3,100,24.0,Lagos
2023-10-13,31.1,24.0,26.9,1.9,17.2,20.48,84,1011.2,90,23.7,Lagos
2023-10-14,30.1,25.5,26.9,1.3,11.3,15.16,88,1011.4,97,24.6,Lagos
2023-10-15,29.6,25.2,27.2,4.5,15.1,20.79,84,1010.5,83,24.2,Lagos
2023-10-16,28.5,24.5,26.4,9.0,17.7,18.57,85,1010.8,98,23.7,Lagos
2023-10-17,27.8,24.6,25.9,9.4,11.1,12.38,87,1011.6,89,23.4,Lagos
2023-10-18,29.9,22.9,26.4,0.0,15.7,22.11,85,1011.4,83,23.5,Lagos
2023-10-19,29.6,25.2,27.1,10.0,16.3,18.15,86,1012.0,72,24.5,Lagos
2023-10-20,30.1,24.7,27.1,2.0,15.8,21.61,86,1011.3,87,24.4,Lagos
2023-10-21,30.2,24.8,27.1,2.2,15.1,18.91,86,1010.8,56,24.4,Lagos
2023-10-22,29.8,25.4,27.1,2.7,11.6,18.73,86,1010.0,65,24.6,Lagos
2023-10-23,29.5,25.7,27.3,5.9,12.2,16.49,83,1009.9,85,24.1,Lagos
2023-10-24,30.1,24.9,27.3,1.2,16.3,17.61,85,1009.6,85,24.4,Lagos
2023-10-25,29.8,25.5,27.4,6.2,16.6,18.86,84,1010.1,82,24.3,Lagos
2023-10-26,30.1,25.9,27.5,4.3,16.1,19.52,85,1010.5,51,24.6,Lagos
2023-10-27,29.8,25.7,27.4,0.3,14.5,19.85,84,1010.6,46,24.4,Lagos
2023-10-28,30.4,24.6,27.3,2.0,12.2,21.66,84,1009.2,23,24.3,Lagos
2023-10-29,31.3,25.2,27.7,0.3,9.9,16.12,85,1007.7,71,24.8,Lagos
2023-10-30,30.5,26.0,27.9,3.8,17.1,17.88,85,1007.2,84,25.1,Lagos
2023-10-31,29.0,24.0,26.9,0.0,12.3,11.29,83,1008.2,96,23.7,Lagos
2023-11-01,30.8,25.4,27.8,0.2,11.2,19.83,81,1009.8,93,24.1,Lagos
2023-11-02,30.8,24.5,27.5,2.2,15.9,19.74,84,1010.2,81,24.4,Lagos
2023-11-03,30.8,25.7,27.8,0.5,16.4,19.73,84,1009.6,88,24.8,Lagos
2023-11-04,29.9,24.2,27.2,9.3,13.9,19.04,84,1009.8,80,24.2,Lagos
2023-11-05,29.8,25.7,27.3,5.3,10.8,15.97,86,1009.9,98,24.7,Lagos
2023-11-06,30.3,24.6,27.3,8.7,7.2,16.86,87,1010.4,81,24.8,Lagos
2023-11-07,29.5,25.8,27.4,2.8,11.3,16.68,86,1009.9,96,24.8,Lagos
2023-11-08,30.2,25.1,27.4,4.2,14.2,19.52,84,1009.7,44,24.2,Lagos
2023-11-09,29.8,25.1,27.4,0.5,13.2,11.0,85,1009.6,75,24.5,Lagos
2023-11-10,30.9,25.9,28.1,0.5,16.4,19.34,84,1009.8,81,24.9,Lagos
2023-11-11,30.7,25.9,27.9,3.6,14.8,18.33,84,1010.4,52,24.8,Lagos
2023-11-12,30.2,25.7,27.7,1.5,15.3,18.0,85,1010.4,42,24.9,Lagos
2023-11-13,30.9,25.4,27.7,1.8,13.6,18.11,86,1010.5,25,24.9,Lagos
2023-11-14,31.6,25.2,27.9,1.1,14.5,19.45,85,1009.5,30,25.0,Lagos
2023-11-15,30.7,24.9,26.9,4.9,14.5,10.89,83,1010.1,96,23.8,Lagos
2023-11-16,31.3,25.0,27.5,0.1,15.1,13.4,81,1009.5,96,23.8,Lagos
2023-11-17,30.9,24.7,27.8,1.9,14.3,19.88,83,1009.4,74,24.6,Lagos
2023-11-18,30.8,25.6,27.8,3.3,12.9,17.53,86,1010.1,80,25.1,Lagos
2023-11-19,30.8,25.0,27.8,0.0,15.0,19.18,85,1010.1,69,24.9,Lagos
2023-11-20,30.6,25.2,27.7,0.6,16.6,18.05,85,1009.9,71,24.9,Lagos
2023-11-21,32.0,24.9,27.7,0.0,17.0,20.0,85,1009.3,76,24.7,Lagos
2023-11-22,30.7,24.9,27.6,1.8,19.6,18.54,83,1009.7,83,24.3,Lagos
2023-11-23,30.4,26.3,27.8,0.8,15.6,18.41,82,1010.0,79,24.4,Lagos
2023-11-24,30.4,26.1,27.6,9.4,15.2,15.13,83,1009.4,98,24.4,Lagos
2023-11-25,28.6,25.3,26.7,12.1,14.6,13.38,87,1009.0,94,24.4,Lagos
2023-11-26,28.2,24.4,25.6,16.3,9.7,7.43,91,1011.2,97,24.0,Lagos
2023-11-27,29.9,22.6,26.3,0.0,12.6,20.35,83,1011.1,42,23.1,Lagos
2023-11-28,30.1,23.7,26.8,3.9,16.2,17.94,86,1009.9,37,24.1,Lagos
2023-11-29,29.9,24.8,27.2,0.9,14.4,18.0,84,1009.8,65,24.1,Lagos
2023-11-30,30.5,24.9,27.4,0.8,14.3,17.59,86,1010.1,56,24.7,Lagos
2023-12-01,30.8,25.1,27.7,1.9,15.3,17.65,85,1010.5,30,24.9,Lagos
2023-12-02,31.1,25.2,27.9,0.5,14.2,17.25,84,1010.4,80,24.8,Lagos
2023-12-03,30.9,25.0,27.6,0.0,18.5,18.6,86,1009.8,89,24.9,Lagos
2023-12-04,31.0,24.7,27.7,0.0,12.3,18.85,84,1010.1,12,24.6,Lagos
2023-12-05,31.4,24.4,27.7,2.7,14.9,18.65,85,1010.1,14,24.8,Lagos
2023-12-06,28.9,25.2,27.1,2.9,14.3,15.87,87,1010.6,66,24.6,Lagos
2023-12-07,30.3,24.9,27.3,0.5,14.0,16.21,87,1011.2,93,24.8,Lagos
2023-12-08,31.5,25.5,28.0,0.3,16.5,18.0,82,1010.9,60,24.6,Lagos
2023-12-09,31.2,24.9,27.7,0.0,16.7,18.3,85,1009.0,14,24.9,Lagos
2023-12-10,31.2,24.8,27.6,3.9,14.3,17.49,86,1009.2,49,24.9,Lagos
2023-12-11,31.6,25.2,27.8,0.0,17.1,18.06,84,1009.6,14,24.8,Lagos
2023-12-12,31.2,24.5,26.8,1.2,11.2,14.95,79,1010.3,39,22.6,Lagos
2023-12-13,30.3,21.8,25.7,0.0,10.2,20.01,68,1009.7,28,18.8,Lagos
2023-12-14,31.0,21.6,25.9,0.0,11.5,19.97,70,1009.1,0,19.6,Lagos
2023-12-15,32.1,22.0,26.4,0.0,10.8,19.98,71,1008.6,10,20.2,Lagos
2023-12-16,31.5,21.3,26.3,0.0,11.9,19.92,79,1007.8,6,21.9,Lagos
2023-12-17,32.1,23.1,26.8,0.0,14.2,19.48,83,1007.8,16,23.4,Lagos
2023-12-18,33.0,23.0,27.1,0.0,13.8,19.87,78,1008.2,33,22.2,Lagos
2023-12-19,31.9,23.8,27.5,0.0,15.6,18.74,84,1009.1,21,24.3,Lagos
2023-12-20,33.7,24.4,28.1,0.0,15.8,19.29,80,1010.2,29,23.7,Lagos
2023-12-21,32.6,23.0,27.1,0.0,11.0,19.61,72,1009.6,32,20.6,Lagos
2023-12-22,33.3,22.6,27.3,0.0,11.5,19.46,72,1009.9,78,21.2,Lagos
2023-12-23,33.0,22.7,27.7,0.0,15.1,19.03,76,1010.1,62,22.7,Lagos
2023-12-24,33.3,23.8,27.8,0.0,17.0,19.04,81,1010.4,47,23.7,Lagos
2023-12-25,32.9,22.9,27.3,0.0,14.1,19.45,78,1009.8,58,22.3,Lagos
2023-12-26,32.7,24.5,27.8,0.0,17.0,18.9,82,1010.0,49,24.0,Lagos
2023-12-27,32.3,24.1,27.5,0.0,14.6,18.95,82,1010.3,54,23.7,Lagos
2023-12-28,32.5,24.1,27.6,0.0,17.3,19.38,81,1011.2,37,23.6,Lagos
2023-12-29,33.1,23.7,27.6,0.0,15.2,19.4,79,1010.4,22,23.1,Lagos
2023-12-30,32.3,24.7,27.7,0.0,15.9,17.87,83,1010.1,81,24.4,Lagos
2023-12-31,32.4,24.9,28.0,0.0,16.7,17.85,83,1009.9,33,24.5,Lagos
2024-01-01,32.2,24.8,27.9,1.9,17.7,17.5,84,1010.5,49,24.9,Lagos
2024-01-02,33.2,24.6,28.1,0.2,19.2,17.24,84,1011.2,10,24.8,Lagos
2024-01-03,31.1,25.6,28.0,0.1,20.5,16.77,84,1011.4,81,24.9,Lagos
2024-01-04,31.7,25.0,28.1,0.1,16.9,17.33,83,1011.1,52,24.8,Lagos
2024-01-05,31.1,25.3,27.7,1.0,16.8,16.53,84,1010.8,71,24.6,Lagos
2024-01-06,31.8,25.5,28.2,2.3,15.9,15.78,83,1010.9,31,24.8,Lagos
2024-01-07,31.8,25.1,28.4,0.5,15.5,17.39,80,1010.2,26,24.6,Lagos
2024-01-08,31.7,24.9,28.1,1.0,16.2,16.89,84,1009.5,24,24.9,Lagos
2024-01-09,31.1,25.0,28.0,0.7,18.1,17.9,84,1009.6,36,24.8,Lagos
2024-01-10,31.1,25.1,27.6,2.2,18.3,15.13,85,1010.7,38,24.8,Lagos
2024-01-11,33.3,24.6,28.1,0.0,19.4,17.85,84,1009.7,62,24.8,Lagos
2024-01-12,32.9,24.7,28.2,0.4,17.6,17.24,84,1009.3,54,24.9,Lagos
2024-01-13,32.4,25.6,28.2,0.0,18.1,17.86,83,1010.2,45,24.6,Lagos
2024-01-14,31.9,24.5,27.6,0.3,18.9,17.11,84,1010.9,14,24.6,Lagos
2024-01-15,32.4,24.9,27.5,0.0,20.5,17.69,84,1011.9,46,24.3,Lagos
2024-01-16,33.0,24.0,27.8,0.0,17.0,19.02,81,1012.2,23,23.7,Lagos
2024-01-17,34.1,24.5,28.0,0.0,18.7,19.11,77,1012.2,23,22.8,Lagos
2024-01-18,33.1,23.6,27.4,0.0,16.5,19.49,81,1011.2,1,23.3,Lagos
2024-01-19,32.2,24.5,27.8,0.0,15.9,18.95,80,1011.2,19,23.6,Lagos
2024-01-20,34.5,24.1,28.3,0.0,18.4,19.38,78,1011.6,0,23.5,Lagos
2024-01-21,33.2,23.8,27.8,0.0,18.3,18.83,83,1011.2,15,24.3,Lagos
2024-01-22,33.0,24.8,28.3,0.0,17.7,19.49,82,1011.5,5,24.7,Lagos
2024-01-23,32.9,25.2,28.7,0.0,17.3,18.74,77,1012.0,14,24.1,Lagos
2024-01-24,31.5,25.3,28.3,2.2,14.8,15.8,82,1012.0,33,24.8,Lagos
2024-01-25,34.0,25.3,28.9,0.0,13.6,19.64,68,1011.6,6,21.0,Lagos
2024-01-26,32.5,23.5,27.5,0.0,14.9,20.16,59,1011.5,9,17.5,Lagos
2024-01-27,32.8,21.5,27.2,0.0,11.6,20.35,55,1010.9,4,15.9,Lagos
2024-01-28,32.8,21.4,27.0,0.0,12.8,20.47,56,1010.8,1,16.0,Lagos
2024-01-29,33.0,22.2,27.2,0.0,15.7,19.56,70,1010.9,21,20.4,Lagos
2024-01-30,33.4,23.7,27.8,0.0,18.0,19.63,78,1010.5,12,23.2,Lagos
2024-01-31,32.7,24.6,28.1,0.0,17.9,18.93,82,1011.1,47,24.3,Lagos
2024-02-01,32.4,25.8,28.6,0.0,17.9,16.88,81,1011.9,29,24.9,Lagos
2024-02-02,34.2,25.7,28.4,0.0,17.8,18.78,82,1010.6,32,24.7,Lagos
2024-02-03,33.6,23.5,28.0,0.0,11.8,20.76,65,1009.4,46,18.7,Lagos
2024-02-04,34.2,22.2,27.8,0.0,14.9,20.93,57,1010.3,62,16.8,Lagos
2024-02-05,33.7,21.5,27.4,0.0,13.0,21.19,54,1012.1,59,15.6,Lagos
2024-02-06,33.5,21.2,27.2,0.0,14.5,21.06,52,1012.1,44,14.7,Lagos
2024-02-07,33.8,20.1,26.8,0.0,14.8,21.57,55,1011.5,44,14.6,Lagos
2024-02-08,34.0,19.5,26.7,0.0,15.5,21.53,66,1011.0,8,18.5,Lagos
2024-02-09,32.4,24.3,27.5,0.0,17.7,20.14,84,1011.0,49,24.2,Lagos
2024-02-10,33.0,25.1,28.2,0.0,20.0,19.65,83,1010.5,37,24.8,Lagos
2024-02-11,32.4,25.8,28.6,0.0,18.6,20.96,82,1009.8,35,24.9,Lagos
2024-02-12,33.6,25.9,28.9,0.0,20.7,19.7,83,1009.2,22,25.5,Lagos
2024-02-13,33.5,27.2,29.3,0.2,21.4,18.94,83,1009.8,40,25.8,Lagos
2024-02-14,33.6,27.3,29.6,0.5,21.1,19.15,82,1010.1,52,26.0,Lagos
2024-02-15,33.3,26.9,29.0,1.3,21.4,17.2,83,1010.0,71,25.7,Lagos
2024-02-16,33.0,25.8,28.7,0.0,19.8,18.32,83,1009.9,90,25.4,Lagos
2024-02-17,32.6,26.1,29.0,0.4,17.9,19.85,82,1010.0,84,25.5,Lagos
2024-02-18,32.6,26.4,29.0,2.0,14.8,16.98,83,1009.8,65,25.7,Lagos
2024-02-19,32.7,26.8,29.3,2.2,16.8,17.11,84,1009.0,45,26.1,Lagos
2024-02-20,31.7,25.4,28.5,20.6,19.1,16.99,83,1007.8,69,25.3,Lagos
2024-02-21,32.6,27.3,28.9,4.7,20.4,15.99,82,1006.9,68,25.4,Lagos
2024-02-22,32.3,24.9,28.2,3.9,18.7,19.36,82,1007.2,99,24.7,Lagos
2024-02-23,30.8,27.1,28.4,0.5,15.0,11.82,82,1008.6,100,24.9,Lagos
2024-02-24,32.3,26.8,28.6,0.0,11.7,10.92,77,1010.1,99,24.1,Lagos
2024-02-25,32.5,25.7,28.8,0.0,16.0,19.95,80,1010.7,57,24.7,Lagos
2024-02-26,32.0,26.4,28.9,3.9,14.9,18.84,81,1009.4,41,25.1,Lagos
2024-02-27,32.5,26.5,29.2,0.8,18.6,20.03,81,1008.5,36,25.5,Lagos
2024-02-28,32.5,27.0,29.6,0.1,19.1,18.98,79,1007.9,62,25.5,Lagos
2024-02-29,32.7,28.0,29.7,0.1,24.2,17.9,78,1007.6,87,25.4,Lagos
2024-03-01,31.8,27.5,29.1,0.8,20.1,18.16,80,1008.1,84,25.2,Lagos
2024-03-02,32.5,27.0,29.0,7.4,19.2,18.36,81,1009.3,70,25.3,Lagos
2024-03-03,32.0,26.3,28.6,11.0,16.3,16.27,82,1009.8,86,25.1,Lagos
2024-03-04,32.6,26.3,28.9,0.0,19.8,20.79,78,1008.8,55,24.4,Lagos
2024-03-05,32.7,26.2,28.9,2.9,18.2,19.01,80,1009.0,90,24.9,Lagos
2024-03-06,32.3,27.7,29.2,0.5,20.7,18.03,80,1009.5,95,25.2,Lagos
2024-03-07,32.3,26.1,28.8,11.6,22.0,18.42,80,1010.5,92,24.8,Lagos
2024-03-08,32.1,27.5,29.2,0.3,21.7,19.22,78,1010.2,55,24.9,Lagos
2024-03-09,30.5,25.5,27.7,2.8,14.0,9.8,83,1010.1,100,24.4,Lagos
2024-03-10,32.2,25.0,28.6,0.0,15.9,21.21,82,1008.8,93,25.0,Lagos
2024-03-11,32.8,27.8,29.7,0.0,20.8,18.75,77,1010.2,90,25.0,Lagos
2024-03-12,32.5,27.6,29.5,0.2,20.0,16.0,80,1010.6,95,25.5,Lagos
2024-03-13,32.4,27.7,29.4,1.0,19.7,15.84,80,1010.4,98,25.5,Lagos
2024-03-14,32.4,26.0,28.6,6.9,25.3,18.77,81,1010.9,61,24.9,Lagos
2024-03-15,34.5,25.4,28.7,0.0,18.5,20.63,83,1009.3,45,25.4,Lagos
2024-03-16,32.4,26.9,29.4,0.0,18.6,18.5,82,1008.5,45,25.9,Lagos
2024-03-17,32.6,27.6,29.8,0.0,17.3,17.42,78,1007.7,29,25.4,Lagos
2024-03-18,33.1,27.2,29.8,1.2,17.2,18.65,80,1006.8,62,25.8,Lagos
2024-03-19,33.3,27.3,29.6,0.6,18.7,19.2,80,1006.7,89,25.7,Lagos
2024-03-20,32.6,27.6,29.6,0.7,17.9,18.77,81,1006.7,84,25.8,Lagos
2024-03-21,33.3,27.4,29.1,13.7,15.4,17.11,83,1007.5,60,25.9,Lagos
2024-03-22,33.2,27.4,29.8,0.0,18.8,18.98,77,1007.0,96,25.1,Lagos
2024-03-23,32.7,28.0,29.6,1.6,20.2,15.37,78,1007.4,91,25.3,Lagos
2024-03-24,32.5,27.1,29.3,0.0,15.6,21.09,79,1008.1,44,25.1,Lagos
2024-03-25,32.8,26.9,28.7,5.3,19.2,19.02,81,1009.0,79,25.1,Lagos
2024-03-26,32.7,27.4,29.8,0.0,16.2,19.51,74,1009.1,72,24.6,Lagos
2024-03-27,33.3,27.8,30.0,0.0,19.0,20.13,77,1008.3,72,25.4,Lagos
2024-03-28,33.5,27.3,29.1,11.3,17.8,16.8,83,1008.8,89,25.8,Lagos
2024-03-29,33.1,26.1,29.0,18.5,21.8,16.61,82,1008.9,86,25.6,Lagos
2024-03-30,32.6,27.8,29.6,0.8,22.2,19.95,79,1008.9,88,25.4,Lagos
2024-03-31,32.5,27.7,29.7,1.7,17.6,20.48,78,1009.1,91,25.3,Lagos
2024-04-01,31.5,27.4,29.2,1.8,19.2,16.73,80,1009.8,98,25.3,Lagos
2024-04-02,32.4,27.0,29.5,0.6,22.9,19.41,81,1008.4,85,25.8,Lagos
2024-04-03,32.4,27.0,29.5,0.3,21.5,18.02,78,1007.4,98,25.2,Lagos
2024-04-04,32.9,26.9,29.3,1.7,19.6,21.51,78,1007.7,80,24.8,Lagos
2024-04-05,32.3,26.8,28.6,16.8,21.6,17.74,80,1009.2,92,24.7,Lagos
2024-04-06,32.2,26.3,28.5,14.5,16.9,17.72,81,1009.8,96,24.8,Lagos
2024-04-07,33.4,25.7,29.2,1.0,19.4,22.01,80,1009.3,49,25.2,Lagos
2024-04-08,31.8,27.4,29.1,0.1,24.5,8.33,79,1008.7,97,24.9,Lagos
2024-04-09,32.7,27.5,29.5,0.8,15.3,19.93,75,1007.9,62,24.5,Lagos
2024-04-10,32.9,26.6,29.2,2.3,16.4,18.73,80,1007.6,73,25.2,Lagos
2024-04-11,32.6,27.2,28.8,4.7,21.1,12.89,82,1008.5,99,25.3,Lagos
2024-04-12,34.4,27.6,30.1,0.0,19.4,16.41,74,1009.0,90,24.7,Lagos
2024-04-13,32.8,28.2,29.9,1.9,21.8,18.91,74,1008.8,87,24.6,Lagos
2024-04-14,32.1,26.4,28.7,2.0,15.5,16.7,79,1009.4,80,24.6,Lagos
2024-04-15,32.8,27.3,29.8,6.3,13.8,18.29,77,1009.2,65,25.2,Lagos
2024-04-16,32.2,27.3,29.5,0.7,18.1,17.78,77,1008.7,95,24.9,Lagos
2024-04-17,32.4,26.3,29.4,0.0,17.3,18.14,79,1007.9,100,25.1,Lagos
2024-04-18,32.9,26.8,29.9,0.3,21.7,20.13,79,1008.6,83,25.8,Lagos
2024-04-19,32.0,28.4,30.0,1.7,21.4,20.84,79,1008.7,63,25.9,Lagos
2024-04-20,33.4,27.7,29.9,1.0,21.1,20.32,79,1007.4,82,25.8,Lagos
2024-04-21,32.1,27.9,29.5,5.9,18.8,18.23,80,1007.2,91,25.6,Lagos
2024-04-22,33.7,26.6,29.4,0.1,18.0,20.79,80,1007.8,89,25.4,Lagos
2024-04-23,31.0,26.1,28.7,2.7,15.7,9.33,81,1008.6,99,25.1,Lagos
2024-04-24,32.4,26.3,29.2,0.0,17.8,22.49,75,1009.1,68,24.2,Lagos
2024-04-25,32.6,27.4,29.5,2.9,18.5,20.21,79,1008.4,70,25.3,Lagos
2024-04-26,32.9,27.9,29.7,3.2,20.0,21.67,79,1007.5,67,25.5,Lagos
2024-04-27,33.5,27.4,30.1,0.1,17.1,20.46,78,1006.6,91,25.7,Lagos
2024-04-28,33.5,28.3,30.3,0.0,20.9,21.64,76,1007.1,97,25.5,Lagos
2024-04-29,32.5,28.1,29.9,0.9,19.8,20.42,76,1008.1,97,25.2,Lagos
2024-04-30,33.3,26.6,29.8,1.7,23.2,21.68,79,1006.8,100,25.6,Lagos
2024-05-01,31.7,27.9,29.2,0.1,22.9,10.52,79,1006.6,100,25.2,Lagos
2024-05-02,32.8,27.7,29.7,0.2,16.6,21.44,74,1007.9,97,24.5,Lagos
2024-05-03,32.7,27.1,28.7,7.1,19.8,17.69,81,1009.8,100,25.0,Lagos
2024-05-04,32.4,26.0,29.0,1.1,16.0,20.61,80,1009.5,66,24.9,Lagos
2024-05-05,32.9,27.8,30.0,1.4,17.7,22.2,76,1008.0,39,25.2,Lagos
2024-05-06,31.8,26.0,29.1,5.8,16.9,15.48,79,1007.4,96,24.9,Lagos
2024-05-07,32.1,25.2,28.7,2.9,13.2,16.62,79,1008.3,94,24.6,Lagos
2024-05-08,33.1,27.8,29.9,1.2,20.7,21.16,75,1008.2,83,24.9,Lagos
2024-05-09,33.0,26.6,29.7,0.0,19.9,21.69,77,1007.8,97,25.1,Lagos
2024-05-10,33.0,28.7,30.2,0.0,17.3,21.87,74,1007.8,55,25.0,Lagos
2024-05-11,32.6,27.0,29.3,1.5,15.7,19.34,79,1008.5,68,25.1,Lagos
2024-05-12,32.7,26.6,29.0,2.1,16.3,17.59,80,1009.5,100,25.0,Lagos
2024-05-13,32.8,26.7,28.9,0.0,14.7,18.52,79,1009.7,96,24.7,Lagos
2024-05-14,31.5,25.2,28.5,0.0,16.9,20.47,82,1009.4,93,24.9,Lagos
2024-05-15,32.0,26.8,29.2,0.6,16.9,20.86,80,1009.2,93,25.4,Lagos
2024-05-16,31.1,25.6,27.6,11.1,17.4,12.53,87,1010.3,90,25.1,Lagos
2024-05-17,32.1,25.0,27.9,2.0,17.1,20.89,83,1011.2,87,24.5,Lagos
2024-05-18,31.3,25.6,28.3,10.3,16.6,17.97,82,1010.3,96,24.8,Lagos
2024-05-19,31.7,27.2,29.2,1.7,18.1,21.84,79,1009.1,50,25.0,Lagos
2024-05-20,31.8,26.9,29.2,0.1,17.4,22.0,78,1009.7,50,25.0,Lagos
2024-05-21,32.6,26.5,29.2,2.3,21.3,22.2,80,1010.8,71,25.2,Lagos
2024-05-22,29.7,26.3,28.0,3.3,19.1,6.54,85,1011.3,98,25.2,Lagos
2024-05-23,31.2,25.1,28.0,0.7,21.7,20.63,83,1010.6,61,24.7,Lagos
2024-05-24,31.4,26.4,28.2,4.8,19.6,19.13,81,1010.7,79,24.6,Lagos
2024-05-25,28.8,25.6,27.0,24.8,13.6,8.97,86,1011.6,97,24.5,Lagos
2024-05-26,30.5,25.7,27.8,0.5,16.3,19.62,84,1011.5,82,24.6,Lagos
2024-05-27,31.8,25.2,28.2,0.0,17.6,21.58,80,1011.7,85,24.2,Lagos
2024-05-28,31.0,27.0,28.7,2.4,17.7,19.32,79,1011.8,98,24.6,Lagos
2024-05-29,30.9,26.0,28.4,0.4,17.5,21.61,81,1011.9,90,24.7,Lagos
2024-05-30,32.7,26.0,28.7,2.1,16.3,20.4,80,1011.0,83,24.8,Lagos
2024-05-31,29.5,24.3,27.3,12.6,18.2,14.04,84,1012.0,93,24.4,Lagos
2024-06-01,30.6,25.5,27.9,1.6,14.2,20.02,84,1012.6,89,24.8,Lagos
2024-06-02,27.7,25.0,26.3,12.5,14.1,6.67,88,1012.4,100,24.1,Lagos
2024-06-03,29.5,24.6,26.9,0.4,15.9,15.02,85,1012.5,64,24.1,Lagos
2024-06-04,29.3,26.1,27.2,3.3,19.1,18.41,85,1012.1,47,24.3,Lagos
2024-06-05,30.1,25.0,27.6,1.6,14.8,20.65,82,1011.7,58,24.2,Lagos
2024-06-06,29.3,25.0,26.7,17.7,19.2,16.1,85,1012.6,79,24.0,Lagos
2024-06-07,29.0,25.1,26.7,6.5,10.2,11.44,85,1013.9,88,23.9,Lagos
2024-06-08,29.5,25.0,26.7,16.0,14.1,14.16,87,1013.4,82,24.4,Lagos
2024-06-09,29.1,26.0,26.8,14.6,18.2,12.99,87,1012.2,92,24.3,Lagos
2024-06-10,29.9,25.7,27.6,3.2,16.3,19.74,82,1012.6,75,24.2,Lagos
2024-06-11,28.2,25.1,26.1,9.5,14.1,11.64,87,1013.4,94,23.9,Lagos
2024-06-12,29.4,23.3,26.6,2.8,14.7,20.57,85,1011.9,68,23.8,Lagos
2024-06-13,30.2,25.5,27.6,0.5,17.1,20.95,82,1011.4,64,24.3,Lagos
2024-06-14,27.6,25.3,26.6,8.6,14.7,10.33,85,1011.5,95,23.9,Lagos
2024-06-15,28.1,24.4,25.6,19.8,17.1,13.32,87,1011.6,99,23.4,Lagos
2024-06-16,27.3,24.8,25.9,3.3,7.8,7.6,90,1011.4,100,24.1,Lagos
2024-06-17,28.8,24.5,26.5,1.7,14.8,17.6,86,1011.4,75,23.8,Lagos
2024-06-18,29.4,24.6,26.7,1.4,9.8,14.41,87,1011.1,88,24.2,Lagos
2024-06-19,30.3,25.4,27.5,1.6,18.7,21.47,83,1010.2,64,24.3,Lagos
2024-06-20,28.3,25.2,26.7,5.2,14.7,17.27,84,1011.0,94,23.8,Lagos
2024-06-21,29.2,24.6,25.9,17.4,14.2,11.68,89,1012.2,100,23.8,Lagos
2024-06-22,29.3,23.7,26.5,1.1,16.3,20.62,86,1011.7,73,23.8,Lagos
2024-06-23,29.2,25.2,26.8,1.2,15.3,18.68,86,1011.4,96,24.2,Lagos
2024-06-24,29.7,25.7,26.8,10.7,12.5,15.89,85,1010.9,91,24.0,Lagos
2024-06-25,27.3,23.7,25.5,31.3,15.0,9.78,90,1011.3,100,23.7,Lagos
2024-06-26,29.2,24.0,26.3,6.2,15.3,17.16,87,1011.1,93,23.8,Lagos
2024-06-27,29.4,24.3,26.7,2.0,13.0,19.2,83,1010.6,73,23.6,Lagos
2024-06-28,29.1,25.5,27.0,9.6,17.6,17.84,84,1011.1,94,24.0,Lagos
2024-06-29,27.5,25.2,26.0,8.1,14.6,10.59,88,1011.3,98,23.9,Lagos
2024-06-30,29.0,24.4,26.5,2.3,16.9,18.77,86,1011.5,73,23.8,Lagos
2024-07-01,29.7,24.4,26.7,5.0,14.8,19.23,85,1012.3,83,23.9,Lagos
2024-07-02,28.1,24.4,26.2,14.5,19.4,13.66,86,1011.9,92,23.6,Lagos
2024-07-03,26.1,24.4,25.0,37.5,16.8,4.65,90,1011.8,100,23.3,Lagos
2024-07-04,27.3,23.9,25.2,21.9,14.0,7.73,89,1012.8,97,23.1,Lagos
2024-07-05,30.0,23.9,26.1,5.5,12.5,14.97,87,1012.6,97,23.6,Lagos
2024-07-06,27.7,24.2,25.7,22.3,12.6,10.16,89,1012.1,100,23.9,Lagos
2024-07-07,28.8,24.1,26.1,6.2,19.9,18.7,88,1011.9,93,23.8,Lagos
2024-07-08,27.9,23.9,25.4,14.0,14.1,10.49,88,1012.0,100,23.3,Lagos
2024-07-09,27.7,23.9,25.7,1.4,18.2,13.5,86,1011.5,80,23.0,Lagos
2024-07-10,28.2,24.4,25.9,9.9,17.8,15.81,85,1012.0,84,23.1,Lagos
2024-07-11,27.4,24.5,25.5,4.8,20.0,10.9,86,1012.7,100,23.1,Lagos
2024-07-12,27.6,24.1,25.7,5.7,18.9,11.34,86,1012.9,97,23.1,Lagos
2024-07-13,28.4,24.8,26.1,2.7,20.6,18.14,84,1013.4,86,23.1,Lagos
2024-07-14,28.2,24.8,26.2,5.5,17.3,18.59,84,1013.5,81,23.2,Lagos
2024-07-15,28.5,24.5,26.2,0.4,21.5,15.8,83,1013.8,90,23.0,Lagos
2024-07-16,27.7,24.7,25.9,0.9,20.8,10.09,85,1013.4,100,23.1,Lagos
2024-07-17,28.0,24.9,26.1,0.5,20.5,16.23,83,1013.0,95,23.0,Lagos
2024-07-18,28.3,24.5,26.1,0.8,24.3,21.38,83,1013.4,69,23.0,Lagos
2024-07-19,27.8,24.3,25.8,1.8,22.6,14.99,83,1013.5,78,22.7,Lagos
2024-07-20,27.7,24.5,25.6,2.6,25.7,16.56,84,1012.6,96,22.8,Lagos
2024-07-21,27.7,24.3,25.6,1.2,23.4,19.85,83,1013.6,54,22.4,Lagos
2024-07-22,28.0,23.7,25.6,0.7,19.6,17.32,83,1014.5,73,22.5,Lagos
2024-07-23,27.8,24.1,25.7,0.3,19.0,18.56,82,1015.5,62,22.4,Lagos
2024-07-24,27.6,24.4,25.6,0.2,19.1,20.18,84,1015.1,99,22.6,Lagos
2024-07-25,28.2,24.1,25.7,0.1,21.4,19.71,81,1014.1,79,22.2,Lagos
2024-07-26,28.1,24.3,25.8,0.9,22.9,19.5,83,1013.6,54,22.6,Lagos
2024-07-27,27.7,24.4,25.8,0.2,20.6,17.28,81,1013.5,71,22.3,Lagos
2024-07-28,27.6,24.3,25.7,1.1,26.4,17.25,81,1013.6,94,22.3,Lagos
2024-07-29,28.2,24.5,25.9,0.2,21.9,16.85,81,1013.3,93,22.4,Lagos
2024-07-30,28.2,24.1,25.7,1.6,24.4,17.44,81,1012.9,93,22.1,Lagos
2024-07-31,27.2,24.2,25.5,0.8,23.0,15.25,83,1012.3,74,22.4,Lagos
2024-08-01,27.4,24.1,25.5,1.0,22.2,16.49,82,1012.7,93,22.3,Lagos
2024-08-02,28.0,24.0,25.4,2.8,20.7,20.16,84,1012.7,76,22.5,Lagos
2024-08-03,27.6,23.3,25.3,1.2,20.4,21.82,84,1013.3,89,22.4,Lagos
2024-08-04,27.6,23.8,25.5,0.8,20.4,19.19,83,1014.4,90,22.2,Lagos
2024-08-05,27.4,23.5,25.4,0.8,19.2,17.77,82,1013.9,95,22.0,Lagos
2024-08-06,27.7,24.2,25.6,0.8,23.2,19.64,81,1012.5,81,22.0,Lagos
2024-08-07,27.9,24.2,25.6,0.6,25.2,16.81,82,1011.5,86,22.2,Lagos
2024-08-08,27.3,23.9,25.4,1.3,20.9,14.61,83,1011.8,85,22.3,Lagos
2024-08-09,28.6,23.7,25.6,0.3,18.2,20.52,84,1012.1,80,22.6,Lagos
2024-08-10,28.7,24.0,25.9,0.1,22.2,20.78,81,1012.0,62,22.3,Lagos
2024-08-11,28.5,24.4,25.9,0.6,20.7,19.79,78,1012.0,61,21.8,Lagos
2024-08-12,27.6,24.4,25.9,1.4,21.6,14.86,80,1011.8,93,22.1,Lagos
2024-08-13,27.8,24.8,25.9,0.6,23.0,15.21,81,1012.5,93,22.4,Lagos
2024-08-14,28.3,24.3,25.9,1.8,21.2,20.07,81,1013.4,89,22.4,Lagos
2024-08-15,28.1,24.2,25.9,0.3,21.4,16.06,81,1013.1,88,22.3,Lagos
2024-08-16,27.5,24.4,25.9,1.1,25.7,14.14,83,1012.2,100,22.6,Lagos
2024-08-17,28.3,24.4,26.1,0.8,24.3,22.21,81,1012.6,44,22.5,Lagos
2024-08-18,28.9,24.2,26.1,0.4,16.4,19.9,82,1013.7,95,22.6,Lagos
2024-08-19,27.6,24.2,25.3,6.5,18.6,8.51,87,1013.2,100,22.9,Lagos
2024-08-20,26.4,23.4,24.9,13.6,20.5,8.07,88,1012.9,100,22.8,Lagos
2024-08-21,28.1,24.0,25.6,1.3,20.1,21.6,86,1013.3,68,22.9,Lagos
2024-08-22,28.8,24.0,25.8,0.5,20.5,19.38,84,1012.1,75,22.8,Lagos
2024-08-23,26.7,24.2,25.1,20.1,28.4,9.7,87,1011.0,100,22.8,Lagos
2024-08-24,26.5,23.6,24.8,11.3,16.2,10.9,89,1013.1,95,22.8,Lagos
2024-08-25,28.3,23.6,25.4,5.3,19.1,14.57,88,1013.0,100,23.2,Lagos
2024-08-26,27.3,24.1,25.3,10.8,23.0,13.59,89,1011.3,99,23.3,Lagos
2024-08-27,28.1,24.7,25.8,0.7,27.6,20.62,85,1011.5,71,23.0,Lagos
2024-08-28,28.2,24.0,25.6,1.5,18.2,19.71,86,1013.3,72,23.0,Lagos
2024-08-29,27.6,23.7,25.5,1.9,17.4,14.42,85,1013.1,98,22.8,Lagos
2024-08-30,27.7,24.4,25.6,3.6,25.2,15.8,84,1011.9,100,22.6,Lagos
2024-08-31,27.8,24.4,25.9,0.6,23.3,19.69,82,1011.8,80,22.5,Lagos
2024-09-01,28.1,24.2,25.7,1.0,20.1,22.04,83,1012.6,66,22.4,Lagos
2024-09-02,28.4,23.7,25.6,0.1,19.4,22.71,82,1012.7,46,22.2,Lagos
2024-09-03,28.1,24.0,25.6,0.0,20.9,20.55,83,1012.2,93,22.4,Lagos
2024-09-04,28.8,23.8,25.8,0.0,17.6,22.11,82,1012.4,65,22.4,Lagos
2024-09-05,29.2,24.1,26.0,0.1,20.9,22.86,82,1012.4,37,22.5,Lagos
2024-09-06,29.1,24.1,25.9,0.0,21.5,19.61,83,1012.0,82,22.5,Lagos
2024-09-07,27.6,24.4,25.4,8.6,18.8,13.36,85,1012.6,96,22.7,Lagos
2024-09-08,28.6,23.5,25.7,0.4,17.4,23.17,84,1012.9,51,22.7,Lagos
2024-09-09,29.1,23.9,26.1,0.6,19.9,21.84,83,1012.6,55,22.9,Lagos
2024-09-10,29.3,24.7,26.1,10.8,19.6,16.27,85,1011.4,95,23.4,Lagos
2024-09-11,28.4,24.7,26.2,7.4,19.9,18.71,84,1011.3,95,23.2,Lagos
2024-09-12,27.7,24.7,26.0,12.3,17.1,16.83,85,1012.4,93,23.1,Lagos
2024-09-13,28.8,23.9,25.6,13.5,17.9,15.92,87,1012.5,93,23.2,Lagos
2024-09-14,27.5,23.8,25.6,12.2,18.2,16.8,86,1012.4,88,23.1,Lagos
2024-09-15,28.8,24.0,26.0,4.0,16.1,19.07,86,1012.3,75,23.3,Lagos
2024-09-16,28.9,24.1,26.2,0.9,19.2,20.44,84,1012.6,56,23.2,Lagos
2024-09-17,27.4,24.0,25.1,18.0,16.1,9.4,89,1012.1,94,23.3,Lagos
2024-09-18,28.1,24.4,25.5,12.5,17.9,12.77,87,1011.8,91,23.2,Lagos
2024-09-19,28.3,24.2,26.0,1.7,21.2,19.65,84,1011.5,83,22.9,Lagos
2024-09-20,28.7,24.7,26.1,1.8,15.5,15.4,84,1011.0,73,23.1,Lagos
2024-09-21,28.8,23.9,25.8,2.3,14.8,14.38,86,1010.1,91,23.2,Lagos
2024-09-22,28.1,24.7,26.0,4.4,20.0,16.8,85,1010.2,70,23.3,Lagos
2024-09-23,28.7,24.5,26.3,1.7,20.0,20.35,83,1011.2,68,23.2,Lagos
2024-09-24,28.9,24.6,26.0,7.4,16.8,15.99,86,1011.3,82,23.4,Lagos
2024-09-25,27.8,23.9,25.0,19.8,16.1,11.53,89,1011.8,94,23.1,Lagos
2024-09-26,28.8,23.4,25.9,2.4,15.9,20.37,85,1012.0,80,23.1,Lagos
2024-09-27,28.4,24.6,26.2,7.2,20.0,15.55,84,1011.6,81,23.3,Lagos
2024-09-28,28.1,24.1,26.0,9.9,17.5,16.17,85,1011.6,86,23.2,Lagos
2024-09-29,28.3,24.5,26.1,10.5,15.3,16.2,85,1011.7,82,23.4,Lagos
2024-09-30,28.4,24.2,25.9,21.3,18.5,17.0,87,1010.3,77,23.6,Lagos
2024-10-01,29.1,24.3,26.2,0.6,18.1,18.56,85,1009.5,64,23.5,Lagos
2024-10-02,29.9,25.0,26.7,3.0,18.2,20.74,83,1009.1,88,23.5,Lagos
2024-10-03,27.2,23.9,25.7,16.0,14.5,8.52,88,1009.8,100,23.5,Lagos
2024-10-04,28.4,24.3,25.8,7.0,23.2,14.0,87,1010.8,99,23.4,Lagos
2024-10-05,27.6,24.0,25.1,9.8,15.9,9.38,89,1012.2,100,23.2,Lagos
2024-10-06,27.5,23.8,25.3,7.9,12.2,13.17,89,1012.8,90,23.2,Lagos
2024-10-07,28.3,23.7,25.5,5.0,13.1,12.94,90,1012.6,100,23.7,Lagos
2024-10-08,29.7,23.6,25.7,0.6,12.3,16.3,88,1012.8,81,23.4,Lagos
2024-10-09,28.6,24.5,26.0,2.9,17.1,15.24,86,1012.9,81,23.5,Lagos
2024-10-10,29.0,23.9,26.4,0.3,15.3,19.22,85,1011.6,83,23.6,Lagos
2024-10-11,29.6,24.5,26.8,1.0,19.2,20.78,84,1011.3,58,23.7,Lagos
2024-10-12,28.6,23.6,26.0,10.3,16.1,13.81,87,1011.6,98,23.6,Lagos
2024-10-13,26.5,24.2,25.1,11.2,14.3,7.76,91,1012.6,100,23.5,Lagos
2024-10-14,28.1,24.3,25.7,12.1,15.1,15.34,88,1013.0,92,23.4,Lagos
2024-10-15,29.5,23.7,26.2,1.3,13.9,19.01,86,1012.3,76,23.6,Lagos
2024-10-16,28.4,24.5,26.0,7.4,12.6,15.14,88,1012.3,96,23.7,Lagos
2024-10-17,26.0,23.8,24.8,27.9,14.0,5.48,92,1013.0,100,23.3,Lagos
2024-10-18,29.3,22.9,25.6,4.0,13.3,19.66,87,1012.2,64,23.2,Lagos
2024-10-19,29.3,23.5,26.0,6.3,13.1,16.96,87,1011.2,78,23.6,Lagos
2024-10-20,29.1,24.3,26.5,3.3,15.6,19.25,87,1011.3,87,24.0,Lagos
2024-10-21,28.9,24.3,26.5,4.0,13.0,18.29,86,1011.3,68,24.0,Lagos
2024-10-22,28.4,24.1,26.1,6.2,10.0,15.58,89,1011.0,85,24.0,Lagos
2024-10-23,29.7,23.7,26.7,1.2,13.4,19.43,86,1010.9,62,24.1,Lagos
2024-10-24,29.9,25.1,27.1,0.7,17.9,20.03,85,1011.0,60,24.3,Lagos
2024-10-25,29.9,25.5,26.7,25.0,17.0,12.24,86,1011.1,98,24.1,Lagos
2024-10-26,29.7,24.7,26.8,2.3,12.4,18.32,87,1010.9,74,24.3,Lagos
2024-10-27,29.9,24.0,27.0,0.5,14.3,21.91,87,1010.1,21,24.5,Lagos
2024-10-28,29.1,25.7,27.3,3.5,14.2,18.06,86,1009.8,85,24.6,Lagos
2024-10-29,29.2,24.9,26.6,5.1,12.9,18.05,86,1010.5,76,24.2,Lagos
2024-10-30,29.6,24.5,26.6,3.9,14.7,18.9,87,1010.4,72,24.2,Lagos
2024-10-31,29.7,25.1,27.2,0.4,13.3,20.75,86,1010.3,36,24.6,Lagos
2024-11-01,30.0,25.3,27.5,1.3,12.7,18.69,86,1009.9,58,24.8,Lagos
2024-11-02,29.2,25.6,27.0,2.7,19.5,19.75,86,1009.6,55,24.5,Lagos
2024-11-03,28.9,24.9,26.5,5.8,17.4,15.97,87,1011.3,64,24.1,Lagos
2024-11-04,31.2,23.9,27.3,1.8,14.2,21.81,83,1010.7,46,23.9,Lagos
2024-11-05,31.8,24.2,27.2,0.0,14.3,22.35,84,1009.1,9,24.1,Lagos
2024-11-06,30.1,24.2,27.0,1.7,13.0,20.15,86,1008.3,18,24.3,Lagos
2024-11-07,31.0,24.7,27.6,0.0,15.7,16.06,83,1009.2,92,24.1,Lagos
2024-11-08,30.9,25.3,27.9,0.0,17.2,20.98,82,1009.9,75,24.4,Lagos
2024-11-09,30.1,25.1,27.2,0.9,16.3,17.72,85,1010.6,98,24.4,Lagos
2024-11-10,29.7,24.7,26.7,3.6,16.3,16.88,84,1010.9,69,23.8,Lagos
2024-11-11,30.0,24.5,26.9,0.8,10.8,19.51,86,1009.1,30,24.2,Lagos
2024-11-12,30.9,24.2,27.3,0.3,13.0,20.75,85,1008.3,61,24.3,Lagos
2024-11-13,32.0,25.4,28.2,0.0,13.4,19.58,82,1008.5,88,24.8,Lagos
2024-11-14,31.0,25.1,27.4,11.1,14.6,18.72,85,1008.9,63,24.5,Lagos
2024-11-15,31.2,25.8,27.9,0.4,9.7,19.28,82,1009.3,74,24.4,Lagos
2024-11-16,30.8,25.7,27.7,1.4,12.7,18.49,84,1009.0,26,24.7,Lagos
2024-11-17,30.2,25.2,27.5,2.2,9.5,18.35,84,1009.1,57,24.4,Lagos
2024-11-18,31.2,24.9,27.6,1.1,11.3,19.68,85,1009.4,19,24.5,Lagos
2024-11-19,32.2,25.0,28.0,0.0,9.5,20.0,80,1009.8,55,24.0,Lagos
2024-11-20,33.5,25.4,28.6,0.0,13.8,20.32,78,1010.4,85,23.9,Lagos
2024-11-21,32.0,25.2,28.1,0.0,13.7,19.71,82,1009.9,16,24.4,Lagos
2024-11-22,30.4,25.3,27.4,7.2,12.9,18.54,84,1010.5,38,24.3,Lagos
2024-11-23,31.2,25.9,27.9,1.9,11.1,17.3,82,1010.6,45,24.5,Lagos
2024-11-24,32.7,25.2,27.8,0.0,11.4,19.91,83,1010.6,32,24.3,Lagos
2024-11-25,33.0,25.1,27.8,0.0,15.1,19.22,83,1010.8,23,24.3,Lagos
2024-11-26,31.3,25.6,27.9,3.1,12.1,18.08,83,1011.0,33,24.6,Lagos
2024-11-27,31.1,25.8,27.7,0.8,14.5,17.62,83,1011.0,18,24.5,Lagos
2024-11-28,32.4,25.2,27.9,0.0,12.2,19.14,80,1010.8,7,23.8,Lagos
2024-11-29,33.1,24.4,28.0,0.0,8.6,20.42,71,1011.5,12,21.0,Lagos
2024-11-30,34.2,23.2,27.9,0.0,11.5,20.71,66,1011.3,72,19.9,Lagos
2024-12-01,34.1,23.8,28.1,0.0,12.3,20.64,64,1009.6,24,19.7,Lagos
2024-12-02,33.7,23.5,28.0,0.0,12.3,20.29,72,1009.2,0,22.0,Lagos
2024-12-03,33.7,24.7,28.3,0.0,12.3,18.43,78,1009.3,14,23.8,Lagos
2024-12-04,32.2,25.5,28.0,1.6,17.0,17.6,81,1009.7,29,24.2,Lagos
2024-12-05,31.2,25.3,27.8,4.3,11.2,17.38,83,1010.2,22,24.5,Lagos
2024-12-06,31.1,25.3,27.5,0.7,11.6,18.45,83,1009.7,47,24.1,Lagos
2024-12-07,32.8,24.4,27.9,0.0,11.9,19.47,77,1009.5,32,22.9,Lagos
2024-12-08,33.7,24.9,28.4,0.0,10.7,20.11,69,1009.3,3,21.1,Lagos
2024-12-09,32.8,24.5,27.9,0.0,10.1,17.6,72,1009.5,93,21.8,Lagos
2024-12-10,33.9,23.7,28.0,0.0,14.5,19.89,75,1009.0,50,22.5,Lagos
2024-12-11,33.1,25.4,28.4,0.0,14.4,16.89,80,1009.1,90,24.4,Lagos
2024-12-12,32.1,25.7,28.5,0.8,12.0,18.0,80,1008.8,71,24.5,Lagos
2024-12-13,31.6,25.1,28.0,2.0,12.3,17.59,82,1009.1,39,24.4,Lagos
2024-12-14,32.4,24.5,27.9,0.0,13.0,19.28,81,1009.0,18,24.0,Lagos
2024-12-15,33.3,24.6,28.1,0.0,12.3,18.24,80,1009.4,17,23.8,Lagos
2024-12-16,33.6,25.0,28.4,0.0,12.2,19.25,78,1010.2,8,23.7,Lagos
2024-12-17,34.0,25.3,28.5,0.0,13.1,19.18,77,1010.3,21,23.5,Lagos
2024-12-18,33.6,24.1,28.2,0.0,12.3,19.61,74,1010.6,7,22.5,Lagos
2024-12-19,33.8,24.5,28.2,0.0,12.1,20.05,57,1011.1,42,16.9,Lagos
2024-12-20,34.0,23.8,27.6,0.0,11.6,20.05,46,1011.2,5,13.4,Lagos
2024-12-21,33.7,23.3,27.4,0.0,10.7,16.51,44,1010.2,47,12.7,Lagos
2024-12-22,33.5,22.5,27.6,0.0,8.7,19.8,50,1010.0,6,14.8,Lagos
2024-12-23,33.6,22.5,27.4,0.0,13.0,19.52,69,1009.7,25,20.5,Lagos
2024-12-24,32.7,23.9,27.5,0.0,11.9,17.79,79,1009.5,40,23.1,Lagos
2024-12-25,34.0,24.4,28.1,0.0,14.3,18.54,77,1009.4,13,23.2,Lagos
2024-12-26,34.4,25.1,28.5,0.0,14.4,18.61,78,1009.5,14,23.7,Lagos
2024-12-27,33.4,24.8,28.3,0.0,13.3,17.64,80,1009.4,47,24.0,Lagos
2024-12-28,33.8,24.7,28.1,0.0,13.5,16.95,81,1009.7,51,24.0,Lagos
2024-12-29,33.8,24.7,28.3,0.0,13.4,18.34,79,1009.9,51,23.9,Lagos
2024-12-30,33.7,25.3,28.7,0.0,12.8,18.48,78,1009.6,84,24.1,Lagos
2024-12-31,32.9,25.6,28.3,0.0,13.5,17.7,81,1009.2,24,24.5,Lagos
2025-01-01,33.0,25.6,28.6,0.0,13.6,17.52,79,1008.4,38,24.3,Lagos
2025-01-02,32.8,25.2,28.7,0.0,13.8,17.87,79,1008.3,44,24.3,Lagos
2025-01-03,32.5,25.9,28.8,0.2,13.6,17.24,79,1009.2,74,24.6,Lagos
2025-01-04,32.7,26.3,28.8,1.4,12.9,16.61,81,1009.4,37,24.9,Lagos
2025-01-05,32.9,26.2,28.8,0.3,15.5,16.98,81,1008.8,43,25.0,Lagos
2025-01-06,32.7,26.2,28.6,1.6,13.5,16.46,81,1009.1,66,24.9,Lagos
2025-01-07,32.2,26.4,28.6,0.5,12.3,16.39,82,1009.2,47,25.1,Lagos
2025-01-08,32.5,25.9,28.4,1.1,12.3,17.62,84,1009.3,30,25.2,Lagos
2025-01-09,32.7,25.8,28.3,0.1,13.1,17.73,80,1009.1,28,24.3,Lagos
2025-01-10,34.1,25.3,28.5,0.2,12.8,17.84,77,1008.9,20,23.5,Lagos
2025-01-11,33.5,24.4,28.1,0.0,10.8,19.76,55,1009.3,32,16.3,Lagos
2025-01-12,34.4,22.4,27.7,0.0,11.7,19.65,58,1009.6,88,16.6,Lagos
2025-01-13,32.7,23.4,27.7,0.0,14.6,18.97,76,1008.6,72,22.7,Lagos
2025-01-14,32.4,24.5,28.0,0.0,12.5,18.25,78,1007.7,59,23.6,Lagos
2025-01-15,33.2,25.4,28.7,0.0,13.1,17.73,78,1007.6,76,24.3,Lagos
2025-01-16,34.1,25.8,29.1,0.0,12.4,17.41,80,1007.7,60,24.8,Lagos
2025-01-17,34.8,26.8,29.4,0.0,16.8,17.53,79,1008.4,69,24.9,Lagos
2025-01-18,30.0,26.8,27.9,1.0,21.4,13.36,83,1010.1,93,24.6,Lagos
2025-01-19,30.8,26.6,28.2,0.2,16.7,16.21,75,1010.7,82,23.2,Lagos
2025-01-20,31.5,24.6,27.8,1.0,13.7,17.75,78,1010.6,92,23.4,Lagos
2025-01-21,32.3,25.5,28.3,0.0,13.5,17.41,80,1010.3,99,24.2,Lagos
2025-01-22,32.7,26.5,28.6,0.6,15.0,16.61,81,1009.8,73,24.8,Lagos
2025-01-23,30.3,25.1,27.5,3.8,14.4,16.93,83,1010.0,61,24.2,Lagos
2025-01-24,32.1,25.5,28.1,0.9,11.3,17.02,80,1009.7,48,24.0,Lagos
2025-01-25,31.8,25.9,28.2,1.2,12.6,17.49,82,1010.1,30,24.6,Lagos
2025-01-26,30.3,26.0,27.8,1.4,12.9,15.29,84,1010.3,84,24.7,Lagos
2025-01-27,31.5,24.9,27.6,2.0,15.3,17.58,83,1010.6,38,24.3,Lagos
2025-01-28,32.3,25.6,28.2,0.9,13.5,17.99,82,1010.0,29,24.6,Lagos
2025-01-29,30.5,25.6,27.5,1.7,10.9,16.86,83,1010.6,82,24.4,Lagos
2025-01-30,31.5,25.4,27.9,0.8,11.0,17.9,82,1010.0,64,24.3,Lagos
2025-01-31,32.1,25.7,28.2,2.9,12.2,17.88,82,1008.8,64,24.6,Lagos
2025-02-01,31.9,26.1,28.3,0.2,13.8,18.42,83,1008.7,53,24.9,Lagos
2025-02-02,31.6,25.8,28.4,2.5,10.8,18.36,79,1008.6,52,24.2,Lagos
2025-02-03,32.6,25.8,28.6,0.2,11.5,19.14,80,1007.1,33,24.7,Lagos
2025-02-04,33.8,26.8,29.2,0.0,15.5,17.88,79,1006.9,45,25.0,Lagos
2025-02-05,32.0,26.7,28.9,0.7,14.5,17.89,81,1007.8,62,25.2,Lagos
2025-02-06,32.1,26.6,29.0,1.0,14.3,18.49,78,1007.1,64,24.6,Lagos
2025-02-07,32.7,27.3,29.0,1.1,14.4,18.35,78,1007.4,81,24.7,Lagos
2025-02-08,30.2,26.7,28.0,4.4,12.2,13.12,83,1008.3,88,24.7,Lagos
2025-02-09,31.7,25.8,28.1,0.5,12.5,18.88,82,1008.3,33,24.7,Lagos
2025-02-10,32.2,26.8,28.8,2.8,13.4,17.7,82,1006.2,86,25.3,Lagos
2025-02-11,32.5,26.9,28.7,1.4,14.5,16.8,84,1006.3,64,25.6,Lagos
2025-02-12,31.1,26.2,28.2,1.8,11.6,17.4,84,1007.6,89,25.2,Lagos
2025-02-13,32.3,26.4,28.3,3.9,12.1,18.42,84,1008.6,51,25.2,Lagos
2025-02-14,32.3,26.1,28.3,0.8,13.4,18.48,84,1008.9,74,25.2,Lagos
2025-02-15,32.0,26.4,28.6,1.4,12.3,19.38,83,1008.5,77,25.3,Lagos
2025-02-16,33.5,26.6,28.9,0.3,14.6,18.69,82,1007.7,74,25.3,Lagos
2025-02-17,33.5,26.6,29.1,0.4,13.6,19.18,82,1007.5,58,25.3,Lagos
2025-02-18,32.3,27.2,29.1,0.0,12.9,18.19,83,1007.9,100,25.8,Lagos
2025-02-19,31.6,27.0,28.8,2.3,14.4,19.36,81,1009.1,73,25.0,Lagos
2025-02-20,32.4,27.0,29.0,0.9,12.2,19.51,81,1009.1,65,25.3,Lagos
2025-02-21,32.0,27.1,28.9,2.0,15.9,18.59,81,1008.4,67,25.2,Lagos
2025-02-22,32.0,26.4,28.3,12.7,14.1,18.87,82,1008.6,96,24.8,Lagos
2025-02-23,31.1,25.2,27.5,0.8,11.1,11.78,84,1009.2,98,24.3,Lagos
2025-02-24,31.9,26.2,28.7,0.1,14.5,19.13,81,1009.2,77,24.9,Lagos
2025-02-25,31.9,26.8,28.7,5.5,13.8,18.87,81,1009.6,68,25.0,Lagos
2025-02-26,31.6,26.4,28.4,1.4,14.8,18.61,83,1010.0,100,25.1,Lagos
2025-02-27,32.4,26.1,28.6,0.7,13.1,19.76,80,1009.5,79,24.7,Lagos
2025-02-28,31.8,26.0,28.2,1.5,13.7,19.44,84,1008.9,82,25.1,Lagos
2025-03-01,31.7,26.6,28.7,1.0,12.5,19.61,84,1008.1,84,25.5,Lagos
2025-03-02,32.3,26.9,29.0,0.4,14.1,19.41,81,1007.4,98,25.4,Lagos
2025-03-03,32.2,27.3,28.9,4.4,16.4,18.56,82,1007.3,92,25.3,Lagos
2025-03-04,32.0,26.4,28.4,2.8,19.8,19.27,82,1006.8,80,25.0,Lagos
2025-03-05,30.7,27.0,28.5,7.6,15.4,18.7,81,1007.1,75,24.7,Lagos
2025-03-06,32.1,26.4,28.7,3.4,17.2,19.25,78,1008.7,82,24.4,Lagos
2025-03-07,32.7,26.7,29.0,0.5,13.5,19.17,80,1008.7,95,25.0,Lagos
2025-03-08,32.2,27.4,29.3,0.3,14.7,18.5,80,1007.9,95,25.3,Lagos
2025-03-09,31.2,27.5,28.9,1.9,15.7,17.16,82,1007.5,100,25.4,Lagos
2025-03-10,32.7,27.5,29.3,0.8,15.6,20.2,78,1008.5,87,24.9,Lagos
2025-03-11,31.3,27.2,28.7,2.8,16.2,17.52,81,1009.1,87,25.1,Lagos
2025-03-12,31.8,27.0,29.1,0.3,14.3,18.31,80,1008.4,100,25.2,Lagos
2025-03-13,32.2,26.5,29.2,0.5,17.4,19.18,79,1008.0,98,25.1,Lagos
2025-03-14,31.9,27.4,29.2,0.7,14.6,20.47,77,1008.9,42,24.7,Lagos
2025-03-15,32.0,27.6,28.9,2.2,14.1,18.18,80,1010.0,92,25.0,Lagos
2025-03-16,31.7,27.4,29.1,4.3,16.3,18.42,81,1010.0,98,25.5,Lagos
2025-03-17,32.2,25.7,28.7,3.2,16.4,19.38,81,1009.6,82,24.9,Lagos
2025-03-18,31.3,26.5,28.5,2.1,15.8,15.79,81,1008.5,93,24.9,Lagos
2025-03-19,30.5,26.7,28.3,2.7,14.4,19.39,81,1009.7,86,24.7,Lagos
2025-03-20,30.9,27.0,28.6,0.2,14.1,13.04,82,1011.1,100,25.1,Lagos
2025-03-21,31.9,27.6,29.0,1.3,15.5,18.78,80,1011.1,85,25.1,Lagos
2025-03-22,31.5,26.0,28.4,3.3,11.8,18.95,81,1010.0,95,24.8,Lagos
2025-03-23,31.6,26.6,28.0,2.4,14.8,16.3,82,1009.7,93,24.5,Lagos
2025-03-24,31.5,26.8,28.6,5.9,12.3,20.22,82,1010.2,81,25.0,Lagos
2025-03-25,31.9,27.1,28.8,2.8,14.5,17.74,80,1010.1,84,24.9,Lagos
2025-03-26,29.0,25.9,27.4,7.4,16.7,13.26,85,1009.4,96,24.6,Lagos
2025-03-27,31.5,25.4,28.5,0.8,13.9,20.5,81,1007.9,88,24.7,Lagos
2025-03-28,31.2,27.2,28.8,1.9,13.1,20.05,78,1007.9,40,24.6,Lagos
2025-03-29,31.8,27.5,29.2,0.3,17.0,19.98,78,1007.4,81,24.9,Lagos
2025-03-30,31.8,26.7,28.3,18.6,18.7,16.75,83,1007.8,99,25.1,Lagos
2025-03-31,31.4,25.6,28.4,9.6,17.2,18.12,82,1008.0,99,24.8,Lagos
2025-04-01,31.2,27.3,28.6,6.0,16.6,19.11,82,1007.7,94,25.1,Lagos
2025-04-02,30.6,24.6,27.7,18.9,15.2,16.41,84,1007.9,98,24.7,Lagos
2025-04-03,31.4,25.3,27.9,4.8,12.6,18.56,82,1009.0,74,24.4,Lagos
2025-04-04,31.7,26.9,28.9,0.1,13.0,20.92,79,1009.5,33,24.9,Lagos
2025-04-05,32.2,27.7,29.2,0.4,16.0,21.41,80,1009.3,62,25.2,Lagos
2025-04-06,32.0,27.0,28.9,3.0,16.2,20.54,81,1008.7,93,25.2,Lagos
2025-04-07,31.2,27.3,29.0,0.7,16.0,19.35,80,1008.7,90,25.2,Lagos
2025-04-08,31.9,26.9,28.8,1.2,17.2,20.88,81,1010.7,74,25.1,Lagos
2025-04-09,30.9,24.5,27.4,25.7,13.9,11.38,84,1011.6,100,24.4,Lagos
2025-04-10,31.3,26.7,28.5,5.7,13.8,16.97,81,1009.6,99,24.9,Lagos
2025-04-11,30.2,25.1,27.2,25.4,11.0,16.5,86,1008.9,91,24.6,Lagos
2025-04-12,31.2,25.0,28.1,0.0,11.1,21.42,82,1009.1,89,24.5,Lagos
2025-04-13,31.8,27.4,29.0,5.0,14.6,21.1,79,1009.4,72,24.8,Lagos
2025-04-14,31.8,27.6,28.6,13.4,15.3,18.62,82,1009.3,100,25.2,Lagos
2025-04-15,30.8,25.1,28.1,4.1,17.3,19.91,82,1009.9,95,24.7,Lagos
2025-04-16,30.9,25.5,28.3,5.7,17.8,21.11,81,1010.3,89,24.7,Lagos
2025-04-17,31.8,26.1,28.5,3.5,12.5,18.1,80,1010.5,90,24.6,Lagos
2025-04-18,32.1,26.4,28.9,0.2,14.7,21.06,81,1009.1,53,25.2,Lagos
2025-04-19,31.3,27.6,28.8,3.6,15.2,19.18,80,1008.4,87,24.9,Lagos
2025-04-20,31.5,26.9,28.6,8.1,13.0,20.1,81,1007.9,93,24.9,Lagos
2025-04-21,32.1,26.8,29.0,2.6,14.2,20.39,79,1007.0,60,24.9,Lagos
2025-04-22,32.0,25.6,29.0,14.7,17.6,20.69,78,1007.7,87,24.8,Lagos
2025-04-23,30.8,24.6,27.5,6.8,14.3,18.77,84,1008.7,91,24.4,Lagos
2025-04-24,32.2,26.4,28.8,0.0,12.9,21.94,80,1008.1,78,24.8,Lagos
2025-04-25,32.0,27.2,29.3,0.1,16.1,21.67,78,1007.3,68,24.9,Lagos
2025-04-26,30.6,26.7,28.5,6.9,13.1,15.41,82,1008.1,86,25.0,Lagos
2025-04-27,30.1,24.4,27.1,1.0,13.9,11.92,86,1008.5,96,24.5,Lagos
2025-04-28,31.9,26.3,28.6,1.7,11.1,19.59,83,1008.2,90,25.2,Lagos
2025-04-29,30.3,26.1,27.2,4.4,15.2,13.24,86,1007.8,100,24.6,Lagos
2025-04-30,31.8,24.9,28.1,0.0,12.3,19.22,79,1007.4,90,23.9,Lagos
2025-05-01,30.7,24.9,27.5,3.5,10.1,14.27,82,1008.9,97,24.1,Lagos
2025-05-02,30.1,24.8,27.4,21.2,8.1,14.83,83,1010.3,100,24.1,Lagos
2025-05-03,31.3,24.7,27.7,0.0,10.0,21.34,79,1010.6,100,23.6,Lagos
2025-05-04,31.2,26.9,28.6,5.2,11.9,19.08,80,1009.8,77,24.6,Lagos
2025-05-05,31.2,27.0,28.6,3.7,13.3,20.37,79,1010.0,68,24.6,Lagos
2025-05-06,31.5,25.6,28.6,1.0,13.2,21.79,81,1010.1,43,24.8,Lagos
2025-05-07,31.9,26.9,29.2,7.3,10.2,21.78,77,1010.1,63,24.5,Lagos
2025-05-08,31.9,25.8,28.2,11.5,13.9,18.67,80,1009.6,99,24.3,Lagos
2025-05-09,29.7,26.9,28.2,14.9,14.8,17.46,80,1009.7,91,24.4,Lagos
2025-05-10,31.3,26.7,28.5,0.9,14.2,21.75,78,1011.7,79,24.1,Lagos
2025-05-11,32.1,26.5,28.8,0.3,12.4,21.97,78,1012.2,52,24.4,Lagos
2025-05-12,31.7,27.0,29.1,1.1,13.8,21.3,77,1011.1,43,24.5,Lagos
2025-05-13,30.6,26.0,28.1,8.1,15.4,17.41,80,1010.1,64,24.2,Lagos
2025-05-14,31.7,25.8,28.6,0.1,13.9,22.71,78,1009.5,76,24.2,Lagos
2025-05-15,31.9,27.0,28.8,1.7,12.3,19.3,78,1009.4,80,24.5,Lagos
2025-05-16,31.9,26.6,28.7,10.8,12.1,20.91,78,1008.8,89,24.4,Lagos
2025-05-17,30.3,25.9,27.5,26.8,11.3,14.11,83,1009.5,100,24.3,Lagos
2025-05-18,29.5,25.2,26.7,6.5,10.4,9.53,87,1010.4,99,24.2,Lagos
2025-05-19,31.9,24.9,27.9,0.0,13.3,22.47,79,1010.6,53,23.8,Lagos
2025-05-20,30.4,25.6,27.3,7.7,15.9,15.51,83,1010.8,78,24.1,Lagos
2025-05-21,30.2,24.5,27.0,2.4,14.6,18.37,84,1010.8,87,23.9,Lagos
2025-05-22,30.7,25.2,27.6,7.2,8.9,20.1,83,1011.8,59,24.3,Lagos
2025-05-23,29.8,25.4,27.3,10.6,15.6,18.93,84,1011.5,85,24.2,Lagos
2025-05-24,29.9,25.6,27.0,13.4,16.1,14.04,84,1012.4,93,24.1,Lagos
2025-05-25,31.6,25.1,27.9,0.0,10.6,20.89,79,1012.7,87,23.7,Lagos
2025-05-26,31.5,26.8,28.5,0.0,16.5,20.8,79,1012.5,77,24.3,Lagos
2025-05-27,30.1,25.7,27.9,1.0,13.8,17.61,82,1011.8,78,24.4,Lagos
2025-05-28,30.1,24.7,27.1,4.9,14.1,18.72,84,1012.9,94,24.0,Lagos
2025-05-29,28.2,24.8,26.6,17.9,11.5,9.91,85,1013.9,100,23.7,Lagos
2025-05-30,31.2,24.8,27.3,5.7,8.9,18.37,84,1013.2,66,24.2,Lagos
2025-05-31,31.0,26.3,28.2,0.0,13.5,22.54,81,1012.2,52,24.4,Lagos
2025-06-01,31.3,26.8,28.3,0.8,17.3,19.56,80,1012.3,73,24.5,Lagos
2025-06-02,30.3,26.1,27.7,3.4,14.9,17.83,83,1012.3,68,24.4,Lagos
2025-06-03,30.0,24.3,26.9,21.5,15.6,21.04,84,1012.7,99,23.9,Lagos
2025-06-04,29.7,24.1,26.0,21.8,9.9,14.94,87,1013.2,94,23.5,Lagos
2025-06-05,30.9,25.2,27.5,5.9,11.8,20.39,82,1013.2,54,23.9,Lagos
2025-06-06,29.8,25.1,27.3,3.4,12.1,17.81,82,1013.1,45,23.8,Lagos
2025-06-07,28.7,24.4,26.2,10.8,9.9,12.39,85,1012.7,86,23.4,Lagos
2025-06-08,30.6,25.3,27.4,7.7,14.1,19.54,82,1012.2,61,23.9,Lagos
2025-06-09,29.6,25.6,26.8,17.8,10.9,14.72,86,1011.7,99,24.1,Lagos
2025-06-10,29.7,24.7,27.2,1.4,11.0,19.89,83,1011.2,79,24.0,Lagos
2025-06-11,30.0,25.6,27.0,8.8,12.6,16.79,84,1010.7,90,24.0,Lagos
2025-06-12,30.6,24.6,26.9,4.2,14.0,17.96,84,1011.0,98,23.7,Lagos
2025-06-13,29.7,25.0,27.1,1.8,13.8,15.69,84,1011.3,89,24.1,Lagos
2025-06-14,27.6,24.4,25.5,62.1,12.8,8.03,89,1012.9,99,23.5,Lagos
2025-06-15,30.4,24.1,26.1,21.8,11.0,16.32,87,1014.0,98,23.7,Lagos
2025-06-16,29.7,24.7,26.7,3.2,13.0,15.98,82,1013.7,99,23.4,Lagos
2025-06-17,29.4,25.3,26.8,2.4,12.7,14.93,83,1013.8,94,23.7,Lagos
2025-06-18,29.1,24.3,26.6,19.1,12.2,16.52,83,1014.1,99,23.5,Lagos
2025-06-19,28.9,23.8,26.0,24.4,12.1,14.16,85,1014.1,94,23.4,Lagos
2025-06-20,29.5,24.1,26.0,15.9,14.0,17.14,85,1013.7,69,23.2,Lagos
2025-06-21,28.6,24.9,26.2,3.4,10.9,11.4,85,1012.9,88,23.5,Lagos
2025-06-22,28.1,24.5,26.1,14.6,11.7,15.62,84,1012.7,93,23.2,Lagos
2025-06-23,29.3,24.5,26.2,6.1,9.8,17.25,86,1012.2,96,23.6,Lagos
2025-06-24,28.5,24.4,26.4,8.5,11.8,16.31,84,1011.2,87,23.5,Lagos
2025-06-25,30.2,24.5,27.0,3.3,12.6,19.8,82,1011.8,75,23.7,Lagos
2025-06-26,29.2,25.0,26.5,9.0,11.7,11.65,86,1012.1,98,23.9,Lagos
2025-06-27,28.8,24.0,25.9,3.4,12.5,13.47,85,1013.3,99,23.0,Lagos
2025-06-28,28.9,24.0,26.5,2.8,15.2,21.01,82,1012.8,62,23.1,Lagos
2025-06-29,28.5,25.2,26.5,12.0,15.2,16.29,83,1012.2,97,23.3,Lagos
2025-06-30,28.2,24.0,25.8,13.5,14.2,14.23,85,1011.9,84,23.0,Lagos
2025-07-01,29.4,23.9,26.3,9.5,15.0,18.29,82,1012.9,93,22.8,Lagos
2025-07-02,29.8,24.5,26.6,3.0,12.6,18.8,81,1013.1,88,23.0,Lagos
2025-07-03,28.5,24.0,25.5,14.0,17.1,12.56,85,1013.6,100,22.7,Lagos
2025-07-04,26.7,23.9,25.1,10.2,14.9,11.6,85,1013.9,99,22.5,Lagos
2025-07-05,28.4,23.2,25.5,5.6,16.0,15.54,83,1013.8,95,22.4,Lagos
2025-07-06,28.1,24.3,25.9,11.2,14.5,17.0,82,1013.5,95,22.5,Lagos
2025-07-07,27.2,24.5,25.6,16.0,15.8,12.84,83,1013.7,97,22.5,Lagos
2025-07-08,28.4,24.1,25.4,8.8,18.0,11.85,86,1014.2,100,22.9,Lagos
2025-07-09,28.4,23.8,25.4,4.7,16.3,14.28,86,1015.0,96,22.9,Lagos
2025-07-10,28.6,24.0,25.7,1.1,13.9,15.29,84,1014.5,96,22.8,Lagos
2025-07-11,28.0,23.8,25.7,2.4,17.1,17.73,83,1013.4,89,22.5,Lagos
2025-07-12,27.2,24.1,25.4,1.6,22.7,16.38,82,1013.0,88,22.0,Lagos
2025-07-13,28.2,23.7,25.6,0.8,15.9,22.16,79,1015.0,62,21.6,Lagos
2025-07-14,29.5,22.6,25.4,0.0,11.5,21.15,82,1016.1,71,21.8,Lagos
2025-07-15,28.7,23.5,25.5,0.1,13.8,22.32,83,1014.8,45,22.2,Lagos
2025-07-16,27.3,24.4,25.2,1.8,17.6,11.55,84,1013.7,91,22.3,Lagos
2025-07-17,27.7,24.1,25.5,2.8,18.1,18.81,81,1014.6,50,22.0,Lagos
2025-07-18,28.5,23.8,25.6,0.2,14.0,20.98,80,1015.3,44,21.8,Lagos
2025-07-19,28.6,23.6,25.5,0.3,14.3,19.89,82,1014.3,49,22.1,Lagos
2025-07-20,27.6,24.1,25.5,1.0,18.8,14.48,82,1012.9,77,22.0,Lagos
2025-07-21,28.3,24.3,25.7,0.7,22.3,19.3,81,1012.4,92,22.1,Lagos
2025-07-22,27.9,24.2,25.6,1.7,18.3,17.13,82,1012.9,87,22.3,Lagos
2025-07-23,27.7,24.1,25.6,3.3,19.2,19.22,83,1013.0,77,22.3,Lagos
2025-07-24,28.2,23.9,25.5,0.7,18.8,20.48,81,1013.6,72,21.9,Lagos
2025-07-25,28.0,23.7,25.4,0.3,16.1,15.21,82,1013.5,85,22.0,Lagos
2025-07-26,28.3,23.9,25.6,0.2,17.7,19.72,81,1013.9,77,22.1,Lagos
2025-07-27,27.3,24.1,25.4,1.3,17.6,16.26,82,1014.6,90,22.0,Lagos
2025-07-28,27.7,23.9,25.3,0.0,15.3,13.15,82,1014.0,72,22.0,Lagos
2025-07-29,27.3,23.7,25.2,0.2,15.8,13.13,84,1014.0,74,22.3,Lagos
2025-07-30,27.6,24.1,25.4,0.2,15.2,14.47,84,1014.3,100,22.5,Lagos
2025-07-31,27.8,24.1,25.1,2.7,19.2,11.23,86,1014.9,100,22.6,Lagos
2025-08-01,29.3,23.7,25.7,3.7,14.4,19.38,84,1014.9,94,22.6,Lagos
2025-08-02,29.1,23.8,25.6,1.8,13.4,13.94,84,1014.0,92,22.7,Lagos
2025-08-03,28.0,24.3,25.6,11.2,16.9,14.55,85,1013.2,95,22.8,Lagos
2025-08-04,26.1,23.6,24.4,33.1,19.9,6.26,91,1013.6,100,22.7,Lagos
2025-08-05,27.4,23.6,25.1,3.1,15.1,14.96,85,1014.8,98,22.3,Lagos
2025-08-06,26.9,23.9,25.1,4.3,15.8,12.03,85,1013.3,94,22.3,Lagos
2025-08-07,27.9,23.6,25.2,1.5,18.9,17.23,83,1011.9,83,22.1,Lagos
2025-08-08,27.6,23.8,25.3,2.7,19.2,18.34,82,1012.0,93,22.0,Lagos
2025-08-09,27.5,23.7,24.8,3.4,12.2,10.04,86,1012.9,96,22.3,Lagos
2025-08-10,28.2,23.5,25.3,0.7,15.1,19.84,83,1012.3,86,22.1,Lagos
2025-08-11,27.6,23.8,25.2,0.2,14.1,12.95,83,1012.3,88,22.1,Lagos
2025-08-12,27.0,23.9,25.0,0.7,14.7,15.08,85,1012.8,87,22.2,Lagos
2025-08-13,26.9,23.5,24.9,1.4,14.8,16.14,85,1013.8,99,22.2,Lagos
2025-08-14,27.6,23.2,25.1,0.7,16.2,18.86,83,1014.7,97,22.0,Lagos
2025-08-15,27.8,23.3,25.0,1.6,15.7,16.06,84,1015.0,93,22.0,Lagos
2025-08-16,27.2,24.0,25.2,3.1,18.9,17.2,82,1013.0,76,21.8,Lagos
2025-08-17,27.3,23.6,25.1,1.7,19.1,21.3,82,1012.8,77,21.8,Lagos
2025-08-18,27.5,23.7,25.2,1.3,15.9,19.17,83,1013.7,73,21.9,Lagos
2025-08-19,27.3,23.0,25.0,0.9,15.3,17.81,84,1013.9,49,22.0,Lagos
2025-08-20,28.1,24.0,25.4,0.6,14.4,19.45,82,1013.7,86,22.0,Lagos
2025-08-21,26.7,24.1,25.1,5.4,15.6,12.18,84,1012.8,97,22.2,Lagos
2025-08-22,28.4,23.9,25.5,3.5,17.8,20.1,82,1012.9,94,22.1,Lagos
2025-08-23,27.8,23.8,25.4,1.2,18.8,21.02,82,1012.1,67,22.1,Lagos
2025-08-24,28.1,24.3,25.5,0.6,18.4,18.46,83,1012.9,89,22.3,Lagos
2025-08-25,28.3,24.0,25.4,0.2,16.7,18.13,84,1013.8,89,22.3,Lagos
2025-08-26,27.4,23.7,25.1,0.3,20.4,16.31,85,1014.1,92,22.2,Lagos
2025-08-27,27.4,23.5,25.0,1.2,17.1,21.47,83,1015.0,47,21.9,Lagos
2025-08-28,28.1,22.7,25.0,0.9,14.0,18.94,84,1014.0,55,22.1,Lagos
2025-08-29,28.2,23.8,25.3,0.6,16.9,20.39,84,1012.7,87,22.3,Lagos
2025-08-30,27.5,23.8,25.2,13.6,18.0,17.23,83,1013.3,98,22.1,Lagos
2025-08-31,28.0,23.4,25.3,0.8,17.5,22.25,83,1014.5,48,22.0,Lagos
2025-09-01,28.3,23.2,25.2,0.2,14.1,21.59,83,1013.6,49,21.9,Lagos
2025-09-02,28.4,23.7,25.5,0.2,17.6,19.05,83,1012.4,95,22.3,Lagos
2025-09-03,27.9,24.1,25.5,1.5,19.0,21.12,82,1012.3,90,22.2,Lagos
2025-09-04,28.6,23.6,25.6,0.5,15.3,21.48,81,1012.3,52,22.1,Lagos
2025-09-05,28.7,23.3,25.7,1.0,12.9,21.57,81,1012.6,22,22.0,Lagos
2025-09-06,29.2,23.7,25.9,0.9,12.7,20.57,82,1012.8,45,22.4,Lagos
2025-09-07,29.2,24.5,26.2,0.5,15.0,19.49,80,1013.1,63,22.5,Lagos
2025-09-08,28.8,24.6,25.9,8.4,14.0,13.97,83,1013.1,94,22.7,Lagos
2025-09-09,27.6,23.8,25.2,9.3,13.8,12.14,86,1013.4,93,22.6,Lagos
2025-09-10,28.9,24.1,26.0,1.9,13.8,19.23,83,1013.8,81,22.7,Lagos
2025-09-11,29.2,24.5,26.3,3.4,13.8,19.06,82,1013.6,79,22.9,Lagos
2025-09-12,26.4,24.6,25.2,8.9,16.6,10.29,85,1012.9,98,22.5,Lagos
2025-09-13,27.9,23.9,25.5,9.2,15.5,17.24,84,1013.4,85,22.5,Lagos
2025-09-14,28.4,23.5,25.6,7.4,12.8,17.39,85,1012.8,69,22.7,Lagos
2025-09-15,27.9,24.0,25.3,24.1,13.7,14.43,86,1011.7,76,22.6,Lagos
2025-09-16,26.9,23.2,24.4,40.0,11.5,6.25,92,1012.0,91,22.9,Lagos
2025-09-17,28.3,24.0,25.6,10.7,12.0,15.87,87,1011.7,95,23.2,Lagos
2025-09-18,27.7,23.7,25.5,4.5,11.7,15.15,86,1011.8,96,22.9,Lagos
2025-09-19,29.1,24.0,26.0,2.2,14.5,21.79,84,1012.2,72,22.9,Lagos
2025-09-20,29.5,23.5,25.9,1.0,14.5,19.24,85,1012.3,91,23.1,Lagos
2025-09-21,28.7,24.1,26.1,3.4,14.6,15.3,83,1012.3,94,22.9,Lagos
2025-09-22,28.5,24.7,25.9,6.4,12.6,12.64,86,1012.4,100,23.2,Lagos
2025-09-23,30.0,24.5,25.9,11.2,10.1,14.95,87,1013.0,88,23.4,Lagos
2025-09-24,26.7,23.6,24.6,19.6,11.1,7.3,89,1014.3,99,22.6,Lagos
2025-09-25,28.2,24.0,25.7,8.4,12.6,15.64,85,1013.7,77,22.9,Lagos
2025-09-26,28.8,23.9,26.1,1.5,15.0,20.79,84,1011.8,68,23.0,Lagos
2025-09-27,28.9,24.6,26.5,1.4,13.6,20.15,82,1011.6,86,23.2,Lagos
2025-09-28,29.0,24.7,26.1,17.5,13.9,14.82,85,1012.5,97,23.2,Lagos
2025-09-29,27.9,23.7,25.3,12.7,11.8,10.25,88,1012.6,95,23.1,Lagos
2025-09-30,29.5,23.6,26.4,7.0,11.3,15.19,86,1012.0,96,23.8,Lagos
2025-10-01,27.4,23.3,25.3,6.6,9.6,8.51,87,1012.4,98,22.9,Lagos
2025-10-02,29.4,23.7,26.1,3.6,11.4,18.49,82,1012.5,89,22.6,Lagos
2025-10-03,28.8,24.4,26.4,2.6,11.5,17.96,85,1012.0,67,23.6,Lagos
2025-10-04,29.7,25.2,26.8,1.6,15.7,20.67,83,1011.4,30,23.6,Lagos
2025-10-05,27.4,23.7,25.0,20.4,12.4,8.46,88,1011.9,91,22.9,Lagos
2025-10-06,29.0,23.2,25.6,10.2,11.0,16.39,86,1012.1,77,22.9,Lagos
2025-10-07,27.4,23.3,24.9,18.1,10.6,9.56,90,1012.0,90,23.0,Lagos
2025-10-08,28.1,23.3,25.5,4.0,14.4,17.0,85,1011.9,76,22.7,Lagos
2025-10-09,29.7,23.5,26.2,0.8,11.7,20.8,84,1011.7,67,23.1,Lagos
2025-10-10,29.6,24.5,26.1,17.4,12.2,15.35,86,1011.5,95,23.5,Lagos
2025-10-11,29.2,24.4,26.0,3.0,11.0,12.47,86,1010.6,97,23.4,Lagos
2025-10-12,29.5,24.0,26.5,1.4,10.5,16.82,79,1010.1,95,22.5,Lagos
2025-10-13,29.8,24.5,26.6,12.3,11.2,19.86,84,1009.9,88,23.5,Lagos
2025-10-14,28.8,24.3,26.3,1.7,9.8,14.46,85,1011.2,92,23.6,Lagos
2025-10-15,29.7,24.4,26.6,2.8,10.7,18.86,84,1011.2,83,23.5,Lagos
2025-10-16,29.9,23.7,26.5,13.0,10.8,19.3,82,1010.5,93,23.1,Lagos
2025-10-17,30.0,24.5,26.9,1.9,8.9,21.19,83,1010.2,67,23.7,Lagos
2025-10-18,30.0,24.9,27.1,9.7,9.7,19.58,85,1010.9,68,24.1,Lagos
2025-10-19,30.0,25.0,27.2,4.2,13.7,20.55,83,1011.9,90,24.0,Lagos
2025-10-20,29.9,25.6,27.1,0.6,14.6,21.16,83,1011.5,62,23.8,Lagos
2025-10-21,31.3,24.7,27.6,0.1,12.6,21.98,84,1010.3,36,24.4,Lagos
2025-10-22,30.2,25.2,27.3,2.6,12.5,19.95,83,1011.1,52,24.1,Lagos
2025-10-23,29.1,24.4,26.7,2.2,12.4,16.06,85,1011.5,93,23.9,Lagos
2025-10-24,29.7,24.6,26.7,6.0,10.7,18.21,83,1012.1,75,23.5,Lagos
2025-10-25,29.8,24.5,27.1,0.4,11.4,18.18,83,1011.7,58,23.9,Lagos
2025-10-26,30.8,25.4,27.5,3.9,9.3,18.46,83,1010.8,53,24.2,Lagos
2025-10-27,30.0,26.1,27.6,2.9,15.6,20.0,83,1010.6,37,24.3,Lagos
2025-10-28,30.3,25.9,27.1,15.1,13.7,19.18,83,1010.7,74,23.9,Lagos
2025-10-29,30.5,25.3,27.2,0.2,7.7,15.7,80,1011.3,95,23.4,Lagos
2025-10-30,30.1,25.9,27.2,3.4,9.1,13.99,83,1011.2,98,24.0,Lagos
2025-10-31,29.4,25.9,26.8,19.3,9.7,15.2,86,1011.8,93,24.2,Lagos
2025-11-01,29.9,24.9,27.2,3.8,11.0,19.17,84,1011.6,64,24.1,Lagos
2025-11-02,30.1,24.7,27.2,2.1,11.5,20.14,84,1010.9,45,24.0,Lagos
2025-11-03,29.2,25.2,26.6,4.7,9.9,15.32,85,1011.5,95,23.8,Lagos
2025-11-04,30.8,24.7,27.5,3.4,10.7,19.75,81,1011.8,57,23.6,Lagos
2025-11-05,29.5,24.6,26.8,8.9,11.9,17.46,85,1011.9,73,23.9,Lagos
2025-11-06,30.1,25.1,27.3,5.5,12.4,19.23,83,1010.6,67,24.0,Lagos
2025-11-07,30.4,24.6,27.0,6.7,11.3,15.12,81,1010.5,95,23.3,Lagos
2025-11-08,30.5,24.7,27.4,0.6,11.0,20.1,81,1010.7,64,23.6,Lagos
2025-11-09,29.5,25.6,27.4,0.9,12.3,18.99,83,1011.2,70,24.3,Lagos
2025-11-10,30.9,24.7,27.6,0.4,10.8,20.32,83,1010.7,42,24.2,Lagos
2025-11-11,30.5,25.7,27.8,3.0,11.7,18.53,81,1010.0,41,24.2,Lagos
2025-11-12,30.5,25.5,27.2,1.1,13.5,19.04,83,1010.2,89,24.0,Lagos
2025-11-13,30.4,23.2,27.0,2.4,10.9,17.82,83,1012.0,86,23.7,Lagos
2025-11-14,31.3,24.8,27.5,0.2,11.4,16.66,83,1012.0,35,24.3,Lagos
2025-11-15,31.2,25.2,27.4,0.1,12.8,18.32,83,1010.8,25,24.2,Lagos
2025-11-16,30.0,23.8,27.0,1.2,10.9,19.36,84,1010.5,25,24.0,Lagos
2025-11-17,29.7,24.1,26.8,1.4,15.9,18.59,83,1011.3,35,23.7,Lagos
2025-11-18,30.9,25.2,27.5,1.3,10.2,19.6,81,1010.1,50,23.8,Lagos
2025-11-19,31.8,25.2,27.5,1.0,14.2,19.37,83,1009.7,57,24.3,Lagos
2025-11-20,30.9,25.3,27.7,0.4,12.7,18.45,84,1009.6,41,24.7,Lagos
2025-11-21,30.8,25.6,27.2,1.9,16.2,16.11,85,1010.3,84,24.4,Lagos
2025-11-22,30.7,25.1,27.3,3.2,15.7,17.82,84,1010.6,53,24.3,Lagos
2025-11-23,31.0,24.7,27.5,1.4,9.9,19.73,82,1011.0,92,24.0,Lagos
2025-11-24,31.4,24.8,27.7,0.1,11.4,19.22,82,1010.1,35,24.2,Lagos
2025-11-25,31.7,25.2,27.9,0.5,13.0,19.0,84,1009.1,15,24.7,Lagos
2025-11-26,31.4,25.9,28.0,2.0,12.7,18.08,84,1008.9,25,24.9,Lagos
2025-11-27,31.3,26.2,28.0,2.8,14.9,18.63,83,1009.2,46,24.7,Lagos
2025-11-28,30.9,25.7,28.0,3.0,11.3,17.86,82,1009.2,91,24.5,Lagos
2025-11-29,30.7,25.0,27.4,1.8,9.8,16.28,84,1007.7,61,24.4,Lagos
2025-11-30,30.6,24.9,27.5,3.2,10.7,17.0,84,1007.3,57,24.6,Lagos
2025-12-01,30.1,25.2,27.7,1.3,13.4,18.32,84,1007.2,21,24.6,Lagos
2025-12-02,32.1,25.6,28.3,1.3,14.0,18.38,82,1007.1,36,24.7,Lagos
2025-12-03,31.2,26.1,28.1,7.6,17.0,16.45,84,1008.0,81,24.9,Lagos
2025-12-04,31.8,26.1,28.1,0.9,12.2,15.06,82,1009.0,81,24.6,Lagos
2025-12-05,30.8,25.7,27.6,1.1,12.6,17.62,83,1009.7,62,24.4,Lagos
2025-12-06,30.9,25.3,27.5,1.6,13.5,17.7,85,1009.3,92,24.7,Lagos
2025-12-07,31.1,25.4,27.8,4.3,14.7,17.34,84,1009.3,94,24.8,Lagos
2025-12-08,30.4,24.5,27.2,2.1,11.1,16.7,84,1010.4,74,24.1,Lagos
2025-12-09,30.4,24.3,27.1,1.5,12.3,17.25,86,1011.3,49,24.4,Lagos
2025-12-10,30.3,25.5,27.4,0.4,12.7,17.15,84,1010.8,49,24.4,Lagos
2025-12-11,30.1,24.0,26.9,14.2,10.2,12.92,83,1010.2,91,23.7,Lagos
2025-12-12,30.4,25.0,27.4,1.2,11.7,17.4,84,1009.2,61,24.4,Lagos
2025-12-13,30.5,25.5,27.8,4.9,11.2,17.55,82,1008.7,36,24.3,Lagos
2025-12-14,31.6,25.5,28.0,3.2,13.6,17.91,81,1008.8,29,24.4,Lagos
2025-12-15,30.0,25.9,27.4,2.5,10.8,16.24,85,1009.2,52,24.5,Lagos
2025-12-16,30.2,25.8,27.5,1.5,11.3,17.52,85,1009.0,55,24.6,Lagos
2025-12-17,30.1,25.1,27.2,1.1,12.2,17.68,86,1008.8,84,24.5,Lagos
2025-12-18,30.8,25.5,27.7,0.3,11.6,18.03,82,1010.0,72,24.1,Lagos
2025-12-19,30.8,25.3,27.6,2.6,9.4,16.56,83,1009.7,28,24.3,Lagos
2025-12-20,31.3,25.6,28.0,0.6,11.5,17.52,83,1008.4,46,24.8,Lagos
2025-12-21,31.6,25.7,27.9,1.2,13.6,17.18,84,1007.8,93,24.7,Lagos
2025-12-22,31.4,26.0,28.2,1.3,12.3,16.97,81,1007.9,35,24.6,Lagos
2025-12-23,31.3,26.3,28.3,1.5,12.6,17.13,83,1008.3,58,24.9,Lagos
2025-12-24,30.4,26.3,27.8,0.5,12.9,17.34,82,1009.4,92,24.3,Lagos
2025-12-25,30.9,25.6,28.0,2.6,12.9,17.11,81,1009.4,58,24.2,Lagos
2025-12-26,31.6,26.1,28.3,0.8,13.4,16.75,81,1009.8,94,24.5,Lagos
2025-12-27,29.9,24.4,27.5,4.6,14.1,13.33,84,1009.8,99,24.5,Lagos
2025-12-28,31.5,26.0,27.9,0.9,14.3,15.12,83,1010.0,99,24.6,Lagos
2025-12-29,30.8,26.4,28.0,2.8,13.4,16.25,83,1011.2,60,24.6,Lagos
2025-12-30,31.8,25.7,28.4,1.2,12.1,17.22,80,1011.6,20,24.4,Lagos
2025-12-31,31.7,26.2,28.5,0.2,12.4,16.21,82,1010.7,53,25.0,Lagos
2026-01-01,31.5,26.5,28.3,3.2,14.9,16.26,83,1009.0,91,25.0,Lagos
2026-01-02,31.3,25.4,27.6,1.7,18.5,16.74,83,1010.0,86,24.5,Lagos
2026-01-03,31.3,25.2,28.0,0.1,13.1,16.9,81,1010.6,39,24.1,Lagos
2026-01-04,30.9,25.3,27.8,0.5,11.4,17.05,81,1010.5,32,24.1,Lagos
2026-01-05,32.7,26.1,28.4,0.0,14.3,17.32,83,1009.4,21,25.0,Lagos
2026-01-06,32.2,26.1,28.5,0.3,13.8,16.91,82,1009.1,49,25.0,Lagos
2026-01-07,31.8,26.7,28.6,0.5,13.6,17.34,79,1009.9,47,24.5,Lagos
2026-01-08,31.8,26.2,27.8,3.9,11.9,15.85,83,1011.1,45,24.4,Lagos
2026-01-09,31.1,26.0,28.1,0.4,11.1,16.48,80,1010.7,75,24.2,Lagos
2026-01-10,30.9,26.2,27.9,2.9,12.4,15.91,83,1009.7,38,24.7,Lagos
2026-01-11,31.3,24.9,27.7,2.4,12.4,16.31,86,1009.4,42,25.1,Lagos
2026-01-12,30.1,25.2,27.2,3.0,10.1,15.84,87,1009.4,30,24.7,Lagos
2026-01-13,32.4,25.1,28.2,0.0,12.2,17.86,83,1008.5,63,24.8,Lagos
2026-01-14,33.2,25.7,28.6,0.0,12.9,16.96,81,1008.6,86,24.7,Lagos
2026-01-15,31.0,27.1,28.5,1.6,13.9,15.15,82,1009.3,80,25.1,Lagos
2026-01-16,32.4,25.5,28.4,0.3,12.5,16.62,84,1009.2,31,25.2,Lagos
2026-01-17,31.3,26.1,28.1,1.4,13.4,16.71,84,1008.4,35,24.9,Lagos
2026-01-18,31.3,26.7,28.4,4.1,14.2,16.06,81,1008.0,57,24.8,Lagos
2026-01-19,31.3,26.3,27.9,3.0,12.2,17.15,82,1007.7,72,24.5,Lagos
2026-01-20,29.7,25.5,27.3,1.5,13.8,11.56,84,1008.3,72,24.4,Lagos
2026-01-21,32.7,25.0,28.0,0.1,12.5,17.78,78,1008.3,96,23.6,Lagos
2026-01-22,33.5,25.3,28.3,1.4,12.1,17.03,80,1009.1,67,24.2,Lagos
2026-01-23,33.4,24.2,28.0,0.0,11.7,19.39,73,1009.3,65,21.8,Lagos
2026-01-24,32.3,24.4,27.8,0.0,12.0,19.11,80,1010.0,22,23.9,Lagos
2026-01-25,34.1,25.5,28.5,0.0,13.4,19.45,79,1010.3,34,24.0,Lagos
2026-01-26,34.0,25.8,28.6,0.0,12.8,19.67,77,1009.9,32,23.7,Lagos
2026-01-27,31.8,25.2,28.2,0.0,12.8,18.01,81,1010.2,78,24.3,Lagos
2026-01-28,31.6,25.9,28.3,2.6,12.3,17.49,80,1010.4,37,24.5,Lagos
2026-01-29,32.6,25.7,28.3,3.2,13.5,17.59,83,1010.4,58,24.9,Lagos
2026-01-30,30.7,24.7,27.7,6.6,13.5,17.02,84,1010.8,91,24.8,Lagos
2026-01-31,31.9,26.4,28.5,2.1,13.9,17.54,82,1010.5,26,24.9,Lagos
2026-02-01,31.8,26.1,28.3,1.7,13.0,17.51,83,1009.9,57,25.0,Lagos
2026-02-02,31.9,26.1,27.9,6.1,16.6,15.84,83,1009.1,46,24.7,Lagos
2026-02-03,32.0,25.6,28.3,0.2,11.8,17.95,79,1009.5,84,24.2,Lagos
2026-02-04,32.1,24.8,28.0,0.0,17.8,19.05,79,1009.8,93,23.8,Lagos
2026-02-05,31.9,26.2,28.6,0.0,15.2,18.03,79,1009.3,85,24.5,Lagos
2026-02-06,31.9,27.2,29.0,1.9,13.9,18.79,75,1011.4,65,24.0,Lagos
2026-02-07,31.5,24.5,28.1,2.1,12.8,18.81,79,1012.2,21,23.9,Lagos
2026-02-08,32.6,27.0,29.1,1.9,14.5,19.07,77,1010.4,35,24.5,Lagos
2026-02-09,32.5,27.2,29.2,1.3,16.3,19.12,76,1009.5,76,24.5,Lagos
2026-02-10,30.6,26.5,28.1,3.6,14.3,13.0,80,1010.3,83,24.3,Lagos
2026-02-11,31.0,25.3,27.9,0.0,12.2,17.67,80,1011.4,90,23.8,Lagos
2026-02-12,31.5,25.8,28.4,1.4,11.0,16.98,75,1011.7,99,23.5,Lagos
2026-02-13,32.0,26.5,28.7,1.5,15.4,18.87,76,1010.4,83,24.0,Lagos
2026-02-14,29.6,23.9,25.8,20.8,14.0,7.32,88,1009.9,98,23.6,Lagos
2026-02-15,31.5,24.9,28.2,0.0,10.5,19.8,79,1009.7,62,23.9,Lagos
2026-02-16,31.7,26.7,28.6,0.9,14.7,18.54,80,1010.6,100,24.6,Lagos
2026-02-17,30.7,26.3,28.0,3.3,17.0,18.19,83,1010.1,84,24.7,Lagos
2026-02-18,31.3,25.4,28.1,0.0,12.5,19.23,81,1009.2,96,24.4,Lagos
2026-02-19,31.5,25.8,28.3,0.7,11.7,19.57,81,1008.9,59,24.5,Lagos
2026-02-20,32.1,26.0,28.6,1.0,11.6,19.56,81,1009.7,79,24.8,Lagos
2026-02-21,32.9,26.4,28.8,0.2,14.2,20.02,81,1009.9,89,25.1,Lagos
2026-02-22,33.3,26.7,29.0,0.0,14.9,20.2,81,1009.2,86,25.2,Lagos
2026-02-23,31.6,26.7,28.8,2.6,15.5,18.05,82,1007.8,69,25.2,Lagos
2026-02-24,31.1,26.3,28.1,3.8,13.0,18.0,81,1007.8,56,24.5,Lagos
2026-02-25,32.7,25.4,28.4,0.5,12.2,19.43,81,1008.0,43,24.5,Lagos
2026-02-26,31.1,26.3,28.3,2.2,12.6,19.54,82,1009.1,64,24.7,Lagos
2026-02-27,31.9,26.7,28.9,3.6,12.9,19.08,78,1009.0,89,24.6,Lagos
2026-02-28,30.9,26.5,28.4,0.2,12.6,18.39,81,1007.8,65,24.7,Lagos
2026-03-01,31.1,26.2,28.2,0.2,13.0,18.7,83,1007.1,86,25.0,Lagos
2026-03-02,31.9,26.8,28.7,2.8,11.8,18.35,79,1008.0,88,24.6,Lagos
2026-03-03,32.8,26.1,28.8,2.5,15.2,20.45,78,1009.1,64,24.3,Lagos
2026-03-04,31.0,26.1,28.7,5.6,14.7,19.29,80,1009.7,76,24.7,Lagos
2026-03-05,33.4,27.0,29.4,1.9,11.6,19.99,75,1009.3,53,24.3,Lagos
2026-03-06,32.7,27.4,29.4,1.7,12.6,20.65,76,1007.8,43,24.5,Lagos
2026-03-07,32.5,27.2,29.5,0.6,14.3,20.23,76,1007.1,82,24.8,Lagos
2026-03-08,32.7,27.4,29.7,4.0,13.9,19.5,76,1007.1,68,24.8,Lagos
2026-03-09,32.4,27.1,29.4,0.9,16.1,18.72,77,1008.0,84,24.9,Lagos
2026-03-10,32.4,25.4,29.4,2.0,17.7,20.03,77,1008.3,83,24.8,Lagos
2026-03-11,31.9,27.2,28.8,1.5,16.7,17.01,78,1008.6,90,24.5,Lagos
2026-03-12,32.4,27.3,29.3,0.0,15.0,21.04,73,1008.5,55,23.8,Lagos
2026-03-13,32.7,27.1,29.2,1.4,14.7,20.07,78,1007.7,85,24.7,Lagos
2026-03-14,31.3,24.7,27.6,2.9,15.6,12.1,82,1007.3,97,24.1,Lagos
2026-03-15,32.7,27.4,29.6,0.0,12.9,20.72,73,1007.4,59,24.0,Lagos
2026-03-16,32.1,27.5,29.4,0.8,16.3,18.97,74,1008.8,85,24.1,Lagos
2026-03-17,30.5,25.3,27.9,2.6,17.2,18.88,80,1009.5,53,24.1,Lagos
2026-03-18,32.8,26.2,29.3,0.3,15.1,20.69,73,1008.5,25,23.8,Lagos
2026-03-19,32.2,26.8,29.3,0.0,15.1,19.56,76,1007.9,46,24.5,Lagos
2026-03-20,32.4,27.1,29.4,0.2,13.3,20.74,78,1006.9,65,24.9,Lagos
2026-03-21,31.7,27.7,29.2,3.6,15.8,19.11,80,1006.4,69,25.2,Lagos
2026-03-22,30.8,27.3,28.7,5.2,15.6,18.29,79,1006.9,65,24.6,Lagos
2026-03-23,32.1,27.1,29.0,4.0,16.4,18.93,75,1007.6,97,24.1,Lagos
2026-03-24,31.0,25.8,28.6,4.6,18.0,14.45,78,1008.6,88,24.2,Lagos
2026-03-25,31.9,27.3,29.2,0.1,16.6,20.88,73,1008.3,67,23.7,Lagos
2026-03-26,32.5,26.5,29.2,0.0,16.2,20.05,71,1008.0,67,23.3,Lagos
2026-03-27,32.7,27.0,29.2,0.4,14.8,21.07,76,1007.8,67,24.5,Lagos
2026-03-28,33.6,26.3,29.0,7.7,18.6,17.34,76,1008.3,98,24.2,Lagos
2026-03-29,29.9,23.9,26.4,1.6,9.4,13.78,80,1008.8,83,22.6,Lagos
2026-03-30,31.6,26.1,28.3,0.0,11.4,22.45,74,1007.9,96,22.9,Lagos
2026-03-31,30.7,25.1,27.5,1.0,12.2,15.47,80,1008.6,98,23.7,Lagos
2026-04-01,31.1,23.9,27.5,0.0,11.2,18.79,78,1008.0,85,23.2,Lagos
2026-04-02,30.7,25.9,27.4,6.3,10.1,15.21,82,1009.8,99,24.0,Lagos
2026-04-03,30.3,24.9,27.5,1.4,15.4,20.15,81,1011.0,94,23.8,Lagos
2026-04-04,31.6,25.8,28.2,0.0,9.6,19.33,79,1011.4,94,24.1,Lagos
2026-04-05,31.9,25.3,28.2,4.9,13.4,18.06,82,1010.2,92,24.6,Lagos
2026-04-06,32.3,27.3,29.1,1.2,13.9,18.33,76,1010.0,72,24.3,Lagos
2026-04-07,32.4,27.2,29.5,0.0,14.7,19.85,74,1009.9,92,24.1,Lagos
2026-04-08,30.3,25.7,27.9,2.7,12.9,14.47,79,1009.7,100,23.9,Lagos
2026-04-09,31.6,25.2,28.4,2.8,15.1,21.67,77,1009.5,80,23.8,Lagos
2026-04-10,33.2,26.6,29.1,0.0,14.5,19.51,77,1009.5,79,24.6,Lagos
2026-04-11,32.7,27.5,29.6,0.0,13.6,21.29,73,1009.4,100,24.1,Lagos
2026-04-12,32.8,26.9,29.5,0.0,14.4,22.58,74,1008.5,41,24.3,Lagos
2026-04-13,32.5,27.4,29.1,10.9,16.7,16.7,78,1007.4,80,24.8,Lagos
2026-04-14,32.0,25.4,28.7,3.2,13.3,20.97,80,1007.8,64,24.9,Lagos
2026-04-15,31.5,26.7,29.1,6.5,15.4,22.27,78,1008.1,53,24.8,Lagos
2026-04-16,31.5,27.0,28.9,0.3,14.8,14.61,80,1006.9,93,25.0,Lagos
2026-04-17,32.0,27.1,29.3,0.4,14.0,22.25,78,1006.1,61,24.9,Lagos
2026-04-18,32.7,27.7,29.6,0.0,13.9,20.85,75,1005.7,73,24.7,Lagos
2026-04-19,30.5,26.4,28.0,7.5,9.8,12.09,83,1006.3,76,24.9,Lagos
2026-04-20,32.8,26.4,29.2,1.1,12.0,21.42,77,1006.0,88,24.6,Lagos
2026-04-21,32.2,27.8,29.1,2.3,16.4,18.13,79,1006.6,98,25.0,Lagos
2026-04-22,31.8,26.5,29.1,1.6,13.8,21.53,79,1007.1,69,25.0,Lagos
2026-04-23,32.2,27.4,29.3,0.4,17.5,20.12,78,1006.9,97,24.9,Lagos
2026-04-24,31.4,27.1,28.8,1.8,20.6,21.36,79,1007.4,67,24.8,Lagos
2026-04-25,29.4,26.6,27.9,6.4,16.5,18.22,82,1008.3,96,24.4,Lagos
2026-04-26,28.7,25.0,26.7,26.6,14.3,7.41,84,1010.1,100,23.7,Lagos
2026-04-27,32.0,24.3,27.9,0.0,10.4,21.41,78,1009.8,36,23.4,Lagos
2026-04-28,31.8,26.6,28.5,8.5,13.3,18.1,80,1009.0,99,24.6,Lagos
2026-04-29,30.9,25.6,28.0,2.0,13.3,16.88,80,1009.4,98,24.1,Lagos
2026-04-30,31.3,26.2,28.3,6.2,10.4,20.09,81,1010.7,79,24.5,Lagos
2026-05-01,31.7,25.6,28.5,0.0,15.0,20.21,82,1009.0,49,25.0,Lagos
2026-05-02,31.6,27.9,29.4,2.0,15.6,21.01,77,1008.6,52,24.8,Lagos
2026-05-03,31.1,25.7,28.4,4.4,18.2,20.0,82,1009.5,82,24.9,Lagos
2026-05-04,31.2,25.5,27.7,6.7,13.5,18.73,83,1010.1,98,24.6,Lagos
2026-05-05,32.4,26.6,29.0,1.8,20.2,21.27,79,1009.2,63,24.8,Lagos
2026-05-06,29.7,25.3,27.7,7.2,16.8,13.06,82,1008.7,95,24.4,Lagos
2026-05-07,31.3,26.0,28.6,0.7,14.1,21.14,79,1008.8,99,24.5,Lagos
2026-05-08,30.8,25.3,28.0,10.8,12.7,17.1,82,1008.9,90,24.5,Lagos
2026-05-09,31.3,26.4,28.1,11.0,15.9,20.19,82,1009.9,92,24.6,Lagos
2026-05-10,31.3,26.4,28.6,2.3,14.7,20.26,80,1010.5,97,24.8,Lagos
2026-05-11,31.1,26.8,28.6,3.2,15.5,21.7,79,1010.2,72,24.6,Lagos
2026-05-12,31.3,27.4,29.1,0.4,14.1,20.46,76,1010.8,46,24.4,Lagos
2026-05-13,31.7,27.8,29.5,1.7,15.8,20.19,76,1009.7,72,24.8,Lagos
2026-05-14,30.5,27.0,29.0,11.9,14.9,19.67,77,1009.4,89,24.6,Lagos
2026-05-15,28.6,25.7,27.1,6.3,13.3,9.06,86,1010.4,99,24.5,Lagos
2026-05-16,31.8,26.0,28.6,1.7,13.7,15.7,80,1009.9,91,24.7,Lagos
2026-05-17,30.2,26.4,27.9,13.6,18.9,17.64,83,1010.8,75,24.8,Lagos
2026-05-18,30.2,24.7,27.4,5.1,12.6,12.14,81,1011.4,98,23.7,Lagos
2026-05-19,30.1,26.1,27.6,8.1,9.3,13.85,82,1011.6,92,24.2,Lagos
2026-05-20,30.0,26.1,28.1,3.2,13.3,19.48,81,1011.5,68,24.4,Lagos
2026-05-21,30.8,25.7,28.2,11.4,14.2,21.57,81,1011.0,60,24.6,Lagos
2026-05-22,28.4,24.3,26.5,22.9,13.1,9.02,87,1011.8,92,24.1,Lagos
2026-05-23,29.0,26.0,27.4,9.2,9.0,17.27,85,1011.4,96,24.6,Lagos
2026-05-24,31.2,26.7,28.2,10.4,14.6,19.34,84,1010.5,87,25.2,Lagos
2026-05-25,28.4,24.6,26.8,10.5,10.1,11.9,86,1011.7,99,24.3,Lagos
2026-05-26,29.6,25.0,27.2,5.2,8.2,8.32,82,1012.2,93,23.8,Lagos
2026-05-27,30.6,25.8,28.0,1.1,10.0,19.9,81,1011.3,79,24.4,Lagos
2026-05-28,29.3,25.6,27.4,6.9,13.2,9.55,86,1011.3,98,24.7,Lagos
2026-05-29,30.6,26.3,28.3,1.7,10.9,21.88,84,1011.3,69,25.2,Lagos
2026-05-30,30.6,26.4,27.7,13.0,7.3,14.54,86,1011.0,87,25.1,Lagos
2026-05-31,30.8,26.2,28.3,0.8,13.8,20.28,82,1010.4,50,24.9,Lagos
2026-06-01,31.2,24.9,27.4,12.9,11.6,16.79,86,1010.6,70,24.8,Lagos
2026-06-02,30.9,26.3,28.3,9.2,14.3,18.99,83,1011.5,84,25.2,Lagos
2026-06-03,30.1,26.7,28.1,12.8,12.5,15.38,85,1012.0,99,25.3,Lagos
2026-06-04,29.6,25.6,27.4,13.4,10.1,16.3,84,1012.0,97,24.4,Lagos
2026-06-05,30.5,26.0,28.0,9.1,13.4,20.53,81,1010.9,76,24.4,Lagos
2026-06-06,27.9,25.2,26.4,16.3,10.0,15.67,88,1011.6,96,24.3,Lagos
2026-06-07,29.6,26.0,27.7,5.0,12.4,19.85,83,1013.3,98,24.4,Lagos
2026-06-08,29.9,26.2,27.6,19.1,12.0,18.84,85,1013.4,94,24.8,Lagos
2026-06-09,29.0,25.6,27.0,12.6,14.2,17.09,86,1012.2,83,24.4,Lagos
2026-06-10,30.8,25.5,27.7,6.5,10.2,18.97,84,1011.0,71,24.7,Lagos
2026-06-11,31.6,24.9,27.8,0.5,11.2,20.35,81,1010.8,71,24.0,Lagos
2026-06-12,28.6,26.9,27.7,10.3,14.8,16.6,84,1012.1,97,24.7,Lagos
2026-06-13,30.0,25.8,27.6,4.7,8.3,13.35,83,1013.1,99,24.4,Lagos
2026-06-14,29.2,25.9,27.3,4.4,7.8,14.73,84,1013.2,96,24.3,Lagos
2026-06-15,29.0,25.3,26.6,13.4,10.0,14.04,86,1013.0,86,24.1,Lagos
2026-06-16,29.6,26.0,27.1,6.2,15.5,15.25,86,1013.3,95,24.5,Lagos
2026-06-17,27.7,24.7,26.6,4.5,9.9,15.84,85,1013.5,79,23.8,Lagos
2026-06-18,29.3,25.8,27.6,3.3,9.7,17.9,82,1012.2,69,24.1,Lagos
2026-06-19,28.4,25.5,26.7,4.6,11.7,15.43,85,1010.4,91,23.9,Lagos
2026-06-20,27.7,25.1,26.2,18.5,13.5,13.58,87,1010.3,97,23.9,Lagos
2026-06-21,28.0,24.5,25.6,39.0,9.5,12.73,89,1012.8,98,23.7,Lagos
2026-06-22,28.2,24.1,25.8,0.2,10.1,11.23,86,1014.1,79,23.3,Lagos
2026-06-23,28.8,25.8,27.0,1.8,11.6,21.7,81,1012.9,39,23.4,Lagos
2026-06-24,28.1,25.9,26.8,16.6,8.7,18.12,84,1012.9,51,24.0,Lagos
2026-06-25,28.1,25.7,26.5,4.0,10.4,12.67,88,1014.2,70,24.4,Lagos
2026-06-26,28.7,25.0,26.8,9.2,14.2,16.37,86,1014.0,85,24.2,Lagos
2026-06-27,29.0,26.5,27.4,3.7,15.5,19.58,81,1012.9,76,23.9,Lagos
2026-06-28,27.9,24.7,26.2,14.4,13.4,17.01,87,1012.4,96,23.9,Lagos
2026-06-29,25.7,24.3,24.9,24.3,11.4,8.65,91,1012.3,99,23.4,Lagos
2026-06-30,26.2,23.6,24.6,31.4,7.8,7.92,94,1013.2,94,23.5,Lagos
