date,temperature_2m_max,temperature_2m_min,temperature_2m_mean,precipitation_sum,wind_speed_10m_max,shortwave_radiation_sum,relative_humidity_2m_mean,surface_pressure_mean,cloud_cover_mean,dew_point_2m_mean,city
2000-01-01,34.3,22.9,28.8,0.0,6.2,20.89,37,957.2,16,12.0,Abuja
2000-01-02,34.6,22.4,28.6,0.0,7.2,20.36,36,956.8,74,11.7,Abuja
2000-01-03,35.2,23.4,29.1,0.0,9.0,21.31,31,956.4,55,10.0,Abuja
2000-01-04,34.3,23.6,28.8,0.0,13.6,21.33,26,956.9,88,7.0,Abuja
2000-01-05,34.9,22.4,28.6,0.0,9.6,21.59,26,956.9,93,6.9,Abuja
2000-01-06,34.6,22.2,28.3,0.0,12.2,21.91,26,957.2,11,6.7,Abuja
2000-01-07,34.8,21.2,28.3,0.0,9.0,21.65,28,957.6,71,7.2,Abuja
2000-01-08,34.4,22.5,28.4,0.0,13.4,21.72,25,958.6,95,6.1,Abuja
2000-01-09,34.2,21.5,28.0,0.0,8.5,22.05,25,958.3,59,5.7,Abuja
2000-01-10,34.7,22.1,28.4,0.0,10.1,22.02,24,958.1,68,5.6,Abuja
2000-01-11,35.1,22.5,28.8,0.0,11.3,22.03,23,958.1,15,5.3,Abuja
2000-01-12,35.4,22.5,28.8,0.0,10.9,22.3,22,957.4,19,4.5,Abuja
2000-01-13,34.1,20.9,27.9,0.0,8.3,21.77,31,957.2,15,9.1,Abuja
2000-01-14,33.9,22.3,28.3,0.0,6.9,20.51,42,956.7,27,13.6,Abuja
2000-01-15,33.9,22.1,28.2,0.0,6.8,19.63,43,957.1,61,14.0,Abuja
2000-01-16,35.9,23.0,29.5,0.0,9.6,21.9,28,958.0,13,8.4,Abuja
2000-01-17,36.1,24.3,29.7,0.0,13.0,22.7,19,958.1,8,3.4,Abuja
2000-01-18,33.8,21.7,28.3,0.0,11.3,21.3,34,958.5,71,10.5,Abuja
2000-01-19,31.6,23.3,27.6,0.2,7.1,18.33,54,958.9,54,17.3,Abuja
2000-01-20,35.7,22.6,29.2,0.0,9.2,21.48,45,959.1,63,13.9,Abuja
2000-01-21,35.7,21.6,29.0,0.0,11.3,21.99,28,958.5,24,8.1,Abuja
2000-01-22,36.0,21.0,28.8,0.0,9.0,22.53,29,957.6,0,8.2,Abuja
2000-01-23,36.0,22.9,29.2,0.0,8.7,22.19,35,957.2,54,11.3,Abuja
2000-01-24,34.2,22.8,28.8,0.0,9.6,19.65,48,958.6,37,15.8,Abuja
2000-01-25,35.6,23.0,29.6,0.0,7.6,21.42,45,959.6,61,15.2,Abuja
2000-01-26,37.2,22.8,29.6,0.0,8.1,22.44,34,959.5,19,10.4,Abuja
2000-01-27,38.0,22.4,30.1,0.0,11.3,23.17,16,959.5,0,0.2,Abuja
2000-01-28,37.1,25.3,30.6,0.0,18.2,23.68,13,958.7,0,-1.5,Abuja
2000-01-29,35.7,23.0,29.0,0.0,18.9,23.77,13,959.8,3,-3.0,Abuja
2000-01-30,34.6,21.2,27.8,0.0,13.9,23.71,14,960.7,0,-2.2,Abuja
2000-01-31,33.9,20.7,27.1,0.0,16.3,23.87,13,961.7,3,-3.8,Abuja
2000-02-01,32.9,19.6,26.1,0.0,17.7,23.63,14,962.8,62,-3.7,Abuja
2000-02-02,32.8,19.7,25.8,0.0,15.4,23.41,15,962.4,69,-2.7,Abuja
2000-02-03,33.6,19.3,26.3,0.0,13.7,23.78,16,961.4,40,-1.8,Abuja
2000-02-04,34.4,20.1,27.2,0.0,10.3,23.72,18,961.1,7,0.3,Abuja
2000-02-05,34.0,21.2,27.5,0.0,12.7,23.4,20,961.0,85,2.1,Abuja
2000-02-06,35.4,21.9,28.4,0.0,14.2,23.9,17,960.6,34,0.5,Abuja
2000-02-07,35.0,21.9,28.2,0.0,16.2,24.08,14,960.8,47,-2.0,Abuja
2000-02-08,33.9,20.7,27.2,0.0,14.7,24.22,15,961.2,33,-1.9,Abuja
2000-02-09,33.7,21.1,27.4,0.0,13.9,24.15,17,961.0,50,0.1,Abuja
2000-02-10,33.7,20.9,27.2,0.0,15.5,24.21,18,960.1,0,0.4,Abuja
2000-02-11,33.6,20.7,27.1,0.0,13.7,23.93,16,960.1,9,-0.7,Abuja
2000-02-12,34.7,21.4,27.9,0.0,14.0,24.04,15,959.8,98,-1.4,Abuja
2000-02-13,35.3,21.3,28.0,0.0,13.9,24.22,13,959.6,75,-3.1,Abuja
2000-02-14,35.5,21.4,28.4,0.0,11.6,24.38,13,959.3,30,-2.6,Abuja
2000-02-15,34.7,21.9,28.2,0.0,13.7,24.52,15,959.6,30,-1.3,Abuja
2000-02-16,35.5,21.7,28.5,0.0,11.9,24.67,14,959.6,0,-1.8,Abuja
2000-02-17,34.9,22.4,28.6,0.0,13.8,24.61,15,959.6,29,-1.1,Abuja
2000-02-18,34.3,22.5,28.4,0.0,14.3,23.99,21,959.7,2,3.6,Abuja
2000-02-19,36.4,22.9,29.5,0.0,12.7,24.85,16,959.7,31,0.9,Abuja
2000-02-20,37.4,23.4,30.4,0.0,11.4,24.96,16,958.7,39,1.4,Abuja
2000-02-21,35.7,21.9,29.0,0.0,8.7,23.64,31,959.4,34,9.5,Abuja
2000-02-22,37.3,25.1,30.7,0.0,11.2,23.98,18,959.3,44,2.9,Abuja
2000-02-23,37.2,23.3,30.4,0.0,8.9,24.87,20,958.2,10,4.4,Abuja
2000-02-24,36.6,23.1,30.2,0.0,11.2,24.31,21,958.2,77,5.1,Abuja
2000-02-25,36.8,23.5,30.1,0.0,10.9,25.44,15,958.7,37,0.4,Abuja
2000-02-26,36.6,23.6,29.7,0.0,17.4,25.94,10,959.7,93,-5.9,Abuja
2000-02-27,34.9,20.6,27.8,0.0,17.4,25.75,13,959.2,75,-4.0,Abuja
2000-02-28,34.9,20.8,27.8,0.0,13.1,25.12,14,959.6,63,-2.5,Abuja
2000-02-29,35.9,21.4,28.5,0.0,11.3,25.7,16,960.9,16,-0.4,Abuja
2000-03-01,36.4,22.2,29.2,0.0,12.8,25.81,15,960.8,0,-0.6,Abuja
2000-03-02,36.9,22.6,29.7,0.0,11.8,25.97,15,959.8,5,-0.6,Abuja
2000-03-03,36.4,23.0,29.5,0.0,12.7,26.07,14,959.7,5,-1.6,Abuja
2000-03-04,37.7,24.0,30.5,0.0,13.6,26.31,10,959.3,18,-5.0,Abuja
2000-03-05,37.6,24.3,30.5,0.0,14.8,26.68,8,959.1,8,-8.7,Abuja
2000-03-06,37.2,23.8,30.2,0.0,13.2,26.85,7,959.3,42,-9.3,Abuja
2000-03-07,37.2,24.1,30.3,0.0,15.5,26.61,8,959.3,56,-8.4,Abuja
2000-03-08,37.1,23.8,30.0,0.0,16.6,27.15,6,959.5,0,-11.1,Abuja
2000-03-09,36.9,23.1,29.7,0.0,17.1,27.02,9,959.9,3,-6.9,Abuja
2000-03-10,37.0,22.6,29.7,0.0,14.6,26.66,11,958.8,78,-5.0,Abuja
2000-03-11,36.6,22.7,29.7,0.0,11.7,26.55,11,958.5,66,-3.9,Abuja
2000-03-12,37.2,23.4,30.2,0.0,15.2,26.55,10,958.5,55,-5.3,Abuja
2000-03-13,38.1,23.9,30.8,0.0,13.1,26.85,9,958.2,66,-5.9,Abuja
2000-03-14,36.9,24.2,30.6,0.0,12.2,26.3,14,957.9,89,-0.4,Abuja
2000-03-15,36.5,23.0,30.2,0.0,7.7,24.68,24,957.2,96,7.0,Abuja
2000-03-16,36.6,23.7,30.4,0.0,7.9,24.37,41,957.0,80,14.3,Abuja
2000-03-17,36.4,24.1,30.5,0.0,9.5,24.03,41,956.4,93,14.8,Abuja
2000-03-18,35.1,25.0,29.9,0.0,14.7,20.82,53,957.0,94,18.5,Abuja
2000-03-19,34.8,24.0,28.6,18.2,11.4,22.23,63,956.8,78,20.3,Abuja
2000-03-20,31.5,23.5,27.0,0.0,10.5,14.47,72,956.6,99,21.1,Abuja
2000-03-21,34.6,23.3,28.5,0.0,9.5,24.32,57,956.5,87,18.1,Abuja
2000-03-22,34.4,23.3,29.1,0.0,10.4,24.51,50,956.6,58,16.9,Abuja
2000-03-23,33.5,23.8,28.3,0.1,11.6,22.34,61,957.8,85,19.2,Abuja
2000-03-24,35.1,24.1,29.4,0.0,8.6,23.3,54,957.4,65,18.5,Abuja
2000-03-25,35.6,24.0,29.7,0.0,10.5,25.58,50,957.7,47,17.2,Abuja
2000-03-26,34.7,24.1,29.1,0.0,11.7,22.52,54,957.4,93,17.9,Abuja
2000-03-27,35.1,23.6,28.9,0.0,9.7,24.04,59,957.0,90,18.8,Abuja
2000-03-28,36.2,24.4,30.1,0.0,8.5,26.02,47,956.5,43,16.8,Abuja
2000-03-29,37.1,24.1,30.5,0.0,9.0,25.52,51,957.2,58,17.8,Abuja
2000-03-30,38.1,25.0,31.6,0.0,9.2,26.56,44,956.4,2,16.2,Abuja
2000-03-31,36.5,24.6,30.6,0.0,9.2,25.15,49,955.8,17,17.6,Abuja
2000-04-01,37.8,24.3,31.3,0.0,13.4,25.55,46,955.0,67,16.8,Abuja
2000-04-02,35.8,24.9,30.1,0.1,15.0,22.29,54,956.7,49,18.8,Abuja
2000-04-03,35.9,24.2,29.9,0.0,14.7,23.9,55,958.7,42,18.9,Abuja
2000-04-04,35.1,24.6,29.8,0.0,14.0,21.24,55,959.1,70,18.8,Abuja
2000-04-05,35.6,23.9,29.7,0.0,12.9,22.53,53,958.7,40,18.0,Abuja
2000-04-06,35.6,24.8,30.1,0.0,10.6,22.8,53,958.0,26,18.4,Abuja
2000-04-07,36.6,24.8,30.9,0.0,11.9,24.58,49,957.1,20,17.6,Abuja
2000-04-08,35.9,24.8,30.3,0.0,15.8,21.87,54,957.6,35,18.5,Abuja
2000-04-09,36.3,24.1,30.0,0.0,11.8,22.42,55,957.0,65,18.5,Abuja
2000-04-10,35.8,25.5,30.8,0.7,12.6,23.68,52,956.1,37,19.4,Abuja
2000-04-11,34.7,25.0,28.9,3.1,13.2,20.3,65,956.7,50,21.3,Abuja
2000-04-12,34.4,24.7,29.2,0.0,13.2,20.95,62,957.6,79,20.6,Abuja
2000-04-13,34.0,24.5,29.2,0.0,13.1,20.19,61,957.7,91,20.4,Abuja
2000-04-14,35.7,24.6,30.0,0.0,12.9,24.84,58,957.6,75,20.0,Abuja
2000-04-15,36.0,25.9,30.7,0.0,10.8,24.06,54,957.4,19,19.7,Abuja
2000-04-16,33.5,26.0,29.9,0.3,14.5,20.99,61,957.7,31,21.4,Abuja
2000-04-17,34.9,24.8,29.3,0.7,14.0,22.12,63,957.6,50,20.9,Abuja
2000-04-18,35.5,24.4,29.8,0.0,15.7,23.5,58,958.1,56,19.6,Abuja
2000-04-19,35.2,24.7,29.6,0.0,16.5,23.2,58,958.6,89,19.9,Abuja
2000-04-20,33.1,24.1,28.6,0.0,12.6,17.51,63,958.6,94,20.3,Abuja
2000-04-21,33.0,24.7,27.9,2.1,10.1,15.78,67,959.6,98,20.9,Abuja
2000-04-22,32.2,24.2,27.4,2.2,9.2,17.02,73,960.4,92,21.8,Abuja
2000-04-23,34.0,24.6,28.5,0.8,8.6,22.51,68,959.1,91,21.7,Abuja
2000-04-24,36.6,24.9,29.8,0.0,17.9,23.81,60,957.8,97,19.7,Abuja
2000-04-25,34.6,24.7,29.0,0.0,11.2,21.7,63,957.9,66,20.5,Abuja
2000-04-26,34.8,24.3,29.4,0.0,10.1,23.79,59,958.0,64,19.8,Abuja
2000-04-27,35.1,24.7,29.2,3.5,10.8,23.48,61,958.3,51,20.5,Abuja
2000-04-28,31.9,24.8,28.6,0.0,11.3,18.49,64,958.8,57,21.0,Abuja
2000-04-29,31.5,24.4,28.1,3.8,13.3,18.31,69,959.6,68,21.6,Abuja
2000-04-30,32.6,23.2,26.7,9.5,11.9,19.06,77,960.0,100,22.0,Abuja
2000-05-01,30.3,23.6,26.7,0.7,9.4,15.42,78,959.7,90,22.3,Abuja
2000-05-02,32.3,24.1,27.9,0.1,9.5,20.56,71,958.8,65,22.0,Abuja
2000-05-03,33.2,25.0,28.9,0.0,10.2,21.2,69,958.8,40,22.4,Abuja
2000-05-04,34.6,24.2,28.5,3.3,10.1,22.72,69,958.9,62,21.8,Abuja
2000-05-05,32.0,24.2,27.9,0.3,11.6,17.77,71,958.0,51,21.9,Abuja
2000-05-06,34.2,24.3,28.9,0.0,11.1,21.26,64,957.5,33,20.9,Abuja
2000-05-07,34.4,24.5,29.3,0.1,10.3,23.08,62,957.5,29,20.6,Abuja
2000-05-08,33.6,24.8,29.0,0.3,11.4,21.38,66,958.8,76,21.6,Abuja
2000-05-09,34.8,24.8,29.0,0.4,16.3,21.45,64,958.3,81,20.9,Abuja
2000-05-10,34.0,24.9,29.0,0.1,10.9,20.7,63,959.0,73,20.6,Abuja
2000-05-11,34.2,24.9,29.4,0.0,13.3,23.16,60,959.1,29,20.2,Abuja
2000-05-12,33.5,24.5,28.7,0.0,12.1,22.64,63,959.4,28,20.4,Abuja
2000-05-13,34.4,24.3,29.1,0.0,12.7,23.17,58,959.2,35,19.1,Abuja
2000-05-14,33.5,24.5,28.8,0.7,14.1,22.38,61,959.9,39,20.1,Abuja
2000-05-15,33.8,24.0,28.1,0.5,12.9,21.67,65,960.2,68,20.3,Abuja
2000-05-16,31.9,24.3,27.7,0.2,10.9,17.15,68,960.5,89,21.2,Abuja
2000-05-17,30.6,24.0,26.9,6.8,10.8,15.27,75,960.8,95,21.9,Abuja
2000-05-18,32.4,23.5,27.7,0.0,11.5,20.33,72,960.0,84,21.6,Abuja
2000-05-19,33.0,24.9,28.4,3.2,8.2,21.98,70,959.6,85,22.2,Abuja
2000-05-20,33.6,23.8,27.9,17.9,12.8,21.75,75,958.7,83,22.7,Abuja
2000-05-21,31.3,23.4,27.1,10.9,16.4,15.43,79,958.6,89,22.8,Abuja
2000-05-22,31.0,23.3,26.4,26.2,13.6,15.97,83,960.5,96,23.0,Abuja
2000-05-23,28.7,23.3,25.1,13.0,9.5,15.96,86,962.4,89,22.6,Abuja
2000-05-24,31.7,22.6,26.8,0.1,9.7,20.83,73,961.8,57,21.1,Abuja
2000-05-25,29.3,23.3,26.1,2.6,9.0,13.35,76,961.6,85,21.4,Abuja
2000-05-26,28.2,22.6,25.1,7.2,10.0,15.13,85,961.0,91,22.3,Abuja
2000-05-27,30.1,22.9,26.0,0.3,10.8,16.5,77,960.5,70,21.4,Abuja
2000-05-28,29.1,22.8,25.5,1.7,9.1,15.16,79,960.9,89,21.4,Abuja
2000-05-29,28.5,22.3,25.3,0.6,9.8,13.12,82,960.0,97,21.9,Abuja
2000-05-30,30.6,23.3,26.9,0.5,7.8,18.73,75,958.9,83,21.9,Abuja
2000-05-31,29.7,23.3,25.9,17.8,12.6,16.51,83,959.2,76,22.7,Abuja
2000-06-01,29.2,22.8,24.8,26.4,8.0,14.37,90,959.8,95,22.9,Abuja
2000-06-02,27.6,22.1,24.6,9.1,8.3,11.92,87,960.2,100,22.2,Abuja
2000-06-03,27.9,22.2,24.7,5.1,9.8,12.23,84,959.6,95,21.6,Abuja
2000-06-04,28.8,22.5,25.1,8.9,7.6,12.55,83,960.3,93,21.8,Abuja
2000-06-05,26.0,21.7,23.2,30.8,6.8,8.99,93,961.4,99,22.0,Abuja
2000-06-06,28.0,21.8,24.3,3.5,12.1,17.18,84,962.6,82,21.1,Abuja
2000-06-07,28.0,21.4,24.8,0.8,12.4,17.81,81,962.4,97,21.2,Abuja
2000-06-08,28.3,22.4,25.3,10.2,9.2,15.15,83,962.4,97,22.0,Abuja
2000-06-09,28.0,21.2,24.7,6.2,6.9,16.13,85,962.5,91,21.9,Abuja
2000-06-10,30.7,22.1,25.7,12.9,9.0,21.94,83,961.8,53,22.5,Abuja
2000-06-11,28.9,21.8,25.1,3.4,9.2,16.61,84,961.8,73,21.9,Abuja
2000-06-12,28.3,22.4,25.1,0.8,7.6,12.77,83,961.5,76,21.9,Abuja
2000-06-13,29.1,22.8,25.5,6.6,8.9,17.04,83,961.0,86,22.2,Abuja
2000-06-14,28.3,22.7,24.7,16.0,11.0,14.75,86,960.8,92,22.2,Abuja
2000-06-15,27.9,22.2,24.4,8.4,9.9,13.89,88,960.2,97,22.2,Abuja
2000-06-16,27.5,22.2,24.2,18.5,11.1,15.18,89,959.6,95,22.2,Abuja
2000-06-17,27.5,22.1,24.5,0.3,9.9,10.86,84,961.0,95,21.4,Abuja
2000-06-18,26.9,22.2,24.2,6.0,5.9,10.71,87,961.6,97,21.9,Abuja
2000-06-19,28.9,22.4,24.6,6.4,7.3,17.51,86,961.1,90,21.9,Abuja
2000-06-20,28.1,22.2,24.5,0.8,8.7,12.9,85,961.2,96,21.6,Abuja
2000-06-21,28.4,21.5,24.5,25.6,6.4,16.3,86,960.5,95,21.8,Abuja
2000-06-22,28.9,21.3,24.2,16.6,14.6,13.56,86,961.6,97,21.5,Abuja
2000-06-23,27.0,21.5,23.4,14.4,10.6,13.9,89,962.7,99,21.4,Abuja
2000-06-24,26.7,21.4,23.3,11.7,7.1,12.8,89,962.2,92,21.4,Abuja
2000-06-25,27.2,20.8,23.3,9.9,8.0,12.43,88,961.8,88,21.1,Abuja
2000-06-26,28.3,20.7,24.1,4.8,7.9,18.95,84,962.5,64,21.0,Abuja
2000-06-27,29.5,20.0,24.5,5.4,7.4,20.43,83,961.9,37,21.3,Abuja
2000-06-28,29.0,21.8,24.6,12.0,10.7,18.22,84,960.8,61,21.5,Abuja
2000-06-29,28.1,21.2,24.0,14.6,11.9,16.51,87,960.5,89,21.5,Abuja
2000-06-30,27.2,21.6,23.7,6.8,13.3,13.9,89,960.4,95,21.7,Abuja
2000-07-01,28.0,21.6,23.9,9.5,11.6,16.66,86,960.4,91,21.3,Abuja
2000-07-02,26.5,20.9,23.1,11.4,7.1,12.7,92,960.4,89,21.7,Abuja
2000-07-03,28.0,21.2,23.9,12.6,6.0,16.11,90,959.7,85,22.1,Abuja
2000-07-04,27.6,21.6,23.9,6.9,7.4,16.39,88,960.2,97,21.6,Abuja
2000-07-05,27.9,21.6,23.9,10.6,7.9,17.82,86,960.8,87,21.3,Abuja
2000-07-06,27.1,20.9,23.5,8.6,8.2,15.0,87,962.2,94,21.2,Abuja
2000-07-07,29.6,21.3,25.2,0.0,9.2,17.89,79,961.7,81,20.9,Abuja
2000-07-08,27.7,22.2,25.0,4.9,10.6,13.64,81,961.0,79,21.4,Abuja
2000-07-09,27.4,21.3,24.0,7.2,11.0,13.6,85,961.5,94,21.1,Abuja
2000-07-10,27.4,21.4,23.7,9.9,7.1,13.17,87,961.5,96,21.3,Abuja
2000-07-11,28.0,21.4,23.9,4.1,6.0,16.59,89,961.4,81,21.9,Abuja
2000-07-12,28.7,21.7,24.8,4.9,6.1,16.4,83,961.2,73,21.5,Abuja
2000-07-13,28.3,22.1,24.4,6.3,11.6,15.45,87,961.1,86,21.9,Abuja
2000-07-14,27.3,21.7,24.2,1.8,12.6,13.49,83,961.1,88,20.9,Abuja
2000-07-15,27.2,21.8,23.9,3.6,11.6,16.06,84,960.8,80,20.9,Abuja
2000-07-16,25.3,21.0,23.2,5.1,10.7,9.74,89,961.2,95,21.2,Abuja
2000-07-17,25.5,21.1,23.0,5.8,7.3,9.07,89,962.3,99,21.1,Abuja
2000-07-18,25.2,21.4,22.6,14.9,8.4,8.95,93,962.2,99,21.3,Abuja
2000-07-19,24.6,20.8,22.5,15.4,14.3,10.97,94,960.8,96,21.4,Abuja
2000-07-20,24.6,20.7,22.2,16.7,14.5,9.04,93,960.8,100,20.9,Abuja
2000-07-21,25.0,20.4,22.2,12.3,8.0,10.15,92,960.4,92,20.8,Abuja
2000-07-22,25.8,20.4,23.1,4.5,8.7,11.91,87,960.8,85,20.7,Abuja
2000-07-23,27.6,21.0,23.8,2.2,10.7,18.92,83,961.1,90,20.6,Abuja
2000-07-24,26.4,21.2,23.4,1.6,9.6,15.67,83,961.1,95,20.3,Abuja
2000-07-25,25.4,20.7,22.9,5.7,8.6,11.41,88,961.0,98,20.7,Abuja
2000-07-26,25.8,20.0,22.9,2.0,10.2,12.64,86,961.7,90,20.3,Abuja
2000-07-27,27.7,20.8,23.8,5.7,7.4,17.43,84,960.6,90,20.7,Abuja
2000-07-28,23.5,20.9,21.8,29.7,8.7,5.67,96,959.7,100,21.1,Abuja
2000-07-29,24.5,20.5,21.8,23.6,13.1,10.13,94,960.4,99,20.7,Abuja
2000-07-30,24.2,20.4,22.0,1.9,8.3,6.93,88,962.3,98,19.9,Abuja
2000-07-31,26.1,20.4,23.2,1.8,11.8,12.39,79,961.1,98,19.2,Abuja
2000-08-01,25.7,21.2,23.0,12.1,13.0,13.45,87,960.4,89,20.7,Abuja
2000-08-02,27.7,20.5,23.9,0.7,10.0,16.58,81,961.6,80,20.1,Abuja
2000-08-03,26.2,20.5,22.3,24.0,13.1,11.97,91,961.9,99,20.8,Abuja
2000-08-04,25.1,20.6,22.7,9.2,9.5,10.44,90,962.7,93,20.8,Abuja
2000-08-05,26.1,21.4,23.0,7.2,8.7,13.65,87,962.6,94,20.6,Abuja
2000-08-06,27.1,20.3,23.4,2.2,9.0,17.63,86,962.3,73,20.7,Abuja
2000-08-07,28.7,21.0,24.2,9.7,7.3,18.66,82,961.9,90,20.8,Abuja
2000-08-08,25.6,20.1,22.4,21.1,8.2,10.42,92,961.8,95,20.9,Abuja
2000-08-09,26.4,20.1,22.6,22.5,7.7,11.34,89,963.1,87,20.6,Abuja
2000-08-10,27.1,20.8,23.4,7.2,9.4,14.82,84,963.5,81,20.4,Abuja
2000-08-11,28.4,21.1,24.5,2.5,11.5,17.98,80,962.3,95,20.8,Abuja
2000-08-12,27.4,20.9,23.6,13.6,7.9,11.83,85,961.1,97,20.8,Abuja
2000-08-13,27.2,21.3,23.1,15.6,11.5,13.22,91,961.7,97,21.4,Abuja
2000-08-14,26.1,21.0,23.1,6.3,6.3,10.52,88,962.4,87,20.9,Abuja
2000-08-15,26.6,20.6,23.4,5.6,12.5,13.99,86,962.4,96,20.8,Abuja
2000-08-16,22.2,20.6,21.4,55.0,13.7,4.44,96,961.8,99,20.7,Abuja
2000-08-17,24.5,20.2,21.9,8.8,13.9,11.46,92,962.4,93,20.5,Abuja
2000-08-18,24.3,20.8,22.1,4.4,11.2,10.19,90,962.6,89,20.4,Abuja
2000-08-19,25.4,20.7,22.6,3.5,10.9,13.99,87,963.9,97,20.2,Abuja
2000-08-20,28.8,20.3,24.0,1.5,10.0,20.54,82,963.1,55,20.5,Abuja
2000-08-21,27.9,21.3,23.7,10.6,8.2,16.35,87,962.0,89,21.2,Abuja
2000-08-22,26.2,21.0,23.0,3.8,8.9,10.57,90,962.0,96,21.1,Abuja
2000-08-23,27.0,21.0,23.2,7.9,10.2,13.58,88,963.0,95,20.9,Abuja
2000-08-24,28.4,21.5,23.6,10.1,6.3,16.51,88,963.5,96,21.3,Abuja
2000-08-25,26.4,21.1,23.2,13.7,9.8,14.73,89,961.6,92,21.2,Abuja
2000-08-26,27.8,21.7,24.6,1.3,8.4,16.45,81,960.6,74,21.0,Abuja
2000-08-27,27.6,21.6,24.1,5.0,7.6,15.99,85,960.7,94,21.3,Abuja
2000-08-28,29.2,21.4,24.7,2.0,8.4,18.52,85,960.4,76,21.9,Abuja
2000-08-29,29.4,22.3,25.1,1.5,7.7,17.83,83,960.7,83,21.9,Abuja
2000-08-30,28.4,21.3,24.2,12.0,9.4,16.77,87,960.1,90,21.9,Abuja
2000-08-31,28.4,21.5,24.4,7.2,8.5,17.24,87,960.1,90,21.9,Abuja
2000-09-01,28.3,21.7,24.9,0.8,7.8,14.48,82,960.3,86,21.4,Abuja
2000-09-02,30.2,22.0,25.0,21.5,8.3,20.04,84,959.8,85,22.0,Abuja
2000-09-03,28.9,21.9,24.6,4.1,12.2,14.94,87,959.5,90,22.2,Abuja
2000-09-04,28.6,22.5,25.1,2.5,9.2,18.37,83,959.9,78,22.0,Abuja
2000-09-05,27.3,22.0,23.7,16.9,8.0,13.5,90,960.4,98,22.0,Abuja
2000-09-06,27.0,21.6,23.5,16.3,8.2,12.86,90,960.0,95,21.8,Abuja
2000-09-07,26.2,21.3,23.0,18.3,10.5,11.64,90,959.6,100,21.2,Abuja
2000-09-08,28.0,21.4,23.8,13.2,7.8,15.66,88,958.9,95,21.5,Abuja
2000-09-09,26.3,20.3,23.1,7.0,9.1,9.66,86,959.8,83,20.6,Abuja
2000-09-10,27.7,20.0,23.6,13.1,12.1,16.75,86,960.2,85,21.1,Abuja
2000-09-11,27.3,20.8,22.9,26.2,10.8,13.7,91,959.5,99,21.2,Abuja
2000-09-12,27.6,19.6,23.3,1.5,11.0,16.05,83,960.3,79,20.0,Abuja
2000-09-13,28.1,20.5,23.8,9.6,8.5,17.46,85,961.4,84,20.9,Abuja
2000-09-14,27.6,20.5,23.5,10.9,9.8,15.66,87,961.4,90,21.2,Abuja
2000-09-15,27.4,21.2,23.3,13.2,9.2,16.65,89,961.9,86,21.3,Abuja
2000-09-16,27.7,20.8,23.6,13.3,8.8,18.11,87,962.0,96,21.1,Abuja
2000-09-17,26.2,20.4,23.0,21.4,7.1,13.22,88,961.8,85,20.9,Abuja
2000-09-18,27.1,20.5,23.8,1.3,8.5,13.27,85,961.8,90,20.9,Abuja
2000-09-19,28.5,21.2,24.2,3.4,6.0,18.13,86,961.2,84,21.5,Abuja
2000-09-20,29.3,21.0,24.3,4.3,7.2,19.07,86,960.6,87,21.7,Abuja
2000-09-21,28.6,20.1,24.0,4.8,6.8,16.57,86,960.7,93,21.3,Abuja
2000-09-22,28.9,21.0,24.3,6.6,8.0,16.38,86,960.7,77,21.6,Abuja
2000-09-23,28.1,21.0,23.8,15.7,9.5,15.07,87,960.5,89,21.4,Abuja
2000-09-24,28.1,21.3,24.0,2.3,6.5,15.48,85,960.9,95,21.2,Abuja
2000-09-25,28.5,21.2,24.7,0.0,7.9,15.49,81,961.2,77,20.9,Abuja
2000-09-26,28.4,21.2,24.5,4.6,8.3,18.78,84,960.9,65,21.4,Abuja
2000-09-27,26.2,21.2,23.3,6.4,6.7,9.74,90,960.8,99,21.5,Abuja
2000-09-28,27.8,20.9,24.1,5.5,9.8,15.14,82,961.0,81,20.7,Abuja
2000-09-29,28.0,20.1,23.4,12.7,8.4,14.82,87,960.7,87,21.0,Abuja
2000-09-30,27.2,20.0,23.4,5.4,6.6,14.44,89,961.5,93,21.3,Abuja
2000-10-01,28.7,20.9,24.0,2.1,8.0,16.25,86,961.8,84,21.2,Abuja
2000-10-02,28.0,20.7,23.9,9.6,5.6,14.18,87,961.6,95,21.5,Abuja
2000-10-03,27.8,19.9,23.8,1.1,8.7,14.71,86,960.5,90,21.2,Abuja
2000-10-04,28.4,20.9,24.5,0.8,9.1,17.76,83,959.8,56,21.3,Abuja
2000-10-05,28.1,21.4,23.7,15.5,7.1,17.57,88,960.7,83,21.4,Abuja
2000-10-06,27.6,20.7,23.6,8.4,4.7,13.69,89,960.6,95,21.6,Abuja
2000-10-07,27.9,21.1,23.3,10.0,7.1,14.54,90,961.2,96,21.4,Abuja
2000-10-08,26.5,21.1,23.1,12.8,9.4,11.67,89,961.2,96,21.1,Abuja
2000-10-09,26.3,20.9,23.2,7.7,11.0,11.16,87,961.1,90,20.6,Abuja
2000-10-10,27.8,20.7,24.1,0.1,8.4,16.05,82,961.1,66,20.6,Abuja
2000-10-11,30.1,20.1,24.8,5.8,6.4,21.77,83,960.7,56,21.5,Abuja
2000-10-12,30.7,22.0,25.8,0.0,7.9,20.3,80,961.2,60,21.8,Abuja
2000-10-13,29.4,22.0,24.9,6.6,5.9,18.69,86,960.9,82,22.3,Abuja
2000-10-14,28.6,21.1,24.5,4.5,8.3,15.28,88,959.9,98,22.3,Abuja
2000-10-15,28.2,21.3,24.7,0.7,7.5,15.79,85,960.3,91,22.0,Abuja
2000-10-16,29.9,22.1,25.7,0.7,6.0,19.54,81,961.8,50,22.0,Abuja
2000-10-17,30.2,20.9,25.5,0.2,11.0,19.66,79,962.4,77,21.2,Abuja
2000-10-18,29.3,21.5,24.9,3.1,8.8,17.95,85,961.9,94,22.0,Abuja
2000-10-19,28.3,21.0,24.3,1.2,8.2,15.41,86,961.3,99,21.6,Abuja
2000-10-20,29.2,20.9,24.8,1.1,7.9,20.0,79,961.0,59,20.7,Abuja
2000-10-21,29.9,21.2,25.1,2.9,5.2,22.43,80,960.9,66,21.3,Abuja
2000-10-22,28.9,20.8,24.6,1.4,8.0,16.34,85,961.1,86,21.8,Abuja
2000-10-23,30.2,21.2,25.5,0.3,7.1,18.08,82,960.3,60,21.9,Abuja
2000-10-24,30.9,22.1,26.2,0.6,5.9,20.52,77,959.3,83,21.6,Abuja
2000-10-25,30.7,21.5,26.0,0.0,5.9,19.27,75,959.8,89,20.9,Abuja
2000-10-26,32.3,21.7,27.2,0.0,9.7,22.46,66,959.8,37,19.8,Abuja
2000-10-27,32.7,23.6,27.6,0.0,9.4,22.8,67,960.1,86,20.2,Abuja
2000-10-28,31.7,22.6,26.5,0.2,10.2,21.61,74,960.7,78,21.1,Abuja
2000-10-29,29.7,22.5,25.2,7.2,6.2,18.03,84,961.3,76,22.2,Abuja
2000-10-30,31.7,20.9,26.0,0.0,6.3,21.12,75,960.4,76,20.5,Abuja
2000-10-31,31.3,22.7,27.2,0.0,5.6,21.02,68,959.9,61,20.6,Abuja
2000-11-01,29.7,22.1,26.0,0.2,7.0,17.99,78,959.2,62,21.6,Abuja
2000-11-02,31.7,22.1,26.4,0.0,7.2,19.62,74,958.7,32,20.9,Abuja
2000-11-03,31.2,22.6,26.6,0.0,6.9,18.78,73,958.1,47,20.9,Abuja
2000-11-04,33.6,22.2,27.9,0.0,9.0,19.77,62,958.2,64,18.7,Abuja
2000-11-05,32.6,21.5,27.0,0.0,9.7,23.46,58,958.7,90,17.6,Abuja
2000-11-06,30.2,22.1,26.1,0.0,7.7,18.27,71,958.9,98,20.2,Abuja
2000-11-07,31.7,22.1,26.8,0.0,5.1,21.61,65,957.7,65,19.0,Abuja
2000-11-08,32.3,20.3,26.5,0.0,7.2,22.52,59,956.2,21,17.3,Abuja
2000-11-09,33.8,20.9,27.2,0.0,5.9,23.21,58,956.7,8,17.0,Abuja
2000-11-10,34.8,20.9,27.7,0.0,12.6,24.07,38,956.6,1,10.9,Abuja
2000-11-11,32.5,20.4,26.6,0.0,6.6,22.48,57,958.0,25,17.1,Abuja
2000-11-12,33.6,22.9,27.8,0.0,6.6,21.47,56,958.2,70,17.3,Abuja
2000-11-13,34.6,20.8,27.5,0.0,8.2,23.94,36,957.1,3,9.4,Abuja
2000-11-14,33.8,19.5,27.4,0.0,9.0,23.15,38,957.1,23,11.3,Abuja
2000-11-15,31.5,20.7,26.6,0.0,7.3,20.82,56,959.4,81,16.7,Abuja
2000-11-16,33.7,21.4,27.1,0.0,6.4,21.62,57,959.7,64,17.0,Abuja
2000-11-17,33.9,20.0,27.2,0.0,6.5,23.08,45,959.0,20,13.5,Abuja
2000-11-18,32.0,20.6,26.8,0.0,7.9,21.4,50,958.6,74,15.1,Abuja
2000-11-19,32.4,22.3,27.3,0.0,6.3,20.65,58,959.6,29,17.4,Abuja
2000-11-20,34.0,22.5,28.0,0.0,4.7,22.2,54,960.2,44,17.1,Abuja
2000-11-21,34.8,21.4,28.1,0.0,6.6,22.8,46,960.2,3,14.4,Abuja
2000-11-22,33.5,21.9,27.9,0.0,6.8,22.22,52,960.2,2,16.3,Abuja
2000-11-23,33.4,21.5,27.3,0.0,6.4,21.44,52,960.2,4,15.6,Abuja
2000-11-24,34.1,20.8,27.5,0.0,7.6,22.63,47,959.8,1,14.1,Abuja
2000-11-25,33.1,21.7,28.0,0.0,7.4,21.05,51,960.6,24,16.1,Abuja
2000-11-26,35.4,22.3,28.9,0.0,6.9,21.79,44,960.9,28,14.3,Abuja
2000-11-27,35.8,21.9,28.6,0.0,10.9,22.51,33,961.2,20,8.7,Abuja
2000-11-28,34.7,20.0,27.7,0.0,10.1,22.56,27,960.9,77,6.0,Abuja
2000-11-29,34.7,21.0,27.9,0.0,8.7,22.53,26,960.9,17,6.0,Abuja
2000-11-30,34.9,21.7,27.8,0.0,9.3,22.45,27,960.7,44,5.8,Abuja
2000-12-01,34.4,22.1,27.9,0.0,11.1,22.49,24,960.9,22,4.6,Abuja
2000-12-02,34.3,22.4,27.9,0.0,12.1,22.51,21,961.3,10,3.1,Abuja
2000-12-03,33.9,21.5,27.6,0.0,10.6,22.32,25,961.1,25,5.0,Abuja
2000-12-04,33.7,21.4,27.4,0.0,11.4,21.69,26,960.7,89,5.6,Abuja
2000-12-05,34.2,21.5,27.5,0.0,11.5,22.33,24,960.4,34,4.5,Abuja
2000-12-06,33.7,20.9,27.1,0.0,11.3,22.01,26,960.7,95,5.2,Abuja
2000-12-07,33.8,21.3,27.3,0.0,13.1,21.61,26,960.8,88,5.7,Abuja
2000-12-08,33.1,20.7,26.9,0.0,11.1,21.53,27,960.7,77,5.8,Abuja
2000-12-09,33.1,21.2,26.9,0.0,10.3,21.98,24,960.9,42,4.5,Abuja
2000-12-10,33.7,20.7,26.9,0.0,11.5,21.91,26,960.7,9,5.5,Abuja
2000-12-11,32.3,21.1,26.3,0.0,11.5,17.43,28,961.1,80,6.1,Abuja
2000-12-12,32.7,20.7,26.3,0.0,10.3,21.54,29,961.0,60,6.4,Abuja
2000-12-13,32.4,20.2,26.1,0.0,12.7,22.06,28,960.1,24,5.6,Abuja
2000-12-14,33.0,19.7,26.2,0.0,14.1,21.98,24,959.7,2,3.7,Abuja
2000-12-15,33.4,20.1,26.4,0.0,13.2,21.97,26,959.3,2,4.9,Abuja
2000-12-16,33.5,19.4,26.4,0.0,8.6,21.74,30,958.7,8,6.7,Abuja
2000-12-17,34.4,20.6,27.2,0.0,9.0,21.86,27,958.6,16,5.9,Abuja
2000-12-18,34.7,20.7,27.7,0.0,10.6,21.67,28,958.9,50,7.0,Abuja
2000-12-19,35.0,20.7,28.1,0.0,9.0,21.61,31,958.9,26,8.6,Abuja
2000-12-20,34.6,21.0,28.2,0.0,5.8,21.2,33,958.6,70,9.8,Abuja
2000-12-21,32.8,21.6,27.6,0.0,10.0,19.11,52,959.9,75,15.8,Abuja
2000-12-22,33.4,21.7,27.7,0.0,7.7,19.42,50,960.5,32,15.4,Abuja
2000-12-23,32.4,21.8,27.2,0.0,7.4,17.62,53,960.6,50,16.4,Abuja
2000-12-24,34.3,22.4,28.3,0.0,5.6,20.1,53,960.5,21,16.5,Abuja
2000-12-25,33.7,21.5,27.5,0.0,5.2,20.28,43,960.5,5,13.3,Abuja
2000-12-26,35.0,21.0,28.1,0.0,7.7,21.58,32,960.2,13,8.8,Abuja
2000-12-27,34.6,21.2,28.1,0.0,9.4,21.69,24,960.6,0,5.2,Abuja
2000-12-28,34.6,21.4,28.0,0.0,5.6,21.19,38,960.5,1,11.9,Abuja
2000-12-29,33.3,22.2,27.6,0.0,7.5,19.88,43,960.0,8,13.5,Abuja
2000-12-30,32.4,21.9,27.3,0.1,8.7,19.66,43,959.4,13,13.3,Abuja
2000-12-31,33.3,21.8,27.8,0.0,10.8,20.71,31,959.9,22,8.5,Abuja
2001-01-01,33.7,21.2,27.6,0.0,7.0,21.65,35,959.9,35,10.3,Abuja
2001-01-02,33.9,21.8,27.8,0.0,10.7,21.97,22,960.0,19,3.7,Abuja
2001-01-03,33.3,21.3,27.3,0.0,11.6,22.1,20,960.9,64,1.9,Abuja
2001-01-04,34.1,21.4,27.4,0.0,12.2,22.29,18,960.5,9,0.3,Abuja
2001-01-05,33.2,20.3,26.5,0.0,11.9,22.4,19,960.8,2,0.3,Abuja
2001-01-06,33.5,19.9,26.4,0.0,10.9,22.41,20,961.0,24,1.0,Abuja
2001-01-07,33.3,20.2,26.6,0.0,11.5,22.23,20,961.0,71,1.2,Abuja
2001-01-08,33.9,20.1,26.9,0.0,9.7,22.53,21,960.3,31,2.0,Abuja
2001-01-09,33.5,20.2,26.8,0.0,10.2,22.59,20,959.9,55,1.2,Abuja
2001-01-10,34.1,20.4,27.1,0.0,10.8,22.7,20,959.1,61,1.3,Abuja
2001-01-11,34.4,20.7,27.4,0.0,12.5,22.74,20,959.4,0,2.0,Abuja
2001-01-12,34.0,20.5,27.3,0.0,10.4,22.67,22,959.7,0,2.8,Abuja
2001-01-13,34.1,19.5,27.2,0.0,11.0,22.73,23,959.4,18,3.3,Abuja
2001-01-14,34.0,18.6,27.1,0.0,6.3,22.35,29,958.5,3,7.0,Abuja
2001-01-15,34.9,20.6,27.9,0.0,8.4,22.35,26,958.5,18,6.4,Abuja
2001-01-16,34.9,21.9,28.3,0.0,6.2,21.56,33,959.5,24,10.1,Abuja
2001-01-17,36.6,23.8,29.8,0.0,10.2,22.19,22,959.4,49,5.1,Abuja
2001-01-18,35.3,23.7,29.2,0.0,14.5,22.49,16,959.3,52,0.9,Abuja
2001-01-19,33.9,22.1,27.8,0.0,15.5,22.92,15,960.6,25,-1.0,Abuja
2001-01-20,34.5,21.6,27.8,0.0,14.0,23.13,15,960.9,67,-1.9,Abuja
2001-01-21,34.4,21.4,27.8,0.0,14.2,23.04,16,960.7,94,-0.9,Abuja
2001-01-22,33.9,20.8,27.2,0.0,13.3,22.78,15,960.7,73,-2.0,Abuja
2001-01-23,34.1,20.8,27.2,0.0,13.6,22.58,14,961.4,68,-3.1,Abuja
2001-01-24,33.6,20.4,26.8,0.0,12.0,23.25,13,962.0,18,-4.0,Abuja
2001-01-25,34.3,19.9,26.9,0.0,11.4,23.37,15,961.9,0,-2.6,Abuja
2001-01-26,34.1,19.8,27.0,0.0,10.1,23.31,18,961.0,7,-0.1,Abuja
2001-01-27,34.1,20.4,27.2,0.0,12.0,23.35,18,960.3,40,0.1,Abuja
2001-01-28,33.5,19.6,26.9,0.0,11.4,23.42,17,959.9,63,-0.8,Abuja
2001-01-29,33.9,19.5,27.2,0.0,12.0,23.65,19,959.2,32,1.1,Abuja
2001-01-30,34.1,19.5,27.4,0.0,7.3,22.82,35,959.2,12,10.1,Abuja
2001-01-31,34.7,21.9,28.4,0.0,9.2,22.47,30,958.6,4,8.9,Abuja
2001-02-01,36.0,22.6,29.2,0.0,10.1,23.1,23,957.8,6,5.8,Abuja
2001-02-02,35.4,21.8,28.9,0.0,10.1,22.69,31,957.5,16,10.0,Abuja
2001-02-03,35.1,24.0,29.1,0.0,13.1,22.79,23,958.7,65,4.9,Abuja
2001-02-04,36.0,22.1,28.6,0.0,15.3,23.97,11,959.5,49,-4.8,Abuja
2001-02-05,35.7,21.5,28.2,0.0,16.4,24.4,12,959.6,0,-4.2,Abuja
2001-02-06,35.2,20.5,27.7,0.0,12.9,24.49,13,960.4,60,-3.8,Abuja
2001-02-07,34.6,20.5,27.4,0.0,12.9,24.44,15,960.4,42,-2.1,Abuja
2001-02-08,34.7,20.6,27.7,0.0,13.1,24.59,14,959.4,21,-2.9,Abuja
2001-02-09,35.3,21.4,28.1,0.0,14.0,24.54,14,959.0,14,-2.0,Abuja
2001-02-10,35.4,21.3,28.1,0.0,15.2,24.65,14,959.6,18,-2.3,Abuja
2001-02-11,34.8,20.9,27.7,0.0,15.3,24.71,12,959.8,1,-4.1,Abuja
2001-02-12,34.5,20.7,27.4,0.0,15.3,24.69,13,959.9,6,-3.6,Abuja
2001-02-13,33.8,20.2,26.6,0.0,15.6,24.68,13,960.2,1,-3.9,Abuja
2001-02-14,33.0,18.6,25.7,0.0,15.5,24.4,15,959.6,2,-3.3,Abuja
2001-02-15,34.4,20.1,27.2,0.0,10.4,23.55,16,959.4,69,-1.1,Abuja
2001-02-16,36.1,21.8,29.0,0.0,12.4,23.73,16,959.8,82,0.5,Abuja
2001-02-17,35.8,21.7,28.8,0.0,9.2,23.14,20,959.9,98,3.2,Abuja
2001-02-18,36.3,22.3,29.6,0.0,10.0,24.29,22,959.3,47,4.9,Abuja
2001-02-19,36.1,22.1,29.6,0.0,8.7,24.22,26,959.5,20,8.1,Abuja
2001-02-20,37.3,23.0,30.4,0.0,8.8,24.02,27,959.6,49,8.6,Abuja
2001-02-21,35.0,23.4,29.3,0.0,9.0,20.81,38,960.1,87,13.1,Abuja
2001-02-22,36.5,23.8,30.2,0.0,10.4,24.06,26,959.5,9,7.9,Abuja
2001-02-23,35.3,24.3,29.9,0.0,10.9,23.83,25,958.7,11,7.6,Abuja
2001-02-24,37.0,23.8,30.5,0.0,10.2,24.98,17,957.6,12,2.0,Abuja
2001-02-25,37.7,24.0,30.9,0.0,12.0,25.01,14,957.4,55,0.4,Abuja
2001-02-26,37.7,22.9,30.4,0.0,9.2,25.19,20,956.7,0,4.7,Abuja
2001-02-27,36.9,23.0,29.9,0.0,8.2,23.48,30,956.3,48,9.9,Abuja
2001-02-28,36.3,23.6,30.6,0.0,9.9,22.79,41,957.5,81,14.4,Abuja
2001-03-01,36.8,24.6,31.0,0.0,8.4,23.16,43,958.6,68,15.9,Abuja
2001-03-02,37.5,23.0,30.5,0.0,8.0,23.79,47,959.7,84,16.1,Abuja
2001-03-03,38.9,23.6,31.4,0.0,6.6,25.14,32,959.2,55,10.5,Abuja
2001-03-04,37.5,24.6,31.0,0.0,8.7,23.76,45,959.0,43,15.9,Abuja
2001-03-05,37.2,24.6,30.9,0.0,9.6,23.53,45,959.7,47,15.5,Abuja
2001-03-06,37.1,24.4,30.8,0.0,6.9,24.2,22,959.7,62,5.7,Abuja
2001-03-07,35.7,24.0,30.0,0.0,9.0,23.72,26,959.5,31,7.5,Abuja
2001-03-08,33.3,24.0,28.7,0.3,7.0,19.89,49,959.4,45,16.6,Abuja
2001-03-09,33.3,24.6,28.1,3.5,10.3,17.97,58,959.4,78,18.8,Abuja
2001-03-10,32.8,24.8,28.1,0.2,12.9,15.81,61,959.6,82,19.6,Abuja
2001-03-11,32.1,23.3,27.3,0.8,12.7,18.06,69,960.3,60,20.6,Abuja
2001-03-12,35.2,23.2,29.0,0.0,10.8,22.08,58,959.6,63,18.8,Abuja
2001-03-13,36.0,24.0,30.0,0.0,9.9,23.93,50,958.4,71,16.7,Abuja
2001-03-14,35.6,24.5,29.8,0.0,7.1,25.46,37,957.7,78,13.0,Abuja
2001-03-15,36.5,23.3,30.1,0.0,8.2,25.43,36,957.4,83,12.6,Abuja
2001-03-16,36.2,24.2,30.4,0.0,9.2,24.43,43,957.8,93,15.5,Abuja
2001-03-17,35.7,24.9,30.3,0.6,7.5,23.51,50,957.1,82,17.8,Abuja
2001-03-18,33.5,24.4,27.9,4.7,11.8,20.91,65,958.1,86,20.3,Abuja
2001-03-19,35.8,23.4,29.3,0.0,8.3,24.37,56,958.6,91,18.2,Abuja
2001-03-20,35.6,23.6,29.6,0.0,10.3,24.16,55,959.2,81,18.2,Abuja
2001-03-21,36.0,23.9,30.3,0.0,9.2,23.86,49,957.7,64,16.9,Abuja
2001-03-22,35.5,24.9,30.2,0.0,9.6,22.89,51,957.6,96,17.9,Abuja
2001-03-23,33.8,25.1,29.3,0.1,8.8,20.28,54,958.9,93,18.4,Abuja
2001-03-24,35.8,24.4,30.1,0.0,7.5,23.52,51,958.9,74,18.0,Abuja
2001-03-25,37.2,23.1,30.4,0.0,9.3,25.51,45,957.6,28,15.4,Abuja
2001-03-26,37.2,24.9,31.0,0.0,10.1,24.95,48,957.3,28,17.5,Abuja
2001-03-27,37.2,24.9,30.6,0.3,15.2,24.22,52,957.3,65,18.3,Abuja
2001-03-28,35.4,24.1,29.7,0.0,14.3,22.52,55,958.3,90,18.3,Abuja
2001-03-29,35.6,24.3,29.6,0.0,13.7,23.36,54,959.1,80,17.9,Abuja
2001-03-30,35.7,24.7,30.3,0.0,12.6,22.24,51,958.1,78,18.1,Abuja
2001-03-31,36.1,24.9,30.4,0.0,12.6,22.67,52,956.8,65,18.4,Abuja
2001-04-01,35.7,25.1,30.3,0.0,14.5,21.38,55,958.2,92,19.4,Abuja
2001-04-02,36.4,25.0,30.1,3.0,13.5,24.06,57,958.1,72,19.8,Abuja
2001-04-03,31.0,23.6,26.8,4.6,12.0,15.75,75,958.6,93,21.8,Abuja
2001-04-04,32.3,23.2,27.0,6.3,11.3,19.82,75,958.8,97,21.8,Abuja
2001-04-05,33.8,22.9,27.8,0.0,9.6,20.55,68,959.8,92,20.4,Abuja
2001-04-06,33.3,23.1,28.2,0.0,7.6,22.21,64,960.0,78,20.2,Abuja
2001-04-07,35.8,22.6,29.6,0.0,7.7,26.65,51,959.2,3,17.3,Abuja
2001-04-08,35.6,23.1,29.5,0.0,8.9,26.41,55,958.9,10,18.4,Abuja
2001-04-09,36.7,24.3,30.4,0.0,9.7,25.81,50,957.8,42,17.5,Abuja
2001-04-10,36.7,24.3,30.7,0.0,11.9,26.45,48,957.0,91,17.2,Abuja
2001-04-11,35.7,24.7,29.9,0.3,10.7,24.97,59,957.4,41,20.2,Abuja
2001-04-12,36.6,25.1,30.4,0.6,12.5,25.36,54,957.4,83,19.1,Abuja
2001-04-13,34.4,24.7,29.1,0.5,14.1,21.24,61,957.7,89,20.2,Abuja
2001-04-14,34.7,24.7,28.9,1.0,13.3,23.86,66,957.5,69,21.2,Abuja
2001-04-15,35.3,25.1,29.8,0.0,16.9,21.74,58,958.1,86,20.1,Abuja
2001-04-16,33.0,25.1,28.2,1.2,14.7,15.58,70,959.7,99,21.9,Abuja
2001-04-17,34.8,24.1,27.8,6.7,6.8,21.48,74,959.2,94,22.3,Abuja
2001-04-18,26.0,23.2,24.2,15.4,14.2,6.26,88,959.5,100,22.1,Abuja
2001-04-19,32.3,22.0,27.1,0.0,11.3,24.85,69,959.3,73,20.4,Abuja
2001-04-20,32.4,23.9,28.2,0.0,8.3,22.51,66,959.4,95,20.9,Abuja
2001-04-21,31.0,24.4,27.6,0.1,11.2,13.75,71,959.1,75,21.7,Abuja
2001-04-22,29.7,23.7,26.2,1.5,12.4,13.63,78,958.4,86,22.0,Abuja
2001-04-23,30.4,22.8,26.2,0.0,9.2,13.96,76,958.2,87,21.2,Abuja
2001-04-24,33.0,23.3,27.9,0.4,11.2,22.98,71,958.8,87,21.9,Abuja
2001-04-25,29.9,23.3,26.1,4.0,9.8,12.3,82,959.4,94,22.6,Abuja
2001-04-26,31.8,23.2,26.8,1.4,9.1,15.75,77,960.0,99,22.0,Abuja
2001-04-27,34.1,24.7,28.6,0.6,9.7,21.13,70,958.8,70,22.2,Abuja
2001-04-28,31.5,24.7,27.7,1.2,12.6,17.55,72,958.4,79,22.1,Abuja
2001-04-29,30.3,23.5,26.0,7.0,10.7,13.33,83,958.9,99,22.6,Abuja
2001-04-30,31.0,23.7,27.2,0.0,9.0,18.34,77,959.6,77,22.6,Abuja
2001-05-01,30.4,24.1,27.1,1.8,6.8,15.55,78,960.2,89,22.8,Abuja
2001-05-02,34.2,24.0,28.7,0.5,9.6,22.05,70,959.0,83,22.2,Abuja
2001-05-03,32.6,24.2,27.8,0.0,10.4,17.18,73,957.8,97,22.0,Abuja
2001-05-04,29.7,24.2,26.9,0.1,11.4,12.24,77,958.1,94,22.3,Abuja
2001-05-05,31.4,24.4,27.8,0.0,13.0,16.77,72,959.5,90,22.0,Abuja
2001-05-06,31.7,24.2,27.6,0.0,8.3,15.89,74,959.8,84,22.3,Abuja
2001-05-07,34.2,24.4,29.0,0.4,7.7,23.07,69,958.9,52,22.4,Abuja
2001-05-08,32.1,25.0,28.2,0.9,14.0,13.54,73,958.9,60,22.8,Abuja
2001-05-09,31.3,23.0,27.1,14.4,9.7,16.22,77,958.9,88,22.5,Abuja
2001-05-10,32.1,23.9,27.9,0.0,11.7,16.82,73,958.6,58,22.3,Abuja
2001-05-11,30.9,24.1,27.8,0.0,10.0,15.48,73,959.3,82,22.3,Abuja
2001-05-12,30.0,24.1,26.5,5.0,12.6,11.11,80,959.7,96,22.5,Abuja
2001-05-13,32.5,23.1,27.2,9.2,10.0,20.75,77,960.0,99,22.4,Abuja
2001-05-14,30.1,22.9,25.8,15.2,9.1,18.5,85,959.7,97,22.9,Abuja
2001-05-15,27.5,22.9,25.2,2.2,7.0,7.92,85,961.2,98,22.3,Abuja
2001-05-16,31.5,22.3,26.3,4.9,6.8,22.98,81,961.2,53,22.6,Abuja
2001-05-17,31.3,23.3,26.9,0.9,8.0,20.95,80,960.7,90,23.0,Abuja
2001-05-18,34.2,24.5,28.9,0.2,11.2,24.25,69,959.7,55,22.3,Abuja
2001-05-19,32.7,24.6,28.0,0.1,11.2,20.27,71,959.5,60,21.8,Abuja
2001-05-20,31.0,23.7,26.8,1.0,11.3,19.66,77,960.5,96,22.1,Abuja
2001-05-21,30.8,23.0,26.5,0.3,10.1,17.54,74,960.3,80,21.3,Abuja
2001-05-22,31.0,23.0,27.0,0.0,9.2,18.73,71,960.1,44,21.1,Abuja
2001-05-23,31.5,23.1,26.9,0.7,9.5,20.8,75,960.8,52,21.7,Abuja
2001-05-24,30.5,23.6,26.7,0.0,13.7,17.93,75,961.1,79,21.8,Abuja
2001-05-25,28.6,23.1,25.7,0.0,13.7,11.35,76,961.0,87,21.1,Abuja
2001-05-26,28.9,22.6,25.6,0.3,10.8,13.27,77,960.6,73,21.0,Abuja
2001-05-27,29.5,22.7,26.0,0.1,9.5,16.44,75,961.6,90,20.8,Abuja
2001-05-28,30.2,23.1,26.6,0.8,7.6,17.85,74,962.1,90,21.4,Abuja
2001-05-29,28.8,23.2,25.9,0.8,10.7,13.89,79,961.5,94,21.9,Abuja
2001-05-30,29.3,23.0,25.8,6.5,7.9,14.47,81,960.2,93,22.3,Abuja
2001-05-31,29.7,21.7,25.7,4.1,8.7,15.01,80,959.8,84,21.8,Abuja
2001-06-01,28.3,22.8,24.6,10.8,9.8,12.11,84,960.1,99,21.6,Abuja
2001-06-02,27.5,21.6,24.4,0.8,9.4,10.51,84,961.1,94,21.3,Abuja
2001-06-03,29.0,22.0,25.4,0.5,9.4,12.43,79,960.4,75,21.1,Abuja
2001-06-04,29.9,22.7,26.2,0.2,7.8,16.86,75,961.0,67,21.3,Abuja
2001-06-05,29.4,22.6,24.9,9.0,9.7,14.87,82,961.5,98,21.6,Abuja
2001-06-06,28.6,21.9,25.1,0.3,8.3,16.39,82,961.7,81,21.6,Abuja
2001-06-07,28.9,22.7,25.5,10.2,12.2,18.64,81,960.3,59,21.9,Abuja
2001-06-08,28.7,22.1,25.2,1.1,10.5,17.75,82,960.5,70,21.7,Abuja
2001-06-09,28.4,22.2,25.2,1.9,11.7,15.18,80,961.0,60,21.4,Abuja
2001-06-10,28.3,21.8,24.1,11.5,9.9,16.74,86,961.7,96,21.5,Abuja
2001-06-11,28.7,21.6,24.3,2.1,8.6,16.86,86,961.1,87,21.7,Abuja
2001-06-12,28.9,22.2,24.6,9.5,8.7,17.6,84,961.0,86,21.5,Abuja
2001-06-13,28.2,21.4,24.1,11.6,7.2,14.82,87,960.8,97,21.6,Abuja
2001-06-14,28.6,21.3,24.9,0.2,11.8,13.65,79,960.2,77,20.8,Abuja
2001-06-15,29.2,21.6,25.5,0.0,8.9,18.86,76,960.4,50,20.8,Abuja
2001-06-16,28.4,22.6,25.3,4.7,11.0,17.32,80,960.5,93,21.5,Abuja
2001-06-17,28.2,22.1,24.2,8.7,7.3,15.15,86,960.2,81,21.6,Abuja
2001-06-18,27.4,21.8,24.5,0.3,10.9,13.11,82,960.8,77,21.0,Abuja
2001-06-19,29.1,22.2,25.3,0.6,8.4,19.41,78,961.4,68,21.1,Abuja
2001-06-20,28.9,21.9,25.3,2.4,9.2,17.61,81,961.6,91,21.7,Abuja
2001-06-21,28.2,21.9,24.6,18.5,7.2,15.22,87,961.4,97,22.2,Abuja
2001-06-22,27.0,22.3,24.0,6.8,6.7,12.97,90,962.6,99,22.3,Abuja
2001-06-23,28.6,22.1,24.6,6.6,8.1,17.14,85,962.9,83,21.8,Abuja
2001-06-24,28.2,21.8,24.7,0.1,9.6,13.04,80,963.7,96,20.8,Abuja
2001-06-25,30.0,22.0,25.3,4.0,6.1,20.48,80,963.3,52,21.4,Abuja
2001-06-26,27.3,21.4,24.1,5.1,8.4,12.04,87,963.3,86,21.7,Abuja
2001-06-27,28.7,21.7,24.7,3.5,12.4,14.72,83,962.6,75,21.4,Abuja
2001-06-28,28.2,21.8,24.2,13.2,11.3,15.85,85,963.0,94,21.3,Abuja
2001-06-29,25.5,21.6,23.0,5.5,9.3,6.99,90,962.8,100,21.2,Abuja
2001-06-30,28.7,21.2,24.3,12.5,7.1,18.34,85,961.7,77,21.4,Abuja
2001-07-01,28.6,20.7,24.3,2.1,7.4,17.99,84,961.9,84,21.3,Abuja
2001-07-02,29.2,21.9,25.1,2.0,6.4,20.44,85,962.0,64,22.3,Abuja
2001-07-03,28.4,22.2,24.4,10.9,10.3,16.32,88,961.9,92,22.2,Abuja
2001-07-04,28.2,22.1,24.6,2.3,11.0,16.44,83,962.4,98,21.4,Abuja
2001-07-05,27.7,22.0,24.1,7.7,8.0,15.45,88,962.6,95,22.0,Abuja
2001-07-06,28.0,20.8,24.2,5.9,8.2,16.67,85,962.3,78,21.4,Abuja
2001-07-07,27.7,22.2,24.2,7.3,7.4,16.84,87,962.7,86,21.8,Abuja
2001-07-08,28.2,21.1,24.6,0.3,8.4,18.54,82,962.6,71,21.1,Abuja
2001-07-09,28.9,21.4,24.5,4.2,8.4,18.43,84,961.3,78,21.6,Abuja
2001-07-10,27.7,22.0,24.3,2.2,8.4,14.62,86,961.1,92,21.6,Abuja
2001-07-11,28.6,22.0,24.7,12.6,7.3,16.82,86,961.6,98,22.0,Abuja
2001-07-12,28.5,21.8,24.4,10.5,9.8,16.71,87,961.6,95,22.0,Abuja
2001-07-13,28.2,21.4,24.2,1.6,8.7,15.02,86,960.4,73,21.6,Abuja
2001-07-14,28.5,21.9,24.6,3.2,13.3,18.07,85,959.5,55,21.7,Abuja
2001-07-15,27.7,21.5,23.8,9.5,9.2,15.56,86,961.2,92,21.4,Abuja
2001-07-16,22.7,20.9,21.6,37.2,12.0,5.21,96,963.0,100,20.9,Abuja
2001-07-17,26.0,20.1,22.9,3.8,13.7,13.67,81,963.7,82,19.2,Abuja
2001-07-18,25.5,21.0,23.1,2.2,9.8,9.93,81,962.5,86,19.7,Abuja
2001-07-19,28.0,21.1,24.2,7.4,10.1,17.96,82,960.8,82,20.9,Abuja
2001-07-20,25.2,21.3,22.7,7.8,11.1,9.58,92,960.3,100,21.4,Abuja
2001-07-21,23.1,20.9,21.6,9.7,16.9,5.46,98,960.4,100,21.2,Abuja
2001-07-22,25.5,20.4,22.1,9.3,14.0,11.74,89,961.4,97,20.2,Abuja
2001-07-23,26.2,20.4,22.8,4.1,8.8,12.32,88,961.2,94,20.6,Abuja
2001-07-24,23.7,20.8,22.0,4.6,9.4,7.11,93,961.1,98,20.8,Abuja
2001-07-25,26.8,20.3,23.4,0.3,9.7,14.19,83,961.0,98,20.1,Abuja
2001-07-26,27.5,21.3,24.2,0.8,11.2,19.45,80,961.5,89,20.3,Abuja
2001-07-27,27.1,21.4,24.3,4.3,15.9,16.24,79,961.8,94,20.2,Abuja
2001-07-28,23.9,20.8,22.0,18.1,10.5,6.78,95,961.0,99,21.2,Abuja
2001-07-29,26.0,20.7,22.3,7.2,13.6,14.1,90,961.6,98,20.5,Abuja
2001-07-30,26.7,20.3,23.0,9.7,12.1,15.62,87,963.5,95,20.5,Abuja
2001-07-31,25.5,20.8,23.0,4.6,12.0,14.03,86,964.3,88,20.4,Abuja
2001-08-01,22.0,20.4,21.2,34.8,5.0,3.36,97,963.3,97,20.6,Abuja
2001-08-02,26.1,20.5,22.3,9.0,10.0,11.88,91,962.2,98,20.6,Abuja
2001-08-03,25.2,21.1,22.8,1.8,12.8,9.77,85,961.8,95,20.1,Abuja
2001-08-04,23.0,20.5,21.4,21.4,9.5,5.04,96,962.6,83,20.8,Abuja
2001-08-05,26.8,20.5,23.4,0.9,9.2,15.3,84,963.7,84,20.4,Abuja
2001-08-06,28.8,21.1,24.3,5.5,11.2,18.59,82,962.8,63,21.0,Abuja
2001-08-07,25.2,21.4,22.6,10.1,11.5,8.36,91,962.3,100,21.1,Abuja
2001-08-08,27.1,20.6,23.2,22.9,13.7,16.67,86,963.1,74,20.6,Abuja
2001-08-09,26.8,20.3,23.0,14.0,12.0,14.42,88,963.0,81,20.9,Abuja
2001-08-10,28.2,20.0,23.6,2.7,9.3,12.81,86,962.8,92,20.9,Abuja
2001-08-11,27.2,21.7,23.9,3.0,12.0,13.45,87,962.7,94,21.4,Abuja
2001-08-12,23.6,21.3,22.4,9.5,11.4,6.91,93,962.2,99,21.2,Abuja
2001-08-13,26.7,21.0,23.1,7.8,11.6,14.7,87,962.4,91,20.7,Abuja
2001-08-14,25.3,21.0,22.6,11.9,15.6,11.47,89,962.9,98,20.5,Abuja
2001-08-15,24.4,20.6,21.9,21.1,17.9,10.8,89,964.4,87,19.9,Abuja
2001-08-16,25.7,20.7,23.0,0.6,11.4,10.81,83,964.7,94,19.9,Abuja
2001-08-17,26.7,21.5,23.4,8.0,9.7,11.42,88,963.6,93,21.2,Abuja
2001-08-18,23.7,21.3,22.0,3.4,12.7,5.95,94,962.6,98,21.0,Abuja
2001-08-19,27.0,20.9,23.5,1.8,9.5,14.5,86,962.4,84,20.9,Abuja
2001-08-20,25.8,21.4,23.2,9.5,14.8,10.66,89,962.8,99,21.2,Abuja
2001-08-21,23.5,21.2,22.0,32.2,11.1,4.97,95,963.2,92,21.2,Abuja
2001-08-22,27.0,21.0,23.6,0.6,12.7,12.91,85,963.7,93,20.7,Abuja
2001-08-23,27.6,21.7,24.5,0.5,11.2,13.33,80,962.6,92,20.6,Abuja
2001-08-24,25.3,21.3,23.4,5.4,9.4,9.95,91,961.6,98,21.8,Abuja
2001-08-25,27.1,21.8,23.9,4.2,9.6,12.74,86,962.0,98,21.3,Abuja
2001-08-26,22.5,20.6,21.5,39.8,8.5,4.67,97,962.5,100,20.9,Abuja
2001-08-27,27.1,20.7,23.4,3.0,10.7,14.41,88,961.4,80,21.3,Abuja
2001-08-28,26.9,22.3,24.1,1.3,11.7,13.83,84,961.5,91,21.1,Abuja
2001-08-29,26.8,21.8,23.4,8.6,11.3,11.86,87,962.6,100,21.1,Abuja
2001-08-30,26.5,21.1,22.8,33.2,9.0,12.37,92,962.8,78,21.4,Abuja
2001-08-31,27.1,20.8,23.9,1.4,10.0,14.4,85,961.9,79,21.0,Abuja
2001-09-01,27.5,22.0,23.9,17.2,11.6,14.69,85,961.0,88,21.2,Abuja
2001-09-02,22.9,20.8,21.6,30.4,13.1,6.61,97,960.5,100,21.1,Abuja
2001-09-03,23.4,20.6,21.5,20.5,10.0,6.48,95,960.9,97,20.7,Abuja
2001-09-04,27.6,20.8,23.2,7.0,8.0,14.26,88,961.4,90,20.9,Abuja
2001-09-05,27.0,21.0,23.3,10.7,6.9,13.11,88,960.9,93,21.1,Abuja
2001-09-06,25.0,21.3,22.6,6.1,7.6,8.69,93,960.7,95,21.3,Abuja
2001-09-07,27.8,21.2,24.3,1.4,8.7,17.14,82,960.8,82,21.0,Abuja
2001-09-08,28.6,21.8,24.6,12.0,7.6,16.67,85,960.0,93,21.8,Abuja
2001-09-09,27.4,21.0,23.7,2.2,6.2,11.34,88,960.6,97,21.4,Abuja
2001-09-10,27.8,20.9,24.3,1.6,8.0,15.28,83,961.5,82,21.1,Abuja
2001-09-11,30.7,20.9,24.8,17.7,9.4,20.16,83,960.1,94,21.6,Abuja
2001-09-12,26.8,20.7,23.2,8.5,8.7,11.45,89,960.7,84,21.3,Abuja
2001-09-13,26.4,21.2,23.5,7.0,8.3,15.58,87,962.0,96,21.1,Abuja
2001-09-14,25.2,21.2,22.9,7.1,7.6,9.69,91,960.4,98,21.3,Abuja
2001-09-15,28.6,20.2,23.8,3.3,5.6,19.31,84,960.4,84,20.8,Abuja
2001-09-16,28.1,21.0,24.1,7.4,7.1,13.53,84,961.3,97,21.1,Abuja
2001-09-17,28.4,20.1,24.0,6.4,9.0,14.86,86,960.0,92,21.3,Abuja
2001-09-18,27.7,21.4,23.6,9.6,10.7,15.11,86,960.8,83,21.1,Abuja
2001-09-19,27.6,20.9,23.3,15.9,9.4,17.8,88,961.6,98,21.1,Abuja
2001-09-20,28.0,21.3,23.6,18.8,11.9,19.38,86,962.1,97,21.0,Abuja
2001-09-21,28.4,19.4,23.8,5.6,6.8,18.35,87,960.6,81,21.2,Abuja
2001-09-22,28.9,21.0,24.4,4.9,8.7,18.79,84,960.2,71,21.2,Abuja
2001-09-23,28.4,21.5,23.9,8.2,6.6,17.25,86,961.4,94,21.4,Abuja
2001-09-24,27.6,20.5,23.5,6.0,5.8,14.9,89,961.2,81,21.5,Abuja
2001-09-25,28.5,21.0,24.2,1.9,9.4,16.98,85,961.4,78,21.3,Abuja
2001-09-26,28.1,21.6,23.9,11.3,9.4,17.7,87,962.0,97,21.5,Abuja
2001-09-27,28.1,20.5,23.7,8.1,6.5,16.55,88,961.4,88,21.4,Abuja
2001-09-28,28.9,21.4,24.6,4.0,7.3,17.19,83,960.8,64,21.3,Abuja
2001-09-29,29.1,20.7,24.4,4.3,7.9,18.5,85,961.5,73,21.5,Abuja
2001-09-30,28.6,21.1,24.4,8.9,10.0,15.21,86,961.5,61,21.8,Abuja
2001-10-01,27.7,21.1,23.5,10.8,7.5,13.44,90,962.2,89,21.7,Abuja
2001-10-02,29.4,20.6,25.0,0.5,7.2,19.45,82,961.9,49,21.5,Abuja
2001-10-03,29.4,21.3,25.0,4.5,7.9,17.24,83,962.0,75,21.8,Abuja
2001-10-04,29.7,21.2,24.8,6.8,6.6,18.63,84,961.9,55,21.9,Abuja
2001-10-05,29.0,21.9,24.7,6.0,6.5,16.93,84,962.5,86,21.7,Abuja
2001-10-06,27.5,21.4,24.1,2.8,6.6,13.27,86,962.3,93,21.6,Abuja
2001-10-07,29.3,21.0,25.1,0.0,9.2,15.74,79,961.2,63,21.0,Abuja
2001-10-08,29.5,22.5,25.4,0.6,7.3,18.89,81,960.7,60,21.6,Abuja
2001-10-09,29.8,21.3,25.1,7.4,7.3,19.83,84,959.9,44,22.0,Abuja
2001-10-10,29.5,22.6,25.1,13.4,9.7,17.91,87,960.0,88,22.7,Abuja
2001-10-11,32.2,22.3,26.6,0.4,8.7,23.32,78,959.9,42,22.1,Abuja
2001-10-12,29.6,22.3,25.1,2.4,9.8,16.03,84,960.5,89,22.1,Abuja
2001-10-13,31.1,20.6,25.7,0.0,9.6,21.39,77,960.2,49,21.0,Abuja
2001-10-14,30.0,22.4,25.5,1.7,7.1,19.24,80,959.9,86,21.6,Abuja
2001-10-15,31.6,21.6,26.1,0.0,9.9,22.45,76,960.1,71,20.9,Abuja
2001-10-16,28.7,22.4,24.6,5.1,11.3,16.17,85,961.7,97,21.8,Abuja
2001-10-17,28.3,21.5,24.6,1.1,7.2,12.3,82,961.9,98,21.1,Abuja
2001-10-18,32.5,21.3,26.5,0.0,8.2,22.3,74,960.1,67,20.9,Abuja
2001-10-19,32.3,23.3,27.4,0.1,7.0,21.3,72,959.3,75,21.5,Abuja
2001-10-20,33.4,23.3,28.2,0.0,10.0,24.65,62,959.0,9,19.4,Abuja
2001-10-21,33.2,22.1,27.5,0.0,7.2,24.82,58,958.6,18,18.0,Abuja
2001-10-22,33.8,24.6,28.7,0.0,6.5,24.45,56,958.9,12,18.7,Abuja
2001-10-23,31.6,22.0,26.8,0.0,7.4,21.99,71,960.3,71,20.6,Abuja
2001-10-24,32.5,23.1,27.4,0.0,8.7,23.81,65,960.9,55,19.8,Abuja
2001-10-25,32.6,22.8,27.4,0.0,6.8,24.21,62,959.9,52,18.7,Abuja
2001-10-26,31.7,23.7,26.9,0.0,10.0,22.64,65,959.8,94,19.3,Abuja
2001-10-27,32.0,22.7,27.0,0.0,7.9,22.58,64,960.3,75,18.9,Abuja
2001-10-28,31.4,24.2,27.3,0.0,7.6,20.87,59,961.3,74,18.3,Abuja
2001-10-29,30.8,23.3,26.8,0.2,9.3,21.4,64,961.2,56,19.4,Abuja
2001-10-30,31.2,21.8,26.2,0.2,9.7,21.48,71,961.2,24,20.1,Abuja
2001-10-31,32.2,21.5,26.7,0.0,6.8,23.3,61,961.5,10,17.4,Abuja
2001-11-01,32.9,20.2,26.5,0.0,6.7,24.04,48,960.8,2,13.4,Abuja
2001-11-02,33.8,21.9,27.6,0.0,10.3,24.44,39,960.2,11,11.8,Abuja
2001-11-03,34.1,21.6,27.8,0.0,10.0,24.28,42,959.4,53,12.7,Abuja
2001-11-04,33.3,22.6,27.8,0.0,8.2,23.08,53,959.5,14,16.7,Abuja
2001-11-05,33.2,22.6,28.1,0.0,6.6,22.59,56,960.0,11,17.7,Abuja
2001-11-06,34.5,20.6,27.8,0.0,6.9,23.76,50,960.4,56,14.8,Abuja
2001-11-07,33.7,22.4,28.1,0.0,6.6,22.8,54,961.2,52,17.0,Abuja
2001-11-08,34.0,23.4,28.2,0.0,7.6,22.23,52,960.9,23,16.8,Abuja
2001-11-09,31.1,22.0,26.9,0.0,7.5,19.26,64,960.4,44,19.1,Abuja
2001-11-10,31.0,21.9,26.5,0.2,7.7,19.27,69,960.7,32,19.9,Abuja
2001-11-11,32.2,22.5,26.9,0.2,11.6,20.02,68,961.6,52,20.1,Abuja
2001-11-12,33.8,22.5,27.7,0.0,9.0,21.7,64,961.4,40,19.2,Abuja
2001-11-13,33.6,21.9,27.7,0.0,8.3,22.22,58,959.9,7,17.5,Abuja
2001-11-14,32.3,21.5,26.7,0.0,10.6,20.83,58,959.6,14,17.2,Abuja
2001-11-15,32.5,22.9,27.5,0.0,7.5,19.85,59,960.9,14,18.0,Abuja
2001-11-16,34.6,22.1,28.4,0.0,6.0,22.59,52,961.3,2,16.2,Abuja
2001-11-17,34.9,21.2,28.2,0.0,9.7,23.18,39,960.6,4,11.6,Abuja
2001-11-18,34.5,21.2,28.0,0.0,8.1,23.08,34,960.1,42,9.6,Abuja
2001-11-19,34.4,21.5,28.1,0.0,6.6,21.57,37,960.2,79,11.6,Abuja
2001-11-20,34.4,20.8,27.7,0.0,9.9,22.81,37,960.1,40,10.2,Abuja
2001-11-21,33.8,20.5,27.5,0.0,8.9,22.67,30,961.0,8,8.1,Abuja
2001-11-22,34.3,21.2,28.1,0.0,7.6,22.32,33,960.5,37,9.7,Abuja
2001-11-23,33.3,21.5,27.7,0.0,5.7,21.46,48,959.2,52,15.5,Abuja
2001-11-24,34.7,22.5,28.7,0.0,5.5,21.7,50,958.8,44,16.4,Abuja
2001-11-25,34.3,22.6,28.5,0.0,6.2,21.4,46,958.1,3,15.2,Abuja
2001-11-26,34.3,22.9,28.7,0.0,5.1,21.14,50,957.7,19,16.6,Abuja
2001-11-27,36.1,22.9,29.3,0.0,9.0,22.08,39,957.7,36,12.4,Abuja
2001-11-28,35.3,22.0,28.6,0.0,6.3,22.03,39,958.4,13,12.5,Abuja
2001-11-29,35.5,22.6,29.1,0.0,7.1,21.47,41,958.1,84,13.4,Abuja
2001-11-30,33.7,22.2,28.1,0.0,6.6,20.63,46,958.6,33,15.1,Abuja
2001-12-01,32.9,22.8,28.0,0.2,5.9,18.81,55,958.6,24,17.7,Abuja
2001-12-02,34.7,23.5,29.0,0.0,6.5,21.18,36,958.6,19,11.8,Abuja
2001-12-03,33.6,22.0,28.2,0.0,6.4,20.88,38,959.2,20,12.2,Abuja
2001-12-04,35.5,23.5,29.2,0.0,11.5,22.23,25,958.6,15,6.9,Abuja
2001-12-05,34.9,22.7,28.3,0.0,11.1,22.32,23,959.0,47,4.4,Abuja
2001-12-06,35.0,22.5,28.3,0.0,13.7,22.42,21,960.0,28,3.6,Abuja
2001-12-07,32.7,21.4,26.9,0.0,12.5,21.0,23,959.0,68,3.4,Abuja
2001-12-08,32.8,18.7,26.3,0.0,10.3,22.31,27,958.3,13,5.3,Abuja
2001-12-09,34.1,19.9,27.6,0.0,10.0,21.94,28,958.6,24,6.4,Abuja
2001-12-10,35.3,21.1,28.2,0.0,8.1,21.7,30,959.6,0,8.5,Abuja
2001-12-11,36.7,24.6,29.9,0.0,13.1,21.79,23,959.2,18,5.7,Abuja
2001-12-12,36.5,24.2,29.5,0.0,9.4,21.86,24,958.0,17,6.4,Abuja
2001-12-13,34.9,23.0,28.8,0.0,7.0,19.3,32,958.2,51,10.2,Abuja
2001-12-14,35.0,22.9,28.8,0.0,8.0,20.62,41,959.3,11,13.7,Abuja
2001-12-15,36.2,21.9,29.3,0.0,12.8,21.61,30,959.3,22,8.2,Abuja
2001-12-16,36.9,23.7,30.3,0.0,11.1,20.68,21,959.0,54,4.4,Abuja
2001-12-17,36.5,23.0,29.6,0.0,8.5,21.06,21,958.6,37,4.4,Abuja
2001-12-18,36.1,22.3,29.3,0.0,8.1,21.33,27,958.9,31,7.8,Abuja
2001-12-19,35.6,23.1,29.4,0.0,6.9,21.17,35,959.3,9,11.8,Abuja
2001-12-20,35.4,22.5,29.3,0.0,7.3,20.96,32,959.3,2,10.9,Abuja
2001-12-21,35.9,23.1,29.5,0.0,9.0,21.16,27,960.1,4,8.1,Abuja
2001-12-22,36.4,23.9,29.7,0.0,10.5,21.75,21,959.7,1,4.6,Abuja
2001-12-23,35.5,23.7,29.3,0.0,11.9,21.81,20,960.6,0,3.7,Abuja
2001-12-24,35.7,23.1,29.0,0.0,10.6,21.96,19,961.0,21,2.2,Abuja
2001-12-25,35.6,23.1,28.9,0.0,11.0,21.17,19,960.3,85,2.3,Abuja
2001-12-26,35.2,22.2,28.7,0.0,10.5,21.81,22,959.5,1,4.2,Abuja
2001-12-27,34.6,21.3,28.3,0.0,7.9,21.38,29,959.9,0,8.6,Abuja
2001-12-28,35.1,22.0,28.7,0.0,10.2,21.25,34,960.2,1,10.9,Abuja
2001-12-29,35.2,21.8,28.7,0.0,7.8,21.12,28,960.0,3,7.9,Abuja
2001-12-30,35.0,23.0,28.9,0.0,8.9,21.0,24,959.5,4,6.2,Abuja
2001-12-31,35.2,22.9,28.7,0.0,11.0,22.12,18,959.5,20,1.8,Abuja
2002-01-01,34.7,22.4,28.3,0.0,13.3,22.09,21,959.7,0,3.4,Abuja
2002-01-02,34.2,21.8,27.8,0.0,12.0,22.06,21,960.3,0,3.0,Abuja
2002-01-03,34.7,21.2,27.8,0.0,10.9,22.05,20,960.2,44,2.3,Abuja
2002-01-04,34.6,21.0,27.8,0.0,9.0,22.06,20,959.6,18,2.4,Abuja
2002-01-05,34.2,20.0,27.8,0.0,12.3,22.01,24,958.8,42,4.8,Abuja
2002-01-06,34.0,20.2,27.7,0.0,9.8,21.53,32,958.4,82,9.0,Abuja
2002-01-07,34.5,21.4,28.1,0.0,11.4,21.33,30,958.2,70,8.1,Abuja
2002-01-08,35.4,22.5,28.6,0.0,12.3,21.52,22,959.3,93,4.5,Abuja
2002-01-09,35.7,22.8,28.7,0.0,16.0,21.93,20,960.6,45,3.0,Abuja
2002-01-10,34.6,21.9,27.6,0.0,16.5,22.0,17,961.1,75,0.2,Abuja
2002-01-11,33.5,20.2,26.4,0.0,17.1,22.43,13,962.2,94,-4.8,Abuja
2002-01-12,32.3,18.5,25.1,0.0,13.9,22.68,18,962.2,62,-1.6,Abuja
2002-01-13,31.8,17.6,24.7,0.0,10.5,22.45,18,961.9,88,-1.4,Abuja
2002-01-14,32.2,18.6,25.5,0.0,9.2,21.67,22,960.8,99,1.3,Abuja
2002-01-15,32.7,19.3,25.9,0.0,10.8,22.29,21,960.1,88,1.3,Abuja
2002-01-16,34.0,19.4,26.7,0.0,10.0,22.53,22,959.5,69,2.6,Abuja
2002-01-17,34.9,20.0,27.7,0.0,8.4,22.44,23,958.9,35,4.1,Abuja
2002-01-18,35.1,22.1,28.4,0.0,10.1,22.48,23,958.5,63,4.8,Abuja
2002-01-19,35.2,22.3,28.7,0.0,8.3,22.35,23,958.6,83,5.2,Abuja
2002-01-20,36.2,22.6,29.0,0.0,12.4,22.73,19,959.7,57,2.2,Abuja
2002-01-21,35.2,23.1,28.8,0.0,12.8,22.93,17,960.6,92,0.4,Abuja
2002-01-22,34.2,20.5,27.4,0.0,10.7,22.51,22,960.9,99,3.5,Abuja
2002-01-23,34.5,21.2,27.8,0.0,13.5,23.01,16,961.3,70,-0.3,Abuja
2002-01-24,33.9,20.7,27.2,0.0,11.4,23.11,19,961.6,28,0.8,Abuja
2002-01-25,34.7,20.7,27.7,0.0,11.3,23.07,20,961.8,2,2.3,Abuja
2002-01-26,34.9,21.2,28.0,0.0,12.4,23.12,19,961.6,9,2.0,Abuja
2002-01-27,34.5,21.2,27.6,0.0,13.7,23.33,16,961.3,0,-0.5,Abuja
2002-01-28,34.6,20.5,27.1,0.0,14.3,23.62,16,961.1,0,-1.7,Abuja
2002-01-29,34.7,20.0,26.9,0.0,16.0,23.59,15,961.5,12,-2.6,Abuja
2002-01-30,34.6,19.9,26.9,0.0,13.4,23.49,16,961.6,7,-1.7,Abuja
2002-01-31,34.4,20.3,27.1,0.0,13.6,23.56,17,961.7,21,-0.9,Abuja
2002-02-01,34.9,21.1,27.5,0.0,13.2,23.38,17,960.5,23,0.3,Abuja
2002-02-02,35.2,21.0,27.7,0.0,12.6,23.63,17,960.9,3,0.5,Abuja
2002-02-03,36.1,21.7,28.6,0.0,13.0,23.77,17,960.6,5,0.7,Abuja
2002-02-04,36.1,22.0,28.9,0.0,11.3,23.72,17,959.6,1,1.2,Abuja
2002-02-05,35.5,21.1,28.7,0.0,10.8,23.7,22,958.9,5,4.0,Abuja
2002-02-06,34.8,21.4,28.7,0.0,9.5,22.13,29,959.2,12,9.0,Abuja
2002-02-07,33.4,24.1,28.1,0.9,7.2,19.14,51,959.8,40,16.8,Abuja
2002-02-08,34.0,22.9,27.4,3.7,5.0,20.15,65,959.6,48,19.8,Abuja
2002-02-09,33.1,23.1,27.5,0.7,6.5,17.6,65,958.5,75,19.8,Abuja
2002-02-10,32.6,23.2,27.6,0.0,11.5,20.33,43,959.2,50,13.0,Abuja
2002-02-11,33.7,21.2,27.2,0.0,12.7,23.64,23,960.1,99,3.8,Abuja
2002-02-12,33.9,20.7,27.0,0.0,11.3,23.94,23,961.1,72,3.7,Abuja
2002-02-13,34.9,20.5,27.4,0.0,9.9,24.33,23,960.4,11,3.5,Abuja
2002-02-14,34.2,19.7,27.3,0.0,9.3,24.43,24,960.2,39,4.2,Abuja
2002-02-15,34.7,21.4,28.3,0.0,11.4,24.35,24,960.6,2,5.5,Abuja
2002-02-16,35.2,22.4,28.7,0.0,10.7,24.36,25,960.6,5,5.9,Abuja
2002-02-17,35.5,22.7,29.0,0.0,11.1,24.47,24,960.8,0,5.7,Abuja
2002-02-18,35.3,20.9,28.8,0.0,10.6,23.12,30,960.5,5,9.3,Abuja
2002-02-19,37.3,23.1,30.5,0.0,10.9,24.53,20,959.9,39,3.7,Abuja
2002-02-20,36.3,24.5,30.3,0.0,11.4,24.21,21,959.5,0,5.1,Abuja
2002-02-21,35.8,22.9,29.4,0.0,9.4,23.33,39,957.8,3,13.6,Abuja
2002-02-22,37.4,24.4,31.2,0.2,7.0,22.81,43,957.0,21,16.3,Abuja
2002-02-23,37.4,25.9,31.6,0.0,8.2,22.52,39,957.4,31,15.3,Abuja
2002-02-24,38.0,24.1,31.1,0.0,7.0,24.04,37,957.5,21,13.9,Abuja
2002-02-25,35.2,25.1,29.5,1.0,12.1,20.61,48,958.3,74,16.4,Abuja
2002-02-26,33.1,24.7,28.7,0.4,12.0,17.1,62,958.7,90,19.9,Abuja
2002-02-27,34.2,24.4,28.7,0.2,10.8,19.88,60,959.4,94,19.5,Abuja
2002-02-28,35.3,24.5,28.3,2.5,9.7,21.63,64,958.2,48,20.2,Abuja
2002-03-01,34.6,24.3,29.1,0.1,10.0,21.89,58,958.6,76,19.4,Abuja
2002-03-02,35.6,23.7,29.7,0.0,10.2,23.55,53,958.9,89,17.8,Abuja
2002-03-03,35.7,24.4,29.8,0.0,9.5,21.96,54,958.3,55,18.3,Abuja
2002-03-04,35.0,24.4,30.1,0.0,7.6,22.45,49,957.2,36,17.7,Abuja
2002-03-05,33.2,24.5,29.0,0.5,11.1,18.53,59,957.3,39,20.0,Abuja
2002-03-06,33.2,24.5,29.0,0.1,12.8,20.35,63,958.0,65,20.9,Abuja
2002-03-07,34.1,24.5,28.9,0.3,13.0,20.44,64,959.0,55,21.0,Abuja
2002-03-08,35.4,24.8,29.8,0.2,12.7,23.03,59,958.7,64,20.3,Abuja
2002-03-09,34.5,24.3,28.8,4.3,12.0,20.22,65,959.0,92,21.0,Abuja
2002-03-10,32.2,24.2,27.5,0.1,10.2,16.21,71,960.2,93,21.4,Abuja
2002-03-11,34.6,22.5,27.6,9.8,15.6,21.15,71,959.7,77,21.4,Abuja
2002-03-12,34.7,24.4,28.9,0.0,10.0,21.7,66,959.8,66,20.9,Abuja
2002-03-13,35.9,24.1,29.5,0.0,8.4,23.87,58,958.4,68,19.5,Abuja
2002-03-14,36.7,23.7,30.1,0.0,7.0,24.87,54,957.8,26,18.4,Abuja
2002-03-15,35.9,23.6,30.0,0.0,7.7,23.89,51,957.5,24,17.7,Abuja
2002-03-16,35.3,23.8,29.4,0.0,15.1,23.48,56,957.3,52,18.5,Abuja
2002-03-17,34.3,24.1,28.5,0.0,15.9,21.3,62,957.6,66,19.7,Abuja
2002-03-18,35.4,24.1,29.4,0.0,13.0,24.51,57,957.6,42,19.1,Abuja
2002-03-19,33.8,24.1,28.7,7.3,15.5,22.18,62,958.8,59,20.3,Abuja
2002-03-20,35.2,23.2,28.8,0.0,6.5,23.72,59,959.9,98,18.3,Abuja
2002-03-21,36.8,23.0,29.7,0.0,14.2,26.46,32,958.1,58,9.4,Abuja
2002-03-22,35.9,22.2,29.6,0.0,12.9,26.06,33,957.4,37,10.8,Abuja
2002-03-23,33.5,24.8,28.4,3.1,10.7,21.2,62,958.3,73,20.2,Abuja
2002-03-24,35.0,23.4,29.1,0.0,12.5,22.02,59,957.7,76,19.1,Abuja
2002-03-25,34.0,24.4,28.4,1.9,13.1,21.52,65,958.3,94,20.8,Abuja
2002-03-26,35.4,23.9,29.3,0.0,11.6,23.6,61,958.4,93,20.0,Abuja
2002-03-27,33.3,24.8,29.0,0.7,11.9,19.79,63,958.8,93,20.9,Abuja
2002-03-28,35.4,24.1,29.4,0.3,11.7,23.01,60,958.8,50,19.9,Abuja
2002-03-29,36.1,24.3,29.8,0.0,10.4,20.77,56,958.7,98,18.7,Abuja
2002-03-30,37.8,21.8,30.4,0.0,9.7,27.35,32,957.7,27,9.5,Abuja
2002-03-31,35.9,23.8,29.9,0.0,10.2,24.17,51,957.4,18,17.8,Abuja
2002-04-01,37.0,24.8,30.7,0.0,9.7,24.56,50,957.5,70,18.0,Abuja
2002-04-02,38.3,24.4,31.7,0.0,9.0,26.65,44,958.3,79,16.1,Abuja
2002-04-03,36.2,25.6,30.7,0.1,11.6,22.82,54,959.1,77,19.7,Abuja
2002-04-04,35.5,24.9,30.2,0.1,13.1,22.93,56,958.2,73,19.6,Abuja
2002-04-05,35.6,25.6,29.9,1.9,14.0,23.28,59,956.5,54,20.6,Abuja
2002-04-06,35.4,25.6,29.5,2.5,11.5,22.37,62,955.7,79,21.0,Abuja
2002-04-07,33.6,25.1,28.7,0.4,12.0,19.4,67,956.0,99,21.7,Abuja
2002-04-08,33.0,25.6,28.4,4.2,13.4,17.56,68,956.1,100,21.6,Abuja
2002-04-09,34.9,24.0,29.0,0.0,12.6,19.85,65,955.6,84,21.0,Abuja
2002-04-10,34.4,25.1,29.7,0.3,14.0,23.24,61,955.9,92,21.0,Abuja
2002-04-11,32.6,24.8,28.6,0.5,13.9,17.83,67,956.8,94,21.5,Abuja
2002-04-12,33.0,24.7,28.5,1.2,13.8,20.41,69,957.7,97,21.9,Abuja
2002-04-13,30.9,24.7,27.3,12.1,10.0,14.26,74,957.9,96,22.1,Abuja
2002-04-14,31.4,23.7,27.1,0.7,8.3,15.01,77,957.9,99,22.4,Abuja
2002-04-15,30.4,22.5,25.9,8.3,10.6,11.51,82,957.7,98,22.4,Abuja
2002-04-16,29.6,23.0,26.2,3.7,12.3,13.67,80,958.1,99,22.3,Abuja
2002-04-17,31.3,22.7,26.7,0.0,9.9,16.68,75,958.8,84,21.6,Abuja
2002-04-18,33.0,23.6,27.3,15.5,10.2,23.04,73,958.8,96,21.7,Abuja
2002-04-19,30.4,23.3,26.6,0.0,11.0,14.5,76,959.0,94,21.7,Abuja
2002-04-20,33.5,23.7,27.6,1.2,7.9,24.73,71,958.7,76,21.6,Abuja
2002-04-21,31.5,24.3,27.2,7.8,8.9,20.14,76,958.6,93,22.4,Abuja
2002-04-22,30.5,24.6,27.4,0.0,8.4,14.88,74,958.5,84,22.1,Abuja
2002-04-23,34.1,24.5,28.8,0.7,9.0,24.48,68,956.8,77,22.0,Abuja
2002-04-24,32.4,24.3,27.7,0.3,11.6,15.98,74,956.5,92,22.4,Abuja
2002-04-25,33.4,25.0,28.8,0.7,10.9,20.0,70,955.8,87,22.6,Abuja
2002-04-26,32.2,24.4,28.1,0.2,10.7,19.53,73,956.0,91,22.5,Abuja
2002-04-27,34.8,24.4,29.1,0.2,10.7,25.32,65,956.5,75,21.3,Abuja
2002-04-28,33.2,24.8,28.6,0.3,12.9,21.21,66,958.1,63,21.3,Abuja
2002-04-29,31.4,24.1,27.6,0.3,13.4,17.92,71,959.4,84,21.5,Abuja
2002-04-30,33.2,24.0,28.4,0.2,11.1,22.18,64,959.0,79,20.5,Abuja
2002-05-01,33.9,24.3,28.6,0.3,13.6,24.46,65,958.5,63,20.9,Abuja
2002-05-02,31.4,24.2,27.3,0.1,13.0,19.12,69,958.9,84,20.8,Abuja
2002-05-03,33.2,23.6,28.0,0.1,8.7,23.14,68,959.1,55,21.3,Abuja
2002-05-04,32.3,24.8,28.4,1.1,6.8,20.69,67,959.8,87,21.6,Abuja
2002-05-05,31.7,23.5,27.9,13.4,14.5,21.82,74,959.3,68,22.7,Abuja
2002-05-06,31.7,23.1,26.8,7.8,10.2,20.61,79,959.4,85,22.6,Abuja
2002-05-07,31.4,23.3,27.0,0.5,8.9,19.75,78,959.6,70,22.6,Abuja
2002-05-08,32.5,24.5,28.3,0.0,13.8,19.84,71,959.9,58,22.4,Abuja
2002-05-09,31.6,23.7,27.6,3.2,13.0,16.54,75,961.3,70,22.4,Abuja
2002-05-10,31.2,24.0,27.5,0.1,13.2,17.31,76,961.2,80,22.7,Abuja
2002-05-11,31.9,23.6,27.6,0.0,12.6,18.64,75,960.3,52,22.4,Abuja
2002-05-12,31.0,24.2,27.3,0.3,11.4,14.37,74,959.7,71,22.1,Abuja
2002-05-13,31.4,24.2,27.9,0.1,11.5,18.14,71,960.2,71,21.9,Abuja
2002-05-14,30.7,24.4,27.4,1.7,8.5,17.74,75,961.1,84,22.5,Abuja
2002-05-15,33.2,23.9,28.6,0.9,9.2,22.83,69,960.1,38,22.1,Abuja
2002-05-16,34.0,25.0,28.5,1.3,9.5,21.99,70,959.6,71,22.2,Abuja
2002-05-17,31.5,24.4,27.8,0.1,11.4,15.73,72,959.0,79,22.1,Abuja
2002-05-18,32.9,24.5,27.7,8.7,10.3,22.08,74,959.2,61,22.6,Abuja
2002-05-19,33.0,23.6,28.2,0.4,8.9,23.01,72,959.2,50,22.3,Abuja
2002-05-20,32.8,24.4,28.2,0.3,10.0,22.01,70,959.3,58,21.8,Abuja
2002-05-21,32.2,24.8,28.0,0.8,8.5,17.77,67,959.4,63,21.0,Abuja
2002-05-22,31.3,25.1,27.8,0.2,11.0,16.31,68,960.1,89,21.2,Abuja
2002-05-23,32.8,24.1,27.9,7.9,10.4,23.54,73,959.1,73,22.2,Abuja
2002-05-24,31.5,23.1,27.2,2.2,9.7,20.07,78,959.1,78,22.8,Abuja
2002-05-25,33.4,24.1,28.6,0.0,9.6,21.68,68,958.7,62,21.6,Abuja
2002-05-26,33.2,24.7,28.9,0.0,10.6,20.98,65,958.2,41,21.3,Abuja
2002-05-27,31.6,24.5,28.1,0.0,13.0,17.74,68,958.6,85,21.5,Abuja
2002-05-28,30.8,23.8,26.9,1.2,13.8,17.78,74,959.4,88,21.8,Abuja
2002-05-29,29.3,23.5,26.3,1.9,10.8,12.45,77,960.4,98,21.7,Abuja
2002-05-30,30.6,23.0,26.5,0.0,10.0,14.05,76,960.6,81,21.6,Abuja
2002-05-31,32.2,23.7,27.8,0.0,13.8,18.75,69,959.7,40,21.3,Abuja
2002-06-01,31.3,23.7,27.0,1.3,15.1,16.87,73,959.6,59,21.6,Abuja
2002-06-02,28.5,23.4,25.3,9.5,9.5,12.81,82,960.6,99,22.0,Abuja
2002-06-03,30.3,22.2,26.4,0.6,8.8,18.23,75,960.4,86,21.3,Abuja
2002-06-04,28.5,22.9,25.8,7.9,7.9,13.53,79,960.8,94,21.8,Abuja
2002-06-05,29.6,22.0,25.1,34.3,9.0,17.51,85,960.1,94,22.2,Abuja
2002-06-06,27.1,22.4,24.1,16.5,12.6,12.18,88,961.3,98,22.0,Abuja
2002-06-07,29.9,22.5,25.7,0.0,8.0,15.83,76,961.3,86,20.8,Abuja
2002-06-08,30.6,23.4,26.5,5.0,6.1,21.48,74,960.3,93,21.4,Abuja
2002-06-09,30.8,22.0,25.2,23.2,9.5,19.98,84,959.5,56,22.1,Abuja
2002-06-10,29.3,22.5,25.7,0.3,13.1,16.38,79,960.9,77,21.4,Abuja
2002-06-11,29.1,22.4,25.5,3.2,11.0,13.17,80,961.6,97,21.6,Abuja
2002-06-12,29.8,21.8,24.5,20.9,11.6,15.66,86,961.5,99,21.8,Abuja
2002-06-13,28.8,21.9,24.6,7.9,12.2,16.73,85,961.4,73,21.6,Abuja
2002-06-14,28.5,21.8,24.4,6.4,9.8,16.38,85,961.3,78,21.6,Abuja
2002-06-15,27.9,22.9,25.2,0.3,8.7,12.82,81,961.8,87,21.6,Abuja
2002-06-16,28.6,23.0,25.6,1.4,7.8,16.08,80,961.3,98,21.9,Abuja
2002-06-17,28.9,21.5,24.9,5.9,9.0,16.14,84,961.1,83,21.9,Abuja
2002-06-18,27.2,22.4,24.2,16.6,8.8,12.9,88,961.1,90,22.1,Abuja
2002-06-19,28.2,22.2,24.5,5.4,9.4,12.47,85,961.1,82,21.7,Abuja
2002-06-20,27.9,21.9,24.6,0.5,11.0,13.6,82,962.2,85,21.2,Abuja
2002-06-21,29.3,22.2,25.6,0.0,9.3,14.6,77,962.9,70,21.0,Abuja
2002-06-22,29.6,22.7,25.7,6.5,9.7,18.57,80,962.2,65,21.9,Abuja
2002-06-23,29.3,22.5,24.9,6.5,8.4,17.46,87,962.4,87,22.5,Abuja
2002-06-24,29.0,22.5,24.6,6.7,6.7,17.58,87,963.3,99,22.1,Abuja
2002-06-25,28.4,22.0,24.6,14.6,6.3,13.18,87,963.1,93,22.2,Abuja
2002-06-26,28.7,21.6,24.6,14.7,8.5,14.84,88,963.0,79,22.4,Abuja
2002-06-27,28.2,22.1,24.4,11.2,11.9,13.78,87,962.3,93,22.0,Abuja
2002-06-28,28.5,22.2,25.2,0.1,10.0,14.68,80,963.2,81,21.2,Abuja
2002-06-29,28.1,22.0,25.1,0.0,9.2,13.36,79,963.5,68,21.0,Abuja
2002-06-30,28.5,22.5,25.0,3.5,11.5,13.46,82,963.5,83,21.6,Abuja
2002-07-01,27.8,21.8,24.7,1.3,8.1,12.86,84,962.8,84,21.7,Abuja
2002-07-02,27.6,22.6,24.9,6.4,7.3,13.88,85,962.3,93,22.1,Abuja
2002-07-03,27.1,21.6,24.0,4.5,8.0,13.6,91,963.0,86,22.3,Abuja
2002-07-04,29.1,22.5,25.6,0.0,9.3,16.57,79,963.0,66,21.4,Abuja
2002-07-05,28.9,22.6,25.7,0.6,6.4,17.88,79,962.1,68,21.7,Abuja
2002-07-06,28.2,21.8,24.3,6.2,10.2,12.32,87,961.4,75,22.0,Abuja
2002-07-07,28.2,22.1,25.1,0.5,10.7,12.38,84,961.6,93,21.9,Abuja
2002-07-08,28.3,22.6,25.1,1.7,10.9,13.41,83,962.5,99,21.8,Abuja
2002-07-09,29.0,22.3,25.6,0.4,10.0,13.11,80,962.6,89,21.8,Abuja
2002-07-10,28.1,22.9,24.9,2.9,11.2,15.4,83,962.7,88,21.7,Abuja
2002-07-11,28.8,21.9,24.8,8.2,5.1,16.35,84,962.4,95,21.8,Abuja
2002-07-12,29.7,22.3,25.6,2.6,10.0,18.28,81,961.7,86,22.0,Abuja
2002-07-13,29.3,22.4,25.5,0.5,10.2,15.07,80,962.0,72,21.5,Abuja
2002-07-14,29.1,22.9,25.3,10.7,10.9,16.77,81,961.9,87,21.8,Abuja
2002-07-15,28.3,22.1,24.4,5.4,7.8,17.17,88,961.9,89,22.2,Abuja
2002-07-16,28.3,21.8,24.4,18.1,7.8,17.6,85,961.7,86,21.6,Abuja
2002-07-17,26.0,21.7,23.2,40.6,10.2,9.93,92,962.2,98,21.8,Abuja
2002-07-18,28.4,21.6,24.4,4.2,8.7,17.55,83,961.7,77,21.1,Abuja
2002-07-19,28.7,21.9,24.7,5.8,7.9,17.33,81,961.5,76,20.9,Abuja
2002-07-20,26.3,21.8,23.7,15.6,9.4,11.76,89,961.1,94,21.7,Abuja
2002-07-21,27.5,21.5,23.6,19.8,8.9,14.36,90,961.3,79,21.6,Abuja
2002-07-22,27.6,21.6,24.2,4.8,11.0,13.55,84,961.9,98,21.1,Abuja
2002-07-23,26.8,21.5,23.8,1.8,11.8,13.98,86,963.1,93,21.2,Abuja
2002-07-24,27.9,22.0,24.8,0.9,12.1,16.0,80,963.4,92,20.9,Abuja
2002-07-25,24.3,21.7,22.8,21.0,8.0,4.88,94,963.2,100,21.7,Abuja
2002-07-26,27.5,20.9,23.1,8.5,10.1,14.4,89,963.0,89,21.1,Abuja
2002-07-27,26.3,21.3,22.6,20.4,8.6,10.02,92,962.8,95,21.2,Abuja
2002-07-28,26.6,20.2,23.0,10.7,8.8,13.77,90,963.0,89,21.2,Abuja
2002-07-29,28.2,21.4,24.3,4.4,8.7,19.05,84,963.2,91,21.3,Abuja
2002-07-30,28.1,21.9,24.0,16.1,7.9,15.4,86,962.0,99,21.4,Abuja
2002-07-31,24.4,21.0,22.3,14.2,12.2,7.12,94,960.4,99,21.3,Abuja
2002-08-01,25.1,20.9,22.5,10.7,13.0,9.32,91,961.5,89,20.9,Abuja
2002-08-02,27.3,20.1,23.7,0.5,10.5,16.6,84,962.9,90,20.7,Abuja
2002-08-03,28.6,21.6,24.6,16.4,7.1,18.96,83,961.6,66,21.4,Abuja
2002-08-04,26.1,21.5,22.9,21.1,7.9,8.29,93,960.2,100,21.6,Abuja
2002-08-05,22.9,21.0,21.5,32.9,12.9,5.76,98,960.6,100,21.2,Abuja
2002-08-06,25.2,20.6,22.0,9.8,10.1,10.44,93,963.4,95,20.8,Abuja
2002-08-07,27.4,20.3,23.5,0.5,7.3,17.4,83,963.5,57,20.2,Abuja
2002-08-08,28.8,20.8,24.3,2.8,8.6,19.4,82,962.1,53,20.9,Abuja
2002-08-09,26.1,21.6,23.7,6.6,8.9,11.27,88,961.3,79,21.5,Abuja
2002-08-10,27.2,21.7,23.7,3.5,8.4,12.59,87,961.7,84,21.4,Abuja
2002-08-11,25.3,21.2,23.0,3.6,7.2,9.54,91,962.6,98,21.5,Abuja
2002-08-12,28.3,20.7,24.1,3.9,7.4,17.81,85,962.4,86,21.3,Abuja
2002-08-13,27.6,21.6,23.8,14.6,9.1,14.67,89,962.8,99,21.8,Abuja
2002-08-14,26.0,21.4,23.2,7.3,10.6,12.02,89,963.5,83,21.2,Abuja
2002-08-15,26.9,21.1,23.3,15.1,11.7,14.41,86,964.4,96,20.8,Abuja
2002-08-16,24.3,21.3,22.3,16.0,6.3,6.65,96,963.5,99,21.7,Abuja
2002-08-17,26.5,20.7,23.0,5.5,10.3,14.51,89,961.9,81,20.9,Abuja
2002-08-18,28.7,21.2,24.2,3.1,6.5,18.96,87,961.6,79,21.8,Abuja
2002-08-19,27.2,22.4,24.1,2.8,8.8,12.24,87,961.4,79,21.8,Abuja
2002-08-20,27.2,21.8,23.9,8.5,6.5,12.2,88,961.5,99,21.7,Abuja
2002-08-21,27.8,21.4,23.6,15.6,8.4,13.82,88,961.9,99,21.5,Abuja
2002-08-22,24.7,21.5,22.8,6.8,9.3,7.83,93,962.4,99,21.6,Abuja
2002-08-23,27.0,21.6,23.6,2.3,10.2,13.92,85,961.7,87,20.9,Abuja
2002-08-24,28.8,21.1,24.0,6.5,10.2,17.05,86,961.3,78,21.3,Abuja
2002-08-25,27.2,21.4,23.0,20.9,8.7,11.61,92,960.9,100,21.6,Abuja
2002-08-26,27.1,21.1,23.6,16.9,10.1,12.3,87,960.5,88,21.2,Abuja
2002-08-27,27.1,21.5,24.1,0.8,8.0,14.08,82,961.3,88,20.8,Abuja
2002-08-28,28.7,21.1,24.0,23.6,6.5,17.08,87,959.7,76,21.6,Abuja
2002-08-29,26.7,20.9,23.4,6.3,12.0,13.92,87,961.0,95,21.1,Abuja
2002-08-30,27.4,21.3,23.9,3.9,7.2,14.07,87,962.7,100,21.5,Abuja
2002-08-31,29.2,21.9,24.5,3.0,6.2,17.22,82,961.9,84,21.2,Abuja
2002-09-01,29.8,21.7,24.9,9.8,7.6,20.66,85,960.2,78,22.0,Abuja
2002-09-02,29.0,21.6,25.1,2.4,8.5,15.44,82,960.5,79,21.5,Abuja
2002-09-03,28.2,20.9,24.1,15.0,10.0,15.71,88,960.5,77,21.9,Abuja
2002-09-04,27.0,21.4,23.7,11.0,11.6,13.06,88,961.2,100,21.5,Abuja
2002-09-05,26.3,21.6,23.6,3.2,12.8,11.1,87,961.3,99,21.2,Abuja
2002-09-06,22.3,20.9,21.8,83.0,10.5,4.18,96,960.5,99,21.1,Abuja
2002-09-07,27.7,20.7,23.9,0.7,9.5,13.43,82,962.2,82,20.4,Abuja
2002-09-08,26.9,22.0,24.2,14.6,6.9,10.52,86,961.9,88,21.6,Abuja
2002-09-09,26.4,20.5,23.1,10.3,7.9,11.33,90,962.1,84,21.3,Abuja
2002-09-10,28.2,20.6,24.0,1.8,7.9,16.71,85,961.7,72,21.2,Abuja
2002-09-11,28.0,21.0,24.0,4.5,9.9,17.24,84,960.8,50,21.0,Abuja
2002-09-12,26.1,21.1,23.1,21.8,5.8,11.86,90,961.6,97,21.4,Abuja
2002-09-13,28.4,20.9,24.1,3.9,8.0,18.2,85,962.4,83,21.2,Abuja
2002-09-14,28.6,21.5,24.6,8.5,4.7,17.41,84,963.0,91,21.5,Abuja
2002-09-15,29.3,20.8,24.8,0.4,5.4,17.28,83,962.4,81,21.5,Abuja
2002-09-16,29.6,21.8,25.7,0.2,7.9,17.15,78,962.3,78,21.4,Abuja
2002-09-17,29.1,21.6,24.8,15.3,7.8,19.59,84,961.5,72,21.7,Abuja
2002-09-18,25.0,21.6,23.1,4.3,13.0,9.56,89,960.6,99,21.2,Abuja
2002-09-19,29.0,21.8,24.7,2.0,8.7,18.12,81,961.3,84,21.1,Abuja
2002-09-20,30.6,21.1,25.3,1.3,8.5,18.43,80,961.1,74,21.4,Abuja
2002-09-21,30.9,22.0,26.1,1.5,8.4,20.56,80,960.9,82,22.1,Abuja
2002-09-22,29.5,22.2,25.2,4.0,10.4,17.64,83,961.1,89,22.0,Abuja
2002-09-23,29.0,22.0,24.4,12.5,6.6,18.36,87,961.2,69,21.9,Abuja
2002-09-24,28.9,20.9,24.3,5.4,7.1,15.94,86,961.6,79,21.5,Abuja
2002-09-25,30.4,21.6,25.0,4.3,8.0,18.78,83,961.4,57,21.7,Abuja
2002-09-26,30.6,21.3,25.3,3.6,6.2,20.72,82,960.5,52,21.7,Abuja
2002-09-27,28.3,22.3,25.1,3.0,9.6,12.45,83,960.2,96,22.0,Abuja
2002-09-28,28.1,21.6,24.2,7.5,10.2,13.87,86,960.5,90,21.6,Abuja
2002-09-29,28.6,22.0,24.3,14.0,8.7,18.17,88,960.8,81,22.0,Abuja
2002-09-30,26.7,21.8,23.9,13.5,8.8,13.59,89,960.7,96,21.8,Abuja
2002-10-01,26.2,21.3,23.0,16.5,6.2,13.0,94,961.3,93,21.9,Abuja
2002-10-02,25.1,20.9,22.2,13.6,7.5,8.76,94,961.1,99,21.2,Abuja
2002-10-03,26.9,20.3,23.3,1.4,8.1,14.8,86,961.8,99,20.7,Abuja
2002-10-04,28.3,20.7,24.2,1.6,9.2,18.71,84,961.6,74,21.1,Abuja
2002-10-05,27.3,21.0,23.5,9.9,6.2,13.89,88,961.9,95,21.3,Abuja
2002-10-06,27.1,21.4,23.5,4.1,6.4,14.89,86,961.7,82,20.9,Abuja
2002-10-07,27.6,20.7,23.9,2.1,6.1,17.29,88,961.5,62,21.7,Abuja
2002-10-08,30.9,20.6,25.2,2.1,5.5,22.17,83,960.2,37,21.8,Abuja
2002-10-09,29.6,21.3,25.0,3.2,7.4,18.55,85,959.9,86,22.1,Abuja
2002-10-10,28.8,22.2,24.3,9.9,8.9,17.22,89,961.2,91,22.3,Abuja
2002-10-11,29.3,20.5,24.7,1.9,6.4,17.13,86,961.4,80,21.9,Abuja
2002-10-12,28.8,21.6,25.2,1.0,6.6,13.51,85,960.5,92,22.5,Abuja
2002-10-13,28.9,22.6,25.3,2.4,9.4,15.26,84,960.1,84,22.3,Abuja
2002-10-14,29.2,22.1,24.9,2.5,8.3,18.38,86,960.7,52,22.2,Abuja
2002-10-15,29.4,21.2,24.4,14.5,9.5,20.81,85,960.5,83,21.5,Abuja
2002-10-16,28.3,21.0,24.5,10.3,6.1,17.4,88,960.1,90,22.2,Abuja
2002-10-17,28.4,21.3,24.1,10.6,8.6,16.12,88,960.5,98,21.9,Abuja
2002-10-18,28.9,20.9,24.4,9.8,7.4,18.26,86,960.1,82,21.8,Abuja
2002-10-19,29.4,21.0,25.1,1.9,6.9,15.12,82,960.0,91,21.5,Abuja
2002-10-20,32.0,21.4,26.5,0.0,7.4,22.12,75,959.1,41,21.0,Abuja
2002-10-21,31.3,22.2,26.7,0.0,6.8,21.69,72,959.2,78,21.0,Abuja
2002-10-22,29.4,22.5,24.9,7.7,6.1,17.99,85,960.4,97,22.2,Abuja
2002-10-23,29.8,20.3,25.0,0.0,8.6,18.09,80,960.5,78,21.0,Abuja
2002-10-24,29.0,22.1,25.0,14.6,4.5,18.75,85,960.4,90,22.1,Abuja
2002-10-25,28.9,21.5,24.6,2.5,5.7,15.16,85,960.0,91,21.7,Abuja
2002-10-26,30.7,22.3,25.8,0.0,5.9,16.95,79,959.4,70,21.5,Abuja
2002-10-27,32.3,23.1,27.3,0.0,6.7,22.68,68,958.9,75,20.3,Abuja
2002-10-28,30.8,22.1,26.0,0.0,7.1,20.38,74,958.8,67,20.7,Abuja
2002-10-29,30.2,22.1,25.8,0.0,7.5,17.91,74,959.5,98,20.4,Abuja
2002-10-30,31.1,22.1,26.3,0.0,5.9,22.76,69,959.6,59,19.9,Abuja
2002-10-31,30.5,21.6,25.9,0.0,6.3,20.25,71,960.4,57,19.9,Abuja
2002-11-01,31.2,21.2,26.2,0.0,6.8,22.59,70,959.8,41,19.8,Abuja
2002-11-02,31.9,23.1,27.3,0.0,6.7,22.82,63,959.5,21,19.2,Abuja
2002-11-03,30.2,22.1,26.1,0.5,9.7,20.93,73,959.1,62,20.6,Abuja
2002-11-04,28.3,21.7,24.6,3.9,7.8,13.59,86,960.9,99,22.1,Abuja
2002-11-05,28.4,21.3,24.0,5.5,4.4,12.92,87,961.4,92,21.6,Abuja
2002-11-06,30.1,20.4,25.1,0.0,9.9,16.3,75,961.5,82,19.4,Abuja
2002-11-07,33.2,19.8,26.2,0.0,6.4,23.6,63,960.5,47,17.5,Abuja
2002-11-08,31.0,21.4,26.1,0.0,8.7,22.21,68,961.1,78,19.5,Abuja
2002-11-09,27.7,22.3,24.7,0.1,8.8,12.86,80,962.0,75,20.8,Abuja
2002-11-10,30.3,22.6,25.6,0.0,5.6,13.78,76,960.7,94,20.7,Abuja
2002-11-11,30.8,19.9,25.4,0.0,9.0,19.07,69,960.4,77,19.1,Abuja
2002-11-12,32.0,20.3,26.2,0.0,6.6,22.71,66,961.3,33,18.3,Abuja
2002-11-13,32.1,19.3,25.8,0.0,7.3,23.09,62,961.2,1,17.5,Abuja
2002-11-14,30.9,22.5,26.4,0.0,7.8,20.61,69,961.0,33,20.0,Abuja
2002-11-15,32.1,21.2,26.2,0.0,6.5,20.68,71,960.4,31,19.9,Abuja
2002-11-16,33.2,20.5,26.9,0.0,8.1,22.96,59,959.9,1,17.3,Abuja
2002-11-17,31.9,21.5,26.7,0.0,7.3,21.44,66,960.9,8,19.1,Abuja
2002-11-18,32.1,22.3,27.3,0.0,6.1,22.17,61,960.1,5,18.9,Abuja
2002-11-19,31.5,24.0,27.0,0.0,6.4,21.01,60,959.6,4,18.2,Abuja
2002-11-20,32.0,21.5,26.7,0.0,5.5,21.69,61,960.2,7,17.9,Abuja
2002-11-21,32.7,20.5,26.8,0.0,7.4,22.86,53,959.8,28,15.7,Abuja
2002-11-22,32.1,20.0,26.4,0.0,7.3,21.25,55,960.4,27,16.2,Abuja
2002-11-23,33.5,20.6,27.3,0.0,5.2,22.53,55,960.6,21,16.6,Abuja
2002-11-24,34.5,22.0,27.8,0.0,9.7,22.85,38,960.7,19,11.2,Abuja
2002-11-25,31.6,20.7,26.3,0.0,6.6,21.1,59,960.8,59,17.2,Abuja
2002-11-26,32.2,21.6,26.8,0.0,5.8,19.92,58,960.7,52,17.1,Abuja
2002-11-27,33.3,19.9,26.7,0.0,4.0,22.21,48,959.9,11,14.0,Abuja
2002-11-28,33.3,21.2,27.3,0.0,7.9,21.96,41,959.9,35,12.6,Abuja
2002-11-29,33.5,21.0,27.7,0.0,6.3,21.17,53,959.9,35,16.6,Abuja
2002-11-30,34.0,22.9,28.4,0.0,8.7,21.75,42,960.3,16,13.5,Abuja
2002-12-01,33.0,21.7,27.6,0.0,7.4,20.63,49,959.7,79,15.6,Abuja
2002-12-02,32.7,21.6,27.2,0.2,7.1,19.63,57,959.0,86,17.5,Abuja
2002-12-03,32.3,23.5,27.5,0.1,5.4,18.3,67,960.1,63,20.4,Abuja
2002-12-04,33.9,21.5,27.9,0.0,6.2,20.88,61,959.6,78,18.6,Abuja
2002-12-05,30.8,23.2,26.8,0.7,7.0,17.4,70,958.6,72,20.8,Abuja
2002-12-06,32.5,23.7,27.4,0.1,6.6,18.91,68,957.8,71,20.6,Abuja
2002-12-07,33.4,23.7,28.2,0.0,6.9,19.37,61,957.8,57,19.3,Abuja
2002-12-08,34.0,23.9,29.2,0.0,7.3,20.66,53,958.7,37,18.2,Abuja
2002-12-09,33.9,23.2,28.2,0.0,8.7,18.67,61,960.2,23,19.1,Abuja
2002-12-10,34.2,22.8,28.4,0.0,6.5,19.9,60,961.1,12,19.0,Abuja
2002-12-11,34.8,22.9,29.2,0.0,5.9,20.55,53,961.4,50,17.7,Abuja
2002-12-12,35.3,24.5,29.5,0.0,7.9,20.43,47,961.2,26,16.2,Abuja
2002-12-13,34.2,23.5,28.5,0.0,8.7,17.92,56,963.1,24,18.1,Abuja
2002-12-14,35.6,21.2,28.5,0.0,11.4,21.61,39,962.5,11,11.6,Abuja
2002-12-15,35.9,23.7,29.0,0.0,15.0,21.93,23,961.6,0,4.7,Abuja
2002-12-16,34.5,23.3,28.3,0.0,17.8,22.23,19,960.7,0,1.8,Abuja
2002-12-17,33.9,21.0,27.2,0.0,11.4,22.19,20,961.3,0,1.6,Abuja
2002-12-18,34.8,20.9,27.7,0.0,10.6,21.81,22,961.5,48,3.7,Abuja
2002-12-19,35.8,22.7,28.8,0.0,12.8,21.06,22,960.8,79,4.6,Abuja
2002-12-20,34.4,22.4,28.1,0.0,11.9,20.24,21,960.7,86,3.7,Abuja
2002-12-21,33.7,21.5,27.7,0.0,10.8,21.79,22,960.4,50,3.5,Abuja
2002-12-22,33.7,21.7,27.5,0.0,11.6,22.04,19,960.9,40,1.3,Abuja
2002-12-23,33.1,21.1,26.7,0.0,14.4,22.15,16,962.2,32,-1.6,Abuja
2002-12-24,33.1,19.8,26.2,0.0,13.3,22.23,17,962.9,22,-1.4,Abuja
2002-12-25,32.8,19.8,26.0,0.0,13.0,21.99,20,963.0,30,0.5,Abuja
2002-12-26,32.7,19.5,25.8,0.0,14.0,22.22,18,962.1,20,-0.6,Abuja
2002-12-27,32.7,18.8,25.5,0.0,11.9,22.2,19,961.9,12,-0.5,Abuja
2002-12-28,33.2,18.9,25.9,0.0,9.9,22.17,19,962.2,0,-0.3,Abuja
2002-12-29,34.4,19.9,26.9,0.0,11.7,22.04,18,962.6,1,0.1,Abuja
2002-12-30,34.5,20.8,27.2,0.0,12.4,22.12,18,962.3,0,0.8,Abuja
2002-12-31,34.8,20.4,27.3,0.0,11.6,22.3,18,961.7,10,0.3,Abuja
2003-01-01,33.9,20.3,26.9,0.0,11.1,22.27,18,961.5,34,-0.0,Abuja
2003-01-02,34.1,20.7,27.1,0.0,13.4,22.19,18,962.0,3,0.0,Abuja
2003-01-03,34.1,20.3,27.0,0.0,11.8,21.87,18,962.5,48,0.0,Abuja
2003-01-04,34.4,20.6,27.3,0.0,13.5,22.35,16,961.4,0,-1.1,Abuja
2003-01-05,34.2,18.6,26.6,0.0,7.6,22.5,20,959.9,0,0.7,Abuja
2003-01-06,35.0,19.4,27.3,0.0,8.4,22.54,21,960.8,12,1.8,Abuja
2003-01-07,34.9,19.3,27.5,0.0,11.2,22.55,22,961.1,24,2.8,Abuja
2003-01-08,34.5,19.7,27.6,0.0,10.4,22.04,28,961.2,27,7.1,Abuja
2003-01-09,34.9,20.7,28.2,0.0,7.6,21.56,32,960.9,11,9.6,Abuja
2003-01-10,34.8,21.3,28.1,0.0,7.1,21.86,32,959.8,7,9.5,Abuja
2003-01-11,33.3,22.9,28.1,0.1,7.3,18.79,50,959.9,32,16.2,Abuja
2003-01-12,35.9,23.8,29.9,0.0,8.3,19.58,45,960.0,82,15.7,Abuja
2003-01-13,34.8,25.1,29.6,0.0,8.7,19.62,50,960.4,44,17.4,Abuja
2003-01-14,35.0,22.1,28.4,0.0,10.2,19.89,48,960.0,13,15.5,Abuja
2003-01-15,33.2,23.4,28.3,0.3,8.4,17.11,42,960.6,21,14.2,Abuja
2003-01-16,35.2,23.5,29.3,0.0,5.7,21.37,44,960.5,1,14.8,Abuja
2003-01-17,35.7,22.3,29.3,0.0,7.0,21.39,31,960.1,3,9.8,Abuja
2003-01-18,34.1,22.2,28.6,0.0,6.6,20.92,38,961.0,54,12.5,Abuja
2003-01-19,35.1,22.1,29.1,0.0,7.5,21.42,34,960.4,25,11.3,Abuja
2003-01-20,34.1,23.1,28.6,0.0,7.6,19.12,44,960.5,33,14.6,Abuja
2003-01-21,31.9,23.6,27.9,0.2,8.0,18.0,57,959.4,25,18.3,Abuja
2003-01-22,32.1,22.6,27.0,1.5,6.0,18.67,67,959.9,56,20.0,Abuja
2003-01-23,33.5,23.2,28.1,0.0,9.5,20.79,57,960.4,66,17.8,Abuja
2003-01-24,34.1,22.0,28.2,0.2,7.6,19.86,51,959.7,47,16.7,Abuja
2003-01-25,32.1,24.4,28.4,0.0,7.7,17.58,56,959.8,70,18.3,Abuja
2003-01-26,34.3,22.8,28.6,0.0,6.8,20.7,55,960.1,51,17.6,Abuja
2003-01-27,33.7,23.3,28.5,0.0,8.2,19.98,53,960.5,36,17.2,Abuja
2003-01-28,34.2,23.2,28.7,0.0,9.0,21.15,48,960.5,73,15.3,Abuja
2003-01-29,29.7,22.7,26.6,1.8,10.5,15.24,53,960.6,94,16.1,Abuja
2003-01-30,33.8,23.7,28.2,0.0,7.6,22.84,47,960.9,28,14.5,Abuja
2003-01-31,36.7,21.8,29.5,0.0,7.4,23.1,31,959.4,48,9.4,Abuja
2003-02-01,36.8,22.5,29.9,0.0,9.0,23.0,25,959.3,58,7.5,Abuja
2003-02-02,37.5,23.5,30.3,0.0,9.0,23.04,23,959.9,16,6.3,Abuja
2003-02-03,38.7,25.8,31.6,0.0,14.1,23.67,12,959.8,39,-1.9,Abuja
2003-02-04,36.0,24.4,30.2,0.0,14.1,23.62,17,960.3,36,1.5,Abuja
2003-02-05,36.2,21.1,29.4,0.0,11.5,23.56,24,959.8,18,6.2,Abuja
2003-02-06,36.8,22.6,29.9,0.0,8.7,23.87,17,958.9,0,2.0,Abuja
2003-02-07,38.1,23.4,30.6,0.0,10.5,24.14,14,958.0,0,-0.9,Abuja
2003-02-08,37.1,23.7,30.3,0.0,10.6,24.05,15,957.0,48,0.1,Abuja
2003-02-09,35.2,21.5,28.9,0.0,8.7,22.24,29,957.3,7,7.9,Abuja
2003-02-10,36.0,23.3,29.9,0.0,7.7,23.05,32,957.9,31,11.2,Abuja
2003-02-11,35.2,24.6,30.1,0.0,9.2,21.07,44,958.8,21,16.2,Abuja
2003-02-12,35.4,24.7,30.1,0.0,11.0,21.35,47,959.4,19,16.6,Abuja
2003-02-13,35.8,23.8,30.2,0.0,7.9,21.44,49,959.3,28,17.2,Abuja
2003-02-14,36.1,24.3,30.3,0.0,10.1,21.42,43,958.4,97,15.6,Abuja
2003-02-15,35.8,24.8,30.2,0.0,8.4,22.29,50,958.0,72,17.9,Abuja
2003-02-16,35.8,25.3,30.5,0.3,10.2,20.25,54,958.0,89,19.7,Abuja
2003-02-17,32.8,25.4,28.8,0.7,15.0,16.55,66,959.3,99,21.6,Abuja
2003-02-18,35.7,24.8,30.2,0.0,9.9,19.62,55,959.3,98,19.0,Abuja
2003-02-19,36.9,25.5,30.5,1.2,9.9,21.64,52,958.2,100,18.7,Abuja
2003-02-20,35.1,24.8,29.8,0.3,8.1,22.29,55,958.0,83,19.2,Abuja
2003-02-21,34.7,25.2,29.8,0.3,10.1,20.97,56,958.8,46,19.5,Abuja
2003-02-22,36.7,25.7,30.6,0.1,13.9,22.5,51,959.8,86,18.5,Abuja
2003-02-23,36.5,23.9,30.1,0.0,8.9,22.81,52,960.3,82,17.6,Abuja
2003-02-24,35.8,23.6,29.7,0.0,10.4,23.76,45,959.0,86,15.5,Abuja
2003-02-25,34.8,24.5,29.4,0.0,11.3,21.03,54,960.0,98,18.1,Abuja
2003-02-26,37.1,24.2,30.7,0.0,9.4,23.33,42,959.9,94,14.3,Abuja
2003-02-27,36.3,24.5,30.6,0.0,12.0,22.54,26,960.0,92,7.9,Abuja
2003-02-28,35.8,24.2,29.9,0.5,7.9,22.96,50,959.8,71,17.7,Abuja
2003-03-01,36.3,24.0,30.2,0.0,10.1,23.37,46,958.5,38,16.3,Abuja
2003-03-02,36.2,23.8,30.0,0.0,9.9,23.64,47,959.0,56,15.9,Abuja
2003-03-03,37.3,24.4,30.7,0.0,13.9,25.48,13,959.0,24,-1.3,Abuja
2003-03-04,36.5,24.2,30.4,0.0,12.9,25.38,18,958.8,42,3.3,Abuja
2003-03-05,37.2,24.5,31.0,0.0,11.6,25.2,20,957.0,22,5.5,Abuja
2003-03-06,35.5,23.7,29.7,0.0,9.0,22.68,46,956.9,73,16.0,Abuja
2003-03-07,36.0,26.3,30.3,1.7,9.0,21.61,50,958.1,58,18.4,Abuja
2003-03-08,36.8,24.2,30.6,0.0,7.1,24.69,49,958.5,14,17.4,Abuja
2003-03-09,35.5,24.4,30.2,0.0,10.0,22.97,50,958.7,52,17.7,Abuja
2003-03-10,36.1,24.4,30.2,0.0,8.7,23.8,52,958.4,47,18.4,Abuja
2003-03-11,34.6,25.8,30.4,1.1,10.2,21.33,51,959.3,42,18.7,Abuja
2003-03-12,35.6,24.8,30.2,0.0,10.5,22.41,52,959.8,45,18.2,Abuja
2003-03-13,36.8,25.3,31.0,0.0,12.4,25.06,24,959.3,32,7.0,Abuja
2003-03-14,37.4,25.2,31.4,0.0,12.9,25.87,17,959.0,15,3.2,Abuja
2003-03-15,36.4,25.4,31.1,0.0,14.3,25.35,23,959.1,18,6.7,Abuja
2003-03-16,36.1,25.7,31.2,0.0,7.7,23.66,33,958.2,28,12.5,Abuja
2003-03-17,36.5,26.0,31.2,0.0,7.2,24.26,38,957.6,24,15.1,Abuja
2003-03-18,37.2,25.2,31.6,0.0,8.9,23.86,41,957.7,40,16.3,Abuja
2003-03-19,37.5,26.2,31.1,0.9,9.2,24.58,52,958.1,51,19.3,Abuja
2003-03-20,34.4,25.1,28.8,2.1,14.7,22.02,66,958.0,65,21.6,Abuja
2003-03-21,35.0,24.4,29.2,0.0,9.2,22.82,60,957.8,85,19.8,Abuja
2003-03-22,36.0,24.8,30.3,0.0,12.2,24.33,51,958.5,51,18.3,Abuja
2003-03-23,34.7,24.4,29.6,0.0,11.7,23.09,58,959.7,28,19.8,Abuja
2003-03-24,39.2,25.1,32.1,0.0,12.1,26.47,42,958.5,28,15.0,Abuja
2003-03-25,35.2,25.0,29.9,0.1,11.5,21.95,55,958.2,88,19.0,Abuja
2003-03-26,36.3,24.8,30.6,0.0,12.2,22.36,53,957.9,89,19.1,Abuja
2003-03-27,34.6,25.5,29.1,1.4,11.5,19.38,63,960.2,90,21.0,Abuja
2003-03-28,37.2,25.1,30.6,0.0,6.5,25.21,56,960.4,46,19.2,Abuja
2003-03-29,36.6,24.9,30.5,0.0,12.5,25.42,49,958.8,21,17.8,Abuja
2003-03-30,35.7,25.3,29.7,1.9,10.1,23.18,58,958.5,62,20.1,Abuja
2003-03-31,38.1,24.7,31.2,0.0,6.6,26.4,48,957.7,18,17.0,Abuja
2003-04-01,37.0,24.2,30.5,0.0,9.2,25.32,46,956.9,10,16.7,Abuja
2003-04-02,35.1,24.9,30.0,0.0,17.0,22.41,55,957.6,33,19.2,Abuja
2003-04-03,35.0,24.3,29.4,0.0,14.5,22.55,59,957.7,61,19.8,Abuja
2003-04-04,33.8,24.6,29.1,0.0,13.3,20.43,61,959.2,75,20.3,Abuja
2003-04-05,35.5,25.2,29.1,11.4,11.9,22.64,63,959.2,38,20.8,Abuja
2003-04-06,33.2,24.2,27.7,13.9,9.4,22.33,75,958.1,71,22.4,Abuja
2003-04-07,34.2,23.5,27.4,14.3,10.5,22.55,76,956.8,95,22.2,Abuja
2003-04-08,34.1,24.1,28.6,0.0,11.2,21.3,67,957.5,56,21.4,Abuja
2003-04-09,33.3,24.4,28.6,0.2,16.7,19.9,67,957.7,59,21.5,Abuja
2003-04-10,31.1,24.6,27.7,0.0,16.1,14.8,71,958.6,80,21.8,Abuja
2003-04-11,35.0,24.6,29.0,0.3,10.1,24.01,66,958.9,82,21.7,Abuja
2003-04-12,31.0,25.3,27.7,1.0,12.8,16.21,74,960.1,92,22.5,Abuja
2003-04-13,35.0,24.5,29.5,0.0,12.1,24.24,62,959.2,64,20.8,Abuja
2003-04-14,32.4,24.8,27.9,1.6,14.0,18.79,70,958.4,76,21.7,Abuja
2003-04-15,31.3,23.7,27.1,0.0,13.7,20.89,69,959.1,96,20.4,Abuja
2003-04-16,33.7,24.1,27.7,3.8,10.1,24.34,69,959.4,58,21.2,Abuja
2003-04-17,30.5,24.1,27.1,0.7,6.7,15.79,75,960.9,95,22.1,Abuja
2003-04-18,30.4,24.9,27.2,5.9,10.1,14.52,74,959.5,97,22.1,Abuja
2003-04-19,27.3,23.7,25.1,3.2,12.0,8.3,83,960.3,97,21.9,Abuja
2003-04-20,32.2,22.1,26.7,0.4,11.2,19.74,73,960.6,94,20.9,Abuja
2003-04-21,32.1,23.6,27.6,0.7,9.2,18.81,70,960.4,96,21.5,Abuja
2003-04-22,34.5,23.2,28.8,0.0,11.0,22.28,65,959.0,61,21.0,Abuja
2003-04-23,34.3,24.5,29.3,0.0,11.1,22.53,62,957.9,49,20.9,Abuja
2003-04-24,33.2,24.8,28.7,0.8,10.9,20.51,65,958.4,42,21.4,Abuja
2003-04-25,34.0,25.0,29.3,0.0,7.8,21.58,67,958.5,71,22.2,Abuja
2003-04-26,33.0,25.2,28.4,4.8,12.3,16.83,71,959.2,95,22.5,Abuja
2003-04-27,32.2,24.2,27.9,0.0,10.8,16.95,70,959.5,98,21.6,Abuja
2003-04-28,33.5,24.7,28.8,0.0,10.6,23.32,65,958.5,63,21.1,Abuja
2003-04-29,34.0,24.4,29.0,0.0,10.7,23.3,63,959.6,24,20.6,Abuja
2003-04-30,34.8,24.3,29.0,0.0,10.7,24.23,61,960.4,20,19.7,Abuja
2003-05-01,35.0,24.1,29.0,0.0,12.1,24.11,58,960.4,75,18.9,Abuja
2003-05-02,34.9,23.4,28.7,0.0,10.8,26.38,58,959.7,50,18.3,Abuja
2003-05-03,34.7,23.5,28.8,0.0,8.8,25.27,54,960.0,26,17.5,Abuja
2003-05-04,35.3,23.7,29.5,0.0,10.3,24.99,53,959.5,51,17.7,Abuja
2003-05-05,34.7,24.5,29.6,0.0,12.9,24.83,56,959.3,33,18.9,Abuja
2003-05-06,33.7,24.8,29.3,0.1,14.8,22.69,58,959.3,38,19.6,Abuja
2003-05-07,34.3,24.5,29.2,0.0,14.2,23.65,61,959.9,75,20.2,Abuja
2003-05-08,36.0,25.1,30.4,0.0,11.5,25.35,54,959.6,40,19.1,Abuja
2003-05-09,35.1,25.4,30.2,0.0,12.1,23.4,55,959.1,25,19.6,Abuja
2003-05-10,35.6,25.1,30.4,0.0,12.7,22.89,54,958.7,29,19.2,Abuja
2003-05-11,35.1,25.7,30.2,0.0,12.8,19.84,55,959.4,29,19.4,Abuja
2003-05-12,34.1,24.7,29.2,0.4,17.6,20.74,61,959.8,39,20.3,Abuja
2003-05-13,33.2,24.5,28.7,0.3,17.2,21.97,61,961.0,51,20.0,Abuja
2003-05-14,33.7,23.9,28.7,0.0,14.5,22.04,60,961.5,68,19.6,Abuja
2003-05-15,35.2,24.9,29.8,0.1,11.1,22.59,55,960.5,31,19.3,Abuja
2003-05-16,33.7,25.5,29.5,0.1,11.6,18.9,59,959.7,39,20.4,Abuja
2003-05-17,32.0,25.2,28.6,0.1,13.2,15.54,66,959.7,65,21.4,Abuja
2003-05-18,32.6,25.5,29.0,0.7,9.5,16.51,66,959.0,80,21.9,Abuja
2003-05-19,32.1,25.4,28.0,1.1,10.4,15.2,72,959.0,100,22.4,Abuja
2003-05-20,31.1,24.6,27.8,0.0,10.8,12.18,70,959.5,89,21.4,Abuja
2003-05-21,33.6,24.9,29.3,0.0,9.7,19.3,63,960.5,98,21.3,Abuja
2003-05-22,33.0,25.5,28.9,0.9,10.0,18.82,65,960.5,86,21.4,Abuja
2003-05-23,33.2,24.7,28.5,1.1,14.4,18.87,69,960.4,95,22.0,Abuja
2003-05-24,33.1,25.0,28.6,0.3,10.2,19.33,65,959.4,90,21.0,Abuja
2003-05-25,32.3,23.1,27.6,9.8,15.0,17.32,72,960.2,94,21.7,Abuja
2003-05-26,29.4,23.1,25.8,2.0,8.2,13.29,84,960.8,95,22.7,Abuja
2003-05-27,32.2,24.2,27.7,6.0,6.4,22.01,75,959.6,69,22.7,Abuja
2003-05-28,29.5,23.6,25.9,13.6,9.2,15.95,84,959.8,97,22.8,Abuja
2003-05-29,28.4,22.4,24.7,11.3,6.9,13.17,88,961.1,98,22.4,Abuja
2003-05-30,29.1,22.8,25.5,5.0,8.0,16.47,85,961.1,97,22.7,Abuja
2003-05-31,30.4,23.0,26.3,1.0,6.6,19.94,81,961.6,79,22.5,Abuja
2003-06-01,29.8,23.0,26.0,10.7,12.2,18.18,82,961.5,82,22.5,Abuja
2003-06-02,28.2,22.6,24.7,6.6,8.4,15.05,87,961.5,97,22.2,Abuja
2003-06-03,28.7,22.9,25.1,11.2,7.3,16.48,83,961.1,98,22.0,Abuja
2003-06-04,30.1,21.9,25.7,2.8,5.7,17.85,83,960.5,92,22.3,Abuja
2003-06-05,29.7,22.6,25.4,22.5,9.0,19.19,86,959.9,94,22.8,Abuja
2003-06-06,29.1,21.9,24.9,15.4,8.9,17.0,84,960.5,75,21.9,Abuja
2003-06-07,30.1,22.8,26.0,0.4,6.9,16.24,80,960.4,61,22.0,Abuja
2003-06-08,29.5,23.3,25.8,9.4,8.0,18.49,84,960.2,84,22.9,Abuja
2003-06-09,29.5,22.5,25.4,8.5,10.3,16.2,85,960.6,74,22.6,Abuja
2003-06-10,27.6,22.3,23.9,13.0,15.1,10.99,89,960.8,96,22.0,Abuja
2003-06-11,28.2,22.3,24.8,0.5,9.8,12.76,85,961.0,97,21.9,Abuja
2003-06-12,29.0,22.0,25.2,5.0,7.3,18.82,82,961.3,82,21.7,Abuja
2003-06-13,29.4,22.1,24.9,5.2,7.0,17.42,85,961.4,76,22.1,Abuja
2003-06-14,29.7,22.2,25.4,0.1,7.6,17.87,83,961.5,72,22.2,Abuja
2003-06-15,29.4,22.8,25.7,9.6,9.0,18.04,82,960.6,77,22.4,Abuja
2003-06-16,28.8,22.9,25.7,1.9,9.2,15.52,81,959.9,79,22.1,Abuja
2003-06-17,28.8,22.3,25.4,5.9,10.9,14.44,84,960.2,85,22.3,Abuja
2003-06-18,29.2,22.1,25.0,1.8,9.8,15.79,84,961.1,92,22.0,Abuja
2003-06-19,29.0,22.5,25.2,4.4,7.1,17.82,84,961.4,93,22.1,Abuja
2003-06-20,28.8,22.8,25.4,0.6,9.0,15.93,83,960.5,90,22.0,Abuja
2003-06-21,29.0,22.4,24.8,10.0,7.4,18.23,85,960.7,88,22.0,Abuja
2003-06-22,27.3,22.1,23.8,6.8,9.5,13.83,89,960.5,98,21.9,Abuja
2003-06-23,28.0,21.6,24.1,4.6,10.8,18.02,85,961.8,98,21.3,Abuja
2003-06-24,22.9,21.4,22.1,22.9,4.9,3.78,96,962.3,100,21.4,Abuja
2003-06-25,27.8,21.4,23.9,5.7,9.2,17.61,84,961.8,80,20.8,Abuja
2003-06-26,27.8,21.2,24.1,0.8,9.8,18.69,81,962.0,70,20.5,Abuja
2003-06-27,28.7,21.5,25.0,2.1,8.0,21.11,79,961.8,51,21.0,Abuja
2003-06-28,28.0,21.8,24.5,11.8,8.4,17.15,85,961.7,85,21.8,Abuja
2003-06-29,28.0,21.2,24.1,2.9,10.4,15.89,85,961.7,83,21.4,Abuja
2003-06-30,28.0,21.7,24.4,2.2,9.0,16.96,86,962.2,95,21.8,Abuja
2003-07-01,29.0,22.1,24.9,6.8,8.7,20.1,84,961.3,66,21.9,Abuja
2003-07-02,27.5,22.0,24.1,12.3,11.0,15.77,86,961.6,74,21.6,Abuja
2003-07-03,27.4,21.4,23.1,14.9,11.2,13.72,89,962.9,97,21.1,Abuja
2003-07-04,27.1,21.1,23.7,0.4,9.0,12.75,82,962.4,88,20.3,Abuja
2003-07-05,29.0,20.7,24.7,0.0,8.8,20.15,72,961.0,71,19.0,Abuja
2003-07-06,28.4,20.7,24.9,0.0,10.7,19.38,73,960.3,40,19.6,Abuja
2003-07-07,26.6,22.2,23.8,13.3,10.4,12.2,86,961.1,91,21.2,Abuja
2003-07-08,27.8,20.8,24.2,4.4,10.4,16.8,81,961.2,84,20.5,Abuja
2003-07-09,25.9,21.6,23.1,14.4,6.1,10.77,90,961.5,97,21.4,Abuja
2003-07-10,26.2,20.6,23.0,6.8,8.4,11.6,90,961.2,92,21.2,Abuja
2003-07-11,27.2,20.9,23.9,1.9,9.7,17.7,86,961.8,80,21.2,Abuja
2003-07-12,27.9,21.4,24.2,3.7,6.5,16.28,86,962.2,86,21.5,Abuja
2003-07-13,27.2,21.6,23.8,4.5,6.9,13.79,89,962.3,93,21.7,Abuja
2003-07-14,28.3,20.7,24.5,4.7,5.6,18.31,86,961.6,88,21.9,Abuja
2003-07-15,28.8,20.6,24.2,13.8,7.4,17.91,85,961.7,70,21.4,Abuja
2003-07-16,27.5,21.0,23.9,11.7,8.9,15.8,88,961.4,81,21.7,Abuja
2003-07-17,28.8,21.7,24.5,2.5,10.3,17.64,85,962.8,87,21.6,Abuja
2003-07-18,27.6,21.7,24.2,1.1,10.4,16.28,83,963.9,98,21.1,Abuja
2003-07-19,24.9,21.2,22.6,13.1,11.5,10.23,92,963.6,99,21.2,Abuja
2003-07-20,25.6,21.1,22.7,8.3,11.9,10.88,91,962.6,100,21.2,Abuja
2003-07-21,23.3,20.9,21.8,6.1,12.1,7.08,96,963.4,90,21.1,Abuja
2003-07-22,27.5,20.3,23.6,1.9,10.0,16.53,84,963.7,82,20.6,Abuja
2003-07-23,28.1,21.7,24.3,7.1,10.4,16.98,84,963.0,81,21.4,Abuja
2003-07-24,26.2,21.3,23.5,9.5,7.9,12.49,89,962.8,93,21.4,Abuja
2003-07-25,28.4,21.5,24.2,7.4,7.8,18.12,85,963.2,75,21.3,Abuja
2003-07-26,29.1,22.3,24.9,12.2,8.3,20.47,85,962.4,67,22.1,Abuja
2003-07-27,28.4,22.2,24.9,1.4,9.7,18.26,83,962.3,71,21.6,Abuja
2003-07-28,28.4,22.3,25.0,5.2,9.6,17.89,82,962.1,90,21.7,Abuja
2003-07-29,28.8,22.1,25.1,1.4,9.6,18.45,84,962.0,89,22.0,Abuja
2003-07-30,28.2,23.1,24.6,1.3,8.2,12.92,83,961.5,92,21.5,Abuja
2003-07-31,27.6,22.0,24.3,3.4,12.2,17.14,83,962.2,100,21.1,Abuja
2003-08-01,24.7,21.5,23.1,10.9,7.6,9.04,90,962.4,97,21.3,Abuja
2003-08-02,26.3,20.9,23.4,5.0,7.7,13.1,88,962.4,85,21.2,Abuja
2003-08-03,28.0,21.2,24.3,2.5,7.9,17.07,83,961.4,66,21.0,Abuja
2003-08-04,28.0,21.8,24.5,3.9,10.1,13.63,83,960.8,90,21.2,Abuja
2003-08-05,25.2,21.0,23.0,12.0,8.9,10.1,92,960.2,100,21.5,Abuja
2003-08-06,26.0,20.9,23.0,4.9,13.0,12.45,87,961.5,85,20.6,Abuja
2003-08-07,28.3,21.3,24.6,1.3,9.5,21.38,79,962.5,53,20.5,Abuja
2003-08-08,29.9,21.9,25.4,0.7,5.8,19.93,76,962.8,65,20.7,Abuja
2003-08-09,29.3,21.5,24.8,10.6,5.4,19.9,83,962.3,58,21.6,Abuja
2003-08-10,26.6,21.6,23.6,10.4,7.3,13.87,90,961.4,82,21.8,Abuja
2003-08-11,27.9,21.5,24.3,4.0,9.4,16.07,83,961.4,81,21.1,Abuja
2003-08-12,28.5,21.5,24.0,7.5,6.8,16.02,86,962.0,98,21.5,Abuja
2003-08-13,27.6,21.2,23.9,22.6,8.7,15.4,85,962.7,82,21.1,Abuja
2003-08-14,28.4,21.5,24.1,10.6,9.6,18.57,84,962.8,83,21.2,Abuja
2003-08-15,28.2,21.1,23.8,8.7,8.0,14.39,87,962.4,90,21.3,Abuja
2003-08-16,27.1,21.8,23.7,5.5,11.4,13.04,88,962.1,96,21.5,Abuja
2003-08-17,26.3,21.5,23.5,6.6,11.7,9.43,88,962.5,91,21.2,Abuja
2003-08-18,25.6,21.3,23.0,17.3,9.6,9.01,91,962.8,99,21.4,Abuja
2003-08-19,26.8,20.9,22.8,22.8,10.4,10.18,92,961.7,95,21.4,Abuja
2003-08-20,27.2,21.4,23.8,4.1,13.7,16.14,84,961.9,94,20.8,Abuja
2003-08-21,26.3,21.7,23.3,7.8,13.5,12.02,87,961.7,97,20.9,Abuja
2003-08-22,24.9,21.4,22.8,22.5,6.6,9.81,90,961.0,99,21.1,Abuja
2003-08-23,27.4,21.1,23.6,8.2,10.6,17.38,86,962.3,79,21.0,Abuja
2003-08-24,26.8,21.4,23.7,1.3,10.6,10.61,86,962.5,92,21.0,Abuja
2003-08-25,26.6,21.7,23.7,2.7,9.7,11.87,87,961.9,97,21.3,Abuja
2003-08-26,26.0,22.2,24.0,0.7,9.6,9.27,86,961.7,93,21.4,Abuja
2003-08-27,27.9,21.4,24.2,7.6,7.9,16.38,86,961.6,94,21.5,Abuja
2003-08-28,23.3,21.0,21.9,24.5,5.1,5.15,97,961.8,94,21.4,Abuja
2003-08-29,25.7,20.4,22.9,5.9,10.5,12.27,91,962.2,92,21.2,Abuja
2003-08-30,27.2,21.2,23.7,8.0,9.6,15.79,87,962.0,93,21.3,Abuja
2003-08-31,27.7,21.4,23.6,10.3,7.9,14.32,88,962.4,93,21.3,Abuja
2003-09-01,27.8,21.3,23.7,7.8,8.8,14.19,87,962.1,96,21.2,Abuja
2003-09-02,26.2,21.4,23.0,12.7,9.7,10.76,92,962.6,99,21.7,Abuja
2003-09-03,25.1,21.0,22.5,18.6,6.8,9.99,93,963.0,99,21.2,Abuja
2003-09-04,28.2,21.1,23.8,9.5,6.2,17.9,87,962.1,81,21.3,Abuja
2003-09-05,28.4,21.1,24.1,2.0,9.7,18.15,85,962.3,87,21.2,Abuja
2003-09-06,27.0,21.5,23.6,3.3,11.0,12.54,85,962.6,100,20.8,Abuja
2003-09-07,27.0,21.3,23.7,7.5,8.2,15.95,87,962.9,97,21.2,Abuja
2003-09-08,26.5,20.8,23.1,15.3,6.5,10.19,90,962.8,79,21.3,Abuja
2003-09-09,29.2,21.3,24.7,1.4,6.4,17.9,82,962.5,73,21.2,Abuja
2003-09-10,29.5,21.3,25.0,1.0,7.9,19.62,82,962.4,68,21.4,Abuja
2003-09-11,30.5,21.5,25.2,8.6,7.9,20.5,82,961.5,97,21.7,Abuja
2003-09-12,24.3,21.4,22.5,18.7,11.1,7.96,96,961.7,100,21.8,Abuja
2003-09-13,27.6,20.9,24.1,1.0,10.5,15.29,83,962.7,89,20.8,Abuja
2003-09-14,28.6,21.4,24.9,0.2,6.6,17.51,79,962.0,90,20.9,Abuja
2003-09-15,29.2,21.8,25.3,1.3,6.6,19.95,80,961.9,67,21.4,Abuja
2003-09-16,29.0,22.1,25.2,1.1,8.5,17.77,81,962.0,57,21.5,Abuja
2003-09-17,28.9,21.8,24.9,11.1,10.0,18.94,84,960.6,78,21.8,Abuja
2003-09-18,26.9,21.8,23.7,7.6,7.6,12.39,91,960.3,95,22.2,Abuja
2003-09-19,26.1,21.5,22.9,10.7,8.0,9.61,91,960.6,96,21.3,Abuja
2003-09-20,28.0,21.2,24.3,0.8,6.4,16.6,82,962.7,86,20.9,Abuja
2003-09-21,29.6,21.3,24.8,14.2,7.3,20.36,84,962.2,84,21.6,Abuja
2003-09-22,28.2,20.9,24.3,5.7,7.7,16.63,87,960.7,93,22.0,Abuja
2003-09-23,30.0,22.1,25.1,12.0,7.9,21.05,85,960.1,90,22.3,Abuja
2003-09-24,29.3,20.7,24.5,5.4,6.9,17.78,86,960.6,95,21.9,Abuja
2003-09-25,31.6,21.3,25.5,2.4,7.4,21.0,82,959.8,78,22.0,Abuja
2003-09-26,29.3,21.2,24.6,5.5,8.5,17.33,86,960.2,96,21.8,Abuja
2003-09-27,27.8,21.3,24.2,3.2,7.2,13.85,87,961.0,96,21.7,Abuja
2003-09-28,29.4,20.7,24.9,2.3,6.4,16.29,82,960.9,67,21.3,Abuja
2003-09-29,30.5,20.9,24.9,14.1,8.0,23.07,85,960.7,86,22.0,Abuja
2003-09-30,29.1,21.5,24.6,12.2,8.4,18.61,86,960.9,90,21.9,Abuja
2003-10-01,28.3,21.6,24.3,8.7,5.8,13.04,88,960.2,98,21.9,Abuja
2003-10-02,29.7,21.3,25.1,1.0,7.7,18.66,82,959.9,90,21.5,Abuja
2003-10-03,30.5,22.3,25.4,10.3,8.4,20.17,82,959.6,54,22.0,Abuja
2003-10-04,29.9,21.7,25.0,9.6,6.1,19.45,85,959.8,61,22.1,Abuja
2003-10-05,27.4,21.3,23.8,12.5,7.3,13.22,90,960.4,94,22.1,Abuja
2003-10-06,28.6,21.6,24.9,2.1,7.8,16.4,85,960.5,68,22.1,Abuja
2003-10-07,31.5,21.4,26.1,0.6,7.3,21.27,79,960.5,55,21.8,Abuja
2003-10-08,30.5,22.1,26.3,1.4,6.5,18.63,81,959.5,55,22.6,Abuja
2003-10-09,30.4,22.2,26.0,0.7,6.9,17.99,82,958.7,56,22.5,Abuja
2003-10-10,29.9,22.2,25.8,3.2,7.5,17.96,83,959.1,77,22.6,Abuja
2003-10-11,29.1,22.4,25.4,2.1,10.3,16.59,85,959.7,85,22.7,Abuja
2003-10-12,28.7,22.2,24.8,6.5,8.7,16.38,87,960.1,94,22.3,Abuja
2003-10-13,28.0,22.3,24.2,11.2,8.4,13.78,90,959.2,95,22.4,Abuja
2003-10-14,27.0,21.6,23.6,6.2,5.8,9.88,88,959.5,99,21.5,Abuja
2003-10-15,28.8,21.4,24.5,9.3,9.8,18.07,88,960.3,88,22.1,Abuja
2003-10-16,28.1,22.0,24.3,3.3,7.7,14.17,88,961.4,99,22.2,Abuja
2003-10-17,29.2,21.0,24.9,0.9,7.6,18.98,83,961.4,66,21.7,Abuja
2003-10-18,31.0,21.0,25.6,3.0,6.1,22.84,81,961.0,52,21.8,Abuja
2003-10-19,31.7,20.9,26.4,0.0,8.0,22.79,77,960.7,47,21.6,Abuja
2003-10-20,31.5,22.0,26.3,0.7,5.1,20.99,79,960.5,74,22.1,Abuja
2003-10-21,31.5,22.6,26.6,1.3,7.8,21.03,78,960.2,28,22.0,Abuja
2003-10-22,30.2,22.4,26.0,2.8,6.4,17.08,83,960.5,37,22.7,Abuja
2003-10-23,30.1,22.4,25.3,6.4,6.3,17.3,85,960.6,54,22.5,Abuja
2003-10-24,29.8,22.1,25.6,0.7,11.3,18.27,82,960.5,58,22.2,Abuja
2003-10-25,30.4,22.1,25.3,2.5,8.4,18.75,82,960.4,58,21.7,Abuja
2003-10-26,30.5,22.5,25.7,0.4,4.9,22.66,77,959.4,22,21.2,Abuja
2003-10-27,29.3,21.9,25.5,1.8,6.0,15.86,80,959.8,59,21.6,Abuja
2003-10-28,33.5,21.7,27.4,0.0,8.4,22.82,69,958.8,67,20.4,Abuja
2003-10-29,29.8,23.1,26.2,0.6,9.4,16.41,80,959.9,61,22.4,Abuja
2003-10-30,30.0,22.6,25.9,1.3,6.7,16.86,82,959.6,77,22.4,Abuja
2003-10-31,29.1,22.3,25.2,3.6,6.2,15.97,85,959.0,58,22.4,Abuja
2003-11-01,30.5,21.0,25.2,8.8,5.9,19.22,84,958.3,64,22.1,Abuja
2003-11-02,31.2,22.8,26.1,1.8,5.4,19.97,80,958.5,67,22.1,Abuja
2003-11-03,30.8,21.9,25.7,2.3,7.9,18.21,80,958.9,67,21.8,Abuja
2003-11-04,31.0,21.8,26.1,0.2,8.9,20.78,76,958.6,48,21.3,Abuja
2003-11-05,30.6,21.4,26.0,0.0,5.7,20.12,76,958.7,65,21.1,Abuja
2003-11-06,30.8,21.2,26.1,0.6,7.9,21.19,75,958.7,19,21.0,Abuja
2003-11-07,30.3,22.0,25.5,2.9,8.5,18.23,81,960.0,58,21.9,Abuja
2003-11-08,29.8,21.9,25.4,10.7,6.4,19.28,85,960.5,92,22.5,Abuja
2003-11-09,30.7,22.8,26.3,0.0,8.2,17.36,76,960.1,85,21.5,Abuja
2003-11-10,30.0,22.4,25.8,0.2,7.2,18.35,77,959.3,96,21.0,Abuja
2003-11-11,31.6,20.7,26.4,0.0,5.0,22.87,68,959.2,21,19.4,Abuja
2003-11-12,31.0,20.8,25.9,0.0,7.3,21.95,71,960.0,65,19.8,Abuja
2003-11-13,31.3,22.5,26.9,0.0,6.9,21.28,70,961.6,31,20.6,Abuja
2003-11-14,29.8,22.7,26.4,0.0,6.5,17.67,74,961.5,93,21.2,Abuja
2003-11-15,32.5,23.5,27.8,0.0,8.3,21.33,65,960.7,54,20.3,Abuja
2003-11-16,33.5,21.6,27.1,0.0,12.9,23.19,53,958.6,28,15.3,Abuja
2003-11-17,32.1,22.3,27.0,0.0,5.9,21.62,58,958.7,42,17.7,Abuja
2003-11-18,33.8,21.1,27.6,0.0,9.4,22.81,59,958.0,73,17.8,Abuja
2003-11-19,34.3,22.0,27.5,0.0,13.7,23.3,41,957.7,72,12.0,Abuja
2003-11-20,34.1,22.3,27.5,0.0,14.1,23.54,33,958.5,21,9.1,Abuja
2003-11-21,31.8,19.2,25.9,0.0,8.9,22.81,50,959.6,26,14.3,Abuja
2003-11-22,32.7,20.2,26.7,0.0,8.6,22.69,56,959.4,19,16.5,Abuja
2003-11-23,32.5,19.9,26.5,0.0,6.0,22.26,56,959.8,11,16.5,Abuja
2003-11-24,33.6,20.9,27.5,0.0,7.2,21.79,50,959.7,82,15.3,Abuja
2003-11-25,34.5,21.0,28.0,0.0,9.4,21.98,47,958.9,94,14.2,Abuja
2003-11-26,31.5,21.6,26.8,0.0,6.6,20.22,60,959.5,33,18.2,Abuja
2003-11-27,32.0,21.7,26.9,0.0,7.1,20.04,60,959.3,25,18.1,Abuja
2003-11-28,31.5,21.7,27.3,0.0,5.6,19.28,62,958.8,28,18.9,Abuja
2003-11-29,33.8,21.5,27.9,0.0,6.2,21.19,55,958.7,37,16.7,Abuja
2003-11-30,33.3,20.4,27.3,0.0,5.6,21.79,50,958.0,0,15.1,Abuja
2003-12-01,33.4,22.0,27.7,0.0,6.2,21.41,54,958.4,51,16.8,Abuja
2003-12-02,34.5,22.5,28.2,0.0,8.8,21.07,49,958.8,76,14.9,Abuja
2003-12-03,34.4,20.8,27.8,0.0,7.2,21.27,46,958.5,68,14.0,Abuja
2003-12-04,34.3,21.8,27.8,0.0,7.5,21.56,49,958.6,26,15.2,Abuja
2003-12-05,34.2,21.9,27.9,0.0,9.6,21.81,34,959.3,30,10.2,Abuja
2003-12-06,34.4,21.3,27.5,0.0,11.2,22.63,25,960.3,17,5.1,Abuja
2003-12-07,35.3,21.9,27.8,0.0,16.6,22.85,19,960.2,17,1.1,Abuja
2003-12-08,33.7,21.1,26.8,0.0,15.9,23.03,17,960.6,2,-1.0,Abuja
2003-12-09,33.2,17.7,25.5,0.0,8.5,22.65,21,960.6,49,0.9,Abuja
2003-12-10,33.7,18.8,26.4,0.0,9.3,22.27,24,960.2,38,3.5,Abuja
2003-12-11,33.6,19.0,26.7,0.0,7.0,22.04,32,960.5,14,8.1,Abuja
2003-12-12,34.5,20.3,27.5,0.0,7.2,21.29,34,959.6,66,9.3,Abuja
2003-12-13,33.9,21.0,27.4,0.0,6.3,20.94,42,959.2,26,12.9,Abuja
2003-12-14,32.6,21.5,27.5,0.0,8.7,19.05,56,960.5,51,17.0,Abuja
2003-12-15,33.7,22.0,27.9,0.0,6.4,19.69,48,959.5,53,15.4,Abuja
2003-12-16,33.7,21.8,27.9,0.0,9.0,20.72,39,959.6,17,12.4,Abuja
2003-12-17,33.9,21.8,28.1,0.0,8.8,20.97,35,960.6,54,10.9,Abuja
2003-12-18,35.7,22.6,28.7,0.0,9.1,21.44,30,960.7,16,8.6,Abuja
2003-12-19,35.7,23.4,29.1,0.0,12.7,21.43,22,960.5,32,4.9,Abuja
2003-12-20,34.0,23.0,28.3,0.0,10.2,21.24,27,961.3,37,7.3,Abuja
2003-12-21,34.6,22.2,28.2,0.0,11.2,21.49,26,961.2,10,6.7,Abuja
2003-12-22,35.0,22.1,28.2,0.0,13.3,21.61,22,961.1,83,3.9,Abuja
2003-12-23,34.5,21.4,27.8,0.0,10.0,21.68,21,960.8,2,3.2,Abuja
2003-12-24,33.9,20.5,27.3,0.0,9.4,20.45,27,960.4,59,5.8,Abuja
2003-12-25,33.9,21.8,28.0,0.0,8.4,20.54,30,960.6,58,8.5,Abuja
2003-12-26,34.3,22.3,28.1,0.0,9.8,21.36,32,960.2,3,9.4,Abuja
2003-12-27,34.5,21.5,27.8,0.0,13.1,21.55,21,959.0,17,3.0,Abuja
2003-12-28,34.5,20.6,27.5,0.0,8.5,21.37,23,957.6,39,3.8,Abuja
2003-12-29,35.5,19.5,27.9,0.0,5.8,21.69,27,957.9,20,5.9,Abuja
2003-12-30,35.5,20.4,28.1,0.0,9.3,21.48,27,959.5,75,6.5,Abuja
2003-12-31,34.9,21.4,28.4,0.0,9.7,21.55,29,961.6,18,8.1,Abuja
2004-01-01,35.3,21.9,28.8,0.0,10.0,21.67,29,960.2,1,8.3,Abuja
2004-01-02,35.1,21.7,28.7,0.0,11.7,21.54,32,959.5,10,9.8,Abuja
2004-01-03,35.4,24.8,30.0,0.0,5.4,21.21,37,958.6,18,13.3,Abuja
2004-01-04,37.1,22.6,30.2,0.0,7.6,21.58,34,957.5,0,11.3,Abuja
2004-01-05,36.5,23.5,29.8,0.0,6.8,21.55,34,957.7,4,11.7,Abuja
2004-01-06,37.4,23.4,30.2,0.0,8.7,20.85,28,957.8,79,8.4,Abuja
2004-01-07,35.9,23.3,29.8,0.0,8.6,21.01,29,957.3,70,9.4,Abuja
2004-01-08,35.2,24.0,29.3,0.0,12.4,21.57,23,958.2,40,5.8,Abuja
2004-01-09,35.5,22.7,28.8,0.0,11.1,21.9,23,958.8,12,5.2,Abuja
2004-01-10,35.5,22.6,28.8,0.0,11.4,21.74,21,958.6,50,3.8,Abuja
2004-01-11,35.2,21.5,28.4,0.0,9.4,21.99,20,959.1,12,3.2,Abuja
2004-01-12,35.1,21.9,28.3,0.0,9.7,22.02,20,960.5,46,3.1,Abuja
2004-01-13,34.4,21.9,27.9,0.0,13.0,20.55,19,960.7,88,1.6,Abuja
2004-01-14,34.8,21.2,27.8,0.0,10.6,22.26,20,959.7,55,2.5,Abuja
2004-01-15,34.6,20.2,27.8,0.0,8.9,22.43,22,958.0,30,3.7,Abuja
2004-01-16,34.7,21.0,28.0,0.0,9.4,22.33,25,958.2,23,5.6,Abuja
2004-01-17,35.7,22.5,28.9,0.0,10.9,21.26,23,958.2,86,4.7,Abuja
2004-01-18,34.9,22.4,29.0,0.0,11.7,22.19,23,957.9,43,5.3,Abuja
2004-01-19,35.6,21.9,29.2,0.0,6.5,21.71,30,957.9,94,9.2,Abuja
2004-01-20,34.5,23.6,28.5,0.0,12.4,20.62,46,958.1,98,15.4,Abuja
2004-01-21,30.6,23.6,26.6,3.8,14.1,13.58,70,959.7,99,20.4,Abuja
2004-01-22,34.4,22.7,28.3,0.0,9.4,21.29,46,959.7,68,14.1,Abuja
2004-01-23,33.8,22.7,28.3,0.0,11.2,20.96,36,959.4,39,11.6,Abuja
2004-01-24,33.6,22.0,28.0,0.0,9.5,21.91,47,958.4,15,15.0,Abuja
2004-01-25,33.8,22.4,28.4,0.0,10.3,21.85,37,957.7,63,11.8,Abuja
2004-01-26,35.2,23.3,29.0,0.0,12.4,22.64,23,958.4,85,5.5,Abuja
2004-01-27,35.4,22.6,28.7,0.0,14.2,23.12,16,959.9,63,-0.1,Abuja
2004-01-28,34.1,20.9,27.9,0.0,10.3,22.06,25,959.9,95,5.9,Abuja
2004-01-29,34.4,22.3,28.5,0.0,11.6,22.1,31,959.1,76,9.5,Abuja
2004-01-30,34.2,22.9,28.8,0.0,9.1,21.4,42,959.5,29,14.2,Abuja
2004-01-31,34.8,23.0,29.2,0.0,6.4,22.23,41,960.7,26,13.8,Abuja
2004-02-01,35.1,22.8,29.2,0.0,6.1,21.06,43,960.4,51,14.8,Abuja
2004-02-02,35.9,25.0,30.2,0.0,16.1,23.01,19,960.3,7,3.1,Abuja
2004-02-03,34.4,22.6,28.3,0.0,16.4,23.54,17,961.2,2,0.8,Abuja
2004-02-04,34.0,21.1,27.4,0.0,14.6,23.66,15,961.3,44,-1.9,Abuja
2004-02-05,34.2,20.6,27.1,0.0,14.1,23.84,15,960.4,23,-1.7,Abuja
2004-02-06,35.5,20.9,27.8,0.0,11.3,24.09,16,959.9,14,-1.1,Abuja
2004-02-07,35.5,21.2,28.1,0.0,13.9,24.04,16,960.2,0,-0.8,Abuja
2004-02-08,35.6,20.6,28.0,0.0,10.1,24.2,17,959.6,0,0.1,Abuja
2004-02-09,36.0,21.5,28.7,0.0,10.3,24.31,16,958.9,0,0.1,Abuja
2004-02-10,36.9,22.7,29.7,0.0,11.3,24.04,15,959.2,0,-0.1,Abuja
2004-02-11,38.5,23.7,30.9,0.0,13.9,23.54,15,958.8,1,0.5,Abuja
2004-02-12,35.5,23.5,29.6,0.0,13.8,23.02,27,959.4,6,7.8,Abuja
2004-02-13,36.2,23.5,29.9,0.0,8.3,22.0,39,960.2,53,13.9,Abuja
2004-02-14,35.7,23.9,29.9,0.0,11.3,21.7,30,960.7,42,10.0,Abuja
2004-02-15,36.8,23.9,30.3,0.0,14.1,24.06,16,960.5,1,1.1,Abuja
2004-02-16,37.4,23.9,30.4,0.0,11.1,23.92,16,959.8,54,0.9,Abuja
2004-02-17,36.7,24.1,30.4,0.0,10.7,24.09,17,960.0,36,2.6,Abuja
2004-02-18,35.7,23.9,29.7,0.0,13.3,23.93,19,959.3,0,2.9,Abuja
2004-02-19,36.0,22.8,29.5,0.0,9.8,24.51,19,957.9,37,3.6,Abuja
2004-02-20,37.2,23.2,30.3,0.0,12.4,24.59,17,958.1,26,2.0,Abuja
2004-02-21,37.3,24.8,30.8,0.0,14.0,24.88,13,959.4,19,-1.5,Abuja
2004-02-22,35.8,22.9,29.7,0.0,10.5,24.48,21,959.5,10,4.5,Abuja
2004-02-23,35.5,23.3,29.5,0.0,11.4,23.89,20,958.3,2,3.7,Abuja
2004-02-24,37.1,23.8,30.5,0.0,12.0,25.01,15,958.0,28,0.9,Abuja
2004-02-25,36.3,22.6,30.0,0.0,10.3,24.27,22,959.6,7,5.4,Abuja
2004-02-26,34.5,23.7,29.4,0.0,8.4,21.01,47,960.7,20,16.3,Abuja
2004-02-27,35.7,24.4,30.4,0.0,7.6,21.39,46,959.8,57,16.6,Abuja
2004-02-28,36.1,24.1,30.4,0.0,10.8,22.08,45,959.0,24,16.1,Abuja
2004-02-29,35.0,25.2,30.2,0.0,8.5,21.65,50,958.4,20,18.1,Abuja
2004-03-01,35.0,25.1,30.1,0.0,10.2,20.98,51,958.2,24,18.1,Abuja
2004-03-02,35.0,25.0,29.9,0.1,16.2,21.03,55,957.8,53,19.4,Abuja
2004-03-03,35.8,24.9,29.2,5.3,15.7,21.78,60,958.3,65,20.0,Abuja
2004-03-04,35.8,23.9,29.9,0.0,8.0,22.25,53,959.6,93,17.2,Abuja
2004-03-05,33.9,24.8,29.2,0.0,11.2,20.71,34,961.3,81,11.1,Abuja
2004-03-06,34.1,22.5,28.0,0.0,13.4,24.93,21,960.7,32,3.6,Abuja
2004-03-07,34.8,21.7,28.1,0.0,12.8,24.56,18,960.8,69,1.1,Abuja
2004-03-08,36.3,22.8,29.3,0.0,13.5,25.94,18,961.3,21,2.2,Abuja
2004-03-09,36.9,23.2,29.9,0.0,12.9,25.96,15,961.3,47,0.5,Abuja
2004-03-10,36.9,23.9,30.3,0.0,13.5,26.24,13,960.6,80,-1.6,Abuja
2004-03-11,36.3,21.6,29.5,0.0,10.5,25.47,23,960.2,95,6.0,Abuja
2004-03-12,36.3,23.9,30.3,0.0,10.9,24.58,22,959.9,33,5.8,Abuja
2004-03-13,36.3,22.2,29.9,0.0,9.0,24.63,29,959.5,17,9.2,Abuja
2004-03-14,37.8,25.3,31.7,0.0,8.9,25.06,37,959.3,10,14.2,Abuja
2004-03-15,38.0,25.0,31.5,0.0,11.4,25.96,31,959.0,3,10.5,Abuja
2004-03-16,37.7,23.6,30.8,0.0,10.1,26.13,17,959.0,4,2.7,Abuja
2004-03-17,38.1,25.3,31.6,0.0,14.4,26.7,14,958.0,37,-0.1,Abuja
2004-03-18,37.7,23.4,30.8,0.0,9.0,26.07,22,957.6,7,6.4,Abuja
2004-03-19,37.3,24.7,31.2,0.0,11.5,25.28,19,958.0,5,4.7,Abuja
2004-03-20,37.1,23.8,30.8,0.0,10.6,25.65,22,957.7,6,6.3,Abuja
2004-03-21,37.7,24.0,31.0,0.0,9.4,26.24,19,957.5,7,4.4,Abuja
2004-03-22,37.5,23.7,31.0,0.0,9.2,25.89,26,957.3,46,9.1,Abuja
2004-03-23,35.4,25.2,30.7,0.1,10.3,22.65,39,957.6,33,15.0,Abuja
2004-03-24,37.6,25.8,31.7,0.1,10.4,23.65,45,957.7,23,17.5,Abuja
2004-03-25,38.2,25.1,31.9,0.0,7.1,24.08,44,957.4,19,16.5,Abuja
2004-03-26,37.0,24.9,31.2,0.1,8.4,23.23,48,956.1,23,17.9,Abuja
2004-03-27,38.1,25.9,32.0,0.0,9.2,23.67,47,955.0,22,18.4,Abuja
2004-03-28,37.0,26.0,31.7,0.0,9.3,23.26,48,955.6,12,18.8,Abuja
2004-03-29,37.6,26.1,31.8,0.0,11.0,22.95,50,956.2,41,19.1,Abuja
2004-03-30,36.6,25.9,31.5,0.0,10.5,22.96,50,957.5,57,19.0,Abuja
2004-03-31,36.5,25.6,31.2,0.0,12.2,21.92,51,957.9,39,18.9,Abuja
2004-04-01,36.0,25.6,31.1,0.3,12.4,22.14,54,957.7,77,20.0,Abuja
2004-04-02,36.0,25.7,30.4,0.0,17.1,19.38,58,958.6,98,20.4,Abuja
2004-04-03,35.5,24.7,29.8,0.0,17.6,20.34,58,959.8,66,19.7,Abuja
2004-04-04,33.5,24.5,28.9,0.0,14.2,18.17,59,960.9,74,19.3,Abuja
2004-04-05,34.4,24.3,29.5,0.0,15.3,19.88,56,960.5,88,19.0,Abuja
2004-04-06,34.8,24.7,29.4,3.7,12.9,22.92,62,959.3,73,20.9,Abuja
2004-04-07,33.7,24.8,28.4,3.1,8.9,19.84,67,959.8,92,21.4,Abuja
2004-04-08,32.0,25.5,28.1,4.5,12.6,16.12,69,961.0,96,21.7,Abuja
2004-04-09,34.7,23.5,28.6,0.6,6.8,23.59,63,959.3,35,20.2,Abuja
2004-04-10,35.7,24.7,29.9,0.0,11.9,25.96,54,957.5,22,19.1,Abuja
2004-04-11,34.7,24.6,29.7,0.0,11.8,22.02,56,957.4,24,19.3,Abuja
2004-04-12,33.7,25.0,29.5,0.1,12.3,20.96,60,957.3,23,20.5,Abuja
2004-04-13,33.4,25.4,29.2,0.2,10.5,18.89,63,956.7,39,21.3,Abuja
2004-04-14,34.1,25.1,29.5,0.3,12.1,21.63,60,955.5,69,20.5,Abuja
2004-04-15,34.6,24.9,29.3,0.0,16.9,21.91,63,957.6,87,20.9,Abuja
2004-04-16,34.3,24.6,28.8,0.5,9.3,21.01,65,959.7,67,20.9,Abuja
2004-04-17,35.2,25.6,30.3,0.8,13.4,23.63,58,959.4,43,20.6,Abuja
2004-04-18,33.6,24.8,28.7,0.4,18.3,20.15,65,959.5,40,21.1,Abuja
2004-04-19,34.1,23.5,28.0,4.4,10.4,22.26,70,959.6,53,21.4,Abuja
2004-04-20,32.0,24.0,27.8,0.5,10.2,19.71,70,959.8,46,21.5,Abuja
2004-04-21,33.6,24.0,27.7,3.7,11.0,19.14,70,960.1,49,21.2,Abuja
2004-04-22,33.7,23.8,27.9,0.8,9.7,20.83,71,958.7,95,21.9,Abuja
2004-04-23,34.8,24.6,29.4,1.0,11.5,24.39,62,956.7,59,20.9,Abuja
2004-04-24,33.1,25.0,28.9,0.6,10.9,20.94,64,957.3,82,21.3,Abuja
2004-04-25,36.1,24.8,30.1,0.0,13.7,24.92,60,956.6,83,20.6,Abuja
2004-04-26,34.5,25.2,28.8,2.9,14.4,21.38,68,956.9,59,21.9,Abuja
2004-04-27,33.4,24.8,28.4,0.2,12.0,18.17,68,958.6,94,21.4,Abuja
2004-04-28,31.3,24.7,27.7,0.4,11.6,16.01,70,960.0,88,21.5,Abuja
2004-04-29,31.9,24.4,27.4,3.4,10.2,15.86,73,959.6,95,22.0,Abuja
2004-04-30,32.7,23.6,27.8,1.2,9.2,21.26,71,960.0,93,21.6,Abuja
2004-05-01,33.6,24.5,28.6,0.9,13.6,21.01,66,959.3,58,21.2,Abuja
2004-05-02,31.9,24.1,27.9,0.0,16.3,16.7,67,960.1,90,20.9,Abuja
2004-05-03,35.3,24.2,29.5,0.0,10.8,25.19,59,958.6,79,20.2,Abuja
2004-05-04,31.9,24.9,28.6,0.0,14.2,15.38,64,958.7,45,20.9,Abuja
2004-05-05,31.6,24.4,27.9,0.1,14.1,13.77,71,959.1,72,22.1,Abuja
2004-05-06,27.4,23.2,25.2,18.5,13.4,7.34,85,960.5,100,22.5,Abuja
2004-05-07,29.6,23.8,26.4,3.1,11.3,15.28,79,960.9,83,22.4,Abuja
2004-05-08,31.3,23.3,27.0,2.3,9.4,14.46,75,960.4,92,21.9,Abuja
2004-05-09,30.0,23.6,26.5,0.3,11.8,10.83,79,960.0,91,22.5,Abuja
2004-05-10,31.4,23.8,27.5,2.9,8.7,15.35,73,959.6,81,22.1,Abuja
2004-05-11,30.3,23.7,27.0,0.7,10.2,15.15,77,959.8,86,22.5,Abuja
2004-05-12,29.1,24.0,26.4,3.2,13.0,11.96,80,960.2,92,22.4,Abuja
2004-05-13,30.6,23.9,27.1,0.0,9.9,14.45,75,959.3,84,22.1,Abuja
2004-05-14,30.4,23.4,26.8,9.2,10.0,19.65,77,959.7,74,22.3,Abuja
2004-05-15,30.5,23.1,26.4,1.3,10.2,16.18,80,960.1,84,22.3,Abuja
2004-05-16,31.0,23.5,26.9,1.4,8.4,16.03,77,959.3,59,22.4,Abuja
2004-05-17,30.8,23.5,27.2,1.7,8.0,14.71,76,958.3,67,22.4,Abuja
2004-05-18,31.1,24.0,27.3,1.4,8.8,15.78,76,959.7,82,22.5,Abuja
2004-05-19,31.0,23.7,27.5,0.1,7.4,17.88,75,961.1,71,22.5,Abuja
2004-05-20,28.8,23.1,25.9,19.3,11.5,13.7,83,961.5,99,22.7,Abuja
2004-05-21,29.9,23.3,25.5,8.4,9.1,16.86,84,961.6,95,22.4,Abuja
2004-05-22,29.1,22.0,25.4,4.4,9.4,15.79,84,961.2,98,22.5,Abuja
2004-05-23,28.4,22.6,25.0,15.5,6.1,11.54,84,961.5,100,22.2,Abuja
2004-05-24,31.0,23.0,26.6,2.2,6.5,21.15,79,961.2,76,22.5,Abuja
2004-05-25,30.1,22.1,25.3,21.5,8.3,17.41,84,960.9,83,22.2,Abuja
2004-05-26,28.9,22.7,24.4,6.9,12.9,14.39,87,961.5,97,21.9,Abuja
2004-05-27,28.2,22.1,24.5,9.4,8.7,16.08,85,963.7,96,21.7,Abuja
2004-05-28,28.1,21.4,24.3,1.5,9.3,15.02,86,964.0,86,21.7,Abuja
2004-05-29,29.3,22.6,26.0,1.7,6.3,17.44,80,962.1,90,22.1,Abuja
2004-05-30,29.3,21.9,24.9,18.3,10.0,16.77,84,961.2,70,22.0,Abuja
2004-05-31,28.8,22.4,24.6,10.2,12.2,17.34,85,960.2,96,21.8,Abuja
2004-06-01,28.3,21.0,24.4,2.7,8.4,14.37,83,961.6,84,21.1,Abuja
2004-06-02,28.0,21.3,24.1,15.1,6.5,12.84,87,962.7,99,21.7,Abuja
2004-06-03,28.4,21.0,24.4,24.8,8.8,17.13,87,962.8,88,22.0,Abuja
2004-06-04,28.1,22.0,24.1,6.7,8.6,12.18,87,962.8,99,21.7,Abuja
2004-06-05,29.0,21.7,25.2,0.2,9.9,17.83,80,962.6,66,21.2,Abuja
2004-06-06,29.2,22.4,25.7,8.9,9.7,18.3,78,961.9,77,21.5,Abuja
2004-06-07,27.7,21.9,24.4,0.6,6.9,9.08,86,963.4,99,21.7,Abuja
2004-06-08,29.4,21.2,25.2,9.4,9.8,17.82,84,963.5,76,22.2,Abuja
2004-06-09,28.6,22.3,24.4,8.9,9.5,14.36,88,963.0,97,22.1,Abuja
2004-06-10,29.5,21.3,25.3,0.4,7.8,15.18,80,962.6,64,21.3,Abuja
2004-06-11,29.5,22.9,25.9,2.5,8.2,17.59,79,962.2,84,21.9,Abuja
2004-06-12,29.0,22.3,25.2,11.2,10.0,17.14,85,962.8,87,22.4,Abuja
2004-06-13,28.1,21.8,24.4,7.5,9.2,12.69,86,963.8,93,21.8,Abuja
2004-06-14,27.9,21.2,24.2,11.8,7.9,13.99,85,963.3,83,21.5,Abuja
2004-06-15,28.0,21.7,24.8,2.1,9.3,14.16,83,962.6,86,21.6,Abuja
2004-06-16,27.7,21.9,24.3,3.8,11.7,13.11,86,962.6,91,21.6,Abuja
2004-06-17,27.5,22.2,24.3,3.9,11.7,12.0,86,963.3,98,21.7,Abuja
2004-06-18,29.0,21.6,24.8,5.3,5.9,19.04,84,963.6,68,21.8,Abuja
2004-06-19,28.7,21.0,24.8,0.2,8.4,13.46,81,963.0,65,21.2,Abuja
2004-06-20,28.1,22.3,25.5,1.3,10.7,14.06,79,961.6,67,21.5,Abuja
2004-06-21,27.8,21.9,24.6,3.3,10.2,13.09,83,962.3,82,21.5,Abuja
2004-06-22,28.0,21.6,24.5,4.0,9.8,15.99,84,963.8,85,21.5,Abuja
2004-06-23,27.7,21.8,24.0,7.5,10.4,16.3,89,964.3,88,21.9,Abuja
2004-06-24,27.5,21.7,24.0,3.7,16.1,15.54,86,962.6,93,21.5,Abuja
2004-06-25,26.8,21.8,23.8,2.3,9.7,13.77,85,962.8,96,21.0,Abuja
2004-06-26,26.9,21.5,24.2,4.4,7.6,10.58,84,962.5,92,21.2,Abuja
2004-06-27,28.3,21.2,24.3,16.2,7.3,17.45,85,961.6,85,21.5,Abuja
2004-06-28,27.8,21.2,24.3,0.6,10.8,15.16,84,962.5,96,21.2,Abuja
2004-06-29,29.3,22.3,25.2,6.1,7.9,20.99,81,962.5,66,21.5,Abuja
2004-06-30,26.1,21.6,23.3,10.1,8.9,9.57,89,962.5,91,21.5,Abuja
2004-07-01,28.5,21.3,24.6,8.2,6.4,17.15,83,962.2,81,21.4,Abuja
2004-07-02,27.8,21.1,24.0,11.1,6.6,16.19,89,962.0,88,22.0,Abuja
2004-07-03,28.9,21.2,24.6,6.6,6.4,19.52,84,961.1,81,21.5,Abuja
2004-07-04,27.7,22.1,24.5,5.8,6.6,16.42,87,961.9,97,22.2,Abuja
2004-07-05,29.7,21.4,24.9,12.9,4.8,18.39,85,961.5,97,22.0,Abuja
2004-07-06,27.3,21.9,24.2,7.5,9.0,13.47,88,960.6,81,22.0,Abuja
2004-07-07,27.9,21.5,24.3,1.7,8.1,16.47,84,960.1,93,21.3,Abuja
2004-07-08,27.4,21.0,23.8,7.7,6.9,13.76,87,960.8,79,21.5,Abuja
2004-07-09,27.8,21.3,23.8,7.9,8.4,13.93,87,959.7,100,21.4,Abuja
2004-07-10,26.1,21.1,23.1,5.6,9.7,12.64,89,961.2,98,21.1,Abuja
2004-07-11,27.8,20.3,23.9,0.2,8.9,15.69,80,962.3,82,20.0,Abuja
2004-07-12,30.3,21.2,25.3,2.5,9.4,21.54,74,961.1,52,20.1,Abuja
2004-07-13,28.2,20.8,24.3,4.8,8.3,17.66,84,961.2,58,21.3,Abuja
2004-07-14,28.3,21.9,24.4,5.0,12.8,17.06,83,961.0,92,21.2,Abuja
2004-07-15,28.5,21.3,24.5,7.6,6.7,19.21,83,961.3,79,21.2,Abuja
2004-07-16,27.2,21.1,24.0,17.0,8.5,15.63,86,961.3,82,21.5,Abuja
2004-07-17,25.7,21.9,23.3,3.7,7.4,8.43,90,961.0,100,21.6,Abuja
2004-07-18,24.8,21.6,23.1,9.2,11.2,11.4,89,961.7,81,21.1,Abuja
2004-07-19,27.6,21.5,23.7,6.0,10.0,14.19,87,961.2,98,21.3,Abuja
2004-07-20,25.3,21.2,22.6,14.0,6.3,10.31,92,960.1,100,21.2,Abuja
2004-07-21,26.0,20.2,23.1,8.0,7.9,14.84,88,960.9,95,20.8,Abuja
2004-07-22,27.4,21.1,23.7,1.0,9.9,16.11,85,962.2,98,20.8,Abuja
2004-07-23,25.6,21.0,23.1,15.5,6.6,13.3,91,962.7,92,21.5,Abuja
2004-07-24,28.5,20.4,23.9,7.0,7.7,20.51,85,963.1,81,21.0,Abuja
2004-07-25,26.2,21.4,23.3,9.7,10.1,12.21,88,963.1,79,21.1,Abuja
2004-07-26,27.6,20.7,23.1,12.4,9.3,17.06,88,962.2,74,20.9,Abuja
2004-07-27,24.4,20.9,22.2,6.0,7.4,7.61,90,963.2,99,20.5,Abuja
2004-07-28,25.8,20.4,23.0,7.1,9.2,13.9,86,963.0,88,20.6,Abuja
2004-07-29,28.0,19.8,23.5,5.5,8.4,20.44,86,962.5,73,20.9,Abuja
2004-07-30,25.4,20.7,22.6,8.5,5.1,11.33,92,963.3,87,21.2,Abuja
2004-07-31,28.3,21.4,24.5,1.1,8.0,15.02,81,963.1,79,20.9,Abuja
2004-08-01,27.0,21.0,24.0,6.6,9.8,12.43,83,962.2,78,20.8,Abuja
2004-08-02,27.3,20.9,23.6,13.7,7.9,15.07,87,962.7,79,21.2,Abuja
2004-08-03,28.0,21.2,24.3,0.8,7.1,15.2,83,962.1,71,21.0,Abuja
2004-08-04,28.2,20.8,24.1,4.4,10.4,17.64,85,961.8,65,21.4,Abuja
2004-08-05,27.3,21.6,23.5,10.7,11.2,12.39,88,961.2,95,21.2,Abuja
2004-08-06,27.6,21.0,23.2,8.9,7.6,13.58,88,962.7,86,21.1,Abuja
2004-08-07,28.0,21.1,24.3,0.1,8.7,14.55,81,963.3,94,20.7,Abuja
2004-08-08,25.6,21.8,23.3,4.7,12.8,8.48,87,962.8,96,20.9,Abuja
2004-08-09,23.6,21.2,22.3,30.7,10.0,10.16,95,962.0,98,21.4,Abuja
2004-08-10,23.9,21.1,21.9,25.5,8.9,6.03,97,962.2,99,21.4,Abuja
2004-08-11,25.2,20.8,22.9,0.8,10.5,7.11,87,963.4,94,20.5,Abuja
2004-08-12,27.6,22.0,24.3,1.1,12.3,17.04,80,963.7,71,20.6,Abuja
2004-08-13,28.3,21.3,24.3,2.6,8.0,16.3,82,962.8,90,20.9,Abuja
2004-08-14,28.9,22.2,24.7,12.1,9.8,16.7,85,963.0,99,21.7,Abuja
2004-08-15,22.7,21.3,22.0,21.6,12.2,4.49,98,963.7,99,21.6,Abuja
2004-08-16,26.4,21.3,23.5,2.3,9.8,12.1,87,963.2,86,21.1,Abuja
2004-08-17,27.1,21.3,23.9,3.5,9.3,14.61,85,962.5,91,21.0,Abuja
2004-08-18,26.5,22.3,24.0,7.7,10.4,12.36,84,963.1,86,21.0,Abuja
2004-08-19,27.6,20.8,24.0,2.1,9.4,18.37,83,963.2,73,20.8,Abuja
2004-08-20,26.4,21.9,23.7,8.4,8.9,10.65,87,961.6,98,21.4,Abuja
2004-08-21,22.8,21.0,21.4,117.0,11.6,2.35,97,960.5,100,21.0,Abuja
2004-08-22,26.5,20.8,22.5,16.4,11.0,11.69,93,960.9,94,21.4,Abuja
2004-08-23,28.0,20.8,23.7,2.3,9.9,17.71,86,962.5,89,21.0,Abuja
2004-08-24,26.8,21.6,23.3,15.8,8.9,11.2,91,963.5,99,21.7,Abuja
2004-08-25,25.9,21.2,23.0,18.2,6.1,11.25,90,962.9,93,21.2,Abuja
2004-08-26,28.5,20.8,24.3,7.2,9.1,20.33,84,961.7,64,21.3,Abuja
2004-08-27,26.3,21.3,23.5,14.4,6.5,12.75,88,961.2,92,21.3,Abuja
2004-08-28,28.0,21.3,23.8,9.3,6.5,13.73,89,961.1,95,21.7,Abuja
2004-08-29,29.8,20.8,24.7,4.4,6.6,19.86,83,961.4,79,21.4,Abuja
2004-08-30,27.9,20.8,24.1,7.0,9.4,15.99,86,962.4,82,21.5,Abuja
2004-08-31,28.4,21.4,24.8,1.1,10.1,14.26,80,962.5,87,20.9,Abuja
2004-09-01,28.4,20.8,23.9,6.3,7.9,17.77,87,962.0,96,21.4,Abuja
2004-09-02,28.7,21.0,24.1,5.6,8.4,18.19,86,961.1,92,21.4,Abuja
2004-09-03,28.4,21.7,24.4,5.0,7.5,17.15,84,961.7,96,21.4,Abuja
2004-09-04,27.9,21.8,24.2,3.5,9.4,13.46,84,961.0,90,21.2,Abuja
2004-09-05,28.8,20.7,24.3,2.1,9.3,16.08,84,959.9,80,21.2,Abuja
2004-09-06,25.7,21.5,23.1,14.7,8.0,12.66,93,959.4,92,21.9,Abuja
2004-09-07,28.2,20.6,24.4,0.2,9.7,16.34,80,959.5,58,20.4,Abuja
2004-09-08,28.4,21.0,24.6,0.6,5.9,15.94,82,959.8,75,21.1,Abuja
2004-09-09,28.2,20.9,24.1,2.1,7.3,13.02,85,960.1,80,21.4,Abuja
2004-09-10,28.7,20.9,24.2,19.8,8.7,17.26,86,960.2,77,21.5,Abuja
2004-09-11,28.9,20.7,24.1,5.4,9.2,16.26,83,961.5,81,20.9,Abuja
2004-09-12,28.9,21.2,24.7,2.2,8.4,15.58,83,962.2,97,21.4,Abuja
2004-09-13,27.8,20.8,23.9,15.4,4.7,16.18,87,962.0,99,21.5,Abuja
2004-09-14,28.6,21.2,24.6,1.6,7.2,14.2,83,961.7,85,21.3,Abuja
2004-09-15,28.5,21.6,25.0,1.9,6.1,15.53,82,961.9,71,21.6,Abuja
2004-09-16,30.1,21.9,25.4,6.6,8.2,19.74,82,961.1,73,21.9,Abuja
2004-09-17,28.7,21.1,24.5,2.5,10.1,15.81,85,961.4,78,21.5,Abuja
2004-09-18,28.6,20.8,24.3,11.1,8.4,16.35,85,961.1,92,21.5,Abuja
2004-09-19,28.2,20.9,24.5,0.3,8.7,14.4,82,960.4,72,20.9,Abuja
2004-09-20,30.0,22.1,25.2,4.5,6.1,20.27,81,961.2,53,21.6,Abuja
2004-09-21,28.9,21.2,24.7,9.4,8.4,17.87,85,961.5,87,21.8,Abuja
2004-09-22,28.0,21.1,23.5,25.8,5.8,12.6,89,962.1,99,21.5,Abuja
2004-09-23,27.4,21.1,23.7,1.6,9.5,14.05,87,962.5,96,21.4,Abuja
2004-09-24,28.2,21.1,24.5,6.4,7.8,16.85,85,962.2,79,21.6,Abuja
2004-09-25,28.4,21.2,24.3,10.2,6.2,15.77,86,962.6,94,21.6,Abuja
2004-09-26,29.1,21.7,24.8,10.2,8.3,16.69,84,961.6,91,21.8,Abuja
2004-09-27,28.3,20.5,24.5,3.3,7.3,16.39,86,960.9,91,21.8,Abuja
2004-09-28,28.7,21.8,24.6,12.7,10.2,17.46,86,960.0,74,22.0,Abuja
2004-09-29,27.0,21.7,23.6,19.9,9.4,15.24,90,959.4,98,21.8,Abuja
2004-09-30,28.3,21.4,24.1,7.8,10.4,15.96,86,959.9,81,21.4,Abuja
2004-10-01,25.6,21.4,23.1,4.2,6.5,7.29,90,961.2,100,21.3,Abuja
2004-10-02,28.6,21.4,24.7,0.5,6.8,16.48,85,960.7,76,21.8,Abuja
2004-10-03,28.6,21.4,24.4,10.8,7.6,16.91,86,959.9,93,21.7,Abuja
2004-10-04,29.1,21.5,24.4,8.8,8.6,17.45,86,960.2,85,21.9,Abuja
2004-10-05,29.8,21.5,24.9,0.8,6.3,17.4,84,961.4,84,21.7,Abuja
2004-10-06,30.8,21.9,25.6,7.5,7.1,21.42,83,961.0,70,22.3,Abuja
2004-10-07,30.1,21.7,25.1,8.6,6.3,18.47,86,960.7,91,22.4,Abuja
2004-10-08,28.9,22.0,24.9,5.1,7.9,15.76,86,960.8,84,22.3,Abuja
2004-10-09,29.5,21.8,25.0,20.1,7.4,18.16,86,960.4,91,22.3,Abuja
2004-10-10,28.3,21.4,24.3,20.5,5.4,14.45,90,960.6,97,22.4,Abuja
2004-10-11,29.2,21.9,24.6,5.7,6.8,14.93,88,960.9,92,22.3,Abuja
2004-10-12,30.3,20.7,25.4,3.4,8.0,19.92,82,960.8,73,21.9,Abuja
2004-10-13,30.3,22.4,25.4,9.5,7.2,20.82,86,960.9,72,22.6,Abuja
2004-10-14,30.3,22.6,25.7,9.9,7.2,21.48,83,960.2,92,22.4,Abuja
2004-10-15,29.4,22.3,25.3,1.6,7.7,16.36,83,960.9,76,21.9,Abuja
2004-10-16,31.5,21.4,25.9,0.6,5.7,22.11,78,961.0,67,21.3,Abuja
2004-10-17,32.0,22.5,26.9,0.1,7.4,22.5,73,960.4,81,21.2,Abuja
2004-10-18,32.1,23.0,26.9,0.0,7.9,24.09,73,959.9,19,21.4,Abuja
2004-10-19,31.5,22.0,26.9,0.3,6.3,23.59,73,960.1,67,21.5,Abuja
2004-10-20,30.8,21.6,26.3,0.1,6.6,20.92,75,960.0,89,21.2,Abuja
2004-10-21,28.8,22.7,25.2,0.7,7.3,16.13,81,960.0,63,21.6,Abuja
2004-10-22,30.3,21.6,25.5,1.0,6.3,19.16,78,960.0,77,21.1,Abuja
2004-10-23,31.7,22.0,26.5,0.0,9.8,23.07,72,958.8,46,20.7,Abuja
2004-10-24,28.1,22.5,25.0,6.1,9.4,14.69,83,960.2,90,22.0,Abuja
2004-10-25,29.1,22.0,24.9,5.4,6.1,15.34,84,960.3,94,21.9,Abuja
2004-10-26,30.7,22.1,26.1,0.1,5.8,20.56,76,959.7,65,21.3,Abuja
2004-10-27,31.5,22.7,26.4,1.2,6.6,22.81,74,959.9,22,21.2,Abuja
2004-10-28,31.9,23.1,26.9,0.1,6.2,22.86,73,960.4,59,21.4,Abuja
2004-10-29,29.6,23.1,25.8,7.9,9.7,18.26,81,959.9,75,22.2,Abuja
2004-10-30,27.0,22.7,24.5,2.1,8.1,10.23,87,960.4,76,22.1,Abuja
2004-10-31,29.8,21.6,25.7,2.5,7.3,18.25,78,960.7,53,21.5,Abuja
2004-11-01,30.3,22.4,26.0,4.6,5.4,21.34,81,959.9,67,22.4,Abuja
2004-11-02,29.2,21.8,25.4,1.0,10.0,18.23,83,959.5,68,22.1,Abuja
2004-11-03,30.1,21.6,25.8,0.4,7.2,20.9,75,959.5,21,20.8,Abuja
2004-11-04,30.1,21.3,25.6,0.1,7.2,20.1,74,959.3,18,20.4,Abuja
2004-11-05,31.1,21.9,25.9,2.0,8.5,19.73,76,959.3,80,21.0,Abuja
2004-11-06,31.5,22.7,26.5,0.5,6.2,21.77,75,959.2,45,21.3,Abuja
2004-11-07,30.8,22.4,26.5,4.4,6.6,20.93,75,959.2,48,21.6,Abuja
2004-11-08,31.5,22.0,26.4,0.0,6.6,18.99,76,959.3,41,21.3,Abuja
2004-11-09,31.5,22.7,26.9,0.0,6.2,21.56,70,959.0,63,20.5,Abuja
2004-11-10,31.2,21.7,26.5,0.0,6.2,20.35,71,958.3,43,20.4,Abuja
2004-11-11,30.8,22.1,26.3,0.0,8.4,19.53,72,958.1,38,20.6,Abuja
2004-11-12,31.0,22.2,26.3,0.3,6.5,19.97,76,958.8,42,21.4,Abuja
2004-11-13,31.2,22.8,26.4,4.0,6.3,18.78,79,959.7,91,22.1,Abuja
2004-11-14,33.2,22.6,27.3,0.0,6.5,21.31,72,959.1,40,21.2,Abuja
2004-11-15,31.4,22.4,27.2,0.0,7.3,19.12,71,959.1,22,21.1,Abuja
2004-11-16,32.5,22.7,27.3,0.0,6.5,20.94,70,959.6,64,20.9,Abuja
2004-11-17,33.3,22.9,28.2,0.0,7.1,21.7,62,958.9,83,19.9,Abuja
2004-11-18,31.8,22.5,27.1,0.0,8.4,19.41,70,959.7,67,20.7,Abuja
2004-11-19,30.8,23.4,26.7,0.8,8.9,17.15,72,961.2,62,20.8,Abuja
2004-11-20,32.1,22.5,27.0,0.0,7.2,19.97,70,961.7,47,20.4,Abuja
2004-11-21,33.5,21.6,27.7,0.0,9.3,21.98,56,960.8,41,17.0,Abuja
2004-11-22,33.3,21.2,27.5,0.0,10.7,22.59,39,960.0,78,11.8,Abuja
2004-11-23,31.7,20.8,26.5,0.0,9.2,21.57,50,959.8,60,14.9,Abuja
2004-11-24,31.0,21.6,26.6,0.0,6.0,20.04,60,960.2,63,18.0,Abuja
2004-11-25,32.5,22.1,27.5,0.0,5.2,21.6,55,960.1,56,17.1,Abuja
2004-11-26,33.3,20.9,27.2,0.0,7.8,22.28,44,960.0,26,13.0,Abuja
2004-11-27,33.1,22.7,27.6,0.0,13.1,22.04,35,959.4,37,10.2,Abuja
2004-11-28,33.3,21.3,27.4,0.0,11.4,22.05,36,959.7,73,10.5,Abuja
2004-11-29,33.3,21.9,27.2,0.0,11.6,20.65,34,960.6,99,9.5,Abuja
2004-11-30,34.0,21.3,27.3,0.0,10.8,22.42,31,960.2,46,7.9,Abuja
2004-12-01,33.7,20.2,26.9,0.0,8.7,22.45,31,959.3,54,7.7,Abuja
2004-12-02,35.5,21.6,28.1,0.0,11.8,22.78,26,958.0,9,6.1,Abuja
2004-12-03,34.6,22.0,27.9,0.0,12.3,22.72,25,959.1,8,5.5,Abuja
2004-12-04,34.6,21.1,27.8,0.0,10.5,22.25,28,959.6,32,7.0,Abuja
2004-12-05,34.9,21.5,28.0,0.0,10.7,22.05,27,960.0,81,6.4,Abuja
2004-12-06,34.1,19.8,27.2,0.0,6.8,20.79,38,960.0,89,11.3,Abuja
2004-12-07,34.0,22.2,28.2,0.0,4.9,21.69,44,960.6,58,14.4,Abuja
2004-12-08,34.3,20.3,27.9,0.0,8.4,21.81,41,959.8,0,12.5,Abuja
2004-12-09,34.5,21.7,28.1,0.0,5.9,20.68,41,959.4,4,12.6,Abuja
2004-12-10,35.1,21.8,28.4,0.0,9.7,21.57,30,958.2,1,8.9,Abuja
2004-12-11,34.4,24.0,29.2,0.0,5.9,19.71,42,958.7,17,14.5,Abuja
2004-12-12,35.9,22.9,29.2,0.0,6.1,21.16,43,959.3,37,14.3,Abuja
2004-12-13,34.9,22.1,28.5,0.0,5.8,20.79,46,959.7,42,15.0,Abuja
2004-12-14,34.6,22.3,28.7,0.0,7.3,20.89,36,959.3,3,11.7,Abuja
2004-12-15,33.7,22.1,28.3,0.0,6.4,19.84,42,958.8,10,13.8,Abuja
2004-12-16,35.0,23.5,29.2,0.0,8.4,20.49,39,958.2,11,13.2,Abuja
2004-12-17,35.1,23.0,29.0,0.0,9.7,21.67,24,959.4,1,6.2,Abuja
2004-12-18,34.6,22.7,28.6,0.0,10.7,21.84,25,959.8,8,6.2,Abuja
2004-12-19,34.8,20.8,27.9,0.0,7.5,21.52,31,959.8,82,8.5,Abuja
2004-12-20,34.6,22.2,28.5,0.0,10.2,21.45,27,959.0,68,7.3,Abuja
2004-12-21,34.8,21.4,28.4,0.0,10.3,21.45,28,959.0,39,7.7,Abuja
2004-12-22,34.6,21.4,28.5,0.0,7.5,21.33,34,958.8,4,10.4,Abuja
2004-12-23,34.8,22.3,28.7,0.0,9.9,21.45,30,958.3,17,9.0,Abuja
2004-12-24,36.4,21.9,29.0,0.0,9.0,21.96,26,957.3,7,6.2,Abuja
2004-12-25,35.8,22.1,29.0,0.0,10.5,22.31,18,957.4,4,1.2,Abuja
2004-12-26,34.2,19.9,27.3,0.0,7.2,21.49,32,958.4,84,8.7,Abuja
2004-12-27,35.8,21.0,28.8,0.0,6.9,20.93,34,959.3,67,9.8,Abuja
2004-12-28,35.4,21.9,29.2,0.0,6.0,21.07,39,959.7,79,13.4,Abuja
2004-12-29,34.8,23.7,29.2,0.0,8.7,20.11,33,959.6,85,10.9,Abuja
2004-12-30,32.9,23.7,28.1,0.7,11.6,17.43,58,959.5,79,18.5,Abuja
2004-12-31,32.8,23.0,27.7,0.0,6.2,17.04,61,960.2,88,18.6,Abuja
2005-01-01,35.1,23.1,29.2,0.0,6.5,19.81,46,961.4,42,15.1,Abuja
2005-01-02,35.7,22.1,29.2,0.0,5.8,20.9,37,961.4,34,12.4,Abuja
2005-01-03,34.5,22.6,28.8,0.0,10.3,20.29,31,960.9,9,9.7,Abuja
2005-01-04,34.7,23.6,29.0,0.0,10.5,21.52,23,961.0,21,5.8,Abuja
2005-01-05,35.5,23.2,28.9,0.0,14.9,21.91,19,961.5,26,2.1,Abuja
2005-01-06,34.8,21.4,27.7,0.0,18.4,22.61,18,961.6,12,0.3,Abuja
2005-01-07,33.4,19.8,26.2,0.0,16.8,22.08,18,961.2,67,-0.5,Abuja
2005-01-08,31.4,18.1,24.4,0.0,14.9,22.93,17,961.4,38,-2.4,Abuja
2005-01-09,32.2,17.6,24.5,0.0,13.5,22.8,18,960.1,25,-2.1,Abuja
2005-01-10,33.3,18.7,25.5,0.0,15.1,22.61,21,960.7,12,0.9,Abuja
2005-01-11,33.3,19.1,25.9,0.0,13.9,22.65,19,961.2,51,0.0,Abuja
2005-01-12,33.5,19.6,26.2,0.0,10.9,21.48,20,961.6,99,1.1,Abuja
2005-01-13,33.9,18.7,26.5,0.0,10.9,22.77,21,960.7,70,1.4,Abuja
2005-01-14,34.1,20.1,26.9,0.0,11.8,22.98,19,959.7,20,0.5,Abuja
2005-01-15,35.0,20.6,27.6,0.0,11.4,22.71,18,958.7,74,0.7,Abuja
2005-01-16,35.6,21.5,28.2,0.0,15.1,22.73,16,957.9,26,-0.6,Abuja
2005-01-17,35.8,20.9,28.2,0.0,12.9,22.8,17,958.8,20,0.0,Abuja
2005-01-18,35.1,21.3,27.9,0.0,15.1,22.86,17,959.8,8,0.4,Abuja
2005-01-19,34.8,20.7,27.4,0.0,10.8,22.89,18,958.6,79,0.3,Abuja
2005-01-20,34.4,19.2,27.3,0.0,12.3,22.75,21,957.5,65,1.9,Abuja
2005-01-21,36.0,21.2,28.6,0.0,7.9,22.66,21,958.3,41,3.5,Abuja
2005-01-22,35.0,21.7,28.2,0.0,15.0,22.55,15,959.6,59,-0.9,Abuja
2005-01-23,33.5,19.2,26.6,0.0,6.9,20.85,19,961.0,86,0.4,Abuja
2005-01-24,35.1,20.8,28.2,0.0,7.6,20.96,18,960.6,96,1.2,Abuja
2005-01-25,35.3,21.7,28.6,0.0,11.4,21.16,19,960.2,92,2.4,Abuja
2005-01-26,36.5,23.8,29.8,0.0,12.2,22.89,17,960.1,62,1.8,Abuja
2005-01-27,35.0,21.2,28.8,0.0,10.3,21.16,29,959.1,94,8.7,Abuja
2005-01-28,35.9,24.6,30.3,0.0,8.0,22.37,35,958.6,68,12.7,Abuja
2005-01-29,36.7,23.5,30.2,0.0,7.2,20.76,37,957.8,66,13.0,Abuja
2005-01-30,35.4,23.8,29.9,0.0,9.4,20.92,42,957.7,14,14.8,Abuja
2005-01-31,38.3,23.8,30.9,0.0,8.2,22.68,18,957.0,44,3.0,Abuja
2005-02-01,38.1,24.0,30.8,0.0,11.2,23.32,15,956.8,9,0.8,Abuja
2005-02-02,36.2,23.9,30.1,0.0,10.8,23.05,25,957.5,5,7.5,Abuja
2005-02-03,36.9,23.9,30.2,0.0,7.1,22.89,37,957.7,1,12.8,Abuja
2005-02-04,36.9,24.6,30.9,0.0,7.8,21.91,35,957.5,37,13.2,Abuja
2005-02-05,36.3,25.5,30.6,0.9,9.2,19.85,43,956.5,85,16.4,Abuja
2005-02-06,35.9,24.4,30.0,0.1,12.1,20.35,55,957.4,92,19.2,Abuja
2005-02-07,34.7,24.9,29.7,0.0,9.9,19.54,56,958.9,87,19.3,Abuja
2005-02-08,33.5,25.3,29.5,0.1,10.7,20.08,56,959.1,23,19.3,Abuja
2005-02-09,34.8,25.0,29.5,0.7,12.4,20.64,57,958.5,81,19.6,Abuja
2005-02-10,37.8,24.7,31.0,0.0,8.6,22.45,50,957.4,65,17.9,Abuja
2005-02-11,38.2,25.8,31.9,0.0,11.5,21.18,43,957.5,43,16.2,Abuja
2005-02-12,38.9,23.0,31.9,0.0,15.2,24.09,27,958.3,45,6.5,Abuja
2005-02-13,37.8,25.1,31.0,0.0,19.0,24.47,15,958.0,2,0.5,Abuja
2005-02-14,36.7,23.6,30.0,0.0,11.3,24.49,17,957.0,2,1.9,Abuja
2005-02-15,37.9,22.5,30.3,0.0,8.3,24.51,18,956.5,15,2.8,Abuja
2005-02-16,37.6,24.7,31.0,0.0,11.8,23.73,20,957.3,78,5.4,Abuja
2005-02-17,36.4,25.3,30.8,0.0,8.7,21.86,39,958.0,71,14.8,Abuja
2005-02-18,38.0,26.2,32.1,0.0,7.9,22.25,40,957.6,69,15.9,Abuja
2005-02-19,37.5,25.9,32.2,0.0,9.4,22.49,43,957.2,54,17.2,Abuja
2005-02-20,37.2,26.6,32.0,0.0,11.2,21.44,46,957.0,14,18.3,Abuja
2005-02-21,36.7,26.5,31.5,0.2,11.5,21.88,50,957.9,37,19.2,Abuja
2005-02-22,35.2,25.9,30.5,0.0,10.1,19.85,58,958.6,64,20.7,Abuja
2005-02-23,40.7,25.5,32.7,0.0,9.0,23.59,44,957.5,55,15.7,Abuja
2005-02-24,38.1,26.3,32.1,0.0,9.5,23.45,39,957.7,38,15.6,Abuja
2005-02-25,35.5,26.9,31.2,1.3,11.0,20.34,53,958.4,49,20.3,Abuja
2005-02-26,37.0,25.6,31.0,0.0,12.9,21.56,54,959.4,78,19.5,Abuja
2005-02-27,38.5,26.1,32.0,0.0,10.9,22.25,47,959.3,80,17.5,Abuja
2005-02-28,36.6,26.8,31.6,0.0,10.0,23.17,43,958.3,33,17.3,Abuja
2005-03-01,37.4,26.1,31.7,0.0,9.2,22.68,49,958.2,58,18.6,Abuja
2005-03-02,37.3,26.4,31.6,1.0,9.1,22.6,49,958.2,70,18.9,Abuja
2005-03-03,39.1,25.9,32.3,0.0,12.7,23.88,47,959.3,99,17.6,Abuja
2005-03-04,40.1,26.2,32.8,0.0,10.1,22.79,43,959.7,91,16.0,Abuja
2005-03-05,37.3,26.3,31.9,0.0,11.6,22.74,49,959.2,40,19.1,Abuja
2005-03-06,35.9,26.0,30.9,0.0,13.0,19.4,57,960.1,93,20.5,Abuja
2005-03-07,36.8,25.8,31.3,0.0,12.2,22.58,53,959.0,55,19.8,Abuja
2005-03-08,36.8,27.0,31.4,0.4,10.5,22.44,53,957.6,44,20.2,Abuja
2005-03-09,38.2,26.5,31.5,2.8,13.8,23.1,54,956.7,27,20.6,Abuja
2005-03-10,36.2,26.9,30.5,2.6,13.4,20.51,60,957.2,97,21.5,Abuja
2005-03-11,35.1,25.7,29.7,0.0,9.7,18.42,61,958.4,85,20.6,Abuja
2005-03-12,33.7,25.2,28.8,1.5,14.5,19.36,63,959.2,99,20.8,Abuja
2005-03-13,35.8,24.3,29.6,0.0,11.3,22.67,59,958.8,66,19.6,Abuja
2005-03-14,33.3,26.2,29.6,0.0,11.4,15.44,54,958.4,60,19.2,Abuja
2005-03-15,37.1,23.8,30.6,0.0,9.7,24.96,50,957.8,82,17.7,Abuja
2005-03-16,36.6,25.2,31.1,0.0,12.1,22.78,51,957.6,95,18.9,Abuja
2005-03-17,35.7,25.6,30.0,1.3,10.0,22.68,61,958.2,24,21.2,Abuja
2005-03-18,34.4,25.9,30.2,0.5,8.7,22.86,59,958.6,62,21.0,Abuja
2005-03-19,37.1,25.0,30.8,0.0,10.3,24.22,54,958.6,57,19.1,Abuja
2005-03-20,36.2,25.7,30.9,0.5,11.2,24.07,53,958.3,45,19.4,Abuja
2005-03-21,34.9,26.0,29.8,1.9,14.9,21.14,58,958.2,90,20.1,Abuja
2005-03-22,36.1,25.2,30.3,0.0,10.1,23.73,56,958.5,51,19.3,Abuja
2005-03-23,35.2,25.7,29.8,2.8,12.3,20.18,56,960.0,58,19.8,Abuja
2005-03-24,37.2,24.8,30.5,0.0,12.8,24.27,53,959.6,57,18.5,Abuja
2005-03-25,37.4,25.1,31.3,0.0,8.9,24.69,43,958.6,24,15.8,Abuja
2005-03-26,37.7,23.8,31.0,0.0,9.4,25.97,43,958.6,19,14.8,Abuja
2005-03-27,36.9,24.5,30.5,0.0,9.2,24.63,50,959.0,73,17.6,Abuja
2005-03-28,37.0,24.2,30.6,0.0,8.7,24.88,48,959.3,12,17.2,Abuja
2005-03-29,38.6,23.7,31.9,0.0,8.7,25.83,37,958.7,21,13.3,Abuja
2005-03-30,37.8,25.0,31.7,0.0,10.1,25.27,44,958.3,63,16.2,Abuja
2005-03-31,37.5,25.6,31.6,0.5,10.5,24.67,46,958.0,82,17.6,Abuja
2005-04-01,37.6,25.9,31.7,0.0,10.2,24.54,47,958.4,96,17.9,Abuja
2005-04-02,37.7,25.7,31.7,0.0,10.9,24.8,46,959.4,71,17.6,Abuja
2005-04-03,38.3,25.7,32.0,0.0,10.9,24.61,47,959.8,62,17.5,Abuja
2005-04-04,37.9,26.1,32.1,0.0,9.2,24.75,46,959.9,10,17.8,Abuja
2005-04-05,36.5,26.0,31.3,0.0,11.5,21.65,51,959.9,22,19.3,Abuja
2005-04-06,37.5,26.1,31.9,0.0,13.7,23.95,50,959.1,22,19.1,Abuja
2005-04-07,36.9,25.5,31.2,0.0,15.4,23.27,52,958.4,27,19.1,Abuja
2005-04-08,36.5,25.5,31.2,0.3,14.7,22.19,51,957.8,29,18.8,Abuja
2005-04-09,37.1,25.5,31.3,0.0,13.5,23.27,50,957.3,91,18.2,Abuja
2005-04-10,38.0,25.5,31.8,0.0,9.4,24.84,44,956.8,36,16.6,Abuja
2005-04-11,37.4,25.6,31.7,0.0,10.7,25.37,46,957.0,17,17.6,Abuja
2005-04-12,37.5,25.9,31.8,0.0,13.4,25.84,48,957.3,19,18.5,Abuja
2005-04-13,37.1,25.9,31.4,0.0,16.1,23.34,51,958.1,30,19.0,Abuja
2005-04-14,34.9,26.3,30.9,0.2,13.8,20.85,55,958.2,73,20.6,Abuja
2005-04-15,33.6,25.8,30.0,0.0,16.0,16.77,61,958.8,98,21.1,Abuja
2005-04-16,35.3,26.3,30.9,0.1,10.6,22.81,54,958.6,57,20.0,Abuja
2005-04-17,36.3,26.0,31.1,0.0,13.2,23.93,53,958.0,73,19.8,Abuja
2005-04-18,34.2,25.4,29.9,0.0,15.3,17.6,60,957.7,88,20.6,Abuja
2005-04-19,33.5,25.2,29.4,0.0,15.5,14.03,61,958.3,83,20.7,Abuja
2005-04-20,34.9,26.0,30.0,1.0,9.8,21.77,62,958.3,77,21.5,Abuja
2005-04-21,31.1,25.7,28.0,10.7,10.3,15.94,72,957.9,97,22.5,Abuja
2005-04-22,31.9,24.9,27.9,0.0,11.9,13.47,73,957.8,91,22.5,Abuja
2005-04-23,31.8,24.4,27.9,0.0,12.4,12.86,72,957.8,91,22.0,Abuja
2005-04-24,31.9,25.4,28.4,3.4,9.7,17.88,71,957.9,75,22.5,Abuja
2005-04-25,34.9,23.6,27.8,9.0,18.0,21.17,75,958.1,84,22.5,Abuja
2005-04-26,31.7,24.7,27.9,0.7,13.6,16.56,72,959.4,91,22.1,Abuja
2005-04-27,32.0,24.4,28.4,0.0,14.1,18.23,67,960.8,98,21.5,Abuja
2005-04-28,34.4,25.1,28.9,3.0,8.0,23.87,67,959.8,80,21.8,Abuja
2005-04-29,32.3,23.5,27.6,12.1,12.2,17.96,74,959.2,94,22.4,Abuja
2005-04-30,29.2,23.4,25.4,6.8,11.9,14.67,83,959.2,88,22.2,Abuja
2005-05-01,30.9,23.2,26.6,2.2,13.0,19.64,74,960.0,56,21.4,Abuja
2005-05-02,31.6,23.6,27.1,0.2,10.0,22.29,72,961.0,51,21.3,Abuja
2005-05-03,30.0,24.1,26.8,9.3,10.5,20.37,76,961.6,66,22.0,Abuja
2005-05-04,26.5,21.9,24.4,19.4,7.4,11.44,88,961.6,100,22.2,Abuja
2005-05-05,24.6,21.8,22.7,24.4,7.7,7.2,96,962.2,99,22.0,Abuja
2005-05-06,30.0,21.9,25.5,0.3,8.7,21.2,77,962.6,76,20.8,Abuja
2005-05-07,30.0,22.6,25.9,6.0,5.9,21.18,79,961.7,45,21.8,Abuja
2005-05-08,29.3,22.8,25.4,7.1,7.9,16.41,85,961.3,86,22.6,Abuja
2005-05-09,30.1,22.8,26.1,4.3,7.4,15.9,82,960.7,97,22.5,Abuja
2005-05-10,29.9,22.5,26.2,0.2,6.6,16.78,81,960.6,75,22.6,Abuja
2005-05-11,32.8,23.0,27.5,3.2,10.1,21.6,74,959.9,72,22.1,Abuja
2005-05-12,31.8,23.2,27.6,0.1,9.3,20.25,73,959.8,31,22.0,Abuja
2005-05-13,30.3,23.8,26.9,0.6,12.0,15.76,76,960.2,38,22.2,Abuja
2005-05-14,31.0,23.5,27.1,1.7,7.9,18.26,75,959.7,47,22.1,Abuja
2005-05-15,31.5,23.4,27.1,0.2,8.7,18.33,75,958.7,43,22.1,Abuja
2005-05-16,31.6,23.6,27.5,0.0,9.6,19.57,72,958.0,42,21.7,Abuja
2005-05-17,33.4,23.7,28.3,0.0,7.6,23.09,69,957.4,24,21.5,Abuja
2005-05-18,32.7,23.9,28.1,0.0,11.0,20.38,69,957.7,55,21.6,Abuja
2005-05-19,32.6,24.0,28.2,0.0,11.3,19.73,68,957.8,42,21.3,Abuja
2005-05-20,34.0,24.1,28.7,0.0,10.9,22.63,64,958.2,25,20.7,Abuja
2005-05-21,34.4,24.2,28.5,1.1,10.5,24.62,68,957.9,35,21.7,Abuja
2005-05-22,32.3,24.1,27.6,5.1,14.0,19.5,73,958.2,72,22.0,Abuja
2005-05-23,30.4,23.8,26.6,0.7,9.8,18.78,77,960.2,81,22.1,Abuja
2005-05-24,31.4,23.1,27.4,0.2,11.5,18.62,73,959.4,65,22.0,Abuja
2005-05-25,32.7,24.3,28.2,0.3,10.5,21.12,68,959.6,61,21.5,Abuja
2005-05-26,28.8,24.5,26.3,9.9,11.0,11.51,77,959.9,100,21.9,Abuja
2005-05-27,29.1,23.6,25.2,6.6,12.6,14.74,83,961.0,79,22.0,Abuja
2005-05-28,29.4,22.5,25.9,0.0,9.1,14.45,76,961.3,75,21.1,Abuja
2005-05-29,28.2,22.8,25.8,0.3,13.6,12.53,75,960.4,79,20.9,Abuja
2005-05-30,27.4,23.2,24.7,12.4,12.4,11.36,84,961.3,98,21.8,Abuja
2005-05-31,28.9,22.2,25.3,1.7,8.9,17.36,80,962.4,98,21.4,Abuja
2005-06-01,30.0,23.2,26.5,1.9,7.5,18.43,77,960.8,66,22.0,Abuja
2005-06-02,31.1,22.7,26.2,9.0,9.2,21.07,82,959.4,73,22.7,Abuja
2005-06-03,29.2,23.8,26.0,8.3,8.6,15.7,85,959.7,95,23.1,Abuja
2005-06-04,28.3,22.9,25.2,2.7,8.3,9.19,85,960.0,96,22.3,Abuja
2005-06-05,28.2,22.0,24.8,14.7,9.4,13.92,86,960.2,85,22.1,Abuja
2005-06-06,29.0,22.3,25.5,3.4,8.3,14.81,83,959.8,82,22.3,Abuja
2005-06-07,29.0,22.3,25.3,8.0,11.4,14.24,82,960.7,89,21.9,Abuja
2005-06-08,28.5,22.5,25.3,0.1,8.9,11.24,82,960.8,80,21.8,Abuja
2005-06-09,30.5,23.2,25.9,9.8,10.0,19.05,81,961.1,56,22.2,Abuja
2005-06-10,29.4,21.9,25.4,21.8,11.4,17.42,85,960.7,69,22.5,Abuja
2005-06-11,28.7,22.4,24.7,6.3,10.4,12.4,86,961.1,100,22.1,Abuja
2005-06-12,28.8,22.5,24.9,1.9,11.0,16.87,83,962.4,96,21.7,Abuja
2005-06-13,28.6,22.2,25.0,0.4,7.0,13.26,82,961.4,89,21.5,Abuja
2005-06-14,29.8,23.2,26.6,0.0,8.0,17.12,76,960.5,66,22.0,Abuja
2005-06-15,28.1,22.8,25.3,10.0,11.8,11.16,85,961.3,68,22.4,Abuja
2005-06-16,28.9,22.2,25.1,1.1,11.6,13.95,83,961.6,79,21.8,Abuja
2005-06-17,28.2,22.3,25.4,1.0,11.6,12.43,80,962.0,74,21.6,Abuja
2005-06-18,28.8,22.5,24.7,6.9,10.7,18.46,85,962.6,68,21.8,Abuja
2005-06-19,27.6,22.3,24.4,3.5,8.2,13.59,87,962.5,97,22.0,Abuja
2005-06-20,26.7,22.6,24.5,4.3,7.7,11.23,87,961.7,89,22.1,Abuja
2005-06-21,28.6,21.0,24.7,3.2,6.8,14.43,86,961.5,67,22.1,Abuja
2005-06-22,28.5,22.2,24.6,7.3,10.2,14.98,86,960.9,88,21.9,Abuja
2005-06-23,28.2,21.4,24.7,0.7,10.7,11.96,84,960.6,78,21.6,Abuja
2005-06-24,28.8,22.9,25.1,0.8,10.6,15.58,82,960.7,90,21.7,Abuja
2005-06-25,28.3,21.8,24.3,10.6,7.6,12.88,84,961.1,98,21.3,Abuja
2005-06-26,26.7,21.4,23.0,12.7,9.8,11.82,91,962.7,93,21.3,Abuja
2005-06-27,28.0,21.0,24.5,0.0,10.8,19.49,79,962.8,64,20.3,Abuja
2005-06-28,26.8,21.9,24.4,1.3,8.7,11.83,80,962.5,84,20.7,Abuja
2005-06-29,28.9,20.8,24.6,10.8,9.5,18.87,84,961.2,62,21.4,Abuja
2005-06-30,27.2,22.0,24.4,2.6,11.4,14.07,86,961.3,83,21.7,Abuja
2005-07-01,28.1,22.5,24.7,4.8,8.6,15.07,84,961.8,84,21.8,Abuja
2005-07-02,27.2,21.7,23.9,10.5,8.5,12.26,88,962.4,98,21.7,Abuja
2005-07-03,26.1,22.1,23.7,0.6,8.3,8.33,88,963.2,88,21.4,Abuja
2005-07-04,28.1,21.9,24.8,0.1,9.7,16.19,82,962.5,88,21.3,Abuja
2005-07-05,26.9,21.9,24.1,13.6,10.5,13.55,84,961.9,84,21.2,Abuja
2005-07-06,25.8,21.1,22.7,10.8,9.7,12.34,93,963.2,93,21.5,Abuja
2005-07-07,25.8,20.8,22.9,4.0,12.8,11.96,88,963.7,99,20.7,Abuja
2005-07-08,27.3,21.7,23.7,21.3,7.0,15.88,87,962.4,94,21.3,Abuja
2005-07-09,25.2,21.2,22.3,16.2,11.1,9.76,93,962.9,100,21.1,Abuja
2005-07-10,24.2,20.5,22.0,32.2,10.5,7.95,93,964.3,91,20.8,Abuja
2005-07-11,28.8,20.5,24.3,0.6,8.7,18.63,82,963.9,73,20.9,Abuja
2005-07-12,28.2,21.8,24.6,7.7,8.5,17.25,83,962.3,91,21.5,Abuja
2005-07-13,26.8,21.3,23.8,10.2,9.3,17.04,85,962.3,97,21.1,Abuja
2005-07-14,26.7,21.5,23.6,5.7,6.7,13.33,87,962.4,88,21.2,Abuja
2005-07-15,29.5,21.2,24.8,10.2,5.8,19.79,84,963.2,83,21.7,Abuja
2005-07-16,28.7,21.1,24.2,20.3,7.8,18.52,88,963.3,88,21.8,Abuja
2005-07-17,28.6,21.8,24.4,2.4,12.0,19.02,84,962.3,80,21.2,Abuja
2005-07-18,27.3,21.8,24.1,0.7,8.3,14.64,85,961.9,82,21.3,Abuja
2005-07-19,27.8,21.0,24.3,2.6,6.4,16.8,85,961.6,85,21.4,Abuja
2005-07-20,28.6,21.5,24.6,11.4,7.4,19.29,85,961.4,72,21.7,Abuja
2005-07-21,28.2,22.0,24.3,2.8,9.4,16.32,87,962.2,90,22.0,Abuja
2005-07-22,28.0,21.4,24.4,5.3,8.4,18.41,87,962.6,93,22.0,Abuja
2005-07-23,29.7,21.3,25.2,7.4,6.6,18.31,81,962.1,82,21.6,Abuja
2005-07-24,29.1,22.9,25.5,7.0,9.8,18.08,83,961.8,77,22.3,Abuja
2005-07-25,28.5,22.2,25.2,2.5,12.2,13.94,82,962.1,98,21.7,Abuja
2005-07-26,26.2,21.9,24.0,11.0,12.0,9.51,87,962.8,99,21.6,Abuja
2005-07-27,28.2,22.4,24.6,3.3,11.6,15.08,84,962.4,91,21.6,Abuja
2005-07-28,27.6,22.5,24.9,0.3,10.5,12.7,81,962.4,72,21.2,Abuja
2005-07-29,27.7,21.6,23.9,10.4,12.7,16.07,85,963.0,80,21.1,Abuja
2005-07-30,24.0,21.1,22.3,8.3,11.1,7.28,95,962.6,99,21.4,Abuja
2005-07-31,27.3,20.5,23.6,4.5,12.2,16.31,86,961.9,82,20.9,Abuja
2005-08-01,27.1,21.6,24.3,0.7,10.9,14.91,77,962.3,72,19.9,Abuja
2005-08-02,26.8,21.2,24.1,0.9,11.4,15.13,80,962.1,69,20.4,Abuja
2005-08-03,27.9,21.1,24.6,2.8,11.5,16.91,79,961.9,78,20.7,Abuja
2005-08-04,27.7,22.2,24.3,6.7,8.0,14.25,85,961.8,87,21.5,Abuja
2005-08-05,28.4,22.3,25.3,3.4,11.4,18.28,79,961.5,92,21.3,Abuja
2005-08-06,26.4,22.7,24.4,0.6,13.0,10.9,81,961.5,100,20.8,Abuja
2005-08-07,23.6,22.0,22.6,5.8,12.9,5.42,92,962.1,96,21.2,Abuja
2005-08-08,22.4,21.3,21.8,35.9,10.8,3.22,95,962.6,99,20.9,Abuja
2005-08-09,26.8,20.7,23.5,7.8,6.3,10.26,84,963.3,93,20.4,Abuja
2005-08-10,29.4,21.5,25.4,0.3,6.6,16.93,77,962.5,81,20.9,Abuja
2005-08-11,28.7,23.3,25.3,8.2,10.5,18.86,82,960.7,85,21.9,Abuja
2005-08-12,26.4,22.0,24.0,3.3,11.8,10.21,87,960.0,100,21.6,Abuja
2005-08-13,26.6,21.2,23.5,7.7,12.6,13.45,87,961.6,98,21.1,Abuja
2005-08-14,26.4,21.9,23.3,11.2,12.6,13.55,86,962.8,99,20.7,Abuja
2005-08-15,24.1,21.0,22.2,12.0,7.6,7.65,93,962.8,100,21.0,Abuja
2005-08-16,23.8,20.9,21.8,11.5,16.7,6.76,95,961.3,99,20.9,Abuja
2005-08-17,27.0,20.9,23.6,6.3,14.1,18.56,82,962.3,66,20.1,Abuja
2005-08-18,26.4,21.7,23.7,1.6,10.8,10.0,79,962.5,87,19.9,Abuja
2005-08-19,28.3,20.9,24.1,9.3,7.7,18.21,83,962.6,93,20.8,Abuja
2005-08-20,26.2,21.4,23.4,9.6,12.6,14.94,86,962.3,68,20.9,Abuja
2005-08-21,28.0,21.3,24.3,2.1,9.6,19.91,81,962.0,70,20.7,Abuja
2005-08-22,28.3,23.0,25.0,2.2,9.2,17.03,79,961.4,96,21.1,Abuja
2005-08-23,28.4,21.8,24.6,5.9,8.9,16.8,82,961.5,98,21.2,Abuja
2005-08-24,27.6,21.5,23.6,7.5,11.7,15.88,85,962.3,97,20.8,Abuja
2005-08-25,25.5,21.3,23.2,2.5,9.2,10.7,86,962.7,100,20.7,Abuja
2005-08-26,27.7,21.3,23.9,1.9,6.6,18.15,85,962.3,88,21.1,Abuja
2005-08-27,28.8,21.1,25.2,1.1,10.1,17.41,79,960.8,63,21.0,Abuja
2005-08-28,26.7,21.5,23.7,11.0,9.1,11.7,87,959.8,87,21.4,Abuja
2005-08-29,22.4,20.9,21.5,72.1,8.5,3.82,97,960.0,96,21.0,Abuja
2005-08-30,28.1,20.9,24.1,0.0,9.6,16.89,82,962.3,87,20.6,Abuja
2005-08-31,28.3,21.2,24.1,16.3,10.8,16.66,85,960.4,98,21.2,Abuja
2005-09-01,23.8,21.0,22.1,54.6,13.6,6.5,95,959.5,82,21.2,Abuja
2005-09-02,28.3,20.6,24.5,0.1,9.5,18.89,79,961.2,70,20.3,Abuja
2005-09-03,28.2,22.2,24.6,8.1,8.5,16.53,81,962.1,87,21.1,Abuja
2005-09-04,25.5,20.9,22.9,12.2,7.1,8.19,90,962.2,97,21.1,Abuja
2005-09-05,28.5,21.1,24.6,1.2,8.8,18.5,81,960.9,80,20.8,Abuja
2005-09-06,28.3,21.2,24.4,8.0,9.3,17.38,83,962.1,81,21.2,Abuja
2005-09-07,28.3,22.4,24.3,17.1,9.8,17.24,85,963.2,85,21.6,Abuja
2005-09-08,29.7,21.5,24.4,17.8,7.4,19.22,86,962.4,81,21.7,Abuja
2005-09-09,29.3,21.0,24.8,4.9,6.0,18.06,85,962.6,70,21.8,Abuja
2005-09-10,28.8,22.0,24.8,2.3,9.8,18.59,86,961.7,72,22.1,Abuja
2005-09-11,29.4,22.3,25.0,1.6,7.1,19.93,85,961.0,57,22.1,Abuja
2005-09-12,28.8,21.7,24.3,14.5,8.7,20.65,86,960.7,65,21.6,Abuja
2005-09-13,28.7,21.0,24.4,4.4,7.4,17.6,86,961.3,82,21.8,Abuja
2005-09-14,29.6,22.3,25.1,9.3,10.7,19.51,85,961.6,66,22.3,Abuja
2005-09-15,29.4,22.1,25.1,1.9,10.3,17.1,85,962.0,76,22.2,Abuja
2005-09-16,29.1,22.2,25.2,3.5,9.8,18.23,84,961.6,75,22.2,Abuja
2005-09-17,29.3,21.5,25.3,1.3,7.7,16.96,83,961.0,80,22.0,Abuja
2005-09-18,30.8,22.6,25.9,2.7,8.4,22.19,82,961.4,70,22.3,Abuja
2005-09-19,29.0,21.9,24.7,16.8,7.3,14.8,87,962.1,98,22.3,Abuja
2005-09-20,26.2,21.7,23.1,40.6,8.7,9.54,93,961.3,100,21.9,Abuja
2005-09-21,25.0,21.2,23.0,3.6,8.6,6.6,89,961.1,99,21.1,Abuja
2005-09-22,29.9,20.9,24.7,1.5,5.9,21.26,84,960.6,70,21.6,Abuja
2005-09-23,28.2,22.0,24.3,7.6,9.6,15.04,87,960.7,92,22.0,Abuja
2005-09-24,26.4,21.1,23.1,16.2,8.0,10.77,90,961.2,99,21.3,Abuja
2005-09-25,27.9,20.7,24.1,1.0,8.0,15.91,86,961.0,98,21.4,Abuja
2005-09-26,26.9,21.8,23.7,18.4,8.1,11.78,89,961.3,98,21.7,Abuja
2005-09-27,28.7,21.1,24.7,0.3,6.8,16.78,82,961.6,81,21.2,Abuja
2005-09-28,29.7,22.1,25.3,13.7,6.1,20.07,81,961.6,62,21.6,Abuja
2005-09-29,28.1,20.6,24.6,0.0,7.0,13.72,83,961.2,95,21.3,Abuja
2005-09-30,29.3,21.6,25.1,7.8,8.1,19.79,82,960.5,82,21.7,Abuja
2005-10-01,28.4,21.2,24.0,13.7,9.1,17.99,88,961.3,90,21.8,Abuja
2005-10-02,28.4,22.0,24.5,2.3,5.7,17.49,86,961.5,88,22.0,Abuja
2005-10-03,27.6,21.1,24.1,5.2,8.2,14.64,87,961.5,85,21.6,Abuja
2005-10-04,29.2,21.5,24.7,3.3,5.4,16.23,84,961.4,95,21.7,Abuja
2005-10-05,28.3,21.3,24.4,5.9,7.5,15.16,86,961.8,86,21.8,Abuja
2005-10-06,27.2,22.0,24.5,6.2,6.3,15.0,87,961.1,87,22.1,Abuja
2005-10-07,29.6,21.2,25.3,1.1,7.7,18.3,82,961.4,54,21.8,Abuja
2005-10-08,28.2,20.9,24.3,4.3,6.4,15.5,86,962.1,89,21.6,Abuja
2005-10-09,28.7,20.8,24.5,6.4,6.5,16.77,87,961.5,85,22.0,Abuja
2005-10-10,29.2,20.8,25.0,2.8,8.0,18.37,83,960.9,81,21.8,Abuja
2005-10-11,29.4,22.0,25.3,1.7,6.8,16.43,81,961.5,85,21.8,Abuja
2005-10-12,30.6,22.0,25.7,2.6,6.5,20.33,81,960.4,61,22.0,Abuja
2005-10-13,30.3,21.5,25.6,8.2,8.4,20.78,83,960.1,64,22.4,Abuja
2005-10-14,29.3,21.9,25.1,7.8,9.2,18.24,85,960.4,93,22.4,Abuja
2005-10-15,28.3,21.3,24.6,1.0,7.7,15.57,85,961.0,73,21.6,Abuja
2005-10-16,29.8,22.9,25.4,4.2,7.0,19.32,82,960.1,78,22.0,Abuja
2005-10-17,29.0,21.1,24.8,0.6,7.2,18.09,83,960.0,79,21.5,Abuja
2005-10-18,29.9,21.0,24.9,4.4,6.7,19.51,83,960.3,75,21.6,Abuja
2005-10-19,27.4,21.6,24.0,4.3,5.8,7.51,89,961.8,89,21.9,Abuja
2005-10-20,29.4,21.4,25.3,0.0,12.7,18.56,82,961.0,51,21.8,Abuja
2005-10-21,30.6,22.3,25.9,1.4,5.9,21.18,80,959.9,49,21.9,Abuja
2005-10-22,30.9,21.8,26.2,0.1,7.0,20.8,74,959.9,82,20.8,Abuja
2005-10-23,33.0,23.1,27.6,0.0,6.5,23.83,63,960.1,59,19.0,Abuja
2005-10-24,32.3,20.9,26.6,0.0,5.2,22.88,63,959.7,85,18.3,Abuja
2005-10-25,31.9,22.0,26.6,0.0,8.9,22.09,70,959.9,64,20.1,Abuja
2005-10-26,30.5,22.4,26.1,0.2,7.7,20.44,75,960.1,56,21.0,Abuja
2005-10-27,31.9,22.3,26.9,0.0,6.6,23.25,66,960.0,37,19.5,Abuja
2005-10-28,31.6,21.9,26.8,0.0,7.9,22.84,67,961.1,69,19.8,Abuja
2005-10-29,31.5,21.8,26.4,0.3,7.0,21.9,73,962.0,39,20.7,Abuja
2005-10-30,33.4,20.3,27.3,0.0,9.4,23.06,65,961.2,44,19.1,Abuja
2005-10-31,30.7,22.9,26.5,1.5,6.1,19.06,75,961.8,70,21.5,Abuja
2005-11-01,27.5,23.3,24.6,10.5,9.7,9.56,87,962.8,97,22.2,Abuja
2005-11-02,30.9,21.2,25.8,0.5,5.8,19.17,80,962.1,89,21.9,Abuja
2005-11-03,32.2,23.1,27.1,0.9,8.5,21.03,76,961.0,77,22.1,Abuja
2005-11-04,30.9,22.0,26.2,0.4,7.6,20.47,76,961.2,76,21.3,Abuja
2005-11-05,30.9,22.0,26.1,0.2,6.1,20.26,74,961.1,49,20.6,Abuja
2005-11-06,32.7,19.6,26.2,0.0,6.9,23.82,58,960.5,32,15.9,Abuja
2005-11-07,33.2,20.5,26.7,0.0,11.7,24.44,39,960.2,0,10.7,Abuja
2005-11-08,33.7,20.2,26.8,0.0,11.5,23.77,44,959.4,1,12.8,Abuja
2005-11-09,33.3,20.9,26.9,0.0,12.4,23.84,44,959.6,5,12.6,Abuja
2005-11-10,33.3,21.9,27.0,0.0,11.0,23.77,38,959.7,53,10.8,Abuja
2005-11-11,32.8,21.3,26.8,0.0,11.7,23.7,36,959.3,82,10.1,Abuja
2005-11-12,32.5,20.0,26.5,0.0,7.8,23.22,47,958.9,33,13.9,Abuja
2005-11-13,33.5,20.4,27.3,0.0,7.6,22.99,52,958.7,20,15.6,Abuja
2005-11-14,34.6,21.3,27.9,0.0,9.7,23.75,40,958.9,0,11.9,Abuja
2005-11-15,34.6,22.4,27.9,0.0,13.0,23.61,33,958.7,9,9.1,Abuja
2005-11-16,33.2,20.5,27.2,0.0,10.0,23.37,37,958.3,43,10.8,Abuja
2005-11-17,33.3,20.4,27.3,0.0,8.9,22.83,39,958.7,1,11.9,Abuja
2005-11-18,33.7,20.5,28.1,0.0,7.6,22.93,47,958.9,0,15.2,Abuja
2005-11-19,34.6,20.8,28.1,0.0,6.2,22.95,44,958.8,0,13.6,Abuja
2005-11-20,34.9,21.8,28.5,0.0,8.6,23.11,34,958.7,0,10.6,Abuja
2005-11-21,34.8,21.9,28.7,0.0,8.6,22.66,34,958.3,1,10.3,Abuja
2005-11-22,34.2,20.7,27.6,0.0,6.2,22.46,48,958.1,32,15.0,Abuja
2005-11-23,34.6,21.4,28.3,0.0,7.3,22.27,46,958.3,22,14.9,Abuja
2005-11-24,35.2,22.6,28.9,0.0,6.9,22.02,48,958.3,76,16.1,Abuja
2005-11-25,33.1,23.3,27.3,1.5,7.3,20.32,64,957.7,75,19.6,Abuja
2005-11-26,33.0,22.4,27.5,0.0,6.5,19.57,65,958.4,86,19.7,Abuja
2005-11-27,34.6,22.9,29.0,0.0,6.7,20.34,54,957.9,82,17.8,Abuja
2005-11-28,35.4,23.1,29.0,0.0,7.9,20.73,54,957.6,67,17.5,Abuja
2005-11-29,35.0,22.5,28.9,0.0,6.6,21.59,52,958.5,14,16.9,Abuja
2005-11-30,34.1,22.6,28.3,0.0,8.0,20.54,54,957.7,76,17.2,Abuja
2005-12-01,32.8,21.9,27.5,0.0,7.1,18.78,58,957.7,67,17.6,Abuja
2005-12-02,33.0,21.8,27.7,0.0,7.5,19.69,56,958.7,76,17.6,Abuja
2005-12-03,35.3,23.9,29.4,0.0,6.5,21.24,45,958.9,39,15.2,Abuja
2005-12-04,36.7,20.6,28.9,0.0,7.8,22.21,36,957.6,24,10.1,Abuja
2005-12-05,34.9,21.4,28.3,0.0,7.5,21.09,37,956.4,39,11.2,Abuja
2005-12-06,32.2,22.6,27.8,0.1,6.2,18.34,56,956.8,81,17.8,Abuja
2005-12-07,33.9,23.8,28.4,0.0,5.9,19.99,50,957.2,68,16.6,Abuja
2005-12-08,35.3,22.4,29.2,0.0,6.9,21.23,34,958.6,61,11.0,Abuja
2005-12-09,33.9,22.6,28.6,0.0,6.6,20.48,47,959.0,32,15.5,Abuja
2005-12-10,33.7,23.1,28.8,0.0,7.3,19.63,48,958.2,13,16.0,Abuja
2005-12-11,32.6,23.2,27.0,5.4,8.2,18.82,65,959.5,45,19.5,Abuja
2005-12-12,34.4,22.1,28.1,0.0,7.8,20.19,59,959.4,23,18.2,Abuja
2005-12-13,35.4,21.6,28.5,0.0,7.6,20.22,50,957.9,7,15.7,Abuja
2005-12-14,35.1,21.5,28.7,0.0,9.4,21.24,39,956.9,13,12.3,Abuja
2005-12-15,35.1,21.8,28.8,0.0,6.5,21.34,38,957.6,0,12.3,Abuja
2005-12-16,35.3,21.6,28.7,0.0,7.6,21.14,38,958.3,2,12.2,Abuja
2005-12-17,34.8,23.5,28.8,0.0,6.1,20.82,44,959.1,60,14.6,Abuja
2005-12-18,35.7,22.9,29.0,0.0,10.2,21.77,31,958.6,8,8.7,Abuja
2005-12-19,35.1,21.6,28.6,0.0,8.7,21.54,34,958.3,10,10.5,Abuja
2005-12-20,34.5,21.3,28.5,0.0,8.4,21.06,37,958.0,1,11.8,Abuja
2005-12-21,34.8,23.8,29.1,0.0,11.0,20.74,33,957.9,23,10.7,Abuja
2005-12-22,35.3,23.4,29.1,0.0,10.2,21.29,29,959.2,66,8.9,Abuja
2005-12-23,34.8,23.6,29.1,0.0,11.6,21.4,25,959.8,30,7.0,Abuja
2005-12-24,33.1,21.8,27.6,0.0,7.4,18.29,42,960.2,77,13.1,Abuja
2005-12-25,33.7,23.1,28.4,0.0,8.8,19.5,35,960.4,34,11.0,Abuja
2005-12-26,33.6,23.2,28.4,0.0,9.1,20.66,36,960.5,30,11.7,Abuja
2005-12-27,34.4,22.3,28.3,0.0,9.5,21.7,23,959.8,2,4.6,Abuja
2005-12-28,35.5,21.9,28.7,0.0,9.7,21.82,22,958.4,17,4.0,Abuja
2005-12-29,34.7,20.5,28.1,0.0,10.5,21.86,26,958.3,14,5.9,Abuja
2005-12-30,36.3,22.0,29.3,0.0,8.4,21.79,24,958.4,1,5.9,Abuja
2005-12-31,36.5,23.8,29.8,0.0,9.7,21.88,22,958.0,0,5.0,Abuja
2006-01-01,35.2,22.4,29.2,0.0,7.1,21.27,34,958.1,23,11.1,Abuja
2006-01-02,36.0,24.4,29.8,0.0,9.7,21.47,24,958.0,52,5.8,Abuja
2006-01-03,36.1,23.9,29.9,0.0,10.1,21.56,18,957.0,69,2.3,Abuja
2006-01-04,34.6,22.1,28.8,0.0,8.5,19.99,33,955.9,96,10.5,Abuja
2006-01-05,33.7,23.9,28.9,0.0,7.1,18.57,46,956.2,95,15.3,Abuja
2006-01-06,35.1,24.7,29.8,0.0,5.6,20.51,43,956.8,32,15.1,Abuja
2006-01-07,35.4,22.8,29.5,0.0,9.2,21.01,34,957.4,47,11.4,Abuja
2006-01-08,35.3,22.6,29.0,0.0,6.8,20.68,39,957.0,53,13.1,Abuja
2006-01-09,35.4,24.9,29.7,0.0,7.9,19.94,43,957.9,55,15.0,Abuja
2006-01-10,34.0,23.2,29.2,0.0,8.2,19.17,49,958.8,35,16.8,Abuja
2006-01-11,35.5,23.2,29.5,0.0,7.0,20.12,50,958.9,64,16.8,Abuja
2006-01-12,33.6,24.0,29.3,0.0,6.6,18.45,49,959.6,41,16.9,Abuja
2006-01-13,35.7,23.3,29.6,0.0,10.7,21.5,35,960.1,31,11.9,Abuja
2006-01-14,35.1,23.4,29.0,0.0,13.7,21.99,20,960.6,49,3.8,Abuja
2006-01-15,35.0,21.6,28.3,0.0,9.9,22.33,20,959.3,19,2.6,Abuja
2006-01-16,35.1,23.0,28.9,0.0,10.3,22.18,20,958.8,0,3.4,Abuja
2006-01-17,35.7,21.5,28.9,0.0,7.9,22.1,28,957.6,19,8.1,Abuja
2006-01-18,35.8,22.5,29.2,0.0,9.8,21.59,36,957.6,18,11.6,Abuja
2006-01-19,36.7,21.9,29.6,0.0,12.9,22.35,24,956.6,81,4.7,Abuja
2006-01-20,36.4,21.7,29.3,0.0,7.1,22.17,27,957.4,16,7.7,Abuja
2006-01-21,36.7,23.3,30.2,0.0,6.4,21.6,30,958.2,20,10.3,Abuja
2006-01-22,36.6,22.9,30.1,0.0,7.6,21.95,36,957.8,15,12.8,Abuja
2006-01-23,35.8,23.8,30.2,0.0,7.5,20.91,35,957.4,27,12.6,Abuja
2006-01-24,36.3,24.8,30.9,0.0,8.2,20.23,43,958.3,11,16.2,Abuja
2006-01-25,37.2,24.7,31.1,0.0,8.3,21.12,40,958.2,24,14.7,Abuja
2006-01-26,34.3,24.6,29.5,0.2,10.6,17.45,56,959.5,96,19.2,Abuja
2006-01-27,34.9,24.5,28.8,3.5,7.6,19.97,61,960.0,69,20.2,Abuja
2006-01-28,34.2,24.7,28.8,0.1,9.2,20.45,60,960.2,54,19.8,Abuja
2006-01-29,35.8,24.3,30.0,0.0,6.6,21.34,53,959.6,38,18.2,Abuja
2006-01-30,34.6,23.5,29.2,0.0,9.7,19.88,54,958.9,27,18.7,Abuja
2006-01-31,34.5,24.7,29.6,0.0,7.4,18.71,58,958.0,20,19.5,Abuja
2006-02-01,34.9,24.4,29.7,0.0,7.3,19.12,55,956.8,37,18.9,Abuja
2006-02-02,35.7,24.9,30.6,0.0,9.7,20.91,45,956.7,15,16.6,Abuja
2006-02-03,35.1,24.2,29.8,0.0,6.6,20.32,54,957.4,40,18.8,Abuja
2006-02-04,34.4,25.2,29.7,0.3,8.3,19.63,57,957.8,75,19.7,Abuja
2006-02-05,35.9,24.5,30.3,0.0,7.3,20.39,53,957.7,58,18.9,Abuja
2006-02-06,33.2,24.2,29.2,0.1,9.5,19.56,57,957.3,17,19.7,Abuja
2006-02-07,35.9,24.7,30.1,0.0,7.8,20.69,53,957.3,15,18.3,Abuja
2006-02-08,36.8,23.7,30.1,0.0,10.2,21.28,39,957.0,22,13.1,Abuja
2006-02-09,37.3,23.8,30.8,0.0,13.5,23.52,21,957.8,31,5.7,Abuja
2006-02-10,34.6,23.9,29.7,0.0,13.6,20.86,34,959.6,86,11.2,Abuja
2006-02-11,36.0,24.9,30.3,0.0,6.5,21.09,35,960.4,27,12.9,Abuja
2006-02-12,35.0,23.8,29.7,0.3,8.2,20.92,49,959.5,69,17.4,Abuja
2006-02-13,35.9,24.8,30.4,0.0,8.9,22.14,51,958.0,35,18.4,Abuja
2006-02-14,33.2,25.3,29.4,0.3,9.5,18.3,58,957.5,43,20.0,Abuja
2006-02-15,36.1,24.3,29.9,0.0,9.6,21.05,54,957.2,41,18.4,Abuja
2006-02-16,36.7,24.0,30.4,0.0,7.9,22.97,49,956.6,50,17.1,Abuja
2006-02-17,34.1,25.3,29.6,0.0,12.3,18.91,54,957.9,91,18.8,Abuja
2006-02-18,33.5,25.1,29.5,0.6,10.8,19.67,57,959.4,73,19.7,Abuja
2006-02-19,36.2,25.0,30.4,0.0,8.7,21.51,48,958.7,86,16.8,Abuja
2006-02-20,35.4,24.9,30.5,0.0,11.1,20.81,48,958.0,75,17.0,Abuja
2006-02-21,33.9,25.4,29.9,0.0,13.0,18.19,52,958.7,80,18.5,Abuja
2006-02-22,34.3,25.0,29.6,0.0,12.8,18.95,56,959.5,68,19.3,Abuja
2006-02-23,34.5,24.9,30.1,0.0,11.2,20.09,51,958.8,36,18.2,Abuja
2006-02-24,35.9,25.5,30.7,0.0,12.1,20.75,47,958.2,73,17.0,Abuja
2006-02-25,35.7,25.0,30.6,0.0,11.2,22.89,48,958.0,48,17.4,Abuja
2006-02-26,35.7,24.9,30.5,0.0,11.8,22.46,50,958.4,58,17.9,Abuja
2006-02-27,36.3,24.7,30.5,0.0,12.6,22.94,51,958.3,51,18.1,Abuja
2006-02-28,36.7,25.2,31.0,0.0,12.6,22.14,49,958.6,63,17.9,Abuja
2006-03-01,35.7,25.8,31.2,0.0,9.2,20.96,48,958.5,86,18.6,Abuja
2006-03-02,37.2,25.1,31.0,0.0,15.9,19.97,51,959.8,63,18.1,Abuja
2006-03-03,37.2,25.1,31.2,0.0,10.2,23.52,46,959.5,43,16.8,Abuja
2006-03-04,36.8,24.8,31.0,0.0,9.4,22.9,47,959.2,79,16.9,Abuja
2006-03-05,36.2,25.0,30.7,0.0,11.4,21.32,49,959.1,88,17.4,Abuja
2006-03-06,36.2,24.4,30.6,0.0,12.4,23.58,47,959.0,71,16.6,Abuja
2006-03-07,36.2,24.5,30.5,0.0,12.8,23.29,50,958.7,76,17.9,Abuja
2006-03-08,33.8,24.6,29.0,0.4,15.8,18.51,59,958.4,73,19.7,Abuja
2006-03-09,33.0,22.8,27.8,1.7,9.7,16.51,63,959.2,92,19.3,Abuja
2006-03-10,36.0,23.6,29.7,0.0,6.2,24.31,44,959.0,72,15.2,Abuja
2006-03-11,36.0,23.0,30.1,0.0,11.6,25.64,24,959.3,66,6.8,Abuja
2006-03-12,35.5,25.4,30.3,0.8,8.7,22.03,44,958.5,94,16.3,Abuja
2006-03-13,34.9,25.5,29.8,0.4,11.0,21.9,53,957.8,89,18.6,Abuja
2006-03-14,37.0,25.2,31.2,0.0,7.3,23.3,49,957.7,77,18.0,Abuja
2006-03-15,35.2,25.5,30.5,0.0,13.4,21.79,53,958.8,80,19.3,Abuja
2006-03-16,36.0,25.0,30.5,0.0,13.0,21.28,54,958.5,96,19.0,Abuja
2006-03-17,37.5,25.2,31.5,0.0,12.5,23.76,47,957.4,82,17.4,Abuja
2006-03-18,35.9,24.7,30.3,0.0,11.1,22.72,52,957.6,59,18.2,Abuja
2006-03-19,36.1,24.1,30.3,0.0,13.3,23.56,51,957.9,26,18.0,Abuja
2006-03-20,37.6,25.0,31.3,0.0,9.0,24.21,45,957.9,58,16.5,Abuja
2006-03-21,37.3,25.5,31.0,0.5,14.4,24.09,47,958.2,71,17.8,Abuja
2006-03-22,35.5,25.3,28.9,1.9,14.0,19.84,61,959.4,95,20.1,Abuja
2006-03-23,37.7,24.2,30.6,0.0,8.3,25.43,52,957.8,24,18.0,Abuja
2006-03-24,36.7,24.5,30.7,0.0,10.6,24.98,46,957.1,12,16.6,Abuja
2006-03-25,36.3,24.8,30.5,0.0,11.5,24.76,50,958.0,11,17.9,Abuja
2006-03-26,36.7,25.4,30.9,0.0,10.1,24.2,47,959.5,48,17.0,Abuja
2006-03-27,37.3,24.7,31.1,0.0,8.7,25.53,43,959.4,43,15.1,Abuja
2006-03-28,36.5,23.6,30.0,0.0,9.6,24.74,47,959.3,28,15.7,Abuja
2006-03-29,35.6,24.3,30.2,0.0,9.6,23.36,48,960.0,33,17.1,Abuja
2006-03-30,37.5,25.3,31.4,0.0,6.9,25.1,43,959.5,15,15.7,Abuja
2006-03-31,38.8,24.5,32.2,0.0,10.1,26.68,27,958.7,70,9.3,Abuja
2006-04-01,38.1,25.7,32.0,0.0,8.8,23.4,37,958.3,92,13.8,Abuja
2006-04-02,36.6,25.5,31.4,0.0,10.1,21.97,45,958.5,89,16.8,Abuja
2006-04-03,35.7,25.9,30.6,1.6,10.6,20.14,53,958.6,80,19.5,Abuja
2006-04-04,35.1,26.0,30.5,1.7,10.5,22.0,53,958.1,57,19.5,Abuja
2006-04-05,34.3,25.8,29.6,0.3,11.2,20.48,59,958.4,61,20.4,Abuja
2006-04-06,37.9,25.0,31.3,0.0,8.3,25.84,48,957.7,43,17.2,Abuja
2006-04-07,37.5,24.5,31.1,0.0,9.3,25.73,46,957.7,33,16.1,Abuja
2006-04-08,38.6,24.0,31.8,0.0,6.6,27.07,35,956.8,2,12.2,Abuja
2006-04-09,38.0,23.2,31.0,0.0,8.4,27.44,31,955.0,48,11.0,Abuja
2006-04-10,38.0,23.5,31.1,0.0,8.6,26.73,30,955.1,7,10.6,Abuja
2006-04-11,39.4,25.1,32.7,0.0,8.4,26.61,32,956.5,19,11.5,Abuja
2006-04-12,38.8,24.7,32.3,0.0,9.8,26.67,35,956.3,77,11.9,Abuja
2006-04-13,36.8,24.8,30.6,0.0,17.6,23.82,50,956.3,37,17.2,Abuja
2006-04-14,38.6,25.7,32.4,0.0,8.3,26.68,37,956.2,7,14.5,Abuja
2006-04-15,36.4,26.3,31.5,0.1,14.2,22.95,48,958.4,27,18.3,Abuja
2006-04-16,36.4,25.7,30.9,0.1,14.0,22.16,52,959.1,80,19.0,Abuja
2006-04-17,37.1,25.4,31.4,0.0,10.1,24.24,47,957.3,50,17.1,Abuja
2006-04-18,35.9,25.5,30.6,0.8,13.9,22.81,53,957.5,35,19.4,Abuja
2006-04-19,36.2,25.5,31.0,0.0,11.6,23.37,51,958.6,47,18.8,Abuja
2006-04-20,36.7,25.4,31.1,0.0,13.7,24.2,50,959.4,62,18.3,Abuja
2006-04-21,34.9,25.8,30.6,0.0,15.0,22.24,52,959.5,60,19.1,Abuja
2006-04-22,36.3,24.8,29.9,0.3,15.0,24.78,57,959.7,53,19.5,Abuja
2006-04-23,36.1,25.6,30.4,0.7,11.5,23.06,56,958.6,40,19.9,Abuja
2006-04-24,34.5,24.2,29.3,3.9,13.7,19.82,63,958.0,55,21.2,Abuja
2006-04-25,28.3,24.6,26.2,7.3,12.3,10.92,78,958.7,96,22.1,Abuja
2006-04-26,31.2,23.9,27.2,3.1,9.0,17.21,74,957.6,79,21.9,Abuja
2006-04-27,32.0,25.0,28.0,0.8,9.7,19.41,69,957.9,92,21.6,Abuja
2006-04-28,31.9,25.5,28.4,0.8,12.0,16.46,70,957.8,99,22.3,Abuja
2006-04-29,32.8,24.8,28.5,0.5,9.3,19.64,72,957.6,95,22.6,Abuja
2006-04-30,32.0,24.7,28.3,0.1,9.4,15.23,69,958.3,78,21.9,Abuja
2006-05-01,33.4,24.9,28.9,0.6,10.7,18.17,64,958.9,93,21.1,Abuja
2006-05-02,33.6,25.4,29.6,0.0,12.2,21.3,63,959.9,92,21.6,Abuja
2006-05-03,35.2,25.3,29.7,0.2,11.1,21.34,63,959.0,60,21.4,Abuja
2006-05-04,34.4,25.2,29.4,0.8,11.9,20.93,65,958.3,53,21.8,Abuja
2006-05-05,33.7,25.2,29.2,0.0,13.9,18.04,64,957.8,92,21.4,Abuja
2006-05-06,32.6,24.7,28.5,0.5,13.6,16.55,68,958.0,94,21.9,Abuja
2006-05-07,31.9,25.0,28.1,0.5,11.1,16.35,71,958.8,95,22.1,Abuja
2006-05-08,35.3,25.1,29.3,3.1,10.6,23.16,65,958.0,82,21.6,Abuja
2006-05-09,32.6,24.4,28.5,5.9,12.2,17.38,69,957.9,93,21.9,Abuja
2006-05-10,29.1,23.0,25.1,14.4,12.9,11.8,85,958.9,100,22.3,Abuja
2006-05-11,32.4,23.6,27.5,0.2,11.0,20.04,71,959.8,96,21.3,Abuja
2006-05-12,32.5,24.6,27.9,3.4,8.7,21.67,71,960.4,49,22.0,Abuja
2006-05-13,30.4,24.1,26.9,3.3,12.0,16.28,79,961.2,96,22.7,Abuja
2006-05-14,31.6,23.8,27.3,10.7,8.7,20.92,77,961.1,79,22.8,Abuja
2006-05-15,28.2,23.3,25.4,1.6,8.6,10.59,83,960.7,99,22.2,Abuja
2006-05-16,28.2,23.5,25.3,1.3,10.1,11.11,82,961.1,96,21.9,Abuja
2006-05-17,29.3,23.4,26.1,0.3,11.7,15.82,75,962.2,71,21.0,Abuja
2006-05-18,29.9,22.6,26.4,0.0,7.2,18.01,75,961.9,58,21.3,Abuja
2006-05-19,32.3,23.3,26.8,17.8,9.5,22.23,75,960.2,86,21.8,Abuja
2006-05-20,24.4,22.1,23.0,29.0,9.0,5.82,94,961.1,100,21.9,Abuja
2006-05-21,28.6,21.7,25.1,1.6,9.0,13.31,80,961.5,87,21.0,Abuja
2006-05-22,30.0,22.6,26.0,10.9,8.2,19.42,80,962.3,81,22.1,Abuja
2006-05-23,31.1,22.1,26.3,4.1,9.4,18.38,77,961.8,87,21.6,Abuja
2006-05-24,29.6,22.9,26.1,1.3,8.5,13.49,77,961.4,86,21.7,Abuja
2006-05-25,27.8,22.4,25.2,3.6,11.3,12.86,82,961.2,96,21.9,Abuja
2006-05-26,29.8,23.2,26.0,4.5,9.0,19.56,82,961.0,83,22.7,Abuja
2006-05-27,29.0,22.6,25.7,15.8,14.1,17.09,84,962.1,93,22.7,Abuja
2006-05-28,28.6,22.3,24.6,15.9,9.9,12.45,88,962.0,89,22.4,Abuja
2006-05-29,29.6,22.0,25.6,1.4,7.3,15.97,81,962.2,76,21.8,Abuja
2006-05-30,28.1,22.5,25.2,5.2,7.3,12.95,84,961.5,93,22.2,Abuja
2006-05-31,32.1,22.7,26.5,2.6,5.9,21.64,79,960.7,46,22.3,Abuja
2006-06-01,31.8,23.3,27.5,0.0,7.9,20.06,74,961.3,77,22.2,Abuja
2006-06-02,29.9,23.1,26.9,12.5,10.0,18.01,79,960.4,60,23.0,Abuja
2006-06-03,28.8,22.7,25.4,2.1,9.9,13.88,85,959.7,83,22.5,Abuja
2006-06-04,29.2,23.3,26.2,0.7,12.1,15.89,82,959.8,78,22.7,Abuja
2006-06-05,29.2,23.0,26.0,0.0,10.2,17.06,78,960.7,83,21.6,Abuja
2006-06-06,29.8,23.3,26.6,0.0,11.3,15.07,75,960.7,72,21.6,Abuja
2006-06-07,31.7,23.1,26.7,11.2,9.7,22.08,77,959.7,77,22.1,Abuja
2006-06-08,29.4,23.0,25.6,2.5,11.0,16.36,84,959.4,88,22.6,Abuja
2006-06-09,29.1,23.1,25.7,3.0,13.4,16.07,83,959.2,79,22.5,Abuja
2006-06-10,27.8,23.3,24.7,12.3,6.9,11.06,86,959.6,94,22.2,Abuja
2006-06-11,28.2,21.0,24.0,24.2,12.8,15.6,87,961.2,83,21.5,Abuja
2006-06-12,29.8,21.4,25.5,0.0,9.8,15.78,79,961.5,81,21.3,Abuja
2006-06-13,30.4,23.3,26.7,2.2,8.7,20.42,76,960.7,32,22.1,Abuja
2006-06-14,29.7,23.1,25.9,5.1,7.7,18.25,82,959.6,64,22.4,Abuja
2006-06-15,28.2,22.8,24.7,6.1,11.5,11.49,87,960.7,96,22.3,Abuja
2006-06-16,28.5,22.3,25.3,0.9,10.8,17.06,82,961.2,94,21.8,Abuja
2006-06-17,27.8,21.6,24.7,14.2,9.8,13.19,84,961.6,87,21.6,Abuja
2006-06-18,28.6,21.4,24.6,2.6,7.9,13.95,81,962.4,91,20.9,Abuja
2006-06-19,28.9,22.4,25.4,0.2,6.3,16.57,79,962.1,93,21.3,Abuja
2006-06-20,27.9,22.4,25.1,3.3,8.8,16.1,83,961.9,64,22.0,Abuja
2006-06-21,27.8,21.3,24.6,17.4,6.8,13.46,86,961.5,95,21.9,Abuja
2006-06-22,28.4,22.7,24.9,8.8,7.6,17.67,85,961.2,91,22.2,Abuja
2006-06-23,29.5,22.0,25.5,1.5,6.1,18.28,80,962.2,96,21.6,Abuja
2006-06-24,29.5,22.6,26.2,2.9,6.7,18.65,82,961.2,94,22.8,Abuja
2006-06-25,30.6,22.4,26.6,0.0,9.4,20.17,77,961.1,59,22.0,Abuja
2006-06-26,28.5,23.4,25.7,0.9,12.6,13.86,82,962.3,65,22.2,Abuja
2006-06-27,28.8,23.0,25.8,0.8,11.5,14.03,79,963.6,61,21.7,Abuja
2006-06-28,30.4,22.2,26.5,0.2,7.0,18.67,76,962.6,60,21.8,Abuja
2006-06-29,29.0,22.7,25.2,8.9,12.2,14.7,83,962.3,68,22.0,Abuja
2006-06-30,28.5,22.0,24.4,8.8,9.9,15.3,87,962.8,85,21.9,Abuja
2006-07-01,28.4,21.9,24.7,5.7,6.0,16.2,86,963.4,97,22.1,Abuja
2006-07-02,28.6,22.2,24.8,19.0,6.2,16.24,88,962.9,78,22.6,Abuja
2006-07-03,28.9,22.2,24.7,4.6,12.1,14.3,88,962.6,87,22.4,Abuja
2006-07-04,28.8,22.7,25.2,1.9,11.2,14.4,85,962.3,80,22.2,Abuja
2006-07-05,28.1,22.3,24.8,3.0,11.5,12.18,84,962.7,80,21.9,Abuja
2006-07-06,27.4,22.1,23.9,11.3,13.1,12.64,87,963.9,98,21.5,Abuja
2006-07-07,24.8,22.0,23.4,0.7,11.0,6.75,90,963.4,95,21.6,Abuja
2006-07-08,27.9,22.7,24.6,2.5,11.2,11.77,85,962.6,91,21.8,Abuja
2006-07-09,28.2,22.0,24.2,3.0,12.2,15.23,87,963.0,69,21.8,Abuja
2006-07-10,28.5,21.7,24.8,1.9,6.2,17.38,84,963.2,74,21.7,Abuja
2006-07-11,29.3,21.5,25.0,3.7,11.4,17.43,84,962.2,69,21.9,Abuja
2006-07-12,29.2,22.5,25.2,4.2,11.5,18.73,82,961.5,78,21.8,Abuja
2006-07-13,27.2,21.7,24.4,3.8,8.7,11.02,86,960.5,91,21.8,Abuja
2006-07-14,28.1,21.8,23.8,11.0,7.9,11.05,89,961.1,94,21.7,Abuja
2006-07-15,27.9,22.1,24.7,0.4,11.4,14.21,83,962.1,93,21.5,Abuja
2006-07-16,28.7,22.1,25.3,3.2,9.9,16.88,83,961.4,79,22.1,Abuja
2006-07-17,27.6,22.3,24.2,10.7,11.3,12.43,89,961.2,98,22.1,Abuja
2006-07-18,26.7,21.9,23.4,28.2,9.8,13.29,93,961.8,98,22.2,Abuja
2006-07-19,27.2,21.7,23.7,9.2,11.0,14.15,88,962.3,96,21.4,Abuja
2006-07-20,25.4,21.4,23.1,18.4,9.5,10.74,91,963.1,96,21.5,Abuja
2006-07-21,27.9,20.9,23.8,12.1,10.9,15.26,85,962.8,99,20.9,Abuja
2006-07-22,26.1,21.5,23.2,7.0,10.5,10.48,90,961.3,99,21.3,Abuja
2006-07-23,26.0,20.7,22.8,5.0,12.2,10.07,89,961.4,97,20.8,Abuja
2006-07-24,27.0,20.5,23.2,10.8,8.0,15.47,88,960.9,91,21.0,Abuja
2006-07-25,24.6,21.1,22.5,13.0,13.6,9.79,92,961.4,88,21.2,Abuja
2006-07-26,28.2,20.8,24.0,5.1,6.3,17.06,86,963.0,83,21.3,Abuja
2006-07-27,29.1,22.0,24.8,10.2,7.1,18.53,85,962.6,76,22.0,Abuja
2006-07-28,29.9,21.2,25.3,2.4,10.5,20.98,81,960.2,46,21.7,Abuja
2006-07-29,28.9,22.5,25.2,7.7,10.7,18.35,82,959.8,82,21.8,Abuja
2006-07-30,28.6,22.1,24.5,6.6,10.1,17.1,85,961.2,89,21.7,Abuja
2006-07-31,27.8,21.4,23.9,19.3,8.4,15.76,88,961.8,95,21.8,Abuja
2006-08-01,27.2,21.1,23.6,10.4,11.8,9.95,89,961.3,99,21.5,Abuja
2006-08-02,27.5,20.9,23.7,18.0,11.7,14.75,88,961.2,99,21.4,Abuja
2006-08-03,25.0,21.1,22.3,5.4,14.6,10.7,90,961.9,95,20.6,Abuja
2006-08-04,26.0,20.8,23.0,2.7,13.2,14.55,86,962.3,92,20.5,Abuja
2006-08-05,27.2,21.0,23.1,8.1,9.5,15.64,88,962.4,97,20.9,Abuja
2006-08-06,27.2,21.5,23.5,9.1,7.6,15.33,87,962.5,88,21.0,Abuja
2006-08-07,22.8,20.7,21.8,49.8,5.9,5.58,98,962.9,97,21.4,Abuja
2006-08-08,26.2,21.2,23.3,5.9,10.5,12.93,88,962.3,96,21.2,Abuja
2006-08-09,25.8,20.9,23.2,8.9,9.8,12.22,88,961.8,96,20.9,Abuja
2006-08-10,28.4,21.1,24.1,11.1,6.4,17.23,86,961.5,93,21.5,Abuja
2006-08-11,26.1,21.2,23.1,18.0,10.0,12.38,90,961.5,94,21.4,Abuja
2006-08-12,26.9,21.1,23.3,5.0,7.6,12.75,88,961.5,74,21.1,Abuja
2006-08-13,28.0,22.0,24.6,4.4,10.1,16.27,81,961.3,85,21.0,Abuja
2006-08-14,29.1,21.5,24.3,13.3,7.6,16.82,86,961.2,90,21.6,Abuja
2006-08-15,24.9,21.5,23.0,2.9,11.2,7.84,92,961.7,94,21.6,Abuja
2006-08-16,28.8,22.0,24.5,3.6,8.1,18.53,84,961.1,87,21.4,Abuja
2006-08-17,29.4,21.7,24.8,4.1,8.2,20.12,83,960.0,81,21.5,Abuja
2006-08-18,28.3,21.7,24.1,6.3,6.6,15.64,86,960.2,85,21.4,Abuja
2006-08-19,28.4,21.0,24.4,0.6,8.0,17.51,85,960.2,66,21.6,Abuja
2006-08-20,28.1,22.1,24.8,5.0,9.7,17.43,82,961.1,80,21.4,Abuja
2006-08-21,26.1,22.5,23.7,17.0,7.9,9.67,90,960.9,100,21.9,Abuja
2006-08-22,22.2,21.3,21.6,85.3,8.2,2.46,98,961.4,100,21.2,Abuja
2006-08-23,23.2,20.6,21.7,8.0,8.3,5.76,93,962.4,99,20.6,Abuja
2006-08-24,27.6,20.4,23.7,1.9,9.3,16.08,84,962.7,87,20.6,Abuja
2006-08-25,28.4,21.3,24.7,3.0,10.9,16.68,81,961.8,81,21.0,Abuja
2006-08-26,26.1,21.6,23.5,11.2,8.4,10.48,89,961.1,99,21.5,Abuja
2006-08-27,27.4,21.7,23.7,3.0,11.3,15.15,87,961.0,87,21.2,Abuja
2006-08-28,26.7,21.1,23.2,6.1,10.5,12.11,89,961.2,93,21.3,Abuja
2006-08-29,26.3,21.6,23.6,2.6,7.5,12.6,87,960.8,94,21.3,Abuja
2006-08-30,25.7,21.2,22.9,6.6,5.8,9.13,89,960.5,100,20.9,Abuja
2006-08-31,25.9,21.3,23.3,6.1,7.0,10.13,89,961.8,97,21.4,Abuja
2006-09-01,28.6,21.5,24.4,3.1,8.7,17.81,85,961.2,84,21.6,Abuja
2006-09-02,28.9,20.8,24.3,7.7,10.2,17.46,85,959.7,88,21.4,Abuja
2006-09-03,25.3,21.1,23.4,6.5,9.6,8.87,89,960.1,97,21.4,Abuja
2006-09-04,27.2,21.9,23.9,12.1,7.9,14.73,87,961.9,94,21.4,Abuja
2006-09-05,27.0,21.1,23.4,5.8,6.9,13.99,92,962.2,91,22.0,Abuja
2006-09-06,27.8,20.7,23.3,17.5,7.5,14.99,90,960.7,88,21.6,Abuja
2006-09-07,26.6,21.1,23.3,21.1,9.5,13.39,89,959.8,91,21.2,Abuja
2006-09-08,25.6,20.9,22.3,9.0,11.1,9.76,92,961.2,96,20.8,Abuja
2006-09-09,24.4,20.5,21.8,11.2,8.0,7.35,95,962.9,98,20.9,Abuja
2006-09-10,26.1,20.6,23.0,1.0,10.0,13.25,87,963.0,91,20.5,Abuja
2006-09-11,28.4,20.5,23.7,13.5,5.2,19.66,86,962.5,86,21.1,Abuja
2006-09-12,27.3,20.9,23.8,8.7,11.7,17.79,86,961.7,86,21.2,Abuja
2006-09-13,28.0,20.9,24.2,4.4,9.1,16.61,84,962.9,76,21.2,Abuja
2006-09-14,29.3,21.2,24.5,14.2,6.9,19.18,85,962.6,66,21.6,Abuja
2006-09-15,27.9,20.6,23.7,16.7,5.4,14.71,89,961.6,98,21.6,Abuja
2006-09-16,28.4,21.6,24.4,2.1,9.7,17.45,84,962.0,81,21.3,Abuja
2006-09-17,29.5,21.6,25.0,3.7,8.1,20.11,83,962.6,58,21.7,Abuja
2006-09-18,28.9,21.2,24.7,4.8,8.7,15.21,85,961.2,88,21.9,Abuja
2006-09-19,28.0,22.1,24.6,12.0,9.8,15.89,84,960.9,82,21.7,Abuja
2006-09-20,29.4,21.3,24.7,3.4,7.3,18.68,85,961.9,74,21.8,Abuja
2006-09-21,27.5,20.9,23.9,8.7,6.0,11.75,86,961.6,88,21.4,Abuja
2006-09-22,28.4,21.5,24.5,4.3,8.3,17.45,84,961.4,80,21.5,Abuja
2006-09-23,28.9,21.5,24.8,1.7,8.4,17.18,84,961.0,89,21.6,Abuja
2006-09-24,28.9,21.4,24.5,7.2,6.5,16.55,86,961.3,86,21.9,Abuja
2006-09-25,30.2,20.7,25.1,0.6,9.0,20.97,84,962.4,75,21.9,Abuja
2006-09-26,29.3,22.1,25.0,11.2,8.2,18.57,87,960.7,73,22.6,Abuja
2006-09-27,27.9,21.8,24.5,1.0,11.6,13.07,86,960.1,76,22.0,Abuja
2006-09-28,29.4,22.1,24.9,9.7,9.7,18.18,85,960.7,70,22.1,Abuja
2006-09-29,26.5,21.1,23.2,13.1,9.7,10.5,88,962.2,97,21.1,Abuja
2006-09-30,25.1,21.1,22.8,6.4,10.7,10.94,89,962.9,100,20.9,Abuja
2006-10-01,27.8,21.3,24.2,2.8,7.8,15.96,85,962.1,87,21.3,Abuja
2006-10-02,29.4,21.6,24.9,5.0,5.4,20.73,83,961.1,49,21.7,Abuja
2006-10-03,29.7,20.6,24.7,9.7,6.3,20.54,84,960.6,44,21.7,Abuja
2006-10-04,28.0,21.6,24.3,13.1,6.5,12.88,87,961.4,86,21.8,Abuja
2006-10-05,28.6,21.6,24.9,2.3,9.3,17.16,84,961.5,95,21.9,Abuja
2006-10-06,28.8,22.4,24.8,5.9,6.6,17.21,86,961.7,94,22.1,Abuja
2006-10-07,29.6,21.4,25.0,10.0,7.6,18.48,86,961.4,96,22.4,Abuja
2006-10-08,29.7,21.2,25.1,4.9,7.7,17.78,85,961.4,85,22.3,Abuja
2006-10-09,29.7,22.3,25.7,0.4,8.1,16.43,83,961.0,80,22.4,Abuja
2006-10-10,30.4,22.3,25.7,2.8,6.0,16.8,84,959.8,92,22.7,Abuja
2006-10-11,31.7,22.4,26.2,3.6,8.6,20.33,81,959.3,94,22.3,Abuja
2006-10-12,30.5,22.1,25.7,7.6,8.6,18.35,83,959.7,98,22.5,Abuja
2006-10-13,31.0,21.7,25.2,13.7,7.6,20.21,86,960.3,77,22.4,Abuja
2006-10-14,30.2,22.9,25.5,4.3,7.3,18.19,84,960.1,87,22.5,Abuja
2006-10-15,29.9,22.5,25.3,2.9,7.1,15.52,84,960.5,98,22.3,Abuja
2006-10-16,31.9,21.7,27.0,0.0,7.1,23.11,77,959.4,79,22.2,Abuja
2006-10-17,31.6,22.4,26.3,3.6,6.1,21.25,81,959.1,89,22.6,Abuja
2006-10-18,30.8,22.3,26.2,5.8,5.4,19.52,83,958.7,83,23.0,Abuja
2006-10-19,29.5,22.6,25.2,1.7,7.6,13.4,86,960.2,85,22.5,Abuja
2006-10-20,31.1,22.0,26.2,0.0,8.8,18.04,79,960.4,71,21.9,Abuja
2006-10-21,31.3,22.1,26.1,8.4,6.5,22.48,81,960.4,52,22.2,Abuja
2006-10-22,30.6,22.1,25.0,12.5,7.6,19.98,85,961.3,85,22.1,Abuja
2006-10-23,29.9,21.7,24.8,9.8,6.1,19.31,86,960.9,68,22.1,Abuja
2006-10-24,30.1,22.4,25.7,1.2,5.9,17.77,81,961.5,89,21.9,Abuja
2006-10-25,30.0,21.8,25.9,3.7,7.2,20.34,79,960.5,67,21.7,Abuja
2006-10-26,30.7,22.1,26.0,0.2,5.4,21.83,79,960.5,48,21.8,Abuja
2006-10-27,29.5,22.1,25.4,1.8,6.2,18.06,83,960.7,84,22.1,Abuja
2006-10-28,31.0,22.7,25.6,4.5,5.1,20.66,82,960.2,84,22.3,Abuja
2006-10-29,30.0,22.4,25.3,8.1,5.9,17.51,86,958.6,82,22.7,Abuja
2006-10-30,29.6,22.3,25.3,1.8,6.2,15.85,85,957.7,90,22.5,Abuja
2006-10-31,30.7,21.7,26.2,0.2,8.4,20.13,75,958.1,70,20.9,Abuja
2006-11-01,30.4,22.9,26.0,3.4,7.4,21.25,77,959.6,59,21.6,Abuja
2006-11-02,32.1,22.6,27.1,0.0,8.8,21.29,72,959.7,89,21.1,Abuja
2006-11-03,31.7,23.6,27.1,0.3,8.7,21.0,73,958.9,81,21.5,Abuja
2006-11-04,31.5,22.2,26.8,0.0,6.1,21.42,74,959.3,16,21.3,Abuja
2006-11-05,32.5,23.8,27.7,0.0,7.6,23.3,65,959.0,19,20.1,Abuja
2006-11-06,33.2,22.8,28.1,0.0,7.7,22.74,61,958.6,65,19.4,Abuja
2006-11-07,32.8,22.9,28.0,0.0,7.1,22.31,59,958.9,58,18.6,Abuja
2006-11-08,31.4,20.7,26.2,0.0,9.0,21.77,58,960.0,93,16.8,Abuja
2006-11-09,33.0,22.0,26.8,0.0,13.3,22.87,45,960.2,86,13.2,Abuja
2006-11-10,32.9,22.5,27.2,0.0,11.8,21.1,42,960.0,95,12.6,Abuja
2006-11-11,33.2,22.7,27.3,0.0,11.7,20.7,45,960.5,60,13.5,Abuja
2006-11-12,32.8,22.4,26.9,0.0,9.4,22.85,47,960.2,69,13.7,Abuja
2006-11-13,33.1,21.2,27.1,0.0,10.0,23.34,47,959.6,53,13.8,Abuja
2006-11-14,33.1,20.7,27.0,0.0,6.3,23.13,49,959.9,34,14.6,Abuja
2006-11-15,33.6,22.2,27.2,0.0,11.7,23.55,37,959.5,6,10.5,Abuja
2006-11-16,33.7,22.1,27.2,0.0,13.2,23.55,34,959.7,33,9.3,Abuja
2006-11-17,33.5,22.0,27.0,0.0,12.0,22.25,33,959.6,74,8.6,Abuja
2006-11-18,34.0,21.7,27.2,0.0,12.7,23.51,31,959.4,19,7.8,Abuja
2006-11-19,33.1,20.5,26.5,0.0,10.9,22.69,35,959.8,76,9.2,Abuja
2006-11-20,32.0,20.7,26.1,0.0,9.9,21.32,38,960.7,96,10.1,Abuja
2006-11-21,33.0,21.3,26.6,0.0,10.6,22.8,37,960.9,74,9.9,Abuja
2006-11-22,33.1,21.3,26.9,0.0,9.7,22.78,36,960.0,72,9.9,Abuja
2006-11-23,32.1,19.1,26.3,0.0,7.8,22.3,42,960.0,60,11.9,Abuja
2006-11-24,32.9,20.1,26.6,0.0,9.2,22.85,44,960.5,13,12.3,Abuja
2006-11-25,33.5,21.3,27.1,0.0,11.1,22.96,32,960.2,3,8.6,Abuja
2006-11-26,33.3,21.3,27.1,0.0,10.8,23.03,28,960.1,11,6.5,Abuja
2006-11-27,33.0,21.3,26.9,0.0,12.2,23.14,27,959.5,6,5.5,Abuja
2006-11-28,32.5,20.7,26.5,0.0,12.0,22.82,32,959.4,0,8.0,Abuja
2006-11-29,33.3,20.8,26.8,0.0,9.2,22.65,32,959.3,27,8.2,Abuja
2006-11-30,34.1,22.1,27.7,0.0,12.4,22.5,29,959.5,1,7.2,Abuja
2006-12-01,34.5,21.4,27.8,0.0,8.3,22.29,30,959.4,8,7.6,Abuja
2006-12-02,33.8,22.6,27.9,0.0,12.0,22.02,30,959.9,36,8.3,Abuja
2006-12-03,33.9,22.9,28.0,0.0,12.4,20.65,25,960.7,66,6.0,Abuja
2006-12-04,35.0,22.0,28.1,0.0,13.1,22.26,23,961.0,15,4.7,Abuja
2006-12-05,34.2,22.0,27.6,0.0,13.5,21.99,23,961.0,64,3.8,Abuja
2006-12-06,33.9,21.0,27.3,0.0,9.2,22.1,24,961.1,27,4.3,Abuja
2006-12-07,34.0,21.5,27.6,0.0,10.8,21.99,25,960.2,13,5.2,Abuja
2006-12-08,34.9,21.0,28.1,0.0,6.8,21.83,30,959.2,26,8.2,Abuja
2006-12-09,34.0,21.9,27.8,0.0,8.4,21.86,30,959.2,6,7.9,Abuja
2006-12-10,35.1,22.1,28.1,0.0,11.4,21.77,24,960.0,50,5.0,Abuja
2006-12-11,36.0,23.1,28.9,0.0,13.4,21.8,20,961.2,48,3.3,Abuja
2006-12-12,35.0,22.9,28.7,0.0,12.6,21.92,25,960.8,22,5.9,Abuja
2006-12-13,34.3,20.4,27.5,0.0,8.5,21.9,29,960.3,74,7.2,Abuja
2006-12-14,34.6,20.8,27.9,0.0,9.9,22.25,22,959.6,9,3.9,Abuja
2006-12-15,34.3,21.5,27.9,0.0,12.6,22.1,20,960.7,62,2.3,Abuja
2006-12-16,34.9,20.0,27.7,0.0,9.0,21.86,25,960.7,38,5.0,Abuja
2006-12-17,34.8,22.2,28.3,0.0,12.0,21.85,20,960.7,58,2.6,Abuja
2006-12-18,33.8,21.2,27.4,0.0,10.5,21.36,22,960.8,67,2.8,Abuja
2006-12-19,34.3,20.1,27.4,0.0,9.6,21.83,25,961.0,6,5.1,Abuja
2006-12-20,34.8,20.6,27.9,0.0,8.4,21.71,25,961.3,34,5.9,Abuja
2006-12-21,35.0,22.4,28.5,0.0,11.8,21.9,20,961.3,9,2.6,Abuja
2006-12-22,34.2,21.7,27.8,0.0,10.7,21.95,20,960.9,21,2.6,Abuja
2006-12-23,34.3,21.6,27.7,0.0,11.5,22.06,17,960.7,17,0.1,Abuja
2006-12-24,34.2,21.4,27.5,0.0,9.4,22.02,19,960.1,6,1.8,Abuja
2006-12-25,34.1,19.9,27.2,0.0,8.7,22.13,20,960.0,0,2.1,Abuja
2006-12-26,34.6,20.0,27.2,0.0,10.5,22.4,18,960.6,0,-0.3,Abuja
2006-12-27,33.6,20.8,26.9,0.0,12.8,22.44,18,961.7,0,-0.3,Abuja
2006-12-28,32.9,19.9,26.3,0.0,11.3,22.36,19,962.9,0,0.2,Abuja
2006-12-29,33.3,19.9,26.4,0.0,12.9,22.36,18,963.4,0,-0.2,Abuja
2006-12-30,33.0,19.1,25.8,0.0,10.7,22.37,19,963.7,9,-0.0,Abuja
2006-12-31,32.9,17.9,25.3,0.0,10.6,22.02,20,963.3,0,-0.0,Abuja
2007-01-01,32.5,19.3,25.6,0.0,12.4,21.91,18,963.5,3,-0.7,Abuja
2007-01-02,32.5,19.0,25.4,0.0,12.2,22.06,18,963.5,7,-0.9,Abuja
2007-01-03,33.2,18.9,25.8,0.0,9.0,22.03,21,962.3,5,1.1,Abuja
2007-01-04,34.3,19.7,26.9,0.0,10.9,22.09,21,961.7,11,2.2,Abuja
2007-01-05,34.7,20.8,27.4,0.0,12.4,21.99,19,961.4,1,1.2,Abuja
2007-01-06,35.1,21.3,27.7,0.0,14.8,22.02,17,961.6,14,-0.3,Abuja
2007-01-07,34.7,21.5,27.6,0.0,13.1,22.27,16,961.5,6,-1.0,Abuja
2007-01-08,35.0,21.4,27.6,0.0,12.8,22.24,15,960.7,39,-1.9,Abuja
2007-01-09,34.6,21.1,27.4,0.0,13.7,22.47,13,960.4,0,-3.3,Abuja
2007-01-10,34.9,21.3,27.6,0.0,14.3,22.62,14,961.1,42,-3.3,Abuja
2007-01-11,34.3,20.8,27.1,0.0,15.9,22.53,16,961.1,25,-1.3,Abuja
2007-01-12,33.5,19.6,26.2,0.0,16.6,22.96,15,961.6,5,-3.1,Abuja
2007-01-13,32.6,18.3,25.1,0.0,15.2,23.13,15,961.8,13,-3.5,Abuja
2007-01-14,32.7,18.0,24.9,0.0,13.0,22.98,19,961.5,22,-1.3,Abuja
2007-01-15,33.2,18.6,25.6,0.0,11.8,22.86,18,960.6,0,-1.2,Abuja
2007-01-16,34.0,19.6,26.6,0.0,12.1,22.6,18,960.7,0,0.2,Abuja
2007-01-17,34.6,20.4,27.3,0.0,13.4,22.56,20,961.3,0,1.7,Abuja
2007-01-18,35.1,20.5,27.5,0.0,13.5,22.69,17,961.7,0,0.1,Abuja
2007-01-19,34.5,20.4,27.3,0.0,11.6,22.75,19,961.4,22,0.9,Abuja
2007-01-20,34.2,20.2,27.2,0.0,10.3,22.74,19,960.8,0,1.2,Abuja
2007-01-21,35.0,21.0,27.9,0.0,12.1,22.79,18,959.8,4,1.3,Abuja
2007-01-22,35.9,20.6,28.4,0.0,8.3,22.72,20,959.7,48,2.7,Abuja
2007-01-23,36.3,22.8,29.4,0.0,11.8,22.66,20,961.3,6,4.0,Abuja
2007-01-24,35.8,22.5,29.3,0.0,11.7,22.63,24,961.6,11,6.5,Abuja
2007-01-25,36.5,22.4,29.6,0.0,8.6,22.61,24,960.4,5,6.8,Abuja
2007-01-26,35.9,23.8,29.7,0.0,10.0,22.68,23,959.8,57,6.3,Abuja
2007-01-27,36.2,24.0,29.7,0.0,10.4,22.95,21,959.9,0,4.6,Abuja
2007-01-28,35.6,22.9,29.1,0.0,10.8,23.16,21,961.0,0,4.7,Abuja
2007-01-29,36.4,23.5,29.8,0.0,11.6,23.15,19,960.3,19,2.7,Abuja
2007-01-30,35.4,23.4,29.5,0.0,10.3,22.77,21,959.7,61,4.4,Abuja
2007-01-31,36.9,23.6,29.9,0.0,11.8,23.67,13,960.2,16,-1.4,Abuja
2007-02-01,36.8,23.2,29.5,0.0,13.0,24.16,13,961.2,17,-2.8,Abuja
2007-02-02,37.4,23.9,30.2,0.0,14.5,24.04,13,961.1,58,-2.5,Abuja
2007-02-03,37.9,24.0,30.4,0.0,15.3,24.09,12,960.2,99,-2.8,Abuja
2007-02-04,36.2,23.4,29.5,0.0,10.9,24.19,13,960.0,65,-2.3,Abuja
2007-02-05,35.8,20.7,28.9,0.0,8.6,23.26,23,959.3,73,5.4,Abuja
2007-02-06,36.0,21.9,29.6,0.0,7.1,22.12,32,958.0,8,10.6,Abuja
2007-02-07,36.4,23.1,30.1,0.0,6.9,20.79,34,958.0,45,12.2,Abuja
2007-02-08,35.8,24.6,30.8,0.0,7.0,21.33,43,959.4,57,16.3,Abuja
2007-02-09,36.0,25.3,30.6,0.0,8.0,19.62,47,959.6,93,17.1,Abuja
2007-02-10,36.0,25.0,30.4,0.0,10.0,20.28,47,959.5,83,16.9,Abuja
2007-02-11,36.1,24.8,30.1,0.0,11.5,21.79,44,960.5,79,15.0,Abuja
2007-02-12,35.8,22.8,29.5,0.0,10.7,22.48,25,961.3,69,4.3,Abuja
2007-02-13,35.7,24.0,29.9,0.0,15.3,23.68,12,961.0,43,-2.2,Abuja
2007-02-14,36.5,23.6,29.8,0.0,13.4,23.82,12,960.3,7,-3.2,Abuja
2007-02-15,35.8,22.8,29.3,0.0,10.6,23.71,12,959.9,63,-3.4,Abuja
2007-02-16,36.3,23.4,29.8,0.0,11.7,24.32,13,958.5,46,-1.9,Abuja
2007-02-17,35.7,23.3,29.5,0.0,10.4,24.29,20,957.4,24,3.7,Abuja
2007-02-18,37.0,23.6,30.3,0.0,10.0,24.17,17,956.8,49,2.4,Abuja
2007-02-19,37.0,22.8,30.3,0.0,9.8,23.83,22,956.1,68,5.8,Abuja
2007-02-20,36.3,24.1,30.2,0.0,8.9,23.04,38,956.5,63,13.7,Abuja
2007-02-21,36.4,24.3,30.4,0.0,14.7,22.26,49,958.5,65,17.5,Abuja
2007-02-22,33.9,24.2,29.1,0.0,14.3,17.96,58,960.1,68,19.3,Abuja
2007-02-23,36.5,24.5,30.5,0.0,11.4,22.8,34,959.5,96,8.8,Abuja
2007-02-24,34.5,22.0,28.6,0.0,9.1,22.25,40,959.6,65,12.4,Abuja
2007-02-25,36.1,23.9,30.1,0.4,8.0,23.15,43,960.0,65,15.4,Abuja
2007-02-26,35.6,23.9,29.9,0.0,6.4,23.65,40,960.4,94,14.6,Abuja
2007-02-27,36.6,25.2,30.8,0.0,10.7,23.47,20,959.9,68,5.1,Abuja
2007-02-28,35.7,25.0,30.5,0.0,10.2,22.91,23,959.2,13,6.7,Abuja
2007-03-01,36.5,24.5,30.5,0.0,13.8,25.33,13,958.8,54,-1.4,Abuja
2007-03-02,38.0,24.5,31.0,0.0,14.0,25.93,11,958.6,10,-3.6,Abuja
2007-03-03,37.9,24.5,30.8,0.0,13.3,26.0,11,958.9,0,-3.1,Abuja
2007-03-04,37.3,24.0,30.5,0.0,14.9,26.18,9,958.7,0,-5.7,Abuja
2007-03-05,38.3,24.0,31.1,0.0,14.4,26.29,9,958.0,31,-6.1,Abuja
2007-03-06,37.0,24.3,30.8,0.0,13.4,24.64,13,958.5,30,-0.6,Abuja
2007-03-07,36.4,24.2,30.7,0.0,10.9,24.02,22,959.4,81,6.1,Abuja
2007-03-08,37.6,27.1,31.8,0.0,10.4,23.65,16,958.1,77,2.3,Abuja
2007-03-09,35.7,23.8,30.3,0.0,12.0,23.58,37,958.5,50,12.8,Abuja
2007-03-10,34.3,24.9,29.8,0.0,12.4,20.31,49,959.3,51,16.7,Abuja
2007-03-11,35.8,25.1,30.6,0.0,8.7,22.33,47,959.2,40,17.3,Abuja
2007-03-12,36.5,24.8,31.0,0.0,8.3,23.2,47,958.4,74,17.3,Abuja
2007-03-13,35.8,26.1,31.2,0.0,7.4,22.65,45,958.3,10,17.3,Abuja
2007-03-14,37.3,25.8,31.6,0.0,9.2,24.05,42,957.9,74,16.4,Abuja
2007-03-15,37.2,25.3,30.8,0.0,9.8,23.47,52,958.6,28,18.8,Abuja
2007-03-16,38.0,24.2,31.5,0.0,6.8,24.62,39,958.1,53,14.4,Abuja
2007-03-17,36.8,23.7,30.8,0.0,8.9,24.43,29,958.4,70,10.4,Abuja
2007-03-18,37.0,25.0,31.1,0.0,6.7,24.68,35,958.9,87,13.4,Abuja
2007-03-19,35.8,24.9,30.3,0.1,10.7,22.63,43,958.7,68,15.7,Abuja
2007-03-20,36.6,25.1,30.9,0.0,11.0,23.68,51,958.0,18,18.4,Abuja
2007-03-21,37.9,25.7,31.9,0.0,10.1,25.32,43,957.3,14,16.5,Abuja
2007-03-22,37.4,25.6,31.7,0.0,12.0,24.06,46,957.2,45,17.7,Abuja
2007-03-23,38.3,25.2,31.8,0.0,11.0,25.05,49,957.2,44,18.3,Abuja
2007-03-24,38.1,26.0,32.1,0.0,12.0,23.98,46,957.6,83,17.9,Abuja
2007-03-25,35.3,24.9,30.4,0.0,12.6,20.49,53,958.6,92,18.9,Abuja
2007-03-26,36.8,25.3,30.9,0.0,13.4,22.11,51,958.4,98,18.6,Abuja
2007-03-27,37.8,24.7,31.1,0.0,15.5,25.17,50,958.4,86,18.1,Abuja
2007-03-28,39.1,26.3,32.5,0.0,8.8,25.38,41,957.6,75,16.3,Abuja
2007-03-29,37.8,26.5,32.4,0.0,10.1,24.21,42,957.2,64,17.2,Abuja
2007-03-30,36.0,26.3,30.6,2.3,10.1,22.94,57,956.8,96,20.6,Abuja
2007-03-31,39.0,25.5,31.6,0.4,21.2,24.48,53,955.1,57,19.7,Abuja
2007-04-01,35.3,25.8,29.6,1.1,14.6,19.35,64,955.9,99,21.6,Abuja
2007-04-02,36.1,25.6,30.4,0.8,10.4,23.67,60,956.5,99,21.2,Abuja
2007-04-03,36.9,26.2,31.2,0.3,12.8,24.66,55,956.2,82,20.4,Abuja
2007-04-04,33.8,25.6,29.6,0.0,15.9,17.98,63,957.1,50,21.4,Abuja
2007-04-05,35.4,24.4,29.6,0.4,14.9,23.5,61,958.4,53,20.6,Abuja
2007-04-06,33.8,25.7,29.5,3.0,9.9,21.25,62,959.5,92,21.3,Abuja
2007-04-07,32.3,25.6,28.0,1.8,10.5,13.98,69,960.6,99,21.4,Abuja
2007-04-08,34.4,23.4,28.4,1.1,7.7,24.51,67,959.7,52,21.2,Abuja
2007-04-09,35.1,25.0,29.7,0.0,13.0,21.8,59,959.1,48,20.3,Abuja
2007-04-10,33.4,24.8,28.9,0.0,15.0,18.03,64,959.3,57,21.2,Abuja
2007-04-11,34.4,24.9,29.2,0.0,11.0,19.09,63,959.3,60,21.1,Abuja
2007-04-12,36.7,25.0,30.5,0.0,9.7,25.56,56,958.4,38,19.7,Abuja
2007-04-13,36.0,25.6,30.3,0.0,10.9,24.07,55,958.5,69,19.3,Abuja
2007-04-14,36.7,25.4,30.9,0.0,8.7,25.5,51,958.2,88,18.6,Abuja
2007-04-15,36.7,25.1,30.7,0.0,12.9,25.3,52,958.9,54,18.2,Abuja
2007-04-16,35.8,25.2,30.3,0.0,13.7,22.84,56,958.7,94,19.7,Abuja
2007-04-17,33.5,24.9,28.7,0.4,14.5,18.62,65,959.0,98,21.2,Abuja
2007-04-18,32.3,24.6,28.3,0.0,10.3,14.67,66,959.5,71,20.8,Abuja
2007-04-19,35.6,25.6,30.1,2.3,10.1,23.63,58,959.3,82,20.4,Abuja
2007-04-20,34.3,25.6,29.8,0.1,12.1,20.67,60,958.5,78,20.8,Abuja
2007-04-21,35.0,25.5,30.1,0.0,13.0,19.91,59,958.0,67,20.7,Abuja
2007-04-22,32.0,25.4,29.1,2.3,10.4,17.98,67,957.9,75,22.1,Abuja
2007-04-23,30.4,23.9,26.6,12.9,13.8,13.15,80,958.4,94,22.7,Abuja
2007-04-24,34.3,24.0,28.8,0.0,12.8,23.12,66,956.6,91,21.1,Abuja
2007-04-25,32.5,24.6,27.9,1.1,14.0,19.37,68,957.1,90,21.3,Abuja
2007-04-26,30.1,24.0,26.9,0.0,12.7,12.74,73,958.3,91,21.4,Abuja
2007-04-27,29.8,23.7,26.9,0.0,7.6,12.11,73,960.6,86,21.4,Abuja
2007-04-28,33.3,24.0,28.0,3.3,7.2,23.41,68,961.0,94,21.3,Abuja
2007-04-29,31.3,24.2,27.7,0.6,8.7,15.65,70,960.8,95,21.6,Abuja
2007-04-30,31.5,24.0,28.0,1.0,8.1,19.2,69,958.9,81,21.6,Abuja
2007-05-01,30.8,24.6,27.5,4.1,13.6,14.72,74,959.2,99,22.2,Abuja
2007-05-02,33.9,24.3,28.4,0.5,6.4,22.69,69,959.0,71,21.8,Abuja
2007-05-03,31.9,25.5,28.4,0.7,11.7,17.88,67,958.7,74,21.6,Abuja
2007-05-04,30.3,25.3,27.9,0.6,9.8,16.07,71,958.5,92,22.2,Abuja
2007-05-05,30.2,24.3,27.3,2.9,8.3,14.37,74,958.4,83,22.1,Abuja
2007-05-06,31.1,24.0,27.4,0.6,11.0,17.4,75,959.0,89,22.4,Abuja
2007-05-07,30.6,23.7,27.1,3.1,9.4,18.34,78,959.4,96,22.9,Abuja
2007-05-08,31.6,22.6,27.0,4.8,14.2,16.36,76,959.4,91,22.2,Abuja
2007-05-09,35.0,24.2,29.0,0.0,11.2,25.36,66,958.5,42,21.5,Abuja
2007-05-10,34.0,25.4,29.7,0.1,6.5,23.13,68,957.9,59,22.9,Abuja
2007-05-11,30.8,24.0,27.0,8.4,12.9,17.07,80,959.2,97,23.1,Abuja
2007-05-12,32.0,24.3,27.9,0.2,8.9,18.41,73,959.6,86,22.4,Abuja
2007-05-13,31.9,24.6,27.7,4.1,12.6,19.01,73,961.4,91,22.3,Abuja
2007-05-14,28.9,23.6,25.9,0.7,12.0,14.52,78,962.4,76,21.6,Abuja
2007-05-15,30.3,23.1,26.2,1.3,7.1,18.49,78,962.0,78,21.8,Abuja
2007-05-16,32.7,22.8,26.9,2.2,7.8,23.55,75,961.3,71,21.7,Abuja
2007-05-17,32.6,23.6,27.8,1.2,6.5,23.99,74,961.0,27,22.4,Abuja
2007-05-18,32.0,24.5,28.0,2.7,7.1,20.77,75,959.6,66,23.0,Abuja
2007-05-19,32.3,24.7,28.1,0.2,8.5,18.05,75,959.1,75,23.0,Abuja
2007-05-20,33.0,25.1,28.4,4.7,9.3,20.01,72,958.8,53,22.7,Abuja
2007-05-21,32.9,24.2,28.2,0.0,9.5,23.28,71,958.1,96,22.1,Abuja
2007-05-22,32.8,25.0,27.9,4.7,7.4,23.13,72,957.8,67,22.2,Abuja
2007-05-23,31.0,23.8,27.1,0.6,11.6,18.29,74,958.5,94,21.8,Abuja
2007-05-24,31.2,23.5,27.1,0.8,12.4,19.03,70,959.9,83,21.1,Abuja
2007-05-25,32.8,23.3,27.9,0.2,8.9,21.97,71,960.6,75,21.7,Abuja
2007-05-26,32.5,23.7,28.4,0.0,7.7,20.16,69,960.0,34,22.0,Abuja
2007-05-27,31.4,24.4,27.2,11.0,11.2,14.92,75,959.8,59,22.2,Abuja
2007-05-28,31.7,23.5,26.8,1.2,10.1,18.4,78,960.3,53,22.3,Abuja
2007-05-29,30.8,23.1,27.0,12.1,10.3,18.77,75,960.2,49,22.0,Abuja
2007-05-30,29.0,22.7,25.8,4.7,9.3,11.11,82,960.9,99,22.3,Abuja
2007-05-31,32.6,23.1,27.7,0.0,9.1,22.4,70,960.2,40,21.3,Abuja
2007-06-01,29.5,23.3,26.5,2.1,11.7,14.11,76,960.7,77,21.8,Abuja
2007-06-02,30.1,23.0,25.9,0.5,11.9,15.15,79,959.9,83,21.8,Abuja
2007-06-03,29.6,23.1,25.3,4.7,11.1,18.73,81,961.4,78,21.6,Abuja
2007-06-04,29.2,22.4,25.3,0.2,9.7,12.59,79,962.2,73,21.1,Abuja
2007-06-05,29.0,22.5,25.3,24.4,8.3,15.21,81,961.6,95,21.6,Abuja
2007-06-06,29.7,21.9,24.7,13.8,10.5,15.15,84,960.7,95,21.7,Abuja
2007-06-07,28.9,22.2,24.7,9.4,7.7,16.17,86,961.3,87,22.1,Abuja
2007-06-08,28.3,22.3,25.1,3.7,7.9,13.71,79,961.7,87,21.0,Abuja
2007-06-09,29.6,22.5,26.1,0.0,10.0,17.86,74,961.0,74,20.8,Abuja
2007-06-10,27.6,22.7,25.2,0.9,10.2,11.03,80,960.9,74,21.5,Abuja
2007-06-11,28.3,22.3,24.7,3.5,14.0,14.8,82,961.7,65,21.3,Abuja
2007-06-12,28.0,21.5,24.7,0.0,9.0,13.13,79,961.6,59,20.6,Abuja
2007-06-13,30.0,22.3,26.1,0.0,13.6,17.74,74,960.5,69,20.8,Abuja
2007-06-14,27.6,22.1,25.1,0.2,11.7,11.56,78,960.7,65,20.9,Abuja
2007-06-15,28.5,22.2,25.3,0.2,12.2,12.16,79,961.0,81,21.3,Abuja
2007-06-16,29.0,22.5,25.3,5.2,10.8,15.71,82,960.9,71,22.0,Abuja
2007-06-17,28.5,22.3,24.9,0.5,9.2,13.08,82,961.4,80,21.4,Abuja
2007-06-18,29.6,21.3,25.7,0.0,8.1,17.05,77,961.0,48,21.0,Abuja
2007-06-19,29.6,22.9,26.2,1.2,8.1,17.93,77,960.7,64,21.7,Abuja
2007-06-20,28.2,22.3,24.7,7.8,9.7,12.27,84,961.5,62,21.6,Abuja
2007-06-21,27.0,22.4,24.5,0.0,10.6,11.29,81,961.9,73,20.8,Abuja
2007-06-22,27.6,21.7,24.8,1.6,11.4,13.55,81,959.8,74,21.1,Abuja
2007-06-23,27.9,21.6,24.5,5.5,10.0,12.23,82,959.7,81,21.2,Abuja
2007-06-24,28.8,22.0,24.8,1.4,8.8,15.43,81,961.9,75,21.1,Abuja
2007-06-25,28.8,22.3,25.3,0.2,10.0,18.61,80,963.3,69,21.3,Abuja
2007-06-26,28.4,22.6,25.0,7.6,11.7,15.74,83,961.9,74,21.7,Abuja
2007-06-27,25.8,22.0,23.4,2.9,11.3,6.38,90,961.2,98,21.7,Abuja
2007-06-28,27.7,22.0,24.0,8.0,9.7,14.11,88,962.2,84,21.8,Abuja
2007-06-29,28.1,21.8,24.6,0.7,9.0,15.34,83,962.7,84,21.3,Abuja
2007-06-30,28.0,22.2,24.4,5.6,5.9,11.1,86,963.1,92,21.8,Abuja
2007-07-01,26.3,21.9,23.6,8.3,10.0,11.63,90,963.1,98,21.7,Abuja
2007-07-02,28.7,22.2,24.4,5.1,9.6,16.96,84,963.3,86,21.4,Abuja
2007-07-03,27.8,22.1,24.2,6.8,9.8,12.61,87,962.9,88,21.7,Abuja
2007-07-04,28.0,21.7,24.3,3.1,14.1,13.42,85,963.2,69,21.5,Abuja
2007-07-05,28.0,21.2,24.4,3.0,13.2,16.72,81,963.7,70,20.8,Abuja
2007-07-06,27.0,21.8,24.2,0.6,12.9,12.65,80,962.6,82,20.4,Abuja
2007-07-07,27.9,21.7,24.5,0.6,12.2,15.5,80,962.0,70,20.7,Abuja
2007-07-08,26.2,21.4,23.2,6.3,10.7,11.87,88,962.8,89,21.0,Abuja
2007-07-09,27.7,20.5,23.8,3.1,9.0,17.93,85,962.5,68,21.0,Abuja
2007-07-10,29.1,21.1,25.1,1.0,7.6,18.61,80,961.2,52,21.2,Abuja
2007-07-11,28.3,22.8,25.0,3.0,10.4,14.5,83,961.1,87,21.8,Abuja
2007-07-12,26.8,22.2,24.4,2.1,14.1,12.23,84,960.6,98,21.4,Abuja
2007-07-13,27.7,22.3,24.4,2.9,12.6,13.34,83,960.9,86,21.2,Abuja
2007-07-14,26.3,21.5,23.1,7.6,8.1,8.2,91,961.2,90,21.5,Abuja
2007-07-15,28.1,21.1,24.5,9.5,9.7,11.21,82,961.6,94,21.1,Abuja
2007-07-16,27.8,21.6,24.1,8.8,10.6,17.89,86,961.9,79,21.4,Abuja
2007-07-17,28.0,21.6,24.2,4.4,10.6,17.23,83,961.4,69,20.9,Abuja
2007-07-18,27.9,22.1,24.8,0.9,9.4,17.11,79,960.7,92,20.7,Abuja
2007-07-19,27.9,21.5,24.0,8.1,9.1,13.69,85,960.5,94,21.3,Abuja
2007-07-20,26.7,21.6,23.5,14.0,11.7,11.88,89,960.5,96,21.5,Abuja
2007-07-21,27.3,20.7,23.8,5.5,10.0,14.63,87,960.6,92,21.3,Abuja
2007-07-22,27.3,21.5,23.9,8.1,7.8,15.51,86,961.0,86,21.2,Abuja
2007-07-23,28.9,21.8,24.6,6.6,7.2,19.2,83,961.4,89,21.4,Abuja
2007-07-24,27.9,20.7,23.8,25.0,9.8,16.48,89,961.1,95,21.7,Abuja
2007-07-25,26.3,21.7,23.3,64.6,10.9,11.13,87,960.3,96,20.8,Abuja
2007-07-26,27.9,21.5,23.8,1.9,15.0,18.7,82,960.4,68,20.4,Abuja
2007-07-27,25.4,21.3,22.8,17.0,13.4,12.51,89,961.7,98,20.8,Abuja
2007-07-28,26.6,20.6,22.6,10.4,12.7,14.71,89,961.6,96,20.6,Abuja
2007-07-29,26.1,20.6,23.0,4.9,11.9,14.85,86,961.2,68,20.5,Abuja
2007-07-30,26.1,21.5,23.4,6.6,8.4,9.48,86,961.6,95,20.9,Abuja
2007-07-31,25.4,21.3,22.8,19.2,9.7,8.62,92,962.2,98,21.4,Abuja
2007-08-01,27.6,21.8,24.3,4.0,9.0,16.55,85,962.0,89,21.5,Abuja
2007-08-02,28.1,21.2,23.9,18.7,11.1,14.94,87,961.1,94,21.5,Abuja
2007-08-03,23.7,21.5,22.4,11.4,13.1,7.16,95,961.3,98,21.6,Abuja
2007-08-04,25.5,21.0,22.6,11.1,12.4,10.12,91,961.3,100,21.0,Abuja
2007-08-05,25.8,21.2,22.7,11.8,12.3,10.94,90,961.4,97,21.0,Abuja
2007-08-06,26.6,21.0,23.4,2.2,11.1,13.2,82,962.5,98,19.9,Abuja
2007-08-07,25.3,20.4,22.8,9.4,7.0,11.35,87,961.8,87,20.3,Abuja
2007-08-08,25.1,20.3,22.7,20.4,8.9,10.84,90,961.1,97,21.0,Abuja
2007-08-09,23.8,20.8,21.6,54.8,12.7,5.03,96,960.8,94,20.9,Abuja
2007-08-10,26.6,20.0,23.2,0.1,13.2,14.15,82,960.8,83,19.7,Abuja
2007-08-11,28.3,21.5,24.5,0.9,9.7,18.55,80,960.8,72,20.8,Abuja
2007-08-12,27.1,21.7,24.0,2.2,10.9,14.1,85,961.0,97,21.1,Abuja
2007-08-13,22.7,21.1,21.7,56.7,16.5,3.87,98,959.9,100,21.4,Abuja
2007-08-14,25.5,20.7,22.7,6.7,13.0,10.44,91,961.4,94,21.1,Abuja
2007-08-15,26.7,20.6,23.0,1.5,14.4,12.67,88,961.5,95,20.8,Abuja
2007-08-16,27.5,21.2,23.9,10.1,12.6,15.13,86,960.3,96,21.3,Abuja
2007-08-17,25.8,20.5,22.3,13.8,8.9,9.67,94,960.8,85,21.3,Abuja
2007-08-18,27.8,21.3,24.0,1.3,8.9,14.44,84,961.4,87,20.9,Abuja
2007-08-19,27.5,21.3,24.0,17.1,7.1,15.3,85,960.6,92,21.3,Abuja
2007-08-20,24.4,21.2,22.4,8.4,14.3,6.78,95,960.6,100,21.6,Abuja
2007-08-21,26.6,21.0,23.2,1.5,11.4,15.0,88,961.9,87,20.9,Abuja
2007-08-22,27.9,21.3,24.3,0.9,8.2,15.73,83,961.8,96,21.1,Abuja
2007-08-23,26.2,21.4,23.5,7.7,6.0,11.0,87,959.4,98,21.2,Abuja
2007-08-24,23.9,21.0,21.9,21.1,9.4,8.2,97,959.1,99,21.4,Abuja
2007-08-25,26.5,20.6,22.9,8.5,13.2,11.98,90,960.2,88,21.0,Abuja
2007-08-26,27.0,20.8,23.4,13.9,8.7,15.42,89,960.8,89,21.4,Abuja
2007-08-27,25.8,21.2,23.1,10.3,5.8,10.72,92,960.7,94,21.6,Abuja
2007-08-28,28.6,21.0,24.4,9.1,6.2,18.77,83,961.5,99,21.2,Abuja
2007-08-29,29.3,21.1,24.4,21.9,7.8,20.92,84,961.0,92,21.4,Abuja
2007-08-30,29.1,21.1,24.4,15.8,6.5,20.91,86,961.0,91,21.7,Abuja
2007-08-31,25.4,20.9,23.0,16.3,10.8,10.84,92,960.6,98,21.5,Abuja
2007-09-01,25.1,21.0,22.7,12.0,14.4,11.28,88,962.5,95,20.6,Abuja
2007-09-02,24.8,20.7,22.6,0.4,11.3,7.98,88,962.9,96,20.5,Abuja
2007-09-03,25.2,20.9,22.6,11.1,8.6,8.99,91,961.7,99,21.0,Abuja
2007-09-04,24.8,20.8,22.1,17.1,10.7,10.25,93,961.2,98,20.9,Abuja
2007-09-05,24.5,20.7,21.8,13.1,12.4,7.12,94,962.1,98,20.8,Abuja
2007-09-06,26.0,20.8,22.8,2.1,8.9,12.03,89,964.0,92,20.8,Abuja
2007-09-07,28.4,19.9,24.3,0.9,10.0,19.7,83,962.2,51,20.9,Abuja
2007-09-08,26.8,21.5,23.7,11.4,7.3,12.46,89,961.2,96,21.7,Abuja
2007-09-09,26.7,21.7,23.3,3.7,10.1,11.71,90,961.0,88,21.5,Abuja
2007-09-10,27.8,21.6,24.3,1.0,8.0,16.2,82,962.3,84,20.8,Abuja
2007-09-11,30.5,20.5,24.5,4.5,4.9,21.48,83,961.5,75,21.1,Abuja
2007-09-12,29.4,20.0,24.5,2.2,8.7,20.61,85,960.8,62,21.7,Abuja
2007-09-13,29.0,21.9,25.1,5.1,8.0,20.09,84,961.3,65,21.9,Abuja
2007-09-14,29.5,21.8,24.9,2.2,7.3,20.64,83,960.8,53,21.5,Abuja
2007-09-15,28.5,20.9,24.1,10.2,9.7,17.62,86,960.2,83,21.5,Abuja
2007-09-16,27.5,21.6,24.2,5.5,8.3,15.01,89,960.2,82,22.2,Abuja
2007-09-17,29.5,21.2,24.2,23.8,8.9,17.95,87,960.1,87,21.8,Abuja
2007-09-18,28.3,21.5,24.4,6.1,8.6,13.51,85,960.6,78,21.5,Abuja
2007-09-19,29.5,20.4,24.9,1.5,6.4,18.4,82,960.8,89,21.4,Abuja
2007-09-20,27.2,21.8,24.2,10.8,8.5,13.93,88,961.3,97,21.9,Abuja
2007-09-21,26.0,21.0,23.0,17.4,6.3,10.74,93,962.0,100,21.7,Abuja
2007-09-22,29.0,21.2,24.8,5.7,14.3,20.02,81,961.3,65,21.0,Abuja
2007-09-23,28.3,21.8,25.0,0.1,9.2,16.18,82,961.4,86,21.5,Abuja
2007-09-24,29.7,22.6,25.0,6.4,5.6,17.49,84,960.9,75,21.9,Abuja
2007-09-25,27.8,21.5,24.1,19.9,8.9,14.41,88,961.5,89,21.9,Abuja
2007-09-26,29.8,20.5,24.8,0.4,6.9,19.49,83,962.2,89,21.4,Abuja
2007-09-27,30.2,22.8,25.8,4.5,6.7,21.17,82,961.0,50,22.3,Abuja
2007-09-28,29.2,21.6,24.8,9.6,7.4,16.3,86,961.3,81,22.3,Abuja
2007-09-29,29.3,21.9,24.7,3.7,9.4,14.84,86,962.2,97,22.0,Abuja
2007-09-30,29.9,22.3,25.4,0.4,7.8,17.61,81,962.7,96,21.7,Abuja
2007-10-01,30.8,21.6,25.2,9.0,4.9,22.29,84,962.2,69,22.1,Abuja
2007-10-02,29.8,20.8,24.6,17.9,7.0,19.88,85,961.1,81,21.8,Abuja
2007-10-03,30.1,22.4,25.6,0.8,9.0,20.22,79,961.2,66,21.5,Abuja
2007-10-04,30.0,21.7,25.2,1.8,8.2,20.53,81,960.8,50,21.5,Abuja
2007-10-05,28.0,22.5,24.8,1.3,8.2,13.5,84,961.1,90,21.9,Abuja
2007-10-06,28.1,22.2,24.5,6.0,6.7,12.92,84,960.6,89,21.5,Abuja
2007-10-07,26.8,20.9,23.5,6.1,7.9,11.84,87,960.6,93,21.0,Abuja
2007-10-08,27.7,20.5,24.0,2.5,6.9,15.43,84,961.3,60,20.9,Abuja
2007-10-09,30.3,20.8,25.3,0.0,5.2,22.5,79,960.3,36,21.0,Abuja
2007-10-10,31.2,22.8,26.9,0.0,7.4,23.67,71,958.9,29,20.9,Abuja
2007-10-11,31.0,21.8,26.0,0.0,8.9,21.44,76,958.5,32,21.0,Abuja
2007-10-12,31.4,21.6,26.2,0.0,5.7,22.86,76,958.3,57,21.3,Abuja
2007-10-13,30.4,21.8,25.8,0.3,7.1,19.3,79,959.2,98,21.6,Abuja
2007-10-14,29.5,22.5,25.3,1.1,8.8,18.41,83,960.2,87,22.2,Abuja
2007-10-15,30.5,21.1,25.8,0.4,7.4,20.52,77,959.8,63,21.1,Abuja
2007-10-16,30.7,21.7,26.0,0.0,8.0,20.14,76,960.6,65,21.0,Abuja
2007-10-17,29.5,22.4,25.6,0.1,10.0,16.62,79,960.7,87,21.6,Abuja
2007-10-18,29.9,22.1,25.1,5.9,7.4,17.06,84,960.1,90,22.1,Abuja
2007-10-19,28.5,21.7,24.6,5.5,6.6,16.46,86,960.6,97,21.9,Abuja
2007-10-20,28.5,21.3,24.4,5.1,8.9,11.15,85,961.0,79,21.5,Abuja
2007-10-21,28.8,21.6,24.5,2.4,7.8,15.85,83,961.4,80,21.3,Abuja
2007-10-22,31.4,21.3,26.0,0.0,5.0,21.48,76,960.3,69,21.0,Abuja
2007-10-23,29.5,22.5,25.2,10.4,8.0,18.98,82,959.7,85,21.8,Abuja
2007-10-24,28.7,21.4,24.3,5.3,5.8,15.38,87,959.7,68,21.9,Abuja
2007-10-25,29.9,22.0,25.4,0.2,6.2,17.63,80,959.8,83,21.4,Abuja
2007-10-26,29.6,21.1,25.0,4.3,7.9,18.18,84,960.0,86,22.0,Abuja
2007-10-27,28.6,22.8,24.8,8.8,8.6,12.73,85,960.7,93,22.1,Abuja
2007-10-28,29.9,21.9,25.4,1.6,8.7,15.89,82,960.3,79,21.8,Abuja
2007-10-29,29.9,21.5,24.8,12.2,5.8,20.93,84,959.9,69,21.8,Abuja
2007-10-30,31.9,21.4,26.2,0.0,5.6,22.3,74,958.3,45,20.7,Abuja
2007-10-31,31.4,23.0,26.8,0.0,7.9,22.0,72,957.7,39,21.0,Abuja
2007-11-01,31.2,22.3,26.4,3.9,6.6,21.16,79,958.1,48,22.3,Abuja
2007-11-02,32.3,23.9,27.4,0.0,10.5,21.41,72,958.2,88,21.6,Abuja
2007-11-03,29.9,22.9,25.7,0.1,8.2,17.13,79,958.2,98,21.5,Abuja
2007-11-04,29.8,21.9,25.5,0.0,6.9,20.31,78,958.4,98,21.1,Abuja
2007-11-05,30.1,21.5,25.9,0.1,7.6,20.04,72,959.5,63,20.2,Abuja
2007-11-06,32.5,21.3,27.0,0.0,6.5,22.84,63,959.7,10,18.8,Abuja
2007-11-07,31.3,20.9,26.4,0.0,6.6,21.79,65,959.3,18,18.9,Abuja
2007-11-08,31.7,21.7,26.5,0.0,5.9,21.6,65,958.5,23,18.8,Abuja
2007-11-09,29.8,21.9,25.5,0.5,11.5,16.02,77,958.7,81,20.9,Abuja
2007-11-10,29.0,22.5,24.9,1.5,17.3,18.61,70,959.1,76,18.7,Abuja
2007-11-11,31.7,21.6,26.1,0.0,9.4,20.27,55,958.5,99,16.1,Abuja
2007-11-12,32.5,20.6,26.8,0.0,7.2,22.66,63,958.5,48,18.3,Abuja
2007-11-13,32.4,22.0,27.3,0.0,6.3,22.24,59,958.9,91,18.0,Abuja
2007-11-14,31.8,22.0,27.0,0.2,10.5,21.59,63,958.7,90,19.0,Abuja
2007-11-15,31.0,22.3,25.9,1.1,7.8,20.4,74,959.8,74,20.4,Abuja
2007-11-16,31.3,21.7,26.3,0.1,6.3,21.05,73,961.0,51,20.6,Abuja
2007-11-17,31.9,24.3,27.7,0.0,6.6,21.07,63,960.0,51,19.8,Abuja
2007-11-18,31.6,22.4,27.3,0.0,8.0,20.59,66,958.5,33,20.2,Abuja
2007-11-19,32.4,22.2,27.2,0.0,9.4,19.28,67,958.5,78,20.0,Abuja
2007-11-20,33.9,22.5,27.8,0.0,9.6,20.14,65,959.2,87,19.7,Abuja
2007-11-21,32.0,22.9,27.0,0.3,8.4,19.92,72,959.9,76,21.1,Abuja
2007-11-22,32.2,22.2,26.5,0.0,8.6,18.73,69,960.4,70,19.5,Abuja
2007-11-23,32.1,21.4,26.6,0.0,8.9,20.68,63,960.7,35,18.3,Abuja
2007-11-24,33.8,20.9,27.1,0.0,10.0,22.83,51,959.5,4,14.4,Abuja
2007-11-25,33.6,19.3,26.6,0.0,9.8,22.8,42,959.3,32,11.2,Abuja
2007-11-26,33.6,20.8,26.9,0.0,10.1,22.61,34,959.8,75,8.8,Abuja
2007-11-27,33.1,19.1,26.5,0.0,7.0,21.35,44,959.3,71,12.1,Abuja
2007-11-28,34.0,18.8,26.7,0.0,7.4,22.74,45,957.9,3,12.4,Abuja
2007-11-29,34.8,19.5,27.2,0.0,8.7,22.08,44,957.4,56,12.5,Abuja
2007-11-30,34.6,19.6,27.5,0.0,10.6,22.44,41,957.5,90,12.0,Abuja
2007-12-01,34.4,20.1,27.5,0.0,7.5,22.12,41,958.4,40,12.2,Abuja
2007-12-02,33.7,20.1,27.1,0.0,7.6,20.74,51,958.7,69,15.4,Abuja
2007-12-03,30.4,22.0,26.7,0.0,6.6,16.47,67,958.6,58,20.1,Abuja
2007-12-04,33.3,23.4,28.2,0.0,5.4,19.97,60,958.1,94,19.0,Abuja
2007-12-05,33.1,23.2,27.7,0.0,6.4,19.83,60,959.2,76,18.2,Abuja
2007-12-06,32.1,21.5,27.3,0.0,6.1,17.9,52,959.8,83,16.1,Abuja
2007-12-07,30.5,23.1,26.9,0.2,5.8,16.2,65,960.6,92,19.7,Abuja
2007-12-08,31.6,23.4,26.9,0.2,6.0,19.3,63,961.1,46,19.1,Abuja
2007-12-09,32.9,21.3,27.0,0.0,8.5,20.78,45,960.5,78,12.8,Abuja
2007-12-10,32.5,20.9,26.6,0.0,11.4,21.46,34,960.7,86,8.7,Abuja
2007-12-11,34.7,22.2,27.9,0.0,14.0,21.83,27,959.8,8,6.8,Abuja
2007-12-12,33.6,21.7,27.2,0.0,9.7,21.72,33,960.2,2,8.8,Abuja
2007-12-13,34.5,21.7,27.8,0.0,9.4,21.75,29,960.0,36,7.4,Abuja
2007-12-14,34.5,22.6,27.9,0.0,13.3,21.82,25,957.9,0,5.6,Abuja
2007-12-15,35.1,21.9,27.9,0.0,11.5,22.05,23,956.4,15,4.4,Abuja
2007-12-16,34.2,20.8,27.2,0.0,9.5,21.7,25,957.6,78,4.8,Abuja
2007-12-17,35.8,22.4,28.4,0.0,13.1,21.68,21,958.9,77,3.4,Abuja
2007-12-18,34.3,19.0,27.1,0.0,10.9,22.08,28,959.6,14,6.2,Abuja
2007-12-19,33.8,22.0,27.4,0.0,12.9,22.26,21,960.7,25,3.1,Abuja
2007-12-20,33.5,21.2,26.8,0.0,15.3,22.6,18,960.3,11,0.1,Abuja
2007-12-21,33.6,20.4,26.4,0.0,14.0,22.64,18,960.2,1,-0.3,Abuja
2007-12-22,33.1,19.6,25.9,0.0,12.9,22.32,20,960.9,15,0.7,Abuja
2007-12-23,32.7,19.3,25.7,0.0,12.0,22.38,21,960.7,24,1.3,Abuja
2007-12-24,32.7,18.6,25.4,0.0,11.7,22.44,22,960.5,0,1.2,Abuja
2007-12-25,32.5,17.9,25.3,0.0,9.7,22.38,25,959.6,36,3.1,Abuja
2007-12-26,33.3,18.0,26.0,0.0,7.9,22.13,29,959.2,17,5.5,Abuja
2007-12-27,33.8,21.0,27.3,0.0,10.1,21.73,26,959.2,10,5.5,Abuja
2007-12-28,34.8,22.1,28.3,0.0,12.1,21.96,21,958.9,6,3.5,Abuja
2007-12-29,35.0,21.8,28.4,0.0,10.0,21.94,20,958.5,10,2.6,Abuja
2007-12-30,34.0,20.4,27.5,0.0,8.3,21.63,30,957.6,47,8.1,Abuja
2007-12-31,33.2,21.0,27.6,0.0,7.3,20.03,42,958.0,53,13.2,Abuja
2008-01-01,33.6,23.0,28.3,0.0,7.6,19.03,49,958.3,76,16.0,Abuja
2008-01-02,32.8,23.9,27.9,0.2,8.1,17.74,49,959.6,68,15.9,Abuja
2008-01-03,33.4,22.9,27.9,0.0,10.8,19.93,33,960.8,73,9.5,Abuja
2008-01-04,33.6,21.6,27.6,0.0,8.2,21.57,28,961.0,22,7.2,Abuja
2008-01-05,33.1,22.0,27.7,0.0,7.6,20.29,42,960.6,91,13.3,Abuja
2008-01-06,31.6,23.8,27.6,0.0,7.2,16.04,60,960.5,92,18.8,Abuja
2008-01-07,33.7,23.6,28.3,0.0,10.1,18.75,50,959.7,95,15.2,Abuja
2008-01-08,33.1,22.7,27.6,0.0,11.5,18.76,24,959.3,86,5.2,Abuja
2008-01-09,32.9,22.1,27.6,0.0,6.4,18.35,30,958.6,90,8.3,Abuja
2008-01-10,34.7,21.4,28.3,0.0,10.4,20.51,34,957.9,69,10.4,Abuja
2008-01-11,34.7,23.4,28.9,0.0,12.3,21.05,24,958.0,56,6.4,Abuja
2008-01-12,34.3,21.0,28.1,0.0,6.9,21.62,26,958.6,58,6.4,Abuja
2008-01-13,34.2,22.6,28.4,0.0,9.5,21.85,27,959.2,26,7.2,Abuja
2008-01-14,34.3,22.3,28.2,0.0,9.9,21.88,28,959.9,15,8.0,Abuja
2008-01-15,34.0,22.4,28.2,0.0,11.2,21.84,30,959.5,11,9.0,Abuja
2008-01-16,34.1,22.0,28.2,0.0,9.0,21.99,30,958.7,3,8.6,Abuja
2008-01-17,34.9,22.8,28.6,0.0,14.1,22.42,20,959.0,0,3.4,Abuja
2008-01-18,34.5,21.6,27.7,0.0,16.0,22.58,17,958.6,8,-0.1,Abuja
2008-01-19,33.7,20.7,27.1,0.0,11.6,22.41,21,958.6,15,2.6,Abuja
2008-01-20,33.4,21.3,26.8,0.0,14.1,22.27,17,959.6,73,-0.7,Abuja
2008-01-21,31.6,19.2,24.9,0.0,16.4,22.37,18,960.8,66,-1.5,Abuja
2008-01-22,31.2,18.4,24.4,0.0,13.3,22.56,19,960.7,59,-0.7,Abuja
2008-01-23,31.7,18.3,25.0,0.0,9.7,22.9,20,960.3,30,0.2,Abuja
2008-01-24,32.3,18.9,25.6,0.0,11.4,23.01,20,960.1,4,0.8,Abuja
2008-01-25,33.1,19.6,26.2,0.0,12.3,23.08,20,960.7,21,0.8,Abuja
2008-01-26,32.6,19.1,25.4,0.0,15.0,23.11,16,960.6,3,-2.5,Abuja
2008-01-27,32.0,18.4,24.8,0.0,14.5,23.16,18,960.8,0,-1.7,Abuja
2008-01-28,31.9,18.5,24.9,0.0,14.8,23.44,18,960.2,14,-1.4,Abuja
2008-01-29,33.0,18.1,25.4,0.0,14.9,23.46,18,960.1,3,-1.1,Abuja
2008-01-30,33.8,19.3,26.3,0.0,12.2,23.27,17,960.7,47,-1.0,Abuja
2008-01-31,34.8,20.2,27.1,0.0,14.3,23.48,16,959.4,16,-1.1,Abuja
2008-02-01,35.3,20.7,27.7,0.0,12.7,23.4,20,958.8,39,2.0,Abuja
2008-02-02,35.9,21.0,28.4,0.0,11.4,23.43,20,958.0,29,2.7,Abuja
2008-02-03,36.5,20.6,28.7,0.0,9.5,23.36,24,958.8,64,4.8,Abuja
2008-02-04,37.0,23.5,30.1,0.0,12.4,23.49,17,960.2,76,1.7,Abuja
2008-02-05,36.0,24.1,29.7,0.0,11.8,23.53,17,960.7,16,1.5,Abuja
2008-02-06,36.8,23.8,29.9,0.0,12.3,23.83,12,960.8,23,-3.4,Abuja
2008-02-07,35.6,22.9,29.0,0.0,13.1,24.08,12,960.6,51,-3.6,Abuja
2008-02-08,35.2,22.0,28.5,0.0,11.1,23.85,14,959.4,77,-1.5,Abuja
2008-02-09,34.7,21.6,28.2,0.0,12.4,23.88,19,959.8,9,1.8,Abuja
2008-02-10,35.4,22.2,28.8,0.0,12.2,24.06,16,960.7,0,0.6,Abuja
2008-02-11,35.5,22.4,28.8,0.0,13.7,23.98,16,960.7,13,-0.2,Abuja
2008-02-12,35.7,22.1,28.6,0.0,13.9,24.42,14,960.1,31,-2.2,Abuja
2008-02-13,35.0,21.5,28.0,0.0,15.7,24.71,13,959.7,4,-3.6,Abuja
2008-02-14,36.0,21.5,28.5,0.0,12.9,24.66,15,959.5,0,-0.7,Abuja
2008-02-15,36.4,22.3,29.0,0.0,14.4,24.63,14,959.4,39,-1.4,Abuja
2008-02-16,35.8,22.0,28.7,0.0,16.3,24.8,13,959.3,14,-2.9,Abuja
2008-02-17,35.4,21.4,28.1,0.0,16.2,25.15,12,959.4,2,-4.8,Abuja
2008-02-18,35.5,21.9,28.3,0.0,16.0,25.35,10,960.1,0,-6.3,Abuja
2008-02-19,35.8,21.3,28.3,0.0,16.8,25.29,13,960.2,1,-2.8,Abuja
2008-02-20,36.2,21.1,28.4,0.0,13.0,25.14,14,960.7,10,-1.9,Abuja
2008-02-21,36.3,21.2,28.3,0.0,12.9,25.2,12,960.4,14,-4.0,Abuja
2008-02-22,36.4,22.1,28.8,0.0,13.7,24.94,12,960.1,52,-4.1,Abuja
2008-02-23,36.8,22.8,29.4,0.0,14.6,25.32,11,960.1,31,-4.3,Abuja
2008-02-24,36.3,23.2,29.4,0.0,13.6,25.46,12,960.0,0,-3.5,Abuja
2008-02-25,34.8,22.8,28.9,0.0,11.2,25.1,18,960.1,10,1.6,Abuja
2008-02-26,35.3,22.2,28.8,0.0,10.8,24.99,22,960.2,0,4.9,Abuja
2008-02-27,36.5,21.7,29.3,0.0,9.7,25.41,20,959.9,0,3.3,Abuja
2008-02-28,36.3,21.1,29.3,0.0,9.8,24.92,23,959.5,0,5.8,Abuja
2008-02-29,36.5,22.8,29.8,0.0,9.1,23.92,30,958.8,37,10.0,Abuja
2008-03-01,35.0,23.3,29.7,0.0,7.6,22.42,47,958.3,68,16.4,Abuja
2008-03-02,36.8,24.6,30.8,0.0,7.0,24.19,37,957.5,18,13.4,Abuja
2008-03-03,38.3,25.3,31.0,0.0,7.3,25.06,30,957.9,18,9.6,Abuja
2008-03-04,38.5,22.7,30.9,0.0,8.0,25.6,21,957.0,24,4.9,Abuja
2008-03-05,38.0,23.4,30.9,0.0,9.1,24.8,28,955.5,57,9.1,Abuja
2008-03-06,36.1,23.6,30.3,0.0,10.2,22.81,44,956.3,75,15.3,Abuja
2008-03-07,35.7,24.5,30.3,0.0,16.1,23.19,47,956.9,58,16.9,Abuja
2008-03-08,33.2,24.2,28.5,0.0,13.9,18.97,60,958.0,89,19.4,Abuja
2008-03-09,34.6,24.2,28.4,3.7,9.7,22.63,59,957.9,58,19.1,Abuja
2008-03-10,35.4,24.1,29.4,0.0,13.1,23.93,54,957.9,73,18.0,Abuja
2008-03-11,34.8,23.7,28.8,0.3,12.1,21.93,59,959.3,82,19.1,Abuja
2008-03-12,36.2,24.3,30.0,0.0,7.3,24.72,46,958.9,56,15.1,Abuja
2008-03-13,33.6,22.7,28.4,0.0,9.1,21.18,51,958.2,97,16.6,Abuja
2008-03-14,36.9,22.6,29.9,0.0,8.5,25.41,36,957.7,68,11.1,Abuja
2008-03-15,35.8,22.5,29.5,0.0,12.5,24.65,46,958.5,22,15.0,Abuja
2008-03-16,34.4,24.1,29.0,0.0,10.5,22.23,56,959.5,81,18.3,Abuja
2008-03-17,36.5,23.2,30.0,0.0,9.5,25.11,45,958.3,23,15.2,Abuja
2008-03-18,36.3,24.0,30.1,0.0,10.0,24.58,51,958.4,66,17.3,Abuja
2008-03-19,37.1,24.0,30.5,0.0,17.6,25.26,48,958.8,44,17.0,Abuja
2008-03-20,35.9,24.0,29.4,0.6,10.0,23.54,58,959.4,75,19.0,Abuja
2008-03-21,36.5,24.2,30.4,0.0,10.0,24.82,49,957.9,72,17.0,Abuja
2008-03-22,35.2,24.6,30.1,0.0,10.4,23.91,52,957.2,45,18.3,Abuja
2008-03-23,35.4,24.6,30.1,0.1,10.9,23.07,55,957.8,37,19.4,Abuja
2008-03-24,36.1,24.9,30.4,0.1,13.0,23.07,55,958.5,40,19.5,Abuja
2008-03-25,35.8,24.4,29.9,0.0,12.0,21.52,57,958.1,46,19.2,Abuja
2008-03-26,38.9,24.4,31.5,0.0,10.6,25.87,45,956.6,21,15.9,Abuja
2008-03-27,34.5,24.8,29.8,0.0,13.4,21.06,53,957.0,51,18.5,Abuja
2008-03-28,34.0,24.8,29.5,0.0,13.3,20.42,58,956.8,42,19.8,Abuja
2008-03-29,35.2,24.7,30.1,0.2,14.3,23.73,56,957.2,18,19.5,Abuja
2008-03-30,36.1,25.1,30.7,0.0,11.5,23.16,53,956.4,16,19.2,Abuja
2008-03-31,36.8,25.1,30.5,0.1,10.3,22.76,53,955.9,64,18.6,Abuja
2008-04-01,37.0,25.0,30.9,0.0,12.5,24.45,47,954.7,84,17.3,Abuja
2008-04-02,36.0,24.9,29.7,2.3,11.3,21.77,57,956.2,76,19.6,Abuja
2008-04-03,33.3,25.9,28.9,0.4,10.1,15.37,59,956.9,82,19.7,Abuja
2008-04-04,31.2,24.8,27.2,6.2,9.9,15.58,71,957.9,99,21.3,Abuja
2008-04-05,30.3,23.1,25.8,4.1,7.4,12.98,79,957.9,100,21.6,Abuja
2008-04-06,30.7,23.6,26.0,10.1,7.2,16.23,79,958.9,80,22.0,Abuja
2008-04-07,35.7,22.8,28.8,0.7,8.4,24.71,57,959.6,98,16.6,Abuja
2008-04-08,34.5,24.3,29.1,0.0,6.5,25.9,51,959.1,96,16.9,Abuja
2008-04-09,34.7,24.2,29.4,0.0,8.1,25.56,53,958.2,74,18.0,Abuja
2008-04-10,35.0,24.2,29.4,0.0,8.7,26.56,48,957.3,75,16.2,Abuja
2008-04-11,35.2,23.4,29.2,0.0,10.7,25.73,55,956.9,16,18.3,Abuja
2008-04-12,36.1,24.3,29.7,0.0,11.5,24.99,53,957.1,18,17.9,Abuja
2008-04-13,36.6,23.5,30.0,0.0,10.1,26.24,51,956.5,7,16.9,Abuja
2008-04-14,35.2,24.2,29.8,0.0,9.1,25.29,53,956.4,23,18.3,Abuja
2008-04-15,34.7,24.3,29.5,0.0,12.4,24.29,55,957.4,75,18.7,Abuja
2008-04-16,36.6,24.4,30.1,0.0,10.9,22.9,50,958.2,72,17.0,Abuja
2008-04-17,34.0,25.4,28.9,3.7,11.2,22.73,62,958.8,67,20.6,Abuja
2008-04-18,29.8,24.1,26.9,3.2,9.1,12.72,75,959.8,99,21.9,Abuja
2008-04-19,35.6,22.8,28.7,0.0,9.2,26.08,61,959.1,38,19.5,Abuja
2008-04-20,35.5,23.9,29.5,0.0,9.2,26.51,57,959.1,11,19.3,Abuja
2008-04-21,35.8,24.5,29.9,0.0,9.1,25.73,58,957.4,21,20.0,Abuja
2008-04-22,35.8,25.0,29.6,0.2,12.1,24.49,61,957.0,27,20.7,Abuja
2008-04-23,31.9,24.6,28.1,0.0,12.8,14.91,68,958.0,94,21.5,Abuja
2008-04-24,30.1,24.7,26.7,3.7,10.0,13.54,77,959.1,100,22.2,Abuja
2008-04-25,33.3,23.3,27.7,1.7,6.6,22.48,66,957.5,79,20.1,Abuja
2008-04-26,34.0,24.5,28.3,5.2,9.4,24.49,67,957.3,50,21.1,Abuja
2008-04-27,30.5,24.4,27.3,3.9,12.2,18.82,73,958.4,87,21.8,Abuja
2008-04-28,28.5,24.1,26.4,0.0,11.4,9.95,73,958.2,93,21.1,Abuja
2008-04-29,33.4,23.6,28.2,0.0,8.9,23.05,65,957.5,61,20.3,Abuja
2008-04-30,34.9,24.3,29.5,0.0,13.9,25.33,54,956.6,55,18.6,Abuja
2008-05-01,33.6,24.4,28.4,0.0,10.9,20.95,67,957.9,86,21.0,Abuja
2008-05-02,34.8,24.7,28.4,6.1,11.7,23.84,71,957.6,80,22.0,Abuja
2008-05-03,30.0,24.1,27.4,5.3,11.4,18.37,75,957.6,91,22.4,Abuja
2008-05-04,33.9,24.1,27.9,0.8,10.3,22.97,71,959.0,85,21.7,Abuja
2008-05-05,33.4,23.3,28.2,0.0,9.7,22.45,66,959.7,47,20.5,Abuja
2008-05-06,33.1,24.5,27.9,2.2,10.2,22.14,69,960.1,60,21.4,Abuja
2008-05-07,34.5,24.2,28.9,0.1,8.2,21.99,62,959.2,76,20.3,Abuja
2008-05-08,29.6,24.8,27.1,1.2,11.9,14.48,75,959.3,99,22.1,Abuja
2008-05-09,33.4,23.3,28.1,0.2,12.5,24.31,67,958.5,61,20.9,Abuja
2008-05-10,34.3,24.4,28.1,11.4,8.3,23.04,69,959.1,87,21.4,Abuja
2008-05-11,33.0,23.1,27.4,9.4,10.2,21.08,75,959.4,80,22.0,Abuja
2008-05-12,33.3,24.0,28.0,0.8,9.7,24.09,71,958.8,78,22.0,Abuja
2008-05-13,29.3,24.4,26.6,1.4,13.1,13.1,78,959.7,94,22.4,Abuja
2008-05-14,29.6,23.3,26.1,3.1,8.0,11.62,79,960.8,97,22.0,Abuja
2008-05-15,30.7,23.7,26.7,11.0,7.5,18.58,78,959.9,90,22.3,Abuja
2008-05-16,29.4,23.0,25.5,13.9,11.9,13.42,85,959.9,100,22.7,Abuja
2008-05-17,28.8,22.9,25.7,2.6,8.4,12.32,82,960.5,98,22.3,Abuja
2008-05-18,29.3,22.9,26.0,7.3,7.9,16.01,80,959.9,76,22.2,Abuja
2008-05-19,31.4,23.1,26.9,3.1,6.1,20.95,78,958.8,55,22.5,Abuja
2008-05-20,30.0,23.3,26.2,2.3,10.5,15.29,82,958.9,85,22.8,Abuja
2008-05-21,30.2,22.5,25.9,2.3,8.2,16.09,81,959.0,84,22.2,Abuja
2008-05-22,30.1,22.5,26.1,0.0,9.1,16.04,79,958.7,69,22.0,Abuja
2008-05-23,29.4,22.8,26.1,5.1,13.1,16.87,77,958.2,71,21.7,Abuja
2008-05-24,29.3,22.3,25.5,0.3,10.5,12.73,81,959.1,99,21.7,Abuja
2008-05-25,29.2,23.1,25.7,2.9,10.6,17.05,80,959.5,97,21.9,Abuja
2008-05-26,29.5,21.9,25.4,3.9,13.8,12.86,79,959.3,97,21.2,Abuja
2008-05-27,28.8,22.7,25.7,0.2,11.7,13.63,76,958.7,90,21.1,Abuja
2008-05-28,28.3,22.3,25.1,12.4,11.0,15.53,80,959.4,80,21.4,Abuja
2008-05-29,30.6,21.8,26.1,1.4,5.0,22.27,78,959.6,56,21.7,Abuja
2008-05-30,30.0,22.7,26.4,7.2,10.9,20.03,78,959.6,59,22.2,Abuja
2008-05-31,28.8,22.6,24.6,5.2,12.7,13.2,86,960.1,90,22.0,Abuja
2008-06-01,30.1,21.5,25.6,0.0,8.7,15.99,78,959.9,77,21.1,Abuja
2008-06-02,29.0,23.1,25.7,2.8,9.3,14.34,78,959.8,96,21.5,Abuja
2008-06-03,28.3,22.1,24.8,6.2,9.6,13.46,85,960.7,96,21.9,Abuja
2008-06-04,28.2,21.9,25.0,0.4,9.7,11.11,81,961.6,71,21.3,Abuja
2008-06-05,31.4,21.8,26.1,0.4,7.0,20.09,76,961.1,55,21.2,Abuja
2008-06-06,31.2,22.0,26.3,0.2,12.1,19.86,75,960.2,71,21.1,Abuja
2008-06-07,28.4,23.1,25.4,0.9,14.3,14.11,78,960.7,63,21.2,Abuja
2008-06-08,28.0,22.3,25.0,1.1,14.7,13.84,79,960.4,73,21.0,Abuja
2008-06-09,27.5,21.7,24.6,7.0,6.2,11.63,81,960.7,99,21.1,Abuja
2008-06-10,29.1,21.5,24.9,12.9,8.0,17.42,83,961.5,74,21.5,Abuja
2008-06-11,31.6,23.3,27.0,0.0,7.8,20.29,73,960.6,33,21.4,Abuja
2008-06-12,29.1,22.8,25.7,8.9,12.8,15.77,81,959.5,63,22.1,Abuja
2008-06-13,28.8,21.9,24.7,8.1,9.0,17.5,87,959.9,92,22.3,Abuja
2008-06-14,29.1,21.1,25.0,1.6,8.1,15.01,81,960.5,78,21.2,Abuja
2008-06-15,28.8,22.6,25.8,1.1,10.7,16.31,79,959.8,45,21.8,Abuja
2008-06-16,28.3,22.8,25.0,4.9,11.4,12.78,83,960.1,81,21.7,Abuja
2008-06-17,26.9,22.6,24.3,6.7,8.5,11.57,88,960.9,98,22.0,Abuja
2008-06-18,28.6,22.3,25.0,0.1,9.3,16.88,81,961.5,92,21.3,Abuja
2008-06-19,29.2,22.0,25.5,0.4,9.7,18.2,75,961.1,68,20.6,Abuja
2008-06-20,28.3,22.4,25.3,1.3,9.4,18.37,80,960.3,58,21.4,Abuja
2008-06-21,27.5,22.5,25.0,0.5,10.8,13.12,81,959.5,76,21.4,Abuja
2008-06-22,27.6,22.3,24.5,17.3,8.1,13.93,83,960.4,94,21.4,Abuja
2008-06-23,27.1,21.6,23.5,11.9,8.0,12.72,91,960.5,100,21.8,Abuja
2008-06-24,23.4,21.3,22.1,22.3,6.8,3.84,94,960.7,100,21.0,Abuja
2008-06-25,27.9,21.7,24.5,2.0,10.5,17.52,83,961.9,89,21.2,Abuja
2008-06-26,28.3,21.2,24.1,14.6,6.9,15.21,87,962.3,99,21.8,Abuja
2008-06-27,27.2,21.0,23.6,18.0,8.9,15.94,88,962.3,90,21.5,Abuja
2008-06-28,28.5,21.3,24.3,3.3,7.6,15.01,86,962.5,93,21.6,Abuja
2008-06-29,30.0,21.9,25.2,2.1,5.5,18.86,82,961.9,78,21.7,Abuja
2008-06-30,25.9,22.0,23.9,17.5,12.1,13.89,90,961.9,86,22.1,Abuja
2008-07-01,27.6,22.0,24.4,6.1,10.1,11.97,84,962.7,100,21.4,Abuja
2008-07-02,28.9,21.2,24.7,12.0,12.7,18.81,85,961.6,79,21.7,Abuja
2008-07-03,27.7,21.8,24.5,2.4,13.6,11.85,84,961.8,80,21.4,Abuja
2008-07-04,28.1,21.7,25.1,0.1,12.4,14.28,78,961.5,81,20.9,Abuja
2008-07-05,28.3,22.6,24.6,6.6,14.7,16.02,82,962.2,83,21.3,Abuja
2008-07-06,24.8,22.0,23.1,7.6,12.6,8.17,91,961.3,94,21.7,Abuja
2008-07-07,26.8,21.1,23.0,6.6,7.4,12.05,91,961.3,91,21.4,Abuja
2008-07-08,26.4,21.2,23.2,4.5,13.4,12.75,87,962.2,100,20.8,Abuja
2008-07-09,25.8,21.5,22.9,6.6,9.2,11.12,88,963.4,97,20.7,Abuja
2008-07-10,27.2,20.5,23.7,0.9,11.6,14.15,82,963.7,80,20.2,Abuja
2008-07-11,28.5,21.1,24.5,5.5,8.6,18.06,83,962.4,77,21.3,Abuja
2008-07-12,26.9,21.7,24.1,1.8,7.2,14.58,86,961.0,80,21.5,Abuja
2008-07-13,26.8,21.9,23.5,3.7,7.1,9.96,89,959.9,85,21.6,Abuja
2008-07-14,26.4,21.1,23.3,1.6,7.6,10.85,88,960.4,99,21.1,Abuja
2008-07-15,25.4,21.4,22.8,8.7,13.4,13.66,90,961.8,89,21.1,Abuja
2008-07-16,27.8,20.9,23.7,2.6,10.2,18.49,84,962.2,71,20.7,Abuja
2008-07-17,23.3,20.7,21.9,21.9,9.9,6.66,95,961.4,99,21.1,Abuja
2008-07-18,22.6,20.4,21.2,22.8,9.5,5.47,98,961.9,100,20.9,Abuja
2008-07-19,28.0,20.0,23.5,0.7,12.2,17.29,83,962.2,81,20.0,Abuja
2008-07-20,27.3,21.3,24.1,4.7,5.9,15.5,83,962.4,75,21.0,Abuja
2008-07-21,27.5,20.5,23.8,16.1,9.8,15.63,86,961.6,95,21.3,Abuja
2008-07-22,28.3,20.7,23.5,4.2,7.9,16.14,87,961.2,95,21.1,Abuja
2008-07-23,26.1,21.0,23.1,2.4,9.8,14.91,87,962.0,83,20.8,Abuja
2008-07-24,28.2,20.3,24.1,0.8,11.0,18.21,81,962.5,67,20.4,Abuja
2008-07-25,27.5,21.6,23.7,11.0,7.9,15.04,86,961.9,88,21.2,Abuja
2008-07-26,23.5,20.9,21.9,20.6,7.5,6.18,97,962.3,100,21.4,Abuja
2008-07-27,26.6,20.6,23.4,2.2,12.8,16.87,85,963.6,94,20.5,Abuja
2008-07-28,28.7,21.5,24.3,3.3,8.0,18.75,84,962.6,86,21.2,Abuja
2008-07-29,27.1,21.0,23.6,11.3,7.4,11.53,87,961.4,74,21.1,Abuja
2008-07-30,28.3,21.2,23.8,4.3,7.5,17.06,86,960.9,86,21.2,Abuja
2008-07-31,27.2,21.8,23.9,2.1,12.9,14.14,84,961.0,95,20.9,Abuja
2008-08-01,26.4,21.3,23.3,3.8,9.8,11.34,87,960.7,81,21.0,Abuja
2008-08-02,24.7,21.5,22.7,6.4,8.9,8.1,90,960.9,93,21.0,Abuja
2008-08-03,25.4,21.1,22.9,7.1,8.0,10.26,90,960.7,87,21.1,Abuja
2008-08-04,26.9,20.8,23.7,4.5,5.8,15.97,89,961.0,78,21.7,Abuja
2008-08-05,27.9,21.9,23.9,15.8,8.2,17.69,88,961.3,81,21.6,Abuja
2008-08-06,28.2,20.4,23.9,3.8,8.7,16.4,85,960.6,83,21.1,Abuja
2008-08-07,27.7,21.4,23.5,14.5,7.9,15.47,90,960.3,80,21.6,Abuja
2008-08-08,27.7,21.0,23.6,7.9,11.6,16.12,87,960.8,94,21.2,Abuja
2008-08-09,23.1,20.1,22.0,17.2,12.5,5.76,94,962.0,97,20.9,Abuja
2008-08-10,28.0,19.9,23.7,4.2,6.7,18.26,86,961.0,70,21.0,Abuja
2008-08-11,28.0,21.5,24.6,8.5,7.7,17.13,84,959.3,85,21.6,Abuja
2008-08-12,23.7,21.7,22.3,26.4,9.4,6.63,96,959.2,99,21.6,Abuja
2008-08-13,26.5,20.9,23.2,9.2,11.8,14.1,87,961.1,79,20.7,Abuja
2008-08-14,28.0,20.5,23.8,12.5,11.7,14.9,84,961.3,84,20.9,Abuja
2008-08-15,25.8,21.0,22.6,29.4,9.7,9.72,96,959.9,100,21.8,Abuja
2008-08-16,24.4,21.2,22.5,40.1,9.0,7.14,92,959.1,100,21.2,Abuja
2008-08-17,25.4,20.8,22.8,2.5,13.0,9.67,89,960.1,99,20.8,Abuja
2008-08-18,24.8,21.0,22.2,5.6,14.0,7.29,91,960.2,98,20.6,Abuja
2008-08-19,26.0,20.5,22.3,6.0,6.4,11.79,89,960.9,99,20.4,Abuja
2008-08-20,26.9,20.1,22.9,2.5,10.7,14.75,87,960.2,92,20.5,Abuja
2008-08-21,25.5,20.4,22.4,2.1,10.9,11.7,91,960.4,93,20.8,Abuja
2008-08-22,27.2,20.6,22.9,14.0,10.7,13.77,88,960.8,98,20.7,Abuja
2008-08-23,25.1,20.9,22.6,10.0,8.0,8.4,92,962.1,98,21.1,Abuja
2008-08-24,26.7,19.9,23.0,12.8,10.5,13.47,89,961.4,98,20.9,Abuja
2008-08-25,27.9,20.1,23.4,8.7,5.8,17.45,90,960.0,89,21.5,Abuja
2008-08-26,28.7,21.6,24.2,8.5,8.0,18.48,85,960.3,91,21.4,Abuja
2008-08-27,27.5,21.5,23.7,6.5,9.2,12.83,87,960.1,100,21.2,Abuja
2008-08-28,27.0,21.1,23.1,17.2,7.8,13.25,89,959.2,90,21.0,Abuja
2008-08-29,27.7,21.4,23.9,2.4,9.5,19.0,84,960.3,88,21.0,Abuja
2008-08-30,27.6,21.4,24.0,0.3,10.1,14.68,85,961.1,90,21.2,Abuja
2008-08-31,26.0,21.3,23.3,17.6,6.6,13.71,90,959.9,97,21.6,Abuja
2008-09-01,28.7,20.6,24.1,2.4,11.2,17.27,84,959.7,87,21.0,Abuja
2008-09-02,28.5,21.8,24.6,1.1,10.2,15.76,81,960.3,72,21.0,Abuja
2008-09-03,29.0,20.5,24.2,13.3,7.5,17.86,85,959.7,69,21.5,Abuja
2008-09-04,28.5,20.9,23.5,21.2,12.5,15.81,87,960.0,94,21.2,Abuja
2008-09-05,25.1,21.4,22.9,3.1,10.9,7.2,89,962.3,92,21.0,Abuja
2008-09-06,29.1,20.8,24.8,0.8,7.9,17.31,82,961.8,42,21.2,Abuja
2008-09-07,28.8,21.3,25.5,4.5,7.5,19.79,80,960.5,78,21.7,Abuja
2008-09-08,27.9,21.6,24.1,5.6,10.6,15.89,88,960.8,83,21.8,Abuja
2008-09-09,28.2,21.9,24.2,9.8,9.4,18.36,85,962.1,92,21.5,Abuja
2008-09-10,27.8,21.0,23.7,8.4,5.9,15.8,88,962.0,96,21.4,Abuja
2008-09-11,26.8,21.1,23.3,3.8,7.9,11.08,89,961.3,77,21.3,Abuja
2008-09-12,28.3,21.3,24.5,1.0,10.7,19.17,81,960.9,48,20.8,Abuja
2008-09-13,27.5,22.0,24.1,15.4,7.6,15.8,88,960.7,91,21.9,Abuja
2008-09-14,24.7,21.3,22.5,40.9,9.3,7.31,94,961.1,100,21.4,Abuja
2008-09-15,26.0,21.1,22.8,4.9,12.1,11.77,91,962.4,78,21.1,Abuja
2008-09-16,28.4,19.4,24.0,0.7,8.2,17.49,84,961.8,77,20.9,Abuja
2008-09-17,30.8,21.2,25.0,16.1,6.0,21.82,85,959.8,57,22.0,Abuja
2008-09-18,31.2,21.7,25.7,1.5,8.2,19.11,82,960.1,94,22.0,Abuja
2008-09-19,28.5,22.3,24.7,5.6,9.5,16.67,85,961.5,96,21.9,Abuja
2008-09-20,29.3,21.5,24.8,9.6,7.4,18.86,84,961.2,84,21.8,Abuja
2008-09-21,29.3,21.9,24.7,9.4,7.6,17.06,86,960.8,88,22.1,Abuja
2008-09-22,26.8,21.7,24.4,3.2,7.2,10.34,85,961.4,99,21.6,Abuja
2008-09-23,27.8,21.1,24.3,7.7,7.2,14.17,85,961.3,98,21.5,Abuja
2008-09-24,30.5,21.7,25.7,0.9,9.0,20.35,78,960.9,87,21.3,Abuja
2008-09-25,31.3,22.4,26.3,1.6,10.9,22.49,78,960.0,26,21.9,Abuja
2008-09-26,28.8,22.2,25.0,1.7,8.9,12.56,84,960.2,61,21.8,Abuja
2008-09-27,28.8,21.7,24.2,16.8,7.0,15.59,89,960.0,95,22.2,Abuja
2008-09-28,27.9,20.5,23.7,6.5,7.0,14.2,85,961.4,93,20.9,Abuja
2008-09-29,28.6,21.7,24.0,8.2,11.4,13.72,88,961.9,81,21.7,Abuja
2008-09-30,26.3,21.2,23.9,0.1,6.8,10.01,84,962.1,73,21.0,Abuja
2008-10-01,31.0,21.4,25.5,0.6,6.1,22.49,78,961.0,43,21.0,Abuja
2008-10-02,29.3,22.0,25.5,4.0,9.2,20.96,83,960.3,48,22.2,Abuja
2008-10-03,27.1,20.9,23.7,9.6,12.8,9.05,89,959.7,98,21.7,Abuja
2008-10-04,28.4,22.0,24.5,4.5,7.2,17.02,86,959.5,89,21.9,Abuja
2008-10-05,29.9,20.7,24.9,4.1,6.6,18.89,84,958.6,75,21.8,Abuja
2008-10-06,30.8,22.1,25.6,1.9,6.9,18.45,82,959.3,90,21.9,Abuja
2008-10-07,29.0,21.6,24.8,6.5,9.4,16.48,85,959.8,91,22.0,Abuja
2008-10-08,27.3,21.3,23.8,4.6,10.5,12.41,86,960.6,82,21.2,Abuja
2008-10-09,28.4,21.1,24.4,4.9,8.5,18.72,84,959.4,66,21.3,Abuja
2008-10-10,26.8,20.9,23.5,9.7,7.6,14.69,87,959.9,88,21.1,Abuja
2008-10-11,27.6,21.1,23.5,13.9,6.0,10.43,87,961.7,80,21.2,Abuja
2008-10-12,30.3,22.0,25.0,17.1,9.0,22.02,84,961.2,51,21.9,Abuja
2008-10-13,30.4,20.6,24.8,13.2,5.8,21.09,84,959.9,51,21.8,Abuja
2008-10-14,31.0,21.6,26.6,0.0,6.5,21.46,74,959.7,53,21.3,Abuja
2008-10-15,28.2,22.3,24.5,6.1,8.2,14.03,88,961.2,95,22.4,Abuja
2008-10-16,29.7,21.6,25.1,2.0,10.9,14.16,85,961.6,93,22.1,Abuja
2008-10-17,29.3,22.3,25.0,6.6,6.6,17.67,88,960.4,94,22.7,Abuja
2008-10-18,29.7,21.7,25.2,1.9,6.3,18.99,82,960.6,97,21.6,Abuja
2008-10-19,31.9,22.0,26.7,0.0,7.4,22.53,74,961.0,32,21.1,Abuja
2008-10-20,31.5,21.2,26.3,0.5,8.5,23.04,74,960.8,17,20.8,Abuja
2008-10-21,31.1,20.8,25.9,0.2,5.8,22.39,71,960.6,18,19.6,Abuja
2008-10-22,29.7,21.7,25.3,0.9,10.4,19.87,75,961.4,41,20.4,Abuja
2008-10-23,31.3,20.3,26.0,0.0,5.0,22.8,75,961.3,15,20.6,Abuja
2008-10-24,33.2,24.1,28.0,0.0,6.8,22.97,62,961.0,23,19.6,Abuja
2008-10-25,33.0,21.6,28.2,0.0,8.8,24.83,58,960.1,4,18.6,Abuja
2008-10-26,32.4,23.5,27.8,0.0,5.8,24.16,57,960.1,14,18.1,Abuja
2008-10-27,31.9,21.5,26.6,0.0,8.2,22.09,69,960.6,31,20.0,Abuja
2008-10-28,30.2,22.9,25.8,11.5,6.8,19.64,83,961.3,92,22.5,Abuja
2008-10-29,32.5,22.1,27.0,0.3,9.0,21.63,74,960.6,70,21.4,Abuja
2008-10-30,33.3,22.1,27.8,0.0,8.3,23.37,67,959.9,12,20.2,Abuja
2008-10-31,31.6,22.8,26.8,0.0,7.9,20.59,72,959.8,52,21.0,Abuja
2008-11-01,32.3,22.1,27.3,0.0,7.8,21.82,67,959.5,92,20.0,Abuja
2008-11-02,32.2,20.9,26.7,0.0,7.5,23.61,60,959.6,74,17.4,Abuja
2008-11-03,31.5,22.2,26.7,0.0,8.4,22.84,62,959.5,59,18.6,Abuja
2008-11-04,31.0,21.7,26.6,0.0,7.6,22.39,62,960.3,90,18.5,Abuja
2008-11-05,32.3,21.4,26.9,0.0,5.6,22.06,64,959.8,96,18.9,Abuja
2008-11-06,31.6,20.8,26.3,0.0,7.1,21.69,60,958.9,28,17.3,Abuja
2008-11-07,31.9,21.5,26.7,0.0,6.1,23.97,54,958.2,19,16.1,Abuja
2008-11-08,32.7,19.0,26.5,0.0,7.4,23.02,48,958.3,97,13.7,Abuja
2008-11-09,31.4,21.9,26.5,0.0,7.9,21.75,59,959.6,77,17.6,Abuja
2008-11-10,32.9,23.2,27.7,0.0,7.6,21.1,58,960.0,68,17.9,Abuja
2008-11-11,33.2,23.6,28.0,0.0,9.2,21.85,52,960.8,89,16.2,Abuja
2008-11-12,32.9,21.2,26.9,0.0,10.4,23.18,42,960.4,35,11.9,Abuja
2008-11-13,33.0,21.6,27.1,0.0,10.0,23.56,32,959.7,10,8.4,Abuja
2008-11-14,33.1,19.8,26.8,0.0,6.9,23.2,45,958.9,38,13.1,Abuja
2008-11-15,34.8,22.2,27.8,0.0,13.7,23.46,38,957.9,3,11.3,Abuja
2008-11-16,34.9,23.0,28.2,0.0,14.9,23.1,33,957.5,69,9.7,Abuja
2008-11-17,34.3,22.7,28.0,0.0,8.5,22.36,34,957.5,95,9.8,Abuja
2008-11-18,32.2,20.6,26.8,0.0,7.7,21.22,52,957.0,89,16.0,Abuja
2008-11-19,31.3,23.0,27.2,0.0,8.0,20.16,64,958.5,61,19.6,Abuja
2008-11-20,32.7,22.8,28.1,0.0,6.8,19.45,59,960.6,39,19.0,Abuja
2008-11-21,35.0,21.5,28.4,0.0,9.4,22.75,48,961.3,20,14.4,Abuja
2008-11-22,35.4,21.6,28.4,0.0,8.2,22.97,33,960.2,0,9.8,Abuja
2008-11-23,35.6,20.8,28.3,0.0,8.6,22.67,37,958.5,0,11.0,Abuja
2008-11-24,35.0,20.6,28.1,0.0,7.6,22.63,37,959.1,1,11.3,Abuja
2008-11-25,34.5,21.9,28.2,0.0,7.1,21.95,48,959.9,3,15.2,Abuja
2008-11-26,35.1,22.9,29.0,0.0,7.6,21.31,48,960.2,11,16.1,Abuja
2008-11-27,36.7,22.0,29.5,0.0,10.9,22.61,39,959.0,1,11.5,Abuja
2008-11-28,34.9,20.5,28.2,0.0,7.2,22.5,31,957.9,3,9.3,Abuja
2008-11-29,35.5,21.4,28.8,0.0,6.9,22.12,43,958.2,31,14.2,Abuja
2008-11-30,35.3,23.0,29.3,0.0,8.7,21.3,47,959.4,23,15.9,Abuja
2008-12-01,35.2,23.0,29.3,0.0,8.0,21.54,48,959.7,11,16.4,Abuja
2008-12-02,33.7,22.8,28.5,0.0,8.6,19.98,54,959.3,20,17.7,Abuja
2008-12-03,33.8,23.0,28.6,0.0,10.7,20.22,56,957.8,72,18.1,Abuja
2008-12-04,30.4,23.6,26.8,0.0,10.2,13.9,71,957.9,94,20.9,Abuja
2008-12-05,30.2,22.2,25.2,19.7,10.2,15.81,80,959.8,86,21.1,Abuja
2008-12-06,29.1,21.5,25.0,0.4,6.2,12.68,79,960.8,98,20.8,Abuja
2008-12-07,33.5,22.6,27.5,0.0,6.6,21.25,54,961.1,46,15.5,Abuja
2008-12-08,32.2,21.6,26.8,0.0,6.4,21.07,45,960.7,85,13.5,Abuja
2008-12-09,32.1,23.2,27.7,0.0,6.4,20.76,52,960.1,33,16.8,Abuja
2008-12-10,31.7,22.2,27.1,0.0,5.4,19.81,63,959.9,27,19.3,Abuja
2008-12-11,32.6,23.5,27.9,0.0,5.5,20.56,58,960.9,32,18.3,Abuja
2008-12-12,32.9,21.4,26.9,0.0,6.8,19.14,59,959.6,60,17.6,Abuja
2008-12-13,33.7,21.3,27.5,0.0,8.2,20.73,55,959.1,22,16.6,Abuja
2008-12-14,33.8,22.5,27.9,0.0,7.7,21.13,48,958.9,3,15.0,Abuja
2008-12-15,33.7,20.6,27.7,0.0,6.5,21.28,51,957.8,1,15.7,Abuja
2008-12-16,33.8,22.2,27.8,0.0,7.1,20.42,55,957.8,19,17.4,Abuja
2008-12-17,34.4,23.6,28.4,0.0,6.3,20.06,54,958.0,39,17.5,Abuja
2008-12-18,34.5,21.4,28.1,0.0,8.4,21.24,39,956.9,11,12.1,Abuja
2008-12-19,34.0,21.7,27.9,0.0,9.0,21.24,38,957.1,27,11.9,Abuja
2008-12-20,34.4,21.6,28.0,0.0,8.2,21.31,44,957.1,30,13.8,Abuja
2008-12-21,34.7,22.9,28.1,0.0,13.7,22.08,22,957.9,31,3.9,Abuja
2008-12-22,33.8,21.8,27.4,0.0,15.5,21.97,20,959.5,42,2.5,Abuja
2008-12-23,33.5,20.1,26.6,0.0,12.7,22.06,22,960.2,60,2.9,Abuja
2008-12-24,33.8,20.1,26.6,0.0,11.3,22.05,25,960.4,48,4.3,Abuja
2008-12-25,33.8,20.1,26.6,0.0,10.5,21.75,26,959.6,26,4.9,Abuja
2008-12-26,34.4,20.4,27.3,0.0,10.5,21.76,29,959.1,2,6.9,Abuja
2008-12-27,35.8,21.4,28.0,0.0,13.6,22.05,27,958.0,0,6.2,Abuja
2008-12-28,34.9,22.3,28.2,0.0,15.7,22.27,20,957.4,13,2.6,Abuja
2008-12-29,34.4,22.1,27.8,0.0,13.5,21.99,20,958.2,1,2.7,Abuja
2008-12-30,34.1,21.2,27.4,0.0,12.7,22.06,22,959.0,0,3.2,Abuja
2008-12-31,34.4,21.6,27.7,0.0,11.3,21.77,23,959.8,0,4.3,Abuja
2009-01-01,34.5,22.5,28.0,0.0,13.6,21.88,18,959.7,34,1.1,Abuja
2009-01-02,33.0,20.7,26.6,0.0,11.6,22.02,22,960.5,42,2.3,Abuja
2009-01-03,34.0,19.2,26.7,0.0,7.9,21.67,26,960.4,75,4.8,Abuja
2009-01-04,34.4,21.0,27.7,0.0,9.2,21.85,25,959.9,17,5.2,Abuja
2009-01-05,34.3,20.2,27.6,0.0,10.3,21.83,30,959.6,28,7.5,Abuja
2009-01-06,35.0,20.6,27.9,0.0,7.6,21.57,34,958.3,49,9.7,Abuja
2009-01-07,35.8,20.5,28.3,0.0,9.3,21.7,32,957.0,87,8.5,Abuja
2009-01-08,34.9,23.0,28.5,0.0,10.1,21.8,23,957.7,45,5.0,Abuja
2009-01-09,33.7,21.6,28.0,0.0,8.2,20.04,47,959.7,62,15.1,Abuja
2009-01-10,33.4,21.6,27.9,0.0,6.7,18.89,54,960.7,65,16.8,Abuja
2009-01-11,34.4,21.9,29.0,0.0,6.9,20.11,48,959.7,36,16.0,Abuja
2009-01-12,33.3,22.4,27.9,0.3,7.9,19.43,59,959.6,33,18.7,Abuja
2009-01-13,33.6,22.7,28.2,0.0,6.5,19.4,58,959.8,30,18.3,Abuja
2009-01-14,36.0,21.5,28.9,0.0,9.2,21.62,41,958.6,7,13.3,Abuja
2009-01-15,36.3,22.4,29.4,0.0,6.6,21.93,38,958.0,25,12.4,Abuja
2009-01-16,35.4,21.1,28.7,0.0,6.6,21.94,35,957.7,5,11.5,Abuja
2009-01-17,34.9,22.9,29.0,0.1,8.0,21.38,48,958.5,61,16.2,Abuja
2009-01-18,34.1,23.8,29.0,0.0,10.0,19.01,55,959.4,90,18.2,Abuja
2009-01-19,33.7,23.8,28.7,0.0,8.4,19.56,57,959.8,58,18.9,Abuja
2009-01-20,32.2,24.5,28.2,0.4,12.1,16.69,57,959.1,45,18.3,Abuja
2009-01-21,34.7,22.9,28.9,0.0,9.9,20.57,32,959.2,91,10.1,Abuja
2009-01-22,35.5,24.7,29.6,0.0,9.0,20.76,25,960.1,88,7.3,Abuja
2009-01-23,35.7,24.6,29.8,0.0,14.3,22.02,19,959.6,58,3.3,Abuja
2009-01-24,33.6,22.4,28.0,0.0,15.0,21.59,25,959.2,84,5.5,Abuja
2009-01-25,33.6,21.7,27.7,0.0,8.9,22.18,33,960.0,83,9.5,Abuja
2009-01-26,34.2,21.7,28.3,0.0,6.5,20.88,39,960.1,54,12.8,Abuja
2009-01-27,36.1,22.9,29.8,0.0,5.9,21.12,40,960.0,51,13.8,Abuja
2009-01-28,35.5,23.6,29.8,0.0,8.7,21.27,37,959.1,83,13.1,Abuja
2009-01-29,33.1,24.1,28.5,0.2,8.7,19.43,54,959.7,67,18.0,Abuja
2009-01-30,35.1,23.2,29.2,0.0,6.8,20.66,46,959.1,46,15.1,Abuja
2009-01-31,35.4,23.0,29.3,0.0,6.8,21.54,44,958.9,56,15.3,Abuja
2009-02-01,35.5,22.8,29.2,0.0,7.6,22.27,37,958.8,70,12.4,Abuja
2009-02-02,36.3,21.3,29.2,0.0,9.0,23.17,24,959.1,69,5.8,Abuja
2009-02-03,35.3,22.2,28.7,0.0,6.1,21.88,38,960.1,23,12.6,Abuja
2009-02-04,37.5,22.0,29.7,0.0,8.4,23.4,31,959.2,0,8.9,Abuja
2009-02-05,35.0,20.9,28.8,0.0,9.4,22.95,28,959.3,1,8.2,Abuja
2009-02-06,35.8,23.0,29.1,0.0,9.9,22.49,36,959.2,16,11.8,Abuja
2009-02-07,36.5,22.9,29.7,0.0,8.0,22.7,41,958.9,4,14.0,Abuja
2009-02-08,36.0,23.2,29.4,0.0,10.5,22.23,47,959.0,25,15.5,Abuja
2009-02-09,35.8,23.3,29.4,0.0,9.8,22.1,41,959.4,46,13.8,Abuja
2009-02-10,35.7,21.1,28.9,0.0,10.7,23.72,31,960.3,20,8.3,Abuja
2009-02-11,35.7,23.1,29.2,0.0,11.9,24.3,15,959.4,51,-0.4,Abuja
2009-02-12,36.2,21.7,29.3,0.0,10.0,23.9,19,957.9,41,3.2,Abuja
2009-02-13,36.0,22.3,29.6,0.0,7.9,22.74,32,956.3,69,10.6,Abuja
2009-02-14,36.0,23.8,29.9,0.1,7.1,21.82,41,956.9,73,14.5,Abuja
2009-02-15,34.7,24.9,29.5,0.4,8.9,21.0,53,957.1,49,18.2,Abuja
2009-02-16,35.7,25.2,30.1,0.0,9.1,22.2,47,957.0,62,16.8,Abuja
2009-02-17,35.6,24.5,29.8,0.0,10.2,21.95,52,957.8,59,17.8,Abuja
2009-02-18,35.8,23.3,29.7,0.0,7.0,23.24,50,957.1,72,17.0,Abuja
2009-02-19,35.5,23.4,29.6,0.0,9.8,22.04,50,957.0,75,17.0,Abuja
2009-02-20,37.1,23.7,30.4,0.0,7.8,23.08,46,957.1,28,16.0,Abuja
2009-02-21,36.5,23.8,30.1,0.0,9.2,23.28,43,957.5,70,15.1,Abuja
2009-02-22,35.7,23.9,29.8,0.0,9.0,22.13,51,957.8,69,17.3,Abuja
2009-02-23,36.6,24.3,30.3,0.0,7.3,23.82,42,955.7,12,14.8,Abuja
2009-02-24,34.7,24.5,30.0,0.1,10.7,21.43,49,956.2,34,17.4,Abuja
2009-02-25,36.8,24.0,30.5,0.0,7.9,23.68,47,957.3,35,16.3,Abuja
2009-02-26,37.3,25.1,31.1,0.0,8.4,23.99,36,957.6,75,12.9,Abuja
2009-02-27,34.7,23.2,29.4,0.1,8.5,21.52,36,958.0,26,12.6,Abuja
2009-02-28,36.0,24.2,30.2,0.0,11.7,23.91,27,958.6,56,8.4,Abuja
2009-03-01,36.0,23.3,30.0,0.0,11.2,23.9,31,959.9,83,10.6,Abuja
2009-03-02,37.9,24.8,31.3,0.0,12.2,25.25,17,959.5,10,3.1,Abuja
2009-03-03,36.9,22.8,30.2,0.0,10.2,24.96,25,958.8,58,7.6,Abuja
2009-03-04,37.9,24.0,31.1,0.0,8.8,25.48,21,958.1,22,5.0,Abuja
2009-03-05,37.4,24.0,30.6,0.0,6.6,25.02,34,957.7,4,12.0,Abuja
2009-03-06,37.6,24.5,31.3,0.0,9.4,24.53,40,957.2,26,15.0,Abuja
2009-03-07,36.9,25.4,31.1,0.0,10.9,23.14,46,957.4,57,17.2,Abuja
2009-03-08,35.8,25.4,30.5,0.0,9.9,21.09,52,957.8,93,18.6,Abuja
2009-03-09,38.0,24.6,31.1,0.0,8.8,24.95,47,957.8,59,16.1,Abuja
2009-03-10,37.3,23.2,30.7,0.0,9.3,24.83,27,957.7,61,9.3,Abuja
2009-03-11,36.9,23.9,30.7,0.0,9.7,24.37,30,957.3,78,10.9,Abuja
2009-03-12,36.8,25.3,31.4,0.0,5.9,24.13,43,957.0,66,16.6,Abuja
2009-03-13,37.3,25.7,31.2,1.2,7.4,24.01,46,957.2,90,17.5,Abuja
2009-03-14,37.1,25.1,31.1,0.0,8.1,24.62,48,957.9,56,17.5,Abuja
2009-03-15,37.6,24.4,31.7,0.0,10.5,25.83,35,958.3,64,12.1,Abuja
2009-03-16,36.4,23.0,29.8,0.0,7.2,25.68,39,957.8,84,13.5,Abuja
2009-03-17,36.3,25.2,30.8,0.0,9.5,23.41,43,957.6,86,15.8,Abuja
2009-03-18,35.6,25.5,29.6,1.6,10.8,23.13,57,957.5,72,19.7,Abuja
2009-03-19,35.7,24.9,30.1,0.0,13.1,22.81,51,958.4,91,18.0,Abuja
2009-03-20,37.9,25.4,31.0,0.0,10.7,22.13,47,958.7,73,16.1,Abuja
2009-03-21,37.4,25.5,31.0,0.0,9.0,24.98,40,958.4,73,15.1,Abuja
2009-03-22,35.7,25.2,30.6,0.0,10.0,22.18,50,958.1,76,18.3,Abuja
2009-03-23,37.8,25.6,31.9,0.0,10.1,24.79,44,956.7,61,17.2,Abuja
2009-03-24,38.5,26.0,32.2,0.0,10.8,23.31,45,956.1,61,17.2,Abuja
2009-03-25,39.3,24.6,32.2,0.0,10.2,26.13,31,955.6,34,10.2,Abuja
2009-03-26,39.4,24.3,32.2,0.0,15.5,26.18,19,956.4,70,4.4,Abuja
2009-03-27,38.3,24.9,32.0,0.0,10.4,25.81,20,956.1,76,5.8,Abuja
2009-03-28,37.7,26.3,32.1,0.0,11.9,25.0,42,955.6,61,16.8,Abuja
2009-03-29,38.4,26.1,32.2,0.0,10.6,24.24,45,955.8,20,17.4,Abuja
2009-03-30,38.5,26.4,32.6,0.0,10.0,25.01,43,955.8,53,17.1,Abuja
2009-03-31,35.8,25.3,30.3,0.0,12.2,21.12,56,956.6,80,19.9,Abuja
2009-04-01,36.2,25.4,30.8,0.0,15.2,23.67,52,956.5,76,19.1,Abuja
2009-04-02,34.4,25.1,29.3,1.3,14.2,22.1,61,957.5,68,20.4,Abuja
2009-04-03,35.4,24.8,29.9,0.0,10.7,21.64,56,958.1,81,19.4,Abuja
2009-04-04,35.6,25.1,29.4,11.4,13.5,24.16,62,958.2,43,20.7,Abuja
2009-04-05,30.6,23.9,26.6,1.6,10.0,13.06,75,959.6,100,21.5,Abuja
2009-04-06,33.6,24.9,27.8,5.7,12.5,21.06,70,959.5,66,21.4,Abuja
2009-04-07,34.4,23.9,28.2,9.2,8.9,23.96,69,959.0,68,21.6,Abuja
2009-04-08,33.7,24.6,27.9,3.2,10.0,22.73,71,959.0,69,21.6,Abuja
2009-04-09,34.4,23.6,28.5,0.0,15.7,24.47,64,958.6,86,20.2,Abuja
2009-04-10,31.4,23.8,27.1,0.0,13.0,17.39,69,958.9,62,20.5,Abuja
2009-04-11,33.8,23.8,28.6,0.0,12.3,23.61,60,959.0,58,19.6,Abuja
2009-04-12,33.2,23.6,28.1,10.2,13.7,22.9,69,958.5,87,21.6,Abuja
2009-04-13,29.5,23.7,26.2,0.9,9.4,13.26,81,959.6,92,22.6,Abuja
2009-04-14,31.4,24.0,27.7,0.4,7.5,19.78,73,960.2,97,22.2,Abuja
2009-04-15,33.5,24.5,28.3,1.4,9.6,22.87,71,960.6,83,22.2,Abuja
2009-04-16,30.1,24.9,27.1,5.9,11.5,16.32,77,960.5,97,22.7,Abuja
2009-04-17,31.8,23.9,27.7,0.0,11.5,18.07,69,959.9,72,21.3,Abuja
2009-04-18,31.8,24.1,27.7,0.4,12.6,20.58,70,959.9,89,21.4,Abuja
2009-04-19,33.0,24.0,28.0,0.0,10.1,21.25,69,960.3,90,21.3,Abuja
2009-04-20,36.0,24.9,29.9,0.2,9.0,25.59,61,959.7,74,21.2,Abuja
2009-04-21,34.0,24.6,28.4,3.9,14.5,23.04,72,958.9,87,22.7,Abuja
2009-04-22,32.3,23.5,27.6,15.4,7.2,18.27,76,957.7,75,22.4,Abuja
2009-04-23,31.9,25.1,28.1,4.5,9.7,19.83,73,957.4,78,22.6,Abuja
2009-04-24,31.5,23.4,26.7,1.8,9.4,13.42,80,958.5,73,22.6,Abuja
2009-04-25,31.8,24.5,27.4,4.6,9.3,16.97,77,958.9,75,22.8,Abuja
2009-04-26,31.0,23.5,26.9,5.4,7.3,16.58,80,959.6,96,23.0,Abuja
2009-04-27,33.9,23.6,27.6,3.1,8.3,24.77,75,959.2,67,22.5,Abuja
2009-04-28,31.8,24.3,27.6,1.4,9.2,19.01,73,960.1,79,22.2,Abuja
2009-04-29,30.4,24.0,27.2,0.3,10.6,13.42,74,960.3,85,22.1,Abuja
2009-04-30,32.0,24.2,28.0,0.0,12.2,18.46,72,959.5,76,22.3,Abuja
2009-05-01,32.6,24.1,27.9,0.1,10.7,18.62,71,958.2,61,21.9,Abuja
2009-05-02,31.4,24.7,27.8,0.4,12.1,18.16,74,958.3,74,22.5,Abuja
2009-05-03,32.6,24.4,28.0,0.0,8.7,18.51,70,958.6,56,21.7,Abuja
2009-05-04,31.7,23.4,26.8,22.3,8.9,19.06,79,958.9,89,22.6,Abuja
2009-05-05,31.0,23.4,26.0,8.9,8.5,17.04,84,959.5,100,22.9,Abuja
2009-05-06,29.3,23.7,25.6,7.9,7.7,16.07,84,960.4,100,22.5,Abuja
2009-05-07,30.8,22.8,26.2,2.1,4.7,18.68,80,959.9,99,22.3,Abuja
2009-05-08,29.6,23.3,25.7,10.7,9.8,15.86,83,959.8,95,22.5,Abuja
2009-05-09,28.0,22.2,23.8,22.2,9.0,9.94,90,961.1,99,21.9,Abuja
2009-05-10,30.0,21.3,25.4,0.3,11.0,18.48,80,960.5,89,21.3,Abuja
2009-05-11,31.9,22.6,26.5,7.2,4.5,24.45,78,959.5,71,22.0,Abuja
2009-05-12,31.7,22.5,26.8,0.6,8.2,22.2,75,959.5,28,21.7,Abuja
2009-05-13,31.9,22.5,26.9,0.1,8.9,22.33,75,960.0,70,21.6,Abuja
2009-05-14,30.5,23.0,26.5,1.7,9.2,19.51,77,959.8,88,22.1,Abuja
2009-05-15,29.6,23.0,26.1,0.2,8.2,14.73,79,959.4,69,22.1,Abuja
2009-05-16,29.8,23.6,26.7,2.5,9.5,20.38,79,959.3,64,22.7,Abuja
2009-05-17,33.1,23.0,27.8,0.0,7.5,22.23,74,959.2,68,22.2,Abuja
2009-05-18,32.7,24.0,27.7,0.9,5.6,22.74,77,958.9,60,22.9,Abuja
2009-05-19,31.9,23.6,27.5,1.0,7.9,20.78,77,959.7,90,22.9,Abuja
2009-05-20,32.5,24.6,28.2,0.6,8.9,20.92,73,959.6,68,22.7,Abuja
2009-05-21,30.3,23.9,26.9,0.2,10.4,15.9,76,959.8,94,22.2,Abuja
2009-05-22,32.6,23.1,27.8,0.0,11.0,22.56,70,959.9,56,21.4,Abuja
2009-05-23,32.2,23.8,27.8,0.0,9.9,21.14,69,961.0,23,21.3,Abuja
2009-05-24,31.6,23.8,27.7,0.6,6.8,22.97,74,960.0,28,22.5,Abuja
2009-05-25,28.8,23.1,25.3,12.6,10.9,11.33,85,960.7,99,22.5,Abuja
2009-05-26,32.0,22.1,26.8,0.0,7.7,22.36,77,959.6,65,22.0,Abuja
2009-05-27,32.4,24.0,27.9,0.2,11.1,23.04,69,958.9,52,21.5,Abuja
2009-05-28,30.5,23.8,26.9,2.3,10.0,18.33,79,958.8,60,22.9,Abuja
2009-05-29,29.9,22.8,25.8,12.5,11.0,17.16,84,959.3,65,22.7,Abuja
2009-05-30,31.9,22.7,26.7,0.4,6.3,21.28,78,959.8,67,22.2,Abuja
2009-05-31,32.5,23.4,27.8,0.0,7.4,22.5,70,960.6,29,21.6,Abuja
2009-06-01,31.8,23.8,27.7,0.4,10.2,20.16,72,960.1,33,21.9,Abuja
2009-06-02,29.7,23.6,26.4,0.6,10.7,15.03,78,960.8,56,22.0,Abuja
2009-06-03,30.3,23.2,26.7,3.0,11.2,17.39,77,960.7,35,22.1,Abuja
2009-06-04,28.5,23.1,25.7,0.6,10.6,13.18,81,961.8,71,22.0,Abuja
2009-06-05,28.6,22.9,25.5,4.7,7.3,15.81,81,962.5,69,21.9,Abuja
2009-06-06,29.8,22.6,25.8,4.0,7.0,19.12,83,961.6,72,22.7,Abuja
2009-06-07,28.9,23.3,25.8,4.1,9.2,17.18,84,961.0,79,22.9,Abuja
2009-06-08,29.5,22.9,26.3,0.2,9.9,13.38,80,959.5,64,22.3,Abuja
2009-06-09,28.8,23.4,25.9,4.6,10.9,13.63,81,959.3,87,22.3,Abuja
2009-06-10,29.6,23.2,25.3,6.5,8.2,15.58,85,960.5,84,22.4,Abuja
2009-06-11,26.5,22.2,23.8,18.4,7.1,9.86,91,961.5,99,22.2,Abuja
2009-06-12,29.2,22.1,25.2,5.9,7.0,14.73,82,961.6,86,21.6,Abuja
2009-06-13,29.2,21.8,25.3,0.5,7.2,16.03,83,961.6,99,22.1,Abuja
2009-06-14,28.6,23.0,25.5,4.3,10.0,11.49,82,961.8,88,22.1,Abuja
2009-06-15,27.9,21.4,24.4,3.4,11.8,12.4,87,961.5,97,21.9,Abuja
2009-06-16,28.7,22.5,24.6,6.3,9.5,16.43,84,961.7,85,21.5,Abuja
2009-06-17,28.8,21.7,25.2,0.1,8.7,15.18,82,961.5,70,21.7,Abuja
2009-06-18,29.5,22.0,26.0,0.0,8.1,17.37,77,960.5,48,21.6,Abuja
2009-06-19,28.7,21.9,25.2,14.8,11.0,16.31,81,960.4,70,21.7,Abuja
2009-06-20,27.3,21.1,23.7,15.5,6.6,12.62,87,961.7,93,21.3,Abuja
2009-06-21,28.4,21.5,24.5,7.3,8.4,15.44,86,962.0,78,22.0,Abuja
2009-06-22,29.3,21.7,25.1,8.2,10.0,16.12,81,961.9,95,21.4,Abuja
2009-06-23,28.4,21.5,24.9,11.9,8.6,16.96,84,961.7,68,21.9,Abuja
2009-06-24,29.5,21.6,25.6,0.5,10.1,13.67,81,961.0,75,21.8,Abuja
2009-06-25,29.1,23.2,26.0,2.8,10.1,17.8,79,961.2,66,22.0,Abuja
2009-06-26,25.4,21.8,23.4,15.4,11.0,8.22,91,961.6,98,21.8,Abuja
2009-06-27,28.7,20.7,24.2,9.6,7.6,15.75,87,962.3,96,21.8,Abuja
2009-06-28,27.9,21.2,24.3,6.7,8.5,11.94,85,962.3,97,21.5,Abuja
2009-06-29,27.3,21.5,23.7,20.8,11.5,13.37,88,961.7,98,21.6,Abuja
2009-06-30,27.6,21.2,24.3,22.4,9.3,13.67,81,962.9,96,20.5,Abuja
2009-07-01,27.3,21.7,24.5,0.2,10.4,13.44,82,962.8,81,21.0,Abuja
2009-07-02,28.8,21.5,25.0,0.6,6.6,18.31,80,962.7,53,21.1,Abuja
2009-07-03,28.9,21.9,25.4,11.5,10.1,16.06,82,962.1,94,21.9,Abuja
2009-07-04,27.4,21.6,24.4,1.3,10.0,11.07,85,961.4,84,21.7,Abuja
2009-07-05,28.6,22.4,25.0,11.4,11.0,16.16,84,960.6,77,21.9,Abuja
2009-07-06,28.4,21.2,24.2,9.4,8.9,14.92,87,960.0,94,21.8,Abuja
2009-07-07,26.6,22.4,24.3,0.1,8.9,9.63,85,960.4,98,21.5,Abuja
2009-07-08,28.4,22.1,24.5,10.6,8.4,16.05,85,960.9,95,21.7,Abuja
2009-07-09,26.3,21.6,23.4,7.8,8.5,8.66,89,961.7,99,21.4,Abuja
2009-07-10,22.6,21.2,21.8,32.6,11.8,3.87,97,961.9,97,21.2,Abuja
2009-07-11,27.9,21.0,23.5,1.7,11.8,17.46,85,963.3,79,20.7,Abuja
2009-07-12,27.6,20.8,24.0,1.4,8.7,16.47,86,963.1,69,21.3,Abuja
2009-07-13,27.1,21.8,24.0,10.7,8.2,13.17,86,962.9,89,21.4,Abuja
2009-07-14,27.3,20.8,23.3,14.3,9.5,13.13,88,962.9,89,21.0,Abuja
2009-07-15,28.8,20.7,24.3,3.0,7.9,18.77,85,963.7,66,21.5,Abuja
2009-07-16,29.2,21.8,25.0,7.6,9.0,18.99,84,963.0,87,21.9,Abuja
2009-07-17,26.4,22.0,23.5,12.1,13.4,12.44,90,962.3,90,21.7,Abuja
2009-07-18,28.4,21.4,24.5,1.0,10.0,17.62,81,962.9,79,20.8,Abuja
2009-07-19,28.3,22.1,24.6,12.8,8.3,18.66,83,962.8,76,21.5,Abuja
2009-07-20,28.5,20.9,24.0,15.8,5.6,17.22,87,962.7,94,21.6,Abuja
2009-07-21,27.3,21.5,24.0,2.9,12.4,12.91,86,961.8,79,21.5,Abuja
2009-07-22,28.5,21.8,24.7,0.6,9.2,18.75,83,961.7,77,21.4,Abuja
2009-07-23,28.2,22.4,24.8,2.3,10.5,16.56,83,961.0,88,21.6,Abuja
2009-07-24,27.8,22.1,24.7,3.4,9.4,15.85,83,960.9,92,21.6,Abuja
2009-07-25,28.1,22.0,24.0,14.2,10.2,15.27,88,961.2,86,21.8,Abuja
2009-07-26,26.1,21.5,23.4,15.1,5.5,9.53,91,961.7,100,21.9,Abuja
2009-07-27,25.1,21.7,22.9,12.0,9.3,9.73,94,961.7,100,21.8,Abuja
2009-07-28,28.2,21.3,23.7,9.7,8.5,15.21,88,962.7,94,21.4,Abuja
2009-07-29,26.9,21.4,24.1,2.9,7.9,13.81,87,962.4,94,21.7,Abuja
2009-07-30,26.9,21.8,24.1,2.7,8.6,12.51,88,961.4,85,21.9,Abuja
2009-07-31,28.5,21.9,24.0,15.1,9.8,16.17,90,961.8,94,22.2,Abuja
2009-08-01,27.2,21.2,23.8,1.6,12.7,15.49,85,962.7,94,20.9,Abuja
2009-08-02,27.7,21.9,24.2,4.8,8.2,13.9,87,962.0,94,21.8,Abuja
2009-08-03,23.2,21.4,22.2,104.8,9.0,3.5,96,961.7,100,21.5,Abuja
2009-08-04,28.2,21.3,24.3,3.2,8.0,16.19,84,962.2,92,21.2,Abuja
2009-08-05,28.0,21.3,24.0,5.9,6.5,14.79,90,962.1,97,22.2,Abuja
2009-08-06,28.6,21.8,24.5,2.7,8.3,16.61,84,962.1,84,21.5,Abuja
2009-08-07,28.0,21.9,24.5,1.4,8.7,15.89,85,962.2,78,21.7,Abuja
2009-08-08,29.8,22.1,25.2,6.8,6.1,19.29,83,961.5,85,22.0,Abuja
2009-08-09,28.8,22.0,24.6,6.6,8.1,15.57,86,960.6,94,22.0,Abuja
2009-08-10,26.5,22.4,23.7,17.1,10.2,10.77,90,961.3,97,21.9,Abuja
2009-08-11,28.0,21.8,23.9,10.2,7.6,15.93,87,962.3,87,21.4,Abuja
2009-08-12,26.1,22.1,23.5,27.8,9.2,14.39,91,961.6,92,22.0,Abuja
2009-08-13,24.8,21.2,22.8,9.2,8.5,9.31,92,961.2,96,21.3,Abuja
2009-08-14,28.0,21.2,23.8,12.2,6.9,17.62,88,961.2,82,21.5,Abuja
2009-08-15,29.3,21.7,24.9,4.1,8.7,21.03,81,961.4,77,21.3,Abuja
2009-08-16,24.0,21.7,22.8,16.4,5.2,6.51,93,961.4,100,21.6,Abuja
2009-08-17,26.6,21.3,23.5,4.7,10.8,15.67,86,960.8,83,21.0,Abuja
2009-08-18,28.2,21.4,24.3,7.5,9.4,18.08,84,960.7,88,21.2,Abuja
2009-08-19,28.7,21.3,24.2,8.7,7.1,18.64,86,960.6,88,21.6,Abuja
2009-08-20,27.6,21.3,24.0,13.0,6.5,12.3,87,960.9,93,21.7,Abuja
2009-08-21,28.8,21.9,24.5,7.1,6.2,17.24,86,960.7,88,21.8,Abuja
2009-08-22,26.7,21.8,23.8,4.7,6.5,12.68,88,960.3,91,21.5,Abuja
2009-08-23,28.0,21.2,24.4,5.5,8.9,15.57,84,960.7,82,21.3,Abuja
2009-08-24,29.5,21.4,24.2,21.0,8.2,18.04,87,960.4,91,21.8,Abuja
2009-08-25,28.0,21.6,24.0,1.7,8.9,13.74,89,960.4,88,21.9,Abuja
2009-08-26,28.5,21.2,24.4,5.4,9.3,17.56,84,961.1,82,21.3,Abuja
2009-08-27,28.4,22.3,24.3,10.6,11.2,17.81,88,961.1,95,22.1,Abuja
2009-08-28,23.5,21.6,22.3,13.9,13.0,4.42,97,960.0,100,21.8,Abuja
2009-08-29,27.7,21.4,23.6,4.8,13.4,17.55,87,960.8,86,21.1,Abuja
2009-08-30,28.3,21.5,23.9,22.7,11.2,17.87,87,961.7,88,21.5,Abuja
2009-08-31,24.2,21.4,22.3,18.0,12.3,5.37,96,962.4,100,21.6,Abuja
2009-09-01,28.8,20.8,24.2,2.3,6.9,19.19,84,963.3,87,21.0,Abuja
2009-09-02,28.4,21.6,24.5,7.4,6.3,14.92,85,962.7,96,21.7,Abuja
2009-09-03,29.0,21.7,24.6,7.7,8.3,16.95,84,962.4,80,21.4,Abuja
2009-09-04,28.9,21.5,24.2,20.9,9.7,15.56,88,962.1,88,21.9,Abuja
2009-09-05,27.6,21.6,23.5,29.4,13.0,14.93,89,962.7,75,21.5,Abuja
2009-09-06,28.6,20.5,24.2,6.5,9.6,18.15,85,963.5,78,21.5,Abuja
2009-09-07,26.7,21.7,24.2,6.2,8.4,16.07,91,962.4,82,22.6,Abuja
2009-09-08,29.1,21.4,24.9,7.9,6.9,14.91,85,961.3,85,22.2,Abuja
2009-09-09,29.3,21.8,25.0,6.8,6.7,18.69,85,960.9,65,22.3,Abuja
2009-09-10,27.3,22.0,24.4,4.1,8.9,15.4,86,962.1,87,21.8,Abuja
2009-09-11,28.9,21.6,25.0,3.9,6.5,18.53,83,961.6,84,21.8,Abuja
2009-09-12,30.0,21.0,24.8,9.0,7.1,21.17,86,961.4,58,22.0,Abuja
2009-09-13,29.1,21.6,25.5,1.2,10.8,17.55,82,962.0,72,22.1,Abuja
2009-09-14,29.4,22.3,25.0,7.3,8.1,17.61,84,962.8,93,22.1,Abuja
2009-09-15,28.5,22.2,24.3,10.5,8.0,15.83,88,962.5,100,22.0,Abuja
2009-09-16,28.5,20.9,23.9,9.0,8.7,17.55,87,962.1,82,21.4,Abuja
2009-09-17,30.2,20.2,24.9,3.4,6.9,17.46,82,961.2,61,21.4,Abuja
2009-09-18,29.5,22.4,25.3,12.4,9.0,19.13,85,960.9,66,22.5,Abuja
2009-09-19,26.6,21.6,23.5,6.8,11.2,9.84,91,961.7,89,22.0,Abuja
2009-09-20,28.7,21.6,24.4,6.5,8.4,15.1,84,961.7,80,21.3,Abuja
2009-09-21,27.5,21.9,24.7,4.1,5.9,16.51,86,962.1,89,22.2,Abuja
2009-09-22,29.5,22.9,25.9,2.4,6.4,17.14,80,960.8,94,22.0,Abuja
2009-09-23,29.8,22.1,26.2,0.0,8.9,19.42,78,960.7,72,21.9,Abuja
2009-09-24,31.2,22.7,26.0,18.1,7.4,22.16,80,961.1,67,22.0,Abuja
2009-09-25,28.4,21.7,25.1,0.0,6.8,11.61,84,960.9,99,22.1,Abuja
2009-09-26,30.9,22.7,26.1,16.4,9.2,21.82,82,961.0,69,22.6,Abuja
2009-09-27,28.2,21.8,24.6,4.8,9.5,12.91,87,961.8,94,22.1,Abuja
2009-09-28,29.4,21.1,24.7,12.1,6.2,17.4,86,961.5,71,22.0,Abuja
2009-09-29,29.4,20.8,25.1,1.5,7.9,14.38,83,961.8,62,21.8,Abuja
2009-09-30,29.5,22.2,25.1,8.4,9.2,18.2,85,961.7,97,22.3,Abuja
2009-10-01,28.9,21.2,24.8,7.1,10.2,13.45,84,961.8,95,21.8,Abuja
2009-10-02,29.5,21.8,25.1,3.3,5.9,15.96,85,961.5,67,22.3,Abuja
2009-10-03,28.6,22.3,24.7,8.5,6.4,14.5,88,961.4,81,22.4,Abuja
2009-10-04,27.7,21.6,24.1,1.9,6.3,10.67,87,961.0,88,21.8,Abuja
2009-10-05,28.0,21.5,24.3,2.9,8.0,12.61,87,961.0,86,22.0,Abuja
2009-10-06,28.6,21.6,24.6,5.6,7.0,13.7,86,961.3,84,21.9,Abuja
2009-10-07,25.1,21.5,23.2,4.8,7.5,6.41,93,961.5,98,22.0,Abuja
2009-10-08,26.6,21.9,23.8,2.8,8.6,9.4,89,961.6,97,21.9,Abuja
2009-10-09,29.7,22.7,25.5,1.9,5.8,18.16,82,961.1,66,22.0,Abuja
2009-10-10,29.4,21.6,25.3,0.1,6.9,15.9,80,960.0,33,21.3,Abuja
2009-10-11,29.1,21.9,25.0,4.1,6.9,19.45,83,959.7,53,21.7,Abuja
2009-10-12,28.7,22.4,24.5,3.7,8.2,12.83,86,960.2,85,21.9,Abuja
2009-10-13,28.8,21.5,24.4,10.4,7.1,17.06,87,960.0,76,21.9,Abuja
2009-10-14,25.5,21.5,22.9,5.9,7.7,6.62,91,960.2,97,21.2,Abuja
2009-10-15,28.8,20.7,24.6,0.6,5.9,17.18,82,959.5,73,21.1,Abuja
2009-10-16,30.7,22.6,26.2,0.0,7.0,19.97,76,959.8,88,21.2,Abuja
2009-10-17,29.8,22.4,25.9,0.3,7.6,17.74,81,959.5,69,22.2,Abuja
2009-10-18,29.1,22.4,25.5,0.5,9.1,16.1,82,958.5,71,22.1,Abuja
2009-10-19,29.6,21.5,25.5,2.3,8.3,19.69,83,958.6,70,22.2,Abuja
2009-10-20,27.8,21.3,24.1,16.0,9.8,13.46,88,959.7,98,21.9,Abuja
2009-10-21,25.8,21.3,23.2,9.8,5.8,10.48,92,960.8,73,21.8,Abuja
2009-10-22,29.5,20.4,25.3,1.3,9.5,18.18,79,960.7,64,21.0,Abuja
2009-10-23,29.5,22.1,24.9,6.7,5.8,19.63,85,960.9,86,22.0,Abuja
2009-10-24,29.1,22.0,24.7,8.4,8.7,14.11,87,960.3,92,22.0,Abuja
2009-10-25,27.5,21.6,23.9,5.1,5.1,11.1,89,959.5,95,21.9,Abuja
2009-10-26,29.7,21.1,25.4,1.2,6.3,17.96,82,958.9,62,21.9,Abuja
2009-10-27,29.6,22.4,25.5,1.6,7.4,17.6,83,960.1,80,22.3,Abuja
2009-10-28,30.0,22.7,25.0,19.3,6.4,19.74,84,960.3,79,22.1,Abuja
2009-10-29,28.4,21.3,24.2,8.1,6.4,12.31,87,959.7,97,21.7,Abuja
2009-10-30,29.3,22.1,24.9,6.6,4.1,18.82,87,959.2,77,22.4,Abuja
2009-10-31,32.8,21.2,27.1,0.0,7.6,22.83,72,958.4,35,20.9,Abuja
2009-11-01,31.2,22.5,26.7,0.0,6.8,20.96,73,958.2,61,21.1,Abuja
2009-11-02,32.1,22.7,27.0,0.0,8.4,21.64,74,958.3,57,21.5,Abuja
2009-11-03,32.7,23.1,27.5,0.1,8.9,23.02,69,958.6,83,20.8,Abuja
2009-11-04,31.4,22.3,26.9,0.0,7.8,21.82,75,959.8,73,21.7,Abuja
2009-11-05,30.2,22.8,26.2,0.3,7.2,15.6,78,961.0,65,21.8,Abuja
2009-11-06,31.3,22.2,26.7,0.0,7.4,21.43,76,958.8,57,21.8,Abuja
2009-11-07,30.8,23.0,26.6,0.9,6.8,19.71,78,958.8,67,22.2,Abuja
2009-11-08,30.4,22.3,26.2,0.6,6.8,18.49,82,959.2,78,22.6,Abuja
2009-11-09,29.1,23.3,25.6,0.6,6.9,14.84,83,961.0,90,22.4,Abuja
2009-11-10,29.5,22.2,25.6,0.0,8.3,16.66,81,960.2,69,21.8,Abuja
2009-11-11,30.5,23.4,26.0,11.6,6.9,20.66,81,958.1,31,22.3,Abuja
2009-11-12,29.1,21.7,25.1,0.4,7.9,13.94,83,958.5,67,21.8,Abuja
2009-11-13,29.7,22.2,25.3,0.9,7.4,16.74,84,958.9,47,22.3,Abuja
2009-11-14,30.9,22.1,25.8,0.4,7.8,19.19,78,959.4,27,21.2,Abuja
2009-11-15,32.7,22.8,27.0,0.0,8.4,21.8,66,959.2,26,19.5,Abuja
2009-11-16,31.7,20.0,25.7,0.0,6.4,22.88,50,959.6,44,13.5,Abuja
2009-11-17,31.4,20.4,25.4,0.0,12.0,23.42,42,959.9,11,10.9,Abuja
2009-11-18,31.4,20.0,25.3,0.0,11.0,23.23,41,960.9,1,10.6,Abuja
2009-11-19,31.6,21.6,26.0,0.0,12.0,21.46,41,960.7,48,11.4,Abuja
2009-11-20,31.8,19.7,26.0,0.0,8.0,22.77,48,961.7,21,13.7,Abuja
2009-11-21,32.1,21.1,26.1,0.0,11.5,23.05,43,961.6,1,12.0,Abuja
2009-11-22,31.9,20.8,26.2,0.0,9.9,22.71,41,961.4,0,11.5,Abuja
2009-11-23,32.4,20.4,26.3,0.0,10.4,22.19,48,960.4,60,13.6,Abuja
2009-11-24,33.0,22.0,26.8,0.0,12.8,22.26,42,960.3,73,12.1,Abuja
2009-11-25,34.1,22.3,27.5,0.0,13.3,22.6,37,959.9,43,10.8,Abuja
2009-11-26,33.7,22.6,27.5,0.0,11.0,22.57,35,960.4,2,10.4,Abuja
2009-11-27,33.0,22.2,27.3,0.0,12.7,21.75,35,960.4,88,10.2,Abuja
2009-11-28,33.2,21.1,27.1,0.0,11.3,22.18,38,960.6,67,10.8,Abuja
2009-11-29,33.7,21.9,27.3,0.0,11.6,22.45,33,960.2,5,9.0,Abuja
2009-11-30,33.7,21.6,27.3,0.0,11.8,22.46,32,959.5,0,8.6,Abuja
2009-12-01,34.0,21.3,27.4,0.0,10.7,22.35,35,959.7,8,9.8,Abuja
2009-12-02,34.1,21.1,27.5,0.0,10.2,22.29,35,959.5,57,9.9,Abuja
2009-12-03,33.2,22.0,27.4,0.0,10.5,21.11,34,960.1,98,9.9,Abuja
2009-12-04,34.1,22.2,27.8,0.0,10.7,22.12,32,959.9,37,9.2,Abuja
2009-12-05,33.5,21.8,27.5,0.0,10.9,21.97,33,960.2,0,9.6,Abuja
2009-12-06,34.2,22.0,27.6,0.0,10.7,22.01,33,959.4,16,9.4,Abuja
2009-12-07,34.9,22.5,27.9,0.0,13.8,22.15,26,958.7,33,5.7,Abuja
2009-12-08,34.4,21.6,27.8,0.0,10.8,22.0,27,959.2,3,6.7,Abuja
2009-12-09,33.9,21.6,27.5,0.0,10.5,21.59,30,959.5,65,7.9,Abuja
2009-12-10,33.6,21.1,27.6,0.0,8.5,20.25,37,959.5,23,10.8,Abuja
2009-12-11,32.7,21.2,27.1,0.0,8.1,20.91,45,959.4,35,13.9,Abuja
2009-12-12,31.7,21.7,27.1,0.0,7.3,17.58,51,959.1,39,15.9,Abuja
2009-12-13,33.3,22.3,28.0,0.0,7.7,20.7,53,960.0,5,17.1,Abuja
2009-12-14,34.6,22.5,28.8,0.0,4.1,20.85,48,960.1,5,15.8,Abuja
2009-12-15,34.6,21.1,28.1,0.0,6.9,21.34,47,960.1,6,14.9,Abuja
2009-12-16,36.5,22.0,28.9,0.0,10.5,21.74,30,959.8,12,8.1,Abuja
2009-12-17,36.2,23.5,29.2,0.0,11.0,21.83,26,959.5,9,7.1,Abuja
2009-12-18,35.7,23.2,29.0,0.0,10.7,21.8,27,959.0,4,7.7,Abuja
2009-12-19,34.6,21.0,28.2,0.0,7.7,21.36,36,958.8,0,11.4,Abuja
2009-12-20,34.8,21.4,28.2,0.0,5.2,21.32,41,959.6,5,13.2,Abuja
2009-12-21,35.5,22.1,28.8,0.0,6.6,21.37,33,960.6,50,10.2,Abuja
2009-12-22,36.2,22.4,29.1,0.0,8.4,21.82,24,961.4,44,5.7,Abuja
2009-12-23,36.1,23.0,28.8,0.0,12.4,22.13,19,960.7,0,1.7,Abuja
2009-12-24,34.3,21.0,27.7,0.0,8.4,21.76,26,960.3,0,6.2,Abuja
2009-12-25,34.0,21.9,27.6,0.0,11.1,21.91,24,961.0,0,4.8,Abuja
2009-12-26,33.4,20.7,27.1,0.0,12.6,22.21,18,960.9,4,0.5,Abuja
2009-12-27,33.7,19.4,26.5,0.0,10.8,22.29,22,960.3,50,2.4,Abuja
2009-12-28,34.2,19.9,26.9,0.0,10.8,22.22,23,959.8,0,3.1,Abuja
2009-12-29,34.8,21.9,27.7,0.0,12.3,22.15,21,959.6,0,2.8,Abuja
2009-12-30,35.3,21.9,28.2,0.0,12.3,22.11,20,959.1,0,2.6,Abuja
2009-12-31,34.2,22.1,28.0,0.0,12.3,21.9,21,960.3,0,3.4,Abuja
2010-01-01,34.2,21.2,27.6,0.0,9.0,21.67,26,960.2,45,5.6,Abuja
2010-01-02,35.1,20.8,27.7,0.0,11.2,21.97,25,960.2,7,5.0,Abuja
2010-01-03,34.5,21.8,27.9,0.0,12.5,22.01,20,960.2,0,2.5,Abuja
2010-01-04,33.9,22.0,27.9,0.0,9.4,21.97,21,960.1,23,3.6,Abuja
2010-01-05,33.9,20.9,27.5,0.0,8.7,21.9,28,959.7,2,6.9,Abuja
2010-01-06,33.7,21.5,27.8,0.0,8.1,21.45,33,959.6,25,9.7,Abuja
2010-01-07,33.3,21.1,27.5,0.0,8.3,20.26,44,959.6,46,13.7,Abuja
2010-01-08,34.8,22.3,28.5,0.0,9.9,21.38,35,959.4,2,11.2,Abuja
2010-01-09,34.8,22.4,28.6,0.0,8.5,21.5,35,958.9,16,11.5,Abuja
2010-01-10,33.7,22.4,28.8,0.0,8.2,19.44,47,958.7,19,16.0,Abuja
2010-01-11,35.8,24.3,29.8,0.0,7.2,21.58,28,959.4,26,8.5,Abuja
2010-01-12,36.6,23.8,29.8,0.0,14.1,22.65,18,959.5,13,1.9,Abuja
2010-01-13,35.2,23.0,28.9,0.0,9.8,22.24,27,959.7,19,7.7,Abuja
2010-01-14,34.0,22.2,28.2,0.0,11.0,21.43,30,960.6,47,8.5,Abuja
2010-01-15,34.7,21.4,28.4,0.0,6.5,20.56,33,961.6,47,10.2,Abuja
2010-01-16,35.8,21.5,28.8,0.0,8.0,22.37,24,961.4,52,5.6,Abuja
2010-01-17,35.1,21.7,28.9,0.0,9.9,20.33,30,962.2,43,9.1,Abuja
2010-01-18,34.6,23.3,28.7,0.0,13.9,21.79,18,962.3,13,1.6,Abuja
2010-01-19,35.1,21.6,28.1,0.0,11.6,22.67,18,961.6,3,1.2,Abuja
2010-01-20,35.0,21.2,27.8,0.0,10.7,22.91,19,960.5,5,1.2,Abuja
2010-01-21,35.3,21.1,28.0,0.0,11.7,22.88,19,961.1,2,1.7,Abuja
2010-01-22,35.4,21.2,28.2,0.0,7.8,22.85,20,960.5,3,2.2,Abuja
2010-01-23,36.4,22.7,29.7,0.0,8.5,22.74,19,959.3,3,2.8,Abuja
2010-01-24,36.1,22.4,29.4,0.0,9.7,22.63,22,958.2,17,5.1,Abuja
2010-01-25,37.5,22.8,30.1,0.0,7.7,22.62,26,958.0,38,7.2,Abuja
2010-01-26,36.2,23.9,30.5,0.0,6.6,21.5,34,958.3,43,12.5,Abuja
2010-01-27,36.7,25.5,30.7,0.0,8.5,21.98,39,958.2,4,14.6,Abuja
2010-01-28,36.8,24.6,31.0,0.0,9.6,21.49,42,958.8,28,15.6,Abuja
2010-01-29,36.5,25.2,30.8,0.0,6.7,21.47,43,958.0,66,15.8,Abuja
2010-01-30,37.8,23.8,30.8,0.0,7.4,22.02,37,958.5,77,13.0,Abuja
2010-01-31,38.1,23.9,30.8,0.0,7.8,23.09,23,958.5,6,7.2,Abuja
2010-02-01,37.4,24.0,30.5,0.0,6.1,22.52,34,959.4,4,12.1,Abuja
2010-02-02,36.9,24.2,30.7,0.0,9.9,22.63,25,959.6,70,7.9,Abuja
2010-02-03,36.0,24.2,30.4,0.0,8.0,22.55,28,960.1,16,9.5,Abuja
2010-02-04,34.8,25.1,30.0,0.0,7.6,20.42,36,960.2,9,12.8,Abuja
2010-02-05,36.6,25.2,30.7,0.0,13.2,23.43,14,960.2,3,-0.6,Abuja
2010-02-06,36.0,23.7,29.6,0.0,14.8,23.98,14,958.9,0,-0.6,Abuja
2010-02-07,35.6,22.5,29.0,0.0,13.5,24.25,15,958.4,1,-0.5,Abuja
2010-02-08,35.6,22.3,29.0,0.0,11.8,24.16,15,958.5,12,-0.7,Abuja
2010-02-09,34.7,22.1,28.7,0.0,8.4,20.44,24,958.6,38,5.6,Abuja
2010-02-10,35.6,24.9,30.3,0.0,6.4,22.3,35,958.5,36,12.7,Abuja
2010-02-11,35.9,25.1,30.5,0.0,7.4,21.83,38,958.0,34,14.1,Abuja
2010-02-12,35.3,24.9,30.1,0.0,7.3,20.97,47,958.1,26,17.0,Abuja
2010-02-13,37.9,25.4,31.7,0.0,6.9,22.15,36,958.7,69,13.2,Abuja
2010-02-14,39.0,26.1,32.3,0.0,6.5,23.52,26,958.5,55,7.5,Abuja
2010-02-15,35.9,25.6,30.6,0.0,11.0,21.78,37,959.0,85,13.7,Abuja
2010-02-16,37.6,25.5,31.6,0.0,6.9,22.88,43,959.4,82,16.4,Abuja
2010-02-17,38.6,25.1,31.6,0.0,7.2,22.93,39,959.0,95,14.5,Abuja
2010-02-18,37.9,25.6,32.1,0.0,8.2,22.46,39,960.0,91,15.4,Abuja
2010-02-19,37.5,25.2,31.9,0.0,9.5,22.63,42,959.7,85,16.7,Abuja
2010-02-20,37.4,26.0,31.7,0.0,8.9,21.2,45,959.1,83,17.1,Abuja
2010-02-21,37.1,25.6,31.8,0.0,10.5,22.12,43,958.0,22,16.9,Abuja
2010-02-22,37.1,24.4,30.9,0.0,11.9,21.77,42,957.7,21,15.2,Abuja
2010-02-23,37.4,25.2,31.4,0.0,7.9,22.17,44,958.2,13,16.3,Abuja
2010-02-24,38.4,25.3,31.9,0.0,8.4,23.32,40,957.9,36,14.7,Abuja
2010-02-25,38.3,24.5,31.3,0.0,8.8,24.16,39,957.8,54,14.3,Abuja
2010-02-26,38.4,25.0,31.7,0.0,10.5,24.33,39,958.0,43,14.3,Abuja
2010-02-27,38.2,24.4,31.3,0.0,8.9,23.98,36,958.7,40,12.9,Abuja
2010-02-28,38.0,23.3,30.7,0.0,8.8,24.48,36,959.6,20,12.8,Abuja
2010-03-01,38.5,24.4,31.3,0.0,7.4,25.15,23,960.2,26,6.8,Abuja
2010-03-02,39.0,26.1,32.0,0.0,11.8,25.44,13,960.5,13,0.1,Abuja
2010-03-03,38.7,26.4,32.1,0.0,11.5,25.85,14,959.8,0,0.6,Abuja
2010-03-04,37.6,25.0,31.5,0.0,12.7,25.26,18,959.6,8,3.8,Abuja
2010-03-05,39.1,25.1,32.1,0.0,8.7,24.62,15,958.5,85,1.3,Abuja
2010-03-06,37.9,23.7,31.0,0.0,9.0,24.6,23,958.4,72,7.0,Abuja
2010-03-07,37.1,25.0,31.2,0.0,9.0,23.41,36,958.7,27,13.5,Abuja
2010-03-08,38.6,25.9,32.2,0.0,8.1,24.35,40,958.6,35,15.4,Abuja
2010-03-09,37.7,26.0,32.0,0.0,10.7,24.08,41,958.1,26,16.3,Abuja
2010-03-10,37.6,26.1,31.6,0.0,13.3,21.58,52,958.5,83,19.2,Abuja
2010-03-11,35.8,27.2,31.4,0.3,13.3,20.51,48,959.1,93,18.7,Abuja
2010-03-12,35.1,26.2,30.5,0.0,10.5,18.41,56,959.1,74,20.1,Abuja
2010-03-13,36.8,25.7,31.4,0.0,10.5,22.88,48,958.7,50,18.4,Abuja
2010-03-14,34.4,25.7,30.1,0.4,16.5,18.88,58,958.5,82,20.4,Abuja
2010-03-15,35.5,26.0,30.2,1.3,13.2,20.31,59,958.4,63,20.9,Abuja
2010-03-16,36.2,26.0,29.7,4.7,14.6,22.47,61,959.5,75,20.7,Abuja
2010-03-17,33.1,25.7,28.7,0.0,8.1,13.68,65,960.1,98,21.0,Abuja
2010-03-18,36.7,25.7,31.0,0.0,8.5,22.35,51,960.3,59,18.9,Abuja
2010-03-19,37.3,26.8,31.6,0.0,9.7,25.45,35,960.7,33,12.6,Abuja
2010-03-20,36.1,24.4,30.2,0.0,16.3,26.58,21,960.7,54,4.5,Abuja
2010-03-21,36.2,24.2,29.9,0.0,14.0,25.54,19,960.7,87,2.9,Abuja
2010-03-22,37.4,24.2,30.7,0.0,13.2,26.51,16,959.2,35,1.1,Abuja
2010-03-23,37.5,24.7,30.9,0.0,12.0,27.06,15,957.6,44,0.9,Abuja
2010-03-24,37.5,24.0,30.9,0.0,11.7,27.23,15,956.9,29,1.1,Abuja
2010-03-25,37.3,23.8,30.9,0.0,13.4,26.25,16,958.4,90,1.0,Abuja
2010-03-26,37.8,25.6,31.6,0.0,12.2,25.07,12,960.0,93,-2.4,Abuja
2010-03-27,38.7,26.5,32.2,0.0,14.3,27.34,12,959.7,72,-1.9,Abuja
2010-03-28,38.7,24.1,31.4,0.0,10.0,26.72,16,959.8,12,1.6,Abuja
2010-03-29,38.0,26.2,31.8,0.0,12.5,27.03,13,959.5,15,-0.3,Abuja
2010-03-30,38.3,26.0,31.9,0.0,13.6,27.35,12,959.2,32,-1.3,Abuja
2010-03-31,38.3,22.9,31.2,0.0,8.7,26.22,26,958.2,4,8.3,Abuja
2010-04-01,39.4,24.2,31.9,0.0,9.9,26.32,21,957.2,12,5.8,Abuja
2010-04-02,39.6,24.5,32.0,0.0,8.8,26.58,19,956.7,44,4.7,Abuja
2010-04-03,37.9,24.1,31.3,0.0,9.8,25.51,36,957.1,34,13.2,Abuja
2010-04-04,38.8,26.0,32.9,0.0,6.9,24.84,34,957.1,43,14.1,Abuja
2010-04-05,39.1,26.1,33.1,0.0,9.4,25.88,39,957.8,49,15.9,Abuja
2010-04-06,35.6,26.4,31.2,1.0,13.3,22.08,54,957.1,64,20.3,Abuja
2010-04-07,36.1,26.4,31.2,0.0,12.6,21.76,54,957.5,81,20.1,Abuja
2010-04-08,39.1,25.9,32.4,0.0,6.9,25.4,47,957.2,26,17.9,Abuja
2010-04-09,38.2,26.4,32.5,0.0,9.2,25.53,42,958.2,27,16.8,Abuja
2010-04-10,34.7,26.7,30.7,0.0,13.8,18.83,56,958.3,93,20.3,Abuja
2010-04-11,38.7,26.6,32.8,0.0,7.6,24.98,42,956.5,62,17.0,Abuja
2010-04-12,38.0,27.2,32.6,0.0,12.5,25.37,46,957.0,34,18.7,Abuja
2010-04-13,37.5,26.6,32.0,0.0,12.7,24.31,51,957.9,29,19.8,Abuja
2010-04-14,37.3,26.2,31.7,0.0,12.6,22.86,53,958.1,83,20.1,Abuja
2010-04-15,35.9,27.6,31.5,0.3,12.1,22.09,56,958.5,70,21.3,Abuja
2010-04-16,33.2,26.5,29.8,1.0,12.9,15.67,63,959.2,66,21.9,Abuja
2010-04-17,34.4,25.0,29.1,1.5,10.7,17.73,66,959.6,99,21.8,Abuja
2010-04-18,38.3,25.8,31.8,0.0,7.9,26.08,53,958.7,37,20.1,Abuja
2010-04-19,36.6,27.0,31.7,1.2,14.0,21.65,54,958.3,27,20.8,Abuja
2010-04-20,33.7,25.8,30.0,0.3,14.0,17.42,64,958.3,81,22.2,Abuja
2010-04-21,33.7,25.6,28.8,2.0,14.5,13.91,69,959.1,93,22.3,Abuja
2010-04-22,32.9,24.8,28.5,0.3,12.4,15.84,71,960.0,83,22.5,Abuja
2010-04-23,34.2,24.9,29.2,0.7,10.5,19.47,66,960.0,34,21.8,Abuja
2010-04-24,32.8,24.7,28.7,0.0,12.2,16.93,67,960.6,65,21.7,Abuja
2010-04-25,34.1,25.0,28.5,5.0,11.5,18.63,70,959.2,64,22.2,Abuja
2010-04-26,32.0,25.2,28.3,2.2,11.5,16.91,72,958.0,95,22.7,Abuja
2010-04-27,31.2,24.9,27.7,6.1,10.5,14.51,76,958.9,95,23.0,Abuja
2010-04-28,31.5,24.1,27.7,1.6,9.5,13.94,75,959.6,98,22.6,Abuja
2010-04-29,33.6,24.6,28.7,0.5,10.2,20.23,71,959.0,85,22.7,Abuja
2010-04-30,30.8,24.9,27.6,3.3,13.3,15.3,76,959.2,93,22.8,Abuja
2010-05-01,31.3,24.2,27.5,3.0,8.8,15.31,77,959.6,86,22.9,Abuja
2010-05-02,31.4,23.5,26.7,10.6,8.2,13.35,80,959.8,100,22.7,Abuja
2010-05-03,30.6,24.3,26.8,6.9,7.9,18.08,81,960.0,84,23.2,Abuja
2010-05-04,32.4,23.0,27.2,10.9,9.5,18.01,77,959.0,97,22.6,Abuja
2010-05-05,30.2,23.9,26.7,5.6,10.2,14.96,82,958.7,93,23.3,Abuja
2010-05-06,30.0,23.3,26.3,3.6,10.7,16.2,82,959.4,91,22.9,Abuja
2010-05-07,32.0,24.1,27.2,4.0,8.4,17.57,76,959.5,98,22.3,Abuja
2010-05-08,31.5,24.0,27.6,0.4,7.2,16.32,77,959.2,93,23.0,Abuja
2010-05-09,30.5,23.8,26.8,4.0,10.6,13.92,82,959.9,87,23.4,Abuja
2010-05-10,30.2,24.0,27.2,0.0,11.0,14.37,75,959.7,81,22.3,Abuja
2010-05-11,32.2,24.0,28.1,0.0,9.0,19.13,72,958.9,26,22.4,Abuja
2010-05-12,34.6,25.0,29.3,0.6,9.7,22.73,68,959.4,38,22.4,Abuja
2010-05-13,32.1,23.9,27.1,8.7,10.9,17.19,80,959.7,77,23.1,Abuja
2010-05-14,30.5,23.8,27.0,1.0,11.9,16.07,79,960.6,85,22.9,Abuja
2010-05-15,31.5,24.4,27.9,0.4,10.0,17.05,74,960.2,49,22.7,Abuja
2010-05-16,30.6,24.7,27.4,2.1,12.0,14.23,76,960.1,71,22.7,Abuja
2010-05-17,31.6,24.2,27.5,0.7,10.8,19.9,78,959.7,52,23.1,Abuja
2010-05-18,30.9,24.1,27.3,0.3,10.4,15.05,77,959.4,61,22.6,Abuja
2010-05-19,31.2,24.2,27.3,1.0,13.1,17.64,76,958.6,64,22.6,Abuja
2010-05-20,28.2,23.8,25.8,6.4,10.2,11.12,86,959.2,98,23.2,Abuja
2010-05-21,29.3,24.1,26.4,2.7,7.2,13.48,83,960.4,97,23.3,Abuja
2010-05-22,30.6,23.3,26.8,1.6,7.1,16.91,81,959.9,58,23.2,Abuja
2010-05-23,31.1,24.2,27.6,0.1,9.3,16.41,76,959.8,80,22.8,Abuja
2010-05-24,31.2,24.0,27.4,0.0,8.4,13.2,76,959.5,86,22.7,Abuja
2010-05-25,29.2,23.6,26.7,13.6,10.4,12.99,81,959.2,76,23.1,Abuja
2010-05-26,29.2,23.5,25.8,1.3,10.8,10.09,85,959.1,99,23.1,Abuja
2010-05-27,29.3,23.4,26.4,1.1,11.2,14.27,82,960.3,87,22.8,Abuja
2010-05-28,30.8,23.3,26.7,13.6,6.1,18.91,80,961.0,80,22.7,Abuja
2010-05-29,30.3,23.0,26.4,2.5,7.3,14.53,83,960.5,95,23.0,Abuja
2010-05-30,30.6,24.4,26.8,8.5,10.2,16.41,81,959.5,96,23.2,Abuja
2010-05-31,28.8,23.2,25.7,3.9,13.0,13.92,85,960.9,95,23.0,Abuja
2010-06-01,28.4,22.5,25.1,1.5,13.0,12.78,85,962.2,88,22.3,Abuja
2010-06-02,27.9,23.0,25.1,11.5,8.8,13.51,86,962.8,97,22.4,Abuja
2010-06-03,28.4,22.6,24.9,2.0,5.4,13.4,86,962.7,76,22.3,Abuja
2010-06-04,30.3,22.9,26.2,0.2,9.8,18.62,78,962.8,48,21.8,Abuja
2010-06-05,30.1,23.4,26.4,0.7,10.7,18.28,78,963.6,55,22.1,Abuja
2010-06-06,28.7,22.3,25.1,11.9,6.2,10.8,85,963.2,91,22.2,Abuja
2010-06-07,30.1,22.8,26.3,0.0,9.3,18.18,78,961.9,75,21.8,Abuja
2010-06-08,29.5,23.1,26.3,0.0,9.3,15.12,75,961.9,68,21.3,Abuja
2010-06-09,30.3,23.4,25.5,20.2,10.1,18.13,83,961.7,76,22.4,Abuja
2010-06-10,30.8,22.3,25.8,6.7,6.9,19.95,83,962.8,93,22.4,Abuja
2010-06-11,29.4,22.1,25.7,3.8,5.1,15.94,84,962.6,85,22.7,Abuja
2010-06-12,29.0,23.7,26.2,1.2,9.2,13.95,84,961.3,76,23.2,Abuja
2010-06-13,30.5,23.2,26.5,0.7,12.2,15.39,79,960.8,77,22.3,Abuja
2010-06-14,28.7,23.4,25.9,2.1,9.2,17.01,83,961.9,87,22.8,Abuja
2010-06-15,29.2,22.7,25.3,6.6,6.9,17.11,86,962.5,77,22.6,Abuja
2010-06-16,29.4,21.9,25.6,1.8,10.8,15.71,82,961.5,84,22.2,Abuja
2010-06-17,28.0,23.1,25.3,0.7,12.5,13.78,79,961.7,71,21.3,Abuja
2010-06-18,29.7,22.4,26.1,0.1,9.0,15.51,77,961.6,58,21.6,Abuja
2010-06-19,29.7,23.4,26.5,1.2,10.0,15.81,80,960.0,98,22.5,Abuja
2010-06-20,27.3,23.4,25.3,9.0,10.6,11.46,85,960.1,86,22.6,Abuja
2010-06-21,29.7,22.6,25.8,4.0,7.4,16.78,83,960.8,94,22.6,Abuja
2010-06-22,29.8,22.6,26.1,0.2,5.8,16.73,82,960.2,64,22.7,Abuja
2010-06-23,29.2,23.8,26.4,3.1,9.2,15.6,82,959.4,86,23.0,Abuja
2010-06-24,28.5,23.4,25.5,1.0,14.0,13.15,83,960.5,78,22.2,Abuja
2010-06-25,28.5,23.4,25.6,5.3,9.0,15.79,80,960.5,79,21.8,Abuja
2010-06-26,25.0,22.1,23.2,22.9,15.5,7.35,94,961.3,100,22.3,Abuja
2010-06-27,27.6,21.4,23.8,10.1,6.7,12.47,88,962.3,100,21.5,Abuja
2010-06-28,30.2,21.0,25.4,0.2,7.0,16.55,81,961.9,75,21.7,Abuja
2010-06-29,31.3,22.2,26.7,0.0,9.1,18.3,75,961.3,56,21.8,Abuja
2010-06-30,29.6,23.6,26.7,1.9,10.9,18.24,76,960.3,64,22.0,Abuja
2010-07-01,25.6,22.7,23.7,21.1,8.2,4.03,92,960.8,96,22.3,Abuja
2010-07-02,28.8,22.1,24.6,6.4,8.7,17.22,85,961.7,97,21.8,Abuja
2010-07-03,28.9,21.9,25.1,2.8,7.2,18.09,83,961.5,63,22.0,Abuja
2010-07-04,29.1,22.7,25.7,0.8,8.4,16.47,80,961.4,90,21.8,Abuja
2010-07-05,29.9,23.1,25.6,2.2,12.6,17.86,80,961.0,72,21.8,Abuja
2010-07-06,29.0,22.3,24.6,7.8,9.3,16.71,85,960.4,99,21.8,Abuja
2010-07-07,26.5,22.1,24.2,9.4,9.1,14.41,87,961.0,91,21.8,Abuja
2010-07-08,28.8,21.8,24.5,14.7,7.4,18.07,89,961.4,95,22.5,Abuja
2010-07-09,26.1,22.1,23.5,12.7,8.6,10.03,92,961.0,95,22.2,Abuja
2010-07-10,24.2,21.5,22.5,7.8,11.2,8.0,92,961.3,100,21.1,Abuja
2010-07-11,27.9,21.1,23.9,4.8,8.4,17.47,85,961.9,87,21.2,Abuja
2010-07-12,30.5,20.6,25.1,6.5,9.7,20.56,82,960.9,63,21.6,Abuja
2010-07-13,28.6,21.5,24.5,7.9,8.9,14.23,86,960.4,93,21.9,Abuja
2010-07-14,27.3,22.0,24.0,7.7,11.6,9.0,89,960.5,96,22.1,Abuja
2010-07-15,26.6,21.9,23.3,15.6,13.6,9.55,91,960.3,92,21.8,Abuja
2010-07-16,27.3,21.4,23.7,4.4,8.8,15.19,87,960.8,93,21.3,Abuja
2010-07-17,27.6,21.4,24.1,1.8,10.1,16.1,85,962.3,79,21.3,Abuja
2010-07-18,29.3,21.4,25.1,0.6,11.6,20.26,80,963.0,57,21.2,Abuja
2010-07-19,27.9,22.3,24.5,17.2,12.1,14.13,86,962.2,100,21.9,Abuja
2010-07-20,23.5,21.5,22.4,13.5,18.9,7.41,92,961.9,99,21.0,Abuja
2010-07-21,27.7,21.6,23.8,3.1,15.1,19.95,82,963.6,82,20.5,Abuja
2010-07-22,27.8,20.9,24.0,5.2,11.7,19.05,79,962.5,81,19.9,Abuja
2010-07-23,22.7,21.0,21.6,29.7,10.8,3.71,97,962.7,100,21.2,Abuja
2010-07-24,23.9,20.6,21.9,8.4,8.6,7.02,95,963.6,98,21.0,Abuja
2010-07-25,23.5,21.1,22.1,24.1,7.1,5.93,94,961.4,90,21.1,Abuja
2010-07-26,24.9,20.9,22.5,6.3,9.5,9.74,92,960.5,88,21.1,Abuja
2010-07-27,22.1,20.4,21.5,18.5,10.1,4.29,97,962.9,100,21.0,Abuja
2010-07-28,27.6,20.1,23.6,3.0,10.2,17.85,80,963.6,82,19.8,Abuja
2010-07-29,28.0,20.9,24.5,0.1,11.0,19.98,81,961.5,76,20.7,Abuja
2010-07-30,25.2,21.5,22.9,26.8,12.1,11.13,91,959.7,95,21.4,Abuja
2010-07-31,27.1,21.1,23.8,1.7,9.9,15.73,85,960.4,85,20.9,Abuja
2010-08-01,26.4,21.7,23.4,11.0,10.1,13.69,90,960.9,94,21.6,Abuja
2010-08-02,27.6,20.8,23.9,3.7,7.1,12.98,86,961.2,93,21.3,Abuja
2010-08-03,26.1,22.1,24.0,5.9,7.1,12.48,88,961.2,95,21.8,Abuja
2010-08-04,28.1,21.9,24.5,1.3,9.0,14.58,86,960.9,92,21.9,Abuja
2010-08-05,27.6,21.9,24.6,6.9,8.6,14.59,85,960.9,96,21.8,Abuja
2010-08-06,27.3,22.0,24.4,3.2,7.9,13.25,88,960.7,99,22.2,Abuja
2010-08-07,25.2,21.8,23.1,21.6,7.4,8.33,95,961.9,96,22.2,Abuja
2010-08-08,26.1,21.8,23.3,12.6,12.2,10.82,90,962.2,100,21.5,Abuja
2010-08-09,23.5,21.3,22.0,14.9,14.9,6.89,97,962.4,100,21.4,Abuja
2010-08-10,26.6,21.1,23.6,2.3,8.0,12.38,87,961.4,86,21.2,Abuja
2010-08-11,27.4,21.5,23.9,4.1,9.6,11.78,85,961.9,90,21.1,Abuja
2010-08-12,24.5,21.2,22.5,13.0,12.0,9.73,95,962.9,100,21.7,Abuja
2010-08-13,23.8,21.1,21.8,16.5,7.4,6.77,96,962.0,100,21.2,Abuja
2010-08-14,27.3,21.1,23.8,2.6,10.0,16.93,85,962.2,74,21.0,Abuja
2010-08-15,30.0,22.0,25.9,0.2,7.7,18.14,76,962.2,56,21.1,Abuja
2010-08-16,29.5,22.8,25.8,8.0,5.8,18.67,81,961.3,67,22.3,Abuja
2010-08-17,27.8,21.5,24.0,12.1,8.9,14.33,90,961.2,70,22.1,Abuja
2010-08-18,27.0,21.6,24.0,1.3,8.9,14.05,86,961.3,78,21.3,Abuja
2010-08-19,27.7,21.1,24.3,8.3,12.3,16.55,84,961.2,90,21.3,Abuja
2010-08-20,28.3,21.5,23.7,23.6,7.9,13.23,89,961.2,99,21.8,Abuja
2010-08-21,28.2,21.4,24.2,13.4,10.0,17.2,86,962.2,75,21.5,Abuja
2010-08-22,28.2,22.8,25.1,3.7,11.3,15.46,80,962.6,80,21.2,Abuja
2010-08-23,27.9,22.0,24.6,4.8,10.5,13.89,84,961.6,96,21.7,Abuja
2010-08-24,27.7,21.5,23.8,16.1,9.0,14.45,88,961.7,96,21.7,Abuja
2010-08-25,26.5,21.5,23.5,21.8,9.8,11.62,91,962.2,85,21.9,Abuja
2010-08-26,28.6,21.0,24.4,0.6,11.9,19.16,84,961.6,73,21.2,Abuja
2010-08-27,27.3,22.2,24.2,4.7,12.0,14.25,84,960.3,99,21.3,Abuja
2010-08-28,26.6,21.8,23.7,2.9,12.8,13.19,87,959.9,95,21.3,Abuja
2010-08-29,27.6,22.0,24.4,2.5,10.7,16.7,83,960.0,73,21.3,Abuja
2010-08-30,25.6,21.9,23.5,4.6,8.7,8.46,87,960.8,96,21.2,Abuja
2010-08-31,23.7,21.4,22.2,9.8,9.8,4.94,94,960.2,94,21.3,Abuja
2010-09-01,27.8,21.0,23.8,3.0,8.3,18.46,87,961.0,71,21.4,Abuja
2010-09-02,27.4,21.6,24.1,11.0,9.2,14.5,88,961.4,96,21.8,Abuja
2010-09-03,27.2,21.3,24.0,3.9,7.9,13.93,90,960.8,95,22.1,Abuja
2010-09-04,24.9,21.5,22.8,39.7,6.5,6.68,95,960.6,97,21.9,Abuja
2010-09-05,26.9,21.3,23.6,3.3,13.3,12.32,88,961.3,81,21.4,Abuja
2010-09-06,27.2,21.8,23.9,2.5,13.1,14.04,85,962.6,98,21.1,Abuja
2010-09-07,22.7,21.4,22.1,25.3,11.8,5.0,97,961.7,100,21.7,Abuja
2010-09-08,27.3,21.2,23.4,3.6,9.0,12.68,88,961.9,90,21.1,Abuja
2010-09-09,28.0,21.2,24.0,6.1,8.2,17.13,86,962.5,81,21.4,Abuja
2010-09-10,27.6,21.0,23.7,9.3,8.4,14.39,87,961.8,91,21.3,Abuja
2010-09-11,23.3,21.1,22.3,44.1,5.8,5.98,94,960.9,92,21.3,Abuja
2010-09-12,28.3,20.1,24.1,1.2,7.7,17.49,82,960.8,61,20.7,Abuja
2010-09-13,28.5,21.6,24.6,8.4,11.1,16.55,83,960.5,69,21.4,Abuja
2010-09-14,25.9,20.8,22.9,13.7,6.8,11.43,93,960.7,98,21.6,Abuja
2010-09-15,27.8,20.4,24.0,2.1,10.5,18.98,84,960.6,74,20.9,Abuja
2010-09-16,28.1,21.2,24.3,4.9,6.1,16.27,85,960.4,93,21.4,Abuja
2010-09-17,27.7,21.2,23.7,12.6,7.3,15.02,87,960.7,96,21.3,Abuja
2010-09-18,28.3,21.2,24.1,6.7,9.0,16.35,87,961.3,76,21.7,Abuja
2010-09-19,27.6,21.5,24.2,7.7,13.5,16.16,88,960.5,90,22.0,Abuja
2010-09-20,27.5,21.1,23.9,7.4,7.7,13.85,88,959.6,90,21.6,Abuja
2010-09-21,28.7,20.6,24.0,7.3,5.2,18.04,88,959.6,82,21.6,Abuja
2010-09-22,28.5,21.3,23.7,16.3,4.7,17.61,89,959.5,96,21.7,Abuja
2010-09-23,27.8,21.1,23.7,17.7,5.8,12.83,90,960.2,99,21.8,Abuja
2010-09-24,27.2,21.9,23.6,4.3,14.6,14.66,88,961.1,98,21.4,Abuja
2010-09-25,28.9,21.5,24.7,0.0,8.7,16.13,81,961.1,74,20.8,Abuja
2010-09-26,28.9,22.1,24.7,19.0,7.0,19.03,84,960.1,59,21.7,Abuja
2010-09-27,28.0,21.2,24.1,3.2,11.6,15.31,89,959.6,97,22.0,Abuja
2010-09-28,26.8,22.0,23.9,2.8,10.6,10.16,87,960.1,88,21.6,Abuja
2010-09-29,30.6,20.8,24.9,6.6,6.6,21.16,85,959.2,57,22.1,Abuja
2010-09-30,29.6,21.5,25.1,9.8,6.5,20.96,86,959.3,69,22.5,Abuja
2010-10-01,29.9,21.0,25.3,1.6,7.7,18.06,84,958.4,70,22.3,Abuja
2010-10-02,29.2,22.3,25.0,5.0,8.6,18.82,87,958.7,58,22.6,Abuja
2010-10-03,30.8,21.3,25.1,11.9,9.7,21.79,84,959.2,84,22.0,Abuja
2010-10-04,28.9,22.5,24.7,5.3,8.0,15.71,87,960.2,98,22.3,Abuja
2010-10-05,28.0,21.9,24.2,12.2,8.9,12.97,88,961.0,96,22.1,Abuja
2010-10-06,28.3,21.6,24.5,3.0,6.4,13.46,86,961.2,97,21.8,Abuja
2010-10-07,29.7,21.3,24.9,14.9,8.6,18.35,84,962.1,89,21.8,Abuja
2010-10-08,29.0,21.8,25.1,2.4,7.1,16.08,86,962.4,62,22.4,Abuja
2010-10-09,30.3,22.7,25.8,3.3,7.1,18.95,82,961.8,89,22.4,Abuja
2010-10-10,28.6,21.5,24.5,19.2,8.2,13.71,88,960.3,97,22.3,Abuja
2010-10-11,26.9,21.8,23.9,2.2,8.1,9.64,87,960.5,98,21.5,Abuja
2010-10-12,29.4,21.6,25.2,0.0,8.4,15.75,79,961.3,73,21.1,Abuja
2010-10-13,30.7,22.3,26.0,3.4,5.9,22.75,79,961.0,43,21.9,Abuja
2010-10-14,29.2,22.3,25.5,1.1,7.7,12.4,84,961.3,84,22.5,Abuja
2010-10-15,30.0,22.2,25.9,0.9,6.2,19.12,81,960.2,82,22.3,Abuja
2010-10-16,30.1,22.4,25.6,2.5,7.1,18.87,82,959.8,72,22.2,Abuja
2010-10-17,30.4,21.8,25.6,4.3,7.4,20.61,84,959.0,49,22.6,Abuja
2010-10-18,27.9,21.9,25.1,1.7,6.9,12.6,87,959.2,87,22.7,Abuja
2010-10-19,28.1,22.2,24.6,8.3,7.3,12.12,88,959.3,93,22.3,Abuja
2010-10-20,28.2,21.6,24.4,9.9,6.6,14.5,86,959.8,93,21.8,Abuja
2010-10-21,27.1,21.8,24.1,6.0,11.3,10.86,87,960.7,96,21.6,Abuja
2010-10-22,29.1,20.2,24.2,11.3,6.2,19.33,88,959.8,71,22.0,Abuja
2010-10-23,28.2,21.2,24.5,0.8,7.6,13.63,85,958.9,71,21.7,Abuja
2010-10-24,26.3,21.3,23.2,14.9,7.8,9.13,90,959.0,98,21.4,Abuja
2010-10-25,27.9,21.9,24.7,0.5,10.4,14.21,82,959.5,74,21.1,Abuja
2010-10-26,30.7,21.3,25.4,5.6,4.8,21.88,82,959.7,74,21.9,Abuja
2010-10-27,29.2,21.9,25.0,6.2,7.6,14.89,87,959.4,85,22.5,Abuja
2010-10-28,28.8,22.0,24.3,11.9,6.6,13.0,89,959.6,95,22.3,Abuja
2010-10-29,27.4,21.3,24.3,0.4,5.8,9.8,89,959.5,89,22.2,Abuja
2010-10-30,31.3,21.3,26.5,0.0,5.1,20.84,77,959.6,45,21.7,Abuja
2010-10-31,30.8,22.8,26.1,8.4,8.2,21.67,81,960.2,62,22.4,Abuja
2010-11-01,27.8,22.3,24.8,9.7,5.9,13.23,88,960.0,96,22.6,Abuja
2010-11-02,31.4,21.7,26.3,0.1,5.1,19.94,78,959.3,72,21.6,Abuja
2010-11-03,32.7,22.5,27.4,0.0,5.6,23.32,67,957.9,40,20.1,Abuja
2010-11-04,31.6,23.1,27.1,0.2,6.7,22.02,68,958.9,35,20.4,Abuja
2010-11-05,31.5,24.3,27.2,0.4,7.9,21.53,72,959.4,37,21.5,Abuja
2010-11-06,30.7,21.8,26.2,2.2,9.1,20.71,80,959.3,84,22.4,Abuja
2010-11-07,29.9,22.2,25.6,1.2,8.7,19.73,80,959.5,79,21.8,Abuja
2010-11-08,29.9,22.2,25.4,0.6,7.2,17.84,81,959.4,68,21.8,Abuja
2010-11-09,32.7,21.4,27.1,0.0,8.7,21.92,72,957.9,9,21.1,Abuja
2010-11-10,30.9,22.9,27.0,2.0,9.7,19.05,73,959.2,73,21.6,Abuja
2010-11-11,31.0,22.2,26.1,2.7,8.1,19.76,83,960.4,53,22.9,Abuja
2010-11-12,33.5,22.3,27.8,0.0,7.2,22.22,70,958.2,53,21.1,Abuja
2010-11-13,30.9,22.3,26.3,0.0,8.4,18.78,74,957.1,62,20.7,Abuja
2010-11-14,29.6,22.1,25.7,0.8,8.8,19.26,77,958.8,27,21.3,Abuja
2010-11-15,33.0,20.4,26.8,0.0,6.5,22.69,67,959.9,15,19.3,Abuja
2010-11-16,33.4,25.3,28.7,0.0,9.2,21.14,53,960.1,74,17.9,Abuja
2010-11-17,31.8,22.0,26.6,0.0,7.3,21.33,70,958.8,43,20.1,Abuja
2010-11-18,31.2,21.2,26.5,0.1,6.9,20.73,66,958.4,73,19.4,Abuja
2010-11-19,31.7,21.8,27.0,0.0,6.1,20.88,64,958.8,41,19.3,Abuja
2010-11-20,32.0,24.8,28.0,0.0,7.3,19.67,60,958.8,41,19.3,Abuja
2010-11-21,33.1,22.5,27.8,0.0,9.0,21.54,62,957.6,75,18.8,Abuja
2010-11-22,31.5,22.8,26.7,0.0,8.2,20.37,67,957.2,88,19.5,Abuja
2010-11-23,31.7,21.7,27.1,0.0,7.7,20.56,61,957.5,19,18.6,Abuja
2010-11-24,32.6,20.6,26.9,0.0,5.9,21.1,61,957.7,19,18.1,Abuja
2010-11-25,34.1,22.7,29.0,0.0,6.9,21.91,47,957.7,53,15.7,Abuja
2010-11-26,34.0,20.8,27.6,0.0,7.2,21.8,50,957.6,71,15.4,Abuja
2010-11-27,33.6,23.6,28.5,0.0,8.0,20.95,53,958.3,93,17.5,Abuja
2010-11-28,32.8,22.7,27.9,0.0,6.0,20.18,59,959.5,98,18.7,Abuja
2010-11-29,34.5,22.7,28.0,0.0,7.3,21.32,54,958.7,27,16.7,Abuja
2010-11-30,33.6,19.8,27.2,0.0,8.0,22.27,46,958.1,4,14.0,Abuja
2010-12-01,31.6,22.1,27.2,0.0,7.4,18.91,61,957.8,12,18.6,Abuja
2010-12-02,34.0,21.4,27.7,0.0,5.0,21.06,54,957.3,3,16.3,Abuja
2010-12-03,33.8,22.5,28.6,0.0,6.0,20.89,48,958.4,10,15.9,Abuja
2010-12-04,34.6,22.0,29.0,0.0,8.9,21.22,43,958.5,12,13.8,Abuja
2010-12-05,34.7,21.5,28.2,0.0,9.3,22.11,33,958.9,95,9.1,Abuja
2010-12-06,33.4,21.0,27.2,0.0,7.9,21.47,40,958.9,45,11.6,Abuja
2010-12-07,32.8,21.0,26.8,0.0,8.4,21.2,41,958.8,30,11.7,Abuja
2010-12-08,32.7,21.3,26.8,0.0,9.7,22.01,24,959.6,3,4.5,Abuja
2010-12-09,33.6,20.7,27.0,0.0,11.0,22.17,23,959.5,15,3.9,Abuja
2010-12-10,33.3,20.5,26.7,0.0,10.7,22.37,23,959.8,0,3.6,Abuja
2010-12-11,33.7,20.3,26.7,0.0,11.2,22.34,27,957.9,0,5.4,Abuja
2010-12-12,32.7,19.8,26.2,0.0,11.6,22.22,27,956.6,12,5.5,Abuja
2010-12-13,33.9,19.9,26.8,0.0,9.2,22.13,29,956.5,4,6.5,Abuja
2010-12-14,34.7,19.2,27.2,0.0,10.4,21.93,31,957.8,24,7.5,Abuja
2010-12-15,35.3,23.1,28.5,0.0,13.5,21.82,26,958.3,14,6.5,Abuja
2010-12-16,35.1,21.4,28.1,0.0,8.0,21.58,30,957.4,1,8.0,Abuja
2010-12-17,35.9,23.1,28.8,0.0,12.2,21.77,25,957.0,14,5.8,Abuja
2010-12-18,35.8,23.9,29.3,0.0,13.7,21.92,21,957.2,25,4.3,Abuja
2010-12-19,35.4,23.1,28.7,0.0,11.8,21.78,20,958.9,41,3.0,Abuja
2010-12-20,34.7,22.7,28.3,0.0,10.3,21.41,23,959.6,71,5.2,Abuja
2010-12-21,33.6,21.7,27.6,0.0,13.4,21.73,27,958.8,0,6.5,Abuja
2010-12-22,33.3,19.7,26.7,0.0,9.1,22.01,28,958.7,24,6.1,Abuja
2010-12-23,33.5,19.0,26.3,0.0,8.7,22.12,27,958.4,29,5.0,Abuja
2010-12-24,33.6,19.9,26.9,0.0,10.5,21.3,21,958.1,85,2.5,Abuja
2010-12-25,34.2,18.7,26.9,0.0,8.0,22.04,26,958.6,12,4.2,Abuja
2010-12-26,34.1,19.4,27.1,0.0,8.0,21.5,31,958.4,71,7.7,Abuja
2010-12-27,33.4,20.0,26.8,0.0,6.9,20.19,41,957.9,69,11.9,Abuja
2010-12-28,34.6,21.7,28.0,0.0,8.0,21.23,33,957.3,26,10.2,Abuja
2010-12-29,33.1,22.3,27.5,0.0,9.8,21.58,20,958.3,63,2.5,Abuja
2010-12-30,32.7,19.6,25.8,0.0,12.6,21.93,20,959.0,51,0.6,Abuja
2010-12-31,33.7,19.5,26.1,0.0,10.5,22.08,21,958.0,45,1.5,Abuja
2011-01-01,33.8,19.8,26.4,0.0,13.2,21.84,26,957.3,4,4.8,Abuja
2011-01-02,33.2,19.9,26.7,0.0,10.1,20.21,30,956.7,68,7.2,Abuja
2011-01-03,34.5,21.1,27.8,0.0,7.8,21.51,33,956.7,71,9.4,Abuja
2011-01-04,35.0,22.1,28.4,0.0,9.4,21.47,32,957.4,46,9.8,Abuja
2011-01-05,34.7,22.3,28.4,0.0,10.6,21.55,27,957.9,41,7.5,Abuja
2011-01-06,34.0,22.3,27.8,0.0,12.1,21.45,24,958.5,63,5.1,Abuja
2011-01-07,33.9,21.6,27.3,0.0,14.9,21.54,22,959.7,60,3.3,Abuja
2011-01-08,33.7,20.7,26.8,0.0,15.5,22.14,20,959.2,22,1.3,Abuja
2011-01-09,33.4,20.0,26.3,0.0,14.8,22.38,21,959.0,22,1.6,Abuja
2011-01-10,33.1,19.5,26.0,0.0,11.7,22.47,22,960.4,31,2.1,Abuja
2011-01-11,33.8,19.1,26.3,0.0,11.3,22.54,25,959.9,26,3.7,Abuja
2011-01-12,33.9,19.7,26.7,0.0,12.1,22.63,22,959.4,37,2.3,Abuja
2011-01-13,33.3,19.1,26.4,0.0,10.5,22.49,25,958.5,12,4.0,Abuja
2011-01-14,34.0,20.5,27.2,0.0,13.6,22.61,19,959.0,3,1.5,Abuja
2011-01-15,32.7,19.8,26.0,0.0,15.9,22.69,17,959.8,16,-1.2,Abuja
2011-01-16,32.6,19.1,25.4,0.0,13.6,22.91,17,960.5,0,-1.6,Abuja
2011-01-17,32.7,19.0,25.4,0.0,13.4,22.83,19,960.0,9,-0.0,Abuja
2011-01-18,32.3,18.6,25.4,0.0,10.1,22.82,21,958.4,5,1.3,Abuja
2011-01-19,33.0,18.7,25.8,0.0,9.1,22.83,23,957.8,0,2.7,Abuja
2011-01-20,33.1,19.5,26.2,0.0,8.9,22.76,26,957.2,28,4.5,Abuja
2011-01-21,33.7,20.0,26.8,0.0,10.2,22.71,27,956.8,43,5.4,Abuja
2011-01-22,34.2,21.0,27.6,0.0,9.3,22.69,25,956.9,45,5.1,Abuja
2011-01-23,35.6,21.2,28.4,0.0,7.8,22.85,24,956.6,42,5.1,Abuja
2011-01-24,35.8,22.1,29.0,0.0,10.5,23.03,18,957.2,1,1.6,Abuja
2011-01-25,35.1,22.0,28.4,0.0,8.9,22.96,23,957.8,48,4.6,Abuja
2011-01-26,35.0,23.2,28.7,0.0,10.0,22.87,20,958.1,60,3.5,Abuja
2011-01-27,35.0,21.1,28.0,0.0,9.2,22.92,19,958.3,91,1.8,Abuja
2011-01-28,36.9,23.3,29.4,0.0,12.1,23.56,15,959.2,56,-0.7,Abuja
2011-01-29,36.1,23.3,29.4,0.0,14.3,23.62,15,959.7,22,-0.3,Abuja
2011-01-30,36.2,20.7,28.7,0.0,9.2,23.18,24,958.8,39,6.1,Abuja
2011-01-31,35.9,21.8,29.0,0.0,8.7,22.42,29,958.4,93,8.8,Abuja
2011-02-01,35.1,22.0,28.5,0.0,9.3,21.93,41,958.3,51,13.4,Abuja
2011-02-02,34.7,23.5,29.1,0.0,8.3,21.48,46,958.8,42,15.6,Abuja
2011-02-03,34.8,23.2,29.0,0.0,9.7,19.68,51,958.3,86,16.9,Abuja
2011-02-04,34.0,24.0,28.8,0.6,10.3,18.51,54,958.3,93,18.1,Abuja
2011-02-05,36.7,23.1,29.9,0.0,7.9,22.37,36,958.4,84,10.2,Abuja
2011-02-06,34.8,24.3,29.5,0.0,7.9,21.54,28,958.8,94,8.7,Abuja
2011-02-07,33.2,22.6,28.5,0.0,7.6,19.96,42,959.4,91,14.2,Abuja
2011-02-08,34.7,22.9,29.2,0.0,5.1,21.23,46,958.1,75,15.9,Abuja
2011-02-09,34.8,24.0,28.8,1.6,7.9,21.3,50,957.6,46,16.8,Abuja
2011-02-10,34.8,22.8,29.2,0.0,11.9,21.19,55,958.0,30,18.2,Abuja
2011-02-11,35.4,23.2,29.3,0.0,10.1,22.01,54,959.0,80,17.5,Abuja
2011-02-12,35.4,23.9,29.7,0.0,7.3,20.37,35,958.6,89,11.7,Abuja
2011-02-13,34.4,23.7,29.3,0.0,8.4,21.08,48,959.2,48,16.3,Abuja
2011-02-14,33.7,23.5,28.9,0.0,8.7,20.02,54,959.1,64,18.0,Abuja
2011-02-15,35.1,24.3,30.2,0.0,8.4,21.22,48,957.5,66,17.1,Abuja
2011-02-16,36.3,24.5,30.4,0.0,10.3,22.44,49,957.3,36,17.3,Abuja
2011-02-17,35.4,25.0,30.3,0.0,10.9,21.17,48,957.5,26,17.4,Abuja
2011-02-18,37.2,24.6,30.9,0.0,7.1,22.57,44,957.3,30,15.6,Abuja
2011-02-19,37.7,24.1,31.4,0.0,7.3,22.65,37,957.4,51,12.9,Abuja
2011-02-20,37.9,24.2,31.2,0.0,8.1,23.7,42,958.7,47,15.2,Abuja
2011-02-21,38.0,25.1,31.7,0.0,8.1,23.86,40,958.6,24,15.1,Abuja
2011-02-22,35.7,25.3,29.8,2.1,10.9,22.41,51,957.8,92,18.1,Abuja
2011-02-23,31.8,24.5,27.7,0.0,10.9,16.45,66,958.7,90,20.5,Abuja
2011-02-24,35.4,23.7,29.4,0.0,9.4,20.86,54,958.9,66,18.2,Abuja
2011-02-25,31.3,25.2,27.9,0.0,9.0,9.72,50,958.3,98,15.9,Abuja
2011-02-26,34.3,22.1,28.4,0.0,7.7,22.44,46,956.8,75,15.0,Abuja
2011-02-27,36.5,24.4,30.1,0.0,10.2,22.73,46,957.1,63,15.2,Abuja
2011-02-28,36.9,25.7,30.9,0.0,17.6,24.82,20,957.2,56,4.2,Abuja
2011-03-01,36.3,22.0,29.6,0.0,11.7,24.34,24,957.1,74,5.4,Abuja
2011-03-02,36.1,24.1,30.2,0.0,8.2,24.01,47,958.1,92,16.3,Abuja
2011-03-03,36.5,24.5,30.6,0.0,9.8,22.98,46,957.6,49,16.8,Abuja
2011-03-04,36.5,24.9,30.7,0.0,11.7,22.98,46,958.0,34,16.6,Abuja
2011-03-05,37.4,24.1,30.8,0.0,9.1,23.34,50,957.8,36,17.7,Abuja
2011-03-06,37.5,25.0,31.1,0.0,12.6,22.56,46,957.2,70,16.9,Abuja
2011-03-07,38.2,24.5,31.3,0.0,11.6,24.26,43,956.8,20,15.3,Abuja
2011-03-08,37.7,23.3,31.1,0.0,10.8,25.5,31,956.3,19,11.3,Abuja
2011-03-09,37.0,23.4,30.3,0.0,7.9,24.22,39,956.8,66,13.4,Abuja
2011-03-10,38.4,24.1,31.7,0.0,11.7,25.43,33,957.6,70,11.9,Abuja
2011-03-11,37.8,23.2,30.8,0.0,11.0,25.56,31,957.0,69,11.0,Abuja
2011-03-12,38.3,24.0,31.4,0.0,8.6,25.19,34,956.6,58,12.2,Abuja
2011-03-13,38.4,24.2,31.7,0.0,11.2,25.12,32,956.0,40,11.8,Abuja
2011-03-14,38.0,23.6,31.1,0.0,13.7,24.25,37,957.4,40,12.9,Abuja
2011-03-15,36.8,25.3,30.7,0.0,8.1,24.24,33,958.1,64,12.1,Abuja
2011-03-16,37.8,23.6,31.0,0.0,13.0,26.04,24,957.9,68,6.2,Abuja
2011-03-17,36.6,22.9,30.2,0.0,10.1,26.18,22,957.4,40,5.8,Abuja
2011-03-18,35.5,23.8,30.3,0.0,12.3,23.01,44,957.9,95,15.5,Abuja
2011-03-19,37.2,24.4,31.2,0.0,8.4,25.29,41,957.4,56,14.7,Abuja
2011-03-20,35.9,24.4,30.0,0.0,11.0,22.69,51,957.5,69,17.2,Abuja
2011-03-21,37.2,24.8,31.0,0.0,11.8,24.6,47,957.5,52,17.0,Abuja
2011-03-22,37.1,25.1,31.1,0.0,8.9,23.91,47,958.2,34,16.7,Abuja
2011-03-23,37.6,25.2,31.5,0.0,11.3,24.78,41,958.4,40,14.9,Abuja
2011-03-24,36.9,25.7,31.2,0.0,9.7,21.77,42,957.5,67,15.6,Abuja
2011-03-25,33.0,24.9,28.9,0.0,12.7,17.49,61,958.9,99,20.0,Abuja
2011-03-26,38.3,24.9,31.1,0.0,10.1,23.8,47,958.6,66,15.9,Abuja
2011-03-27,38.2,26.5,32.2,0.0,15.0,25.84,25,959.3,62,8.5,Abuja
2011-03-28,37.9,23.1,30.8,0.0,7.2,25.59,35,959.2,76,11.3,Abuja
2011-03-29,37.3,23.7,31.0,0.0,8.7,26.58,20,958.9,28,4.9,Abuja
2011-03-30,37.3,24.3,30.8,0.0,7.8,25.93,36,958.7,59,13.5,Abuja
2011-03-31,37.8,25.2,31.6,0.0,7.9,25.07,39,958.2,69,14.4,Abuja
2011-04-01,37.6,24.4,31.2,0.0,9.2,25.96,39,957.9,15,14.3,Abuja
2011-04-02,35.8,25.0,30.6,0.0,13.9,22.0,51,958.9,36,18.0,Abuja
2011-04-03,36.5,25.8,30.8,0.9,13.2,23.07,51,958.0,72,18.4,Abuja
2011-04-04,33.3,25.9,29.3,0.0,9.7,14.11,56,959.1,99,19.3,Abuja
2011-04-05,38.1,24.1,30.7,0.0,7.3,25.28,46,959.0,43,14.8,Abuja
2011-04-06,37.4,23.1,30.8,0.0,11.0,27.09,27,958.3,48,8.6,Abuja
2011-04-07,36.7,24.6,31.0,0.0,10.5,25.64,27,957.7,73,9.2,Abuja
2011-04-08,34.4,25.9,29.2,2.9,10.1,20.77,61,958.3,86,20.8,Abuja
2011-04-09,35.8,24.7,30.0,0.0,13.8,23.71,56,959.2,81,19.2,Abuja
2011-04-10,36.9,25.2,30.7,0.0,10.7,23.4,44,959.0,89,14.0,Abuja
2011-04-11,37.2,25.0,31.1,0.0,7.8,26.06,42,957.1,76,15.3,Abuja
2011-04-12,35.7,24.3,30.7,0.0,7.6,21.95,43,957.2,86,15.4,Abuja
2011-04-13,35.7,25.9,30.9,0.9,12.4,23.04,50,957.6,75,18.6,Abuja
2011-04-14,37.1,25.7,31.4,0.0,10.6,21.17,46,956.9,97,17.3,Abuja
2011-04-15,35.9,25.4,30.6,0.3,11.6,22.78,56,955.9,80,20.0,Abuja
2011-04-16,36.6,25.5,30.6,0.9,13.9,24.26,57,956.0,66,20.3,Abuja
2011-04-17,34.6,26.0,29.7,2.3,13.8,22.13,60,956.9,58,20.8,Abuja
2011-04-18,35.1,26.1,29.4,1.1,11.6,23.01,63,957.2,86,21.3,Abuja
2011-04-19,36.1,25.4,30.4,0.0,12.9,23.21,59,956.5,99,20.7,Abuja
2011-04-20,35.1,25.4,30.2,0.0,12.4,22.39,59,956.3,90,20.6,Abuja
2011-04-21,33.9,24.6,29.3,0.0,13.9,21.42,61,957.6,84,20.6,Abuja
2011-04-22,34.4,24.8,29.5,0.0,10.9,21.8,60,957.0,99,20.5,Abuja
2011-04-23,32.6,24.9,28.6,0.0,15.1,16.94,64,956.8,86,20.9,Abuja
2011-04-24,31.4,24.3,27.6,0.9,12.6,17.46,72,958.2,98,21.8,Abuja
2011-04-25,30.6,24.7,27.0,0.3,12.2,13.04,73,959.2,97,21.5,Abuja
2011-04-26,34.9,24.0,28.8,1.4,7.4,24.56,63,958.0,51,20.6,Abuja
2011-04-27,32.3,25.0,28.7,0.0,13.4,14.5,63,958.5,59,20.7,Abuja
2011-04-28,31.3,24.4,27.8,0.0,12.3,14.14,70,958.8,83,21.5,Abuja
2011-04-29,30.8,23.6,27.2,0.0,12.1,14.08,71,958.3,93,21.2,Abuja
2011-04-30,33.3,24.3,28.1,0.4,12.2,21.62,66,958.2,90,20.7,Abuja
2011-05-01,32.8,25.1,28.2,2.9,9.6,16.69,68,958.9,96,21.7,Abuja
2011-05-02,31.9,25.2,28.5,0.3,10.5,17.11,69,959.4,96,22.1,Abuja
2011-05-03,29.9,24.9,26.8,11.5,11.5,13.39,79,960.1,72,22.7,Abuja
2011-05-04,31.8,24.2,27.5,0.9,9.5,14.96,76,959.6,99,22.5,Abuja
2011-05-05,31.7,24.8,27.6,4.5,10.2,16.69,75,958.9,76,22.6,Abuja
2011-05-06,32.5,24.2,28.1,0.0,10.6,15.54,74,958.8,79,22.7,Abuja
2011-05-07,32.0,25.2,28.6,0.3,12.3,14.01,70,958.3,55,22.5,Abuja
2011-05-08,32.3,24.7,28.2,1.9,10.2,17.03,73,957.6,77,22.8,Abuja
2011-05-09,30.3,24.3,26.9,0.0,11.2,12.57,75,958.0,97,21.9,Abuja
2011-05-10,30.3,23.7,26.4,11.9,9.8,16.26,79,958.4,93,22.5,Abuja
2011-05-11,32.9,23.5,27.4,9.9,9.3,23.37,77,958.5,62,22.6,Abuja
2011-05-12,30.8,24.5,26.7,5.8,9.2,18.36,80,958.2,85,22.9,Abuja
2011-05-13,28.7,23.2,26.1,28.2,11.2,15.76,84,958.4,93,23.1,Abuja
2011-05-14,29.9,23.0,25.9,2.8,6.9,12.13,85,958.5,100,22.9,Abuja
2011-05-15,31.9,23.9,27.6,0.8,11.8,20.28,76,957.6,93,22.8,Abuja
2011-05-16,30.7,23.4,26.9,0.3,10.4,14.57,78,958.0,99,22.6,Abuja
2011-05-17,30.3,24.3,27.1,1.6,11.0,16.26,78,959.0,93,22.8,Abuja
2011-05-18,31.3,24.1,27.0,1.4,9.2,18.24,80,959.2,99,23.1,Abuja
2011-05-19,31.0,22.7,26.5,1.0,8.7,18.0,81,959.5,96,22.8,Abuja
2011-05-20,30.6,23.7,26.7,1.5,10.5,16.35,79,959.6,96,22.6,Abuja
2011-05-21,29.7,23.3,26.5,0.3,12.0,16.01,77,959.5,56,22.0,Abuja
2011-05-22,29.7,23.2,25.9,2.1,12.5,15.59,80,959.7,71,22.0,Abuja
2011-05-23,28.7,22.2,25.6,0.4,12.2,14.74,79,960.6,86,21.4,Abuja
2011-05-24,29.6,23.2,26.4,1.1,11.9,19.07,77,961.3,83,22.0,Abuja
2011-05-25,28.3,23.2,25.6,1.4,12.3,13.15,81,961.4,87,21.9,Abuja
2011-05-26,28.0,23.0,25.1,7.2,9.8,11.27,82,961.5,93,21.8,Abuja
2011-05-27,26.9,22.4,24.0,7.5,6.1,8.7,90,961.5,100,22.1,Abuja
2011-05-28,29.7,23.2,26.0,0.8,5.8,18.44,79,961.7,90,21.9,Abuja
2011-05-29,30.2,22.2,25.3,9.9,7.6,18.78,84,960.9,94,22.2,Abuja
2011-05-30,29.4,21.5,25.2,4.2,6.4,16.61,86,961.3,79,22.5,Abuja
2011-05-31,28.6,23.0,25.8,6.1,7.9,12.21,83,961.2,87,22.6,Abuja
2011-06-01,29.7,22.5,25.9,1.0,8.7,13.53,82,960.3,86,22.3,Abuja
2011-06-02,29.8,23.2,26.0,5.6,8.4,16.17,82,959.3,73,22.7,Abuja
2011-06-03,29.5,23.2,25.8,12.6,9.0,15.59,85,959.3,78,23.1,Abuja
2011-06-04,28.3,22.5,24.2,20.5,8.4,9.34,91,959.8,99,22.6,Abuja
2011-06-05,28.1,22.2,25.0,0.3,10.2,10.11,86,960.7,95,22.4,Abuja
2011-06-06,30.0,22.4,26.0,0.2,8.8,14.49,82,960.6,96,22.5,Abuja
2011-06-07,30.8,23.2,26.9,2.8,7.1,18.48,79,959.9,86,22.7,Abuja
2011-06-08,28.9,22.4,25.3,10.7,11.9,13.11,84,961.1,83,22.3,Abuja
2011-06-09,28.9,22.0,25.0,4.8,13.5,15.2,84,962.5,71,21.9,Abuja
2011-06-10,28.5,22.2,24.8,5.2,10.6,15.04,84,962.3,73,21.7,Abuja
2011-06-11,27.6,21.3,24.0,7.6,12.7,13.99,85,962.1,75,21.3,Abuja
2011-06-12,28.6,22.0,24.9,0.4,11.0,14.83,81,963.2,72,21.1,Abuja
2011-06-13,29.6,21.2,25.5,1.0,7.8,17.14,81,963.3,72,21.9,Abuja
2011-06-14,30.4,23.2,25.8,16.8,7.2,19.38,84,961.4,82,22.7,Abuja
2011-06-15,29.0,22.1,24.8,7.4,10.5,14.8,88,960.8,90,22.6,Abuja
2011-06-16,28.4,22.6,25.2,1.0,11.3,12.84,84,960.6,91,22.2,Abuja
2011-06-17,28.9,22.7,24.9,16.4,9.3,13.23,86,961.3,98,22.4,Abuja
2011-06-18,28.0,21.9,24.2,30.1,7.2,12.56,89,961.4,98,22.1,Abuja
2011-06-19,28.6,21.5,25.0,1.0,9.2,14.17,84,961.0,72,21.9,Abuja
2011-06-20,28.8,22.8,25.0,5.5,11.9,14.95,85,960.2,86,22.1,Abuja
2011-06-21,28.7,22.3,24.8,6.0,11.4,14.86,87,960.9,98,22.3,Abuja
2011-06-22,27.5,22.2,24.3,1.6,11.0,12.64,86,961.9,91,21.7,Abuja
2011-06-23,28.0,21.2,24.3,4.0,7.0,14.46,84,961.0,91,21.4,Abuja
2011-06-24,29.2,20.9,24.8,4.2,7.7,18.43,83,961.0,52,21.5,Abuja
2011-06-25,27.9,21.6,24.8,0.8,10.8,15.54,81,961.9,83,21.2,Abuja
2011-06-26,27.5,22.1,24.7,6.6,10.1,13.69,82,961.5,89,21.4,Abuja
2011-06-27,28.1,21.1,24.6,1.7,10.2,17.83,84,961.3,69,21.5,Abuja
2011-06-28,28.4,22.0,24.8,4.1,10.7,17.35,82,961.2,72,21.4,Abuja
2011-06-29,25.8,22.3,23.9,2.8,7.7,10.0,89,961.6,95,21.9,Abuja
2011-06-30,29.0,21.6,24.7,4.2,7.2,18.73,84,961.6,64,21.6,Abuja
2011-07-01,29.9,21.7,25.1,8.4,7.9,19.42,83,961.4,85,21.7,Abuja
2011-07-02,28.1,21.8,24.1,5.9,10.5,13.68,88,960.4,99,21.9,Abuja
2011-07-03,28.1,22.3,24.5,5.2,8.9,15.03,87,960.3,97,22.0,Abuja
2011-07-04,28.3,21.5,24.9,0.9,7.6,16.81,80,961.5,55,21.1,Abuja
2011-07-05,29.9,22.0,25.6,6.9,7.2,18.72,81,962.4,77,22.0,Abuja
2011-07-06,28.8,21.7,24.5,16.4,8.9,16.1,87,961.3,87,22.1,Abuja
2011-07-07,27.3,22.2,24.1,4.4,10.8,13.87,87,961.0,78,21.7,Abuja
2011-07-08,28.6,22.0,25.2,0.7,10.1,18.97,81,960.3,53,21.4,Abuja
2011-07-09,27.2,22.3,24.6,5.6,7.8,12.97,85,960.9,87,21.9,Abuja
2011-07-10,28.7,21.9,24.2,15.5,9.0,18.15,88,962.0,97,21.9,Abuja
2011-07-11,25.9,21.1,23.3,1.4,12.8,12.69,85,962.7,89,20.5,Abuja
2011-07-12,26.9,20.7,23.9,0.4,8.0,14.78,81,961.7,88,20.2,Abuja
2011-07-13,28.2,20.9,24.3,0.9,9.8,16.03,81,961.0,67,20.6,Abuja
2011-07-14,28.6,21.5,24.6,1.1,8.0,19.24,81,961.0,69,21.1,Abuja
2011-07-15,25.0,21.5,22.9,11.3,10.3,8.63,91,962.0,96,21.2,Abuja
2011-07-16,28.3,19.9,23.9,1.9,7.1,15.97,85,961.7,87,21.0,Abuja
2011-07-17,25.2,21.1,23.2,14.1,7.8,9.93,90,961.7,68,21.4,Abuja
2011-07-18,28.4,21.0,24.5,0.6,10.2,14.62,81,961.5,82,20.8,Abuja
2011-07-19,29.9,21.9,26.1,0.2,7.2,17.44,76,961.6,91,21.4,Abuja
2011-07-20,26.2,21.8,24.1,16.2,12.9,10.46,87,961.3,97,21.8,Abuja
2011-07-21,26.4,22.0,23.9,8.9,12.0,16.29,86,962.2,88,21.3,Abuja
2011-07-22,28.5,21.6,24.5,2.5,8.8,18.46,84,962.8,81,21.4,Abuja
2011-07-23,28.5,21.1,24.6,1.8,8.7,18.01,84,962.9,71,21.5,Abuja
2011-07-24,26.9,21.8,24.2,3.2,10.2,13.22,86,962.2,74,21.7,Abuja
2011-07-25,27.2,21.9,23.9,1.7,11.9,13.16,82,961.2,88,20.6,Abuja
2011-07-26,27.0,21.8,23.7,8.8,9.5,13.67,85,960.2,87,20.9,Abuja
2011-07-27,27.0,21.4,23.8,1.8,10.5,14.11,85,960.8,69,20.9,Abuja
2011-07-28,27.8,21.7,24.1,7.4,10.9,15.61,83,960.4,76,21.0,Abuja
2011-07-29,26.8,21.3,23.6,5.2,7.5,10.86,88,959.9,94,21.4,Abuja
2011-07-30,27.3,21.3,23.8,3.2,6.9,14.27,88,960.8,89,21.5,Abuja
2011-07-31,25.8,21.7,23.5,6.7,9.4,12.39,90,960.3,86,21.8,Abuja
2011-08-01,28.2,21.8,24.3,2.6,9.3,16.37,85,959.1,84,21.6,Abuja
2011-08-02,28.8,21.8,24.9,3.1,12.3,15.01,83,959.8,98,21.7,Abuja
2011-08-03,23.6,21.9,22.6,31.9,8.5,5.8,96,961.2,100,21.9,Abuja
2011-08-04,27.8,21.7,24.2,4.6,13.6,12.13,86,962.5,93,21.5,Abuja
2011-08-05,27.3,21.6,23.7,3.7,9.8,11.7,90,962.0,100,21.8,Abuja
2011-08-06,25.4,21.2,22.7,30.9,6.8,6.62,92,961.8,93,21.3,Abuja
2011-08-07,25.4,21.7,23.2,0.6,13.8,8.1,86,961.9,86,20.7,Abuja
2011-08-08,26.0,21.2,23.2,2.2,9.7,10.84,88,962.5,88,20.9,Abuja
2011-08-09,26.8,21.0,23.6,8.5,10.9,15.1,87,961.8,87,21.3,Abuja
2011-08-10,27.6,20.5,23.5,10.3,7.2,14.53,87,961.0,93,21.0,Abuja
2011-08-11,28.2,21.2,24.0,8.2,8.0,14.77,86,960.8,95,21.4,Abuja
2011-08-12,25.0,22.3,23.2,3.6,17.1,8.16,89,960.0,99,21.2,Abuja
2011-08-13,25.7,21.1,22.6,23.0,10.5,11.84,93,959.9,95,21.3,Abuja
2011-08-14,23.1,20.6,21.8,13.4,10.9,6.62,96,960.5,100,21.1,Abuja
2011-08-15,24.5,21.1,22.5,7.3,6.9,8.09,92,960.7,99,21.2,Abuja
2011-08-16,28.0,20.9,23.9,4.5,10.5,17.85,84,960.5,83,20.8,Abuja
2011-08-17,26.9,21.7,23.6,2.6,11.5,13.02,84,960.8,97,20.6,Abuja
2011-08-18,24.5,21.3,22.7,10.9,9.3,8.73,89,960.4,99,20.8,Abuja
2011-08-19,26.7,20.6,23.0,7.9,5.4,12.64,88,961.3,94,20.7,Abuja
2011-08-20,27.6,20.5,23.9,2.4,6.2,14.71,85,961.3,90,21.0,Abuja
2011-08-21,27.9,21.6,23.9,16.2,6.6,15.21,85,960.7,88,21.2,Abuja
2011-08-22,26.2,21.3,23.1,4.9,8.1,9.66,90,961.2,93,21.3,Abuja
2011-08-23,27.0,21.4,23.6,3.2,6.9,13.65,87,962.7,95,21.2,Abuja
2011-08-24,28.8,21.1,24.8,1.8,10.1,19.67,82,962.4,59,21.3,Abuja
2011-08-25,27.1,21.3,23.8,17.2,10.8,14.89,87,962.1,82,21.6,Abuja
2011-08-26,26.4,21.3,23.5,3.0,8.8,12.1,88,962.6,95,21.3,Abuja
2011-08-27,25.4,21.4,22.9,6.4,9.1,12.09,91,963.4,90,21.3,Abuja
2011-08-28,27.7,20.9,23.9,1.1,7.4,14.39,85,962.6,86,21.0,Abuja
2011-08-29,28.9,20.9,24.7,5.4,8.6,18.56,83,961.9,75,21.4,Abuja
2011-08-30,26.5,21.0,23.3,28.7,6.8,11.33,88,962.2,96,21.2,Abuja
2011-08-31,28.2,21.8,23.9,9.1,10.7,17.33,85,963.1,96,21.1,Abuja
2011-09-01,27.6,20.6,23.3,11.2,6.9,14.98,89,963.6,86,21.4,Abuja
2011-09-02,29.1,20.3,24.6,0.0,5.8,15.97,82,961.9,84,20.9,Abuja
2011-09-03,28.9,22.2,25.7,4.6,11.9,19.33,77,960.7,79,21.1,Abuja
2011-09-04,27.2,21.8,24.3,1.4,11.3,12.35,82,961.7,99,21.0,Abuja
2011-09-05,28.9,22.0,24.6,4.5,6.5,18.5,84,961.9,88,21.6,Abuja
2011-09-06,30.0,21.1,24.8,9.7,7.2,21.15,84,961.8,69,21.6,Abuja
2011-09-07,28.2,21.3,24.0,20.0,9.2,16.1,87,961.7,92,21.7,Abuja
2011-09-08,25.0,21.1,22.5,33.3,7.0,6.62,94,961.1,99,21.3,Abuja
2011-09-09,24.1,21.1,22.2,14.3,11.2,6.03,96,961.3,94,21.5,Abuja
2011-09-10,28.0,21.2,23.9,3.0,8.0,18.91,85,961.4,62,21.1,Abuja
2011-09-11,29.2,21.3,24.5,11.9,6.6,19.51,86,961.4,86,22.0,Abuja
2011-09-12,29.3,21.0,24.9,4.9,9.7,18.5,86,960.8,71,22.2,Abuja
2011-09-13,27.2,21.5,24.0,7.3,9.7,11.09,87,961.1,98,21.6,Abuja
2011-09-14,26.9,21.8,23.5,11.4,7.5,10.77,89,961.3,93,21.5,Abuja
2011-09-15,25.1,21.3,22.7,8.5,8.2,8.65,92,962.1,100,21.4,Abuja
2011-09-16,27.4,20.4,23.2,9.9,9.3,16.65,87,961.2,87,20.8,Abuja
2011-09-17,28.0,21.7,24.0,8.6,8.2,17.53,86,961.0,90,21.3,Abuja
2011-09-18,26.1,21.4,23.1,11.0,12.2,10.82,91,961.4,99,21.4,Abuja
2011-09-19,25.1,21.2,22.8,6.3,8.1,9.52,91,962.0,87,21.3,Abuja
2011-09-20,29.5,21.0,25.1,0.0,8.9,17.64,76,961.8,63,20.3,Abuja
2011-09-21,28.4,21.5,24.7,3.9,9.5,17.51,82,962.2,85,21.3,Abuja
2011-09-22,29.7,21.8,24.8,9.0,7.3,21.47,86,962.3,68,22.0,Abuja
2011-09-23,30.4,21.1,25.0,4.2,5.0,20.01,83,961.2,76,21.8,Abuja
2011-09-24,29.7,22.0,25.1,6.8,7.1,20.68,85,960.9,54,22.3,Abuja
2011-09-25,29.4,22.1,24.8,14.3,10.0,17.15,86,961.8,88,22.1,Abuja
2011-09-26,28.3,21.5,24.2,10.0,9.7,14.84,88,962.1,98,22.0,Abuja
2011-09-27,29.6,21.8,25.1,0.3,5.9,17.55,82,961.6,68,21.6,Abuja
2011-09-28,29.3,22.1,25.1,0.8,5.2,16.4,81,961.3,79,21.4,Abuja
2011-09-29,28.3,21.5,24.3,10.9,7.1,17.36,87,961.5,93,21.9,Abuja
2011-09-30,27.9,21.2,24.4,0.0,7.2,10.69,85,961.1,92,21.6,Abuja
2011-10-01,29.2,21.0,25.2,0.4,9.1,15.06,82,961.4,88,21.6,Abuja
2011-10-02,27.8,22.1,24.6,13.2,7.9,16.34,84,961.5,92,21.6,Abuja
2011-10-03,28.4,20.6,24.3,3.3,8.4,12.9,85,961.2,95,21.4,Abuja
2011-10-04,30.3,21.2,25.0,11.2,7.1,19.29,85,960.6,55,22.0,Abuja
2011-10-05,28.7,21.8,24.8,8.3,8.8,16.77,88,960.1,74,22.5,Abuja
2011-10-06,28.2,21.3,24.3,15.0,10.0,13.77,86,961.2,99,21.6,Abuja
2011-10-07,28.6,22.1,25.1,1.9,7.4,13.9,83,961.1,99,21.8,Abuja
2011-10-08,28.6,22.1,24.7,3.3,4.9,15.47,88,959.8,93,22.4,Abuja
2011-10-09,30.3,21.9,25.1,5.0,7.5,19.9,85,959.6,71,22.3,Abuja
2011-10-10,29.2,21.6,25.2,5.7,5.5,16.53,86,960.0,91,22.7,Abuja
2011-10-11,29.2,21.3,24.3,26.0,6.5,17.9,88,959.7,89,22.0,Abuja
2011-10-12,27.6,21.5,24.1,0.9,9.9,11.61,88,959.1,99,21.9,Abuja
2011-10-13,29.3,21.3,24.9,0.7,11.3,18.65,83,958.7,64,21.6,Abuja
2011-10-14,30.2,21.6,25.0,11.0,5.2,19.61,86,958.3,78,22.2,Abuja
2011-10-15,27.8,22.0,24.5,0.9,7.8,11.66,86,959.7,97,21.8,Abuja
2011-10-16,30.2,22.4,25.6,0.2,6.6,17.6,79,959.3,59,21.5,Abuja
2011-10-17,30.9,21.8,26.2,0.8,6.3,20.97,76,958.1,49,21.4,Abuja
2011-10-18,29.5,22.2,25.6,1.2,9.8,17.5,84,958.4,88,22.5,Abuja
2011-10-19,30.7,21.9,25.7,3.1,8.2,17.6,83,958.7,82,22.4,Abuja
2011-10-20,28.8,22.5,24.9,9.1,5.9,13.73,87,958.1,94,22.5,Abuja
2011-10-21,29.0,21.8,24.7,5.8,9.2,15.39,87,957.8,96,22.2,Abuja
2011-10-22,27.9,21.8,24.6,1.2,5.3,8.81,87,958.7,95,22.2,Abuja
2011-10-23,30.2,22.3,25.2,0.7,7.2,17.9,83,959.6,77,21.9,Abuja
2011-10-24,30.3,21.2,25.8,0.1,12.0,20.57,77,959.5,88,21.2,Abuja
2011-10-25,27.4,22.3,24.5,0.7,9.9,13.31,82,960.4,94,21.1,Abuja
2011-10-26,31.7,20.6,26.0,0.0,6.2,22.95,73,959.9,12,20.2,Abuja
2011-10-27,31.1,21.3,26.0,0.0,6.2,23.42,71,959.9,13,19.8,Abuja
2011-10-28,30.2,21.3,25.5,0.1,10.8,19.13,70,960.0,29,19.4,Abuja
2011-10-29,32.1,22.5,27.1,0.0,5.8,22.69,64,959.4,51,19.4,Abuja
2011-10-30,31.2,22.1,26.6,0.3,8.4,22.04,69,958.4,75,20.2,Abuja
2011-10-31,31.6,21.8,26.1,0.0,8.2,21.01,73,958.9,58,20.3,Abuja
2011-11-01,30.1,22.1,26.0,0.1,7.9,20.06,74,959.8,32,20.8,Abuja
2011-11-02,31.3,21.8,26.5,0.0,8.5,21.49,70,960.5,88,20.2,Abuja
2011-11-03,31.4,21.8,26.3,0.0,8.9,21.96,69,959.9,69,19.6,Abuja
2011-11-04,31.0,21.1,26.0,0.0,7.4,20.88,68,960.0,87,19.1,Abuja
2011-11-05,30.8,21.5,25.9,0.0,8.2,18.69,69,961.0,80,19.3,Abuja
2011-11-06,32.6,20.8,26.8,0.0,6.9,22.98,61,960.5,29,17.8,Abuja
2011-11-07,32.3,22.7,27.5,0.0,8.1,23.02,59,960.4,30,18.4,Abuja
2011-11-08,32.3,21.7,27.1,0.0,8.3,22.51,62,960.1,87,18.7,Abuja
2011-11-09,32.1,23.6,27.4,0.0,8.4,21.65,63,959.2,21,19.2,Abuja
2011-11-10,33.5,23.6,28.1,0.0,6.4,22.81,58,957.9,14,18.2,Abuja
2011-11-11,32.7,21.9,27.4,0.0,6.9,21.73,61,958.2,17,18.6,Abuja
2011-11-12,33.2,21.4,27.4,0.0,6.1,22.15,59,959.0,15,18.0,Abuja
2011-11-13,33.5,20.9,27.4,0.0,7.6,22.56,59,959.8,76,17.9,Abuja
2011-11-14,34.6,24.5,28.8,0.0,7.2,23.03,47,959.0,70,15.5,Abuja
2011-11-15,33.7,20.9,27.2,0.0,7.3,23.35,46,958.4,22,12.7,Abuja
2011-11-16,33.0,20.0,26.8,0.0,7.0,22.39,49,958.6,95,14.0,Abuja
2011-11-17,34.4,20.9,27.5,0.0,6.6,22.89,47,958.8,88,14.2,Abuja
2011-11-18,34.6,21.8,28.0,0.0,6.4,22.56,46,958.8,82,14.2,Abuja
2011-11-19,34.2,22.4,28.5,0.0,6.6,21.1,49,959.7,80,15.9,Abuja
2011-11-20,35.5,20.4,27.9,0.0,10.7,23.13,45,959.1,67,12.9,Abuja
2011-11-21,35.2,22.3,28.2,0.0,9.0,23.29,29,959.1,36,7.2,Abuja
2011-11-22,33.3,20.4,27.2,0.0,8.4,22.54,40,959.9,43,11.9,Abuja
2011-11-23,33.6,21.1,27.5,0.0,8.3,22.41,47,960.2,30,14.2,Abuja
2011-11-24,33.4,20.9,27.2,0.0,4.8,22.3,51,960.6,36,15.2,Abuja
2011-11-25,33.3,21.5,27.3,0.0,8.8,22.6,34,960.0,1,9.6,Abuja
2011-11-26,33.8,21.2,27.4,0.0,8.3,22.87,30,959.0,31,7.7,Abuja
2011-11-27,34.6,20.3,27.5,0.0,8.0,22.94,29,959.2,21,6.8,Abuja
2011-11-28,35.2,22.4,28.1,0.0,12.3,23.13,22,959.7,0,4.0,Abuja
2011-11-29,34.4,21.0,27.5,0.0,11.7,23.33,21,960.4,10,2.2,Abuja
2011-11-30,34.3,21.3,27.3,0.0,11.2,23.28,21,960.2,35,1.8,Abuja
2011-12-01,34.0,21.4,27.1,0.0,12.8,23.22,20,959.7,16,1.4,Abuja
2011-12-02,34.3,20.8,27.1,0.0,14.7,23.31,18,960.0,14,-0.1,Abuja
2011-12-03,33.9,20.3,26.8,0.0,13.3,22.99,21,959.5,0,2.0,Abuja
2011-12-04,34.1,20.3,27.2,0.0,12.9,22.94,22,958.7,30,2.8,Abuja
2011-12-05,33.5,18.4,26.2,0.0,8.7,22.48,28,959.1,51,5.0,Abuja
2011-12-06,34.3,20.8,27.2,0.0,9.9,22.43,26,959.7,25,4.8,Abuja
2011-12-07,35.2,21.9,28.4,0.0,13.7,22.14,22,959.8,0,3.8,Abuja
2011-12-08,34.9,22.3,28.2,0.0,15.0,22.44,16,959.3,0,-0.0,Abuja
2011-12-09,33.9,21.0,26.9,0.0,14.6,22.94,15,958.8,1,-2.1,Abuja
2011-12-10,33.6,19.8,26.5,0.0,13.3,22.63,17,959.5,0,-1.1,Abuja
2011-12-11,34.2,20.7,27.0,0.0,13.8,22.3,19,960.0,3,1.1,Abuja
2011-12-12,33.8,20.5,26.7,0.0,11.9,22.15,22,960.6,31,2.9,Abuja
2011-12-13,33.8,20.4,26.8,0.0,11.9,22.2,20,960.3,13,1.2,Abuja
2011-12-14,33.8,19.6,26.7,0.0,9.9,22.35,18,960.3,6,-0.2,Abuja
2011-12-15,34.2,20.2,27.0,0.0,10.0,22.29,19,960.7,0,0.5,Abuja
2011-12-16,34.1,20.3,27.1,0.0,12.2,22.05,19,960.6,22,1.0,Abuja
2011-12-17,34.2,20.3,27.2,0.0,12.7,21.91,21,960.5,0,2.7,Abuja
2011-12-18,34.3,21.3,27.7,0.0,12.2,21.63,23,959.7,3,4.1,Abuja
2011-12-19,34.2,20.8,28.0,0.0,7.7,21.58,25,960.0,2,5.5,Abuja
2011-12-20,34.8,21.0,27.9,0.0,8.0,21.51,30,960.2,8,8.2,Abuja
2011-12-21,34.4,21.0,27.9,0.0,7.9,21.48,30,960.2,24,8.0,Abuja
2011-12-22,35.0,21.7,28.3,0.0,8.7,21.51,27,960.9,6,7.1,Abuja
2011-12-23,34.6,21.8,28.0,0.0,10.3,21.7,25,960.5,17,5.9,Abuja
2011-12-24,34.1,21.5,27.7,0.0,10.1,21.65,25,959.9,80,5.8,Abuja
2011-12-25,34.3,20.4,27.6,0.0,9.0,21.72,24,960.2,6,4.4,Abuja
2011-12-26,35.1,21.2,28.2,0.0,9.0,21.52,21,960.6,0,3.4,Abuja
2011-12-27,35.5,21.5,28.7,0.0,9.8,21.62,25,961.1,0,6.0,Abuja
2011-12-28,35.3,21.5,28.7,0.0,11.3,21.58,29,960.5,4,8.2,Abuja
2011-12-29,34.0,21.5,27.9,0.0,8.7,20.95,42,960.9,29,13.4,Abuja
2011-12-30,33.8,21.9,28.1,0.0,6.4,20.34,46,961.1,23,14.9,Abuja
2011-12-31,35.5,23.6,29.3,0.0,8.4,21.44,32,960.7,19,9.6,Abuja
2012-01-01,34.3,22.4,28.2,0.0,11.7,20.95,21,961.4,73,3.0,Abuja
2012-01-02,35.1,22.1,28.2,0.0,12.3,22.3,19,961.8,22,1.9,Abuja
2012-01-03,34.8,21.4,27.8,0.0,12.4,22.39,21,961.3,22,2.5,Abuja
2012-01-04,34.6,20.7,27.4,0.0,13.3,22.22,20,961.2,0,1.9,Abuja
2012-01-05,34.2,20.8,27.3,0.0,11.3,22.15,22,961.5,8,2.8,Abuja
2012-01-06,33.7,20.4,27.0,0.0,11.4,22.08,24,961.1,7,4.0,Abuja
2012-01-07,34.0,20.5,27.2,0.0,9.0,22.14,24,960.6,35,4.4,Abuja
2012-01-08,34.3,20.6,27.5,0.0,9.8,22.22,23,960.4,3,3.9,Abuja
2012-01-09,33.8,21.0,27.2,0.0,9.8,22.19,21,960.7,0,2.4,Abuja
2012-01-10,34.8,21.0,27.7,0.0,13.9,22.16,20,960.8,17,2.3,Abuja
2012-01-11,34.1,21.0,27.3,0.0,13.2,22.35,20,960.6,8,1.9,Abuja
2012-01-12,33.9,20.2,26.7,0.0,11.1,22.37,20,961.4,44,1.5,Abuja
2012-01-13,33.5,19.6,26.2,0.0,12.9,22.48,19,962.5,56,0.7,Abuja
2012-01-14,33.1,19.4,26.0,0.0,11.1,22.66,20,961.7,20,0.9,Abuja
2012-01-15,33.9,18.8,26.3,0.0,10.3,22.56,21,960.3,61,2.1,Abuja
2012-01-16,33.7,19.7,26.6,0.0,10.5,22.46,23,959.6,75,3.0,Abuja
2012-01-17,34.1,19.1,27.0,0.0,5.9,22.23,25,958.4,96,4.4,Abuja
2012-01-18,33.6,20.0,27.1,0.0,12.2,22.13,29,959.0,86,6.7,Abuja
2012-01-19,34.3,19.9,27.5,0.0,6.9,22.01,34,959.1,38,9.9,Abuja
2012-01-20,34.4,21.9,27.9,0.0,5.8,20.79,39,959.5,42,11.7,Abuja
2012-01-21,35.3,21.5,28.4,0.0,8.9,22.05,30,959.2,43,8.4,Abuja
2012-01-22,35.5,22.3,28.8,0.0,8.3,22.57,32,959.0,11,9.2,Abuja
2012-01-23,34.5,21.3,28.0,0.0,6.9,22.11,36,959.6,39,10.9,Abuja
2012-01-24,35.7,22.7,29.2,0.0,7.0,22.38,29,959.0,29,8.9,Abuja
2012-01-25,36.3,22.3,29.2,0.0,9.6,23.13,23,958.1,38,4.9,Abuja
2012-01-26,35.3,21.0,28.5,0.0,6.6,22.42,30,958.4,35,9.0,Abuja
2012-01-27,35.2,22.4,28.7,0.0,4.9,21.96,43,958.9,58,13.9,Abuja
2012-01-28,36.0,22.3,29.2,0.0,5.4,21.64,36,958.3,46,12.0,Abuja
2012-01-29,35.3,22.4,29.0,0.0,7.0,22.17,40,957.2,16,13.6,Abuja
2012-01-30,35.1,22.8,29.0,0.0,10.6,21.6,45,957.6,21,14.5,Abuja
2012-01-31,35.1,21.5,28.7,0.0,8.2,21.42,44,958.4,42,14.1,Abuja
2012-02-01,34.5,23.2,28.8,0.0,6.7,20.89,45,959.1,43,15.1,Abuja
2012-02-02,35.2,22.5,28.9,0.0,7.9,23.03,29,959.4,0,8.7,Abuja
2012-02-03,35.5,22.6,28.9,0.0,5.4,22.53,33,959.8,1,10.4,Abuja
2012-02-04,36.9,22.3,29.8,0.0,7.7,23.32,25,958.9,1,6.7,Abuja
2012-02-05,35.2,22.4,29.1,0.0,11.2,22.01,35,957.7,8,11.5,Abuja
2012-02-06,36.8,22.4,30.2,0.0,6.7,22.97,24,957.2,37,7.1,Abuja
2012-02-07,34.5,23.0,29.1,0.0,11.3,20.64,37,956.7,32,12.9,Abuja
2012-02-08,33.5,23.7,28.9,0.0,8.4,19.92,43,957.5,34,14.8,Abuja
2012-02-09,33.4,24.0,28.3,0.5,8.3,19.31,62,958.8,93,19.8,Abuja
2012-02-10,34.0,25.1,29.1,0.2,6.0,20.53,56,958.0,71,19.0,Abuja
2012-02-11,34.3,23.6,29.2,0.1,6.2,21.98,48,958.3,42,16.6,Abuja
2012-02-12,36.4,24.0,30.1,0.0,6.0,22.44,46,957.7,54,15.8,Abuja
2012-02-13,35.0,23.9,29.0,1.0,10.7,21.42,51,957.6,81,17.2,Abuja
2012-02-14,34.5,21.8,28.7,0.0,10.6,21.05,54,958.2,19,17.6,Abuja
2012-02-15,34.5,23.9,29.2,0.0,10.8,21.24,54,958.5,40,18.2,Abuja
2012-02-16,35.5,23.6,29.4,0.0,8.7,21.72,52,957.9,57,17.3,Abuja
2012-02-17,34.0,23.7,28.9,0.0,10.3,19.93,55,958.2,80,18.3,Abuja
2012-02-18,34.3,23.9,28.9,0.4,12.6,20.63,58,958.1,68,19.3,Abuja
2012-02-19,34.0,24.1,28.3,0.4,11.4,19.61,61,958.7,99,19.4,Abuja
2012-02-20,34.9,23.8,29.3,0.5,10.1,21.93,53,958.6,91,18.3,Abuja
2012-02-21,32.6,24.6,28.0,2.1,12.8,18.7,63,958.6,92,20.0,Abuja
2012-02-22,34.8,23.0,28.6,0.0,13.0,20.85,59,957.4,100,18.5,Abuja
2012-02-23,34.1,22.8,28.5,0.0,9.5,22.37,59,957.3,30,18.9,Abuja
2012-02-24,35.3,23.8,29.1,0.0,10.7,20.48,54,958.0,72,17.6,Abuja
2012-02-25,35.7,21.9,28.9,0.0,7.9,24.22,47,957.6,11,15.5,Abuja
2012-02-26,35.2,24.1,29.7,0.0,8.6,23.81,41,957.2,15,14.4,Abuja
2012-02-27,35.5,23.5,29.6,0.0,10.5,21.53,52,957.6,63,17.4,Abuja
2012-02-28,36.3,23.8,30.0,0.0,11.6,21.99,50,958.0,65,17.0,Abuja
2012-02-29,37.2,24.5,30.8,0.0,10.0,22.44,45,958.1,50,15.6,Abuja
2012-03-01,34.4,24.4,29.2,0.3,10.6,21.43,56,958.8,62,18.8,Abuja
2012-03-02,36.5,23.7,30.2,0.0,10.0,23.28,48,958.8,61,16.5,Abuja
2012-03-03,37.3,23.8,30.6,0.0,8.8,23.7,45,958.6,77,15.8,Abuja
2012-03-04,37.0,25.0,30.6,0.0,9.4,24.4,34,958.5,86,11.6,Abuja
2012-03-05,35.3,22.8,29.6,0.0,7.7,23.22,35,958.7,93,11.7,Abuja
2012-03-06,36.6,24.7,30.7,0.0,6.5,24.36,29,958.8,96,9.0,Abuja
2012-03-07,36.2,24.2,30.4,0.0,9.2,23.36,22,958.3,78,5.8,Abuja
2012-03-08,35.5,23.6,29.6,0.0,8.2,22.86,40,958.4,60,14.3,Abuja
2012-03-09,35.7,24.8,30.2,0.0,9.0,21.55,52,959.1,90,18.2,Abuja
2012-03-10,34.8,25.1,29.2,2.8,12.4,20.94,59,959.6,61,19.9,Abuja
2012-03-11,36.7,23.4,29.8,0.0,10.1,25.03,36,958.7,74,9.2,Abuja
2012-03-12,35.8,22.4,29.2,0.0,8.1,24.82,36,958.4,79,12.2,Abuja
2012-03-13,36.6,24.8,30.6,0.0,8.0,24.54,47,959.5,73,17.3,Abuja
2012-03-14,38.0,25.3,31.5,0.0,8.3,25.21,43,959.6,18,16.2,Abuja
2012-03-15,38.4,24.4,31.8,0.0,13.3,26.07,19,959.1,38,4.3,Abuja
2012-03-16,38.0,24.8,31.8,0.0,12.5,26.0,19,959.3,13,4.7,Abuja
2012-03-17,38.5,26.1,32.1,0.0,14.4,26.59,14,959.1,44,0.5,Abuja
2012-03-18,38.4,25.6,31.9,0.0,14.1,26.88,12,958.6,71,-1.0,Abuja
2012-03-19,38.0,23.8,31.1,0.0,12.9,26.92,15,958.6,69,0.8,Abuja
2012-03-20,38.2,25.5,31.5,0.0,14.8,26.84,13,958.3,88,-1.1,Abuja
2012-03-21,38.2,25.5,31.7,0.0,14.6,27.3,9,957.6,32,-5.2,Abuja
2012-03-22,38.7,24.9,31.6,0.0,12.5,27.42,10,956.9,23,-5.1,Abuja
2012-03-23,38.6,23.5,31.4,0.0,11.3,27.06,12,957.0,63,-2.5,Abuja
2012-03-24,36.9,24.3,30.9,0.0,9.1,24.81,22,957.7,43,6.3,Abuja
2012-03-25,37.7,24.3,31.5,0.0,5.8,25.52,23,957.9,64,7.0,Abuja
2012-03-26,37.2,24.8,31.1,0.0,9.1,21.61,17,958.1,98,2.4,Abuja
2012-03-27,39.4,24.1,31.8,0.0,5.6,26.71,20,957.5,71,3.1,Abuja
2012-03-28,38.7,24.4,31.8,0.0,8.7,26.62,15,958.0,57,1.9,Abuja
2012-03-29,36.7,24.9,30.9,0.0,10.0,24.14,39,959.1,60,14.3,Abuja
2012-03-30,37.1,24.8,31.0,0.0,9.6,22.84,44,959.6,97,16.2,Abuja
2012-03-31,36.9,25.3,31.1,0.0,11.5,23.22,52,959.7,80,18.7,Abuja
2012-04-01,36.5,26.5,31.1,1.2,11.7,23.38,50,958.9,54,19.2,Abuja
2012-04-02,36.4,25.8,30.6,0.1,13.4,23.1,55,958.4,73,19.8,Abuja
2012-04-03,35.2,25.0,29.1,3.3,15.6,22.89,65,958.2,86,21.2,Abuja
2012-04-04,33.2,24.9,28.5,0.0,11.3,18.62,67,958.4,97,21.3,Abuja
2012-04-05,33.7,25.3,29.0,0.2,10.9,19.31,62,958.4,97,20.6,Abuja
2012-04-06,35.3,24.8,29.4,0.6,11.2,23.8,64,958.2,95,21.3,Abuja
2012-04-07,33.2,24.9,29.1,0.0,14.5,18.59,64,957.9,66,21.3,Abuja
2012-04-08,34.5,25.1,29.8,0.2,13.7,22.54,60,956.5,54,20.8,Abuja
2012-04-09,35.1,25.6,30.1,1.1,15.6,21.25,59,955.9,57,20.8,Abuja
2012-04-10,32.5,24.9,28.0,0.8,13.4,16.71,69,957.1,56,21.7,Abuja
2012-04-11,34.2,24.3,28.9,0.0,9.9,19.84,66,957.9,81,21.4,Abuja
2012-04-12,35.0,25.1,29.7,0.2,13.2,23.58,60,957.8,84,20.8,Abuja
2012-04-13,32.8,24.7,28.2,5.6,15.3,20.32,68,958.4,56,21.4,Abuja
2012-04-14,33.1,24.2,27.7,6.6,11.5,21.8,72,958.3,95,21.7,Abuja
2012-04-15,30.6,24.0,27.1,1.3,15.1,15.51,74,957.8,89,21.8,Abuja
2012-04-16,30.0,22.6,26.4,17.6,14.5,14.65,78,958.9,99,22.1,Abuja
2012-04-17,31.8,22.6,26.7,3.4,9.4,18.92,76,960.2,94,21.5,Abuja
2012-04-18,32.1,23.8,27.3,6.7,10.6,20.65,74,959.4,91,21.9,Abuja
2012-04-19,28.5,23.7,25.6,0.8,11.8,10.92,83,959.3,94,22.4,Abuja
2012-04-20,32.8,22.1,27.4,0.0,11.7,21.51,70,959.3,53,20.9,Abuja
2012-04-21,34.0,24.0,29.1,0.0,9.0,24.66,62,959.7,84,20.6,Abuja
2012-04-22,31.4,24.7,28.0,0.2,13.8,16.29,69,960.2,85,21.5,Abuja
2012-04-23,33.0,23.9,28.1,0.0,12.4,19.56,68,959.8,90,21.1,Abuja
2012-04-24,32.6,24.2,28.4,8.6,12.3,21.5,68,959.0,55,21.6,Abuja
2012-04-25,29.2,23.2,25.9,7.2,12.3,11.83,80,960.2,91,22.1,Abuja
2012-04-26,32.3,23.1,27.2,1.7,9.7,20.83,75,960.1,51,22.1,Abuja
2012-04-27,34.1,23.9,29.0,0.0,10.4,24.36,65,958.4,34,21.3,Abuja
2012-04-28,31.6,24.6,28.0,0.3,11.1,17.06,69,958.2,34,21.6,Abuja
2012-04-29,32.7,24.5,28.5,0.2,11.5,19.12,68,958.3,25,21.8,Abuja
2012-04-30,33.1,24.6,28.3,2.0,12.9,20.08,70,958.2,56,22.0,Abuja
2012-05-01,31.3,23.9,27.5,0.0,11.5,16.6,72,958.5,63,21.9,Abuja
2012-05-02,31.6,24.2,27.8,0.0,10.5,16.88,70,959.3,53,21.5,Abuja
2012-05-03,30.5,24.1,27.2,0.2,14.2,13.46,71,959.7,65,21.4,Abuja
2012-05-04,30.3,23.8,26.8,0.1,16.0,14.48,74,960.0,72,21.5,Abuja
2012-05-05,31.8,23.1,27.4,5.3,10.3,16.35,71,959.9,84,21.4,Abuja
2012-05-06,31.7,24.3,27.8,0.3,8.9,19.79,72,959.5,65,22.0,Abuja
2012-05-07,32.0,23.9,27.9,0.0,10.0,18.02,69,959.7,70,21.3,Abuja
2012-05-08,31.9,24.2,27.8,0.0,12.5,15.94,69,959.0,57,21.3,Abuja
2012-05-09,32.6,22.7,27.7,1.8,11.8,19.26,69,958.7,63,21.1,Abuja
2012-05-10,30.2,24.4,27.3,0.3,10.4,14.93,72,959.8,54,21.8,Abuja
2012-05-11,30.5,23.1,26.2,33.8,9.9,19.95,80,960.0,76,22.3,Abuja
2012-05-12,28.9,22.5,25.2,4.0,8.0,13.03,83,960.7,97,21.9,Abuja
2012-05-13,26.7,23.3,24.5,21.8,9.4,10.96,87,959.8,96,22.2,Abuja
2012-05-14,28.2,21.6,25.0,12.2,9.7,12.56,83,959.5,97,21.7,Abuja
2012-05-15,30.3,22.1,25.7,9.8,7.6,19.94,82,960.7,83,22.3,Abuja
2012-05-16,29.9,22.4,26.3,0.1,7.1,16.34,80,960.9,92,22.2,Abuja
2012-05-17,29.4,23.3,26.5,0.5,10.6,15.43,78,959.8,97,22.2,Abuja
2012-05-18,29.3,23.6,26.7,0.1,11.8,12.47,76,958.9,82,22.0,Abuja
2012-05-19,30.7,22.4,26.5,6.6,12.2,14.73,77,959.2,95,21.8,Abuja
2012-05-20,29.7,23.7,26.7,3.8,6.3,17.68,80,960.2,93,22.8,Abuja
2012-05-21,28.7,22.3,25.3,11.2,12.4,12.23,83,960.7,99,22.0,Abuja
2012-05-22,29.0,23.8,26.2,0.8,7.1,14.15,80,960.2,83,22.3,Abuja
2012-05-23,29.5,23.1,25.7,3.3,8.5,14.31,82,960.8,80,22.3,Abuja
2012-05-24,29.3,22.2,25.7,0.6,10.5,15.24,82,960.4,94,22.1,Abuja
2012-05-25,29.1,22.4,25.2,5.6,10.8,13.02,83,961.1,92,21.8,Abuja
2012-05-26,27.9,22.4,24.3,9.5,10.9,12.97,87,962.0,97,21.9,Abuja
2012-05-27,28.1,22.1,25.1,0.1,7.6,13.14,82,962.3,92,21.6,Abuja
2012-05-28,29.6,21.9,25.2,16.0,8.1,19.29,83,962.0,87,22.0,Abuja
2012-05-29,27.3,22.0,24.2,17.2,7.4,13.91,89,961.6,94,22.3,Abuja
2012-05-30,28.6,22.2,24.7,5.0,8.2,14.69,86,962.9,92,22.0,Abuja
2012-05-31,28.2,21.9,24.8,4.0,7.1,12.82,85,963.4,91,22.0,Abuja
2012-06-01,30.5,21.5,26.0,3.1,7.2,22.13,83,962.2,74,22.8,Abuja
2012-06-02,27.6,21.9,24.2,14.7,7.0,10.48,88,961.7,97,22.1,Abuja
2012-06-03,30.2,21.4,25.6,3.4,9.4,16.92,81,961.7,83,21.7,Abuja
2012-06-04,29.2,22.2,25.7,6.1,13.0,16.72,81,962.0,75,22.1,Abuja
2012-06-05,26.8,21.8,24.3,5.2,11.9,8.01,87,962.3,100,21.8,Abuja
2012-06-06,28.7,22.9,25.6,1.4,14.2,14.5,81,962.5,79,21.9,Abuja
2012-06-07,28.0,21.6,24.5,4.3,10.1,15.72,85,962.8,95,21.7,Abuja
2012-06-08,30.1,22.3,25.9,1.3,8.7,19.81,82,961.7,41,22.5,Abuja
2012-06-09,30.0,23.3,26.5,1.5,8.5,19.48,81,961.2,51,22.9,Abuja
2012-06-10,29.3,23.8,26.6,0.5,10.8,15.0,80,959.9,56,22.8,Abuja
2012-06-11,29.4,23.1,25.6,7.6,10.5,17.58,84,960.4,70,22.7,Abuja
2012-06-12,26.4,22.1,23.9,6.2,8.9,10.68,89,960.4,97,21.9,Abuja
2012-06-13,29.5,22.2,25.0,6.8,7.8,19.16,85,960.3,86,22.2,Abuja
2012-06-14,29.2,21.7,24.8,11.8,6.2,13.85,86,959.7,88,22.2,Abuja
2012-06-15,28.4,22.5,25.4,4.4,12.7,14.07,83,961.0,84,22.1,Abuja
2012-06-16,27.7,22.3,24.8,4.5,9.9,13.05,84,961.3,91,21.8,Abuja
2012-06-17,29.1,22.6,25.4,1.1,8.4,18.96,82,962.3,70,21.9,Abuja
2012-06-18,29.0,22.1,25.1,0.7,7.5,18.86,82,962.4,54,21.8,Abuja
2012-06-19,28.8,22.0,24.7,14.4,9.7,19.04,85,962.1,79,21.9,Abuja
2012-06-20,28.2,22.1,24.4,0.5,13.0,12.38,84,962.5,90,21.4,Abuja
2012-06-21,28.2,21.4,24.5,0.7,8.7,18.1,80,961.3,84,20.8,Abuja
2012-06-22,28.5,21.3,25.2,0.5,10.0,17.4,77,962.3,68,20.6,Abuja
2012-06-23,29.9,21.6,25.3,3.6,9.7,18.31,77,963.0,58,20.7,Abuja
2012-06-24,27.8,21.7,23.7,8.1,12.1,13.72,88,961.8,82,21.4,Abuja
2012-06-25,28.0,21.9,24.4,2.0,9.4,16.89,83,962.0,87,21.1,Abuja
2012-06-26,27.3,21.6,24.1,9.6,8.0,15.27,85,962.8,92,21.3,Abuja
2012-06-27,24.8,21.3,22.9,8.9,9.4,7.11,92,962.4,100,21.4,Abuja
2012-06-28,26.2,20.8,22.2,76.7,13.7,10.52,92,962.3,91,20.8,Abuja
2012-06-29,27.2,19.7,23.5,0.0,11.6,15.75,81,962.2,70,19.8,Abuja
2012-06-30,27.3,20.3,23.5,9.7,10.0,15.7,85,961.2,79,20.8,Abuja
2012-07-01,27.1,20.6,23.3,21.1,8.9,15.85,90,960.1,83,21.5,Abuja
2012-07-02,26.6,21.0,22.9,11.9,11.3,15.28,89,961.0,88,20.9,Abuja
2012-07-03,26.7,21.4,23.4,9.8,9.5,15.4,87,961.6,97,21.0,Abuja
2012-07-04,24.3,21.1,22.4,13.5,7.9,9.33,92,960.6,98,21.1,Abuja
2012-07-05,23.9,20.7,22.1,8.5,8.9,7.25,94,961.4,82,21.2,Abuja
2012-07-06,26.4,21.0,23.3,21.7,9.5,15.08,88,960.9,84,21.2,Abuja
2012-07-07,22.7,20.7,21.8,14.7,12.3,5.77,95,961.5,93,21.0,Abuja
2012-07-08,26.8,20.0,23.0,10.2,11.0,14.63,87,961.1,94,20.6,Abuja
2012-07-09,26.2,20.9,23.1,1.3,9.6,12.03,87,960.7,78,20.8,Abuja
2012-07-10,26.9,20.9,23.9,4.9,9.1,16.34,85,960.6,78,21.2,Abuja
2012-07-11,25.2,21.2,23.1,17.3,7.4,8.63,91,961.0,99,21.5,Abuja
2012-07-12,26.0,20.8,23.1,39.1,10.9,9.56,90,961.4,95,21.2,Abuja
2012-07-13,28.6,21.8,25.0,1.0,7.1,18.02,80,960.8,77,21.1,Abuja
2012-07-14,26.3,20.5,23.2,18.3,10.9,10.13,91,960.0,99,21.7,Abuja
2012-07-15,25.4,20.9,22.2,17.8,12.9,9.93,93,960.4,97,21.1,Abuja
2012-07-16,26.5,20.6,23.3,1.8,11.8,14.6,85,963.2,79,20.5,Abuja
2012-07-17,28.5,21.3,24.1,10.3,9.1,16.85,84,963.6,95,21.1,Abuja
2012-07-18,22.9,21.1,21.8,55.3,8.9,3.81,98,962.6,99,21.5,Abuja
2012-07-19,27.0,21.2,23.4,3.2,11.4,16.22,88,962.7,92,21.2,Abuja
2012-07-20,26.8,21.5,23.8,7.8,8.0,13.51,86,963.5,93,21.3,Abuja
2012-07-21,27.1,20.9,23.4,13.1,8.3,13.7,89,962.8,88,21.4,Abuja
2012-07-22,27.2,21.1,23.1,10.6,9.4,11.04,90,963.1,95,21.2,Abuja
2012-07-23,26.9,21.2,23.5,4.0,11.2,14.94,86,963.0,96,20.9,Abuja
2012-07-24,27.2,21.3,23.8,1.9,11.8,15.98,85,961.9,82,21.0,Abuja
2012-07-25,27.7,22.0,24.1,4.7,7.5,15.26,85,962.1,95,21.4,Abuja
2012-07-26,25.6,21.1,23.1,8.3,9.1,10.72,89,962.9,92,21.2,Abuja
2012-07-27,23.7,21.0,22.0,8.0,10.0,7.06,96,962.7,97,21.3,Abuja
2012-07-28,27.2,21.2,23.8,1.7,11.9,17.29,84,961.2,91,20.6,Abuja
2012-07-29,28.0,21.5,24.3,2.0,9.9,17.97,82,960.9,66,21.0,Abuja
2012-07-30,28.1,22.0,24.8,2.4,11.6,18.33,81,961.2,72,21.3,Abuja
2012-07-31,25.7,21.5,23.3,40.1,14.3,9.13,91,961.3,100,21.7,Abuja
2012-08-01,25.5,21.4,22.6,22.0,8.4,8.06,96,961.4,94,21.9,Abuja
2012-08-02,27.4,21.0,24.0,1.7,9.9,14.41,83,962.0,95,20.7,Abuja
2012-08-03,27.7,21.8,24.1,17.3,8.9,13.24,86,961.2,99,21.5,Abuja
2012-08-04,27.0,21.1,23.1,11.2,11.6,13.5,90,961.7,93,21.3,Abuja
2012-08-05,27.7,21.0,23.8,3.3,9.0,15.64,85,962.7,98,20.9,Abuja
2012-08-06,25.3,21.6,22.8,3.2,10.7,7.06,89,962.5,99,21.0,Abuja
2012-08-07,26.8,21.1,23.0,15.9,8.1,14.14,90,962.0,98,21.2,Abuja
2012-08-08,26.3,20.5,22.9,15.0,7.4,12.29,91,961.6,98,21.3,Abuja
2012-08-09,25.9,20.6,23.2,6.7,9.0,9.44,86,961.5,97,20.6,Abuja
2012-08-10,26.7,21.0,23.2,19.6,9.6,14.0,90,961.3,89,21.3,Abuja
2012-08-11,22.8,20.4,21.4,14.6,14.8,6.4,96,962.3,94,20.8,Abuja
2012-08-12,27.1,20.2,23.4,0.7,12.6,17.13,80,963.6,84,19.5,Abuja
2012-08-13,27.8,21.1,24.0,2.3,11.2,18.5,79,962.6,85,20.1,Abuja
2012-08-14,21.8,20.9,21.4,58.2,10.2,2.56,96,961.6,100,20.8,Abuja
2012-08-15,27.3,20.5,23.5,1.6,11.6,19.54,83,963.6,73,20.1,Abuja
2012-08-16,28.0,20.6,24.4,0.6,12.5,16.22,78,963.0,79,20.0,Abuja
2012-08-17,26.4,21.4,23.3,11.7,8.2,13.16,89,960.8,97,21.4,Abuja
2012-08-18,26.4,21.1,23.2,2.1,10.0,11.84,88,959.8,90,21.0,Abuja
2012-08-19,27.6,20.9,23.9,1.5,13.7,17.88,81,962.0,61,20.3,Abuja
2012-08-20,26.8,21.0,23.3,14.4,10.2,14.27,88,963.3,99,21.0,Abuja
2012-08-21,25.3,20.6,22.4,19.1,9.7,8.92,94,961.5,96,21.3,Abuja
2012-08-22,23.5,20.6,21.8,10.1,13.6,7.95,94,962.1,91,20.8,Abuja
2012-08-23,26.9,20.5,22.8,10.1,9.2,12.64,89,962.2,97,20.8,Abuja
2012-08-24,22.1,20.6,21.3,52.3,15.6,4.49,98,962.4,100,21.0,Abuja
2012-08-25,25.3,20.7,22.5,6.8,7.6,8.69,91,964.0,94,20.9,Abuja
2012-08-26,28.9,19.7,23.9,4.3,5.6,19.5,86,962.9,56,21.2,Abuja
2012-08-27,28.7,21.0,24.7,4.0,7.9,18.69,82,962.1,58,21.3,Abuja
2012-08-28,27.0,21.3,23.7,18.3,7.4,12.46,87,962.0,95,21.3,Abuja
2012-08-29,26.3,20.9,23.5,10.0,6.1,11.56,88,962.6,95,21.3,Abuja
2012-08-30,27.5,21.3,23.9,6.2,10.0,13.92,87,962.7,98,21.4,Abuja
2012-08-31,24.4,20.9,22.9,25.8,10.9,10.03,89,962.3,92,21.0,Abuja
2012-09-01,27.4,21.0,23.3,9.3,8.5,12.76,87,961.9,89,21.0,Abuja
2012-09-02,28.1,21.4,23.6,7.1,10.3,16.68,87,962.7,83,21.1,Abuja
2012-09-03,26.6,21.2,23.3,4.8,9.8,13.4,87,963.6,99,21.0,Abuja
2012-09-04,24.6,21.1,22.3,7.1,13.8,8.13,93,962.8,96,21.2,Abuja
2012-09-05,26.2,21.0,22.9,47.9,9.9,12.19,89,963.2,86,20.9,Abuja
2012-09-06,28.8,20.7,24.2,3.0,5.0,19.35,84,963.4,70,21.1,Abuja
2012-09-07,28.9,20.9,24.0,11.1,7.6,19.59,87,962.7,77,21.5,Abuja
2012-09-08,28.0,20.3,23.2,20.4,11.1,14.44,90,961.8,91,21.4,Abuja
2012-09-09,25.5,21.3,22.8,41.5,9.7,10.78,94,962.7,98,21.7,Abuja
2012-09-10,27.7,20.8,23.3,7.9,8.2,14.5,89,962.1,92,21.3,Abuja
2012-09-11,27.0,21.0,23.3,3.7,8.4,12.51,88,962.2,81,21.0,Abuja
2012-09-12,28.0,21.1,24.0,6.5,9.5,17.75,86,962.9,91,21.3,Abuja
2012-09-13,28.0,21.5,23.9,8.3,5.6,14.96,88,962.5,88,21.7,Abuja
2012-09-14,27.2,21.1,24.0,8.6,6.1,15.15,88,961.9,79,21.6,Abuja
2012-09-15,27.3,21.0,23.9,25.8,7.8,15.73,89,961.0,90,21.8,Abuja
2012-09-16,22.5,21.1,21.6,131.0,19.9,2.3,98,961.2,100,21.3,Abuja
2012-09-17,26.9,21.3,23.7,1.0,10.7,16.39,86,962.8,85,21.1,Abuja
2012-09-18,27.4,21.2,23.6,12.5,5.7,14.14,88,962.3,92,21.3,Abuja
2012-09-19,25.4,21.0,22.9,6.0,6.4,11.31,88,960.8,84,20.8,Abuja
2012-09-20,28.2,21.5,24.3,6.8,8.3,19.65,85,961.3,74,21.5,Abuja
2012-09-21,29.0,20.2,24.4,2.2,5.2,17.29,85,961.9,95,21.5,Abuja
2012-09-22,29.3,21.7,24.8,9.2,4.8,19.19,82,961.8,79,21.3,Abuja
2012-09-23,29.4,20.6,24.6,2.6,8.3,19.8,85,962.5,74,21.7,Abuja
2012-09-24,30.2,22.1,25.0,4.3,8.6,19.77,83,961.4,86,21.7,Abuja
2012-09-25,28.8,20.7,24.4,10.5,9.0,20.17,84,960.4,77,21.5,Abuja
2012-09-26,28.6,21.3,24.4,6.9,8.2,18.36,88,961.4,89,22.1,Abuja
2012-09-27,28.7,21.1,24.8,0.8,7.6,17.29,83,962.7,75,21.6,Abuja
2012-09-28,30.0,22.0,25.1,8.3,8.9,19.05,84,962.6,78,22.1,Abuja
2012-09-29,26.2,21.0,23.8,4.7,6.5,8.64,89,961.7,98,21.8,Abuja
2012-09-30,27.2,21.9,24.7,1.1,9.8,13.6,85,961.0,80,22.0,Abuja
2012-10-01,28.7,21.3,24.9,1.2,7.9,17.73,83,962.1,87,21.7,Abuja
2012-10-02,28.8,22.0,24.8,6.1,5.6,15.94,85,962.1,86,22.0,Abuja
2012-10-03,28.6,21.0,24.5,0.8,5.0,15.14,86,961.1,67,21.8,Abuja
2012-10-04,29.2,21.6,24.9,4.0,8.2,13.64,83,960.5,91,21.7,Abuja
2012-10-05,28.4,21.4,24.5,7.1,7.5,18.22,86,960.1,80,21.9,Abuja
2012-10-06,29.0,22.4,24.6,16.2,7.8,15.77,87,960.4,93,22.3,Abuja
2012-10-07,28.7,21.4,24.8,10.0,8.9,16.96,84,960.6,83,21.7,Abuja
2012-10-08,27.7,22.2,24.6,0.2,9.4,11.36,82,961.5,78,21.3,Abuja
2012-10-09,30.8,21.4,25.6,2.1,6.9,20.44,82,960.5,67,22.1,Abuja
2012-10-10,30.4,22.3,25.4,7.7,7.5,19.91,85,960.2,64,22.5,Abuja
2012-10-11,28.9,21.4,24.7,6.1,7.7,15.15,87,960.6,70,22.2,Abuja
2012-10-12,28.3,20.8,24.3,2.1,10.9,14.24,87,961.6,83,21.8,Abuja
2012-10-13,29.8,21.7,25.0,3.6,5.0,19.7,84,960.9,61,21.9,Abuja
2012-10-14,30.7,22.3,25.9,1.0,9.4,21.21,79,959.6,41,21.8,Abuja
2012-10-15,28.6,22.2,24.9,5.8,6.9,15.65,86,959.6,88,22.2,Abuja
2012-10-16,29.4,22.8,25.4,5.9,5.8,17.92,85,959.9,96,22.6,Abuja
2012-10-17,29.4,22.1,25.4,1.5,5.2,15.15,84,960.2,96,22.3,Abuja
2012-10-18,28.3,22.2,24.5,13.8,7.2,12.86,90,959.5,97,22.7,Abuja
2012-10-19,27.8,21.8,24.1,0.0,8.4,9.43,86,959.4,87,21.4,Abuja
2012-10-20,28.9,21.3,24.9,0.7,7.2,15.75,83,959.1,66,21.7,Abuja
2012-10-21,30.1,22.1,25.4,3.2,6.9,20.26,83,958.2,51,22.1,Abuja
2012-10-22,29.4,21.6,24.8,9.5,8.6,16.48,85,959.3,88,22.0,Abuja
2012-10-23,27.7,21.6,24.0,14.1,6.8,13.1,89,960.4,95,22.1,Abuja
2012-10-24,28.6,21.9,24.4,3.9,10.0,15.0,87,960.8,94,21.9,Abuja
2012-10-25,29.5,20.6,25.0,0.4,7.6,18.72,83,960.3,88,21.7,Abuja
2012-10-26,30.1,23.3,26.2,0.5,6.2,21.47,79,960.0,55,22.2,Abuja
2012-10-27,30.4,22.0,25.4,4.7,9.4,20.87,84,959.3,81,22.4,Abuja
2012-10-28,31.0,22.3,25.6,6.6,4.9,20.05,84,959.7,85,22.5,Abuja
2012-10-29,30.2,22.0,25.7,0.1,8.2,16.49,81,960.2,84,22.0,Abuja
2012-10-30,29.8,22.5,25.7,0.5,9.1,16.85,80,960.5,45,21.8,Abuja
2012-10-31,30.2,21.2,25.7,0.2,6.6,21.95,79,960.2,24,21.5,Abuja
2012-11-01,33.6,21.3,27.1,0.0,5.9,22.89,70,959.6,38,20.5,Abuja
2012-11-02,32.2,22.9,27.3,0.0,7.9,22.74,65,959.0,12,19.8,Abuja
2012-11-03,30.1,22.5,26.0,0.5,7.8,18.92,75,959.9,33,21.1,Abuja
2012-11-04,28.7,21.6,25.1,0.5,7.6,16.24,84,960.3,54,22.0,Abuja
2012-11-05,31.4,21.7,26.2,0.0,8.7,20.15,75,959.7,68,21.0,Abuja
2012-11-06,31.5,22.5,26.8,0.0,5.7,20.53,71,960.1,80,20.8,Abuja
2012-11-07,30.9,21.9,26.3,0.1,7.9,19.78,73,960.3,98,20.8,Abuja
2012-11-08,30.6,22.5,26.0,0.1,8.0,15.08,78,959.6,96,21.5,Abuja
2012-11-09,28.6,22.5,25.1,1.9,6.6,13.17,84,959.1,83,22.3,Abuja
2012-11-10,32.4,20.6,26.5,0.0,11.4,22.03,69,958.6,76,19.3,Abuja
2012-11-11,31.9,21.5,26.7,0.0,6.1,20.7,61,959.3,86,18.1,Abuja
2012-11-12,31.0,22.7,26.3,0.0,7.6,16.36,72,960.1,90,20.7,Abuja
2012-11-13,32.2,22.6,27.3,0.0,8.4,20.28,70,960.4,61,20.9,Abuja
2012-11-14,33.3,22.5,27.7,0.0,9.1,20.38,65,959.8,78,19.6,Abuja
2012-11-15,33.3,23.7,27.6,0.0,5.9,21.52,58,959.4,48,17.9,Abuja
2012-11-16,33.8,20.4,27.0,0.0,7.3,23.5,42,959.0,0,12.1,Abuja
2012-11-17,32.9,20.2,26.9,0.0,7.0,22.81,51,958.9,53,15.5,Abuja
2012-11-18,32.9,22.6,28.0,0.0,7.6,22.14,57,959.5,94,18.4,Abuja
2012-11-19,32.0,22.6,27.6,0.0,6.8,20.53,66,960.3,73,20.3,Abuja
2012-11-20,32.2,23.1,27.8,0.0,6.8,19.96,66,960.0,75,20.7,Abuja
2012-11-21,33.6,24.2,28.3,0.0,7.7,20.91,60,959.6,55,19.2,Abuja
2012-11-22,33.3,22.6,28.1,0.0,7.0,21.57,61,958.9,21,19.3,Abuja
2012-11-23,32.8,24.6,28.4,0.0,7.1,21.14,57,958.7,44,18.7,Abuja
2012-11-24,32.9,23.0,27.8,0.0,6.7,21.0,62,958.9,70,19.3,Abuja
2012-11-25,33.4,22.0,27.7,0.0,5.5,20.66,58,959.4,68,17.8,Abuja
2012-11-26,31.4,23.1,27.3,0.0,6.6,17.65,66,960.8,96,20.0,Abuja
2012-11-27,32.6,22.3,27.4,0.0,7.0,18.94,67,960.9,79,19.8,Abuja
2012-11-28,33.8,24.4,28.7,0.0,9.2,20.78,52,960.0,58,17.1,Abuja
2012-11-29,34.0,20.5,27.4,0.0,8.1,22.49,43,958.7,68,12.4,Abuja
2012-11-30,33.7,20.5,27.4,0.0,7.6,22.49,38,957.5,20,11.3,Abuja
2012-12-01,33.8,19.6,27.3,0.0,6.9,21.77,47,957.8,56,13.9,Abuja
2012-12-02,34.7,20.8,27.8,0.0,7.5,21.18,49,959.0,74,15.2,Abuja
2012-12-03,34.9,22.5,28.7,0.0,7.7,19.94,35,959.4,94,11.1,Abuja
2012-12-04,33.3,21.8,27.6,0.0,8.1,20.76,55,959.3,43,17.1,Abuja
2012-12-05,31.6,22.6,27.5,0.0,11.0,17.8,57,958.7,86,18.0,Abuja
2012-12-06,32.3,22.3,27.1,0.1,6.6,18.21,64,959.3,40,19.1,Abuja
2012-12-07,34.2,21.3,27.8,0.0,7.3,21.37,43,959.9,58,13.4,Abuja
2012-12-08,31.7,23.0,27.3,0.0,7.2,17.57,63,960.9,71,19.3,Abuja
2012-12-09,34.1,23.3,28.4,0.0,6.9,18.86,51,960.4,93,15.9,Abuja
2012-12-10,35.1,21.7,28.8,0.0,8.5,21.54,44,958.7,78,14.0,Abuja
2012-12-11,33.3,21.6,27.5,0.0,6.2,21.06,49,958.7,23,15.3,Abuja
2012-12-12,34.1,21.7,27.8,0.0,7.1,21.76,36,958.7,1,10.5,Abuja
2012-12-13,34.6,21.3,27.8,0.0,9.9,21.78,29,958.5,5,7.5,Abuja
2012-12-14,35.0,22.7,28.4,0.0,11.6,21.89,27,959.0,49,7.1,Abuja
2012-12-15,34.9,22.9,28.4,0.0,11.8,21.03,27,959.7,45,6.9,Abuja
2012-12-16,35.3,23.1,28.5,0.0,13.3,21.85,20,959.0,6,2.5,Abuja
2012-12-17,34.0,21.4,27.3,0.0,12.6,22.02,21,958.6,9,2.8,Abuja
2012-12-18,34.1,21.3,27.2,0.0,13.0,21.91,23,958.9,46,4.0,Abuja
2012-12-19,33.6,20.8,27.1,0.0,11.0,21.43,26,959.3,79,5.6,Abuja
2012-12-20,34.0,21.0,27.3,0.0,11.1,21.77,27,959.2,12,6.2,Abuja
2012-12-21,33.0,20.2,26.6,0.0,9.2,21.78,28,959.6,39,6.2,Abuja
2012-12-22,32.9,20.6,26.7,0.0,11.0,21.69,26,960.2,71,5.4,Abuja
2012-12-23,34.1,20.8,27.2,0.0,12.5,21.99,23,960.4,9,4.2,Abuja
2012-12-24,34.2,21.1,27.2,0.0,13.1,22.06,22,960.2,5,3.0,Abuja
2012-12-25,34.0,20.6,27.0,0.0,11.8,22.0,24,960.5,21,3.9,Abuja
2012-12-26,34.2,21.1,27.2,0.0,12.8,21.9,24,961.0,42,4.5,Abuja
2012-12-27,34.1,20.4,27.0,0.0,11.3,22.08,26,960.3,30,5.2,Abuja
2012-12-28,33.0,19.9,26.4,0.0,9.8,22.08,27,959.9,4,5.5,Abuja
2012-12-29,33.2,20.5,26.6,0.0,11.8,22.06,24,959.7,10,4.2,Abuja
2012-12-30,33.6,19.8,26.7,0.0,7.7,21.89,26,959.6,24,4.9,Abuja
2012-12-31,33.6,21.1,27.0,0.0,15.6,21.82,23,959.4,33,3.7,Abuja
2013-01-01,32.9,20.6,26.5,0.0,15.0,21.79,23,959.6,10,3.2,Abuja
2013-01-02,33.7,20.8,27.1,0.0,11.2,21.54,24,960.5,25,4.6,Abuja
2013-01-03,35.0,21.5,28.2,0.0,10.4,21.7,25,961.5,9,5.8,Abuja
2013-01-04,34.8,21.4,28.2,0.0,10.2,21.87,27,961.6,16,6.6,Abuja
2013-01-05,34.0,22.2,28.2,0.0,12.4,21.77,28,960.7,47,7.7,Abuja
2013-01-06,33.2,21.0,27.4,0.0,11.1,21.28,38,960.8,2,11.6,Abuja
2013-01-07,33.0,21.9,27.3,0.0,8.7,21.92,31,962.0,1,8.1,Abuja
2013-01-08,33.7,21.5,27.4,0.0,8.7,21.79,30,962.5,47,7.7,Abuja
2013-01-09,34.6,22.0,27.9,0.0,13.1,21.89,26,961.6,23,6.1,Abuja
2013-01-10,34.0,21.6,27.6,0.0,11.3,21.97,24,961.1,2,5.0,Abuja
2013-01-11,34.6,20.8,27.5,0.0,9.7,22.08,27,959.9,3,6.1,Abuja
2013-01-12,35.0,20.8,27.7,0.0,9.4,22.22,29,959.2,0,7.1,Abuja
2013-01-13,35.3,21.2,28.1,0.0,10.8,22.33,26,958.4,1,6.3,Abuja
2013-01-14,34.4,20.0,27.5,0.0,6.3,22.38,29,957.7,0,7.0,Abuja
2013-01-15,35.0,22.2,28.4,0.0,7.8,21.71,29,958.3,9,7.9,Abuja
2013-01-16,36.4,23.2,29.7,0.0,9.5,21.84,26,958.4,71,7.6,Abuja
2013-01-17,35.7,23.4,29.4,0.0,8.4,21.9,28,959.3,51,8.8,Abuja
2013-01-18,35.3,22.9,29.3,0.0,6.0,20.8,37,959.3,83,13.0,Abuja
2013-01-19,34.2,24.0,29.2,0.0,8.6,19.76,56,959.6,80,18.9,Abuja
2013-01-20,34.2,23.9,28.1,2.0,10.1,17.97,66,959.6,49,20.7,Abuja
2013-01-21,35.8,23.9,29.8,0.0,5.0,20.88,55,959.0,12,18.7,Abuja
2013-01-22,35.7,24.8,30.1,0.0,6.1,20.91,53,959.4,20,18.7,Abuja
2013-01-23,35.8,24.4,30.0,0.0,9.0,20.79,50,959.5,14,17.6,Abuja
2013-01-24,34.7,23.9,29.3,0.0,8.7,20.51,57,960.1,43,19.0,Abuja
2013-01-25,33.4,24.4,29.0,0.0,7.8,17.88,62,959.7,71,20.3,Abuja
2013-01-26,33.5,24.4,28.8,0.7,12.2,19.48,62,959.7,59,20.6,Abuja
2013-01-27,33.3,24.3,28.3,0.2,12.7,18.22,66,960.8,70,20.6,Abuja
2013-01-28,34.3,24.4,28.8,0.0,6.6,18.24,57,961.4,100,18.0,Abuja
2013-01-29,32.9,24.5,28.6,0.0,9.7,17.5,29,961.1,96,8.3,Abuja
2013-01-30,34.9,24.4,29.3,0.0,14.4,21.64,24,961.1,48,6.6,Abuja
2013-01-31,33.1,21.8,27.2,0.0,16.1,23.05,18,961.7,20,0.7,Abuja
2013-02-01,32.5,20.7,26.1,0.0,14.8,22.95,20,961.7,35,1.0,Abuja
2013-02-02,32.9,19.9,26.4,0.0,11.3,23.53,18,960.6,6,-0.1,Abuja
2013-02-03,34.3,19.6,27.4,0.0,7.3,23.54,26,958.8,0,5.2,Abuja
2013-02-04,36.3,22.2,29.3,0.0,7.4,23.21,27,959.3,37,7.6,Abuja
2013-02-05,37.2,24.5,30.5,0.0,10.6,23.23,28,959.3,19,9.5,Abuja
2013-02-06,36.1,24.2,30.0,0.0,12.8,23.57,20,959.9,0,4.2,Abuja
2013-02-07,36.6,21.9,29.4,0.0,12.2,23.84,19,958.9,10,2.7,Abuja
2013-02-08,36.7,23.2,30.0,0.0,10.2,23.71,21,958.1,36,4.7,Abuja
2013-02-09,37.2,23.5,30.5,0.0,8.8,23.67,22,957.5,52,5.8,Abuja
2013-02-10,36.8,24.3,30.4,0.0,11.1,23.18,20,957.7,84,4.6,Abuja
2013-02-11,35.8,23.6,30.1,0.0,12.0,21.54,25,957.7,82,7.9,Abuja
2013-02-12,35.3,23.4,29.4,0.0,7.6,21.09,39,958.0,96,13.6,Abuja
2013-02-13,35.8,22.4,29.5,0.0,7.2,22.74,39,957.9,34,13.5,Abuja
2013-02-14,35.0,24.2,29.8,0.0,11.5,22.01,41,957.8,25,14.7,Abuja
2013-02-15,34.6,24.5,29.9,0.0,7.1,20.87,47,958.3,30,16.7,Abuja
2013-02-16,36.3,25.5,30.7,0.0,5.8,22.66,40,958.2,63,15.0,Abuja
2013-02-17,35.9,24.3,29.8,0.1,8.3,22.92,39,957.9,48,13.9,Abuja
2013-02-18,34.7,23.8,29.2,0.0,10.4,19.92,56,958.8,85,18.7,Abuja
2013-02-19,34.9,25.2,29.6,0.7,5.9,21.93,54,959.3,58,19.0,Abuja
2013-02-20,36.0,24.9,30.2,0.0,7.8,22.9,53,959.8,29,18.7,Abuja
2013-02-21,37.3,24.4,30.9,0.0,7.2,23.21,49,958.9,48,17.7,Abuja
2013-02-22,36.7,24.8,30.7,0.0,8.3,22.01,44,957.6,68,16.1,Abuja
2013-02-23,38.4,23.6,31.2,0.0,9.8,24.16,32,957.1,18,11.1,Abuja
2013-02-24,38.9,24.9,31.4,0.0,8.1,24.26,31,956.9,35,10.8,Abuja
2013-02-25,37.1,24.5,30.6,0.0,8.8,22.85,42,958.0,98,15.5,Abuja
2013-02-26,37.6,25.7,31.8,0.0,11.3,22.69,44,959.0,41,17.0,Abuja
2013-02-27,38.1,25.7,31.7,0.0,9.0,22.97,47,959.4,95,17.8,Abuja
2013-02-28,38.1,25.1,32.1,0.0,9.0,22.89,41,958.4,17,16.0,Abuja
2013-03-01,36.9,25.3,31.4,0.0,10.6,22.68,45,958.1,16,17.1,Abuja
2013-03-02,37.4,25.7,31.6,0.0,9.6,23.29,43,958.0,20,16.7,Abuja
2013-03-03,37.7,25.6,31.6,0.0,8.6,23.79,45,958.5,41,17.1,Abuja
2013-03-04,37.3,25.7,31.3,0.0,11.9,22.69,48,959.3,45,17.8,Abuja
2013-03-05,36.6,25.9,30.9,0.0,10.5,23.47,51,959.3,48,18.7,Abuja
2013-03-06,36.9,25.1,31.0,0.0,9.0,23.4,47,958.8,14,17.4,Abuja
2013-03-07,37.7,25.7,31.8,0.0,9.6,23.46,45,958.6,27,17.1,Abuja
2013-03-08,37.5,25.6,31.9,0.0,11.4,23.02,45,958.8,32,17.0,Abuja
2013-03-09,37.6,25.5,31.5,0.0,11.5,23.2,47,959.1,75,17.0,Abuja
2013-03-10,37.1,25.4,31.1,0.0,14.1,22.26,51,959.7,77,18.3,Abuja
2013-03-11,37.4,25.8,31.9,0.0,8.0,22.85,42,958.6,49,16.0,Abuja
2013-03-12,36.7,25.7,31.3,0.0,13.1,22.38,49,958.5,50,17.9,Abuja
2013-03-13,36.2,25.8,31.2,0.0,13.1,22.36,50,958.1,83,18.4,Abuja
2013-03-14,38.4,26.0,32.1,0.0,8.7,24.98,43,957.5,69,16.2,Abuja
2013-03-15,38.5,25.6,32.3,0.0,10.1,24.67,41,957.3,54,15.5,Abuja
2013-03-16,35.7,25.6,30.6,0.0,15.7,20.42,52,958.9,81,18.6,Abuja
2013-03-17,35.9,25.9,30.5,0.6,12.2,22.11,52,959.4,38,18.9,Abuja
2013-03-18,36.6,26.1,31.0,0.0,9.2,20.24,51,958.7,86,18.9,Abuja
2013-03-19,37.6,24.7,31.6,0.0,8.0,25.26,46,956.7,37,17.3,Abuja
2013-03-20,37.7,25.7,31.6,0.0,13.7,23.88,49,956.9,52,17.9,Abuja
2013-03-21,37.3,26.5,31.7,0.2,13.0,23.48,47,957.0,69,18.0,Abuja
2013-03-22,36.5,25.4,30.8,0.0,13.2,22.81,51,957.1,50,17.9,Abuja
2013-03-23,35.5,25.3,30.7,0.0,11.7,21.35,50,957.3,84,18.3,Abuja
2013-03-24,34.1,25.5,29.8,0.2,13.4,19.17,57,958.1,84,19.6,Abuja
2013-03-25,35.5,25.8,30.9,0.0,12.4,22.26,52,958.6,66,19.2,Abuja
2013-03-26,36.4,26.0,31.1,0.0,13.5,22.72,50,958.7,34,18.6,Abuja
2013-03-27,36.0,25.0,29.6,0.8,13.6,23.74,61,959.0,74,20.1,Abuja
2013-03-28,34.5,25.1,28.9,1.0,13.0,21.13,65,960.1,92,20.9,Abuja
2013-03-29,35.3,25.7,29.2,2.8,9.7,22.3,61,960.4,78,20.6,Abuja
2013-03-30,31.5,24.5,28.0,2.3,12.7,19.04,69,960.0,64,21.5,Abuja
2013-03-31,31.9,24.0,27.4,2.4,10.7,17.82,73,960.6,75,21.8,Abuja
2013-04-01,34.5,24.3,28.0,11.9,10.7,23.4,69,959.9,39,21.4,Abuja
2013-04-02,33.9,24.0,28.3,0.0,11.8,21.23,68,960.2,95,21.2,Abuja
2013-04-03,29.5,24.9,27.4,0.7,10.3,11.74,74,959.6,92,22.3,Abuja
2013-04-04,32.3,24.7,28.0,1.5,10.2,19.92,71,959.0,57,22.1,Abuja
2013-04-05,35.5,24.1,29.3,0.6,7.5,25.76,65,959.3,43,21.2,Abuja
2013-04-06,32.7,25.1,29.1,0.8,14.5,20.23,66,959.3,41,21.9,Abuja
2013-04-07,33.0,24.6,28.5,0.7,14.8,19.35,68,959.0,57,21.7,Abuja
2013-04-08,32.5,24.4,28.2,0.1,13.4,17.77,69,959.3,67,21.7,Abuja
2013-04-09,31.1,24.6,28.2,0.0,12.8,16.46,68,960.0,68,21.5,Abuja
2013-04-10,31.9,24.3,27.6,0.6,9.7,16.66,72,960.7,92,21.8,Abuja
2013-04-11,35.1,24.3,29.6,0.0,11.8,24.21,61,958.7,57,20.8,Abuja
2013-04-12,36.6,25.2,30.4,0.0,12.5,25.0,58,957.6,22,20.3,Abuja
2013-04-13,34.3,25.0,29.6,0.1,11.4,20.56,61,958.7,56,20.5,Abuja
2013-04-14,33.1,24.2,28.2,17.3,10.0,21.28,70,959.7,74,22.0,Abuja
2013-04-15,32.0,23.5,27.2,3.0,11.0,18.79,75,959.7,88,21.8,Abuja
2013-04-16,33.5,24.4,28.7,0.0,11.8,23.3,63,958.8,83,20.4,Abuja
2013-04-17,31.7,24.3,27.7,0.5,11.3,20.6,69,959.3,68,21.4,Abuja
2013-04-18,32.6,24.4,27.8,2.4,10.5,22.76,69,958.3,47,21.4,Abuja
2013-04-19,31.5,24.5,27.5,1.3,10.8,20.25,71,958.7,94,21.6,Abuja
2013-04-20,33.4,24.3,27.6,8.4,9.5,23.56,73,958.9,77,21.9,Abuja
2013-04-21,30.2,24.1,26.5,11.0,10.9,16.0,79,958.6,73,22.5,Abuja
2013-04-22,28.6,23.2,25.7,1.1,7.9,10.81,76,959.2,99,20.8,Abuja
2013-04-23,32.3,23.3,27.5,4.9,5.7,21.36,70,958.2,95,21.0,Abuja
2013-04-24,31.2,22.8,26.1,18.5,4.7,19.41,82,959.6,86,22.6,Abuja
2013-04-25,28.9,23.3,25.9,20.4,8.7,15.2,84,960.6,97,23.0,Abuja
2013-04-26,31.0,23.6,27.0,0.6,9.0,19.98,79,960.2,88,22.8,Abuja
2013-04-27,30.3,23.8,26.7,16.1,10.4,20.31,80,958.6,67,23.0,Abuja
2013-04-28,30.8,22.6,25.3,11.7,9.3,12.15,79,960.0,98,21.0,Abuja
2013-04-29,33.2,23.1,27.8,0.0,5.1,25.23,67,959.2,42,20.7,Abuja
2013-04-30,31.4,24.3,27.5,7.2,12.2,21.15,78,959.5,72,23.1,Abuja
2013-05-01,29.2,23.7,25.4,8.5,11.8,15.36,87,960.5,100,23.0,Abuja
2013-05-02,30.3,23.0,26.7,0.0,8.7,16.07,79,959.1,76,22.5,Abuja
2013-05-03,31.0,23.6,26.9,11.7,9.9,18.61,81,958.1,71,23.1,Abuja
2013-05-04,30.5,23.3,26.8,0.2,8.4,16.98,80,958.8,89,23.0,Abuja
2013-05-05,31.1,24.2,27.6,1.0,9.7,19.37,76,959.9,50,22.9,Abuja
2013-05-06,29.8,24.5,26.9,2.9,9.7,17.21,81,960.9,89,23.3,Abuja
2013-05-07,30.0,24.0,27.0,0.0,11.8,14.32,79,960.9,75,22.8,Abuja
2013-05-08,29.2,23.9,26.4,0.3,11.5,13.47,80,961.4,81,22.5,Abuja
2013-05-09,32.7,23.3,27.5,0.7,8.4,23.46,76,960.7,40,22.5,Abuja
2013-05-10,31.0,24.4,27.4,1.9,12.1,20.79,73,960.8,51,22.0,Abuja
2013-05-11,29.3,23.5,25.5,3.0,11.3,14.23,85,961.4,98,22.8,Abuja
2013-05-12,29.0,22.8,25.4,10.2,10.4,14.54,85,961.6,91,22.6,Abuja
2013-05-13,30.5,23.1,25.9,13.1,6.9,20.65,83,962.0,81,22.6,Abuja
2013-05-14,29.9,22.7,25.2,23.3,7.6,16.01,87,961.3,99,22.7,Abuja
2013-05-15,29.9,22.7,26.0,14.1,9.0,16.09,82,959.6,72,22.3,Abuja
2013-05-16,30.9,23.1,26.9,0.4,6.0,20.25,79,958.8,64,22.8,Abuja
2013-05-17,29.2,23.5,25.8,1.1,10.8,11.33,85,959.4,85,23.0,Abuja
2013-05-18,29.3,22.8,25.4,17.8,7.9,14.61,87,960.8,96,23.0,Abuja
2013-05-19,30.5,22.1,26.2,0.0,9.5,15.37,82,960.6,88,22.7,Abuja
2013-05-20,30.8,23.7,26.8,4.4,14.1,20.75,78,960.2,76,22.6,Abuja
2013-05-21,29.9,23.5,26.4,0.1,9.9,14.85,80,960.1,81,22.4,Abuja
2013-05-22,29.7,23.5,26.9,0.5,14.6,15.7,77,960.2,93,22.3,Abuja
2013-05-23,28.8,22.8,25.8,0.5,11.5,13.21,82,960.8,88,22.4,Abuja
2013-05-24,30.5,23.1,27.0,0.0,9.0,17.7,78,960.3,71,22.5,Abuja
2013-05-25,30.7,23.9,26.9,6.5,11.3,20.84,79,960.2,54,22.8,Abuja
2013-05-26,28.8,22.5,25.2,22.8,14.8,14.44,87,960.2,99,22.9,Abuja
2013-05-27,29.0,22.4,25.1,5.7,9.7,14.41,85,960.0,82,22.2,Abuja
2013-05-28,29.3,22.8,25.5,7.3,13.4,14.88,83,960.0,84,22.1,Abuja
2013-05-29,29.6,22.0,25.4,9.6,9.2,17.87,84,960.8,94,22.3,Abuja
2013-05-30,29.0,23.2,26.1,1.5,9.2,18.0,80,961.0,98,22.2,Abuja
2013-05-31,30.6,22.7,26.7,0.0,7.2,17.23,76,960.6,76,21.8,Abuja
2013-06-01,31.8,23.3,27.4,0.1,7.3,22.89,74,959.3,33,22.1,Abuja
2013-06-02,29.5,24.0,26.8,0.0,10.2,15.45,75,960.5,74,21.9,Abuja
2013-06-03,28.6,22.1,25.1,6.1,11.6,14.45,82,961.5,95,21.8,Abuja
2013-06-04,28.3,22.0,24.9,1.2,12.4,15.43,82,961.2,89,21.5,Abuja
2013-06-05,27.3,21.9,24.5,1.4,10.8,11.87,83,961.5,86,21.2,Abuja
2013-06-06,28.4,21.9,25.0,0.2,11.8,13.08,80,962.5,77,21.0,Abuja
2013-06-07,28.5,21.7,25.3,4.1,9.4,12.47,81,962.5,86,21.6,Abuja
2013-06-08,29.1,21.3,25.1,1.4,12.0,15.94,85,961.0,72,22.2,Abuja
2013-06-09,28.8,22.7,25.0,6.6,11.8,12.51,86,960.9,84,22.4,Abuja
2013-06-10,29.0,22.1,25.4,0.3,8.2,15.3,82,961.5,83,21.9,Abuja
2013-06-11,29.8,22.9,26.3,0.0,9.5,14.01,78,962.0,95,22.0,Abuja
2013-06-12,28.6,23.3,25.6,1.6,13.1,12.61,83,961.5,73,22.5,Abuja
2013-06-13,29.2,23.0,25.9,0.7,12.8,13.38,80,961.0,72,22.1,Abuja
2013-06-14,29.2,23.1,25.7,1.2,12.0,16.63,81,961.0,66,22.0,Abuja
2013-06-15,28.9,22.9,25.4,4.7,10.5,14.46,83,961.1,96,22.3,Abuja
2013-06-16,29.4,22.3,25.7,2.6,11.5,12.92,82,961.3,94,22.2,Abuja
2013-06-17,27.7,22.8,24.7,11.9,11.1,10.95,87,961.1,89,22.3,Abuja
2013-06-18,27.5,21.8,24.0,10.9,10.6,12.45,90,960.5,86,22.1,Abuja
2013-06-19,28.7,22.0,25.1,0.5,12.7,15.58,82,960.2,65,21.5,Abuja
2013-06-20,28.6,22.5,24.9,1.1,13.1,13.82,81,960.9,70,21.2,Abuja
2013-06-21,27.8,22.1,24.9,0.7,10.5,15.83,82,961.7,51,21.4,Abuja
2013-06-22,28.7,21.9,25.3,1.2,10.4,17.55,81,961.5,41,21.6,Abuja
2013-06-23,26.9,22.5,24.5,4.7,9.9,12.33,85,961.2,82,21.9,Abuja
2013-06-24,28.3,22.0,24.1,8.3,10.8,17.28,87,961.7,86,21.7,Abuja
2013-06-25,28.8,21.8,24.7,1.9,7.5,17.76,83,962.5,85,21.4,Abuja
2013-06-26,28.6,21.2,24.6,16.5,6.2,18.09,86,961.4,88,22.0,Abuja
2013-06-27,24.7,21.7,22.7,32.5,10.1,4.67,94,961.2,98,21.7,Abuja
2013-06-28,23.6,21.2,22.3,10.8,8.9,5.41,94,961.7,100,21.3,Abuja
2013-06-29,25.6,21.0,23.0,5.9,5.4,11.29,91,962.3,94,21.4,Abuja
2013-06-30,28.2,21.4,24.8,0.6,10.3,16.96,80,961.9,75,20.9,Abuja
2013-07-01,28.5,22.2,25.1,1.0,12.6,18.34,80,962.1,64,21.3,Abuja
2013-07-02,28.1,21.6,24.3,13.3,9.7,15.47,85,961.7,86,21.6,Abuja
2013-07-03,26.0,20.8,23.2,15.6,11.0,12.07,90,960.8,86,21.4,Abuja
2013-07-04,27.1,21.5,23.8,2.1,12.8,11.71,85,960.9,92,21.0,Abuja
2013-07-05,28.3,21.2,24.0,8.0,10.5,16.0,84,960.9,73,20.9,Abuja
2013-07-06,28.2,21.4,24.0,6.5,8.9,18.9,85,961.8,78,21.2,Abuja
2013-07-07,25.3,21.7,23.5,2.6,7.9,10.64,88,962.3,99,21.4,Abuja
2013-07-08,25.6,21.4,23.3,3.6,8.2,12.68,86,963.2,84,20.7,Abuja
2013-07-09,28.2,21.1,23.9,3.2,9.0,18.31,85,963.6,77,21.2,Abuja
2013-07-10,29.4,21.4,25.2,3.6,7.3,21.75,78,961.6,39,20.9,Abuja
2013-07-11,28.2,21.5,24.1,6.5,9.4,17.49,85,961.5,90,21.3,Abuja
2013-07-12,27.8,21.5,24.4,0.3,6.1,12.86,82,962.6,86,21.0,Abuja
2013-07-13,27.5,21.6,24.2,6.9,8.4,15.56,85,962.7,86,21.5,Abuja
2013-07-14,26.9,20.7,23.3,15.8,7.5,13.2,90,962.1,81,21.4,Abuja
2013-07-15,27.7,20.8,24.3,0.8,10.8,15.57,81,962.8,86,20.6,Abuja
2013-07-16,28.0,22.3,24.7,1.5,11.9,17.11,81,963.2,83,21.1,Abuja
2013-07-17,27.8,21.5,24.1,1.8,10.3,16.31,87,963.1,73,21.6,Abuja
2013-07-18,27.6,21.3,23.9,5.6,8.0,15.3,88,962.4,87,21.6,Abuja
2013-07-19,27.2,21.7,23.9,7.4,8.7,15.12,88,962.0,87,21.7,Abuja
2013-07-20,28.2,21.4,24.0,15.8,5.7,16.16,87,961.5,95,21.6,Abuja
2013-07-21,27.9,21.2,23.7,16.7,9.7,16.22,87,961.5,97,21.2,Abuja
2013-07-22,28.7,20.9,24.4,11.8,8.2,18.09,84,960.8,78,21.3,Abuja
2013-07-23,28.7,21.0,24.5,21.4,8.8,17.34,86,959.8,74,21.8,Abuja
2013-07-24,26.3,21.7,23.5,9.5,11.5,10.83,89,961.8,100,21.5,Abuja
2013-07-25,26.1,21.4,23.0,12.9,12.1,11.69,91,963.9,99,21.3,Abuja
2013-07-26,25.9,20.9,23.1,4.1,10.1,12.87,90,963.8,97,21.4,Abuja
2013-07-27,27.4,21.2,24.0,3.0,8.4,13.56,86,961.8,91,21.3,Abuja
2013-07-28,26.2,22.1,23.7,1.6,13.8,11.49,85,961.9,94,21.1,Abuja
2013-07-29,24.7,21.3,22.6,2.5,10.9,8.62,91,963.7,100,20.9,Abuja
2013-07-30,25.2,20.5,22.8,2.2,12.2,10.98,88,964.1,91,20.6,Abuja
2013-07-31,26.4,21.5,23.4,5.3,13.7,14.12,87,962.6,78,21.0,Abuja
2013-08-01,25.0,20.6,22.3,14.5,8.7,8.82,91,962.8,86,20.8,Abuja
2013-08-02,26.4,21.1,23.1,2.4,10.2,11.25,87,963.5,89,20.8,Abuja
2013-08-03,25.8,20.7,23.3,4.9,8.7,13.69,87,962.7,78,20.9,Abuja
2013-08-04,26.1,21.3,23.8,5.1,8.7,14.93,85,961.9,81,21.0,Abuja
2013-08-05,26.4,21.9,24.1,1.0,9.5,14.56,83,961.0,91,21.0,Abuja
2013-08-06,26.5,21.7,23.8,1.5,12.4,13.85,82,960.4,99,20.5,Abuja
2013-08-07,26.2,20.8,23.0,4.7,11.2,14.82,87,959.5,88,20.7,Abuja
2013-08-08,26.4,21.2,23.0,5.1,9.4,10.93,88,960.0,90,20.8,Abuja
2013-08-09,26.2,20.9,23.0,5.2,9.7,12.75,89,960.9,99,21.1,Abuja
2013-08-10,27.5,21.0,23.8,6.2,10.6,18.19,84,960.9,79,20.8,Abuja
2013-08-11,26.9,21.2,23.7,9.2,9.3,14.3,85,960.9,92,21.0,Abuja
2013-08-12,24.1,21.5,22.5,3.8,12.9,6.49,90,961.6,100,20.7,Abuja
2013-08-13,26.5,21.0,23.1,5.8,8.8,11.11,86,962.5,94,20.5,Abuja
2013-08-14,28.5,20.4,23.8,4.9,12.7,17.43,85,961.3,93,20.9,Abuja
2013-08-15,22.7,20.9,21.7,6.0,13.4,4.73,95,960.5,100,21.0,Abuja
2013-08-16,26.0,20.5,22.7,6.4,11.2,10.96,89,961.2,99,20.7,Abuja
2013-08-17,25.2,21.8,22.8,8.4,9.0,6.93,90,961.2,97,21.0,Abuja
2013-08-18,25.6,20.6,23.0,6.4,7.6,11.13,89,961.4,91,20.9,Abuja
2013-08-19,29.0,20.7,24.3,7.3,10.0,20.17,84,960.8,55,21.2,Abuja
2013-08-20,23.4,21.2,22.1,24.5,6.8,4.82,96,961.0,98,21.4,Abuja
2013-08-21,25.4,20.8,22.5,8.9,8.7,10.65,90,961.4,76,20.7,Abuja
2013-08-22,27.9,20.4,24.0,2.8,8.8,18.71,82,961.4,77,20.5,Abuja
2013-08-23,25.9,21.8,24.0,0.2,9.2,9.55,83,960.8,88,20.9,Abuja
2013-08-24,25.5,20.9,23.0,8.5,7.7,8.78,90,961.4,100,21.1,Abuja
2013-08-25,24.9,20.8,22.1,15.7,9.0,8.39,95,960.8,92,21.2,Abuja
2013-08-26,27.8,21.5,24.0,1.4,8.6,13.65,85,961.3,95,21.2,Abuja
2013-08-27,27.3,21.2,23.9,6.3,7.2,15.55,86,961.5,82,21.3,Abuja
2013-08-28,28.7,20.0,23.5,20.8,6.2,16.86,91,961.5,97,21.7,Abuja
2013-08-29,23.9,21.6,22.5,10.9,11.3,8.46,95,962.6,100,21.7,Abuja
2013-08-30,26.8,21.1,23.4,2.9,10.0,15.28,87,962.3,84,21.0,Abuja
2013-08-31,27.7,20.6,23.6,16.4,7.9,16.35,87,960.8,90,21.3,Abuja
2013-09-01,23.1,20.8,21.7,79.7,7.4,5.43,96,960.7,97,21.0,Abuja
2013-09-02,26.2,21.3,23.0,4.0,8.2,12.23,89,962.0,97,21.0,Abuja
2013-09-03,27.8,20.6,23.8,6.2,8.0,15.57,85,962.3,66,21.0,Abuja
2013-09-04,28.6,20.4,23.7,11.1,6.8,18.93,87,962.3,94,21.3,Abuja
2013-09-05,24.9,21.4,22.5,45.4,10.4,8.58,93,961.7,88,21.3,Abuja
2013-09-06,28.6,20.8,24.3,4.2,9.8,20.13,81,962.1,71,20.6,Abuja
2013-09-07,29.2,20.3,24.1,17.8,8.6,20.53,86,961.6,80,21.4,Abuja
2013-09-08,28.9,21.0,24.0,24.6,6.8,19.33,87,961.7,76,21.6,Abuja
2013-09-09,26.8,21.7,23.5,5.8,11.5,14.09,88,961.4,86,21.3,Abuja
2013-09-10,25.1,21.3,22.9,10.8,8.7,7.59,89,961.3,99,21.0,Abuja
2013-09-11,24.5,20.7,22.3,17.5,5.8,8.08,93,961.0,93,21.1,Abuja
2013-09-12,27.5,20.7,23.7,6.8,6.2,16.28,85,961.2,76,21.0,Abuja
2013-09-13,28.5,20.8,24.2,10.1,8.3,17.61,85,961.8,86,21.3,Abuja
2013-09-14,27.1,21.5,23.4,11.9,7.6,14.76,93,962.9,96,22.2,Abuja
2013-09-15,28.6,21.1,24.6,1.8,6.5,15.38,83,963.1,77,21.3,Abuja
2013-09-16,30.0,22.3,25.4,2.3,8.6,19.74,82,962.0,95,21.9,Abuja
2013-09-17,29.2,21.3,24.6,5.3,10.0,17.95,87,961.2,65,22.2,Abuja
2013-09-18,30.2,21.9,25.1,5.2,7.4,17.33,86,961.0,82,22.6,Abuja
2013-09-19,31.5,22.0,25.9,3.0,5.8,22.86,83,959.6,81,22.5,Abuja
2013-09-20,29.7,21.5,24.8,13.5,5.9,17.2,85,960.2,74,21.8,Abuja
2013-09-21,28.1,22.2,24.9,0.6,10.9,13.02,84,960.7,63,21.9,Abuja
2013-09-22,28.4,22.3,24.7,11.6,8.5,13.27,86,960.4,89,22.0,Abuja
2013-09-23,23.0,21.0,21.9,118.9,7.9,2.57,98,961.5,100,21.5,Abuja
2013-09-24,28.2,21.2,24.0,1.1,10.4,17.53,83,962.9,74,20.8,Abuja
2013-09-25,28.1,20.9,24.2,4.6,6.8,17.72,84,962.9,92,21.0,Abuja
2013-09-26,30.1,21.7,25.1,10.2,6.1,20.8,86,962.1,51,22.4,Abuja
2013-09-27,28.6,21.4,24.6,7.3,9.3,18.13,86,961.6,72,22.0,Abuja
2013-09-28,28.3,20.9,24.5,1.0,9.1,15.77,84,962.1,78,21.5,Abuja
2013-09-29,28.6,21.5,25.2,0.5,8.4,16.84,82,962.0,42,21.7,Abuja
2013-09-30,29.6,21.0,24.8,7.5,9.3,20.3,87,960.8,77,22.2,Abuja
2013-10-01,29.2,21.6,25.2,7.8,8.9,18.83,84,960.6,77,22.2,Abuja
2013-10-02,27.4,21.5,24.3,4.9,9.0,13.09,89,960.3,99,22.2,Abuja
2013-10-03,29.1,21.3,25.1,0.1,9.7,14.57,82,960.4,83,21.6,Abuja
2013-10-04,29.6,22.0,24.8,10.5,7.2,20.0,86,961.9,92,22.1,Abuja
2013-10-05,28.0,21.5,24.5,2.8,6.6,13.64,87,961.3,88,22.1,Abuja
2013-10-06,28.4,21.7,24.2,11.5,11.7,14.99,87,961.3,84,21.9,Abuja
2013-10-07,28.9,21.0,24.8,2.4,6.6,19.52,83,961.7,68,21.7,Abuja
2013-10-08,26.6,21.0,23.5,14.5,8.7,11.26,90,961.8,94,21.8,Abuja
2013-10-09,28.5,21.6,24.3,5.8,7.6,15.29,86,961.3,83,21.7,Abuja
2013-10-10,29.2,21.3,25.1,1.1,6.0,18.6,81,961.1,59,21.3,Abuja
2013-10-11,29.5,20.5,24.7,4.0,7.0,19.77,83,961.7,68,21.4,Abuja
2013-10-12,32.2,21.9,26.7,0.0,7.5,23.8,74,961.3,16,21.1,Abuja
2013-10-13,29.0,22.2,25.1,6.1,12.3,18.09,81,960.6,56,21.7,Abuja
2013-10-14,26.2,21.6,23.3,8.6,10.9,12.47,90,960.9,96,21.5,Abuja
2013-10-15,28.2,21.7,24.3,5.8,10.0,16.58,86,961.8,80,21.7,Abuja
2013-10-16,31.0,20.6,25.5,0.8,7.2,21.47,83,961.5,79,22.1,Abuja
2013-10-17,31.7,21.9,26.7,0.2,6.3,20.94,77,960.6,79,21.9,Abuja
2013-10-18,32.0,22.6,27.1,0.6,8.2,21.83,72,960.6,47,21.2,Abuja
2013-10-19,31.2,22.1,26.5,0.6,7.6,20.69,74,960.3,40,21.1,Abuja
2013-10-20,32.0,21.4,26.5,0.0,6.0,22.33,73,960.2,76,20.9,Abuja
2013-10-21,30.5,20.8,25.4,4.4,9.0,20.76,80,960.5,43,21.3,Abuja
2013-10-22,30.5,21.5,25.5,2.6,8.3,20.82,81,960.5,52,21.7,Abuja
2013-10-23,30.8,21.7,26.3,0.0,7.5,21.26,75,960.8,23,21.2,Abuja
2013-10-24,31.6,23.4,27.1,0.2,10.6,22.48,70,960.6,65,20.9,Abuja
2013-10-25,30.6,21.9,25.9,0.3,10.1,20.34,78,960.5,74,21.5,Abuja
2013-10-26,31.4,22.2,26.6,0.1,8.2,22.63,73,960.5,26,21.1,Abuja
2013-10-27,31.9,22.4,27.2,0.2,6.8,23.39,69,960.7,63,20.7,Abuja
2013-10-28,29.7,21.9,25.4,3.6,10.6,19.16,82,961.4,63,21.9,Abuja
2013-10-29,29.9,21.5,25.0,6.9,8.2,18.42,85,960.7,91,22.2,Abuja
2013-10-30,29.4,21.8,24.8,4.2,8.3,16.08,85,959.8,76,21.9,Abuja
2013-10-31,30.0,21.7,25.2,2.0,5.4,18.44,84,958.9,92,22.1,Abuja
2013-11-01,29.7,23.1,25.7,0.2,7.4,14.43,82,958.5,96,22.3,Abuja
2013-11-02,31.7,21.8,26.4,0.0,6.5,21.88,72,958.5,57,20.3,Abuja
2013-11-03,33.0,21.1,27.5,0.0,8.3,24.07,58,958.7,52,17.8,Abuja
2013-11-04,32.1,19.8,26.2,0.0,12.1,24.37,51,959.5,47,14.1,Abuja
2013-11-05,31.4,19.0,25.6,0.0,8.3,21.27,61,960.9,89,16.9,Abuja
2013-11-06,32.6,20.4,26.8,0.0,6.1,23.28,61,960.8,51,18.0,Abuja
2013-11-07,32.7,21.8,27.5,0.0,6.9,21.72,60,960.6,19,18.5,Abuja
2013-11-08,33.9,24.0,28.6,0.0,7.7,23.18,54,960.0,44,17.7,Abuja
2013-11-09,33.0,22.4,27.8,0.2,9.1,22.94,59,959.9,52,18.8,Abuja
2013-11-10,32.2,23.3,27.7,0.0,6.2,22.13,63,959.9,33,19.7,Abuja
2013-11-11,32.7,21.6,27.0,0.0,6.5,22.9,63,958.4,27,18.7,Abuja
2013-11-12,31.0,21.8,26.3,0.0,7.8,20.21,68,958.7,56,19.6,Abuja
2013-11-13,32.0,23.0,27.3,0.0,10.0,21.23,64,959.1,43,19.5,Abuja
2013-11-14,33.2,22.7,27.3,0.0,10.8,22.41,67,959.2,69,19.7,Abuja
2013-11-15,30.1,22.7,26.2,0.1,8.3,17.56,73,959.8,58,20.7,Abuja
2013-11-16,32.8,23.7,27.6,0.0,6.3,21.2,63,959.9,19,19.3,Abuja
2013-11-17,34.1,22.7,28.3,0.0,7.3,22.0,59,958.6,20,18.8,Abuja
2013-11-18,33.1,22.4,27.9,0.0,6.9,21.99,61,957.9,61,18.9,Abuja
2013-11-19,33.6,22.4,27.8,0.0,8.4,20.82,61,958.2,40,18.9,Abuja
2013-11-20,32.2,22.7,27.3,0.0,9.8,19.8,65,959.1,57,19.7,Abuja
2013-11-21,33.6,22.7,27.7,0.0,6.6,21.97,63,958.0,49,19.1,Abuja
2013-11-22,32.4,21.5,27.0,0.0,9.0,20.76,62,957.9,36,18.6,Abuja
2013-11-23,31.9,23.2,27.4,0.0,9.0,18.71,64,959.1,72,19.4,Abuja
2013-11-24,30.9,23.1,26.8,0.2,9.6,16.67,67,959.7,88,19.8,Abuja
2013-11-25,30.9,22.6,26.7,0.0,6.8,17.48,67,958.7,64,19.9,Abuja
2013-11-26,33.2,22.2,27.7,0.0,6.3,20.54,63,958.1,36,19.1,Abuja
2013-11-27,33.9,23.3,28.3,0.0,7.9,20.07,60,958.8,47,19.3,Abuja
2013-11-28,36.2,23.2,29.0,0.0,10.6,21.88,53,959.1,19,16.7,Abuja
2013-11-29,36.7,21.8,28.9,0.0,6.6,22.4,41,957.8,60,12.2,Abuja
2013-11-30,33.8,22.4,28.1,0.0,8.5,20.45,55,957.3,23,17.8,Abuja
2013-12-01,33.4,22.9,28.1,0.0,8.0,19.43,61,958.4,74,19.3,Abuja
2013-12-02,35.3,23.6,29.3,0.0,8.3,20.58,57,960.0,80,18.5,Abuja
2013-12-03,33.7,23.8,28.7,0.0,8.5,19.24,60,960.5,76,19.4,Abuja
2013-12-04,33.7,22.8,28.6,0.0,7.9,19.27,58,960.6,41,18.7,Abuja
2013-12-05,33.4,22.9,28.4,0.0,8.1,19.46,55,959.6,13,17.9,Abuja
2013-12-06,31.8,23.4,27.5,0.0,10.8,17.4,60,959.5,31,18.5,Abuja
2013-12-07,31.0,22.4,26.8,0.0,8.1,16.92,67,959.9,43,19.8,Abuja
2013-12-08,32.0,23.1,27.8,0.0,6.8,17.58,58,960.1,77,18.1,Abuja
2013-12-09,34.2,22.1,28.3,0.0,8.8,20.13,54,960.0,74,17.2,Abuja
2013-12-10,32.4,23.1,27.9,0.0,6.9,18.01,61,959.9,90,19.3,Abuja
2013-12-11,32.4,23.3,27.9,0.0,8.7,18.18,58,960.7,67,18.1,Abuja
2013-12-12,31.8,22.8,27.3,0.0,7.4,17.44,60,961.3,58,18.0,Abuja
2013-12-13,31.5,23.4,27.2,0.0,11.0,18.29,42,961.7,33,12.7,Abuja
2013-12-14,32.8,21.3,26.7,0.0,13.6,21.51,30,961.7,21,7.4,Abuja
2013-12-15,31.9,19.9,25.6,0.0,13.3,21.95,26,962.2,11,4.3,Abuja
2013-12-16,32.1,19.2,25.3,0.0,12.2,22.01,25,962.2,24,3.2,Abuja
2013-12-17,32.0,19.3,25.4,0.0,13.9,22.13,25,961.0,7,3.7,Abuja
2013-12-18,32.2,19.3,25.5,0.0,13.0,22.24,25,960.1,0,3.3,Abuja
2013-12-19,32.8,19.1,25.8,0.0,10.0,22.0,28,959.0,0,5.2,Abuja
2013-12-20,33.5,18.5,26.3,0.0,7.9,21.59,30,958.3,12,6.5,Abuja
2013-12-21,33.8,20.0,27.2,0.0,9.4,21.36,32,959.4,73,8.3,Abuja
2013-12-22,34.5,21.1,28.0,0.0,10.5,21.43,32,959.6,2,9.1,Abuja
2013-12-23,34.9,22.0,28.3,0.0,7.9,21.52,31,959.1,0,8.9,Abuja
2013-12-24,35.5,22.8,29.0,0.0,10.1,21.49,27,959.3,3,7.9,Abuja
2013-12-25,36.2,24.0,29.4,0.0,13.2,21.65,18,960.2,66,2.1,Abuja
2013-12-26,35.1,22.7,28.4,0.0,13.7,22.27,20,960.3,71,2.4,Abuja
2013-12-27,34.7,19.4,27.4,0.0,9.2,22.04,26,960.6,95,5.0,Abuja
2013-12-28,35.3,20.1,27.8,0.0,8.0,21.85,30,960.6,38,7.6,Abuja
2013-12-29,35.3,22.0,28.5,0.0,10.2,21.9,23,960.1,42,4.6,Abuja
2013-12-30,34.3,21.0,27.9,0.0,10.3,21.86,24,959.9,79,5.2,Abuja
2013-12-31,33.5,21.6,27.5,0.0,11.1,21.76,29,959.9,32,7.7,Abuja
2014-01-01,32.4,21.1,27.1,0.0,8.0,19.5,46,959.6,19,14.3,Abuja
2014-01-02,31.9,23.8,27.6,0.0,9.2,14.4,38,959.5,51,11.5,Abuja
2014-01-03,34.9,22.9,28.4,0.0,13.9,21.44,21,959.8,69,3.9,Abuja
2014-01-04,34.1,21.7,27.6,0.0,12.9,21.86,21,960.0,12,3.2,Abuja
2014-01-05,33.7,20.8,27.2,0.0,10.8,21.98,24,959.7,50,4.6,Abuja
2014-01-06,34.2,21.8,27.8,0.0,12.4,21.9,24,959.5,14,5.0,Abuja
2014-01-07,34.1,21.0,27.4,0.0,9.8,22.03,24,959.3,22,4.8,Abuja
2014-01-08,34.1,21.0,27.3,0.0,11.7,22.12,25,959.6,7,4.8,Abuja
2014-01-09,34.1,20.7,27.2,0.0,10.6,22.16,27,959.7,29,5.6,Abuja
2014-01-10,34.2,21.4,27.6,0.0,10.9,22.12,24,960.5,67,4.7,Abuja
2014-01-11,34.9,21.1,27.8,0.0,11.3,22.23,22,961.0,0,3.6,Abuja
2014-01-12,35.2,20.7,27.8,0.0,10.5,22.38,24,961.9,18,4.6,Abuja
2014-01-13,34.5,20.4,27.3,0.0,10.2,22.44,25,961.4,23,5.0,Abuja
2014-01-14,33.6,20.3,27.3,0.0,12.4,22.49,26,960.1,21,5.4,Abuja
2014-01-15,34.1,20.8,27.6,0.0,7.7,22.25,31,960.3,10,8.6,Abuja
2014-01-16,34.9,21.2,28.3,0.0,6.4,21.69,36,960.9,7,11.2,Abuja
2014-01-17,35.5,22.5,29.1,0.0,8.4,22.16,24,961.1,55,5.9,Abuja
2014-01-18,35.2,22.2,28.7,0.0,9.8,22.09,24,960.8,91,5.8,Abuja
2014-01-19,35.7,21.1,28.7,0.0,8.1,22.65,24,960.7,45,5.7,Abuja
2014-01-20,35.1,22.5,28.5,0.0,11.7,22.79,24,960.6,14,5.7,Abuja
2014-01-21,35.4,21.4,28.7,0.0,8.3,22.52,35,959.5,11,10.8,Abuja
2014-01-22,35.0,22.6,29.0,0.0,9.3,22.22,28,958.8,2,8.2,Abuja
2014-01-23,33.8,22.9,28.7,0.0,6.6,20.18,48,958.6,34,16.1,Abuja
2014-01-24,35.7,24.2,29.9,0.0,6.9,20.89,43,958.3,36,14.8,Abuja
2014-01-25,36.0,23.2,29.6,0.0,4.2,22.18,33,958.2,73,11.3,Abuja
2014-01-26,34.2,22.7,29.0,0.0,10.7,19.66,37,958.8,58,12.1,Abuja
2014-01-27,34.8,23.0,29.0,0.0,7.9,20.78,33,958.2,89,10.7,Abuja
2014-01-28,33.9,22.7,28.5,0.0,10.5,19.56,46,957.3,80,15.2,Abuja
2014-01-29,33.0,24.1,28.2,3.9,8.9,18.58,60,957.9,63,19.5,Abuja
2014-01-30,32.8,22.6,27.3,0.6,7.2,17.37,69,958.3,93,20.7,Abuja
2014-01-31,30.7,24.2,27.3,0.2,12.7,14.59,69,959.3,99,21.0,Abuja
2014-02-01,35.3,23.3,29.1,1.5,12.4,19.94,50,959.1,95,16.3,Abuja
2014-02-02,34.5,24.3,29.3,0.0,10.4,22.17,34,958.4,87,11.7,Abuja
2014-02-03,34.1,23.6,28.6,1.3,7.4,20.27,56,958.2,97,18.5,Abuja
2014-02-04,34.5,22.9,28.9,0.0,6.1,20.48,44,958.2,51,14.3,Abuja
2014-02-05,35.8,24.2,29.7,0.0,14.8,23.17,19,958.9,64,3.7,Abuja
2014-02-06,36.7,24.3,30.1,0.0,16.1,23.46,21,958.7,92,5.1,Abuja
2014-02-07,35.7,24.2,29.9,0.0,12.1,23.64,21,959.4,74,4.5,Abuja
2014-02-08,35.1,22.0,29.1,0.0,10.4,22.35,30,959.7,53,9.2,Abuja
2014-02-09,36.3,24.5,30.3,0.0,11.2,23.13,21,959.1,69,5.5,Abuja
2014-02-10,35.8,23.4,29.9,0.0,12.0,23.53,20,959.5,97,3.6,Abuja
2014-02-11,35.6,22.5,29.5,0.0,8.0,22.81,29,959.1,49,9.4,Abuja
2014-02-12,35.8,24.9,30.3,0.0,12.6,23.2,21,958.9,87,4.9,Abuja
2014-02-13,36.3,24.5,30.1,0.0,13.2,24.31,13,958.7,17,-2.0,Abuja
2014-02-14,35.9,23.7,29.5,0.0,15.6,24.59,11,959.5,10,-4.5,Abuja
2014-02-15,35.9,22.8,29.0,0.0,13.6,24.42,11,959.8,46,-4.4,Abuja
2014-02-16,35.8,21.7,28.8,0.0,9.8,24.63,13,959.6,19,-2.5,Abuja
2014-02-17,36.7,22.6,29.7,0.0,9.5,24.57,14,959.0,49,-1.1,Abuja
2014-02-18,36.2,22.8,29.7,0.0,10.1,24.67,16,959.4,73,0.7,Abuja
2014-02-19,35.7,20.6,28.9,0.0,9.2,24.54,26,959.8,17,7.3,Abuja
2014-02-20,35.1,22.5,29.4,0.0,8.7,22.35,37,959.1,40,12.8,Abuja
2014-02-21,36.7,23.5,30.5,0.0,6.4,23.12,37,958.2,81,13.5,Abuja
2014-02-22,37.6,25.2,31.3,0.0,6.2,23.72,28,957.6,56,10.4,Abuja
2014-02-23,37.8,24.1,31.1,0.0,8.3,23.92,23,957.6,50,7.3,Abuja
2014-02-24,36.4,25.0,30.6,0.0,10.0,22.99,26,957.2,40,8.4,Abuja
2014-02-25,36.4,24.1,30.3,0.0,11.7,23.39,38,957.1,60,13.7,Abuja
2014-02-26,35.8,24.7,30.2,0.0,6.6,21.88,52,957.8,51,18.4,Abuja
2014-02-27,36.6,25.5,31.0,0.0,8.0,22.87,45,958.3,81,16.7,Abuja
2014-02-28,34.6,24.1,29.4,8.3,13.1,19.87,56,958.8,92,18.8,Abuja
2014-03-01,32.9,23.0,27.9,0.0,10.2,17.87,58,959.2,91,17.2,Abuja
2014-03-02,33.9,23.4,28.4,0.3,8.0,19.7,52,959.1,96,16.9,Abuja
2014-03-03,32.8,25.3,28.5,0.5,7.6,17.04,58,959.4,65,18.9,Abuja
2014-03-04,34.5,23.1,28.0,5.9,8.4,22.99,63,958.5,34,19.6,Abuja
2014-03-05,33.5,23.4,27.9,3.2,6.6,21.83,68,958.6,54,21.1,Abuja
2014-03-06,33.0,23.9,27.2,6.0,12.5,19.58,74,958.5,96,22.0,Abuja
2014-03-07,33.3,23.5,28.2,0.2,8.9,19.81,67,957.8,83,21.0,Abuja
2014-03-08,34.2,23.6,29.2,0.0,8.9,22.31,59,957.8,24,19.9,Abuja
2014-03-09,35.0,22.3,28.9,0.0,9.3,23.23,55,957.7,63,17.8,Abuja
2014-03-10,33.2,23.8,28.1,0.0,8.9,20.02,65,959.2,86,20.2,Abuja
2014-03-11,32.2,24.0,27.7,0.3,7.8,19.71,68,960.4,65,20.8,Abuja
2014-03-12,35.1,23.5,29.2,0.0,6.4,24.72,56,960.8,20,18.2,Abuja
2014-03-13,36.0,23.0,29.5,0.0,7.6,25.2,44,959.5,28,15.1,Abuja
2014-03-14,36.1,23.7,29.6,0.0,7.3,25.17,47,958.7,46,16.6,Abuja
2014-03-15,36.2,24.9,30.4,0.0,8.9,23.19,51,958.3,80,18.4,Abuja
2014-03-16,35.6,25.4,30.5,0.0,14.9,22.41,56,957.2,82,20.1,Abuja
2014-03-17,34.3,24.9,29.5,1.2,11.9,21.55,63,958.4,67,21.1,Abuja
2014-03-18,36.1,25.3,30.5,0.0,10.7,22.47,55,958.7,70,19.4,Abuja
2014-03-19,37.2,25.1,30.6,0.0,13.0,23.36,54,959.4,37,18.9,Abuja
2014-03-20,36.8,25.2,30.8,0.0,9.5,24.21,49,959.0,14,17.8,Abuja
2014-03-21,37.0,25.3,31.2,0.0,9.1,24.52,49,958.4,23,18.2,Abuja
2014-03-22,36.5,25.9,31.1,0.0,10.2,24.85,49,957.7,41,18.3,Abuja
2014-03-23,36.3,25.5,30.5,0.8,12.2,22.86,54,957.8,54,19.6,Abuja
2014-03-24,36.2,25.3,29.5,2.4,14.3,22.94,62,958.8,91,20.8,Abuja
2014-03-25,34.9,24.5,29.3,0.7,13.2,22.98,61,958.9,72,20.3,Abuja
2014-03-26,34.8,25.2,29.6,2.3,16.3,23.22,58,958.5,93,20.0,Abuja
2014-03-27,34.2,24.7,29.1,0.0,14.7,20.79,60,958.5,99,19.9,Abuja
2014-03-28,34.4,24.3,29.1,0.0,9.7,20.43,62,958.9,98,20.4,Abuja
2014-03-29,32.1,24.6,28.3,0.6,12.0,16.69,65,959.8,84,20.9,Abuja
2014-03-30,33.2,24.1,28.6,0.0,14.2,15.87,63,959.4,98,20.5,Abuja
2014-03-31,34.1,24.8,28.8,0.5,12.2,16.84,65,959.3,99,20.9,Abuja
2014-04-01,36.9,25.4,30.9,0.0,12.8,23.13,53,958.8,74,19.0,Abuja
2014-04-02,36.5,24.7,30.2,1.0,12.5,24.56,57,958.6,65,19.9,Abuja
2014-04-03,34.1,24.7,29.1,0.2,12.7,19.81,62,959.3,92,20.6,Abuja
2014-04-04,38.1,24.3,31.1,0.0,9.7,25.53,51,959.5,28,17.9,Abuja
2014-04-05,37.0,24.9,31.0,0.0,10.8,24.97,48,959.5,11,17.6,Abuja
2014-04-06,35.0,24.9,30.0,0.0,11.9,22.68,54,960.1,58,18.9,Abuja
2014-04-07,36.1,25.4,30.0,0.7,11.5,24.47,57,959.8,43,19.8,Abuja
2014-04-08,34.6,25.2,28.5,7.3,14.8,20.74,66,960.3,78,21.2,Abuja
2014-04-09,31.8,24.6,27.5,10.0,10.0,20.0,72,960.6,94,21.8,Abuja
2014-04-10,32.2,23.5,27.3,3.6,9.9,18.47,73,958.9,70,21.7,Abuja
2014-04-11,33.4,24.4,28.3,0.0,11.2,18.97,67,959.5,86,21.1,Abuja
2014-04-12,34.8,24.8,29.4,0.2,10.7,24.59,63,958.8,39,20.9,Abuja
2014-04-13,30.5,24.7,27.1,2.1,14.4,14.11,72,959.6,91,21.5,Abuja
2014-04-14,33.8,23.8,28.0,1.5,10.5,22.43,68,960.0,68,20.9,Abuja
2014-04-15,33.3,24.3,28.5,0.3,10.7,21.2,64,959.7,48,20.7,Abuja
2014-04-16,35.1,24.7,29.3,0.6,10.0,25.6,62,958.6,45,20.9,Abuja
2014-04-17,32.5,25.3,28.8,0.3,13.2,16.23,65,958.1,51,21.4,Abuja
2014-04-18,32.1,24.0,28.2,9.4,11.6,16.77,70,958.9,99,21.9,Abuja
2014-04-19,34.5,23.4,28.2,4.9,6.3,23.51,72,959.6,76,22.0,Abuja
2014-04-20,32.2,25.1,28.0,1.8,9.9,19.97,69,959.1,82,21.6,Abuja
2014-04-21,32.1,24.7,27.8,3.3,11.1,17.27,71,958.2,99,21.8,Abuja
2014-04-22,30.4,24.2,27.2,0.4,12.2,15.46,76,959.0,96,22.4,Abuja
2014-04-23,34.1,23.8,28.6,0.7,9.3,21.69,66,959.2,66,21.1,Abuja
2014-04-24,32.0,24.5,28.0,0.0,12.2,14.73,69,958.9,100,21.5,Abuja
2014-04-25,33.5,24.9,29.0,0.0,9.6,20.71,66,958.7,77,21.7,Abuja
2014-04-26,31.9,24.8,28.5,0.4,12.6,18.13,68,959.6,81,21.9,Abuja
2014-04-27,33.4,24.1,28.7,0.9,10.0,17.44,66,959.3,72,21.4,Abuja
2014-04-28,31.5,24.1,27.2,5.2,7.2,15.63,74,959.9,98,21.9,Abuja
2014-04-29,33.6,24.0,28.1,1.9,6.8,24.52,71,959.3,85,22.1,Abuja
2014-04-30,31.8,24.7,27.4,9.1,8.8,20.51,75,959.1,91,22.4,Abuja
2014-05-01,33.4,24.8,28.3,0.0,10.5,21.15,71,959.1,81,21.9,Abuja
2014-05-02,34.1,24.8,28.9,0.1,8.0,23.6,66,959.3,66,21.6,Abuja
2014-05-03,29.2,24.4,26.8,9.2,8.8,14.75,79,959.6,82,22.9,Abuja
2014-05-04,32.6,25.1,28.1,1.2,7.7,21.69,74,958.6,75,22.7,Abuja
2014-05-05,30.0,23.0,25.7,26.6,5.6,15.9,86,958.4,100,23.0,Abuja
2014-05-06,29.7,23.2,25.7,11.1,8.7,14.86,84,959.7,98,22.5,Abuja
2014-05-07,27.5,22.5,24.7,10.9,7.6,12.02,90,960.1,100,22.9,Abuja
2014-05-08,27.9,22.4,24.9,4.4,8.3,10.73,87,960.4,99,22.4,Abuja
2014-05-09,31.4,22.7,27.2,0.0,6.1,20.39,74,960.2,72,21.9,Abuja
2014-05-10,31.9,23.0,26.8,12.8,9.1,22.78,78,959.8,58,22.5,Abuja
2014-05-11,32.2,23.0,27.3,0.3,6.9,22.66,76,958.7,89,22.4,Abuja
2014-05-12,31.2,24.8,27.3,4.8,12.3,18.71,77,959.0,87,22.8,Abuja
2014-05-13,28.4,23.3,26.0,9.6,12.6,15.1,83,960.5,95,22.8,Abuja
2014-05-14,29.9,22.5,25.7,22.8,8.9,16.18,85,961.2,95,22.9,Abuja
2014-05-15,31.1,23.3,26.3,2.2,8.5,20.65,81,960.0,83,22.5,Abuja
2014-05-16,30.8,23.7,26.6,15.4,6.2,19.31,81,958.6,89,22.8,Abuja
2014-05-17,30.3,22.7,26.4,0.0,8.6,15.86,81,959.1,77,22.7,Abuja
2014-05-18,31.2,24.8,27.6,6.8,10.0,20.88,78,959.5,65,23.4,Abuja
2014-05-19,28.9,24.0,26.4,8.0,7.6,14.55,84,959.8,93,23.4,Abuja
2014-05-20,30.9,23.9,27.0,1.1,7.4,16.09,82,959.9,94,23.4,Abuja
2014-05-21,32.0,23.1,27.2,10.2,15.0,19.21,80,959.3,70,23.1,Abuja
2014-05-22,30.4,23.4,26.6,0.5,11.2,17.96,80,959.9,76,22.7,Abuja
2014-05-23,30.1,23.6,26.9,0.1,8.1,15.58,77,960.0,68,22.4,Abuja
2014-05-24,30.3,23.5,26.9,0.0,10.7,14.53,75,960.1,57,21.8,Abuja
2014-05-25,31.5,23.3,27.5,0.0,8.7,18.86,72,960.0,76,21.8,Abuja
2014-05-26,30.7,24.0,27.4,2.4,10.9,21.23,78,959.7,47,23.1,Abuja
2014-05-27,28.8,23.3,26.1,10.2,12.7,16.19,84,959.8,85,23.1,Abuja
2014-05-28,30.5,22.4,25.9,16.0,11.5,18.09,82,959.5,87,22.4,Abuja
2014-05-29,27.4,22.1,24.0,38.4,10.5,11.03,90,960.9,100,22.2,Abuja
2014-05-30,29.4,22.3,25.7,1.2,7.4,13.36,82,960.8,89,22.2,Abuja
2014-05-31,30.0,23.2,26.5,0.2,10.0,17.44,80,959.7,45,22.7,Abuja
2014-06-01,28.7,22.9,25.9,8.2,11.1,12.83,82,958.9,96,22.5,Abuja
2014-06-02,29.2,22.0,25.8,0.5,7.8,15.25,82,959.6,97,22.1,Abuja
2014-06-03,30.7,23.8,26.6,8.3,6.6,16.18,77,959.3,94,22.0,Abuja
2014-06-04,30.8,22.9,26.0,8.1,9.0,17.51,82,958.6,61,22.5,Abuja
2014-06-05,29.0,23.0,25.7,0.0,10.3,12.78,81,959.2,82,22.0,Abuja
2014-06-06,29.8,23.0,25.8,16.7,9.5,17.73,81,959.9,79,22.2,Abuja
2014-06-07,29.0,22.5,25.2,3.9,8.4,14.24,87,960.0,80,22.7,Abuja
2014-06-08,30.1,23.3,25.7,13.2,9.8,19.39,84,960.2,74,22.6,Abuja
2014-06-09,28.3,23.0,25.7,0.0,10.4,11.62,82,960.0,89,22.2,Abuja
2014-06-10,27.9,23.1,25.1,14.1,12.5,13.38,86,960.5,82,22.5,Abuja
2014-06-11,28.5,22.4,24.7,5.7,6.4,12.81,87,961.4,91,22.3,Abuja
2014-06-12,29.7,22.5,25.6,13.4,7.9,17.33,85,961.2,89,22.9,Abuja
2014-06-13,29.0,22.4,25.4,9.3,8.9,14.59,84,961.2,96,22.3,Abuja
2014-06-14,28.1,22.4,25.2,3.0,10.7,12.39,84,961.5,88,22.2,Abuja
2014-06-15,28.8,22.2,25.5,0.4,9.5,12.76,82,962.0,73,22.0,Abuja
2014-06-16,29.6,22.8,25.9,18.0,8.7,18.28,83,961.7,64,22.6,Abuja
2014-06-17,28.6,22.6,24.7,10.4,6.2,13.21,89,962.2,100,22.8,Abuja
2014-06-18,27.8,22.2,25.0,3.5,8.4,10.82,86,963.4,98,22.3,Abuja
2014-06-19,27.7,22.8,25.3,0.5,10.3,11.1,83,963.0,76,22.0,Abuja
2014-06-20,29.2,22.6,26.1,0.7,10.0,14.35,80,961.7,46,22.1,Abuja
2014-06-21,29.8,22.4,25.9,4.7,11.4,17.78,81,961.8,60,22.3,Abuja
2014-06-22,28.3,23.1,25.4,3.2,11.6,15.16,84,962.2,98,22.5,Abuja
2014-06-23,28.5,21.3,24.4,8.8,7.5,15.1,87,963.3,78,21.9,Abuja
2014-06-24,28.5,22.2,25.0,0.5,9.9,13.78,83,962.7,79,21.8,Abuja
2014-06-25,27.5,22.3,24.8,0.6,10.9,11.6,81,962.0,62,21.3,Abuja
2014-06-26,28.7,22.7,25.5,1.0,9.7,17.61,81,961.9,60,21.9,Abuja
2014-06-27,28.5,22.5,25.0,9.9,10.6,17.86,85,962.0,64,22.3,Abuja
2014-06-28,27.6,22.2,24.6,5.4,10.0,12.45,86,962.4,99,21.9,Abuja
2014-06-29,27.2,22.5,24.5,4.8,8.7,11.48,86,962.0,91,22.0,Abuja
2014-06-30,29.1,21.9,25.3,1.8,10.5,18.31,83,961.0,69,22.0,Abuja
2014-07-01,27.4,22.3,24.2,14.6,10.3,13.76,90,961.6,86,22.5,Abuja
2014-07-02,29.2,21.3,25.2,5.4,9.5,18.39,82,962.8,84,21.7,Abuja
2014-07-03,28.6,21.7,24.9,4.6,10.7,15.47,84,962.9,91,22.0,Abuja
2014-07-04,28.0,21.7,24.5,3.1,9.1,12.38,86,962.8,95,21.8,Abuja
2014-07-05,27.7,21.8,24.3,5.9,12.6,14.22,85,962.8,77,21.4,Abuja
2014-07-06,27.5,21.7,24.3,1.0,12.6,15.71,83,962.9,95,21.1,Abuja
2014-07-07,27.5,21.8,24.0,4.3,10.2,15.87,86,964.0,70,21.4,Abuja
2014-07-08,27.5,21.7,23.9,5.6,11.7,14.99,87,964.9,88,21.3,Abuja
2014-07-09,26.6,21.1,23.1,24.0,6.7,10.51,90,964.0,89,21.4,Abuja
2014-07-10,28.7,20.9,24.4,4.6,6.6,18.84,85,963.7,61,21.7,Abuja
2014-07-11,28.6,21.9,25.4,0.8,10.5,16.73,79,963.3,37,21.3,Abuja
2014-07-12,28.6,22.4,25.2,1.5,10.2,17.52,82,963.2,79,21.9,Abuja
2014-07-13,28.2,22.2,24.9,0.3,6.2,15.83,86,963.1,86,22.3,Abuja
2014-07-14,29.1,21.5,25.3,1.3,6.8,18.31,81,962.4,51,21.6,Abuja
2014-07-15,28.7,22.7,25.4,5.7,11.9,16.71,83,961.7,83,22.3,Abuja
2014-07-16,26.7,22.2,23.8,9.7,14.8,9.97,90,962.2,97,22.0,Abuja
2014-07-17,26.3,21.6,22.8,24.9,17.4,9.05,93,963.6,99,21.6,Abuja
2014-07-18,27.3,21.2,23.8,6.6,16.2,18.07,84,963.7,61,20.9,Abuja
2014-07-19,27.2,21.7,24.2,1.9,12.0,13.63,82,963.3,90,20.9,Abuja
2014-07-20,27.7,21.6,24.2,5.7,10.6,14.03,86,963.4,78,21.6,Abuja
2014-07-21,27.6,22.2,24.4,6.3,11.4,14.26,86,963.4,87,21.7,Abuja
2014-07-22,27.2,22.0,23.9,6.1,12.0,11.88,86,963.4,96,21.3,Abuja
2014-07-23,26.7,21.4,23.5,5.0,12.6,13.7,89,963.8,79,21.5,Abuja
2014-07-24,26.4,21.5,23.6,6.5,8.6,11.82,85,963.3,86,20.9,Abuja
2014-07-25,25.3,21.1,22.4,24.5,9.2,8.62,95,963.4,91,21.6,Abuja
2014-07-26,28.6,21.1,24.2,2.9,8.1,18.5,87,962.3,69,21.7,Abuja
2014-07-27,27.9,22.2,24.6,2.7,8.4,14.19,85,961.5,70,21.8,Abuja
2014-07-28,27.0,22.1,24.1,3.0,9.4,12.39,88,962.0,94,21.8,Abuja
2014-07-29,28.1,21.8,24.4,5.1,8.5,15.21,87,961.8,93,21.9,Abuja
2014-07-30,28.1,21.8,24.4,11.6,8.9,15.13,86,962.1,87,21.9,Abuja
2014-07-31,28.5,21.9,24.7,2.0,11.5,16.11,83,962.6,92,21.5,Abuja
2014-08-01,24.9,21.7,22.7,7.8,12.4,7.41,94,963.0,100,21.7,Abuja
2014-08-02,25.6,21.2,22.5,7.5,13.7,9.47,91,962.6,93,21.0,Abuja
2014-08-03,26.5,20.8,23.1,1.8,9.5,10.5,88,963.5,98,21.0,Abuja
2014-08-04,26.7,21.4,23.9,6.5,8.2,13.55,87,962.8,93,21.5,Abuja
2014-08-05,26.1,21.4,23.2,6.6,11.7,11.99,90,961.9,89,21.5,Abuja
2014-08-06,25.4,21.1,22.5,7.1,12.2,8.54,91,962.5,93,21.0,Abuja
2014-08-07,26.0,21.0,23.0,9.5,12.4,11.16,88,962.4,86,20.8,Abuja
2014-08-08,27.0,20.8,23.3,5.9,12.2,14.7,86,962.2,99,20.8,Abuja
2014-08-09,24.7,21.4,22.6,10.5,12.8,7.32,89,962.5,94,20.7,Abuja
2014-08-10,28.6,19.7,24.6,0.6,9.4,18.11,80,962.6,53,20.6,Abuja
2014-08-11,26.9,21.8,23.5,12.5,14.1,12.37,88,961.6,84,21.4,Abuja
2014-08-12,22.7,20.6,21.5,37.6,21.9,4.86,98,960.7,100,21.2,Abuja
2014-08-13,25.7,20.5,22.8,2.0,12.6,12.97,88,962.3,73,20.6,Abuja
2014-08-14,27.8,21.4,24.2,1.5,11.2,17.83,81,962.6,67,20.5,Abuja
2014-08-15,26.3,21.4,23.0,23.0,9.6,9.68,90,961.8,97,21.3,Abuja
2014-08-16,26.9,20.9,23.5,2.7,12.3,15.64,87,962.2,87,21.1,Abuja
2014-08-17,26.9,21.6,24.0,3.5,8.3,9.86,83,962.5,99,20.9,Abuja
2014-08-18,25.3,20.9,22.9,21.2,8.7,12.0,90,962.0,91,21.0,Abuja
2014-08-19,28.7,20.5,24.0,2.3,8.3,17.76,85,961.6,90,21.1,Abuja
2014-08-20,28.8,21.6,24.3,4.4,11.2,20.11,84,962.2,81,21.2,Abuja
2014-08-21,25.1,21.4,22.9,13.4,13.1,11.48,91,962.8,96,21.3,Abuja
2014-08-22,22.6,20.7,21.6,11.7,9.7,4.29,97,962.0,100,21.1,Abuja
2014-08-23,26.3,20.3,22.8,7.7,12.5,14.92,88,962.2,90,20.6,Abuja
2014-08-24,29.9,19.9,25.1,0.1,9.0,17.35,79,961.8,68,20.8,Abuja
2014-08-25,28.9,22.1,24.7,16.5,12.3,17.66,84,960.5,69,21.7,Abuja
2014-08-26,22.7,21.3,21.9,62.3,13.8,4.98,95,961.5,86,21.1,Abuja
2014-08-27,28.1,20.1,24.0,0.7,9.1,14.52,82,963.0,78,20.5,Abuja
2014-08-28,29.7,22.6,25.3,12.7,10.1,18.4,82,960.7,63,21.8,Abuja
2014-08-29,27.6,21.8,24.3,7.0,10.3,14.4,89,960.2,73,22.2,Abuja
2014-08-30,26.9,22.5,24.6,0.5,13.6,11.78,84,961.4,97,21.5,Abuja
2014-08-31,23.4,21.5,22.6,7.8,8.7,6.98,93,961.2,96,21.4,Abuja
2014-09-01,26.4,20.6,22.9,9.2,8.0,10.62,91,961.4,87,21.2,Abuja
2014-09-02,28.0,21.5,24.3,11.1,12.4,18.02,82,961.8,85,20.8,Abuja
2014-09-03,25.9,21.5,23.1,17.4,10.6,10.54,91,961.7,94,21.6,Abuja
2014-09-04,27.1,20.9,23.1,20.8,7.3,13.13,91,961.3,82,21.6,Abuja
2014-09-05,27.0,21.2,22.9,15.9,12.2,11.2,91,960.9,92,21.3,Abuja
2014-09-06,25.9,20.6,23.0,4.7,10.5,12.42,89,961.6,75,21.0,Abuja
2014-09-07,29.1,20.1,24.4,5.0,8.7,19.83,83,962.3,84,21.2,Abuja
2014-09-08,27.2,21.3,23.7,30.9,6.8,12.58,89,962.8,99,21.7,Abuja
2014-09-09,26.9,21.0,23.5,10.0,8.3,11.54,87,962.0,99,21.2,Abuja
2014-09-10,27.9,21.5,24.0,3.9,8.9,17.01,85,961.8,82,21.2,Abuja
2014-09-11,28.2,20.7,24.0,6.9,6.8,18.43,88,961.0,85,21.8,Abuja
2014-09-12,29.5,20.9,25.1,0.5,7.6,18.42,83,960.6,62,21.7,Abuja
2014-09-13,28.0,21.9,24.8,1.2,9.8,14.36,83,961.4,90,21.5,Abuja
2014-09-14,28.8,22.6,25.0,8.0,7.2,18.19,82,962.0,95,21.6,Abuja
2014-09-15,29.4,21.2,24.2,14.6,7.9,19.63,88,961.4,97,21.9,Abuja
2014-09-16,24.8,21.4,22.8,29.3,8.9,8.2,93,961.4,99,21.6,Abuja
2014-09-17,28.2,21.3,24.0,45.5,9.1,17.18,87,961.9,86,21.5,Abuja
2014-09-18,27.8,21.2,24.1,3.4,6.9,16.74,90,961.6,91,22.2,Abuja
2014-09-19,29.3,21.6,24.5,10.4,5.9,16.07,86,961.5,83,21.9,Abuja
2014-09-20,27.8,22.0,24.1,11.2,7.9,14.05,88,962.0,98,21.9,Abuja
2014-09-21,28.3,21.6,24.4,6.1,8.6,16.22,86,962.4,94,21.7,Abuja
2014-09-22,27.8,20.8,24.0,7.3,6.9,14.53,88,961.3,94,21.8,Abuja
2014-09-23,28.9,20.8,24.7,3.8,7.5,19.21,87,961.1,72,22.3,Abuja
2014-09-24,29.4,21.3,24.4,14.9,10.5,18.82,88,961.5,60,22.1,Abuja
2014-09-25,28.3,20.7,24.1,3.7,6.1,14.52,86,961.9,87,21.3,Abuja
2014-09-26,28.2,21.7,24.1,18.3,8.0,15.31,87,961.6,95,21.8,Abuja
2014-09-27,28.5,20.9,24.0,28.0,5.9,18.1,88,961.9,89,21.8,Abuja
2014-09-28,28.1,21.5,24.5,1.9,9.5,15.57,84,962.0,67,21.4,Abuja
2014-09-29,28.0,21.7,23.9,4.5,7.9,12.59,85,961.7,96,21.1,Abuja
2014-09-30,25.0,20.9,22.8,7.7,7.1,8.36,93,961.1,96,21.6,Abuja
2014-10-01,26.9,21.2,23.6,6.3,8.4,11.22,87,962.4,91,21.1,Abuja
2014-10-02,27.1,20.6,23.4,20.2,5.8,12.77,90,962.4,94,21.5,Abuja
2014-10-03,27.4,20.5,23.6,7.8,8.2,15.97,90,961.8,87,21.7,Abuja
2014-10-04,28.3,20.4,24.3,2.1,10.0,16.71,85,961.0,73,21.4,Abuja
2014-10-05,29.2,20.9,25.1,0.4,6.4,14.86,81,961.0,56,21.3,Abuja
2014-10-06,29.5,21.8,24.9,3.2,6.4,17.63,85,960.9,69,22.0,Abuja
2014-10-07,30.0,21.5,24.9,4.8,7.5,17.37,85,961.0,88,22.0,Abuja
2014-10-08,31.8,21.3,26.3,0.3,6.9,23.03,76,960.1,37,21.3,Abuja
2014-10-09,29.9,21.6,25.4,3.8,9.2,19.54,82,959.6,41,21.9,Abuja
2014-10-10,29.0,22.4,24.9,12.3,8.3,16.13,85,960.0,87,22.1,Abuja
2014-10-11,29.4,22.6,24.7,11.1,7.1,17.58,88,960.6,93,22.5,Abuja
2014-10-12,27.9,21.3,24.3,9.6,7.1,14.2,89,961.2,99,22.2,Abuja
2014-10-13,28.6,22.2,24.8,1.5,9.1,15.34,86,962.1,83,22.2,Abuja
2014-10-14,29.5,22.1,25.3,1.1,7.4,18.62,85,962.3,82,22.4,Abuja
2014-10-15,29.6,21.5,25.0,2.2,5.8,18.1,85,961.8,58,22.2,Abuja
2014-10-16,31.0,22.0,26.2,2.4,6.5,20.29,79,960.7,51,22.2,Abuja
2014-10-17,30.0,22.6,25.6,2.2,8.4,17.67,84,960.0,74,22.6,Abuja
2014-10-18,28.0,22.2,24.6,3.6,9.2,10.28,86,961.2,98,21.9,Abuja
2014-10-19,27.0,22.0,24.1,0.0,9.8,9.97,85,961.4,83,21.3,Abuja
2014-10-20,31.6,22.1,26.3,0.0,6.6,23.04,71,961.1,28,20.0,Abuja
2014-10-21,31.9,20.9,26.3,0.0,6.6,23.41,67,960.4,16,19.1,Abuja
2014-10-22,30.6,22.0,26.6,0.0,9.2,22.92,66,961.2,67,19.6,Abuja
2014-10-23,30.6,21.8,26.0,0.1,7.5,20.27,75,961.2,63,21.0,Abuja
2014-10-24,28.6,22.3,24.9,10.0,7.2,14.73,85,960.8,88,22.1,Abuja
2014-10-25,29.9,21.8,25.2,2.7,6.2,16.26,84,960.0,89,22.1,Abuja
2014-10-26,30.1,22.0,25.8,1.2,8.9,17.66,82,960.7,76,22.2,Abuja
2014-10-27,29.6,22.0,25.5,4.1,4.6,17.24,85,960.8,83,22.6,Abuja
2014-10-28,29.9,22.0,25.4,1.0,6.4,17.25,85,959.9,86,22.5,Abuja
2014-10-29,30.3,22.2,25.3,10.3,7.7,16.17,85,958.7,88,22.4,Abuja
2014-10-30,32.5,22.2,26.7,0.0,8.4,20.26,76,959.5,73,21.4,Abuja
2014-10-31,29.7,22.4,25.5,0.9,6.5,18.49,82,960.2,72,22.1,Abuja
2014-11-01,30.1,21.8,25.5,1.5,6.9,17.69,78,960.0,73,21.0,Abuja
2014-11-02,31.0,21.7,25.8,0.0,7.6,20.13,75,960.0,61,20.6,Abuja
2014-11-03,29.6,22.4,25.6,4.2,6.3,17.49,83,959.9,78,22.3,Abuja
2014-11-04,29.3,22.6,25.4,5.4,7.3,16.69,85,960.7,91,22.7,Abuja
2014-11-05,29.1,22.6,25.2,0.4,12.3,14.0,84,961.7,97,22.0,Abuja
2014-11-06,29.1,22.6,25.7,0.0,7.8,12.95,79,963.1,91,21.6,Abuja
2014-11-07,32.1,22.2,27.3,0.0,8.4,21.83,71,961.2,25,21.3,Abuja
2014-11-08,33.3,23.0,27.8,0.1,6.7,22.76,69,959.5,12,21.0,Abuja
2014-11-09,33.0,23.9,28.1,0.2,8.3,22.6,66,958.8,45,20.8,Abuja
2014-11-10,31.7,22.9,26.6,1.7,7.0,20.13,77,958.8,71,21.9,Abuja
2014-11-11,30.3,23.0,26.1,0.5,7.0,17.78,80,959.5,81,22.3,Abuja
2014-11-12,31.7,22.4,26.7,0.2,7.0,21.07,75,959.1,82,21.7,Abuja
2014-11-13,31.5,22.0,26.5,0.0,6.9,21.06,74,958.9,54,21.2,Abuja
2014-11-14,30.7,22.6,26.3,0.3,8.6,18.44,73,959.9,39,20.8,Abuja
2014-11-15,32.4,21.5,26.9,0.0,5.1,22.02,66,959.3,51,19.2,Abuja
2014-11-16,32.3,22.3,27.0,0.0,8.6,21.9,65,958.2,52,19.4,Abuja
2014-11-17,32.6,21.9,27.0,0.0,9.4,21.23,65,958.1,82,19.4,Abuja
2014-11-18,29.4,23.0,25.7,3.0,8.8,14.72,79,960.5,83,21.6,Abuja
2014-11-19,32.4,21.8,26.5,0.0,5.8,19.85,69,961.1,81,19.5,Abuja
2014-11-20,32.0,19.8,26.2,0.0,6.5,22.53,61,960.5,43,17.4,Abuja
2014-11-21,31.8,19.9,26.3,0.0,6.5,22.81,57,960.6,0,16.3,Abuja
2014-11-22,32.5,20.1,26.3,0.0,7.1,22.64,53,960.9,0,15.1,Abuja
2014-11-23,33.9,20.2,27.1,0.0,10.2,22.83,40,960.6,51,11.9,Abuja
2014-11-24,33.7,22.3,27.7,0.0,12.3,22.39,39,960.1,72,11.9,Abuja
2014-11-25,32.4,21.1,26.9,0.0,7.5,21.46,50,960.3,71,15.2,Abuja
2014-11-26,30.8,23.5,26.8,0.1,6.6,17.49,66,960.2,94,19.8,Abuja
2014-11-27,32.4,21.3,27.1,0.0,5.6,21.43,63,959.9,71,18.6,Abuja
2014-11-28,33.1,21.5,27.1,0.0,7.5,22.17,53,960.1,53,16.0,Abuja
2014-11-29,33.8,20.9,27.3,0.0,8.2,22.72,42,959.7,25,12.3,Abuja
2014-11-30,33.2,18.9,26.5,0.0,6.6,22.29,48,960.2,6,14.0,Abuja
2014-12-01,34.2,21.4,27.8,0.0,9.7,22.32,39,959.4,0,11.8,Abuja
2014-12-02,33.3,20.7,27.0,0.0,8.6,21.69,41,958.9,9,12.3,Abuja
2014-12-03,32.5,20.1,26.7,0.0,8.7,21.39,42,958.5,22,12.4,Abuja
2014-12-04,31.4,20.8,26.5,0.3,8.2,18.0,60,959.9,11,17.7,Abuja
2014-12-05,34.2,20.6,27.4,0.0,5.8,21.64,51,960.2,2,15.2,Abuja
2014-12-06,35.2,21.7,28.0,0.0,8.2,22.12,33,959.7,1,9.1,Abuja
2014-12-07,34.3,20.6,27.5,0.0,8.4,22.27,34,959.0,0,9.4,Abuja
2014-12-08,33.1,21.2,27.1,0.0,5.5,21.4,54,959.3,2,16.3,Abuja
2014-12-09,33.4,21.7,27.4,0.0,6.3,21.22,54,959.2,5,16.7,Abuja
2014-12-10,33.2,21.7,27.4,0.0,5.9,20.45,54,959.1,6,16.4,Abuja
2014-12-11,34.1,21.9,27.7,0.0,5.6,20.96,52,960.0,58,16.1,Abuja
2014-12-12,32.6,22.2,27.3,0.1,7.9,18.62,52,959.7,73,16.2,Abuja
2014-12-13,34.4,22.1,27.8,0.0,10.0,21.44,26,959.9,72,6.1,Abuja
2014-12-14,35.2,22.2,28.3,0.0,12.6,21.69,23,960.5,51,4.6,Abuja
2014-12-15,34.9,21.9,28.3,0.0,9.0,21.49,29,961.1,90,8.0,Abuja
2014-12-16,35.1,20.9,27.9,0.0,8.6,21.7,37,961.2,32,10.3,Abuja
2014-12-17,35.4,20.9,28.1,0.0,7.5,21.92,32,960.8,0,8.3,Abuja
2014-12-18,35.2,21.3,27.9,0.0,8.9,22.0,28,960.8,0,6.8,Abuja
2014-12-19,35.0,21.8,28.2,0.0,9.4,21.99,26,961.0,0,6.3,Abuja
2014-12-20,34.6,23.2,28.6,0.0,10.2,21.44,25,961.3,18,6.5,Abuja
2014-12-21,35.1,23.0,28.7,0.0,12.6,21.71,21,961.2,25,4.0,Abuja
2014-12-22,34.7,22.5,28.3,0.0,13.4,21.89,19,961.1,31,2.2,Abuja
2014-12-23,34.2,21.6,27.5,0.0,12.3,21.99,20,961.9,71,2.3,Abuja
2014-12-24,34.2,20.9,27.2,0.0,13.3,22.01,22,962.2,5,3.3,Abuja
2014-12-25,32.7,20.2,26.2,0.0,12.4,21.99,24,962.6,7,3.6,Abuja
2014-12-26,32.4,20.0,26.0,0.0,12.1,21.69,25,961.4,61,4.1,Abuja
2014-12-27,33.0,19.7,26.4,0.0,9.8,21.81,29,960.4,0,6.4,Abuja
2014-12-28,33.2,19.4,26.6,0.0,7.8,21.75,32,961.2,4,7.5,Abuja
2014-12-29,34.9,21.2,27.8,0.0,12.4,21.5,28,961.4,25,7.0,Abuja
2014-12-30,33.3,21.8,27.6,0.0,12.2,21.41,29,961.1,14,7.7,Abuja
2014-12-31,33.9,22.6,27.9,0.0,12.8,21.52,28,960.4,36,7.6,Abuja
2015-01-01,33.6,22.5,27.8,0.0,10.2,21.56,24,960.9,13,5.0,Abuja
2015-01-02,33.7,20.9,27.0,0.0,11.3,22.11,22,961.8,0,2.9,Abuja
2015-01-03,33.9,20.3,26.6,0.0,15.0,22.24,19,963.5,0,0.5,Abuja
2015-01-04,32.7,19.0,25.4,0.0,15.4,22.29,17,963.7,0,-2.1,Abuja
2015-01-05,31.7,18.3,24.7,0.0,14.0,22.23,19,962.7,24,-0.7,Abuja
2015-01-06,31.7,18.0,24.7,0.0,9.3,22.32,23,961.9,35,1.9,Abuja
2015-01-07,32.7,18.6,25.3,0.0,11.6,22.36,23,962.1,41,2.1,Abuja
2015-01-08,32.9,19.3,25.7,0.0,12.1,21.36,19,963.0,81,0.0,Abuja
2015-01-09,32.8,19.7,25.8,0.0,14.1,22.43,20,964.2,20,0.6,Abuja
2015-01-10,31.8,18.3,24.6,0.0,17.4,23.13,16,964.1,66,-3.9,Abuja
2015-01-11,31.4,17.3,23.9,0.0,14.9,23.28,15,963.9,0,-4.9,Abuja
2015-01-12,31.0,17.2,23.7,0.0,13.1,23.06,17,962.7,0,-3.1,Abuja
2015-01-13,31.1,17.0,23.7,0.0,13.1,23.16,17,962.1,0,-3.5,Abuja
2015-01-14,32.7,17.5,24.8,0.0,11.0,22.87,19,962.0,16,-1.2,Abuja
2015-01-15,33.5,19.4,26.0,0.0,14.2,22.67,19,961.9,7,0.4,Abuja
2015-01-16,34.3,19.8,26.9,0.0,10.0,22.65,21,961.8,0,1.9,Abuja
2015-01-17,34.3,20.6,27.3,0.0,11.6,22.74,20,961.6,9,2.0,Abuja
2015-01-18,34.3,19.9,27.3,0.0,10.5,22.86,23,961.8,15,3.6,Abuja
2015-01-19,33.9,19.2,27.0,0.0,10.8,22.71,29,960.4,0,7.1,Abuja
2015-01-20,34.4,19.4,27.5,0.0,7.9,22.23,35,959.1,55,10.4,Abuja
2015-01-21,35.2,22.0,28.6,0.0,6.9,21.97,37,960.2,9,12.0,Abuja
2015-01-22,36.7,22.4,29.2,0.0,7.3,22.39,30,960.9,25,8.4,Abuja
2015-01-23,38.2,23.9,30.5,0.0,11.0,23.04,15,959.9,85,-0.2,Abuja
2015-01-24,35.5,21.9,28.8,0.0,7.7,22.81,23,958.5,78,5.6,Abuja
2015-01-25,35.1,22.7,29.1,0.0,6.9,21.27,41,958.4,81,14.1,Abuja
2015-01-26,33.7,23.2,28.6,0.1,7.7,18.98,52,960.0,85,17.1,Abuja
2015-01-27,37.1,22.4,29.9,0.0,7.9,22.31,34,959.4,62,10.8,Abuja
2015-01-28,34.3,22.9,28.6,0.0,7.4,21.01,48,959.4,37,16.2,Abuja
2015-01-29,33.7,23.8,28.9,0.0,10.5,20.82,36,959.5,21,11.7,Abuja
2015-01-30,33.9,23.7,29.0,0.0,11.8,20.85,42,960.4,31,14.5,Abuja
2015-01-31,35.4,23.4,29.5,0.0,6.0,22.0,43,960.6,37,14.6,Abuja
2015-02-01,36.7,23.6,30.2,0.0,9.8,22.33,31,959.7,34,10.7,Abuja
2015-02-02,37.1,24.0,30.6,0.0,7.1,22.87,27,959.1,51,9.1,Abuja
2015-02-03,36.0,23.1,29.7,0.0,7.2,21.66,37,959.0,97,12.9,Abuja
2015-02-04,37.2,23.2,29.9,0.0,6.9,21.98,39,959.3,92,12.7,Abuja
2015-02-05,37.0,22.4,29.7,0.0,7.1,22.88,35,958.6,12,12.0,Abuja
2015-02-06,36.6,23.4,29.9,0.0,7.4,22.01,40,958.5,12,13.9,Abuja
2015-02-07,35.5,23.8,29.6,0.0,10.5,20.93,48,958.8,35,16.5,Abuja
2015-02-08,36.9,23.6,30.2,0.0,7.9,22.05,43,958.6,30,15.1,Abuja
2015-02-09,36.6,23.9,30.7,0.0,7.5,22.42,43,958.2,45,15.9,Abuja
2015-02-10,36.5,24.2,30.2,0.0,8.6,21.57,45,959.1,46,15.7,Abuja
2015-02-11,37.8,24.6,30.9,0.0,10.5,23.71,16,958.7,43,1.9,Abuja
2015-02-12,36.9,25.8,31.0,0.0,16.7,23.86,16,960.2,38,1.8,Abuja
2015-02-13,36.3,23.2,29.9,0.0,10.5,24.01,19,961.1,67,3.7,Abuja
2015-02-14,34.6,23.6,29.3,0.0,6.5,20.88,39,961.0,84,13.4,Abuja
2015-02-15,35.5,24.1,30.0,0.0,9.1,21.68,42,960.1,24,14.9,Abuja
2015-02-16,35.2,23.7,29.8,0.0,10.3,21.24,47,959.6,26,16.4,Abuja
2015-02-17,35.2,24.3,30.0,0.0,10.6,21.64,50,958.9,18,17.7,Abuja
2015-02-18,33.4,25.3,28.8,0.4,12.5,17.58,61,958.8,94,20.1,Abuja
2015-02-19,35.1,24.4,29.1,0.3,7.4,21.55,60,958.4,83,19.4,Abuja
2015-02-20,33.9,24.4,29.1,0.6,8.7,20.16,56,957.6,63,18.9,Abuja
2015-02-21,32.9,24.7,28.5,1.3,13.2,19.31,62,957.8,88,20.2,Abuja
2015-02-22,33.7,23.0,28.4,2.6,10.8,19.46,60,958.8,97,19.4,Abuja
2015-02-23,34.8,24.6,29.7,0.0,8.7,19.79,53,960.3,79,18.0,Abuja
2015-02-24,34.5,23.3,29.1,0.0,8.6,21.38,48,959.9,98,16.7,Abuja
2015-02-25,34.0,24.3,29.1,0.6,9.0,20.03,52,958.1,98,17.8,Abuja
2015-02-26,33.1,23.8,27.8,6.2,8.6,19.56,66,958.5,62,20.4,Abuja
2015-02-27,32.7,23.5,27.1,3.1,7.2,20.36,70,959.6,76,20.7,Abuja
2015-02-28,33.6,23.2,27.9,0.8,8.1,22.14,64,960.0,76,19.8,Abuja
2015-03-01,34.8,23.6,29.1,0.0,11.5,23.66,31,959.3,46,9.5,Abuja
2015-03-02,35.1,22.8,29.0,0.0,11.3,24.63,26,958.7,48,7.0,Abuja
2015-03-03,34.5,23.0,28.8,0.0,7.9,24.0,35,959.2,59,11.2,Abuja
2015-03-04,35.4,23.5,29.2,0.0,14.8,25.32,25,960.0,66,6.6,Abuja
2015-03-05,35.7,23.8,29.5,0.0,12.2,25.55,27,959.4,28,8.0,Abuja
2015-03-06,36.1,23.5,30.1,0.0,10.8,24.79,28,959.1,77,9.4,Abuja
2015-03-07,35.2,24.4,30.0,0.0,8.4,23.13,46,958.5,56,16.4,Abuja
2015-03-08,35.7,24.5,30.5,0.0,9.4,22.89,47,958.0,35,17.1,Abuja
2015-03-09,36.8,23.9,30.6,0.0,8.2,24.08,49,958.3,70,17.3,Abuja
2015-03-10,36.2,24.1,30.7,0.0,10.5,23.53,48,958.9,32,17.2,Abuja
2015-03-11,36.0,25.3,30.1,0.9,9.2,22.01,56,960.0,52,19.7,Abuja
2015-03-12,37.4,25.0,31.2,0.0,7.3,24.6,44,958.5,14,15.4,Abuja
2015-03-13,35.9,24.0,30.3,0.0,7.4,23.46,42,957.3,54,15.5,Abuja
2015-03-14,36.9,23.6,30.6,0.0,8.6,25.15,30,957.0,15,10.0,Abuja
2015-03-15,38.9,24.7,32.1,0.0,8.9,26.03,22,956.8,35,6.1,Abuja
2015-03-16,35.5,26.1,31.1,0.0,9.7,19.35,47,958.3,85,17.9,Abuja
2015-03-17,38.2,25.7,31.8,0.0,9.0,24.65,45,958.4,61,16.9,Abuja
2015-03-18,37.5,25.7,31.3,0.0,10.2,24.3,48,957.8,61,17.2,Abuja
2015-03-19,37.6,25.9,31.7,0.0,9.3,24.53,43,956.5,48,16.8,Abuja
2015-03-20,35.9,26.0,31.4,0.0,10.6,22.78,49,956.9,61,18.7,Abuja
2015-03-21,32.9,26.5,29.2,6.9,12.0,19.61,63,957.8,92,21.3,Abuja
2015-03-22,35.9,25.0,30.1,0.0,11.3,22.25,61,958.1,83,20.8,Abuja
2015-03-23,35.8,25.2,30.4,0.0,10.5,23.09,55,958.2,88,19.6,Abuja
2015-03-24,35.5,25.7,30.5,0.3,12.2,23.01,56,957.6,92,20.2,Abuja
2015-03-25,32.6,23.6,27.8,7.7,11.9,18.64,72,958.3,90,22.0,Abuja
2015-03-26,28.3,24.0,25.9,3.5,12.2,12.63,75,960.5,97,20.7,Abuja
2015-03-27,35.8,24.2,29.2,0.0,14.2,24.93,56,960.6,85,18.7,Abuja
2015-03-28,32.9,24.6,28.0,0.2,11.0,20.49,67,960.5,74,20.6,Abuja
2015-03-29,33.6,23.8,28.5,0.2,11.5,22.27,59,959.6,62,18.8,Abuja
2015-03-30,31.4,22.9,26.7,11.7,13.4,19.95,74,959.9,100,21.3,Abuja
2015-03-31,28.4,22.2,25.5,1.1,12.2,9.39,68,960.8,100,18.3,Abuja
2015-04-01,34.9,23.4,28.0,0.0,13.0,19.86,28,960.4,95,6.6,Abuja
2015-04-02,35.9,23.6,29.3,0.0,15.1,24.51,28,960.2,72,8.1,Abuja
2015-04-03,36.0,24.8,29.8,0.0,10.6,24.64,33,958.9,78,10.5,Abuja
2015-04-04,35.0,23.6,29.3,0.1,10.9,25.05,54,958.4,68,18.2,Abuja
2015-04-05,34.1,24.3,29.1,0.2,9.4,23.72,58,958.4,26,19.6,Abuja
2015-04-06,34.9,24.4,29.4,0.1,12.5,23.09,59,958.8,39,19.9,Abuja
2015-04-07,36.0,24.4,30.0,1.0,13.6,24.85,57,959.3,75,19.8,Abuja
2015-04-08,34.4,25.2,29.3,0.6,12.0,22.22,62,959.1,67,20.8,Abuja
2015-04-09,32.1,25.5,28.6,0.6,13.5,15.89,66,959.2,89,21.5,Abuja
2015-04-10,30.2,24.4,27.4,0.8,10.5,14.34,73,959.5,97,22.0,Abuja
2015-04-11,36.1,24.9,29.8,0.0,15.5,24.22,59,960.0,84,20.0,Abuja
2015-04-12,37.0,25.0,30.6,0.0,8.7,25.38,47,961.2,68,14.5,Abuja
2015-04-13,36.8,21.9,29.7,0.0,9.3,27.87,28,961.4,39,6.8,Abuja
2015-04-14,37.4,23.5,30.1,0.0,12.5,27.99,20,959.7,59,3.3,Abuja
2015-04-15,35.5,21.5,29.3,0.0,10.6,27.26,25,959.2,13,5.9,Abuja
2015-04-16,35.5,23.8,29.9,0.0,6.6,24.6,42,960.2,17,14.9,Abuja
2015-04-17,37.3,24.0,30.7,0.0,12.5,28.21,23,960.8,48,3.8,Abuja
2015-04-18,37.8,22.1,30.5,0.0,12.5,28.17,16,960.1,2,0.2,Abuja
2015-04-19,37.7,22.4,30.6,0.0,11.6,27.63,23,959.2,6,4.9,Abuja
2015-04-20,37.6,23.3,30.4,0.0,7.8,26.9,37,959.0,10,12.9,Abuja
2015-04-21,37.2,24.9,31.5,0.0,8.2,26.24,40,958.9,21,15.2,Abuja
2015-04-22,37.4,25.7,31.6,0.0,9.7,24.92,42,959.0,29,16.3,Abuja
2015-04-23,37.7,25.5,31.5,0.0,10.7,24.81,49,959.1,15,18.1,Abuja
2015-04-24,38.3,25.8,32.0,0.0,14.0,25.48,45,960.0,51,17.1,Abuja
2015-04-25,35.5,25.7,30.6,0.0,13.0,21.39,52,961.1,65,18.7,Abuja
2015-04-26,36.8,25.6,31.0,0.0,10.9,23.73,47,961.1,72,17.2,Abuja
2015-04-27,38.1,25.5,31.7,0.0,8.2,26.03,42,959.9,25,15.5,Abuja
2015-04-28,37.7,25.4,31.6,0.0,9.1,26.58,41,959.5,6,15.2,Abuja
2015-04-29,35.8,25.3,30.7,0.0,11.6,24.76,46,959.6,15,16.6,Abuja
2015-04-30,37.7,25.3,31.5,0.0,9.8,25.8,47,958.5,10,17.7,Abuja
2015-05-01,36.3,25.4,31.1,0.0,13.5,23.53,50,958.3,33,18.5,Abuja
2015-05-02,37.4,26.2,31.5,0.0,11.0,25.0,50,957.9,33,19.0,Abuja
2015-05-03,36.2,25.8,30.8,0.0,15.2,22.93,53,959.1,45,19.5,Abuja
2015-05-04,36.4,25.8,29.9,1.8,9.7,19.4,61,958.9,90,21.0,Abuja
2015-05-05,34.7,26.1,29.7,0.5,11.4,19.34,58,960.7,87,20.2,Abuja
2015-05-06,34.5,25.3,29.7,0.0,11.3,20.3,57,960.1,70,19.4,Abuja
2015-05-07,36.2,25.6,30.8,0.0,12.3,24.98,50,959.5,27,18.5,Abuja
2015-05-08,34.7,25.5,29.8,0.2,14.7,21.31,59,961.3,47,20.3,Abuja
2015-05-09,34.9,25.1,29.3,9.9,11.7,23.86,62,960.8,46,20.8,Abuja
2015-05-10,33.4,24.6,28.1,2.5,9.7,21.56,71,960.1,71,21.9,Abuja
2015-05-11,32.0,25.2,28.3,0.2,10.5,14.17,67,960.5,67,21.5,Abuja
2015-05-12,32.7,25.0,27.9,5.1,8.3,16.82,72,960.6,73,22.3,Abuja
2015-05-13,30.6,24.6,27.2,11.7,8.7,15.59,78,960.5,90,22.9,Abuja
2015-05-14,28.6,24.3,26.2,10.5,10.2,9.04,82,959.5,96,22.8,Abuja
2015-05-15,33.8,23.9,28.2,0.1,9.4,21.27,71,960.3,67,21.7,Abuja
2015-05-16,32.0,25.4,28.5,0.2,9.8,17.77,68,960.7,86,21.9,Abuja
2015-05-17,33.2,24.7,28.1,1.3,14.1,21.47,75,959.9,83,23.1,Abuja
2015-05-18,30.4,24.6,27.2,0.3,10.5,12.66,77,960.4,89,22.6,Abuja
2015-05-19,31.4,24.6,27.7,1.7,13.2,18.15,75,960.7,70,22.7,Abuja
2015-05-20,31.8,23.9,27.8,0.0,11.1,15.8,73,960.7,88,22.2,Abuja
2015-05-21,32.0,25.0,28.2,1.2,10.7,15.47,70,961.5,67,22.2,Abuja
2015-05-22,33.0,24.7,28.3,0.1,10.6,19.72,69,961.2,93,21.7,Abuja
2015-05-23,29.1,24.4,26.3,7.3,13.0,11.63,80,961.2,92,22.4,Abuja
2015-05-24,31.1,23.7,27.0,0.3,10.8,15.13,75,961.5,80,21.9,Abuja
2015-05-25,31.5,23.7,27.5,0.3,10.7,16.11,73,961.1,72,22.0,Abuja
2015-05-26,31.7,24.2,27.8,1.1,12.1,16.91,73,959.6,66,22.5,Abuja
2015-05-27,30.3,24.1,27.0,0.5,12.1,13.4,76,960.4,76,22.2,Abuja
2015-05-28,30.5,23.9,27.0,0.2,10.7,12.79,77,960.3,77,22.4,Abuja
2015-05-29,30.5,23.7,26.6,1.0,10.8,13.92,78,959.5,65,22.4,Abuja
2015-05-30,30.1,23.6,26.5,0.3,10.3,12.1,77,960.5,70,22.0,Abuja
2015-05-31,30.4,23.4,27.0,0.6,9.9,14.04,75,960.6,90,22.0,Abuja
2015-06-01,29.7,23.8,26.8,0.0,11.8,11.6,74,960.1,91,21.6,Abuja
2015-06-02,29.9,23.5,26.2,2.3,10.9,12.46,78,960.1,93,21.8,Abuja
2015-06-03,27.3,23.3,24.9,6.0,9.6,10.97,86,961.4,97,22.4,Abuja
2015-06-04,30.7,22.2,26.2,4.5,8.9,16.28,79,961.4,82,22.1,Abuja
2015-06-05,29.4,23.0,25.6,3.1,10.5,10.79,82,960.6,98,22.1,Abuja
2015-06-06,28.7,23.1,25.9,0.6,12.0,12.02,78,961.0,87,21.6,Abuja
2015-06-07,29.3,22.6,25.6,5.2,11.5,11.59,80,961.3,96,21.7,Abuja
2015-06-08,29.2,22.0,25.0,6.6,9.5,15.72,84,961.6,89,21.9,Abuja
2015-06-09,28.8,22.5,25.2,2.8,9.8,14.77,83,961.4,58,21.9,Abuja
2015-06-10,29.6,22.3,25.8,1.2,10.2,14.96,81,961.6,57,22.0,Abuja
2015-06-11,28.0,22.5,25.5,0.6,12.2,11.35,81,961.7,87,21.8,Abuja
2015-06-12,29.4,23.2,26.3,0.7,12.6,12.18,77,961.7,88,21.9,Abuja
2015-06-13,29.3,23.3,26.2,2.3,11.2,14.06,78,961.5,85,22.0,Abuja
2015-06-14,29.4,22.0,25.7,5.4,10.3,16.73,80,961.4,52,21.8,Abuja
2015-06-15,28.0,22.6,25.4,0.5,10.7,11.36,80,961.5,65,21.7,Abuja
2015-06-16,28.7,23.1,25.7,2.1,11.3,11.78,80,961.1,80,22.0,Abuja
2015-06-17,28.6,22.9,25.4,0.6,12.5,12.47,82,960.5,66,22.0,Abuja
2015-06-18,29.8,23.0,26.4,0.3,11.3,12.98,77,960.0,48,22.0,Abuja
2015-06-19,28.4,23.1,25.6,1.4,10.8,13.45,80,961.2,75,21.8,Abuja
2015-06-20,28.1,22.6,24.6,4.1,9.8,11.57,86,962.4,93,22.0,Abuja
2015-06-21,27.7,22.6,24.8,0.7,12.0,10.62,82,963.6,83,21.3,Abuja
2015-06-22,27.4,22.4,25.1,0.6,11.6,11.26,79,964.3,83,21.1,Abuja
2015-06-23,28.7,22.5,25.6,0.6,12.5,12.44,78,964.0,74,21.4,Abuja
2015-06-24,28.9,22.8,25.7,1.7,13.3,13.54,79,964.0,68,21.6,Abuja
2015-06-25,28.6,22.3,24.8,9.4,10.7,15.98,85,965.1,96,21.9,Abuja
2015-06-26,28.4,22.2,24.4,7.3,11.3,14.45,87,964.6,92,21.9,Abuja
2015-06-27,28.9,22.4,24.6,6.4,10.0,16.31,87,963.6,80,22.1,Abuja
2015-06-28,29.5,22.1,25.6,1.5,10.8,17.8,80,963.4,48,21.7,Abuja
2015-06-29,26.3,22.9,24.5,0.4,11.4,8.51,82,963.8,83,21.2,Abuja
2015-06-30,28.4,22.0,25.3,0.3,9.7,13.34,79,963.0,53,21.2,Abuja
2015-07-01,27.5,22.3,25.0,0.9,12.0,11.9,80,962.1,67,21.2,Abuja
2015-07-02,27.4,22.4,24.4,3.3,9.2,9.28,85,962.3,96,21.6,Abuja
2015-07-03,29.0,22.6,24.9,1.2,9.4,15.75,82,963.2,70,21.5,Abuja
2015-07-04,28.0,22.8,24.6,8.2,8.0,13.64,84,963.0,87,21.8,Abuja
2015-07-05,29.2,22.1,25.3,2.3,7.2,18.0,82,962.0,74,21.9,Abuja
2015-07-06,31.1,23.2,27.0,0.0,7.4,22.96,74,961.3,65,21.6,Abuja
2015-07-07,30.8,23.7,26.6,6.9,6.5,21.15,78,961.3,90,22.3,Abuja
2015-07-08,30.1,22.7,26.0,3.6,5.8,17.4,83,961.1,86,22.8,Abuja
2015-07-09,30.9,23.1,26.3,3.6,8.0,21.22,83,961.5,88,23.0,Abuja
2015-07-10,28.7,22.7,25.2,12.9,10.0,11.17,86,962.0,100,22.6,Abuja
2015-07-11,28.9,22.3,24.6,19.8,8.9,13.4,88,962.6,91,22.3,Abuja
2015-07-12,26.7,21.4,24.3,1.6,12.6,10.93,86,962.4,88,21.7,Abuja
2015-07-13,29.0,23.3,25.5,4.8,10.7,16.8,80,961.8,74,21.7,Abuja
2015-07-14,29.0,22.2,25.4,6.8,8.7,18.53,83,961.4,77,22.2,Abuja
2015-07-15,27.9,21.8,24.7,1.1,11.9,13.42,84,961.2,71,21.5,Abuja
2015-07-16,28.9,22.3,25.0,8.3,8.7,17.78,82,962.5,83,21.6,Abuja
2015-07-17,28.1,22.1,24.8,1.3,11.5,14.97,85,962.0,76,22.0,Abuja
2015-07-18,29.4,22.3,25.9,2.2,9.4,18.6,79,961.4,65,21.9,Abuja
2015-07-19,27.0,22.2,23.9,16.2,11.9,10.82,91,961.5,100,22.3,Abuja
2015-07-20,24.4,21.4,22.5,27.8,15.5,7.43,95,961.5,98,21.6,Abuja
2015-07-21,25.8,21.6,23.4,1.6,14.2,11.26,86,963.2,97,20.8,Abuja
2015-07-22,27.9,21.5,24.3,4.0,10.1,16.57,81,962.8,69,20.8,Abuja
2015-07-23,26.8,22.0,23.7,7.1,7.2,10.95,89,962.5,97,21.6,Abuja
2015-07-24,25.1,21.2,22.9,9.6,11.2,6.78,89,962.5,87,21.0,Abuja
2015-07-25,28.5,22.2,24.4,0.9,9.2,16.47,82,962.4,63,21.0,Abuja
2015-07-26,28.4,21.5,24.3,14.2,10.5,16.92,83,962.2,84,21.2,Abuja
2015-07-27,22.5,21.2,21.9,60.0,10.0,3.63,98,961.9,97,21.5,Abuja
2015-07-28,25.2,20.8,22.4,3.9,12.4,10.17,90,963.1,98,20.7,Abuja
2015-07-29,26.7,21.0,23.3,2.5,11.4,13.52,85,963.5,92,20.6,Abuja
2015-07-30,26.3,22.3,23.9,6.4,10.5,12.22,85,962.8,83,21.1,Abuja
2015-07-31,25.5,21.1,23.0,6.5,7.2,8.52,92,962.6,97,21.5,Abuja
2015-08-01,26.2,21.2,23.1,9.9,10.1,11.48,92,961.8,97,21.8,Abuja
2015-08-02,26.9,21.3,23.9,4.4,8.7,13.1,87,962.0,92,21.4,Abuja
2015-08-03,24.8,22.2,23.2,9.5,6.4,8.5,92,962.9,99,21.8,Abuja
2015-08-04,25.9,21.2,23.5,8.1,10.2,12.09,90,962.2,83,21.7,Abuja
2015-08-05,26.7,21.4,23.9,2.0,7.9,11.81,86,962.1,91,21.3,Abuja
2015-08-06,27.7,21.4,24.4,4.5,7.4,15.61,84,961.2,82,21.6,Abuja
2015-08-07,23.0,21.1,21.8,33.6,8.4,3.61,96,961.2,95,21.2,Abuja
2015-08-08,27.3,20.8,23.6,2.3,7.7,13.23,88,962.0,96,21.2,Abuja
2015-08-09,25.6,21.1,22.9,3.7,8.9,10.74,93,961.6,71,21.7,Abuja
2015-08-10,28.0,21.9,24.4,1.8,8.9,14.89,84,961.1,83,21.3,Abuja
2015-08-11,28.3,22.1,24.4,11.2,8.6,17.48,85,961.7,96,21.7,Abuja
2015-08-12,24.5,21.8,22.8,28.4,7.1,5.37,93,963.2,96,21.6,Abuja
2015-08-13,28.0,21.8,24.8,1.2,10.8,13.6,83,962.6,83,21.5,Abuja
2015-08-14,23.6,21.3,22.4,68.8,13.0,3.07,95,961.9,99,21.6,Abuja
2015-08-15,27.9,20.9,24.3,2.6,10.6,16.94,84,962.6,90,21.1,Abuja
2015-08-16,26.8,21.8,23.4,17.1,8.3,10.81,91,962.8,99,21.9,Abuja
2015-08-17,25.7,21.4,23.1,13.8,7.7,10.07,92,962.5,88,21.7,Abuja
2015-08-18,28.3,22.1,24.4,5.9,8.2,15.5,86,961.8,88,21.8,Abuja
2015-08-19,28.0,21.5,24.3,9.3,7.2,12.47,84,961.3,94,21.3,Abuja
2015-08-20,28.0,22.1,24.6,4.0,7.2,15.95,87,960.9,90,22.1,Abuja
2015-08-21,26.9,21.8,23.8,12.4,7.8,9.74,89,961.5,100,21.7,Abuja
2015-08-22,28.5,22.1,24.7,3.1,9.1,16.14,85,961.4,94,22.0,Abuja
2015-08-23,27.2,21.8,24.4,18.8,10.5,14.29,87,960.7,96,21.9,Abuja
2015-08-24,27.1,22.2,24.2,3.7,10.2,9.46,89,961.1,100,22.1,Abuja
2015-08-25,26.5,21.6,23.5,8.5,9.4,10.34,90,962.1,92,21.7,Abuja
2015-08-26,28.7,21.6,24.7,2.9,11.4,18.58,83,962.0,89,21.5,Abuja
2015-08-27,27.8,22.0,24.2,12.9,10.1,14.63,89,960.9,98,22.2,Abuja
2015-08-28,24.0,21.2,22.4,24.5,7.7,7.74,97,961.4,100,21.8,Abuja
2015-08-29,26.1,21.5,23.2,6.3,7.4,9.67,92,963.1,93,21.8,Abuja
2015-08-30,27.3,21.8,24.2,2.5,11.7,15.31,87,963.4,88,21.7,Abuja
2015-08-31,23.2,21.6,22.3,44.5,5.2,3.57,95,962.6,99,21.5,Abuja
2015-09-01,26.1,21.6,23.4,1.5,9.5,12.58,91,962.9,95,21.7,Abuja
2015-09-02,25.8,21.4,23.4,3.6,9.3,12.43,88,962.4,89,21.2,Abuja
2015-09-03,27.6,21.4,23.8,7.6,11.2,14.66,87,962.9,93,21.4,Abuja
2015-09-04,29.8,22.1,25.3,3.5,6.8,19.52,83,962.6,80,22.1,Abuja
2015-09-05,29.5,22.2,25.4,1.5,10.5,19.87,82,962.5,63,21.7,Abuja
2015-09-06,28.7,22.4,25.1,1.2,10.7,16.89,82,963.1,73,21.6,Abuja
2015-09-07,27.0,21.5,24.2,2.9,9.6,10.64,86,962.5,97,21.6,Abuja
2015-09-08,26.2,21.4,23.3,17.8,5.6,10.49,90,961.1,89,21.6,Abuja
2015-09-09,28.1,21.5,24.5,0.8,9.2,15.98,82,961.3,65,21.1,Abuja
2015-09-10,29.7,21.5,24.6,16.4,5.9,19.16,86,961.2,88,22.0,Abuja
2015-09-11,28.5,21.5,24.3,7.8,7.2,14.11,88,961.4,98,22.1,Abuja
2015-09-12,29.6,22.4,25.4,0.9,9.6,16.41,85,960.6,65,22.5,Abuja
2015-09-13,29.7,23.0,25.3,9.7,9.3,18.57,84,961.2,76,22.2,Abuja
2015-09-14,27.5,22.6,24.1,10.2,9.1,12.98,90,962.1,93,22.3,Abuja
2015-09-15,28.2,21.8,24.1,9.4,8.7,17.56,87,962.3,89,21.7,Abuja
2015-09-16,27.3,21.8,24.1,6.1,8.4,15.0,87,961.6,93,21.8,Abuja
2015-09-17,23.2,21.3,22.0,37.4,13.6,4.45,97,960.4,99,21.5,Abuja
2015-09-18,27.7,21.5,24.0,3.4,9.8,14.19,88,961.0,87,21.7,Abuja
2015-09-19,28.0,21.4,24.2,8.1,8.7,13.02,84,962.9,92,21.2,Abuja
2015-09-20,29.9,22.5,25.2,5.8,6.9,21.58,84,963.2,69,22.0,Abuja
2015-09-21,29.1,21.7,24.7,1.2,9.3,13.36,85,962.5,86,21.8,Abuja
2015-09-22,29.4,21.9,25.2,1.1,8.0,19.61,83,962.0,55,21.9,Abuja
2015-09-23,29.4,22.1,25.4,7.7,8.0,18.39,84,961.4,71,22.4,Abuja
2015-09-24,28.9,21.7,24.7,13.6,8.0,16.15,87,961.4,92,22.2,Abuja
2015-09-25,28.7,22.5,25.3,0.6,11.5,16.73,83,961.9,82,22.0,Abuja
2015-09-26,29.2,22.1,25.2,0.9,8.2,17.19,83,961.3,61,22.0,Abuja
2015-09-27,30.0,21.8,25.3,11.2,6.0,21.0,86,959.7,47,22.6,Abuja
2015-09-28,30.1,21.3,25.1,4.4,7.2,18.96,86,959.8,66,22.4,Abuja
2015-09-29,28.7,22.4,24.6,8.3,7.6,15.95,88,960.2,82,22.3,Abuja
2015-09-30,29.7,22.2,25.5,0.2,7.2,16.07,81,960.5,78,21.8,Abuja
2015-10-01,29.6,22.5,25.7,1.7,9.2,15.49,82,959.7,57,22.3,Abuja
2015-10-02,30.3,21.4,25.4,8.6,8.4,19.28,84,959.1,62,22.3,Abuja
2015-10-03,29.2,21.9,25.0,6.0,7.4,17.07,84,960.9,79,22.0,Abuja
2015-10-04,28.7,22.2,24.9,2.6,5.2,15.85,85,962.4,64,22.1,Abuja
2015-10-05,30.3,21.7,25.5,9.9,7.3,20.35,84,962.1,83,22.3,Abuja
2015-10-06,28.5,22.0,24.7,2.7,9.4,13.37,87,961.9,96,22.3,Abuja
2015-10-07,28.5,21.7,24.7,2.7,8.3,13.67,86,961.3,91,22.2,Abuja
2015-10-08,26.1,22.6,24.0,2.9,8.1,6.15,89,962.0,86,22.0,Abuja
2015-10-09,29.5,21.7,25.1,7.7,7.1,19.68,85,962.0,66,22.2,Abuja
2015-10-10,29.3,21.0,24.5,6.3,8.8,17.6,89,961.6,67,22.4,Abuja
2015-10-11,28.8,22.0,25.1,5.0,5.9,14.49,83,962.1,82,21.9,Abuja
2015-10-12,30.5,22.1,25.9,2.5,6.2,17.96,83,961.9,59,22.7,Abuja
2015-10-13,30.3,22.6,26.1,5.3,7.7,18.69,84,961.2,68,23.1,Abuja
2015-10-14,29.5,22.8,25.7,1.6,8.9,13.5,84,960.5,98,22.7,Abuja
2015-10-15,29.6,22.5,25.4,6.1,6.9,15.8,88,960.8,98,23.2,Abuja
2015-10-16,30.5,22.7,25.6,9.5,6.8,19.57,88,960.1,71,23.3,Abuja
2015-10-17,29.7,22.4,25.3,2.1,7.5,17.2,86,961.0,70,22.6,Abuja
2015-10-18,30.1,22.5,25.7,3.5,7.4,16.64,84,961.7,80,22.7,Abuja
2015-10-19,30.1,22.5,25.3,6.3,6.6,18.41,87,961.6,77,22.8,Abuja
2015-10-20,29.2,22.0,24.7,12.3,6.0,15.46,89,961.2,83,22.8,Abuja
2015-10-21,30.7,21.3,25.0,9.0,6.4,19.63,87,960.5,80,22.6,Abuja
2015-10-22,30.1,22.4,25.5,1.7,7.9,18.44,84,961.2,84,22.4,Abuja
2015-10-23,31.0,21.8,26.2,0.2,7.2,19.72,78,961.4,39,21.7,Abuja
2015-10-24,30.6,23.3,26.6,0.4,8.4,20.19,78,961.1,51,22.2,Abuja
2015-10-25,30.1,22.5,26.0,0.5,10.6,17.74,81,961.2,62,22.4,Abuja
2015-10-26,29.9,22.1,25.4,8.1,6.8,17.12,84,961.1,86,22.4,Abuja
2015-10-27,30.5,22.5,25.5,10.4,7.4,16.38,86,961.1,98,22.8,Abuja
2015-10-28,29.4,23.3,25.4,22.9,6.6,16.36,88,960.7,89,23.1,Abuja
2015-10-29,29.7,22.6,25.2,1.7,7.3,17.58,84,960.6,80,22.0,Abuja
2015-10-30,29.9,21.6,25.5,0.5,7.4,18.68,80,959.9,56,21.5,Abuja
2015-10-31,29.8,23.9,26.1,3.4,7.1,19.72,81,960.1,93,22.5,Abuja
2015-11-01,30.4,22.4,26.2,0.0,8.0,16.48,77,960.5,98,21.5,Abuja
2015-11-02,28.3,22.8,25.2,0.4,6.3,11.3,85,961.4,88,22.4,Abuja
2015-11-03,31.0,20.7,25.9,0.0,6.6,21.42,77,960.8,28,20.9,Abuja
2015-11-04,31.8,22.3,27.2,0.0,8.2,23.49,65,960.6,5,19.9,Abuja
2015-11-05,31.1,22.1,26.6,0.0,7.2,21.78,68,961.0,86,19.8,Abuja
2015-11-06,31.7,22.6,26.9,0.0,5.6,22.13,66,961.1,45,19.6,Abuja
2015-11-07,31.6,23.9,27.6,0.0,6.2,22.11,59,960.5,48,18.5,Abuja
2015-11-08,31.7,22.2,27.1,0.0,7.0,21.5,64,961.7,49,19.3,Abuja
2015-11-09,31.2,23.7,26.8,0.0,6.6,18.62,71,962.6,83,20.9,Abuja
2015-11-10,30.8,23.6,26.7,1.5,8.2,18.64,72,961.8,76,21.0,Abuja
2015-11-11,32.7,21.0,26.8,0.0,9.7,22.3,62,960.5,69,17.5,Abuja
2015-11-12,33.4,20.6,26.7,0.0,12.7,23.76,47,959.7,7,13.4,Abuja
2015-11-13,33.4,21.8,27.1,0.0,14.0,23.79,38,960.8,1,10.7,Abuja
2015-11-14,32.8,21.1,26.6,0.0,9.7,23.34,43,960.9,72,12.2,Abuja
2015-11-15,31.1,19.8,26.0,0.0,7.9,21.57,64,961.0,81,18.4,Abuja
2015-11-16,32.5,22.1,27.2,0.0,7.6,22.39,59,960.1,39,17.6,Abuja
2015-11-17,32.3,20.8,26.5,0.0,8.4,23.1,51,959.5,32,14.8,Abuja
2015-11-18,33.7,22.5,27.6,0.0,13.0,22.87,38,959.0,35,11.3,Abuja
2015-11-19,33.3,22.1,27.3,0.0,10.7,21.09,41,959.1,80,12.0,Abuja
2015-11-20,33.2,21.2,27.2,0.0,8.2,21.15,44,959.6,82,13.2,Abuja
2015-11-21,32.8,22.6,27.3,0.0,8.8,22.27,44,958.6,39,13.4,Abuja
2015-11-22,33.6,22.0,27.7,0.0,7.6,21.76,52,958.1,31,16.1,Abuja
2015-11-23,34.0,22.3,28.2,0.0,8.4,21.94,45,958.7,62,14.3,Abuja
2015-11-24,34.3,22.3,28.1,0.0,7.7,22.2,43,960.6,65,13.8,Abuja
2015-11-25,35.1,20.9,28.1,0.0,8.5,22.43,44,959.9,22,13.0,Abuja
2015-11-26,34.0,20.4,27.4,0.0,7.3,22.67,45,958.6,8,13.7,Abuja
2015-11-27,32.9,21.7,27.6,0.0,6.9,20.66,54,959.2,26,16.8,Abuja
2015-11-28,33.5,21.7,28.0,0.0,6.8,21.42,56,960.3,7,17.7,Abuja
2015-11-29,34.4,22.9,28.6,0.0,7.4,22.17,46,961.3,4,14.9,Abuja
2015-11-30,34.7,22.9,28.5,0.0,9.8,22.33,31,961.8,0,9.4,Abuja
2015-12-01,34.8,23.0,28.6,0.0,11.2,22.15,30,961.6,3,8.8,Abuja
2015-12-02,34.1,22.8,28.1,0.0,12.3,22.22,29,962.2,30,7.9,Abuja
2015-12-03,34.0,22.7,27.8,0.0,13.6,22.1,29,962.4,28,7.6,Abuja
2015-12-04,33.6,22.2,27.3,0.0,14.9,21.53,28,962.5,57,7.0,Abuja
2015-12-05,32.8,21.8,26.7,0.0,11.9,19.98,27,961.9,43,6.1,Abuja
2015-12-06,33.1,20.4,26.5,0.0,11.4,22.06,28,962.7,14,6.1,Abuja
2015-12-07,33.7,21.4,27.0,0.0,14.0,22.05,27,962.9,0,5.9,Abuja
2015-12-08,34.0,21.5,27.3,0.0,15.5,22.1,26,962.2,0,6.0,Abuja
2015-12-09,33.9,20.7,27.1,0.0,10.1,22.02,25,962.4,3,5.1,Abuja
2015-12-10,34.1,21.2,27.2,0.0,12.0,21.9,25,962.5,22,5.1,Abuja
2015-12-11,33.8,21.3,27.1,0.0,12.6,22.0,24,962.9,5,4.7,Abuja
2015-12-12,33.5,20.5,26.6,0.0,12.9,22.16,24,962.6,0,3.7,Abuja
2015-12-13,32.9,19.8,26.1,0.0,9.2,21.83,25,961.8,23,4.1,Abuja
2015-12-14,32.8,20.0,26.0,0.0,11.9,22.0,24,961.8,3,3.6,Abuja
2015-12-15,32.5,19.6,25.5,0.0,13.8,22.39,24,962.0,0,3.0,Abuja
2015-12-16,31.9,18.7,24.9,0.0,13.7,22.65,21,962.1,0,0.5,Abuja
2015-12-17,31.9,18.5,25.0,0.0,14.0,22.37,21,962.0,1,0.4,Abuja
2015-12-18,32.3,19.3,25.5,0.0,12.9,21.71,23,962.7,6,2.4,Abuja
2015-12-19,32.0,20.2,25.6,0.0,12.1,20.14,24,962.7,28,3.1,Abuja
2015-12-20,32.8,19.8,26.1,0.0,11.5,21.66,24,962.7,11,3.6,Abuja
2015-12-21,33.2,20.2,26.5,0.0,11.1,21.7,24,962.4,0,4.1,Abuja
2015-12-22,33.9,20.6,26.8,0.0,14.0,21.72,22,962.6,23,2.9,Abuja
2015-12-23,33.9,20.5,26.6,0.0,15.8,21.97,20,962.2,10,1.0,Abuja
2015-12-24,32.6,19.6,25.8,0.0,14.6,21.87,20,962.9,0,1.0,Abuja
2015-12-25,33.2,20.1,26.2,0.0,15.1,21.81,22,963.0,0,2.7,Abuja
2015-12-26,33.5,20.4,26.6,0.0,15.1,21.83,24,961.6,0,3.9,Abuja
2015-12-27,34.1,20.5,26.9,0.0,11.9,21.76,25,961.0,0,4.8,Abuja
2015-12-28,34.3,21.1,27.3,0.0,11.3,21.95,24,961.5,0,4.5,Abuja
2015-12-29,34.1,20.6,26.9,0.0,12.2,22.01,22,962.8,0,3.2,Abuja
2015-12-30,34.0,20.3,26.9,0.0,13.1,22.19,21,962.5,0,2.2,Abuja
2015-12-31,33.8,19.9,26.7,0.0,12.9,22.26,23,961.9,0,3.6,Abuja
2016-01-01,33.4,19.4,26.3,0.0,12.1,22.1,25,962.3,0,4.2,Abuja
2016-01-02,33.4,20.0,26.3,0.0,12.0,22.0,24,962.1,3,3.8,Abuja
2016-01-03,33.9,20.4,26.9,0.0,13.1,21.79,25,961.7,33,4.6,Abuja
2016-01-04,34.6,21.0,27.3,0.0,11.8,21.72,26,961.0,50,5.4,Abuja
2016-01-05,35.1,20.5,27.6,0.0,9.8,21.56,27,960.6,36,6.3,Abuja
2016-01-06,34.6,20.7,27.8,0.0,10.0,21.77,29,960.9,25,7.3,Abuja
2016-01-07,37.2,23.6,29.8,0.0,13.5,21.82,19,961.2,3,3.1,Abuja
2016-01-08,36.7,22.9,29.9,0.0,11.5,21.85,17,961.3,26,1.5,Abuja
2016-01-09,34.7,23.6,29.1,0.0,13.2,21.8,24,962.0,32,5.4,Abuja
2016-01-10,35.4,22.8,29.0,0.0,9.2,21.97,30,961.1,0,9.0,Abuja
2016-01-11,37.0,22.6,29.4,0.0,12.5,22.46,19,960.4,0,2.8,Abuja
2016-01-12,35.5,22.9,28.8,0.0,13.3,22.8,15,959.6,0,-1.0,Abuja
2016-01-13,35.4,21.8,28.3,0.0,11.0,22.64,19,959.8,0,1.8,Abuja
2016-01-14,35.2,21.3,28.1,0.0,10.8,22.49,21,959.7,0,3.1,Abuja
2016-01-15,35.7,21.7,28.7,0.0,11.3,22.48,18,959.6,19,1.9,Abuja
2016-01-16,35.7,22.2,28.8,0.0,9.0,22.6,19,959.9,0,2.0,Abuja
2016-01-17,34.6,21.7,28.5,0.0,11.3,22.46,27,959.9,46,7.4,Abuja
2016-01-18,35.1,22.2,28.7,0.0,8.2,22.37,27,960.1,80,7.0,Abuja
2016-01-19,34.5,22.3,28.3,0.0,11.5,22.59,21,960.4,50,3.4,Abuja
2016-01-20,35.1,22.1,28.4,0.0,11.5,22.64,19,960.0,48,2.0,Abuja
2016-01-21,35.4,21.0,28.1,0.0,9.9,23.19,18,960.0,0,1.0,Abuja
2016-01-22,34.2,21.0,27.4,0.0,10.2,22.85,15,960.9,10,-1.7,Abuja
2016-01-23,34.5,21.3,27.7,0.0,13.4,22.76,14,962.1,61,-2.4,Abuja
2016-01-24,33.4,20.8,26.7,0.0,15.8,23.07,13,964.2,71,-4.5,Abuja
2016-01-25,33.1,20.0,26.2,0.0,16.0,22.94,17,964.5,22,-1.5,Abuja
2016-01-26,33.2,19.8,26.2,0.0,13.5,23.19,18,964.5,37,-0.9,Abuja
2016-01-27,33.4,19.4,26.1,0.0,14.2,23.3,16,963.6,0,-1.8,Abuja
2016-01-28,33.3,19.4,26.0,0.0,13.2,23.18,17,962.5,0,-1.1,Abuja
2016-01-29,33.6,19.7,26.3,0.0,14.1,23.29,18,961.8,0,-0.4,Abuja
2016-01-30,33.7,19.6,26.3,0.0,12.1,23.52,18,961.8,0,-0.3,Abuja
2016-01-31,33.8,19.4,26.6,0.0,9.3,23.5,20,961.6,0,1.6,Abuja
2016-02-01,34.2,20.2,27.2,0.0,8.1,23.6,21,960.8,1,2.7,Abuja
2016-02-02,35.5,19.5,27.9,0.0,8.9,23.55,25,959.9,0,4.8,Abuja
2016-02-03,35.8,21.5,28.8,0.0,11.0,23.67,23,960.0,0,4.6,Abuja
2016-02-04,36.6,22.5,29.4,0.0,8.7,23.66,21,960.6,13,3.9,Abuja
2016-02-05,36.8,23.7,30.0,0.0,12.0,23.87,17,960.5,25,2.2,Abuja
2016-02-06,37.6,23.5,30.3,0.0,12.9,23.91,16,961.5,15,0.9,Abuja
2016-02-07,36.6,23.1,29.7,0.0,13.6,24.19,16,962.1,11,0.4,Abuja
2016-02-08,35.2,22.3,28.7,0.0,10.0,24.17,18,962.8,0,1.7,Abuja
2016-02-09,35.8,22.3,28.8,0.0,14.7,24.24,17,962.6,0,0.8,Abuja
2016-02-10,35.4,21.9,28.4,0.0,14.0,24.31,15,961.2,0,-1.2,Abuja
2016-02-11,35.9,21.3,28.5,0.0,13.9,24.52,14,960.4,0,-1.6,Abuja
2016-02-12,35.2,21.7,28.3,0.0,10.1,24.55,15,960.5,0,-1.1,Abuja
2016-02-13,35.4,22.2,28.9,0.0,9.7,23.49,16,960.2,31,0.1,Abuja
2016-02-14,34.9,21.0,28.7,0.0,12.0,23.83,23,960.4,7,5.4,Abuja
2016-02-15,35.4,21.7,29.2,0.0,8.4,22.03,35,959.0,21,12.1,Abuja
2016-02-16,36.7,23.4,30.5,0.0,6.8,22.67,40,959.7,25,14.5,Abuja
2016-02-17,38.8,25.3,31.9,0.0,6.3,24.13,26,960.2,36,9.1,Abuja
2016-02-18,37.3,23.2,30.8,0.0,8.6,23.88,28,959.2,9,9.5,Abuja
2016-02-19,38.5,24.9,32.0,0.0,6.4,23.83,35,957.8,1,13.1,Abuja
2016-02-20,38.6,25.0,31.5,0.0,11.7,25.37,11,957.9,23,-2.7,Abuja
2016-02-21,38.8,24.4,31.3,0.0,12.2,25.1,14,958.7,19,-0.0,Abuja
2016-02-22,38.2,26.1,31.8,0.0,10.6,24.85,16,959.0,7,2.2,Abuja
2016-02-23,38.1,25.2,31.3,0.0,13.5,25.26,14,959.0,63,0.0,Abuja
2016-02-24,36.9,22.9,30.3,0.0,10.3,25.52,16,958.8,10,1.0,Abuja
2016-02-25,37.5,23.7,30.8,0.0,10.2,25.33,17,959.3,14,2.6,Abuja
2016-02-26,38.4,22.8,31.2,0.0,6.9,24.85,23,959.0,38,7.1,Abuja
2016-02-27,37.9,24.2,31.3,0.0,8.3,23.91,31,957.5,23,11.9,Abuja
2016-02-28,37.6,25.9,32.2,0.0,9.6,22.85,43,957.9,18,17.4,Abuja
2016-02-29,39.3,26.8,32.9,0.0,7.5,23.86,41,958.9,59,17.0,Abuja
2016-03-01,38.3,27.2,32.7,0.0,14.7,22.52,46,959.7,61,18.6,Abuja
2016-03-02,37.0,26.3,31.6,0.0,14.3,20.89,51,959.6,46,19.0,Abuja
2016-03-03,36.9,25.9,31.7,0.0,10.1,23.58,47,957.6,69,18.3,Abuja
2016-03-04,38.1,27.5,32.7,0.0,9.2,23.54,43,957.7,52,17.8,Abuja
2016-03-05,35.9,27.7,30.8,0.9,13.5,16.5,52,959.5,100,19.4,Abuja
2016-03-06,36.5,25.4,30.7,0.0,11.1,22.2,56,959.6,100,20.0,Abuja
2016-03-07,36.2,26.1,30.9,3.8,10.9,23.14,53,958.7,37,19.6,Abuja
2016-03-08,35.6,24.3,29.4,3.6,9.6,22.68,65,958.6,100,21.4,Abuja
2016-03-09,35.6,25.6,30.3,0.0,11.3,22.86,58,958.1,79,20.4,Abuja
2016-03-10,35.3,25.7,30.5,0.0,12.8,22.45,57,958.3,41,20.4,Abuja
2016-03-11,34.5,25.4,29.9,0.1,11.2,19.4,60,958.8,66,20.7,Abuja
2016-03-12,33.5,25.6,29.0,6.4,11.1,20.33,69,959.8,87,22.4,Abuja
2016-03-13,33.5,24.2,28.1,2.8,10.2,15.34,68,960.6,100,21.0,Abuja
2016-03-14,31.9,25.4,28.0,0.5,7.0,14.26,70,961.4,88,21.7,Abuja
2016-03-15,36.6,25.3,30.7,0.2,7.9,21.77,54,960.7,67,19.3,Abuja
2016-03-16,36.2,25.8,30.7,0.7,8.2,24.34,53,960.4,72,19.7,Abuja
2016-03-17,33.9,25.1,28.7,16.8,9.9,21.77,70,960.5,75,22.4,Abuja
2016-03-18,28.6,24.0,26.1,4.1,12.0,11.43,81,960.5,100,22.6,Abuja
2016-03-19,31.6,24.0,27.3,6.3,9.7,19.19,79,959.9,70,23.2,Abuja
2016-03-20,32.6,23.5,27.6,12.4,10.4,21.76,77,960.5,79,23.1,Abuja
2016-03-21,30.4,23.7,26.5,1.8,8.6,12.44,81,961.6,72,22.7,Abuja
2016-03-22,35.1,24.9,29.7,0.3,9.7,24.1,64,960.0,40,21.8,Abuja
2016-03-23,34.9,24.9,29.6,0.1,11.7,22.54,64,958.7,33,21.6,Abuja
2016-03-24,30.6,25.2,27.1,3.5,14.0,14.76,80,958.7,84,23.4,Abuja
2016-03-25,32.5,24.6,28.1,0.2,10.7,18.22,73,960.5,72,22.4,Abuja
2016-03-26,33.7,24.7,29.0,0.9,10.8,19.72,67,961.0,81,21.6,Abuja
2016-03-27,34.0,25.3,29.3,0.7,9.4,20.14,68,960.2,98,22.3,Abuja
2016-03-28,35.7,25.4,30.3,0.0,6.5,23.29,63,959.0,66,21.8,Abuja
2016-03-29,36.5,25.5,30.7,0.3,11.2,24.6,60,958.4,74,21.6,Abuja
2016-03-30,36.4,26.2,31.0,0.2,11.3,23.67,61,959.2,85,22.1,Abuja
2016-03-31,35.5,26.1,30.4,0.4,10.4,22.95,62,959.5,64,21.7,Abuja
2016-04-01,35.5,25.2,29.6,1.6,12.5,22.84,65,959.0,85,21.8,Abuja
2016-04-02,34.3,25.0,29.2,0.4,11.5,21.92,68,958.8,85,22.2,Abuja
2016-04-03,35.5,25.6,30.3,0.0,9.3,21.19,61,959.0,91,21.4,Abuja
2016-04-04,36.0,25.8,30.8,0.0,13.4,24.53,58,959.0,61,20.9,Abuja
2016-04-05,35.4,25.5,29.7,0.4,14.3,22.31,67,958.3,80,22.3,Abuja
2016-04-06,32.9,24.3,27.8,18.4,16.9,19.95,75,957.9,99,22.6,Abuja
2016-04-07,31.4,24.5,27.5,0.1,13.0,18.01,75,959.9,82,22.2,Abuja
2016-04-08,33.8,24.7,28.8,1.1,8.9,24.53,70,960.1,74,22.4,Abuja
2016-04-09,31.1,24.5,27.3,18.0,10.6,20.24,80,960.0,74,23.4,Abuja
2016-04-10,30.1,24.0,26.2,18.3,8.7,11.74,85,959.0,95,23.3,Abuja
2016-04-11,32.8,24.3,28.6,0.0,8.8,19.28,74,959.2,87,23.2,Abuja
2016-04-12,31.3,25.3,28.3,0.4,10.9,15.31,74,959.7,88,23.1,Abuja
2016-04-13,33.7,25.1,29.1,0.0,9.4,19.58,72,958.3,66,23.1,Abuja
2016-04-14,33.8,25.5,28.7,5.2,11.1,20.83,76,957.2,58,23.7,Abuja
2016-04-15,32.6,24.4,28.1,0.0,10.9,17.34,74,958.7,90,22.7,Abuja
2016-04-16,34.1,24.8,29.0,1.2,10.7,22.04,69,960.0,42,22.3,Abuja
2016-04-17,33.6,25.0,29.1,0.0,10.7,22.17,67,960.8,89,22.0,Abuja
2016-04-18,33.2,24.9,28.3,1.0,12.0,20.94,72,961.5,67,22.4,Abuja
2016-04-19,33.6,24.1,28.6,0.5,7.6,24.25,71,960.5,14,22.5,Abuja
2016-04-20,35.1,24.8,29.8,0.0,11.5,24.36,63,959.5,14,21.4,Abuja
2016-04-21,34.3,25.0,29.1,0.2,11.0,20.69,67,960.0,58,21.8,Abuja
2016-04-22,36.4,24.6,30.0,0.0,11.2,26.42,59,959.0,34,20.2,Abuja
2016-04-23,35.5,24.9,30.0,0.0,8.9,26.0,60,958.2,41,20.8,Abuja
2016-04-24,36.0,25.4,30.6,0.0,14.0,25.06,59,957.4,47,20.8,Abuja
2016-04-25,34.5,25.2,29.5,0.1,13.2,21.62,65,957.5,91,21.8,Abuja
2016-04-26,33.4,25.3,28.9,0.6,12.1,19.43,71,958.0,83,22.8,Abuja
2016-04-27,32.5,25.2,28.7,0.4,12.1,17.99,72,958.8,70,22.9,Abuja
2016-04-28,32.6,25.5,28.3,1.9,12.4,19.14,73,959.1,94,23.0,Abuja
2016-04-29,33.4,25.0,29.0,0.0,7.8,20.21,71,958.5,72,22.8,Abuja
2016-04-30,33.9,25.4,29.4,0.4,8.4,21.13,68,958.6,25,22.6,Abuja
2016-05-01,35.7,25.0,29.9,0.0,12.6,22.31,64,957.6,32,21.7,Abuja
2016-05-02,33.1,25.2,28.9,0.3,14.1,21.1,69,958.1,37,22.2,Abuja
2016-05-03,34.1,24.7,29.1,0.0,12.3,21.82,66,959.5,45,21.7,Abuja
2016-05-04,33.7,25.4,28.9,1.2,11.4,19.88,66,960.5,81,21.6,Abuja
2016-05-05,33.5,24.7,28.6,1.3,17.5,19.41,70,960.2,96,22.3,Abuja
2016-05-06,33.2,24.4,28.6,0.1,10.4,18.77,70,959.8,66,22.3,Abuja
2016-05-07,32.4,24.4,28.1,7.2,13.7,19.03,72,960.1,58,22.2,Abuja
2016-05-08,30.8,24.3,27.2,3.3,9.7,17.2,78,960.9,76,22.9,Abuja
2016-05-09,32.4,24.9,28.7,0.0,7.4,21.5,70,961.3,94,22.5,Abuja
2016-05-10,32.9,25.6,28.9,0.9,10.1,19.08,72,960.9,83,23.1,Abuja
2016-05-11,32.6,25.5,29.1,3.8,8.2,17.78,72,960.1,56,23.3,Abuja
2016-05-12,30.7,23.3,27.1,16.3,12.0,14.46,81,959.5,76,23.3,Abuja
2016-05-13,31.3,25.1,28.0,1.1,10.6,20.13,77,959.8,41,23.5,Abuja
2016-05-14,31.4,24.7,27.5,1.1,12.0,15.96,77,960.4,80,22.9,Abuja
2016-05-15,28.7,23.3,25.5,4.8,8.7,11.85,85,962.5,98,22.7,Abuja
2016-05-16,31.4,23.7,27.1,0.2,9.3,19.18,76,962.8,70,22.3,Abuja
2016-05-17,30.2,24.0,27.0,0.7,12.8,17.2,77,962.1,84,22.5,Abuja
2016-05-18,30.9,23.4,26.8,4.8,8.4,18.51,78,962.3,81,22.4,Abuja
2016-05-19,29.8,23.5,25.8,10.3,8.8,13.25,85,961.6,82,23.0,Abuja
2016-05-20,30.9,23.4,26.8,2.1,12.0,16.74,82,960.4,77,23.2,Abuja
2016-05-21,29.3,23.5,25.5,10.2,14.0,11.99,87,960.6,90,23.1,Abuja
2016-05-22,28.7,23.6,25.6,7.8,11.3,13.2,86,962.0,99,23.0,Abuja
2016-05-23,27.5,22.8,24.8,2.7,11.2,11.01,87,964.3,86,22.4,Abuja
2016-05-24,30.1,22.6,26.2,0.0,11.5,16.71,78,964.0,76,21.8,Abuja
2016-05-25,30.2,23.9,26.7,5.2,8.6,18.99,80,962.5,80,22.9,Abuja
2016-05-26,30.8,23.6,27.2,1.0,5.6,17.48,81,961.0,82,23.5,Abuja
2016-05-27,30.1,24.2,26.9,3.1,12.4,14.4,83,961.5,81,23.6,Abuja
2016-05-28,28.6,23.7,25.8,6.8,9.7,10.73,86,962.6,97,23.2,Abuja
2016-05-29,30.8,22.2,25.5,20.0,8.2,19.16,85,961.7,94,22.5,Abuja
2016-05-30,29.0,22.8,25.0,5.2,7.6,15.14,86,961.4,81,22.4,Abuja
2016-05-31,31.4,22.1,26.4,0.0,8.0,20.75,77,961.5,37,21.6,Abuja
2016-06-01,30.3,23.6,27.2,0.8,7.4,19.44,75,961.9,60,22.3,Abuja
2016-06-02,30.7,22.2,26.1,13.6,7.7,18.76,82,962.1,96,22.5,Abuja
2016-06-03,29.4,23.5,26.5,1.0,8.1,16.88,82,962.2,86,23.0,Abuja
2016-06-04,30.0,23.1,26.7,5.9,9.2,18.91,80,960.9,81,22.8,Abuja
2016-06-05,28.1,22.7,25.2,2.5,9.7,9.71,84,961.3,92,22.2,Abuja
2016-06-06,30.5,22.7,26.3,13.0,12.2,14.3,81,961.3,77,22.5,Abuja
2016-06-07,30.9,21.7,25.9,7.6,8.8,18.39,80,962.1,99,21.9,Abuja
2016-06-08,30.1,23.1,26.8,0.7,9.2,17.94,79,961.5,69,22.7,Abuja
2016-06-09,26.5,23.0,24.9,10.7,14.1,8.28,87,961.0,99,22.6,Abuja
2016-06-10,29.5,22.4,25.7,0.4,11.2,15.48,82,961.5,90,22.2,Abuja
2016-06-11,28.9,22.4,25.5,17.0,10.9,14.29,84,962.5,95,22.6,Abuja
2016-06-12,27.9,22.9,24.8,9.9,6.7,11.29,91,962.9,100,23.1,Abuja
2016-06-13,28.2,22.7,25.3,0.7,11.3,11.41,84,963.4,97,22.2,Abuja
2016-06-14,29.3,22.8,25.0,6.1,12.9,17.5,84,964.0,85,22.0,Abuja
2016-06-15,25.5,22.1,23.3,12.8,8.8,9.19,92,964.0,92,21.9,Abuja
2016-06-16,27.2,21.5,24.0,0.5,10.5,11.71,85,964.2,98,21.1,Abuja
2016-06-17,28.7,21.3,24.5,3.4,8.1,18.18,83,963.6,65,21.2,Abuja
2016-06-18,30.0,21.4,25.2,18.5,10.6,20.46,81,962.1,52,21.7,Abuja
2016-06-19,28.2,21.6,24.2,10.6,10.5,13.16,88,961.6,84,22.1,Abuja
2016-06-20,24.2,21.4,22.5,17.6,13.1,8.27,93,963.1,99,21.3,Abuja
2016-06-21,27.8,21.0,24.0,0.9,10.4,19.1,83,963.6,69,20.7,Abuja
2016-06-22,29.2,21.2,25.2,1.4,7.3,20.84,78,962.7,72,20.9,Abuja
2016-06-23,28.2,21.9,24.5,18.5,8.5,14.03,87,962.2,92,22.0,Abuja
2016-06-24,26.0,21.7,23.7,3.5,9.7,10.77,88,961.9,87,21.5,Abuja
2016-06-25,28.6,21.9,24.7,5.0,9.7,16.89,84,961.8,80,21.6,Abuja
2016-06-26,27.7,22.2,24.6,2.5,9.2,15.23,87,962.3,82,22.3,Abuja
2016-06-27,27.0,22.1,23.6,9.8,8.3,11.17,93,963.2,93,22.3,Abuja
2016-06-28,28.5,21.6,24.6,3.6,10.6,17.42,85,963.8,82,21.6,Abuja
2016-06-29,27.9,21.1,24.2,16.5,10.0,14.46,89,962.8,88,22.1,Abuja
2016-06-30,27.7,21.1,23.9,14.6,8.5,14.89,86,963.7,82,21.4,Abuja
2016-07-01,30.0,22.5,26.0,0.3,6.6,20.82,80,964.0,53,22.0,Abuja
2016-07-02,29.6,23.3,26.3,4.2,6.0,19.53,82,963.0,82,23.0,Abuja
2016-07-03,28.2,22.4,25.0,15.6,7.6,15.34,87,962.7,79,22.5,Abuja
2016-07-04,29.5,21.4,25.4,2.2,9.5,17.95,83,962.7,68,22.2,Abuja
2016-07-05,27.5,22.5,24.3,6.5,10.2,12.26,90,963.4,92,22.5,Abuja
2016-07-06,28.6,22.7,25.0,1.7,10.5,17.66,86,963.1,93,22.4,Abuja
2016-07-07,27.7,21.8,24.9,0.7,9.5,12.2,84,962.2,83,21.8,Abuja
2016-07-08,28.6,23.0,25.4,4.3,13.0,15.52,83,962.3,81,22.2,Abuja
2016-07-09,27.3,22.5,24.3,3.2,11.2,11.11,88,962.1,98,22.1,Abuja
2016-07-10,25.4,21.9,23.2,13.6,10.0,9.8,90,962.5,90,21.4,Abuja
2016-07-11,26.7,21.3,23.2,12.7,9.4,12.19,91,962.8,86,21.5,Abuja
2016-07-12,28.5,21.2,24.0,7.9,12.8,19.18,86,962.1,79,21.4,Abuja
2016-07-13,24.1,21.5,22.5,10.4,9.7,7.54,94,961.8,87,21.4,Abuja
2016-07-14,27.9,21.1,23.8,6.0,8.2,15.13,87,961.0,88,21.5,Abuja
2016-07-15,28.4,21.8,24.2,10.3,7.9,17.77,88,960.2,92,22.0,Abuja
2016-07-16,23.6,21.7,22.4,17.7,10.8,6.24,95,960.1,100,21.6,Abuja
2016-07-17,25.1,21.3,22.8,6.4,10.6,10.38,90,961.6,94,21.0,Abuja
2016-07-18,27.3,21.1,24.0,0.6,7.9,11.86,85,962.8,97,21.2,Abuja
2016-07-19,26.1,21.7,23.4,15.2,8.9,11.61,91,961.7,98,21.8,Abuja
2016-07-20,27.7,21.7,24.3,9.5,9.7,18.22,85,961.5,77,21.4,Abuja
2016-07-21,27.9,20.9,23.9,16.0,7.9,16.29,88,962.1,91,21.6,Abuja
2016-07-22,27.9,21.5,23.9,13.5,6.8,16.02,89,962.1,94,21.9,Abuja
2016-07-23,25.7,21.0,23.1,15.2,6.1,9.01,91,961.7,100,21.5,Abuja
2016-07-24,27.6,21.2,23.8,11.0,7.1,13.68,87,961.7,96,21.3,Abuja
2016-07-25,26.1,21.2,22.8,15.3,8.4,10.52,92,961.1,92,21.3,Abuja
2016-07-26,27.7,21.6,24.3,6.1,10.4,16.68,83,961.6,95,21.1,Abuja
2016-07-27,25.1,21.6,23.3,11.6,8.1,8.32,88,961.4,97,21.3,Abuja
2016-07-28,27.6,20.9,23.9,3.3,8.3,18.14,86,962.0,74,21.3,Abuja
2016-07-29,28.1,21.8,24.5,2.7,9.8,16.1,85,961.8,97,21.6,Abuja
2016-07-30,27.3,21.7,24.0,8.2,8.9,12.74,87,961.3,86,21.5,Abuja
2016-07-31,28.1,21.2,24.2,3.0,9.4,16.88,84,961.7,63,21.2,Abuja
2016-08-01,28.5,22.1,24.6,5.9,8.3,16.09,84,962.3,86,21.6,Abuja
2016-08-02,25.7,21.7,23.0,9.8,9.4,8.31,93,962.5,92,21.9,Abuja
2016-08-03,25.7,21.2,23.0,13.2,10.5,7.75,90,962.3,96,21.3,Abuja
2016-08-04,28.5,21.0,24.2,8.8,8.2,17.41,87,961.7,76,21.7,Abuja
2016-08-05,28.7,21.6,24.6,12.9,9.7,16.51,86,961.5,96,22.1,Abuja
2016-08-06,27.4,21.9,23.5,12.5,13.0,12.54,90,962.1,100,21.7,Abuja
2016-08-07,27.6,21.7,24.1,6.7,13.0,13.67,87,962.3,89,21.6,Abuja
2016-08-08,27.6,21.6,24.4,3.5,11.3,17.51,82,963.0,91,21.0,Abuja
2016-08-09,28.3,23.0,25.1,6.0,8.7,17.46,80,962.6,82,21.4,Abuja
2016-08-10,26.2,21.3,23.7,17.9,9.2,12.73,88,962.4,86,21.6,Abuja
2016-08-11,27.4,21.8,23.8,8.1,5.9,12.95,87,962.5,99,21.5,Abuja
2016-08-12,28.9,21.2,24.9,5.4,8.6,18.86,81,962.1,68,21.2,Abuja
2016-08-13,27.2,22.0,24.3,10.2,8.4,14.04,88,961.4,96,22.0,Abuja
2016-08-14,25.2,21.6,22.9,31.9,9.9,9.81,93,961.3,99,21.7,Abuja
2016-08-15,29.1,21.8,24.6,3.1,7.2,18.32,85,961.8,98,21.8,Abuja
2016-08-16,27.7,22.2,24.1,12.2,9.6,14.98,88,961.8,82,21.9,Abuja
2016-08-17,28.3,22.2,24.7,0.4,7.1,13.28,82,962.6,80,21.3,Abuja
2016-08-18,27.8,21.5,24.6,14.1,8.4,18.96,84,962.0,78,21.6,Abuja
2016-08-19,27.9,21.3,24.1,11.1,6.6,15.4,89,961.8,87,21.9,Abuja
2016-08-20,29.1,21.1,24.8,6.9,7.2,17.35,86,961.5,73,22.1,Abuja
2016-08-21,28.6,21.3,24.6,3.1,12.1,17.47,84,961.5,59,21.5,Abuja
2016-08-22,29.7,21.3,25.0,10.4,9.0,21.15,84,961.6,85,21.9,Abuja
2016-08-23,27.0,21.7,24.1,11.7,8.7,13.09,87,961.7,86,21.7,Abuja
2016-08-24,28.5,21.7,24.1,9.5,7.8,16.79,86,961.7,90,21.6,Abuja
2016-08-25,27.9,21.8,24.2,8.8,9.6,13.95,86,961.2,80,21.6,Abuja
2016-08-26,26.3,21.4,22.7,27.2,12.2,7.51,95,960.5,100,21.9,Abuja
2016-08-27,24.8,21.4,22.4,22.8,12.3,7.03,96,960.7,100,21.7,Abuja
2016-08-28,26.9,21.4,23.6,12.2,9.0,14.66,89,963.1,92,21.6,Abuja
2016-08-29,28.7,21.8,24.3,14.3,8.3,18.62,86,963.0,84,21.6,Abuja
2016-08-30,28.0,20.3,23.7,4.9,8.9,14.15,88,961.9,89,21.6,Abuja
2016-08-31,29.2,20.5,24.3,9.7,8.0,17.6,86,962.4,69,21.7,Abuja
2016-09-01,27.7,21.1,23.9,9.6,7.2,16.39,89,963.0,95,21.8,Abuja
2016-09-02,26.2,21.6,23.4,15.2,7.0,9.57,91,961.1,96,21.9,Abuja
2016-09-03,29.2,21.6,24.6,38.9,7.8,19.0,85,961.0,74,21.8,Abuja
2016-09-04,29.5,21.5,24.9,10.7,7.2,20.39,86,961.4,80,22.1,Abuja
2016-09-05,27.7,22.0,24.1,8.0,10.2,11.33,87,962.4,97,21.8,Abuja
2016-09-06,29.1,22.0,25.1,0.1,9.7,14.65,81,963.4,89,21.3,Abuja
2016-09-07,29.1,22.0,24.9,9.7,5.2,18.85,84,962.6,83,21.9,Abuja
2016-09-08,30.0,21.1,25.1,7.7,7.1,21.38,84,962.0,62,21.8,Abuja
2016-09-09,29.8,22.6,25.4,12.6,8.7,20.33,83,962.7,77,22.0,Abuja
2016-09-10,28.8,21.7,24.9,1.6,10.0,13.62,85,963.0,93,22.0,Abuja
2016-09-11,27.8,22.3,24.3,7.1,9.1,14.14,89,962.1,86,22.4,Abuja
2016-09-12,28.8,21.3,24.1,39.5,8.2,18.56,89,961.3,93,22.1,Abuja
2016-09-13,25.6,21.0,22.9,28.8,6.7,9.23,92,961.5,94,21.4,Abuja
2016-09-14,26.8,21.3,23.7,8.6,7.0,14.63,88,962.4,78,21.5,Abuja
2016-09-15,29.0,21.3,24.9,0.3,11.0,18.51,80,962.5,62,21.1,Abuja
2016-09-16,28.1,21.7,25.0,2.5,6.3,16.87,85,962.2,81,22.3,Abuja
2016-09-17,29.2,21.7,24.6,9.4,8.3,17.18,87,961.8,68,22.2,Abuja
2016-09-18,28.6,20.9,24.3,5.3,8.0,16.79,86,961.7,84,21.6,Abuja
2016-09-19,28.2,21.5,24.3,13.2,5.5,16.93,90,961.6,89,22.4,Abuja
2016-09-20,28.5,21.5,24.3,12.7,7.7,16.41,89,960.6,95,22.1,Abuja
2016-09-21,25.4,21.8,23.3,8.4,6.9,8.56,92,961.3,90,21.9,Abuja
2016-09-22,28.8,21.6,24.3,14.8,7.2,15.68,88,962.1,90,22.0,Abuja
2016-09-23,29.9,22.2,25.1,7.0,7.1,16.68,83,962.1,98,21.8,Abuja
2016-09-24,28.1,22.0,24.4,18.9,8.5,11.53,86,961.6,83,21.6,Abuja
2016-09-25,29.3,21.7,25.1,3.2,8.4,18.79,82,960.5,71,21.7,Abuja
2016-09-26,27.8,21.6,24.3,4.5,7.4,13.79,87,961.1,98,21.9,Abuja
2016-09-27,29.3,21.2,24.9,0.5,6.0,15.06,85,961.6,90,22.0,Abuja
2016-09-28,31.2,22.8,26.3,1.8,8.4,21.86,80,961.3,71,22.3,Abuja
2016-09-29,30.6,22.3,25.8,2.5,6.1,21.56,83,960.8,89,22.6,Abuja
2016-09-30,27.8,22.3,24.7,14.8,9.4,13.56,89,960.7,99,22.6,Abuja
2016-10-01,28.8,22.0,25.1,0.0,8.2,13.45,85,960.3,91,22.1,Abuja
2016-10-02,28.8,22.8,25.6,3.2,10.9,16.88,82,960.5,80,22.3,Abuja
2016-10-03,30.6,22.4,25.5,4.4,5.5,19.12,84,960.5,67,22.3,Abuja
2016-10-04,30.4,22.1,25.8,6.9,6.2,20.68,83,960.2,71,22.7,Abuja
2016-10-05,29.7,21.3,25.4,6.8,6.6,19.27,83,959.4,70,22.1,Abuja
2016-10-06,29.9,21.3,25.2,4.2,7.3,17.88,85,958.7,83,22.4,Abuja
2016-10-07,29.4,22.4,25.1,10.4,9.2,16.26,86,959.0,96,22.4,Abuja
2016-10-08,29.9,22.2,25.3,2.4,12.4,15.31,84,960.1,88,22.3,Abuja
2016-10-09,28.7,22.5,25.0,0.8,8.9,11.55,87,960.8,85,22.6,Abuja
2016-10-10,29.2,21.9,24.7,7.4,9.7,15.23,88,960.7,78,22.5,Abuja
2016-10-11,28.9,22.2,25.3,0.4,7.1,13.79,86,960.7,86,22.7,Abuja
2016-10-12,30.3,21.9,25.8,0.5,8.4,19.62,83,960.8,61,22.6,Abuja
2016-10-13,30.4,22.8,26.1,8.4,10.1,20.03,84,960.3,79,23.0,Abuja
2016-10-14,29.0,22.7,25.4,7.0,5.2,12.18,87,960.4,91,22.9,Abuja
2016-10-15,31.2,22.6,25.9,2.4,7.3,20.71,82,960.1,55,22.3,Abuja
2016-10-16,30.4,21.8,25.2,4.9,5.8,18.85,85,960.6,55,22.4,Abuja
2016-10-17,30.2,21.5,25.7,3.9,7.5,19.49,83,960.4,31,22.4,Abuja
2016-10-18,29.6,22.1,25.7,8.8,9.4,18.52,84,960.5,53,22.6,Abuja
2016-10-19,29.6,21.7,24.9,2.9,6.5,17.9,83,960.8,64,21.6,Abuja
2016-10-20,31.2,21.7,26.4,2.6,4.7,21.91,77,960.0,68,21.8,Abuja
2016-10-21,29.5,22.8,25.6,6.9,8.1,17.65,85,960.4,85,22.9,Abuja
2016-10-22,31.2,22.7,26.1,3.2,6.7,19.46,82,961.4,92,22.5,Abuja
2016-10-23,31.8,22.3,26.8,0.0,7.6,21.79,74,960.7,87,21.3,Abuja
2016-10-24,32.9,21.7,27.4,0.0,7.0,24.18,65,959.1,34,19.5,Abuja
2016-10-25,33.4,22.2,27.8,0.0,7.9,24.72,58,958.0,15,17.7,Abuja
2016-10-26,31.8,22.3,27.6,0.0,6.5,22.93,62,957.8,33,19.4,Abuja
2016-10-27,33.2,24.2,28.1,0.0,6.5,23.65,61,958.8,7,19.5,Abuja
2016-10-28,32.2,23.7,27.7,0.0,6.9,21.55,61,959.8,16,19.1,Abuja
2016-10-29,30.9,22.2,26.7,0.3,8.9,21.4,71,960.1,32,20.7,Abuja
2016-10-30,29.5,21.7,25.5,7.0,6.6,19.56,82,960.1,75,22.2,Abuja
2016-10-31,29.4,22.6,25.1,11.9,7.6,18.31,86,960.2,78,22.5,Abuja
2016-11-01,30.4,22.2,26.1,0.9,7.3,19.31,82,960.8,99,22.5,Abuja
2016-11-02,31.2,22.7,26.5,0.1,7.0,19.05,77,961.0,81,21.9,Abuja
2016-11-03,33.0,22.9,27.4,0.0,8.8,22.24,71,961.7,47,21.0,Abuja
2016-11-04,32.1,20.9,26.7,0.0,8.0,24.14,60,962.2,3,17.3,Abuja
2016-11-05,32.3,20.5,26.4,0.0,6.3,23.8,59,962.0,9,17.1,Abuja
2016-11-06,33.0,20.5,26.9,0.0,10.8,23.88,56,960.9,77,16.2,Abuja
2016-11-07,32.6,20.7,27.0,0.0,6.3,22.6,58,960.9,73,17.5,Abuja
2016-11-08,32.4,22.3,27.4,0.0,6.3,21.79,60,961.0,59,18.5,Abuja
2016-11-09,34.7,21.4,27.6,0.0,11.5,24.07,47,960.6,69,13.8,Abuja
2016-11-10,34.2,22.5,27.6,0.0,9.6,24.17,37,959.4,0,11.1,Abuja
2016-11-11,32.1,19.3,26.0,0.0,6.9,22.81,55,958.8,23,15.9,Abuja
2016-11-12,31.6,23.6,27.3,0.0,8.1,21.75,58,959.2,34,18.0,Abuja
2016-11-13,34.0,22.0,27.5,0.0,8.7,22.44,56,958.5,72,16.7,Abuja
2016-11-14,34.1,22.0,27.6,0.0,10.4,23.68,38,958.0,12,11.3,Abuja
2016-11-15,34.8,20.4,27.7,0.0,9.8,23.63,42,957.7,0,12.7,Abuja
2016-11-16,35.4,20.7,28.0,0.0,7.2,23.35,46,957.6,22,13.7,Abuja
2016-11-17,33.8,21.4,27.7,0.0,6.6,22.36,51,957.6,11,16.0,Abuja
2016-11-18,34.0,22.6,28.2,0.0,6.8,21.34,61,958.3,23,19.0,Abuja
2016-11-19,34.3,23.5,28.7,0.0,8.3,20.86,56,958.4,38,18.3,Abuja
2016-11-20,35.4,23.7,29.7,0.0,7.4,21.77,49,957.9,80,17.3,Abuja
2016-11-21,33.6,23.7,28.5,0.0,7.5,20.69,60,958.7,87,19.3,Abuja
2016-11-22,32.2,23.3,27.7,0.0,7.6,17.09,68,959.3,48,20.9,Abuja
2016-11-23,33.5,23.6,28.5,0.0,5.9,20.24,65,960.6,19,20.8,Abuja
2016-11-24,36.5,24.2,29.7,0.0,8.0,21.52,53,960.0,52,17.9,Abuja
2016-11-25,36.2,23.5,29.6,0.0,6.0,21.69,48,958.9,51,16.3,Abuja
2016-11-26,34.6,21.4,28.5,0.0,10.2,22.4,41,957.8,2,13.6,Abuja
2016-11-27,33.5,22.8,28.0,0.0,5.6,20.51,56,958.1,49,18.0,Abuja
2016-11-28,34.4,23.0,29.0,0.0,6.1,21.29,53,958.4,24,17.7,Abuja
2016-11-29,33.9,23.1,28.4,0.0,6.3,20.6,57,959.4,35,18.5,Abuja
2016-11-30,36.1,23.8,29.7,0.0,5.1,21.8,48,960.5,25,16.5,Abuja
2016-12-01,36.7,21.9,29.0,0.0,10.9,22.36,37,960.5,54,11.1,Abuja
2016-12-02,35.2,23.7,28.8,0.0,9.3,22.34,31,960.1,1,9.4,Abuja
2016-12-03,34.9,24.0,29.0,0.0,10.7,22.19,30,959.6,55,8.9,Abuja
2016-12-04,34.9,23.6,28.9,0.0,11.8,21.23,30,960.0,90,8.9,Abuja
2016-12-05,34.0,22.0,28.1,0.0,8.7,19.53,35,961.1,91,10.9,Abuja
2016-12-06,35.3,23.1,28.8,0.0,9.7,21.91,29,960.3,51,8.4,Abuja
2016-12-07,34.6,21.3,28.3,0.0,6.2,21.25,39,959.7,60,12.5,Abuja
2016-12-08,34.9,22.0,28.8,0.0,5.6,20.69,42,960.1,32,13.8,Abuja
2016-12-09,35.4,24.0,29.2,0.0,10.3,20.6,43,960.0,30,14.7,Abuja
2016-12-10,35.8,22.0,28.9,0.0,14.9,21.34,42,959.3,30,13.0,Abuja
2016-12-11,33.5,21.4,27.9,0.0,7.2,21.0,38,959.1,13,12.0,Abuja
2016-12-12,33.8,21.4,28.0,0.0,6.6,20.7,41,959.4,9,13.0,Abuja
2016-12-13,35.0,22.5,28.6,0.0,7.4,21.42,34,959.4,18,10.7,Abuja
2016-12-14,35.4,23.6,29.0,0.0,10.1,21.75,28,959.5,19,8.0,Abuja
2016-12-15,33.3,20.8,27.3,0.0,7.3,20.11,42,960.4,47,13.1,Abuja
2016-12-16,34.3,21.5,28.2,0.0,8.5,20.73,37,960.6,35,11.6,Abuja
2016-12-17,35.4,22.4,29.0,0.0,7.9,21.0,38,959.2,26,11.9,Abuja
2016-12-18,36.0,23.3,29.2,0.0,9.0,21.59,27,958.7,5,7.5,Abuja
2016-12-19,35.2,23.2,28.8,0.0,10.9,21.38,28,959.1,36,7.9,Abuja
2016-12-20,34.7,21.2,27.9,0.0,7.8,22.03,31,958.7,2,7.7,Abuja
2016-12-21,36.4,22.2,28.6,0.0,10.8,22.25,22,957.3,0,3.8,Abuja
2016-12-22,35.9,22.4,28.5,0.0,12.0,22.14,24,957.8,3,5.1,Abuja
2016-12-23,36.8,23.0,29.4,0.0,12.3,21.93,21,958.1,9,4.2,Abuja
2016-12-24,35.5,23.8,29.1,0.0,12.6,21.8,18,958.7,61,2.0,Abuja
2016-12-25,35.3,22.8,28.5,0.0,14.5,21.61,19,959.0,60,2.6,Abuja
2016-12-26,35.2,21.9,28.0,0.0,14.6,21.95,21,959.8,10,3.1,Abuja
2016-12-27,34.5,20.9,27.3,0.0,12.2,21.67,23,960.9,13,3.8,Abuja
2016-12-28,34.7,21.0,27.5,0.0,11.2,21.73,24,960.8,0,4.4,Abuja
2016-12-29,34.6,21.2,27.4,0.0,10.9,21.77,25,960.8,8,5.2,Abuja
2016-12-30,34.6,21.1,27.5,0.0,10.3,21.72,25,960.6,27,5.3,Abuja
2016-12-31,34.5,21.3,27.7,0.0,11.6,21.86,26,960.5,14,5.7,Abuja
2017-01-01,33.7,20.7,26.6,0.0,17.9,21.74,26,960.0,41,5.0,Abuja
2017-01-02,33.2,19.3,26.0,0.0,16.1,21.88,29,960.3,11,6.1,Abuja
2017-01-03,33.8,19.3,26.3,0.0,17.1,21.96,30,960.8,2,6.4,Abuja
2017-01-04,33.7,20.8,26.6,0.0,17.8,22.27,26,959.9,0,4.7,Abuja
2017-01-05,33.9,20.3,26.7,0.0,15.8,21.92,29,959.1,0,6.5,Abuja
2017-01-06,34.7,22.0,27.9,0.0,17.1,21.34,26,959.5,69,6.1,Abuja
2017-01-07,33.9,21.9,27.2,0.0,14.8,21.73,26,960.5,64,5.3,Abuja
2017-01-08,34.2,21.4,27.2,0.0,17.1,22.06,23,960.6,40,4.0,Abuja
2017-01-09,34.2,21.5,27.1,0.0,18.5,22.2,22,959.4,34,2.8,Abuja
2017-01-10,33.2,17.3,25.4,0.0,13.2,22.38,31,957.9,7,5.7,Abuja
2017-01-11,32.9,20.2,26.3,0.0,10.3,21.95,38,958.2,8,10.4,Abuja
2017-01-12,31.0,21.4,26.5,0.0,7.9,19.55,51,960.4,14,15.4,Abuja
2017-01-13,32.8,22.8,27.7,0.0,9.7,18.23,51,959.8,83,16.3,Abuja
2017-01-14,33.4,22.8,27.8,0.0,18.9,21.45,32,958.0,43,8.4,Abuja
2017-01-15,33.8,22.0,27.7,0.0,14.0,21.43,36,958.3,44,10.9,Abuja
2017-01-16,34.9,20.4,27.8,0.0,12.9,22.21,30,958.1,11,7.8,Abuja
2017-01-17,34.7,23.5,28.5,0.0,14.0,22.18,28,957.9,25,7.8,Abuja
2017-01-18,35.0,23.0,28.6,0.0,14.1,22.27,31,958.7,27,9.2,Abuja
2017-01-19,33.8,21.9,27.8,0.0,12.2,20.13,46,959.7,39,14.7,Abuja
2017-01-20,35.3,24.1,29.3,0.0,19.7,22.2,28,959.0,44,7.8,Abuja
2017-01-21,36.5,24.5,29.7,0.0,15.0,22.64,22,958.0,10,5.0,Abuja
2017-01-22,34.5,22.1,28.2,0.0,11.2,21.31,46,958.3,28,15.0,Abuja
2017-01-23,34.9,22.4,28.5,0.0,9.9,21.29,46,959.6,79,15.1,Abuja
2017-01-24,33.8,21.8,27.9,0.0,10.5,21.35,46,960.3,42,14.1,Abuja
2017-01-25,36.0,22.4,29.0,0.0,9.4,22.26,31,960.3,24,9.6,Abuja
2017-01-26,35.4,21.0,28.1,0.0,12.1,21.98,43,961.6,24,12.8,Abuja
2017-01-27,36.2,23.8,29.2,0.0,11.5,22.07,28,962.2,60,6.9,Abuja
2017-01-28,36.2,24.0,29.2,0.0,15.1,22.6,21,961.2,92,4.1,Abuja
2017-01-29,35.1,23.5,28.9,0.0,15.8,22.74,26,960.6,14,7.6,Abuja
2017-01-30,34.6,23.0,28.3,0.0,14.8,22.83,30,960.2,9,8.8,Abuja
2017-01-31,34.6,23.5,28.5,0.0,15.3,22.84,24,960.1,14,5.5,Abuja
2017-02-01,35.1,22.5,28.4,0.0,15.5,20.51,20,960.0,64,3.1,Abuja
2017-02-02,36.0,22.5,28.9,0.0,13.0,23.1,27,960.6,7,7.0,Abuja
2017-02-03,35.1,23.3,28.6,0.0,15.3,22.67,23,960.2,54,5.1,Abuja
2017-02-04,34.9,22.1,28.4,0.0,16.3,23.24,26,959.9,1,6.5,Abuja
2017-02-05,35.2,23.5,28.7,0.0,18.2,23.44,15,959.4,0,-1.1,Abuja
2017-02-06,36.0,23.3,29.1,0.0,18.7,23.57,13,959.2,0,-2.3,Abuja
2017-02-07,35.7,23.4,29.0,0.0,19.6,23.81,14,958.8,29,-2.3,Abuja
2017-02-08,34.9,22.8,28.5,0.0,17.8,23.5,20,958.3,25,2.7,Abuja
2017-02-09,35.8,24.3,29.3,0.0,17.8,23.59,17,958.6,15,0.8,Abuja
2017-02-10,35.8,23.8,29.3,0.0,18.2,23.76,17,957.9,3,1.0,Abuja
2017-02-11,35.4,24.2,29.1,0.0,17.6,23.85,19,958.0,0,2.3,Abuja
2017-02-12,35.3,23.6,28.9,0.0,17.3,23.83,18,958.0,17,1.6,Abuja
2017-02-13,36.7,23.6,29.5,0.0,22.7,24.29,12,958.5,37,-3.2,Abuja
2017-02-14,36.7,23.4,29.4,0.0,21.4,24.59,11,958.8,15,-4.9,Abuja
2017-02-15,36.1,22.9,28.8,0.0,20.7,24.51,11,960.4,31,-4.4,Abuja
2017-02-16,34.9,21.8,27.9,0.0,20.4,24.42,12,961.2,75,-4.0,Abuja
2017-02-17,34.4,21.8,27.5,0.0,21.6,24.73,12,961.1,49,-4.7,Abuja
2017-02-18,33.5,20.6,26.8,0.0,20.5,24.4,13,961.3,88,-4.0,Abuja
2017-02-19,34.6,20.8,27.4,0.0,18.3,24.69,14,961.6,8,-3.0,Abuja
2017-02-20,35.5,21.0,28.1,0.0,17.2,24.6,17,961.1,24,0.4,Abuja
2017-02-21,35.7,22.4,28.7,0.0,16.8,24.83,17,960.0,57,0.3,Abuja
2017-02-22,36.7,24.1,29.8,0.0,18.2,25.07,13,959.6,49,-1.9,Abuja
2017-02-23,35.9,24.1,29.6,0.0,17.8,25.21,15,959.3,43,-0.6,Abuja
2017-02-24,35.8,24.8,29.5,0.0,20.9,25.34,16,959.0,39,0.5,Abuja
2017-02-25,35.2,22.4,28.7,0.0,14.0,25.34,23,959.3,68,4.0,Abuja
2017-02-26,36.0,24.3,29.9,0.0,17.3,25.07,22,958.6,85,4.7,Abuja
2017-02-27,35.1,25.5,29.6,0.0,16.4,24.6,23,957.7,45,5.2,Abuja
2017-02-28,35.3,23.0,29.2,0.0,15.5,25.22,28,957.8,59,8.3,Abuja
2017-03-01,36.7,23.0,29.3,0.0,15.0,24.97,27,958.6,59,7.3,Abuja
2017-03-02,36.4,22.5,29.1,0.0,10.1,24.21,44,959.3,4,14.3,Abuja
2017-03-03,37.4,25.4,30.5,0.0,12.0,25.43,31,957.9,0,9.8,Abuja
2017-03-04,36.2,25.5,30.4,0.0,15.2,23.99,25,956.7,74,7.0,Abuja
2017-03-05,34.9,23.3,29.2,0.0,10.5,22.08,43,956.9,21,14.7,Abuja
2017-03-06,35.1,23.5,29.3,0.0,11.5,20.85,47,957.9,25,15.8,Abuja
2017-03-07,36.7,22.5,29.6,0.0,9.2,25.19,37,958.0,63,9.8,Abuja
2017-03-08,37.0,22.9,30.1,0.0,8.3,24.71,35,957.7,50,12.1,Abuja
2017-03-09,36.3,25.2,30.2,0.0,12.9,23.95,31,957.8,68,9.9,Abuja
2017-03-10,35.2,24.1,29.5,0.0,13.4,23.16,37,958.1,68,11.5,Abuja
2017-03-11,35.8,25.4,30.2,0.0,18.7,23.3,17,957.2,61,1.6,Abuja
2017-03-12,35.6,24.9,29.5,0.0,12.5,23.12,23,958.2,73,2.8,Abuja
2017-03-13,35.2,23.4,29.6,0.0,9.4,19.84,47,958.6,60,15.2,Abuja
2017-03-14,37.4,25.7,30.5,0.0,10.6,23.91,39,960.0,53,12.7,Abuja
2017-03-15,38.7,24.6,30.9,0.0,14.5,26.06,20,959.9,40,0.4,Abuja
2017-03-16,37.1,23.2,29.8,0.0,16.0,27.75,8,957.8,70,-9.6,Abuja
2017-03-17,36.8,24.5,30.3,0.0,16.8,26.84,14,957.4,50,-1.1,Abuja
2017-03-18,37.7,24.0,30.3,0.0,10.8,24.36,38,958.3,49,13.3,Abuja
2017-03-19,37.4,24.0,30.4,0.0,10.6,24.35,39,958.8,8,13.8,Abuja
2017-03-20,37.6,24.5,30.7,0.0,10.7,25.26,40,959.7,28,14.1,Abuja
2017-03-21,37.1,25.6,31.1,0.0,15.0,25.83,27,958.3,54,9.6,Abuja
2017-03-22,34.7,24.1,29.2,0.0,14.5,20.36,55,959.5,73,18.2,Abuja
2017-03-23,34.7,23.8,29.2,0.0,14.3,21.73,55,959.9,86,18.4,Abuja
2017-03-24,35.9,23.9,29.0,0.1,10.1,23.92,56,960.1,51,18.6,Abuja
2017-03-25,38.4,23.6,30.8,0.0,10.2,25.71,41,959.4,58,14.6,Abuja
2017-03-26,38.6,24.2,30.7,0.0,13.1,24.25,42,959.1,9,15.0,Abuja
2017-03-27,38.2,25.4,31.3,0.0,12.0,25.71,39,959.1,12,14.4,Abuja
2017-03-28,36.9,24.4,30.7,0.0,12.9,25.69,29,958.4,82,9.8,Abuja
2017-03-29,38.0,26.1,31.3,0.0,13.7,24.79,39,958.0,46,14.9,Abuja
2017-03-30,36.8,26.0,31.2,0.0,12.5,23.96,43,958.5,54,16.5,Abuja
2017-03-31,35.8,24.5,29.8,0.2,10.0,23.53,54,959.7,69,18.6,Abuja
2017-04-01,36.0,24.4,30.2,0.0,9.9,22.54,49,959.2,75,17.2,Abuja
2017-04-02,38.1,24.9,31.0,0.0,10.5,25.02,42,958.9,38,15.0,Abuja
2017-04-03,37.4,25.6,30.6,0.0,12.4,24.31,43,959.1,70,15.3,Abuja
2017-04-04,38.6,25.5,31.8,0.0,13.9,26.88,32,958.1,40,11.3,Abuja
2017-04-05,35.9,24.7,30.0,0.0,11.7,24.44,53,959.2,40,18.7,Abuja
2017-04-06,35.6,24.6,28.9,2.2,16.6,22.5,58,959.1,42,19.6,Abuja
2017-04-07,34.4,24.4,28.9,0.0,9.6,21.99,58,957.5,61,19.1,Abuja
2017-04-08,34.6,24.9,29.8,0.1,9.3,23.18,54,957.5,33,19.0,Abuja
2017-04-09,33.9,25.0,29.0,0.3,10.2,23.29,62,958.1,87,20.8,Abuja
2017-04-10,33.2,23.9,28.3,0.0,17.6,20.68,65,958.2,43,20.6,Abuja
2017-04-11,32.9,24.4,28.7,0.0,9.8,21.66,62,957.7,78,20.4,Abuja
2017-04-12,31.9,24.6,27.6,0.0,8.9,13.83,68,958.2,77,21.0,Abuja
2017-04-13,32.8,24.5,27.4,0.7,14.5,21.92,72,959.1,84,21.7,Abuja
2017-04-14,34.0,23.2,27.7,0.5,11.7,24.0,68,959.9,76,20.4,Abuja
2017-04-15,30.6,25.5,27.6,0.2,11.1,12.1,60,960.9,77,19.0,Abuja
2017-04-16,35.2,24.0,28.4,0.4,9.7,17.02,51,959.9,64,16.2,Abuja
2017-04-17,36.2,24.3,30.0,0.0,8.8,26.0,47,959.3,18,16.2,Abuja
2017-04-18,37.3,24.3,30.4,0.0,8.3,24.67,49,958.8,47,16.8,Abuja
2017-04-19,35.1,25.8,30.0,0.6,14.7,22.55,49,958.2,68,17.8,Abuja
2017-04-20,36.8,24.9,30.1,0.0,16.8,25.67,52,958.1,66,17.5,Abuja
2017-04-21,35.7,25.1,29.3,0.1,16.6,21.89,60,958.9,60,19.8,Abuja
2017-04-22,35.1,24.2,29.6,0.0,9.7,24.28,56,959.5,36,18.8,Abuja
2017-04-23,35.0,26.4,30.1,0.0,10.5,24.36,53,960.0,60,19.1,Abuja
2017-04-24,34.7,24.4,29.4,0.0,10.7,25.34,57,960.0,70,19.5,Abuja
2017-04-25,35.4,24.1,29.3,0.0,9.7,25.1,57,959.6,68,19.1,Abuja
2017-04-26,34.8,24.2,29.2,0.5,9.3,23.71,57,959.5,17,19.1,Abuja
2017-04-27,32.7,24.3,28.1,1.3,10.8,24.09,64,960.8,41,20.5,Abuja
2017-04-28,34.2,24.2,28.6,0.1,10.1,24.81,66,960.8,63,21.0,Abuja
2017-04-29,35.2,24.4,29.2,0.0,7.9,22.75,61,960.2,76,20.3,Abuja
2017-04-30,33.7,24.7,28.4,3.3,10.0,23.67,66,960.3,57,21.2,Abuja
2017-05-01,32.1,24.4,27.4,4.4,13.6,22.9,73,959.8,80,22.0,Abuja
2017-05-02,32.6,23.8,27.6,0.8,9.3,21.73,72,959.4,63,21.9,Abuja
2017-05-03,31.8,23.2,26.9,6.2,11.7,21.41,74,959.2,65,21.6,Abuja
2017-05-04,32.7,22.7,26.4,2.9,12.7,17.79,76,959.6,76,21.3,Abuja
2017-05-05,31.2,23.2,27.1,0.3,9.7,20.15,73,960.4,42,21.5,Abuja
2017-05-06,32.9,23.6,27.5,1.7,13.0,22.35,72,960.5,56,21.5,Abuja
2017-05-07,33.4,23.3,27.5,0.0,10.5,21.71,70,959.3,90,21.0,Abuja
2017-05-08,33.2,24.2,27.8,1.0,9.1,23.46,69,959.2,71,21.5,Abuja
2017-05-09,30.0,23.2,26.6,0.5,9.4,19.8,77,959.4,79,21.9,Abuja
2017-05-10,33.6,22.1,27.1,0.4,12.2,25.17,69,959.7,52,20.5,Abuja
2017-05-11,31.9,23.8,27.5,0.0,7.9,23.23,70,960.8,60,21.3,Abuja
2017-05-12,31.3,22.5,26.7,0.4,8.6,21.92,78,960.9,79,22.2,Abuja
2017-05-13,32.7,22.7,27.3,0.2,12.3,20.79,72,960.1,63,21.2,Abuja
2017-05-14,32.9,23.2,28.1,0.0,9.2,24.09,68,959.9,33,21.1,Abuja
2017-05-15,30.9,23.4,26.8,0.2,12.4,17.54,73,961.0,67,21.4,Abuja
2017-05-16,30.2,22.6,25.9,2.8,11.7,18.92,77,962.2,90,21.4,Abuja
2017-05-17,30.2,22.9,25.9,0.0,12.8,16.2,74,961.2,84,20.6,Abuja
2017-05-18,31.6,22.7,26.6,1.3,8.7,21.51,70,960.7,37,20.4,Abuja
2017-05-19,32.5,23.4,27.2,1.9,9.5,22.34,69,961.0,78,20.7,Abuja
2017-05-20,31.6,23.4,26.6,4.0,9.7,20.38,77,961.7,95,22.1,Abuja
2017-05-21,33.0,23.2,27.1,3.2,12.7,24.19,78,960.7,46,22.4,Abuja
2017-05-22,32.3,23.3,26.9,0.5,7.4,17.09,78,959.6,72,22.4,Abuja
2017-05-23,32.0,23.3,27.1,1.8,10.2,21.0,76,959.8,35,22.3,Abuja
2017-05-24,31.2,23.0,27.1,0.1,10.6,22.14,74,960.4,55,21.8,Abuja
2017-05-25,26.7,22.7,24.2,6.2,8.4,10.32,86,962.1,97,21.7,Abuja
2017-05-26,30.7,21.6,25.7,1.7,8.6,22.59,77,962.6,79,21.1,Abuja
2017-05-27,29.6,22.6,26.0,4.4,10.1,20.76,78,963.1,72,21.6,Abuja
2017-05-28,31.6,23.4,27.0,0.2,8.0,22.37,76,962.6,21,22.0,Abuja
2017-05-29,31.0,23.2,26.7,1.2,16.6,21.33,76,961.7,29,22.0,Abuja
2017-05-30,31.6,22.3,26.2,0.5,11.3,15.88,75,961.9,72,21.0,Abuja
2017-05-31,29.2,23.2,25.6,0.5,7.9,16.82,80,963.5,66,21.8,Abuja
2017-06-01,31.8,23.1,26.6,3.3,8.6,23.6,78,963.1,53,22.0,Abuja
2017-06-02,29.6,23.8,25.6,9.2,9.8,15.88,82,962.6,96,22.2,Abuja
2017-06-03,31.3,22.6,26.6,0.1,8.7,19.47,76,961.7,63,21.6,Abuja
2017-06-04,26.9,22.6,24.6,3.4,10.1,11.2,86,961.8,90,22.0,Abuja
2017-06-05,29.3,22.6,25.5,5.5,7.6,18.31,84,961.2,79,22.4,Abuja
2017-06-06,28.8,23.1,25.8,2.8,8.2,19.86,82,961.7,61,22.4,Abuja
2017-06-07,29.2,22.4,25.3,4.0,9.9,17.35,84,962.5,50,22.3,Abuja
2017-06-08,32.1,23.0,27.4,0.0,8.1,21.69,72,960.6,63,21.6,Abuja
2017-06-09,33.4,23.5,27.4,2.5,16.0,23.78,74,959.2,34,22.0,Abuja
2017-06-10,29.8,23.8,26.4,1.3,10.6,18.09,84,960.3,80,23.3,Abuja
2017-06-11,29.2,22.9,25.8,13.4,8.9,14.27,83,960.0,85,22.6,Abuja
2017-06-12,28.0,22.4,24.2,11.9,10.8,12.54,90,960.5,100,22.4,Abuja
2017-06-13,27.6,22.3,24.0,1.3,9.8,14.38,87,961.8,96,21.6,Abuja
2017-06-14,27.7,21.8,24.6,0.6,10.0,18.86,82,962.3,60,21.2,Abuja
2017-06-15,30.4,22.6,25.8,0.7,6.9,17.62,79,961.4,80,21.7,Abuja
2017-06-16,29.7,22.6,25.5,14.5,11.0,21.44,81,961.1,69,21.9,Abuja
2017-06-17,27.0,21.9,24.0,5.7,11.5,13.13,86,961.1,91,21.3,Abuja
2017-06-18,28.4,21.2,24.7,0.4,9.3,19.47,82,960.6,62,21.3,Abuja
2017-06-19,29.5,22.0,24.6,17.3,10.0,18.22,85,960.8,83,21.8,Abuja
2017-06-20,25.1,21.4,23.0,10.3,9.7,11.82,89,962.5,94,21.1,Abuja
2017-06-21,29.4,21.8,25.3,0.0,10.3,18.3,77,962.2,59,20.8,Abuja
2017-06-22,29.2,22.6,25.8,6.1,10.9,19.08,78,960.9,90,21.5,Abuja
2017-06-23,28.6,21.1,24.0,7.3,10.2,15.16,87,961.1,86,21.5,Abuja
2017-06-24,29.0,21.5,24.5,1.5,8.2,18.58,83,961.4,82,21.2,Abuja
2017-06-25,27.3,21.7,24.3,11.9,11.2,14.68,86,961.6,95,21.8,Abuja
2017-06-26,30.2,21.7,24.8,4.7,11.4,21.07,83,961.2,81,21.5,Abuja
2017-06-27,29.3,22.6,25.6,0.8,7.4,20.43,78,961.9,70,21.4,Abuja
2017-06-28,27.5,21.4,24.4,0.6,10.8,18.15,82,962.8,84,21.0,Abuja
2017-06-29,28.5,22.3,24.4,2.4,8.8,15.42,83,963.1,91,21.1,Abuja
2017-06-30,29.0,20.8,24.5,3.0,9.0,20.25,84,963.0,63,21.4,Abuja
2017-07-01,28.2,21.7,24.4,1.3,7.7,16.18,85,962.7,86,21.6,Abuja
2017-07-02,28.1,21.9,24.8,0.8,10.0,16.85,81,962.9,83,21.1,Abuja
2017-07-03,28.3,21.9,24.8,1.5,9.8,20.52,81,962.8,37,21.3,Abuja
2017-07-04,28.0,21.4,24.4,0.4,9.5,17.82,82,962.5,62,20.9,Abuja
2017-07-05,26.7,21.9,24.0,1.3,9.5,13.54,85,963.3,90,21.2,Abuja
2017-07-06,25.5,21.5,23.2,3.5,10.0,12.24,89,964.2,91,21.2,Abuja
2017-07-07,26.9,21.5,23.8,3.9,8.9,14.53,84,963.8,92,20.9,Abuja
2017-07-08,28.7,20.9,24.9,2.1,8.2,20.5,78,962.7,53,20.7,Abuja
2017-07-09,26.0,21.3,22.8,5.8,12.0,10.85,91,963.2,98,21.1,Abuja
2017-07-10,26.4,20.9,23.1,0.8,11.7,15.1,83,963.8,87,19.8,Abuja
2017-07-11,26.9,21.2,23.6,0.2,9.8,16.44,80,964.6,83,19.8,Abuja
2017-07-12,28.8,21.8,24.2,1.4,8.3,19.73,80,964.0,81,20.5,Abuja
2017-07-13,26.1,21.7,23.2,6.1,9.7,13.39,87,963.7,86,21.0,Abuja
2017-07-14,27.3,20.9,23.4,0.9,6.9,16.91,87,963.6,94,20.9,Abuja
2017-07-15,27.9,20.7,23.6,2.8,9.6,18.96,86,962.8,55,21.1,Abuja
2017-07-16,28.1,20.9,23.6,5.6,9.8,16.25,87,962.9,62,21.1,Abuja
2017-07-17,28.3,21.3,23.5,6.1,11.3,15.94,88,962.6,81,21.3,Abuja
2017-07-18,27.5,21.3,23.4,4.9,9.0,12.77,88,964.0,80,21.1,Abuja
2017-07-19,27.6,21.4,24.1,0.6,7.6,18.54,83,964.3,51,21.0,Abuja
2017-07-20,28.4,21.8,24.9,0.9,6.5,18.21,83,963.1,60,21.7,Abuja
2017-07-21,27.3,22.1,24.3,3.0,9.1,15.76,83,962.1,75,21.2,Abuja
2017-07-22,26.0,21.1,23.4,3.2,10.1,14.34,89,962.4,84,21.4,Abuja
2017-07-23,26.3,20.9,23.4,4.6,11.1,11.78,87,963.6,83,21.0,Abuja
2017-07-24,27.1,21.2,23.9,1.6,11.4,15.84,83,963.7,85,20.6,Abuja
2017-07-25,26.6,21.5,23.4,2.6,10.2,13.97,86,963.8,94,20.9,Abuja
2017-07-26,27.4,21.2,24.0,2.4,8.7,17.71,83,962.9,68,20.7,Abuja
2017-07-27,29.2,21.9,24.8,7.7,5.2,17.87,80,962.1,57,21.0,Abuja
2017-07-28,28.8,21.7,24.3,6.1,9.4,17.64,86,962.1,62,21.6,Abuja
2017-07-29,28.7,21.7,24.4,4.9,9.9,19.12,86,962.7,71,21.8,Abuja
2017-07-30,26.1,21.7,23.7,6.5,10.2,15.16,87,962.6,84,21.4,Abuja
2017-07-31,28.4,21.0,24.6,3.0,6.8,17.54,80,962.4,83,20.7,Abuja
2017-08-01,27.7,21.1,23.6,16.5,10.8,11.78,87,963.2,96,21.2,Abuja
2017-08-02,28.7,20.7,24.2,0.3,8.8,16.26,81,964.0,84,20.5,Abuja
2017-08-03,27.7,21.2,24.1,3.2,8.7,15.66,83,963.9,85,20.8,Abuja
2017-08-04,25.4,21.3,22.7,11.4,10.2,7.62,90,962.8,97,21.0,Abuja
2017-08-05,25.3,20.6,22.5,2.4,12.7,9.18,88,962.8,87,20.4,Abuja
2017-08-06,26.6,21.1,23.5,4.0,12.8,14.76,86,963.0,85,20.9,Abuja
2017-08-07,25.0,21.0,22.6,3.1,13.3,10.99,90,963.0,98,20.8,Abuja
2017-08-08,25.3,20.9,22.7,3.9,9.0,11.67,89,963.1,85,20.7,Abuja
2017-08-09,26.4,21.0,23.3,2.0,9.5,16.69,86,963.6,78,20.8,Abuja
2017-08-10,27.4,21.6,24.1,3.1,7.7,17.75,83,963.1,66,21.0,Abuja
2017-08-11,28.2,21.8,24.3,0.8,9.0,16.43,84,962.5,67,21.2,Abuja
2017-08-12,27.9,21.3,24.1,4.1,10.6,16.06,86,962.2,88,21.4,Abuja
2017-08-13,28.2,21.0,23.8,9.5,10.5,16.14,87,961.3,93,21.3,Abuja
2017-08-14,26.6,20.4,22.6,3.6,9.4,11.99,90,961.2,98,20.7,Abuja
2017-08-15,27.5,21.0,23.9,5.3,9.4,16.1,83,961.9,88,20.7,Abuja
2017-08-16,26.5,21.1,23.7,4.0,10.9,13.83,87,961.1,89,21.3,Abuja
2017-08-17,23.0,21.2,21.8,10.8,14.1,5.62,96,959.9,100,21.1,Abuja
2017-08-18,26.5,20.8,23.2,2.2,14.2,13.44,82,960.5,96,19.7,Abuja
2017-08-19,28.8,21.2,24.4,0.4,7.9,17.72,75,961.7,64,19.4,Abuja
2017-08-20,28.7,21.6,24.8,0.1,9.7,20.57,77,961.9,65,20.2,Abuja
2017-08-21,27.1,21.6,23.5,8.1,9.2,14.33,87,961.7,88,21.1,Abuja
2017-08-22,25.9,20.5,22.6,10.8,8.4,12.96,89,962.1,97,20.7,Abuja
2017-08-23,25.2,21.0,22.9,5.3,8.7,11.25,90,961.7,85,21.1,Abuja
2017-08-24,30.0,21.3,25.3,2.9,11.1,21.59,78,960.6,63,20.7,Abuja
2017-08-25,26.7,21.5,23.1,9.2,8.4,10.94,92,960.4,99,21.7,Abuja
2017-08-26,25.7,20.8,22.7,6.3,16.8,11.16,89,961.5,91,20.8,Abuja
2017-08-27,25.9,21.0,23.2,12.1,8.7,13.03,89,962.4,86,21.1,Abuja
2017-08-28,25.3,20.8,22.8,3.4,9.7,7.31,90,961.7,97,21.1,Abuja
2017-08-29,27.2,21.3,23.4,9.3,10.8,15.11,88,960.7,79,21.2,Abuja
2017-08-30,26.5,21.2,22.9,9.1,13.7,11.72,90,961.9,97,21.2,Abuja
2017-08-31,27.4,20.9,22.9,3.1,11.9,14.76,89,962.3,77,20.9,Abuja
2017-09-01,27.2,21.0,23.6,3.8,7.4,13.78,85,963.1,74,20.8,Abuja
2017-09-02,29.1,21.3,24.3,8.5,8.4,20.47,84,962.5,80,21.3,Abuja
2017-09-03,25.0,21.2,22.5,11.7,17.0,7.64,94,962.0,99,21.4,Abuja
2017-09-04,25.0,21.1,22.7,3.1,12.6,10.4,91,962.7,88,21.1,Abuja
2017-09-05,28.5,20.2,23.7,1.8,7.9,16.8,85,963.0,62,20.8,Abuja
2017-09-06,28.7,21.6,24.0,13.1,10.2,17.62,85,961.8,92,21.3,Abuja
2017-09-07,25.4,21.0,22.8,4.4,11.4,9.24,89,961.8,96,20.8,Abuja
2017-09-08,25.9,20.8,23.0,1.2,11.2,14.16,86,962.6,96,20.5,Abuja
2017-09-09,30.9,21.3,25.5,0.6,6.7,21.99,77,961.3,57,20.7,Abuja
2017-09-10,29.0,22.0,24.4,8.6,8.4,19.38,85,960.8,57,21.6,Abuja
2017-09-11,28.3,21.9,23.9,0.6,12.7,12.39,86,961.3,80,21.2,Abuja
2017-09-12,30.1,21.2,25.0,0.4,13.8,22.47,80,961.5,39,21.0,Abuja
2017-09-13,28.4,21.1,24.0,5.9,8.6,13.0,86,962.1,81,21.5,Abuja
2017-09-14,28.3,20.2,24.3,0.3,7.8,17.48,84,961.8,73,21.2,Abuja
2017-09-15,27.8,21.8,24.1,6.6,10.5,15.61,85,961.5,78,21.3,Abuja
2017-09-16,26.1,21.4,23.0,5.3,12.1,13.43,91,962.2,96,21.3,Abuja
2017-09-17,27.7,20.8,24.0,1.6,8.3,15.94,83,963.7,86,20.7,Abuja
2017-09-18,28.8,21.0,24.0,4.3,9.5,16.93,87,962.7,65,21.5,Abuja
2017-09-19,28.6,21.8,24.6,0.8,7.6,17.78,86,961.6,73,21.9,Abuja
2017-09-20,28.3,21.8,24.6,3.4,8.7,15.8,85,961.2,81,21.8,Abuja
2017-09-21,27.0,21.7,23.5,9.4,9.4,16.16,89,961.4,82,21.5,Abuja
2017-09-22,26.8,21.4,23.2,3.1,11.7,14.89,89,962.2,72,21.2,Abuja
2017-09-23,28.5,21.1,23.9,5.5,9.5,16.23,87,963.0,77,21.4,Abuja
2017-09-24,29.0,20.5,24.4,2.2,8.7,21.06,83,962.3,70,21.2,Abuja
2017-09-25,27.7,21.6,24.2,2.6,6.6,14.39,87,961.2,76,21.7,Abuja
2017-09-26,29.7,21.2,24.6,1.2,11.8,19.81,82,960.3,88,21.1,Abuja
2017-09-27,29.8,21.9,25.3,5.3,10.2,20.42,80,960.6,74,21.3,Abuja
2017-09-28,26.9,21.4,23.9,1.2,9.8,11.05,85,961.8,90,21.0,Abuja
2017-09-29,29.9,20.2,24.8,0.3,10.2,20.97,80,961.3,71,20.9,Abuja
2017-09-30,29.8,22.2,25.2,3.6,8.5,18.88,82,960.3,87,21.7,Abuja
2017-10-01,31.1,21.8,26.1,0.0,10.3,23.08,76,960.1,55,21.3,Abuja
2017-10-02,29.8,22.0,25.2,2.3,8.3,20.28,83,959.6,39,22.0,Abuja
2017-10-03,31.6,23.2,26.2,1.9,8.2,21.36,78,958.9,53,21.8,Abuja
2017-10-04,28.7,22.4,24.9,10.1,7.3,17.44,85,960.4,85,22.1,Abuja
2017-10-05,28.2,21.8,24.9,2.9,5.8,17.67,85,961.1,91,22.1,Abuja
2017-10-06,31.4,22.0,25.6,0.3,8.4,21.15,80,959.9,64,21.6,Abuja
2017-10-07,29.5,22.1,24.9,4.8,7.6,16.66,85,959.7,79,22.0,Abuja
2017-10-08,28.2,21.8,24.1,2.8,7.9,12.3,88,960.5,85,21.9,Abuja
2017-10-09,27.8,21.1,24.2,4.6,5.5,13.59,87,960.3,80,21.8,Abuja
2017-10-10,29.1,21.6,24.7,0.0,7.2,17.01,84,959.9,71,21.7,Abuja
2017-10-11,29.8,21.5,24.8,1.4,9.1,18.17,84,960.9,80,21.7,Abuja
2017-10-12,29.8,23.0,24.7,2.7,11.4,16.73,82,961.1,79,21.3,Abuja
2017-10-13,29.5,21.3,24.9,0.6,7.9,21.26,78,960.7,41,20.5,Abuja
2017-10-14,31.4,21.3,25.5,0.0,11.8,20.9,78,961.1,42,20.7,Abuja
2017-10-15,33.0,21.5,26.8,0.0,9.7,23.48,65,960.9,26,18.5,Abuja
2017-10-16,32.8,21.1,26.5,0.2,7.8,22.33,69,962.2,73,19.6,Abuja
2017-10-17,32.7,22.3,26.9,0.0,10.4,23.63,64,961.9,49,18.9,Abuja
2017-10-18,32.4,21.6,26.2,0.0,9.5,21.48,71,961.6,63,19.9,Abuja
2017-10-19,31.6,21.5,25.5,0.7,9.1,21.69,79,961.8,59,21.3,Abuja
2017-10-20,32.3,22.7,26.8,0.0,7.1,22.39,71,961.4,49,20.5,Abuja
2017-10-21,32.0,22.6,27.0,0.2,11.4,21.28,68,961.6,52,20.1,Abuja
2017-10-22,30.4,22.3,26.0,0.5,11.4,20.83,73,961.5,47,20.6,Abuja
2017-10-23,30.1,21.9,25.8,0.2,7.2,19.95,77,961.0,62,21.2,Abuja
2017-10-24,33.0,22.1,26.8,0.0,7.6,20.91,69,960.2,95,19.7,Abuja
2017-10-25,32.9,22.3,27.0,0.0,8.7,21.3,66,960.1,84,19.5,Abuja
2017-10-26,32.9,23.2,27.4,0.0,7.6,20.82,68,960.6,97,20.1,Abuja
2017-10-27,32.5,21.5,26.8,0.0,14.4,21.41,50,959.9,95,14.2,Abuja
2017-10-28,31.2,21.1,25.7,0.0,8.9,18.76,54,959.4,81,15.1,Abuja
2017-10-29,33.7,22.6,27.3,0.0,6.5,22.15,58,959.7,87,17.0,Abuja
2017-10-30,33.8,22.0,27.4,0.0,10.0,23.05,47,958.8,72,14.4,Abuja
2017-10-31,32.9,22.1,26.5,0.0,11.3,19.65,59,960.0,72,17.1,Abuja
2017-11-01,33.6,22.3,27.5,0.0,10.4,22.44,45,960.0,68,13.7,Abuja
2017-11-02,34.1,20.9,27.7,0.0,10.4,21.72,47,960.0,87,14.0,Abuja
2017-11-03,33.7,21.6,27.1,0.0,8.7,21.94,63,959.7,81,18.4,Abuja
2017-11-04,30.5,22.4,25.4,0.4,8.3,18.84,76,960.7,23,20.6,Abuja
2017-11-05,33.6,22.1,27.0,0.0,7.3,20.6,64,960.4,60,18.3,Abuja
2017-11-06,32.5,21.2,26.3,0.0,9.7,22.0,51,959.4,73,14.8,Abuja
2017-11-07,32.6,21.4,26.7,0.0,10.0,21.97,61,959.0,47,17.6,Abuja
2017-11-08,33.8,21.5,27.4,0.0,15.0,22.58,42,959.2,32,12.1,Abuja
2017-11-09,34.1,22.9,27.6,0.0,15.1,22.77,35,959.4,26,10.2,Abuja
2017-11-10,33.6,21.8,27.6,0.0,16.0,22.69,36,959.5,60,10.1,Abuja
2017-11-11,33.8,21.7,27.4,0.0,11.7,22.54,36,959.1,31,10.3,Abuja
2017-11-12,33.5,21.6,27.5,0.0,12.8,21.98,41,959.0,30,12.1,Abuja
2017-11-13,31.0,22.7,26.7,0.1,7.0,18.15,66,959.0,64,19.6,Abuja
2017-11-14,34.2,23.3,28.2,0.0,7.2,19.97,54,957.9,49,17.2,Abuja
2017-11-15,35.8,23.7,28.7,0.0,9.8,20.93,50,958.1,35,16.0,Abuja
2017-11-16,34.0,22.9,27.7,0.0,8.3,19.38,59,958.9,97,18.2,Abuja
2017-11-17,32.3,22.3,26.9,0.1,10.2,18.47,67,958.7,35,19.8,Abuja
2017-11-18,33.7,22.9,27.5,0.0,9.0,19.99,64,958.7,52,19.2,Abuja
2017-11-19,31.6,22.2,26.6,0.0,10.0,18.85,69,959.4,57,20.0,Abuja
2017-11-20,34.6,23.0,27.6,0.0,11.6,15.39,63,960.1,78,18.7,Abuja
2017-11-21,34.7,21.2,27.6,0.0,12.1,21.51,51,958.9,39,14.9,Abuja
2017-11-22,34.1,22.1,27.3,0.0,9.7,20.46,56,959.2,26,16.7,Abuja
2017-11-23,32.9,20.2,26.5,0.0,8.4,20.98,52,959.9,78,15.1,Abuja
2017-11-24,33.3,21.9,26.9,0.0,8.9,21.19,50,960.5,60,14.2,Abuja
2017-11-25,33.6,20.4,26.6,0.0,15.6,21.73,35,960.9,55,8.9,Abuja
2017-11-26,34.4,22.5,27.6,0.0,18.4,21.75,19,961.5,62,1.4,Abuja
2017-11-27,34.4,22.8,27.7,0.0,19.8,22.05,21,961.4,53,2.4,Abuja
2017-11-28,34.0,21.8,27.1,0.0,16.6,21.67,26,961.1,6,5.3,Abuja
2017-11-29,34.3,21.5,27.2,0.0,12.4,21.28,29,961.2,54,7.0,Abuja
2017-11-30,34.8,24.0,28.3,0.0,18.1,21.01,25,961.6,42,6.4,Abuja
2017-12-01,36.1,24.9,29.2,0.0,19.1,20.43,20,960.3,66,3.5,Abuja
2017-12-02,35.6,24.0,28.9,0.0,16.1,21.2,22,959.2,37,4.7,Abuja
2017-12-03,35.2,22.8,28.2,0.0,10.3,20.79,36,959.6,27,10.5,Abuja
2017-12-04,35.4,21.1,27.9,0.0,10.0,20.9,34,960.1,14,9.2,Abuja
2017-12-05,35.5,22.8,29.0,0.0,17.1,21.16,22,959.5,0,4.5,Abuja
2017-12-06,34.7,23.6,28.6,0.0,15.3,21.18,21,958.2,1,3.7,Abuja
2017-12-07,34.5,22.2,27.5,0.0,14.3,20.46,34,958.3,8,9.4,Abuja
2017-12-08,33.8,23.4,28.2,0.0,18.2,20.26,30,958.8,7,8.5,Abuja
2017-12-09,33.8,23.2,28.2,0.0,15.3,19.92,30,959.2,42,8.7,Abuja
2017-12-10,31.3,23.9,27.3,0.0,16.6,11.92,31,959.6,84,8.5,Abuja
2017-12-11,32.8,22.3,27.5,0.0,12.4,18.86,31,960.0,43,8.6,Abuja
2017-12-12,34.1,23.8,28.4,0.0,13.4,19.29,31,960.6,53,9.3,Abuja
2017-12-13,36.6,24.5,29.3,0.0,22.4,19.45,25,960.4,21,6.5,Abuja
2017-12-14,36.1,25.6,30.0,0.0,18.9,20.59,24,959.6,48,7.0,Abuja
2017-12-15,34.6,22.7,28.0,0.0,18.0,19.25,35,960.0,28,10.1,Abuja
2017-12-16,35.9,24.1,29.2,0.0,17.3,20.46,24,959.3,10,6.1,Abuja
2017-12-17,35.2,22.6,29.1,0.0,15.6,20.38,26,959.3,60,7.0,Abuja
2017-12-18,34.1,23.2,28.1,0.0,8.7,19.83,43,959.2,19,14.0,Abuja
2017-12-19,32.7,23.3,27.9,0.0,8.4,17.46,53,959.3,79,17.1,Abuja
2017-12-20,34.3,22.1,27.2,3.1,8.0,16.21,63,959.4,75,18.4,Abuja
2017-12-21,36.7,24.3,29.7,0.0,11.3,19.11,40,959.2,49,12.6,Abuja
2017-12-22,35.4,22.3,28.5,0.0,10.7,19.88,42,959.8,47,13.1,Abuja
2017-12-23,34.2,22.4,28.0,0.0,15.0,18.26,36,959.8,92,10.9,Abuja
2017-12-24,33.3,22.7,27.5,0.0,17.3,19.85,29,960.0,63,7.8,Abuja
2017-12-25,34.8,22.1,27.7,0.0,19.1,20.34,23,960.0,33,4.3,Abuja
2017-12-26,35.2,22.4,28.0,0.0,18.1,20.6,22,959.8,16,3.7,Abuja
2017-12-27,34.6,22.0,27.8,0.0,19.7,20.79,22,959.0,48,2.8,Abuja
2017-12-28,34.0,21.1,26.9,0.0,18.1,20.36,26,959.2,53,5.2,Abuja
2017-12-29,34.1,23.0,27.7,0.0,19.5,19.77,24,960.3,44,5.2,Abuja
2017-12-30,34.6,22.1,27.8,0.0,19.2,19.45,22,961.2,32,3.5,Abuja
2017-12-31,34.2,21.8,27.2,0.0,20.2,20.16,19,961.1,30,1.6,Abuja
2018-01-01,34.1,21.6,27.1,0.0,20.4,20.17,21,960.5,41,2.7,Abuja
2018-01-02,33.3,20.9,26.5,0.0,20.4,19.31,22,959.9,49,2.2,Abuja
2018-01-03,33.5,20.4,26.2,0.0,21.1,20.42,21,960.6,0,1.5,Abuja
2018-01-04,33.6,20.1,26.1,0.0,21.9,20.69,15,961.9,0,-2.8,Abuja
2018-01-05,32.2,19.6,25.2,0.0,20.9,21.03,14,961.4,0,-5.1,Abuja
2018-01-06,31.8,17.4,24.3,0.0,14.5,20.71,20,960.8,0,-0.8,Abuja
2018-01-07,32.4,18.5,25.2,0.0,12.2,20.6,23,960.2,1,1.4,Abuja
2018-01-08,34.1,20.1,26.6,0.0,17.7,20.53,22,961.1,9,2.5,Abuja
2018-01-09,35.1,22.1,28.0,0.0,18.1,20.48,19,961.1,63,1.7,Abuja
2018-01-10,33.9,21.3,26.8,0.0,16.1,20.62,20,960.7,18,1.8,Abuja
2018-01-11,33.2,21.1,26.7,0.0,15.6,20.04,22,960.4,64,2.7,Abuja
2018-01-12,33.9,21.2,27.0,0.0,17.1,20.55,20,960.3,35,1.5,Abuja
2018-01-13,33.6,20.7,26.4,0.0,17.4,20.51,16,960.0,55,-2.1,Abuja
2018-01-14,33.4,20.9,26.4,0.0,19.2,20.33,16,960.4,36,-1.7,Abuja
2018-01-15,34.5,19.5,26.8,0.0,16.1,20.48,21,960.4,33,1.4,Abuja
2018-01-16,34.7,19.2,27.0,0.0,16.3,20.48,20,960.8,53,1.3,Abuja
2018-01-17,34.6,20.0,27.2,0.0,13.7,20.61,17,959.6,25,-0.6,Abuja
2018-01-18,34.3,19.9,26.8,0.0,16.3,20.93,17,959.6,39,-1.3,Abuja
2018-01-19,33.4,20.9,26.3,0.0,15.1,20.34,21,959.7,93,1.6,Abuja
2018-01-20,33.9,21.6,26.8,0.0,17.1,21.2,15,959.6,67,-3.0,Abuja
2018-01-21,34.7,21.9,27.5,0.0,16.5,20.87,14,959.5,46,-3.0,Abuja
2018-01-22,34.6,21.6,27.7,0.0,18.8,20.86,15,959.5,1,-2.0,Abuja
2018-01-23,34.1,21.3,27.1,0.0,19.2,21.17,13,959.6,27,-3.6,Abuja
2018-01-24,33.5,20.7,26.6,0.0,17.5,20.67,15,959.6,83,-2.8,Abuja
2018-01-25,33.9,20.7,26.8,0.0,17.4,21.1,16,959.5,49,-1.4,Abuja
2018-01-26,34.5,21.3,27.2,0.0,16.6,20.79,17,959.0,75,-0.4,Abuja
2018-01-27,34.5,19.8,27.2,0.0,16.5,21.04,23,958.8,14,3.5,Abuja
2018-01-28,35.4,21.1,27.9,0.0,15.7,21.05,22,958.6,0,3.3,Abuja
2018-01-29,35.9,22.8,28.3,0.0,18.2,21.41,15,959.7,30,-1.0,Abuja
2018-01-30,34.6,20.9,27.1,0.0,18.8,21.64,15,959.7,15,-2.6,Abuja
2018-01-31,35.0,21.3,27.3,0.0,17.6,21.91,16,958.1,2,-1.6,Abuja
2018-02-01,35.0,20.3,27.4,0.0,16.8,21.8,18,957.6,40,0.6,Abuja
2018-02-02,36.0,23.5,28.8,0.0,15.5,21.66,18,957.9,37,1.9,Abuja
2018-02-03,36.5,21.0,28.7,0.0,15.4,21.75,20,958.2,0,2.6,Abuja
2018-02-04,37.6,26.0,30.8,0.0,19.9,21.91,15,957.2,2,0.5,Abuja
2018-02-05,37.1,23.6,29.5,0.0,14.0,22.04,15,957.2,28,-0.3,Abuja
2018-02-06,37.6,21.8,29.8,0.0,10.7,22.24,20,956.9,11,3.3,Abuja
2018-02-07,34.7,23.7,28.9,0.0,9.8,20.21,39,957.6,9,13.0,Abuja
2018-02-08,36.2,22.8,29.8,0.0,11.5,20.89,37,957.3,65,12.8,Abuja
2018-02-09,35.0,24.3,29.3,0.2,13.0,17.93,49,957.8,56,17.2,Abuja
2018-02-10,35.4,24.2,29.5,0.0,8.6,20.08,48,956.8,65,16.5,Abuja
2018-02-11,36.3,24.2,29.5,0.0,12.8,21.3,38,957.3,25,12.0,Abuja
2018-02-12,36.8,22.8,29.2,0.0,11.6,21.72,43,958.9,61,12.1,Abuja
2018-02-13,35.6,23.9,29.2,0.3,11.6,19.4,36,959.0,96,12.6,Abuja
2018-02-14,37.5,25.1,31.1,0.0,12.6,21.16,23,958.8,51,6.5,Abuja
2018-02-15,36.4,24.8,30.1,0.0,14.5,21.42,30,958.9,71,10.4,Abuja
2018-02-16,36.9,26.1,30.8,0.0,17.8,21.96,24,959.0,2,7.3,Abuja
2018-02-17,36.2,24.8,30.0,0.3,16.5,21.46,27,958.5,7,8.3,Abuja
2018-02-18,34.2,24.5,28.4,0.8,12.5,18.32,51,958.7,37,17.1,Abuja
2018-02-19,34.2,23.6,28.4,0.2,7.4,16.96,55,958.4,78,17.9,Abuja
2018-02-20,35.8,24.1,27.6,2.4,13.9,18.3,60,957.7,63,18.8,Abuja
2018-02-21,34.5,23.3,28.4,0.0,11.2,20.23,58,957.0,68,18.7,Abuja
2018-02-22,33.5,23.5,28.1,4.2,14.0,18.86,61,957.6,58,19.4,Abuja
2018-02-23,33.3,23.8,27.6,1.3,10.0,16.44,62,958.0,80,19.4,Abuja
2018-02-24,33.1,22.2,26.9,5.0,11.0,18.79,70,958.5,75,20.3,Abuja
2018-02-25,34.9,24.6,28.9,0.0,9.7,16.86,53,958.4,77,17.8,Abuja
2018-02-26,34.5,24.0,27.9,0.1,16.6,20.1,62,958.9,87,19.5,Abuja
2018-02-27,31.1,22.6,26.6,0.7,9.7,17.12,72,960.5,81,20.9,Abuja
2018-02-28,33.8,23.4,27.5,0.0,8.5,19.67,64,960.5,71,19.4,Abuja
2018-03-01,32.0,22.0,27.1,0.0,10.4,19.71,64,960.7,51,19.3,Abuja
2018-03-02,33.7,22.5,27.4,0.0,8.0,20.29,64,960.2,49,19.0,Abuja
2018-03-03,35.7,20.3,27.4,0.0,11.8,23.36,38,958.7,14,9.6,Abuja
2018-03-04,35.0,21.6,27.7,0.0,13.8,21.35,41,958.9,9,12.3,Abuja
2018-03-05,32.2,21.2,26.7,0.0,12.0,18.32,57,958.9,25,16.7,Abuja
2018-03-06,33.6,22.3,27.8,0.0,10.6,19.57,56,958.9,17,17.1,Abuja
2018-03-07,34.0,23.3,28.3,0.0,10.5,19.64,56,959.4,28,18.1,Abuja
2018-03-08,34.3,23.1,28.2,0.0,10.0,19.25,60,959.7,55,18.9,Abuja
2018-03-09,33.8,23.5,28.3,0.0,11.1,19.86,60,959.8,52,19.1,Abuja
2018-03-10,35.4,23.4,28.7,0.0,12.0,19.94,61,959.4,53,19.2,Abuja
2018-03-11,34.0,23.1,28.3,0.0,12.7,20.21,59,959.9,28,18.8,Abuja
2018-03-12,35.2,23.4,28.7,0.0,11.6,21.19,58,960.6,42,18.6,Abuja
2018-03-13,35.6,23.6,29.1,0.0,12.0,20.49,52,960.0,37,17.2,Abuja
2018-03-14,35.4,23.0,28.7,0.0,12.2,20.67,54,959.5,33,17.2,Abuja
2018-03-15,35.2,22.6,28.7,0.0,9.7,21.83,50,958.6,27,16.2,Abuja
2018-03-16,34.2,23.3,28.5,0.0,13.0,20.59,57,958.2,57,18.3,Abuja
2018-03-17,35.7,23.2,28.8,0.0,10.0,19.99,53,958.1,63,16.9,Abuja
2018-03-18,34.7,23.2,28.5,0.0,8.9,21.09,58,957.6,67,18.4,Abuja
2018-03-19,33.9,23.5,28.4,0.0,10.7,19.9,56,958.1,56,18.1,Abuja
2018-03-20,34.4,23.6,28.7,0.0,11.8,21.11,55,958.2,57,17.9,Abuja
2018-03-21,34.5,23.9,28.7,0.0,10.3,20.33,59,959.3,50,19.0,Abuja
2018-03-22,34.3,24.4,28.6,0.0,12.5,21.49,61,959.8,56,19.7,Abuja
2018-03-23,30.9,24.2,27.4,2.8,9.4,16.5,68,959.7,89,20.7,Abuja
2018-03-24,34.3,23.0,28.0,0.4,7.9,22.02,60,958.4,59,18.8,Abuja
2018-03-25,32.4,24.6,27.6,0.9,9.5,18.51,65,958.5,90,20.3,Abuja
2018-03-26,35.5,24.0,29.0,0.0,12.3,20.65,60,959.1,71,19.4,Abuja
2018-03-27,33.4,24.4,28.5,1.1,12.0,19.47,63,959.5,74,20.5,Abuja
2018-03-28,34.4,24.3,29.1,0.0,9.7,19.33,59,958.5,62,19.8,Abuja
2018-03-29,32.7,24.1,27.8,1.4,11.3,17.11,67,959.2,40,20.8,Abuja
2018-03-30,35.1,22.5,28.4,0.0,8.7,21.23,60,958.4,56,18.7,Abuja
2018-03-31,36.9,23.7,29.8,0.0,10.5,24.02,34,956.9,67,10.9,Abuja
2018-04-01,37.5,24.4,29.9,0.0,10.6,22.52,48,956.3,88,16.5,Abuja
2018-04-02,35.7,24.1,29.1,0.0,11.4,20.14,56,956.5,90,18.7,Abuja
2018-04-03,35.2,23.5,28.9,0.0,11.5,21.6,57,956.7,58,18.6,Abuja
2018-04-04,34.2,23.9,28.5,0.0,9.5,19.0,61,957.8,46,19.5,Abuja
2018-04-05,35.4,24.1,29.1,0.0,15.5,21.21,55,957.1,68,18.0,Abuja
2018-04-06,35.0,23.8,28.6,0.0,12.2,20.59,60,956.4,53,19.1,Abuja
2018-04-07,34.1,23.7,27.9,1.6,13.7,20.58,64,957.5,79,20.1,Abuja
2018-04-08,34.7,23.8,28.1,0.9,11.2,20.21,64,958.5,50,19.8,Abuja
2018-04-09,30.5,23.7,26.8,1.6,11.2,14.19,70,959.3,81,20.6,Abuja
2018-04-10,32.9,23.0,27.1,0.6,13.0,18.63,67,960.1,98,19.7,Abuja
2018-04-11,32.4,22.9,27.6,0.0,7.9,19.9,60,959.2,65,18.6,Abuja
2018-04-12,33.3,23.3,28.0,0.2,9.5,21.7,58,959.1,69,18.7,Abuja
2018-04-13,32.7,23.6,28.1,0.1,12.5,19.64,62,959.9,55,19.9,Abuja
2018-04-14,32.2,22.7,27.1,12.1,15.5,20.91,71,960.8,54,21.1,Abuja
2018-04-15,30.6,23.5,26.3,3.6,13.0,13.38,78,961.3,97,21.9,Abuja
2018-04-16,33.3,22.4,27.2,1.8,8.7,22.75,69,960.6,58,20.6,Abuja
2018-04-17,32.6,23.9,27.8,0.0,9.7,21.99,67,960.9,72,20.8,Abuja
2018-04-18,32.2,23.6,27.2,0.0,10.6,18.49,71,961.5,77,21.1,Abuja
2018-04-19,31.7,23.4,27.1,0.5,9.8,19.66,72,960.8,93,21.4,Abuja
2018-04-20,32.9,22.2,26.6,0.3,12.6,19.64,72,959.8,82,20.6,Abuja
2018-04-21,31.6,23.4,26.9,0.5,10.7,17.75,73,959.8,61,21.3,Abuja
2018-04-22,31.6,23.8,27.1,0.6,10.5,19.44,70,960.2,51,21.0,Abuja
2018-04-23,34.0,23.3,28.0,0.1,9.7,22.55,64,959.4,46,20.0,Abuja
2018-04-24,32.0,23.6,27.6,0.0,10.7,20.19,68,959.9,27,20.7,Abuja
2018-04-25,32.8,23.4,27.5,0.7,12.0,20.53,69,960.4,54,21.0,Abuja
2018-04-26,33.4,23.0,27.7,1.4,12.1,20.77,69,959.8,51,21.0,Abuja
2018-04-27,32.0,24.4,27.8,3.4,10.5,19.38,70,960.0,69,21.6,Abuja
2018-04-28,32.4,23.5,27.8,0.0,10.7,16.74,68,960.4,65,20.9,Abuja
2018-04-29,31.2,23.6,27.2,2.4,12.0,15.99,73,960.3,66,21.8,Abuja
2018-04-30,33.5,23.7,28.2,0.6,11.2,16.76,65,960.2,73,20.5,Abuja
2018-05-01,32.8,24.0,28.0,0.0,10.2,20.3,67,960.1,69,20.9,Abuja
2018-05-02,34.8,23.8,28.1,6.2,12.8,21.65,68,959.9,71,21.2,Abuja
2018-05-03,32.1,22.9,26.2,5.3,15.5,14.13,78,959.5,94,21.8,Abuja
2018-05-04,32.6,22.8,27.2,0.0,8.7,18.17,74,959.5,77,21.5,Abuja
2018-05-05,30.2,24.1,26.2,1.9,11.5,12.48,77,960.4,88,21.8,Abuja
2018-05-06,31.5,22.8,26.7,0.0,12.2,15.81,72,960.9,63,20.8,Abuja
2018-05-07,31.1,23.3,27.1,0.2,10.2,15.87,71,961.1,72,21.0,Abuja
2018-05-08,33.3,23.8,28.1,0.0,10.9,19.42,65,959.1,83,20.4,Abuja
2018-05-09,31.4,23.8,27.6,0.0,12.9,17.73,66,959.0,66,20.4,Abuja
2018-05-10,28.4,22.8,25.3,7.2,11.8,12.19,77,960.6,97,20.8,Abuja
2018-05-11,30.5,22.5,25.2,7.8,7.3,17.14,81,961.0,86,21.5,Abuja
2018-05-12,28.9,22.3,24.1,7.4,10.9,10.27,90,961.4,95,22.3,Abuja
2018-05-13,31.5,22.5,25.6,0.1,10.6,16.34,70,960.5,88,19.4,Abuja
2018-05-14,30.2,22.7,25.9,4.1,9.2,16.93,74,961.2,82,20.7,Abuja
2018-05-15,31.6,23.0,26.8,0.0,8.0,19.74,72,960.5,74,20.8,Abuja
2018-05-16,33.3,23.3,26.8,1.6,13.4,21.47,73,959.9,26,21.3,Abuja
2018-05-17,30.1,22.4,25.6,5.9,11.6,15.84,82,960.1,91,22.1,Abuja
2018-05-18,29.2,22.8,25.8,0.0,11.5,13.87,77,960.1,81,21.2,Abuja
2018-05-19,31.6,22.9,26.5,1.9,7.4,23.16,72,959.9,26,20.9,Abuja
2018-05-20,30.0,23.2,26.2,2.4,11.0,17.43,80,959.5,50,22.3,Abuja
2018-05-21,29.4,23.1,25.6,1.3,12.0,15.2,81,960.1,81,21.9,Abuja
2018-05-22,30.1,22.7,26.3,0.3,8.3,17.23,77,960.6,57,21.8,Abuja
2018-05-23,32.9,23.4,27.6,0.0,7.9,23.01,68,960.8,41,20.8,Abuja
2018-05-24,31.2,22.5,26.6,0.2,13.6,16.48,73,960.3,59,21.2,Abuja
2018-05-25,28.4,22.8,25.2,13.3,12.8,13.98,83,959.7,76,22.0,Abuja
2018-05-26,29.4,22.1,25.2,0.5,10.5,13.84,79,960.2,82,20.9,Abuja
2018-05-27,29.9,22.2,25.4,7.7,10.7,18.28,80,961.7,51,21.6,Abuja
2018-05-28,29.4,22.4,25.6,6.3,11.5,15.98,80,962.0,55,21.6,Abuja
2018-05-29,28.6,22.9,25.0,10.1,9.5,14.31,82,961.6,95,21.7,Abuja
2018-05-30,28.4,21.6,24.6,0.3,8.5,15.78,84,961.7,76,21.6,Abuja
2018-05-31,30.3,21.9,25.4,1.8,9.0,16.12,81,961.4,61,21.7,Abuja
2018-06-01,31.2,22.9,26.1,7.3,8.8,21.23,77,961.2,64,21.6,Abuja
2018-06-02,29.3,22.4,25.4,0.0,8.2,15.04,82,961.9,68,22.0,Abuja
2018-06-03,30.0,22.4,25.4,4.2,9.0,14.59,79,962.5,86,21.3,Abuja
2018-06-04,29.8,22.5,26.0,0.5,8.0,15.94,79,962.0,93,21.9,Abuja
2018-06-05,30.0,22.9,26.2,0.4,8.4,19.09,79,960.8,55,22.2,Abuja
2018-06-06,28.2,22.5,24.9,9.3,12.2,13.88,86,961.5,87,22.3,Abuja
2018-06-07,29.8,22.7,25.6,2.7,7.5,19.07,85,962.6,74,22.8,Abuja
2018-06-08,29.8,22.6,26.0,4.2,12.4,16.72,82,961.9,65,22.5,Abuja
2018-06-09,29.1,22.4,25.0,7.9,11.1,16.79,87,962.0,80,22.7,Abuja
2018-06-10,28.0,22.0,24.2,3.7,10.8,13.75,87,962.7,79,21.8,Abuja
2018-06-11,29.8,21.8,25.4,0.0,7.6,17.44,79,962.9,62,21.2,Abuja
2018-06-12,31.9,23.5,26.7,1.0,8.5,22.69,73,962.8,58,21.1,Abuja
2018-06-13,29.8,23.5,26.3,0.3,8.1,19.01,79,962.5,48,22.1,Abuja
2018-06-14,29.5,23.1,25.3,9.0,11.9,17.1,85,962.5,89,22.4,Abuja
2018-06-15,29.8,22.1,25.5,0.3,9.1,14.29,82,962.2,74,21.9,Abuja
2018-06-16,28.4,22.6,25.0,3.8,9.2,14.24,87,962.3,73,22.6,Abuja
2018-06-17,28.0,21.8,24.4,12.6,13.4,13.42,87,962.6,99,22.1,Abuja
2018-06-18,28.1,21.9,24.0,7.1,13.6,13.2,88,962.5,97,21.7,Abuja
2018-06-19,26.2,21.1,23.1,11.9,15.3,10.55,88,962.6,93,20.9,Abuja
2018-06-20,26.0,21.1,23.0,3.5,14.3,9.87,88,962.9,94,20.7,Abuja
2018-06-21,25.8,20.9,22.9,6.3,9.7,14.8,88,963.7,77,20.7,Abuja
2018-06-22,28.1,20.8,23.8,10.3,10.0,16.16,83,963.4,74,20.5,Abuja
2018-06-23,22.7,20.9,21.8,58.6,10.0,4.45,95,962.7,99,20.9,Abuja
2018-06-24,26.8,20.5,22.9,8.4,11.9,19.18,90,962.5,69,21.0,Abuja
2018-06-25,29.1,20.3,24.5,1.3,5.9,19.91,80,961.3,61,20.4,Abuja
2018-06-26,30.0,21.5,25.4,0.8,8.2,20.47,78,960.9,59,21.0,Abuja
2018-06-27,29.0,21.6,24.0,5.4,11.3,16.05,86,961.2,80,21.3,Abuja
2018-06-28,27.9,21.3,23.8,6.2,8.5,18.75,86,961.7,83,21.2,Abuja
2018-06-29,26.4,20.8,23.3,13.3,11.0,16.62,88,960.9,86,21.2,Abuja
2018-06-30,27.4,21.2,23.0,4.2,8.7,13.56,91,959.9,95,21.3,Abuja
2018-07-01,27.7,21.0,23.7,7.3,10.4,19.26,87,961.0,95,21.1,Abuja
2018-07-02,24.4,20.8,22.3,2.1,9.9,10.22,93,960.8,98,21.0,Abuja
2018-07-03,26.8,20.2,23.6,1.2,7.5,14.05,86,961.1,94,20.9,Abuja
2018-07-04,27.9,20.7,23.9,10.3,7.9,18.63,87,961.9,76,21.4,Abuja
2018-07-05,28.3,21.7,24.4,5.7,11.2,19.95,85,962.5,87,21.7,Abuja
2018-07-06,29.3,21.2,24.8,7.0,6.9,19.92,82,962.6,87,21.3,Abuja
2018-07-07,28.2,22.0,24.2,4.4,5.9,14.24,85,962.6,86,21.4,Abuja
2018-07-08,28.1,22.1,24.0,10.5,10.2,14.73,86,962.7,85,21.5,Abuja
2018-07-09,28.8,22.3,24.8,1.8,8.9,18.91,83,962.9,76,21.6,Abuja
2018-07-10,27.1,21.2,23.5,6.8,6.2,15.28,90,963.4,94,21.7,Abuja
2018-07-11,27.6,21.1,23.9,5.4,8.0,17.94,88,963.5,84,21.7,Abuja
2018-07-12,26.2,21.7,23.8,7.1,7.3,13.28,87,963.2,87,21.4,Abuja
2018-07-13,28.3,21.1,24.0,6.6,6.8,17.63,86,962.8,72,21.3,Abuja
2018-07-14,26.2,20.8,23.5,3.6,8.4,13.59,87,962.4,88,21.2,Abuja
2018-07-15,27.1,21.5,23.7,6.1,10.5,19.39,87,962.1,71,21.4,Abuja
2018-07-16,27.8,21.4,23.8,5.6,10.7,16.5,88,963.2,81,21.6,Abuja
2018-07-17,25.5,21.5,22.7,10.5,10.2,9.53,93,963.2,98,21.4,Abuja
2018-07-18,27.4,20.6,23.4,7.1,9.5,11.87,87,963.6,96,21.0,Abuja
2018-07-19,29.0,21.7,24.5,5.8,7.3,18.86,84,962.3,90,21.3,Abuja
2018-07-20,26.1,21.5,22.7,14.3,7.0,11.24,93,961.5,90,21.5,Abuja
2018-07-21,27.3,21.2,23.2,5.7,10.5,15.33,89,962.5,90,21.2,Abuja
2018-07-22,28.2,20.4,24.2,0.7,6.5,15.54,83,962.5,76,20.9,Abuja
2018-07-23,29.8,22.4,25.3,6.6,9.7,20.89,81,961.9,75,21.6,Abuja
2018-07-24,28.0,21.8,24.3,1.6,8.9,13.31,85,962.3,97,21.4,Abuja
2018-07-25,26.2,21.6,23.0,3.8,9.3,9.27,92,963.0,99,21.6,Abuja
2018-07-26,24.8,21.2,22.6,6.7,11.0,10.58,94,964.3,97,21.5,Abuja
2018-07-27,26.8,21.3,23.0,1.4,13.8,14.26,88,963.8,86,20.8,Abuja
2018-07-28,28.1,20.5,23.8,5.4,10.1,20.16,85,962.9,60,20.8,Abuja
2018-07-29,26.0,21.4,22.9,10.2,8.8,12.18,90,963.0,86,21.2,Abuja
2018-07-30,25.9,20.6,22.7,8.4,13.0,15.34,86,963.3,95,20.1,Abuja
2018-07-31,26.0,20.9,22.9,0.9,14.0,14.0,82,962.9,83,19.6,Abuja
2018-08-01,26.8,20.8,23.3,2.2,10.8,17.45,83,962.1,81,20.1,Abuja
2018-08-02,26.0,20.8,22.6,5.6,11.2,14.29,91,962.1,90,21.0,Abuja
2018-08-03,27.0,20.4,23.3,3.5,10.5,18.27,84,962.6,60,20.2,Abuja
2018-08-04,27.2,21.0,23.9,0.6,9.8,18.82,81,963.3,82,20.2,Abuja
2018-08-05,27.1,21.8,23.9,4.4,12.4,17.21,83,962.8,79,20.6,Abuja
2018-08-06,24.1,20.7,21.7,38.1,11.5,9.78,94,963.3,93,20.7,Abuja
2018-08-07,26.8,20.6,23.0,2.9,11.9,17.31,88,963.4,63,20.8,Abuja
2018-08-08,27.5,20.9,23.5,1.2,8.6,17.0,86,963.6,91,20.9,Abuja
2018-08-09,26.5,20.9,22.9,6.8,8.2,9.95,90,963.0,95,21.1,Abuja
2018-08-10,27.4,20.8,23.8,1.7,9.1,19.87,85,963.3,61,20.9,Abuja
2018-08-11,28.1,21.5,24.6,1.4,9.7,20.75,80,963.3,40,20.9,Abuja
2018-08-12,26.3,21.3,23.5,5.3,9.5,13.37,89,962.8,98,21.6,Abuja
2018-08-13,26.4,20.9,22.9,7.9,13.4,15.34,90,962.6,94,21.1,Abuja
2018-08-14,28.8,21.1,24.2,1.9,11.0,17.93,82,963.1,93,20.6,Abuja
2018-08-15,28.7,22.2,24.4,3.6,8.0,19.92,83,963.2,70,21.3,Abuja
2018-08-16,27.0,21.9,24.0,7.9,12.1,17.15,86,963.5,78,21.4,Abuja
2018-08-17,23.7,21.3,22.3,19.0,11.3,8.51,95,963.0,99,21.4,Abuja
2018-08-18,26.3,20.9,23.1,7.2,9.7,15.98,87,962.1,81,20.7,Abuja
2018-08-19,25.6,20.8,23.0,5.5,12.2,14.42,90,962.7,88,21.3,Abuja
2018-08-20,26.1,20.4,22.6,10.3,9.0,13.9,92,962.0,97,21.2,Abuja
2018-08-21,27.2,21.3,23.0,19.6,10.8,14.71,90,961.8,93,21.1,Abuja
2018-08-22,26.6,20.9,22.8,12.2,14.3,16.42,89,962.9,90,20.8,Abuja
2018-08-23,23.6,20.6,21.8,13.5,9.5,6.96,95,962.3,99,21.0,Abuja
2018-08-24,23.6,20.5,21.3,20.2,11.7,8.58,97,961.3,99,20.9,Abuja
2018-08-25,25.6,20.4,22.3,5.4,13.3,8.87,90,962.2,89,20.6,Abuja
2018-08-26,28.1,20.7,24.1,0.9,7.6,20.1,81,963.4,55,20.3,Abuja
2018-08-27,28.6,21.9,24.5,0.4,9.3,18.33,80,962.4,68,20.5,Abuja
2018-08-28,28.4,20.9,24.6,0.7,9.4,20.16,82,961.8,69,21.2,Abuja
2018-08-29,27.0,22.5,23.9,2.1,9.5,13.44,85,961.2,84,21.2,Abuja
2018-08-30,26.9,20.8,23.2,3.1,9.2,14.94,90,960.3,99,21.4,Abuja
2018-08-31,23.4,20.7,21.7,33.0,8.2,7.79,95,960.2,100,21.0,Abuja
2018-09-01,26.7,21.0,22.8,6.2,9.7,15.65,88,961.9,82,20.7,Abuja
2018-09-02,24.8,20.7,22.4,5.6,7.8,9.23,94,961.5,94,21.3,Abuja
2018-09-03,25.4,20.2,22.5,7.9,10.2,14.45,90,960.3,85,20.6,Abuja
2018-09-04,28.8,20.2,24.0,6.8,10.7,16.71,82,960.5,79,20.5,Abuja
2018-09-05,28.8,21.1,23.6,5.8,8.7,19.23,88,961.3,82,21.3,Abuja
2018-09-06,27.3,20.9,23.0,19.1,9.7,12.76,90,960.5,98,21.2,Abuja
2018-09-07,26.2,20.6,22.9,7.2,9.7,13.42,90,960.6,96,21.0,Abuja
2018-09-08,26.2,20.9,23.3,4.6,9.8,12.16,86,961.4,97,20.8,Abuja
2018-09-09,26.0,20.8,22.9,5.0,7.1,12.57,89,962.0,97,20.8,Abuja
2018-09-10,27.9,20.1,22.9,20.9,8.4,16.34,88,962.7,90,20.6,Abuja
2018-09-11,28.0,20.6,23.9,0.0,12.3,16.96,81,962.6,66,20.3,Abuja
2018-09-12,29.7,21.0,24.4,4.6,10.1,22.19,81,961.9,39,20.7,Abuja
2018-09-13,27.2,19.8,23.7,4.5,7.5,14.77,84,961.2,78,20.6,Abuja
2018-09-14,28.8,21.1,24.3,3.6,11.9,16.81,82,961.0,64,20.9,Abuja
2018-09-15,27.8,21.0,24.0,3.4,7.9,19.94,85,961.8,69,21.3,Abuja
2018-09-16,30.4,20.7,25.1,0.5,7.6,22.16,78,961.9,52,20.5,Abuja
2018-09-17,29.7,21.9,25.3,0.2,7.9,20.1,78,960.8,85,20.9,Abuja
2018-09-18,28.8,21.1,24.6,6.5,8.2,18.83,83,960.7,78,21.2,Abuja
2018-09-19,29.8,21.8,25.1,0.6,6.1,19.79,82,961.3,60,21.5,Abuja
2018-09-20,30.6,22.6,26.1,1.3,9.3,22.54,77,960.0,60,21.4,Abuja
2018-09-21,29.5,22.5,24.8,1.8,8.3,15.68,86,959.6,64,22.2,Abuja
2018-09-22,29.2,21.3,24.6,3.2,8.2,18.61,84,960.3,81,21.5,Abuja
2018-09-23,29.1,21.9,24.5,0.2,8.2,16.89,83,961.1,73,21.2,Abuja
2018-09-24,29.6,20.9,24.9,0.1,6.7,19.64,79,960.9,86,20.9,Abuja
2018-09-25,28.0,21.5,23.8,5.5,11.5,14.5,89,960.9,88,21.8,Abuja
2018-09-26,29.0,21.4,24.8,0.0,7.9,19.39,83,960.8,89,21.5,Abuja
2018-09-27,29.8,21.3,24.8,2.8,8.8,18.42,82,960.2,79,21.3,Abuja
2018-09-28,27.9,21.6,24.0,2.0,9.4,14.05,86,960.6,88,21.4,Abuja
2018-09-29,28.3,21.7,24.5,3.1,7.0,14.08,86,960.6,94,21.8,Abuja
2018-09-30,31.1,21.4,25.7,13.8,7.9,22.76,81,960.3,76,21.8,Abuja
2018-10-01,28.7,21.4,24.0,5.1,9.7,11.22,87,960.4,95,21.5,Abuja
2018-10-02,27.2,21.2,23.6,7.1,9.0,13.89,86,961.3,84,21.2,Abuja
2018-10-03,29.7,21.7,25.3,2.7,6.8,20.41,81,960.8,39,21.6,Abuja
2018-10-04,28.4,21.6,24.0,17.9,8.9,18.98,88,960.8,79,21.7,Abuja
2018-10-05,26.5,21.0,23.2,5.3,8.4,13.09,91,961.4,87,21.5,Abuja
2018-10-06,29.9,20.9,24.9,0.0,9.0,17.71,79,962.2,76,20.7,Abuja
2018-10-07,31.5,22.1,25.4,6.3,9.7,20.48,83,961.0,72,22.1,Abuja
2018-10-08,29.2,22.0,24.8,6.4,9.4,17.47,85,960.5,86,21.9,Abuja
2018-10-09,29.2,21.3,24.6,3.1,9.5,13.83,85,960.2,71,21.8,Abuja
2018-10-10,27.1,21.2,23.8,3.6,8.0,13.19,91,960.6,94,22.2,Abuja
2018-10-11,28.9,20.8,24.0,4.4,6.6,16.17,87,961.4,68,21.6,Abuja
2018-10-12,30.2,21.3,25.0,2.0,9.2,19.59,84,961.3,43,21.9,Abuja
2018-10-13,27.9,21.1,23.9,0.9,7.7,13.05,86,961.4,86,21.3,Abuja
2018-10-14,29.3,22.3,24.7,6.9,9.1,17.96,84,960.7,79,21.8,Abuja
2018-10-15,29.4,21.2,24.7,2.3,7.5,18.33,82,961.6,78,21.1,Abuja
2018-10-16,29.7,22.2,25.7,0.4,8.2,19.95,79,961.9,89,21.5,Abuja
2018-10-17,28.9,21.6,25.3,0.1,7.4,18.18,81,961.1,51,21.6,Abuja
2018-10-18,30.6,22.3,25.8,0.1,6.1,20.51,76,960.1,58,21.0,Abuja
2018-10-19,31.5,21.3,25.8,0.0,8.7,21.46,77,959.4,30,21.0,Abuja
2018-10-20,32.2,21.0,26.1,0.0,9.1,23.57,73,958.7,8,20.1,Abuja
2018-10-21,32.0,22.7,26.9,0.4,10.1,21.63,68,958.7,11,20.1,Abuja
2018-10-22,31.0,21.9,26.2,0.3,8.4,20.13,80,959.4,84,22.2,Abuja
2018-10-23,31.9,22.2,26.5,0.2,7.8,21.33,78,960.2,93,22.1,Abuja
2018-10-24,29.5,21.5,25.2,1.6,16.5,14.32,82,960.7,90,21.6,Abuja
2018-10-25,29.1,22.1,25.5,0.6,8.0,18.25,80,960.8,95,21.7,Abuja
2018-10-26,31.1,21.5,25.4,1.9,6.6,21.22,80,961.1,36,21.4,Abuja
2018-10-27,29.5,21.7,25.1,0.2,6.0,15.61,84,961.8,96,22.1,Abuja
2018-10-28,32.2,23.2,26.3,17.2,13.3,20.17,81,961.1,71,22.4,Abuja
2018-10-29,29.6,21.6,24.7,1.7,15.0,14.86,84,961.6,93,21.6,Abuja
2018-10-30,33.9,22.4,27.5,0.0,10.7,21.65,67,959.9,28,19.8,Abuja
2018-10-31,31.7,21.9,26.2,0.2,11.0,20.14,73,959.2,43,20.6,Abuja
2018-11-01,32.5,21.2,26.4,0.0,6.2,22.96,64,959.1,33,18.5,Abuja
2018-11-02,30.1,22.2,25.5,0.0,9.4,18.17,77,960.1,92,20.9,Abuja
2018-11-03,30.8,21.8,25.8,0.0,6.7,18.27,74,959.7,85,20.4,Abuja
2018-11-04,31.9,21.8,26.2,0.0,8.8,20.95,76,959.8,73,21.0,Abuja
2018-11-05,31.7,22.9,26.1,0.1,14.6,20.44,76,959.4,75,21.2,Abuja
2018-11-06,32.6,21.8,26.4,0.0,9.3,20.55,68,959.4,87,19.4,Abuja
2018-11-07,31.2,22.6,26.1,0.1,8.1,19.63,75,960.9,78,20.9,Abuja
2018-11-08,33.8,22.1,27.1,0.0,8.4,21.89,65,961.3,35,18.6,Abuja
2018-11-09,32.4,21.9,26.7,0.0,8.9,22.32,61,960.5,69,17.9,Abuja
2018-11-10,33.2,21.7,26.5,0.0,6.5,20.96,59,959.6,81,16.5,Abuja
2018-11-11,33.4,21.6,26.9,0.0,8.2,22.41,50,959.1,45,14.6,Abuja
2018-11-12,33.3,21.7,26.8,0.0,9.8,22.53,49,958.6,22,14.1,Abuja
2018-11-13,34.4,21.3,27.3,0.0,11.3,22.2,47,958.4,31,13.5,Abuja
2018-11-14,34.6,22.6,27.6,0.0,15.1,22.1,40,958.3,88,11.4,Abuja
2018-11-15,32.3,21.6,26.3,0.0,11.0,21.6,48,959.4,68,13.9,Abuja
2018-11-16,32.5,20.6,26.5,0.0,9.7,21.83,49,960.7,34,14.2,Abuja
2018-11-17,31.7,21.9,26.6,0.0,6.5,20.38,58,961.1,43,17.0,Abuja
2018-11-18,32.3,21.9,26.8,0.0,6.2,18.84,57,960.5,61,17.0,Abuja
2018-11-19,33.7,21.8,27.4,0.0,13.0,19.88,45,959.6,65,13.6,Abuja
2018-11-20,34.9,21.6,27.7,0.0,13.8,21.75,45,960.3,26,13.0,Abuja
2018-11-21,33.6,20.0,26.4,0.0,10.2,21.78,47,960.2,59,13.1,Abuja
2018-11-22,33.0,21.4,26.5,0.0,6.6,20.67,57,960.2,72,16.5,Abuja
2018-11-23,32.9,22.1,26.3,0.0,11.7,19.21,55,959.9,87,15.9,Abuja
2018-11-24,34.4,22.6,27.8,0.0,16.9,21.79,29,960.0,27,7.2,Abuja
2018-11-25,35.1,22.6,27.9,0.0,17.1,21.91,28,959.7,0,6.8,Abuja
2018-11-26,32.9,18.9,25.8,0.0,9.2,21.59,44,959.4,9,11.9,Abuja
2018-11-27,33.0,20.9,26.2,0.0,9.3,20.99,53,959.5,44,15.1,Abuja
2018-11-28,33.5,22.6,27.3,0.0,16.2,21.44,32,958.9,2,8.3,Abuja
2018-11-29,34.6,23.6,27.9,0.0,19.5,21.32,29,958.3,6,7.5,Abuja
2018-11-30,33.9,22.6,27.3,0.0,15.5,21.16,32,958.5,59,8.4,Abuja
2018-12-01,33.0,22.1,26.9,0.0,15.3,20.85,35,959.4,89,9.7,Abuja
2018-12-02,32.6,19.4,25.9,0.0,11.0,18.09,50,959.3,59,13.9,Abuja
2018-12-03,32.9,23.9,27.7,0.0,14.1,20.16,37,958.9,41,11.7,Abuja
2018-12-04,33.8,22.5,27.3,0.0,17.3,20.7,31,958.5,60,7.9,Abuja
2018-12-05,34.3,22.7,27.7,0.0,18.4,20.83,25,958.5,1,5.3,Abuja
2018-12-06,34.4,22.6,27.5,0.0,19.4,20.85,26,959.3,2,5.7,Abuja
2018-12-07,33.2,22.0,27.0,0.0,17.8,20.66,29,960.2,70,6.8,Abuja
2018-12-08,32.3,20.3,26.2,0.0,13.9,20.45,38,961.5,76,10.0,Abuja
2018-12-09,32.5,21.0,26.5,0.0,14.3,19.68,41,962.7,64,11.8,Abuja
2018-12-10,33.4,22.2,27.2,0.0,14.8,19.7,34,962.7,38,9.4,Abuja
2018-12-11,32.8,22.4,27.0,0.0,14.3,20.41,37,962.2,66,10.1,Abuja
2018-12-12,32.8,21.5,26.6,0.0,13.5,20.47,35,962.1,38,9.2,Abuja
2018-12-13,33.5,21.2,26.9,0.0,15.0,20.41,34,962.5,0,9.4,Abuja
2018-12-14,34.8,22.5,27.8,0.0,15.3,20.69,29,962.0,9,7.9,Abuja
2018-12-15,34.7,21.2,27.3,0.0,12.2,20.66,34,962.3,2,9.0,Abuja
2018-12-16,34.2,21.3,27.2,0.0,13.8,20.86,29,962.0,0,7.1,Abuja
2018-12-17,33.3,22.2,26.9,0.0,17.3,20.64,24,962.3,9,4.5,Abuja
2018-12-18,34.2,21.0,26.7,0.0,17.0,20.37,24,961.8,76,4.1,Abuja
2018-12-19,33.6,19.4,26.3,0.0,15.0,20.62,27,961.5,4,5.4,Abuja
2018-12-20,33.1,18.9,25.9,0.0,14.6,20.45,31,961.1,39,6.6,Abuja
2018-12-21,32.9,20.2,26.1,0.0,16.0,20.49,28,960.9,21,5.4,Abuja
2018-12-22,32.0,18.8,25.3,0.0,16.3,20.48,31,960.0,2,6.7,Abuja
2018-12-23,32.2,20.0,25.8,0.0,16.8,20.36,29,959.8,0,6.1,Abuja
2018-12-24,32.4,20.4,25.7,0.0,13.6,20.42,32,959.9,0,6.7,Abuja
2018-12-25,32.5,20.0,25.8,0.0,14.9,20.29,28,960.1,2,5.5,Abuja
2018-12-26,32.5,20.5,26.1,0.0,15.6,20.07,29,960.6,55,6.2,Abuja
2018-12-27,33.2,21.4,26.7,0.0,15.6,19.7,28,960.4,57,6.1,Abuja
2018-12-28,33.7,21.4,27.0,0.0,14.0,19.79,27,960.3,75,6.1,Abuja
2018-12-29,34.3,21.0,27.1,0.0,15.7,20.15,27,960.0,2,5.7,Abuja
2018-12-30,35.1,20.2,27.3,0.0,16.1,19.98,28,960.2,17,6.6,Abuja
2018-12-31,34.4,21.3,27.3,0.0,15.3,19.95,28,961.1,10,6.6,Abuja
2019-01-01,34.4,22.0,27.4,0.0,19.9,20.16,22,962.5,20,3.4,Abuja
2019-01-02,33.9,19.7,26.3,0.0,17.3,19.9,25,962.1,86,3.9,Abuja
2019-01-03,33.3,20.1,26.1,0.0,14.9,19.99,26,961.2,87,4.5,Abuja
2019-01-04,34.1,21.1,27.1,0.0,15.2,19.89,29,961.1,14,6.9,Abuja
2019-01-05,34.7,21.9,27.4,0.0,17.0,19.97,25,961.5,11,5.1,Abuja
2019-01-06,34.2,20.9,26.7,0.0,18.2,19.96,23,961.5,44,3.3,Abuja
2019-01-07,33.0,19.8,25.9,0.0,16.3,20.07,22,961.3,40,2.4,Abuja
2019-01-08,32.9,20.5,25.9,0.0,14.3,19.28,26,960.6,70,4.0,Abuja
2019-01-09,33.2,19.4,25.9,0.0,11.8,20.13,26,959.9,16,4.3,Abuja
2019-01-10,33.1,20.8,26.6,0.0,12.4,20.17,25,960.0,0,3.7,Abuja
2019-01-11,35.2,22.4,28.2,0.0,13.4,20.02,22,959.8,16,3.6,Abuja
2019-01-12,36.1,21.6,28.7,0.0,14.1,20.18,20,959.2,62,2.5,Abuja
2019-01-13,34.5,23.1,28.3,0.0,14.8,20.16,25,960.2,19,5.5,Abuja
2019-01-14,32.8,20.7,27.3,0.0,15.4,19.61,33,961.2,32,8.7,Abuja
2019-01-15,33.0,21.8,27.3,0.0,10.5,19.65,40,961.1,17,12.4,Abuja
2019-01-16,34.0,22.7,28.0,0.0,12.8,19.81,30,960.7,54,8.5,Abuja
2019-01-17,35.9,22.3,28.1,0.0,13.3,20.3,26,960.3,52,5.6,Abuja
2019-01-18,35.2,20.5,27.7,0.0,10.9,20.57,21,960.3,63,2.7,Abuja
2019-01-19,34.1,20.8,27.4,0.0,8.6,20.15,35,961.1,49,9.8,Abuja
2019-01-20,33.3,23.7,27.9,0.0,12.8,19.34,38,961.6,31,12.1,Abuja
2019-01-21,33.8,22.4,27.8,0.0,9.4,19.14,43,961.2,44,13.7,Abuja
2019-01-22,34.8,21.9,28.3,0.0,7.2,19.21,45,960.3,52,14.2,Abuja
2019-01-23,33.9,22.5,28.2,0.0,10.3,20.12,43,960.3,44,13.4,Abuja
2019-01-24,34.9,21.4,27.7,0.0,10.9,20.38,40,959.8,41,10.9,Abuja
2019-01-25,35.7,21.6,28.2,0.0,11.6,20.6,38,960.3,34,10.3,Abuja
2019-01-26,36.6,23.6,29.5,0.0,15.1,20.73,23,960.3,30,5.1,Abuja
2019-01-27,35.0,21.4,28.2,0.0,13.4,20.43,29,960.1,61,7.7,Abuja
2019-01-28,32.2,22.0,26.9,0.0,10.8,16.91,38,960.0,89,10.8,Abuja
2019-01-29,33.2,22.6,27.7,0.0,13.3,16.83,53,960.1,84,16.3,Abuja
2019-01-30,33.4,22.6,27.8,0.1,6.5,18.36,61,960.1,54,18.9,Abuja
2019-01-31,33.6,22.9,28.2,0.2,8.1,18.68,57,960.3,31,18.1,Abuja
2019-02-01,36.0,23.4,29.4,0.0,11.1,20.43,43,959.8,72,14.2,Abuja
2019-02-02,33.3,22.4,27.9,0.0,11.8,18.38,41,959.5,96,12.5,Abuja
2019-02-03,32.3,23.9,27.2,4.1,11.5,17.71,65,959.4,56,19.9,Abuja
2019-02-04,35.4,22.0,28.9,0.0,12.0,21.22,34,959.1,29,10.7,Abuja
2019-02-05,33.9,20.8,27.0,0.0,11.0,20.7,48,960.3,70,14.1,Abuja
2019-02-06,33.4,22.1,27.7,0.0,12.5,20.43,43,959.8,71,13.4,Abuja
2019-02-07,34.0,21.4,27.6,0.0,14.5,21.72,25,958.8,37,5.3,Abuja
2019-02-08,33.7,20.6,27.2,0.0,15.2,21.77,23,959.2,41,3.6,Abuja
2019-02-09,35.6,21.7,28.3,0.0,18.1,21.99,18,959.2,19,1.7,Abuja
2019-02-10,35.8,22.2,28.4,0.0,19.2,22.13,18,959.2,20,1.3,Abuja
2019-02-11,35.6,21.7,28.1,0.0,19.2,22.17,18,959.1,25,1.3,Abuja
2019-02-12,34.7,20.6,27.8,0.0,17.7,21.71,20,959.6,66,2.0,Abuja
2019-02-13,35.7,23.1,28.9,0.0,16.3,21.95,19,960.5,71,2.5,Abuja
2019-02-14,35.0,22.6,28.4,0.0,18.4,22.59,15,961.8,39,-0.5,Abuja
2019-02-15,35.3,21.5,28.1,0.0,18.2,22.6,15,962.3,23,-1.0,Abuja
2019-02-16,35.2,21.0,27.9,0.0,17.5,22.61,18,961.4,37,0.6,Abuja
2019-02-17,35.1,20.5,27.6,0.0,14.7,22.59,21,961.1,11,2.2,Abuja
2019-02-18,35.4,21.8,28.7,0.0,16.3,22.6,20,960.0,25,2.5,Abuja
2019-02-19,36.2,22.8,29.1,0.0,15.9,22.47,21,958.4,24,3.7,Abuja
2019-02-20,36.3,21.8,29.1,0.0,10.2,22.3,25,958.9,81,6.3,Abuja
2019-02-21,35.8,23.7,29.6,0.0,13.7,22.13,29,960.4,48,9.5,Abuja
2019-02-22,34.9,23.4,28.8,0.0,13.1,20.83,45,960.5,65,15.0,Abuja
2019-02-23,32.6,24.0,28.1,0.1,12.0,17.48,65,959.9,90,20.5,Abuja
2019-02-24,30.4,23.8,26.4,1.2,9.8,14.91,75,958.5,82,21.5,Abuja
2019-02-25,31.7,23.1,26.3,4.5,13.4,17.82,76,958.6,77,21.3,Abuja
2019-02-26,27.8,21.8,23.7,10.6,12.4,8.11,84,960.6,100,20.8,Abuja
2019-02-27,30.5,21.2,25.2,1.2,12.5,14.94,70,960.7,94,18.9,Abuja
2019-02-28,31.1,22.8,26.5,0.1,10.3,19.7,67,960.9,63,19.6,Abuja
2019-03-01,28.4,21.6,24.7,24.1,10.9,8.54,83,962.1,95,21.4,Abuja
2019-03-02,32.4,23.3,27.2,0.7,10.7,18.37,64,961.5,60,19.4,Abuja
2019-03-03,34.6,22.6,28.3,0.0,8.2,22.47,47,960.9,59,13.9,Abuja
2019-03-04,33.1,22.7,27.7,0.0,9.6,21.07,57,960.6,74,17.9,Abuja
2019-03-05,33.5,22.9,27.9,0.0,8.4,18.53,66,960.7,64,20.4,Abuja
2019-03-06,34.7,23.7,28.5,0.0,10.4,19.19,58,961.1,68,18.2,Abuja
2019-03-07,33.0,23.2,27.7,0.1,11.2,18.88,69,961.1,78,21.0,Abuja
2019-03-08,34.9,24.1,28.7,0.0,6.8,20.61,54,959.6,94,17.6,Abuja
2019-03-09,33.9,23.7,28.6,0.0,7.0,21.25,57,959.9,49,18.7,Abuja
2019-03-10,33.2,23.8,28.6,0.0,8.9,18.35,58,960.9,83,19.4,Abuja
2019-03-11,35.0,24.0,29.1,0.0,11.9,20.73,57,960.3,61,19.0,Abuja
2019-03-12,33.1,24.1,28.6,0.0,8.2,20.7,58,959.8,64,19.1,Abuja
2019-03-13,34.8,25.1,29.1,0.5,17.3,20.79,59,959.0,60,19.8,Abuja
2019-03-14,36.2,23.9,29.5,0.0,8.1,21.4,54,958.2,72,18.2,Abuja
2019-03-15,35.6,25.1,29.9,0.0,8.7,21.84,48,958.8,93,16.8,Abuja
2019-03-16,35.4,25.1,29.9,0.0,13.4,21.46,42,959.6,95,14.5,Abuja
2019-03-17,36.8,23.3,30.1,0.0,11.3,22.4,27,959.2,83,7.4,Abuja
2019-03-18,36.9,23.3,29.7,0.0,9.5,22.68,40,958.7,28,12.1,Abuja
2019-03-19,36.9,23.8,30.0,0.0,7.9,22.76,37,957.9,45,12.7,Abuja
2019-03-20,34.8,23.9,29.2,0.0,10.5,20.67,57,957.9,91,18.9,Abuja
2019-03-21,34.6,24.8,28.6,0.8,12.7,16.35,67,957.7,77,21.5,Abuja
2019-03-22,34.0,23.3,27.8,0.5,10.4,19.97,72,958.1,73,21.9,Abuja
2019-03-23,34.7,24.2,28.4,0.1,11.3,17.08,66,959.0,82,20.8,Abuja
2019-03-24,32.9,23.8,28.2,0.0,13.2,18.2,64,959.1,93,20.4,Abuja
2019-03-25,32.9,24.3,28.0,0.0,9.0,17.88,68,960.1,42,21.2,Abuja
2019-03-26,34.8,24.0,29.1,0.1,9.3,19.93,56,960.3,33,18.7,Abuja
2019-03-27,36.6,25.1,30.2,0.0,9.7,23.03,45,960.8,30,15.4,Abuja
2019-03-28,37.8,24.9,31.2,0.0,12.6,23.9,31,960.1,53,9.8,Abuja
2019-03-29,37.0,25.3,30.8,0.0,9.4,22.07,49,959.9,48,17.8,Abuja
2019-03-30,33.9,25.6,29.5,0.4,11.1,17.55,63,959.5,53,21.5,Abuja
2019-03-31,37.1,24.5,30.5,0.0,9.0,22.66,52,958.9,15,18.3,Abuja
2019-04-01,38.4,25.3,31.1,0.0,9.1,22.77,48,958.2,59,17.2,Abuja
2019-04-02,37.0,25.7,30.8,0.0,10.8,22.22,43,958.0,78,15.9,Abuja
2019-04-03,37.2,24.4,30.3,0.0,8.6,22.11,52,958.0,79,18.1,Abuja
2019-04-04,37.5,26.0,31.1,0.0,11.1,22.09,45,957.1,23,16.8,Abuja
2019-04-05,34.2,24.5,29.3,0.0,14.2,21.95,60,958.1,79,20.2,Abuja
2019-04-06,33.7,24.7,29.1,0.0,14.8,18.35,62,959.1,97,20.8,Abuja
2019-04-07,33.2,24.6,28.0,0.8,11.7,16.22,71,960.3,78,21.9,Abuja
2019-04-08,32.0,24.2,27.8,0.7,11.5,18.14,71,959.7,56,21.7,Abuja
2019-04-09,32.8,23.9,28.1,0.0,10.2,19.61,69,959.6,70,21.6,Abuja
2019-04-10,32.8,25.4,28.4,0.1,11.5,21.28,70,958.9,44,22.2,Abuja
2019-04-11,30.8,23.8,27.1,0.8,9.8,10.69,77,958.6,99,22.4,Abuja
2019-04-12,33.0,24.0,28.4,0.0,8.6,21.08,67,958.0,76,21.2,Abuja
2019-04-13,30.9,24.4,26.8,4.9,13.9,17.52,75,959.7,99,21.9,Abuja
2019-04-14,31.5,24.0,26.8,0.0,10.6,12.15,72,960.9,98,21.0,Abuja
2019-04-15,33.8,23.2,27.8,0.0,13.4,22.17,65,960.4,54,20.0,Abuja
2019-04-16,32.3,24.6,28.1,0.0,9.5,21.39,64,961.1,82,20.5,Abuja
2019-04-17,36.3,24.5,29.9,0.0,9.1,22.86,56,959.1,66,18.6,Abuja
2019-04-18,35.6,25.0,29.6,0.0,9.8,20.91,62,959.0,98,20.6,Abuja
2019-04-19,34.2,24.1,28.8,0.0,7.3,21.98,61,959.7,82,19.9,Abuja
2019-04-20,33.8,24.5,29.0,0.0,10.9,19.77,58,959.9,96,19.5,Abuja
2019-04-21,34.9,24.2,29.4,0.0,11.0,22.42,58,958.9,63,19.4,Abuja
2019-04-22,31.5,24.9,27.6,1.7,12.3,18.44,73,959.1,84,22.2,Abuja
2019-04-23,30.3,23.3,26.4,5.3,21.3,14.98,77,959.8,92,21.7,Abuja
2019-04-24,32.1,23.1,26.6,0.3,8.7,18.27,78,960.9,95,22.0,Abuja
2019-04-25,31.9,24.7,27.6,1.4,7.8,18.1,75,961.3,89,22.7,Abuja
2019-04-26,33.1,23.9,28.1,0.0,8.9,19.85,70,959.9,99,21.8,Abuja
2019-04-27,33.4,23.5,28.2,0.1,9.5,20.15,67,959.1,90,20.9,Abuja
2019-04-28,33.9,24.0,28.9,0.0,8.0,22.91,62,959.3,21,20.5,Abuja
2019-04-29,33.5,24.1,28.5,0.2,14.3,20.62,69,959.8,42,21.8,Abuja
2019-04-30,33.0,24.8,28.2,1.0,12.1,17.84,73,960.8,74,22.6,Abuja
2019-05-01,32.1,24.8,28.3,2.2,10.5,19.62,72,960.5,70,22.6,Abuja
2019-05-02,33.6,23.3,27.4,0.1,12.0,18.38,75,959.9,75,22.1,Abuja
2019-05-03,28.8,23.8,25.8,10.3,9.0,15.32,85,960.4,96,22.9,Abuja
2019-05-04,30.1,22.1,25.8,23.1,15.5,14.95,84,959.5,93,22.8,Abuja
2019-05-05,32.7,23.3,27.7,0.0,8.8,20.08,77,959.6,100,22.8,Abuja
2019-05-06,33.8,24.5,28.2,1.7,9.0,20.42,73,960.6,74,22.5,Abuja
2019-05-07,32.0,24.3,28.0,0.2,10.7,15.93,72,960.8,83,22.2,Abuja
2019-05-08,33.2,24.2,28.2,0.4,10.8,19.39,72,959.8,80,22.5,Abuja
2019-05-09,31.6,22.9,26.6,4.2,10.8,20.54,79,958.8,75,22.4,Abuja
2019-05-10,30.5,24.1,26.8,2.1,8.2,16.65,82,958.7,78,23.4,Abuja
2019-05-11,31.1,22.6,25.7,2.2,9.6,18.26,85,959.8,90,22.7,Abuja
2019-05-12,30.6,23.3,26.9,0.2,5.1,20.92,79,959.8,67,22.8,Abuja
2019-05-13,28.6,23.5,25.9,1.5,7.6,14.11,84,959.5,77,22.8,Abuja
2019-05-14,31.7,24.0,27.3,0.1,6.2,21.22,75,959.3,76,22.2,Abuja
2019-05-15,29.8,23.5,25.7,17.7,10.1,15.92,83,960.6,87,22.6,Abuja
2019-05-16,27.9,23.2,24.8,6.0,10.5,10.88,90,961.6,100,22.9,Abuja
2019-05-17,28.4,22.7,25.2,2.1,10.2,9.96,84,961.4,76,22.1,Abuja
2019-05-18,30.6,23.1,26.9,0.2,8.8,19.21,76,960.0,67,22.2,Abuja
2019-05-19,30.9,24.2,26.9,0.0,11.2,20.03,76,960.4,95,22.3,Abuja
2019-05-20,29.5,22.5,25.5,10.9,10.6,17.97,83,960.9,88,22.4,Abuja
2019-05-21,27.5,21.8,23.9,6.5,10.8,9.68,87,961.5,87,21.5,Abuja
2019-05-22,29.9,22.1,25.7,0.1,8.3,19.58,78,961.0,58,21.3,Abuja
2019-05-23,32.5,23.4,27.3,0.2,6.5,22.9,74,960.1,61,22.0,Abuja
2019-05-24,28.7,23.3,25.8,5.8,8.4,13.81,83,960.3,85,22.7,Abuja
2019-05-25,29.3,22.6,25.7,2.4,8.9,16.98,83,960.7,88,22.3,Abuja
2019-05-26,29.3,22.7,25.4,1.3,10.3,15.74,86,960.7,97,22.7,Abuja
2019-05-27,30.4,22.7,25.8,0.0,10.5,16.38,79,960.4,65,21.6,Abuja
2019-05-28,30.3,23.3,26.6,0.0,9.9,21.65,72,960.1,30,20.9,Abuja
2019-05-29,27.9,23.3,24.8,6.7,12.0,12.01,86,959.9,92,22.3,Abuja
2019-05-30,29.2,21.9,24.7,7.9,7.6,17.35,83,961.1,81,21.4,Abuja
2019-05-31,28.3,22.3,24.7,6.4,9.5,14.26,85,960.7,71,21.9,Abuja
2019-06-01,27.9,22.1,24.2,4.3,9.8,15.64,87,960.8,96,21.9,Abuja
2019-06-02,28.8,21.8,24.7,4.0,7.7,17.99,86,961.4,87,22.2,Abuja
2019-06-03,28.7,22.9,25.1,1.4,6.5,12.91,87,962.2,89,22.6,Abuja
2019-06-04,28.3,22.9,25.6,5.2,9.7,16.26,85,961.5,75,22.8,Abuja
2019-06-05,27.0,22.0,23.9,18.7,12.3,11.92,91,960.9,98,22.2,Abuja
2019-06-06,23.3,21.6,22.3,17.1,9.0,5.08,96,961.3,100,21.6,Abuja
2019-06-07,28.0,21.6,23.9,2.0,10.9,15.48,87,961.9,94,21.4,Abuja
2019-06-08,27.1,22.0,23.8,7.1,9.6,12.36,89,963.0,95,21.8,Abuja
2019-06-09,27.6,21.5,24.0,7.0,9.7,16.3,87,962.9,81,21.6,Abuja
2019-06-10,28.6,22.3,24.8,1.2,8.4,19.58,86,961.9,49,22.2,Abuja
2019-06-11,28.2,22.5,25.0,1.9,10.7,14.48,84,962.1,77,22.0,Abuja
2019-06-12,26.5,22.3,24.3,3.0,8.4,14.14,88,962.6,75,22.1,Abuja
2019-06-13,28.5,22.2,24.5,8.3,7.9,17.08,87,962.8,53,22.1,Abuja
2019-06-14,27.8,22.3,24.7,0.2,7.3,13.56,85,962.9,92,21.9,Abuja
2019-06-15,30.1,21.7,25.6,0.6,7.6,18.99,78,962.9,72,21.1,Abuja
2019-06-16,29.2,22.4,25.0,7.8,8.7,15.94,85,963.2,70,22.2,Abuja
2019-06-17,29.8,22.6,25.8,0.7,9.4,18.73,81,962.9,40,22.2,Abuja
2019-06-18,30.9,22.2,26.3,0.3,6.9,18.12,78,963.5,54,21.8,Abuja
2019-06-19,30.5,24.0,26.5,3.6,8.9,20.02,79,962.7,76,22.4,Abuja
2019-06-20,29.1,22.4,25.7,2.7,9.3,18.09,83,962.8,83,22.4,Abuja
2019-06-21,28.1,22.4,25.0,2.9,9.7,13.57,84,963.9,91,21.9,Abuja
2019-06-22,28.5,22.2,25.1,3.6,10.8,14.31,84,962.8,74,22.1,Abuja
2019-06-23,29.7,22.0,25.4,1.5,9.7,13.68,81,961.9,82,21.7,Abuja
2019-06-24,26.9,22.3,24.4,2.3,11.1,11.15,87,961.7,95,22.0,Abuja
2019-06-25,27.5,22.1,24.4,1.9,9.5,14.08,84,962.2,82,21.3,Abuja
2019-06-26,27.4,21.9,23.3,1.5,8.7,12.01,88,963.1,86,21.1,Abuja
2019-06-27,27.6,21.5,24.1,0.9,9.7,16.3,84,962.9,86,21.1,Abuja
2019-06-28,27.6,21.7,24.1,6.1,12.2,13.76,85,962.4,77,21.3,Abuja
2019-06-29,28.5,21.7,25.1,0.8,7.7,17.91,80,962.4,46,21.1,Abuja
2019-06-30,29.7,22.9,25.3,4.0,8.0,20.12,81,962.9,55,21.8,Abuja
2019-07-01,27.4,22.2,24.3,2.5,10.5,12.21,89,961.9,91,22.3,Abuja
2019-07-02,27.1,21.6,24.3,6.2,8.6,11.26,87,960.5,97,21.8,Abuja
2019-07-03,28.9,22.8,25.0,4.1,8.5,19.0,85,960.5,81,22.3,Abuja
2019-07-04,28.2,22.1,24.2,10.6,10.2,14.26,89,961.6,97,22.1,Abuja
2019-07-05,25.9,21.8,23.4,14.4,8.0,8.13,89,962.6,99,21.5,Abuja
2019-07-06,28.7,21.8,24.9,0.3,7.2,17.12,84,961.2,82,21.9,Abuja
2019-07-07,28.2,22.3,24.7,13.5,11.0,17.64,86,960.9,61,22.1,Abuja
2019-07-08,23.7,21.7,22.5,12.7,12.2,5.75,96,962.7,100,21.8,Abuja
2019-07-09,26.4,21.0,23.3,4.4,9.4,15.73,87,964.2,89,20.9,Abuja
2019-07-10,28.2,21.3,24.4,6.2,8.3,19.02,86,963.1,80,21.8,Abuja
2019-07-11,24.4,20.8,22.4,13.7,11.1,7.88,93,962.4,99,21.1,Abuja
2019-07-12,26.5,21.1,23.1,1.8,9.6,10.62,88,962.6,88,20.9,Abuja
2019-07-13,27.7,20.7,24.2,0.5,8.0,20.39,81,963.4,60,20.4,Abuja
2019-07-14,28.3,21.2,24.1,0.7,9.7,16.83,83,962.1,73,21.0,Abuja
2019-07-15,28.0,21.0,23.9,5.8,8.2,19.38,88,960.9,79,21.8,Abuja
2019-07-16,27.4,22.1,24.0,4.9,10.1,13.23,85,962.2,85,21.1,Abuja
2019-07-17,30.4,20.9,25.3,0.0,10.8,23.67,72,962.3,30,19.7,Abuja
2019-07-18,26.1,21.4,23.7,17.8,13.8,14.13,88,961.6,98,21.6,Abuja
2019-07-19,24.1,21.4,22.3,10.0,9.0,7.06,94,962.8,100,21.3,Abuja
2019-07-20,27.2,20.9,23.4,11.1,7.9,13.65,85,963.4,79,20.5,Abuja
2019-07-21,27.4,21.0,24.2,0.2,10.5,18.0,79,962.5,88,20.2,Abuja
2019-07-22,26.4,21.1,22.9,6.7,9.7,12.98,90,962.4,89,21.1,Abuja
2019-07-23,26.0,21.0,23.0,8.2,8.3,13.35,91,962.3,82,21.4,Abuja
2019-07-24,28.3,20.8,24.4,1.8,8.9,19.15,83,961.5,55,21.1,Abuja
2019-07-25,24.6,21.4,22.5,15.9,10.2,9.27,92,961.8,97,21.2,Abuja
2019-07-26,28.3,21.1,23.9,1.3,10.8,17.4,86,962.2,83,21.3,Abuja
2019-07-27,28.0,21.3,23.8,0.5,8.8,14.66,86,962.0,85,21.1,Abuja
2019-07-28,25.9,21.7,23.2,6.0,10.1,10.71,93,961.5,97,22.0,Abuja
2019-07-29,24.9,21.5,22.7,13.7,6.6,10.27,93,962.7,100,21.4,Abuja
2019-07-30,26.7,21.4,23.3,2.3,13.0,15.61,90,962.3,74,21.5,Abuja
2019-07-31,26.9,20.6,23.9,2.2,11.0,15.43,84,962.0,74,20.9,Abuja
2019-08-01,28.1,22.2,24.5,1.0,9.2,18.66,84,961.1,82,21.5,Abuja
2019-08-02,24.3,21.0,22.5,12.8,9.3,8.82,92,962.1,95,21.2,Abuja
2019-08-03,26.6,21.0,23.1,5.4,11.6,16.65,89,963.2,74,21.1,Abuja
2019-08-04,28.1,20.5,24.2,0.4,8.7,17.79,81,963.6,76,20.4,Abuja
2019-08-05,24.0,21.0,22.5,10.6,10.7,8.4,93,963.2,98,21.3,Abuja
2019-08-06,24.7,20.9,22.3,9.0,9.3,8.55,94,964.2,94,21.2,Abuja
2019-08-07,26.0,21.6,22.9,6.7,13.3,10.88,89,964.3,89,21.0,Abuja
2019-08-08,23.5,20.5,21.7,43.2,13.0,9.39,96,963.5,87,21.0,Abuja
2019-08-09,26.0,20.8,22.7,2.0,10.2,14.17,89,964.4,90,20.7,Abuja
2019-08-10,26.9,20.7,23.3,1.8,11.2,18.0,86,964.7,70,20.7,Abuja
2019-08-11,26.7,21.0,23.5,3.6,15.6,16.57,87,963.4,88,21.2,Abuja
2019-08-12,25.6,21.0,23.3,3.9,9.2,15.29,87,962.1,63,21.1,Abuja
2019-08-13,26.4,20.1,23.3,8.6,9.2,18.46,87,962.1,42,20.9,Abuja
2019-08-14,28.1,21.0,24.2,1.4,11.8,20.16,83,963.1,54,21.0,Abuja
2019-08-15,26.4,21.5,23.6,0.8,12.2,10.84,84,962.9,90,20.7,Abuja
2019-08-16,25.2,21.4,23.0,3.3,7.1,13.24,89,962.2,96,21.1,Abuja
2019-08-17,25.9,20.8,23.0,1.9,7.5,13.1,90,961.9,78,21.3,Abuja
2019-08-18,27.0,21.3,23.0,10.3,8.8,12.87,91,961.2,93,21.3,Abuja
2019-08-19,22.7,21.0,21.7,16.7,10.5,5.51,95,961.6,96,20.9,Abuja
2019-08-20,26.5,20.7,23.2,2.8,12.5,15.25,85,962.4,89,20.4,Abuja
2019-08-21,26.1,21.3,23.0,6.2,11.0,12.03,91,962.8,91,21.2,Abuja
2019-08-22,26.7,20.3,23.1,2.6,11.3,18.87,89,962.3,75,21.0,Abuja
2019-08-23,27.0,20.7,22.9,2.9,10.9,15.34,89,963.7,94,21.0,Abuja
2019-08-24,23.7,20.8,21.8,17.1,9.8,6.91,94,964.2,100,20.8,Abuja
2019-08-25,24.7,20.8,22.2,3.2,9.0,11.81,91,964.3,96,20.6,Abuja
2019-08-26,26.3,20.6,22.6,4.6,9.3,14.11,91,963.8,93,21.1,Abuja
2019-08-27,23.4,21.0,21.9,12.4,10.8,9.13,95,963.5,94,21.0,Abuja
2019-08-28,27.1,19.6,23.1,3.0,6.6,16.82,86,963.1,69,20.5,Abuja
2019-08-29,28.4,21.0,23.9,11.5,10.3,17.78,87,963.3,72,21.5,Abuja
2019-08-30,28.2,21.3,24.3,4.7,9.2,16.37,85,962.2,77,21.5,Abuja
2019-08-31,26.1,21.5,23.1,14.8,8.0,11.4,90,960.9,93,21.4,Abuja
2019-09-01,26.7,21.1,23.3,9.7,12.0,14.99,89,960.8,92,21.3,Abuja
2019-09-02,27.4,21.0,23.4,3.5,6.9,13.81,89,962.3,85,21.4,Abuja
2019-09-03,27.5,21.4,24.0,14.0,7.8,14.35,88,962.8,84,21.8,Abuja
2019-09-04,26.8,20.8,23.6,5.4,10.1,16.82,90,962.2,93,21.7,Abuja
2019-09-05,25.3,21.4,22.8,18.3,10.4,8.99,93,962.4,94,21.6,Abuja
2019-09-06,28.5,20.9,24.3,0.3,9.2,18.89,85,962.6,67,21.3,Abuja
2019-09-07,28.4,21.6,24.1,0.6,7.4,17.23,84,962.7,62,21.2,Abuja
2019-09-08,26.8,21.1,23.7,4.9,8.3,16.57,87,963.5,83,21.3,Abuja
2019-09-09,27.3,21.4,23.6,2.3,10.6,14.36,89,963.4,98,21.4,Abuja
2019-09-10,25.9,21.4,23.1,6.8,6.6,11.75,92,962.4,87,21.7,Abuja
2019-09-11,26.8,21.0,23.2,7.3,12.0,15.69,90,961.6,81,21.4,Abuja
2019-09-12,28.8,21.7,24.8,1.4,10.8,19.23,81,962.2,60,21.0,Abuja
2019-09-13,29.3,21.9,25.0,6.7,8.6,21.12,79,962.1,54,20.9,Abuja
2019-09-14,28.6,22.5,24.1,23.3,6.7,14.95,88,961.8,99,21.9,Abuja
2019-09-15,27.0,21.9,23.9,13.3,12.4,15.27,89,961.5,92,21.8,Abuja
2019-09-16,28.1,21.8,24.1,3.0,7.0,18.14,88,961.3,66,21.8,Abuja
2019-09-17,28.1,21.5,24.1,6.2,10.9,16.61,88,960.7,94,21.9,Abuja
2019-09-18,27.4,21.7,24.2,2.0,10.0,16.33,86,960.9,92,21.8,Abuja
2019-09-19,27.8,21.4,24.3,2.7,7.8,17.38,87,961.7,80,21.8,Abuja
2019-09-20,28.7,22.2,24.8,0.8,8.0,15.68,84,962.0,94,21.6,Abuja
2019-09-21,30.0,21.8,25.1,3.8,7.1,21.04,82,961.5,59,21.5,Abuja
2019-09-22,30.7,21.2,25.4,1.0,9.9,20.22,82,960.7,67,21.7,Abuja
2019-09-23,29.3,21.8,25.2,0.8,6.4,19.65,82,961.4,74,21.8,Abuja
2019-09-24,30.3,22.7,25.6,0.7,7.4,19.99,82,961.2,84,22.0,Abuja
2019-09-25,28.8,22.0,24.7,7.1,11.2,16.87,87,961.1,86,22.4,Abuja
2019-09-26,27.7,21.9,24.3,1.9,9.3,11.82,88,961.9,97,22.1,Abuja
2019-09-27,27.8,22.3,24.4,1.6,7.8,12.76,85,961.2,91,21.6,Abuja
2019-09-28,29.7,21.3,24.9,1.3,11.6,20.82,80,961.6,85,21.0,Abuja
2019-09-29,27.6,20.5,23.6,5.8,9.2,14.46,88,961.2,94,21.2,Abuja
2019-09-30,27.3,21.1,23.3,20.9,9.7,13.83,89,960.4,91,21.3,Abuja
2019-10-01,27.5,21.3,24.1,1.0,8.0,15.55,85,960.6,91,21.3,Abuja
2019-10-02,28.1,21.2,24.3,0.2,7.8,17.85,83,961.1,82,21.2,Abuja
2019-10-03,26.8,21.9,23.4,5.4,9.0,8.88,87,960.7,97,21.1,Abuja
2019-10-04,27.8,21.1,23.9,1.8,14.9,16.38,85,959.8,81,21.1,Abuja
2019-10-05,28.4,21.3,24.6,0.4,8.3,18.0,82,960.7,78,21.1,Abuja
2019-10-06,28.1,21.4,24.0,2.3,8.0,15.45,86,960.3,85,21.4,Abuja
2019-10-07,26.2,20.9,22.9,6.8,8.2,12.83,92,959.4,97,21.5,Abuja
2019-10-08,23.4,21.2,22.2,6.4,9.2,6.6,95,960.2,99,21.5,Abuja
2019-10-09,27.5,20.9,23.6,1.9,9.4,19.46,86,960.2,60,20.9,Abuja
2019-10-10,27.8,19.8,23.8,3.1,11.5,17.41,84,959.9,77,20.7,Abuja
2019-10-11,27.7,20.7,23.5,6.8,11.3,16.17,87,959.8,90,21.2,Abuja
2019-10-12,27.8,20.7,23.9,1.1,10.0,14.23,85,960.8,91,20.9,Abuja
2019-10-13,29.9,21.5,25.0,0.0,9.0,20.0,80,960.3,53,20.9,Abuja
2019-10-14,28.7,22.0,24.9,5.0,10.0,17.1,84,959.9,61,21.9,Abuja
2019-10-15,27.2,21.6,23.6,9.3,8.7,13.19,92,960.7,92,22.3,Abuja
2019-10-16,26.8,21.2,23.2,9.7,13.7,13.24,90,961.5,96,21.4,Abuja
2019-10-17,28.5,20.8,23.8,18.6,8.5,16.49,87,961.1,80,21.5,Abuja
2019-10-18,25.8,20.8,23.0,3.9,10.4,12.37,90,960.5,94,21.2,Abuja
2019-10-19,27.2,21.1,23.1,8.7,11.8,12.51,89,960.8,86,21.1,Abuja
2019-10-20,27.4,20.3,23.7,1.6,9.3,16.29,87,961.9,81,21.2,Abuja
2019-10-21,29.0,21.3,24.8,4.3,8.4,18.21,82,961.1,89,21.4,Abuja
2019-10-22,31.2,22.0,25.5,1.5,8.4,21.09,83,959.4,78,22.2,Abuja
2019-10-23,29.5,21.8,24.5,10.6,10.6,19.11,86,959.0,84,21.8,Abuja
2019-10-24,27.5,21.7,23.4,5.0,8.7,10.66,93,960.2,100,22.3,Abuja
2019-10-25,28.3,21.2,23.9,9.5,9.4,14.41,89,960.4,94,21.8,Abuja
2019-10-26,25.7,21.8,23.5,3.9,10.7,11.09,92,961.0,96,22.0,Abuja
2019-10-27,26.2,21.3,23.3,22.7,9.4,12.67,91,961.1,94,21.6,Abuja
2019-10-28,24.1,20.7,22.1,13.3,14.6,8.06,88,960.5,96,20.0,Abuja
2019-10-29,26.9,21.0,23.3,1.4,9.7,15.13,88,960.1,77,21.0,Abuja
2019-10-30,30.3,21.8,25.5,0.5,9.5,20.48,78,960.2,59,21.1,Abuja
2019-10-31,30.0,21.2,25.1,0.6,8.1,17.65,81,961.2,90,21.3,Abuja
2019-11-01,30.9,20.6,25.2,0.0,7.5,21.6,76,960.1,34,20.2,Abuja
2019-11-02,29.9,21.8,25.3,0.0,7.9,19.57,74,959.6,92,20.1,Abuja
2019-11-03,28.7,21.6,24.6,11.0,6.8,17.09,87,961.4,79,22.1,Abuja
2019-11-04,32.5,21.7,25.9,0.0,9.7,22.87,72,961.0,25,19.6,Abuja
2019-11-05,31.7,22.7,26.2,0.0,7.2,21.77,72,961.3,37,20.3,Abuja
2019-11-06,31.0,21.5,25.8,0.0,8.9,20.79,79,959.9,23,21.5,Abuja
2019-11-07,31.8,22.2,26.1,0.0,6.9,21.57,73,959.4,37,20.3,Abuja
2019-11-08,32.0,21.8,26.4,0.0,10.6,22.0,68,959.3,65,19.4,Abuja
2019-11-09,33.0,22.1,26.7,0.0,11.0,21.51,63,959.0,85,18.5,Abuja
2019-11-10,32.1,23.1,26.9,0.0,10.2,19.65,67,959.1,99,19.7,Abuja
2019-11-11,30.4,22.8,25.6,0.5,6.2,15.43,84,958.4,89,22.6,Abuja
2019-11-12,30.5,22.3,25.5,0.9,8.7,18.84,82,958.4,81,22.0,Abuja
2019-11-13,29.7,22.8,25.2,12.1,8.1,15.53,88,958.9,88,22.9,Abuja
2019-11-14,31.2,22.6,26.1,0.1,14.6,10.71,53,959.0,94,15.2,Abuja
2019-11-15,32.2,20.7,26.2,0.0,8.7,21.13,61,958.7,74,17.6,Abuja
2019-11-16,32.9,21.0,26.5,0.0,8.7,21.89,56,958.2,67,16.3,Abuja
2019-11-17,33.7,22.7,27.1,0.0,5.7,21.38,61,958.9,87,18.1,Abuja
2019-11-18,33.1,22.0,27.0,0.0,11.0,21.88,59,958.6,40,17.6,Abuja
2019-11-19,33.5,22.0,26.9,0.0,8.7,20.97,62,959.2,43,18.2,Abuja
2019-11-20,34.4,22.8,27.4,0.0,11.2,20.45,58,959.1,96,17.4,Abuja
2019-11-21,33.7,22.6,27.1,0.0,11.7,21.18,58,959.4,76,17.4,Abuja
2019-11-22,30.1,22.2,25.9,0.0,8.9,17.78,74,960.6,94,20.6,Abuja
2019-11-23,33.8,22.6,27.2,0.0,7.3,20.67,65,960.0,63,19.3,Abuja
2019-11-24,33.4,21.3,26.7,0.0,7.3,21.5,63,959.8,52,18.3,Abuja
2019-11-25,34.1,22.5,27.4,0.0,9.4,21.38,58,959.8,52,17.4,Abuja
2019-11-26,34.3,22.9,27.6,0.0,11.9,21.19,57,959.5,20,17.2,Abuja
2019-11-27,34.2,21.9,27.0,0.0,12.0,21.52,50,959.6,37,14.4,Abuja
2019-11-28,34.0,20.4,26.4,0.0,10.8,21.81,37,960.0,30,8.9,Abuja
2019-11-29,33.5,22.1,27.0,0.0,13.3,21.46,28,960.4,6,6.1,Abuja
2019-11-30,34.0,23.4,27.6,0.0,16.0,20.98,31,959.8,42,7.9,Abuja
2019-12-01,32.8,22.4,26.7,0.0,12.9,21.05,36,959.8,56,9.8,Abuja
2019-12-02,32.4,19.7,26.2,0.0,10.0,20.75,48,959.8,62,14.1,Abuja
2019-12-03,32.5,21.7,26.7,0.0,12.7,20.15,43,960.0,70,12.6,Abuja
2019-12-04,32.4,20.6,26.4,0.0,9.9,19.03,49,959.8,61,14.0,Abuja
2019-12-05,33.0,21.5,27.1,0.0,10.4,20.71,44,959.2,0,13.1,Abuja
2019-12-06,33.2,20.5,26.9,0.0,12.9,21.03,40,959.7,0,11.3,Abuja
2019-12-07,33.1,22.6,27.1,0.0,15.3,21.25,29,960.1,2,7.2,Abuja
2019-12-08,33.3,19.3,26.3,0.0,11.7,21.1,36,960.0,6,9.4,Abuja
2019-12-09,33.6,18.8,26.6,0.0,12.8,21.14,40,960.1,9,10.5,Abuja
2019-12-10,33.1,20.7,26.6,0.0,13.4,21.2,33,959.4,14,8.5,Abuja
2019-12-11,33.1,22.1,27.1,0.0,13.6,20.93,32,959.9,0,8.1,Abuja
2019-12-12,32.9,22.1,26.8,0.0,14.6,20.53,28,960.2,9,6.5,Abuja
2019-12-13,32.8,21.9,26.8,0.0,17.6,20.76,24,960.9,40,4.3,Abuja
2019-12-14,33.5,20.4,26.6,0.0,15.1,20.61,27,961.2,18,5.3,Abuja
2019-12-15,33.0,20.3,26.4,0.0,15.8,20.48,30,960.9,11,7.1,Abuja
2019-12-16,34.4,22.2,27.4,0.0,16.7,20.7,24,959.0,25,4.3,Abuja
2019-12-17,34.2,20.8,27.0,0.0,11.8,20.76,30,959.0,41,7.0,Abuja
2019-12-18,34.5,22.2,27.6,0.0,14.7,20.75,27,959.9,35,6.4,Abuja
2019-12-19,34.8,22.3,27.9,0.0,15.9,20.65,27,960.7,64,6.3,Abuja
2019-12-20,34.2,22.3,27.7,0.0,17.0,20.97,24,960.5,6,4.7,Abuja
2019-12-21,33.4,20.3,26.7,0.0,15.6,20.79,25,961.3,57,4.3,Abuja
2019-12-22,34.5,22.0,27.3,0.0,17.6,21.0,19,961.2,7,1.3,Abuja
2019-12-23,34.3,22.0,27.1,0.0,18.9,21.36,17,960.8,2,-0.6,Abuja
2019-12-24,34.4,21.0,26.9,0.0,16.5,21.01,20,960.5,0,1.4,Abuja
2019-12-25,34.4,21.2,27.4,0.0,16.2,20.7,20,960.8,0,2.1,Abuja
2019-12-26,35.0,22.4,27.8,0.0,18.9,20.69,18,960.4,27,0.5,Abuja
2019-12-27,34.0,21.6,27.2,0.0,15.8,20.56,22,960.5,0,3.1,Abuja
2019-12-28,34.7,21.5,27.3,0.0,17.0,20.8,19,959.8,0,0.9,Abuja
2019-12-29,34.2,20.8,26.8,0.0,17.7,20.94,17,959.3,2,-1.2,Abuja
2019-12-30,34.1,20.4,26.6,0.0,18.0,20.57,18,959.1,42,0.2,Abuja
2019-12-31,33.7,21.0,26.5,0.0,17.1,20.68,19,959.7,0,0.6,Abuja
2020-01-01,33.2,20.5,26.1,0.0,20.1,20.48,22,960.3,37,2.5,Abuja
2020-01-02,30.8,17.9,23.7,0.0,21.5,20.41,22,961.6,0,0.6,Abuja
2020-01-03,31.2,17.1,23.5,0.0,15.9,20.48,22,962.2,37,0.4,Abuja
2020-01-04,31.7,17.7,24.0,0.0,14.8,20.34,26,962.0,55,2.5,Abuja
2020-01-05,31.7,19.0,25.1,0.0,11.7,19.9,26,960.8,61,3.6,Abuja
2020-01-06,33.0,19.9,26.2,0.0,13.5,19.62,31,960.2,69,7.2,Abuja
2020-01-07,34.2,21.5,27.3,0.0,15.3,20.04,29,959.8,45,7.3,Abuja
2020-01-08,35.1,20.8,27.7,0.0,14.3,20.19,26,960.8,27,5.9,Abuja
2020-01-09,35.7,22.7,28.6,0.0,18.1,20.38,22,960.7,25,4.1,Abuja
2020-01-10,34.6,22.3,27.8,0.0,14.7,20.43,26,961.6,40,5.8,Abuja
2020-01-11,33.8,22.1,27.6,0.0,7.9,19.98,35,961.9,36,10.5,Abuja
2020-01-12,34.5,22.7,28.0,0.0,12.5,20.03,31,961.5,73,8.6,Abuja
2020-01-13,35.6,22.9,28.7,0.0,9.2,20.47,33,959.3,1,9.5,Abuja
2020-01-14,36.1,22.8,28.8,0.0,11.5,20.44,33,958.5,0,9.7,Abuja
2020-01-15,35.5,24.4,29.1,0.0,18.8,20.61,22,959.1,0,4.5,Abuja
2020-01-16,34.9,21.1,27.5,0.0,18.3,20.78,21,960.7,0,3.0,Abuja
2020-01-17,34.5,20.3,27.1,0.0,15.8,20.63,22,961.8,24,2.7,Abuja
2020-01-18,33.0,19.4,26.0,0.0,16.1,20.48,26,962.0,31,4.5,Abuja
2020-01-19,33.0,20.4,26.2,0.0,15.9,20.79,25,961.2,0,3.9,Abuja
2020-01-20,33.8,21.3,27.0,0.0,13.6,20.74,27,960.3,9,5.8,Abuja
2020-01-21,35.9,21.8,28.3,0.0,15.0,20.76,26,960.6,11,5.9,Abuja
2020-01-22,35.6,23.5,28.7,0.0,20.2,21.3,17,960.8,14,0.8,Abuja
2020-01-23,35.2,21.9,28.0,0.0,19.7,21.36,15,961.1,41,-1.8,Abuja
2020-01-24,33.8,21.6,26.6,0.0,22.7,22.18,11,961.6,0,-7.3,Abuja
2020-01-25,33.9,20.1,26.1,0.0,21.4,22.17,12,961.8,46,-6.2,Abuja
2020-01-26,33.7,19.1,25.8,0.0,18.6,22.14,16,961.6,64,-3.2,Abuja
2020-01-27,34.2,19.6,26.6,0.0,17.1,21.84,22,961.1,22,2.2,Abuja
2020-01-28,34.7,21.7,27.5,0.0,17.4,21.65,19,961.2,39,0.8,Abuja
2020-01-29,35.7,21.7,28.2,0.0,17.8,21.69,15,960.8,56,-0.9,Abuja
2020-01-30,35.7,21.8,27.9,0.0,18.6,22.15,10,962.0,56,-6.7,Abuja
2020-01-31,35.2,22.4,27.8,0.0,19.7,22.15,11,962.3,84,-6.1,Abuja
2020-02-01,34.7,22.1,27.5,0.0,19.4,22.32,13,961.7,34,-4.0,Abuja
2020-02-02,34.0,21.1,26.9,0.0,18.2,22.3,15,961.6,10,-2.8,Abuja
2020-02-03,34.5,20.7,27.2,0.0,17.4,22.15,15,961.9,0,-2.4,Abuja
2020-02-04,33.7,22.1,27.3,0.0,16.8,20.5,14,962.3,44,-2.8,Abuja
2020-02-05,34.2,21.9,27.4,0.0,18.6,22.06,14,961.3,24,-2.5,Abuja
2020-02-06,35.1,22.3,28.1,0.0,17.1,22.11,16,960.8,10,-0.7,Abuja
2020-02-07,36.3,23.4,29.1,0.0,19.9,21.99,15,960.9,1,-0.2,Abuja
2020-02-08,36.5,22.9,29.1,0.0,19.6,22.15,15,960.7,17,-0.7,Abuja
2020-02-09,36.0,23.7,29.0,0.0,18.6,22.15,16,961.3,50,-0.3,Abuja
2020-02-10,35.3,22.9,28.5,0.0,18.4,22.32,18,962.4,25,1.4,Abuja
2020-02-11,35.3,22.7,28.3,0.0,19.9,22.69,14,961.6,30,-2.1,Abuja
2020-02-12,33.8,20.6,26.8,0.0,19.9,22.88,16,961.5,58,-1.9,Abuja
2020-02-13,35.1,20.3,27.2,0.0,16.3,22.89,18,960.9,15,0.5,Abuja
2020-02-14,36.2,21.9,28.7,0.0,18.7,22.96,16,959.4,27,0.1,Abuja
2020-02-15,36.4,23.0,29.2,0.0,18.7,23.08,14,958.9,0,-1.7,Abuja
2020-02-16,36.3,23.3,29.5,0.0,18.8,23.1,14,959.6,42,-1.1,Abuja
2020-02-17,36.3,24.2,29.6,0.0,19.2,22.51,15,960.1,88,-0.3,Abuja
2020-02-18,35.2,23.2,29.1,0.0,15.3,22.6,24,960.6,33,5.7,Abuja
2020-02-19,35.6,25.6,29.8,0.0,17.4,21.46,20,959.9,60,3.9,Abuja
2020-02-20,36.9,22.7,29.7,0.0,18.1,22.82,18,958.6,24,2.6,Abuja
2020-02-21,37.5,24.3,30.5,0.0,18.3,22.71,17,958.5,10,2.3,Abuja
2020-02-22,38.0,25.2,30.9,0.0,17.1,22.83,16,959.2,9,1.7,Abuja
2020-02-23,37.6,25.1,30.8,0.0,21.0,23.01,12,960.3,29,-2.1,Abuja
2020-02-24,36.7,24.2,29.8,0.0,22.4,23.18,13,960.2,42,-1.6,Abuja
2020-02-25,35.7,22.8,28.6,0.0,19.9,23.26,18,959.7,22,1.0,Abuja
2020-02-26,36.0,21.4,28.7,0.0,14.1,22.94,19,959.1,50,2.0,Abuja
2020-02-27,36.6,24.1,29.7,0.0,11.9,23.02,18,959.7,45,2.4,Abuja
2020-02-28,37.1,24.8,30.3,0.0,11.8,19.4,21,959.8,60,5.0,Abuja
2020-02-29,38.5,27.0,32.5,0.0,16.6,22.12,18,959.0,79,4.1,Abuja
2020-03-01,35.9,25.6,30.6,0.0,11.0,21.07,31,959.3,64,11.1,Abuja
2020-03-02,33.5,24.8,28.7,0.8,10.8,17.68,57,961.2,40,19.2,Abuja
2020-03-03,35.1,24.6,29.6,0.0,9.5,17.58,50,961.8,86,17.3,Abuja
2020-03-04,36.4,24.3,30.3,0.0,9.4,21.92,36,961.2,60,13.2,Abuja
2020-03-05,37.7,25.5,31.1,0.0,14.3,22.42,27,959.9,45,8.5,Abuja
2020-03-06,37.0,25.1,30.6,0.0,11.0,21.67,38,958.8,38,13.6,Abuja
2020-03-07,35.7,27.2,30.3,0.0,12.8,19.46,29,959.0,44,8.9,Abuja
2020-03-08,36.1,24.6,29.8,0.0,11.5,20.76,53,960.0,39,17.8,Abuja
2020-03-09,37.8,25.9,31.4,0.0,6.2,21.61,37,958.8,39,13.4,Abuja
2020-03-10,35.4,24.2,30.2,0.0,8.9,20.64,46,958.1,57,16.9,Abuja
2020-03-11,35.6,25.9,30.5,0.0,10.3,20.19,49,958.2,66,18.3,Abuja
2020-03-12,35.2,25.4,29.6,0.0,11.6,17.47,57,959.0,89,19.5,Abuja
2020-03-13,34.4,24.6,29.1,0.0,9.7,20.89,51,959.9,76,17.4,Abuja
2020-03-14,35.6,23.7,29.5,0.0,14.3,23.07,19,959.9,53,3.3,Abuja
2020-03-15,36.4,22.6,29.4,0.0,15.6,23.74,17,958.9,38,0.5,Abuja
2020-03-16,36.1,22.1,29.4,0.0,12.1,23.36,24,958.4,28,6.2,Abuja
2020-03-17,36.2,24.9,30.4,0.0,11.4,22.75,28,958.7,84,9.2,Abuja
2020-03-18,35.8,26.0,30.4,0.0,12.4,21.01,34,958.9,73,11.5,Abuja
2020-03-19,34.1,24.9,29.6,0.1,8.9,20.49,55,959.1,86,19.4,Abuja
2020-03-20,34.3,24.7,29.8,0.2,10.5,18.61,55,959.4,91,19.1,Abuja
2020-03-21,35.0,24.3,29.8,0.0,9.4,20.79,53,959.2,51,18.2,Abuja
2020-03-22,35.6,24.8,30.0,0.0,11.6,19.65,50,958.7,85,17.8,Abuja
2020-03-23,34.4,24.5,28.5,3.7,14.5,17.77,65,959.4,53,20.6,Abuja
2020-03-24,29.8,22.5,25.6,1.2,11.4,12.39,79,959.9,99,21.4,Abuja
2020-03-25,31.3,22.9,26.2,0.2,12.3,14.38,73,960.2,97,20.5,Abuja
2020-03-26,32.0,23.1,26.8,0.3,10.0,16.62,73,959.6,84,21.3,Abuja
2020-03-27,33.6,24.4,28.3,0.0,9.2,21.54,68,959.1,32,21.4,Abuja
2020-03-28,36.3,24.7,29.7,0.0,8.3,22.26,60,959.2,29,20.4,Abuja
2020-03-29,35.1,24.6,29.5,0.0,12.1,21.25,60,958.8,43,20.5,Abuja
2020-03-30,35.5,24.4,29.1,0.2,10.5,17.32,66,958.0,94,21.3,Abuja
2020-03-31,34.6,24.9,29.5,0.0,9.2,19.78,61,958.4,90,20.8,Abuja
2020-04-01,34.9,24.4,29.0,0.0,10.0,21.66,64,959.3,79,21.0,Abuja
2020-04-02,34.0,24.0,28.5,0.0,11.6,21.16,61,959.0,94,19.7,Abuja
2020-04-03,35.2,24.8,28.9,0.0,15.1,22.4,62,958.8,72,20.4,Abuja
2020-04-04,33.0,23.8,28.0,0.0,12.7,19.84,65,960.1,97,20.4,Abuja
2020-04-05,32.9,23.4,28.2,0.0,10.5,19.99,68,960.3,80,21.3,Abuja
2020-04-06,34.6,25.3,29.4,0.0,10.4,22.75,61,960.2,37,20.7,Abuja
2020-04-07,35.1,23.5,28.9,0.0,10.3,22.54,59,959.8,60,19.5,Abuja
2020-04-08,33.5,24.1,28.8,0.0,10.3,22.96,59,959.1,32,19.5,Abuja
2020-04-09,32.3,24.7,28.1,0.1,8.7,20.3,67,959.6,56,21.1,Abuja
2020-04-10,31.1,24.0,27.4,0.1,11.7,17.28,67,960.4,70,20.6,Abuja
2020-04-11,33.7,23.1,27.9,0.0,12.2,21.15,59,960.8,94,18.0,Abuja
2020-04-12,34.6,23.6,28.4,0.0,10.0,22.86,55,960.4,60,17.8,Abuja
2020-04-13,35.0,25.2,29.1,0.0,6.7,18.91,52,959.8,77,17.8,Abuja
2020-04-14,36.9,24.1,29.7,0.0,8.1,23.85,54,959.3,73,18.5,Abuja
2020-04-15,35.6,24.2,29.8,0.0,10.6,23.59,54,959.0,41,19.0,Abuja
2020-04-16,36.1,24.4,30.1,0.0,10.3,23.34,54,958.4,63,19.2,Abuja
2020-04-17,33.2,24.1,28.7,0.1,13.6,19.55,65,958.5,57,21.2,Abuja
2020-04-18,33.9,24.5,28.6,0.5,12.5,19.13,64,959.8,85,20.6,Abuja
2020-04-19,34.0,24.4,28.9,0.0,12.0,20.69,60,961.3,91,19.9,Abuja
2020-04-20,32.6,24.0,27.9,0.0,10.3,17.85,63,961.2,96,19.8,Abuja
2020-04-21,34.1,24.2,28.7,0.0,8.9,21.65,65,960.5,60,21.0,Abuja
2020-04-22,33.1,25.7,29.0,0.0,9.8,21.65,64,959.2,62,21.2,Abuja
2020-04-23,31.1,23.1,27.0,0.0,9.0,17.5,74,959.5,85,21.6,Abuja
2020-04-24,32.1,23.6,27.7,0.0,11.7,19.18,69,959.4,63,21.1,Abuja
2020-04-25,32.1,24.0,27.7,1.5,14.0,18.84,69,959.4,73,21.3,Abuja
2020-04-26,32.6,23.1,27.2,0.1,9.1,18.3,71,960.2,70,20.9,Abuja
2020-04-27,31.3,23.2,27.1,0.0,8.8,18.57,70,961.7,78,20.9,Abuja
2020-04-28,33.1,23.1,28.1,0.0,9.4,23.08,68,961.4,35,21.4,Abuja
2020-04-29,30.8,23.8,27.4,0.0,10.0,14.74,70,961.7,79,21.2,Abuja
2020-04-30,31.7,23.7,27.4,0.0,8.4,22.81,65,962.0,43,20.0,Abuja
2020-05-01,33.3,23.4,28.2,0.0,9.4,22.55,64,962.3,40,20.3,Abuja
2020-05-02,33.1,24.8,28.5,0.3,9.1,21.22,67,961.2,36,21.7,Abuja
2020-05-03,29.5,24.0,26.2,0.9,13.6,10.88,79,960.2,77,22.1,Abuja
2020-05-04,31.8,23.4,27.6,0.0,7.1,18.51,68,960.9,64,20.9,Abuja
2020-05-05,33.6,24.3,28.4,0.0,7.4,22.47,64,960.7,39,20.5,Abuja
2020-05-06,35.0,25.7,29.6,0.0,11.5,22.85,58,959.4,19,20.0,Abuja
2020-05-07,32.6,24.1,28.0,0.3,10.9,18.53,71,959.7,33,21.8,Abuja
2020-05-08,33.5,23.5,28.0,0.7,9.3,21.11,70,959.9,23,21.6,Abuja
2020-05-09,32.3,23.5,27.2,1.3,10.0,18.96,74,960.6,53,22.0,Abuja
2020-05-10,30.6,23.3,26.4,3.8,11.2,13.14,76,961.3,75,21.6,Abuja
2020-05-11,31.7,23.4,27.1,0.0,10.7,17.41,70,962.1,67,20.7,Abuja
2020-05-12,33.0,23.7,28.2,0.0,7.6,22.64,63,961.9,31,20.2,Abuja
2020-05-13,31.7,24.3,27.3,0.0,8.4,13.17,71,962.1,91,21.3,Abuja
2020-05-14,33.8,23.8,28.0,1.1,11.0,23.62,71,961.2,49,21.8,Abuja
2020-05-15,31.8,23.6,27.2,2.8,11.2,17.29,75,961.2,88,22.1,Abuja
2020-05-16,33.3,24.0,28.0,0.0,9.0,20.66,67,960.9,47,20.9,Abuja
2020-05-17,32.0,23.6,27.8,0.1,8.4,17.71,72,961.5,50,22.0,Abuja
2020-05-18,31.5,23.3,27.9,8.3,10.1,19.29,74,961.6,72,22.7,Abuja
2020-05-19,27.9,22.6,23.7,6.5,9.4,11.05,89,962.5,96,21.8,Abuja
2020-05-20,30.0,22.2,25.9,0.0,14.3,20.44,74,962.0,32,20.6,Abuja
2020-05-21,29.6,22.7,26.0,0.4,8.9,19.11,79,962.7,62,22.0,Abuja
2020-05-22,28.5,22.1,25.5,1.4,9.8,13.17,81,962.7,95,21.9,Abuja
2020-05-23,29.2,22.7,26.0,0.1,9.7,16.86,79,962.4,73,21.9,Abuja
2020-05-24,31.3,22.9,26.8,0.3,9.4,20.37,75,962.0,78,21.6,Abuja
2020-05-25,28.3,21.9,24.9,2.5,10.7,13.69,84,962.3,95,21.9,Abuja
2020-05-26,30.6,22.8,26.2,7.8,8.4,20.62,81,962.3,94,22.5,Abuja
2020-05-27,31.7,22.6,25.6,5.7,11.3,17.29,85,961.8,97,22.7,Abuja
2020-05-28,30.1,22.9,25.6,15.2,8.9,12.27,83,961.1,93,22.4,Abuja
2020-05-29,32.2,22.7,27.0,0.0,10.4,18.57,73,960.8,59,21.5,Abuja
2020-05-30,30.6,23.5,26.2,0.7,9.5,16.03,80,961.0,88,22.4,Abuja
2020-05-31,30.9,22.4,26.6,0.1,10.0,18.78,75,962.0,88,21.7,Abuja
2020-06-01,30.3,22.7,26.1,6.3,8.2,16.75,79,962.6,86,21.9,Abuja
2020-06-02,28.5,22.1,25.1,16.4,9.8,13.87,83,962.5,82,21.9,Abuja
2020-06-03,30.6,22.1,26.5,0.0,10.5,22.59,72,961.9,64,20.9,Abuja
2020-06-04,30.2,21.9,26.4,0.0,7.3,20.18,76,961.5,70,21.7,Abuja
2020-06-05,30.5,22.6,26.6,0.0,8.7,17.85,76,962.8,69,21.8,Abuja
2020-06-06,30.7,23.4,26.4,0.2,7.9,20.64,78,963.1,77,21.9,Abuja
2020-06-07,29.6,21.7,25.3,0.0,10.1,19.95,81,962.8,70,21.4,Abuja
2020-06-08,31.7,22.6,26.4,0.0,8.3,20.97,74,961.2,55,20.9,Abuja
2020-06-09,26.9,21.9,24.3,4.1,13.4,12.83,82,961.6,87,20.9,Abuja
2020-06-10,28.8,21.7,25.0,0.0,10.7,17.74,80,962.6,78,21.0,Abuja
2020-06-11,28.5,22.0,25.1,1.7,14.8,15.57,80,962.5,85,21.3,Abuja
2020-06-12,26.9,21.7,24.1,2.7,8.2,14.43,84,961.8,83,21.1,Abuja
2020-06-13,31.4,21.2,25.5,0.0,10.8,20.91,76,962.2,77,20.5,Abuja
2020-06-14,29.7,21.8,25.5,0.0,10.7,20.31,78,962.6,55,21.1,Abuja
2020-06-15,29.3,21.9,25.5,0.0,8.2,19.11,78,963.0,50,21.1,Abuja
2020-06-16,30.5,23.2,26.4,0.9,11.4,21.26,77,961.1,41,21.8,Abuja
2020-06-17,27.6,22.3,24.7,7.5,11.9,15.24,85,961.3,73,22.0,Abuja
2020-06-18,25.8,21.6,23.0,4.7,10.7,7.3,91,962.8,90,21.4,Abuja
2020-06-19,28.0,21.8,24.4,0.9,6.5,14.47,82,964.2,92,20.9,Abuja
2020-06-20,29.1,22.4,25.3,0.1,9.0,20.34,77,963.4,66,20.7,Abuja
2020-06-21,28.2,22.2,25.0,0.4,9.7,15.0,82,962.8,58,21.6,Abuja
2020-06-22,26.5,21.9,23.8,1.0,9.3,7.98,86,961.6,89,21.3,Abuja
2020-06-23,29.0,21.4,24.8,0.4,8.0,19.95,82,961.0,53,21.4,Abuja
2020-06-24,29.6,22.4,25.8,0.3,9.5,19.88,81,960.9,34,22.1,Abuja
2020-06-25,29.1,21.8,25.1,0.0,9.2,15.66,80,961.0,83,21.2,Abuja
2020-06-26,28.3,21.9,24.5,3.7,9.6,16.25,85,960.6,79,21.8,Abuja
2020-06-27,26.5,21.4,24.1,0.0,9.0,10.89,82,960.3,93,20.7,Abuja
2020-06-28,27.6,21.4,24.2,1.2,7.8,15.13,83,960.7,75,20.9,Abuja
2020-06-29,26.7,20.7,23.2,3.9,7.3,11.9,88,961.7,81,21.1,Abuja
2020-06-30,27.4,21.4,23.2,27.7,9.5,15.51,90,961.6,87,21.5,Abuja
2020-07-01,30.2,21.6,24.8,2.3,6.8,20.43,83,961.4,60,21.5,Abuja
2020-07-02,30.7,22.7,25.9,0.1,7.7,18.75,77,960.4,49,21.4,Abuja
2020-07-03,28.5,22.5,24.5,17.7,11.7,15.53,85,960.1,70,21.7,Abuja
2020-07-04,26.6,21.6,23.0,24.6,10.1,12.14,92,961.4,100,21.6,Abuja
2020-07-05,26.9,21.2,23.8,4.1,8.6,16.21,83,962.2,86,20.5,Abuja
2020-07-06,27.5,21.4,24.2,0.9,10.7,14.24,84,961.0,95,21.3,Abuja
2020-07-07,26.2,21.0,23.3,13.3,7.5,12.77,89,960.6,91,21.2,Abuja
2020-07-08,27.5,21.5,23.6,5.7,7.9,12.83,86,960.4,85,21.0,Abuja
2020-07-09,27.4,22.2,24.1,2.7,10.8,18.37,86,961.5,85,21.5,Abuja
2020-07-10,26.0,21.9,23.0,6.3,13.8,9.72,93,961.5,100,21.7,Abuja
2020-07-11,26.1,21.2,22.9,6.5,8.3,11.48,93,962.4,94,21.7,Abuja
2020-07-12,26.6,21.1,23.0,2.4,5.8,14.03,90,962.5,92,21.2,Abuja
2020-07-13,27.1,20.5,23.3,4.9,10.2,18.04,89,961.6,75,21.1,Abuja
2020-07-14,25.2,20.7,22.6,14.4,10.8,14.53,92,961.5,98,21.1,Abuja
2020-07-15,25.0,20.9,22.5,10.7,10.0,11.31,92,961.9,94,21.2,Abuja
2020-07-16,24.3,20.4,22.1,13.2,9.4,11.89,92,963.0,96,20.7,Abuja
2020-07-17,23.8,20.5,21.9,5.6,11.4,9.92,92,962.9,99,20.5,Abuja
2020-07-18,26.1,20.9,22.8,2.6,8.7,13.36,87,962.4,98,20.5,Abuja
2020-07-19,25.5,20.6,22.8,6.4,10.8,15.85,90,961.5,84,21.0,Abuja
2020-07-20,26.3,20.5,22.7,2.0,7.0,13.06,89,961.1,85,20.5,Abuja
2020-07-21,26.8,21.0,23.6,0.6,7.2,17.83,85,961.2,59,20.8,Abuja
2020-07-22,28.6,21.1,24.1,6.6,8.1,19.67,85,961.6,57,21.2,Abuja
2020-07-23,25.5,21.2,22.7,18.7,9.4,12.19,92,961.0,86,21.2,Abuja
2020-07-24,26.2,21.0,22.8,4.0,7.8,11.04,91,960.8,97,21.2,Abuja
2020-07-25,24.7,20.2,21.9,16.4,8.5,11.98,94,961.7,90,20.8,Abuja
2020-07-26,27.8,19.3,23.6,0.7,7.9,18.9,82,961.3,68,20.1,Abuja
2020-07-27,26.4,21.3,23.1,6.8,9.3,10.75,89,961.8,95,21.2,Abuja
2020-07-28,27.3,21.3,23.7,2.3,11.6,16.97,84,961.8,72,20.7,Abuja
2020-07-29,27.2,21.3,23.5,6.5,9.2,14.21,87,961.8,77,21.1,Abuja
2020-07-30,26.7,21.1,23.6,2.7,10.6,12.79,86,961.9,84,21.1,Abuja
2020-07-31,25.0,20.7,22.7,3.8,10.7,11.84,91,962.1,77,21.0,Abuja
2020-08-01,27.9,20.6,23.8,1.7,11.6,18.92,83,963.3,86,20.5,Abuja
2020-08-02,27.1,21.9,24.0,2.5,11.9,15.18,83,962.8,91,20.7,Abuja
2020-08-03,24.3,21.0,22.1,15.0,10.8,7.47,95,963.9,99,21.1,Abuja
2020-08-04,26.8,20.6,23.6,0.2,14.1,18.04,77,964.1,67,19.2,Abuja
2020-08-05,26.3,21.0,23.4,0.5,12.4,11.91,80,962.8,91,19.8,Abuja
2020-08-06,24.7,20.3,21.9,3.2,16.1,10.22,89,963.0,97,19.9,Abuja
2020-08-07,25.3,20.3,22.3,0.9,12.1,13.46,85,963.8,87,19.5,Abuja
2020-08-08,26.9,20.6,23.1,2.1,11.0,18.42,80,964.7,62,19.3,Abuja
2020-08-09,27.1,19.8,23.5,0.0,11.3,19.2,75,962.9,81,18.7,Abuja
2020-08-10,25.4,20.9,23.0,1.3,13.9,13.28,81,961.6,98,19.5,Abuja
2020-08-11,26.7,20.8,23.2,0.4,13.2,16.47,78,962.6,73,19.1,Abuja
2020-08-12,28.0,20.8,24.4,0.0,9.8,19.05,75,962.6,52,19.5,Abuja
2020-08-13,28.3,22.0,24.8,2.0,12.1,19.03,77,961.3,87,20.4,Abuja
2020-08-14,23.3,21.3,22.1,22.8,11.5,7.33,95,960.1,94,21.3,Abuja
2020-08-15,27.6,20.7,23.5,0.6,11.0,20.59,79,960.8,56,19.4,Abuja
2020-08-16,29.2,21.4,24.9,0.0,12.7,19.58,71,960.1,76,19.1,Abuja
2020-08-17,29.1,22.1,25.0,1.4,10.4,17.91,81,959.6,85,21.4,Abuja
2020-08-18,26.9,22.2,24.0,13.9,9.0,16.46,88,960.1,86,21.7,Abuja
2020-08-19,29.0,22.0,24.8,2.4,9.6,21.39,82,959.0,62,21.4,Abuja
2020-08-20,26.5,21.6,23.4,6.3,13.1,10.92,89,958.7,97,21.4,Abuja
2020-08-21,23.0,20.7,21.7,21.0,8.7,6.29,96,959.6,93,21.0,Abuja
2020-08-22,27.7,20.7,23.8,2.7,9.7,18.88,83,961.3,70,20.4,Abuja
2020-08-23,25.8,21.5,23.4,3.5,13.3,11.09,84,961.7,99,20.5,Abuja
2020-08-24,22.1,20.5,21.3,19.8,13.3,5.41,95,960.8,98,20.4,Abuja
2020-08-25,26.4,20.5,22.7,3.5,9.5,12.32,87,961.3,95,20.4,Abuja
2020-08-26,24.7,21.3,22.8,4.5,7.8,9.41,91,962.0,97,21.2,Abuja
2020-08-27,28.4,20.5,24.0,1.5,10.3,20.66,83,961.9,79,20.8,Abuja
2020-08-28,23.4,20.9,21.9,20.3,10.0,7.44,95,961.5,100,21.0,Abuja
2020-08-29,24.8,20.6,22.2,8.4,8.4,11.09,92,961.5,98,20.8,Abuja
2020-08-30,23.4,20.7,21.9,19.2,5.9,6.95,95,961.6,92,21.1,Abuja
2020-08-31,26.9,20.5,23.0,8.3,8.0,17.08,88,961.8,87,20.9,Abuja
2020-09-01,23.3,20.8,21.7,18.4,10.5,8.58,95,961.0,96,20.9,Abuja
2020-09-02,27.3,20.7,23.2,2.8,7.9,15.06,89,960.3,88,21.1,Abuja
2020-09-03,28.8,21.1,24.0,4.1,8.7,17.06,85,961.5,86,21.3,Abuja
2020-09-04,23.3,21.5,22.3,9.7,9.8,7.0,94,963.0,99,21.3,Abuja
2020-09-05,25.2,20.5,21.7,20.0,12.2,9.66,96,961.6,97,21.0,Abuja
2020-09-06,26.3,20.7,22.6,10.7,10.6,10.35,90,960.8,96,20.7,Abuja
2020-09-07,28.3,21.0,23.5,7.8,8.3,15.6,88,959.8,85,21.3,Abuja
2020-09-08,26.9,21.7,23.4,25.2,10.0,16.16,89,959.9,77,21.5,Abuja
2020-09-09,26.4,21.2,23.1,11.1,13.2,11.15,87,961.4,77,20.6,Abuja
2020-09-10,27.4,20.6,23.3,0.7,8.6,16.56,85,962.0,84,20.4,Abuja
2020-09-11,27.3,21.0,24.1,2.1,9.9,17.3,81,960.5,85,20.5,Abuja
2020-09-12,27.6,21.4,24.0,2.5,8.3,15.87,85,961.1,63,21.2,Abuja
2020-09-13,25.4,21.2,22.9,9.6,6.9,9.31,89,962.3,93,20.9,Abuja
2020-09-14,27.9,21.4,23.9,8.0,7.8,13.5,85,962.8,86,21.0,Abuja
2020-09-15,26.6,21.6,23.5,3.4,8.8,11.61,86,960.9,93,20.8,Abuja
2020-09-16,26.8,20.6,23.1,11.6,13.5,16.86,87,960.5,72,20.7,Abuja
2020-09-17,25.8,21.1,23.1,1.3,8.3,11.46,88,962.2,85,20.8,Abuja
2020-09-18,30.3,21.9,24.9,19.3,8.7,19.11,83,962.5,75,21.7,Abuja
2020-09-19,28.6,21.2,24.0,16.5,10.4,15.65,89,961.6,82,22.0,Abuja
2020-09-20,26.3,21.0,22.9,4.9,14.6,10.07,88,962.1,95,20.7,Abuja
2020-09-21,27.3,21.1,22.9,25.4,7.4,12.68,90,962.3,82,21.0,Abuja
2020-09-22,28.3,19.9,24.0,0.0,10.5,16.91,82,962.1,59,20.3,Abuja
2020-09-23,28.9,21.5,24.4,1.0,7.4,19.93,83,962.7,73,21.2,Abuja
2020-09-24,27.8,21.5,23.8,0.4,9.7,9.78,86,962.8,88,21.3,Abuja
2020-09-25,27.1,21.1,24.2,0.4,7.6,12.9,84,962.5,67,21.2,Abuja
2020-09-26,25.7,21.4,22.9,23.1,7.1,9.05,88,961.0,88,20.8,Abuja
2020-09-27,28.7,21.0,23.9,1.4,7.6,19.61,81,960.2,63,20.2,Abuja
2020-09-28,27.8,21.1,23.5,9.1,8.3,17.24,88,961.0,70,21.3,Abuja
2020-09-29,27.4,21.1,23.0,10.3,7.3,11.71,91,961.8,97,21.4,Abuja
2020-09-30,24.0,20.6,21.6,9.0,12.0,7.4,95,961.6,91,20.7,Abuja
2020-10-01,26.6,19.6,23.2,0.7,8.2,13.7,85,960.6,75,20.4,Abuja
2020-10-02,29.2,20.7,24.5,0.1,12.1,19.41,76,960.1,76,19.6,Abuja
2020-10-03,28.6,21.5,24.5,0.1,13.8,19.27,78,960.8,41,20.1,Abuja
2020-10-04,29.3,21.2,24.2,6.2,7.1,19.98,86,961.3,33,21.6,Abuja
2020-10-05,28.8,22.0,24.3,1.5,10.3,17.86,84,961.7,82,21.3,Abuja
2020-10-06,29.9,21.5,24.3,12.7,10.3,16.82,88,961.4,88,22.1,Abuja
2020-10-07,27.9,21.0,23.4,0.3,10.0,9.12,87,961.9,95,20.9,Abuja
2020-10-08,28.1,21.6,23.8,4.4,9.7,16.89,82,962.3,62,20.6,Abuja
2020-10-09,27.3,21.2,23.7,3.6,8.4,13.09,86,962.3,89,21.0,Abuja
2020-10-10,28.6,21.1,24.3,0.1,11.9,18.15,81,962.5,78,20.6,Abuja
2020-10-11,29.0,21.7,24.7,0.7,7.6,18.96,80,962.1,67,20.9,Abuja
2020-10-12,30.8,20.5,25.1,0.3,8.4,20.38,79,960.9,34,20.8,Abuja
2020-10-13,29.3,22.3,25.0,1.5,8.2,18.86,81,960.9,38,21.4,Abuja
2020-10-14,29.4,20.5,23.9,4.0,13.8,17.07,87,961.8,89,21.5,Abuja
2020-10-15,29.1,21.1,24.8,0.1,7.8,20.66,80,961.9,51,20.8,Abuja
2020-10-16,29.4,20.8,24.8,0.0,11.4,21.45,79,961.2,60,20.5,Abuja
2020-10-17,28.5,21.8,24.6,0.0,12.4,15.4,81,961.2,65,20.8,Abuja
2020-10-18,30.0,22.0,25.4,0.2,6.2,18.67,78,960.2,53,21.1,Abuja
2020-10-19,30.1,22.3,25.5,1.3,7.2,20.82,81,960.5,43,21.9,Abuja
2020-10-20,31.4,21.3,25.8,0.3,11.6,21.91,79,960.5,53,21.6,Abuja
2020-10-21,32.2,21.4,26.1,0.0,9.9,22.23,75,960.9,61,20.7,Abuja
2020-10-22,32.8,21.3,26.3,0.0,6.6,23.66,68,960.7,35,19.3,Abuja
2020-10-23,33.0,22.2,26.7,0.0,10.3,23.64,68,960.9,61,19.7,Abuja
2020-10-24,31.0,22.6,26.2,0.0,9.5,21.29,73,960.6,89,20.7,Abuja
2020-10-25,31.0,23.1,26.1,0.0,9.6,16.62,73,960.0,91,20.6,Abuja
2020-10-26,31.3,22.7,26.5,0.0,7.9,22.21,71,959.6,79,20.2,Abuja
2020-10-27,31.7,21.8,26.4,0.0,11.0,22.71,64,959.4,70,18.6,Abuja
2020-10-28,33.0,21.7,26.7,0.0,9.9,22.36,60,959.6,56,17.1,Abuja
2020-10-29,31.7,22.4,26.6,0.1,8.5,20.84,60,960.3,20,17.6,Abuja
2020-10-30,33.9,22.3,27.3,0.0,10.5,23.28,55,960.3,18,16.5,Abuja
2020-10-31,33.7,21.9,27.3,0.0,9.8,23.3,54,960.0,52,16.0,Abuja
2020-11-01,33.8,20.2,26.9,0.0,11.7,23.42,47,959.3,60,13.4,Abuja
2020-11-02,31.1,22.3,26.2,0.0,10.6,17.81,45,960.3,86,12.8,Abuja
2020-11-03,32.9,22.3,27.3,0.0,15.3,20.82,43,960.9,71,13.2,Abuja
2020-11-04,33.6,25.0,28.2,0.0,15.0,19.86,41,960.6,85,13.3,Abuja
2020-11-05,32.8,22.9,26.9,0.0,10.3,19.9,47,960.6,80,14.1,Abuja
2020-11-06,34.6,22.7,27.9,0.0,15.5,22.62,35,960.7,48,10.0,Abuja
2020-11-07,31.8,23.0,27.0,0.0,14.6,22.64,38,961.6,59,11.0,Abuja
2020-11-08,32.2,21.3,26.6,0.0,11.7,21.73,46,962.4,58,13.7,Abuja
2020-11-09,32.4,22.8,27.0,0.0,11.5,20.23,45,962.1,52,13.8,Abuja
2020-11-10,32.9,23.0,27.0,0.0,8.2,19.13,52,961.4,52,15.8,Abuja
2020-11-11,32.4,22.5,27.2,0.4,13.6,20.61,48,960.7,63,14.5,Abuja
2020-11-12,33.5,24.0,28.1,0.0,16.9,21.59,36,960.6,51,11.0,Abuja
2020-11-13,34.1,24.3,28.5,0.0,17.0,21.87,34,960.9,52,10.5,Abuja
2020-11-14,34.1,25.3,28.9,0.0,18.1,21.36,33,960.7,73,10.6,Abuja
2020-11-15,33.9,24.3,28.2,0.0,18.9,22.11,35,960.0,57,10.4,Abuja
2020-11-16,33.6,24.1,28.0,0.0,19.6,22.6,31,960.1,11,8.4,Abuja
2020-11-17,33.6,23.4,27.5,0.0,17.8,22.27,34,959.8,7,9.6,Abuja
2020-11-18,32.6,23.4,27.4,0.0,18.4,22.0,31,959.8,38,8.4,Abuja
2020-11-19,32.6,22.7,27.2,0.0,16.3,22.0,35,959.4,42,9.8,Abuja
2020-11-20,32.1,22.5,26.9,0.0,15.7,21.81,37,959.2,67,10.7,Abuja
2020-11-21,33.0,23.7,27.5,0.0,15.8,20.75,35,959.5,67,10.1,Abuja
2020-11-22,34.0,23.4,28.1,0.0,16.9,21.57,34,960.1,63,10.3,Abuja
2020-11-23,34.1,23.2,28.4,0.0,14.9,21.64,36,960.8,39,11.4,Abuja
2020-11-24,32.7,22.0,27.1,0.0,11.4,20.34,47,960.7,43,14.2,Abuja
2020-11-25,34.0,23.3,27.9,0.0,12.0,20.79,39,959.5,82,11.9,Abuja
2020-11-26,34.1,22.8,27.9,0.0,9.4,21.12,44,959.3,45,13.5,Abuja
2020-11-27,33.2,23.1,27.7,0.0,9.2,20.2,49,960.0,13,15.3,Abuja
2020-11-28,34.5,21.9,27.5,0.0,10.6,20.52,47,960.8,12,13.8,Abuja
2020-11-29,34.1,23.0,28.2,0.0,16.4,21.71,30,960.5,21,7.6,Abuja
2020-11-30,34.6,23.0,27.9,0.0,17.1,21.65,25,960.8,11,5.5,Abuja
2020-12-01,35.0,22.5,28.4,0.0,17.1,21.88,24,960.2,21,4.8,Abuja
2020-12-02,34.7,23.1,28.2,0.0,16.5,21.93,20,960.2,13,2.6,Abuja
2020-12-03,33.6,20.2,27.0,0.0,13.0,21.44,34,960.7,61,8.8,Abuja
2020-12-04,33.9,20.5,27.2,0.0,10.9,21.16,39,961.2,36,11.5,Abuja
2020-12-05,33.7,22.2,27.7,0.0,9.5,20.49,42,961.0,20,13.0,Abuja
2020-12-06,35.1,22.3,28.6,0.0,10.5,21.14,33,960.3,64,9.9,Abuja
2020-12-07,35.3,22.4,28.3,0.1,13.1,19.69,37,961.4,72,11.0,Abuja
2020-12-08,35.5,23.0,28.4,0.0,10.3,20.86,38,961.2,37,11.3,Abuja
2020-12-09,34.8,23.2,28.1,0.0,8.8,18.64,44,960.6,73,14.1,Abuja
2020-12-10,35.9,21.6,28.4,0.0,9.2,21.19,38,960.5,41,10.5,Abuja
2020-12-11,34.8,23.1,28.0,0.0,14.4,19.61,43,960.7,52,13.6,Abuja
2020-12-12,34.1,22.8,27.7,0.0,10.5,19.04,43,960.1,22,13.4,Abuja
2020-12-13,33.2,23.0,27.7,0.1,10.2,18.45,51,959.6,38,16.3,Abuja
2020-12-14,35.2,23.3,28.7,0.0,7.1,19.07,43,959.3,7,13.6,Abuja
2020-12-15,34.9,22.8,28.6,0.0,10.6,20.71,38,959.4,20,11.6,Abuja
2020-12-16,35.1,23.7,28.7,0.0,18.3,21.09,24,959.9,32,4.4,Abuja
2020-12-17,34.3,23.7,28.3,0.0,18.8,21.02,21,959.8,37,3.4,Abuja
2020-12-18,33.6,20.8,27.2,0.0,12.6,20.74,32,959.8,40,8.4,Abuja
2020-12-19,33.9,20.4,27.4,0.0,11.7,20.72,35,959.6,26,9.6,Abuja
2020-12-20,34.4,21.3,27.8,0.0,11.9,20.71,32,959.7,9,8.6,Abuja
2020-12-21,34.5,21.3,27.8,0.0,11.5,20.48,34,959.9,49,9.7,Abuja
2020-12-22,34.3,21.8,28.2,0.0,13.2,20.55,27,959.7,38,7.1,Abuja
2020-12-23,33.9,20.7,27.7,0.0,11.2,20.48,33,959.7,9,9.3,Abuja
2020-12-24,34.3,22.0,28.1,0.0,17.1,20.66,30,959.4,67,7.6,Abuja
2020-12-25,34.9,22.9,28.2,0.0,20.5,20.88,20,959.2,16,2.5,Abuja
2020-12-26,33.6,21.9,27.2,0.0,20.3,20.85,24,958.7,8,4.3,Abuja
2020-12-27,33.2,20.3,26.6,0.0,13.7,20.64,32,958.7,7,7.4,Abuja
2020-12-28,33.3,22.1,27.2,0.0,13.9,20.04,30,958.9,57,7.4,Abuja
2020-12-29,34.1,20.0,27.2,0.0,12.9,20.59,32,958.5,24,8.2,Abuja
2020-12-30,34.0,22.5,27.7,0.0,13.0,20.39,30,959.3,67,7.7,Abuja
2020-12-31,34.4,23.7,28.3,0.0,18.4,20.69,25,959.7,39,5.8,Abuja
2021-01-01,34.8,23.5,28.4,0.0,13.5,20.76,27,959.2,7,6.9,Abuja
2021-01-02,34.3,22.5,28.1,0.0,10.8,20.18,40,959.5,8,12.9,Abuja
2021-01-03,34.6,23.1,28.5,0.0,11.3,20.08,38,959.6,0,12.2,Abuja
2021-01-04,36.3,22.6,29.3,0.0,14.1,20.9,30,958.8,10,7.3,Abuja
2021-01-05,36.6,24.3,29.9,0.0,17.3,20.94,21,958.1,21,4.4,Abuja
2021-01-06,36.4,23.8,29.3,0.0,15.2,21.04,24,958.8,42,4.8,Abuja
2021-01-07,37.0,21.7,29.3,0.0,16.7,20.75,19,959.4,85,1.2,Abuja
2021-01-08,35.8,22.5,28.9,0.0,16.3,20.54,17,959.6,72,0.7,Abuja
2021-01-09,35.0,23.1,28.7,0.0,14.4,21.2,20,959.2,16,2.8,Abuja
2021-01-10,35.2,23.2,28.7,0.0,15.9,21.37,19,958.6,7,1.8,Abuja
2021-01-11,34.5,19.9,27.6,0.0,12.6,21.3,22,958.5,17,2.8,Abuja
2021-01-12,34.9,21.4,28.0,0.0,15.3,20.96,23,959.5,0,4.0,Abuja
2021-01-13,34.4,23.5,28.3,0.0,19.5,21.28,17,960.5,0,0.2,Abuja
2021-01-14,33.5,22.8,27.4,0.0,14.3,21.1,21,960.3,0,2.5,Abuja
2021-01-15,33.7,22.1,27.5,0.0,14.7,20.93,25,959.3,3,5.3,Abuja
2021-01-16,33.5,22.8,27.6,0.0,16.1,21.1,22,958.4,39,3.3,Abuja
2021-01-17,34.3,23.0,28.0,0.0,13.8,20.89,23,958.8,3,4.4,Abuja
2021-01-18,35.2,21.7,28.2,0.0,21.3,21.26,21,959.3,9,2.5,Abuja
2021-01-19,34.9,22.7,28.0,0.0,21.5,21.23,18,960.3,54,1.3,Abuja
2021-01-20,34.9,21.7,27.6,0.0,19.9,21.35,18,960.1,33,1.1,Abuja
2021-01-21,34.3,21.0,27.0,0.0,18.9,21.5,19,960.2,66,0.3,Abuja
2021-01-22,33.9,20.2,26.5,0.0,17.1,21.55,19,960.1,67,0.1,Abuja
2021-01-23,33.6,20.6,26.7,0.0,15.0,21.41,23,959.8,84,2.9,Abuja
2021-01-24,35.2,21.3,27.9,0.0,19.7,21.51,19,959.2,57,1.9,Abuja
2021-01-25,35.0,21.2,27.7,0.0,18.8,21.8,17,959.6,13,0.3,Abuja
2021-01-26,35.4,22.3,28.4,0.0,17.2,21.67,17,959.7,0,0.4,Abuja
2021-01-27,35.2,22.4,28.3,0.0,12.7,21.56,19,959.1,55,1.5,Abuja
2021-01-28,35.0,23.2,28.4,0.0,17.2,21.73,17,959.6,39,0.5,Abuja
2021-01-29,35.5,22.9,28.5,0.0,19.1,21.99,14,960.5,3,-2.6,Abuja
2021-01-30,35.1,22.7,28.3,0.0,20.0,21.96,17,960.1,41,-0.0,Abuja
2021-01-31,34.5,22.2,28.0,0.0,17.9,21.91,19,959.2,45,1.4,Abuja
2021-02-01,34.9,21.5,28.3,0.0,13.6,21.48,21,959.8,29,2.9,Abuja
2021-02-02,34.7,23.7,28.6,0.0,15.3,21.54,28,960.4,0,7.9,Abuja
2021-02-03,35.3,25.2,29.6,0.0,18.4,21.69,19,960.7,0,3.0,Abuja
2021-02-04,35.9,24.0,29.1,0.0,19.1,22.26,13,960.1,29,-2.0,Abuja
2021-02-05,36.3,22.3,28.9,0.0,19.1,22.47,15,960.2,11,-0.7,Abuja
2021-02-06,36.6,22.6,29.0,0.0,17.8,22.61,17,960.0,12,0.5,Abuja
2021-02-07,35.1,20.1,27.7,0.0,16.5,22.67,24,959.1,37,3.8,Abuja
2021-02-08,35.1,20.9,28.0,0.0,13.7,22.67,22,958.2,60,3.1,Abuja
2021-02-09,34.9,24.1,29.2,0.0,16.5,22.45,21,958.9,81,4.0,Abuja
2021-02-10,36.0,21.0,28.8,0.0,15.1,22.63,29,959.3,61,7.0,Abuja
2021-02-11,35.4,23.4,29.3,0.0,18.2,22.77,16,959.3,58,0.9,Abuja
2021-02-12,35.5,24.3,29.3,0.0,16.1,23.09,14,958.9,60,-1.0,Abuja
2021-02-13,36.0,24.5,29.8,0.0,20.0,23.23,15,958.3,27,0.2,Abuja
2021-02-14,35.7,24.0,29.5,0.0,13.8,23.03,19,958.0,17,3.0,Abuja
2021-02-15,36.1,25.4,29.9,0.0,14.8,22.16,23,958.4,18,6.2,Abuja
2021-02-16,36.6,25.1,30.1,0.0,17.1,23.27,12,958.7,40,-3.2,Abuja
2021-02-17,35.1,23.9,28.7,0.0,22.8,23.32,11,960.0,42,-4.5,Abuja
2021-02-18,31.5,19.9,25.5,0.0,19.9,23.37,18,961.1,66,-1.0,Abuja
2021-02-19,32.0,18.4,24.9,0.0,18.4,23.24,17,962.1,92,-2.3,Abuja
2021-02-20,32.7,18.6,25.4,0.0,16.3,23.43,18,962.0,48,-1.5,Abuja
2021-02-21,33.6,21.7,27.1,0.0,16.1,23.23,18,960.6,40,0.3,Abuja
2021-02-22,33.9,22.2,27.6,0.0,17.8,23.13,17,960.2,56,0.3,Abuja
2021-02-23,33.6,22.7,27.7,0.0,17.1,23.14,18,960.8,45,0.4,Abuja
2021-02-24,35.3,23.6,28.9,0.0,17.6,23.19,16,960.4,16,0.3,Abuja
2021-02-25,35.5,22.9,29.3,0.0,15.1,21.19,17,959.3,34,0.9,Abuja
2021-02-26,34.4,21.9,28.3,0.0,12.1,22.91,23,959.0,21,5.0,Abuja
2021-02-27,35.4,24.1,29.2,0.0,14.0,22.79,25,958.4,7,6.5,Abuja
2021-02-28,37.1,25.1,30.3,0.0,16.6,23.23,21,957.5,26,4.3,Abuja
2021-03-01,37.2,25.6,30.9,0.0,19.7,23.47,13,957.5,45,-1.4,Abuja
2021-03-02,36.9,26.0,30.6,0.0,23.5,23.06,14,958.2,81,-0.5,Abuja
2021-03-03,37.4,25.8,31.0,0.0,21.6,23.63,13,958.1,29,-1.5,Abuja
2021-03-04,37.4,26.1,31.3,0.0,20.9,23.73,13,958.0,7,-0.9,Abuja
2021-03-05,37.0,25.4,30.6,0.0,18.7,23.66,17,957.9,32,1.9,Abuja
2021-03-06,36.0,24.5,30.0,0.0,13.9,21.81,26,959.6,83,7.7,Abuja
2021-03-07,37.4,22.9,29.7,0.0,14.1,22.95,27,959.5,28,7.7,Abuja
2021-03-08,36.7,25.3,30.5,0.0,17.4,22.52,28,958.2,18,8.2,Abuja
2021-03-09,36.3,24.8,30.1,0.0,12.8,21.55,45,957.5,15,16.4,Abuja
2021-03-10,35.8,23.7,29.7,0.0,9.2,20.57,49,957.3,29,16.9,Abuja
2021-03-11,34.6,24.0,29.2,0.0,11.2,19.05,56,957.5,96,18.7,Abuja
2021-03-12,34.8,24.4,29.3,0.0,13.3,20.49,56,957.5,70,19.1,Abuja
2021-03-13,33.6,23.6,28.3,0.1,11.9,19.24,62,958.5,89,19.5,Abuja
2021-03-14,34.1,23.2,28.3,0.0,11.3,20.29,55,959.3,91,17.3,Abuja
2021-03-15,34.3,23.3,28.6,0.0,9.3,20.71,52,958.4,97,16.3,Abuja
2021-03-16,34.3,23.5,28.8,0.0,9.8,20.22,49,958.1,89,16.3,Abuja
2021-03-17,32.8,23.8,28.3,0.0,12.0,19.87,55,958.4,76,18.0,Abuja
2021-03-18,31.2,23.7,27.0,0.0,9.8,15.06,67,959.0,92,19.9,Abuja
2021-03-19,31.6,23.3,27.0,0.1,10.0,18.78,64,959.0,98,19.2,Abuja
2021-03-20,32.9,23.5,26.8,5.9,12.6,19.76,70,958.9,94,20.4,Abuja
2021-03-21,32.7,22.1,26.9,0.0,10.6,22.11,74,957.8,68,21.1,Abuja
2021-03-22,30.3,23.1,26.7,0.0,12.9,16.17,71,957.7,55,20.7,Abuja
2021-03-23,31.0,23.5,26.3,0.2,15.2,12.96,72,959.7,68,20.4,Abuja
2021-03-24,31.7,23.6,26.8,0.0,11.0,17.71,65,960.3,76,19.5,Abuja
2021-03-25,30.0,23.0,26.0,0.0,10.2,12.26,67,960.8,97,19.2,Abuja
2021-03-26,35.2,23.2,28.0,0.1,16.6,22.95,53,959.8,47,15.7,Abuja
2021-03-27,34.9,23.6,28.8,0.0,18.1,24.34,23,959.6,41,4.8,Abuja
2021-03-28,35.7,23.8,29.1,0.0,20.0,24.47,20,959.6,11,3.4,Abuja
2021-03-29,35.6,23.9,29.2,0.0,18.8,23.9,22,959.7,27,4.6,Abuja
2021-03-30,35.7,22.9,28.9,0.0,13.6,24.2,23,959.2,75,4.9,Abuja
2021-03-31,35.9,24.4,29.5,0.0,17.6,24.61,18,958.7,45,2.2,Abuja
2021-04-01,35.9,22.9,29.4,0.0,16.8,24.67,19,959.4,18,2.7,Abuja
2021-04-02,36.5,25.6,30.2,0.0,19.4,24.78,16,959.8,24,1.1,Abuja
2021-04-03,36.4,25.7,30.5,0.0,19.1,23.48,16,959.3,48,1.4,Abuja
2021-04-04,36.9,24.3,30.1,0.0,12.3,24.49,22,958.9,30,5.3,Abuja
2021-04-05,36.0,24.3,30.1,0.0,11.3,22.03,31,958.6,9,10.6,Abuja
2021-04-06,36.9,25.1,30.4,0.0,11.5,22.05,42,958.6,25,15.2,Abuja
2021-04-07,36.5,24.2,30.4,0.0,13.3,21.38,44,958.9,58,15.7,Abuja
2021-04-08,37.2,25.3,30.4,0.3,17.1,21.31,49,958.5,61,18.2,Abuja
2021-04-09,34.1,24.5,29.2,0.0,11.9,20.31,59,958.2,81,20.1,Abuja
2021-04-10,36.1,24.4,30.0,0.2,9.1,19.04,52,957.3,89,18.3,Abuja
2021-04-11,36.0,25.3,30.4,0.0,13.4,20.98,49,957.9,51,18.0,Abuja
2021-04-12,37.7,24.8,29.8,0.0,16.9,19.67,54,959.8,63,18.3,Abuja
2021-04-13,34.9,25.9,30.3,0.0,10.7,22.54,46,960.4,39,16.8,Abuja
2021-04-14,35.3,24.0,29.0,0.0,13.1,21.4,57,960.1,90,18.7,Abuja
2021-04-15,36.8,24.6,30.0,0.0,11.1,22.62,49,959.1,51,16.9,Abuja
2021-04-16,36.3,24.5,29.9,0.0,11.5,23.79,48,957.7,43,16.8,Abuja
2021-04-17,34.2,25.3,29.2,0.5,11.3,20.22,60,958.5,75,20.0,Abuja
2021-04-18,31.6,24.8,27.5,0.0,10.5,17.92,66,959.9,88,20.3,Abuja
2021-04-19,33.8,23.1,28.4,0.0,9.5,23.8,60,959.3,73,19.2,Abuja
2021-04-20,34.1,23.8,28.6,0.0,11.6,23.27,64,958.7,77,20.6,Abuja
2021-04-21,32.9,24.7,28.6,0.0,11.5,18.6,64,959.0,80,20.9,Abuja
2021-04-22,34.2,23.1,28.0,0.2,11.2,18.89,69,959.5,98,20.9,Abuja
2021-04-23,33.7,23.9,28.6,0.0,8.3,22.92,61,958.9,62,20.0,Abuja
2021-04-24,32.5,24.6,28.4,0.0,11.2,21.94,60,958.9,92,19.6,Abuja
2021-04-25,33.8,23.4,28.4,0.0,7.9,20.2,61,959.0,80,19.7,Abuja
2021-04-26,33.9,24.7,29.2,0.0,7.2,22.01,57,958.9,76,19.3,Abuja
2021-04-27,32.9,24.4,28.6,0.0,10.0,21.58,60,957.6,57,19.9,Abuja
2021-04-28,33.3,23.3,28.0,0.0,11.2,20.79,64,958.4,72,19.9,Abuja
2021-04-29,34.7,23.6,28.8,0.0,11.5,23.17,57,958.8,65,18.6,Abuja
2021-04-30,35.0,24.0,29.1,0.0,14.4,23.44,56,958.6,81,18.9,Abuja
2021-05-01,34.8,24.7,29.5,0.0,11.3,22.99,57,958.4,27,19.5,Abuja
2021-05-02,34.8,24.4,29.2,0.0,8.9,22.06,60,958.3,81,19.9,Abuja
2021-05-03,33.1,24.1,27.2,8.2,12.2,18.6,73,958.5,80,21.5,Abuja
2021-05-04,30.8,23.3,26.6,0.0,10.2,17.09,75,959.1,94,21.4,Abuja
2021-05-05,31.7,24.2,27.5,0.0,8.0,20.94,69,959.2,66,21.2,Abuja
2021-05-06,29.4,24.2,26.3,0.5,13.0,12.48,74,960.4,86,21.3,Abuja
2021-05-07,30.3,23.2,26.5,0.0,9.8,16.21,68,962.0,89,19.8,Abuja
2021-05-08,31.6,23.1,26.8,0.7,9.8,17.57,71,962.0,60,20.6,Abuja
2021-05-09,27.1,21.8,24.2,13.5,9.5,8.54,85,962.4,98,21.4,Abuja
2021-05-10,28.1,22.8,25.1,0.0,11.6,10.33,72,961.8,86,19.5,Abuja
2021-05-11,31.8,22.4,27.0,0.0,6.9,21.19,69,961.1,51,20.4,Abuja
2021-05-12,31.3,23.3,26.9,0.0,9.2,22.76,72,960.7,51,21.2,Abuja
2021-05-13,30.4,22.7,25.9,0.0,16.4,20.46,73,960.5,42,20.5,Abuja
2021-05-14,32.0,22.6,27.0,0.0,8.6,22.06,68,959.8,18,20.3,Abuja
2021-05-15,32.0,24.1,27.8,0.2,7.4,19.99,68,959.9,49,21.0,Abuja
2021-05-16,31.3,22.7,27.0,0.0,6.6,21.65,73,959.8,70,21.4,Abuja
2021-05-17,32.6,23.0,27.1,0.0,12.8,17.61,71,960.3,72,20.9,Abuja
2021-05-18,32.3,23.9,27.5,0.2,9.5,20.62,72,961.3,41,21.7,Abuja
2021-05-19,33.7,23.4,27.6,0.0,9.7,22.97,69,960.9,58,21.1,Abuja
2021-05-20,30.6,23.8,27.2,0.2,9.8,18.61,74,961.3,83,22.0,Abuja
2021-05-21,31.6,23.3,26.9,2.0,12.9,21.34,75,961.3,47,21.9,Abuja
2021-05-22,30.4,21.6,25.9,0.2,11.0,19.16,73,962.3,79,20.4,Abuja
2021-05-23,31.7,22.9,27.0,0.0,7.1,19.62,72,961.8,82,21.3,Abuja
2021-05-24,32.3,23.9,27.8,0.0,6.6,21.9,69,961.4,71,21.3,Abuja
2021-05-25,32.1,24.3,27.7,0.2,9.0,20.3,74,960.6,68,22.5,Abuja
2021-05-26,30.8,23.9,27.5,0.0,12.0,19.92,74,960.5,52,22.3,Abuja
2021-05-27,29.3,22.6,25.6,0.5,14.8,14.2,82,960.9,68,22.3,Abuja
2021-05-28,30.7,23.4,26.7,0.6,8.6,17.44,76,960.7,63,22.0,Abuja
2021-05-29,30.7,24.1,27.2,0.9,6.8,19.38,73,960.5,86,21.9,Abuja
2021-05-30,32.4,23.9,27.8,0.0,9.2,21.13,72,958.9,79,22.0,Abuja
2021-05-31,32.9,23.6,27.6,0.0,10.0,22.91,68,959.2,48,20.9,Abuja
2021-06-01,29.6,23.7,26.2,0.7,11.9,13.71,81,960.1,82,22.5,Abuja
2021-06-02,30.2,24.0,26.7,0.1,8.4,13.4,75,961.1,92,21.5,Abuja
2021-06-03,32.3,23.1,27.3,1.5,14.4,22.18,65,960.9,32,19.8,Abuja
2021-06-04,30.6,23.2,25.3,15.6,9.0,16.28,81,961.1,76,21.6,Abuja
2021-06-05,29.2,22.8,24.8,1.0,11.2,13.91,83,961.2,89,21.5,Abuja
2021-06-06,29.5,21.9,25.6,0.1,7.3,20.37,70,961.0,49,19.5,Abuja
2021-06-07,31.8,22.4,26.7,0.0,7.7,23.11,71,960.6,25,20.7,Abuja
2021-06-08,31.9,24.0,27.0,1.3,8.0,21.92,71,960.3,31,21.1,Abuja
2021-06-09,29.8,23.2,26.0,0.0,10.5,18.36,76,960.6,87,21.3,Abuja
2021-06-10,32.4,21.5,26.5,0.1,7.9,23.8,75,959.6,54,21.2,Abuja
2021-06-11,30.3,23.7,26.2,0.0,10.7,20.17,74,959.6,69,21.0,Abuja
2021-06-12,30.0,22.3,25.3,0.3,11.6,17.54,77,962.3,95,20.8,Abuja
2021-06-13,30.5,23.2,26.6,0.0,11.2,21.23,76,962.4,68,21.7,Abuja
2021-06-14,31.9,22.4,26.5,4.3,11.6,19.86,75,961.5,78,21.3,Abuja
2021-06-15,30.0,22.5,25.5,4.7,9.4,17.01,83,961.6,79,22.2,Abuja
2021-06-16,29.4,22.2,24.9,0.0,11.9,13.23,82,961.6,89,21.5,Abuja
2021-06-17,27.9,22.0,24.9,0.3,7.9,15.97,78,963.4,50,20.8,Abuja
2021-06-18,29.9,21.9,25.7,0.1,9.2,20.02,76,963.0,55,21.1,Abuja
2021-06-19,29.8,22.4,25.9,0.0,7.4,19.97,76,962.4,60,21.1,Abuja
2021-06-20,28.8,22.1,25.3,2.3,9.0,16.8,80,962.4,80,21.4,Abuja
2021-06-21,27.5,21.5,24.6,0.8,9.8,16.4,81,962.7,82,21.1,Abuja
2021-06-22,26.8,21.2,23.0,2.6,7.7,10.31,91,962.3,83,21.3,Abuja
2021-06-23,28.7,20.7,24.6,0.1,10.0,19.72,79,961.9,79,20.4,Abuja
2021-06-24,29.4,20.9,24.9,0.0,9.4,19.17,75,962.1,69,19.8,Abuja
2021-06-25,31.3,22.7,26.3,5.4,10.0,21.92,74,961.5,36,20.9,Abuja
2021-06-26,30.5,22.7,25.9,0.2,13.5,18.85,75,960.2,81,20.9,Abuja
2021-06-27,30.1,21.7,25.5,0.0,8.6,18.06,76,960.6,86,20.7,Abuja
2021-06-28,29.4,22.3,24.8,0.1,6.6,18.43,78,962.4,68,20.5,Abuja
2021-06-29,28.3,22.4,24.3,6.3,9.3,15.16,84,963.5,87,21.3,Abuja
2021-06-30,28.0,21.2,24.3,8.4,7.1,16.25,84,963.6,93,21.3,Abuja
2021-07-01,28.0,22.1,24.6,4.9,7.9,16.15,82,962.7,78,21.1,Abuja
2021-07-02,27.8,22.2,24.6,0.8,9.4,15.3,84,962.5,88,21.7,Abuja
2021-07-03,26.4,21.8,23.2,1.1,11.2,11.72,87,962.4,86,21.0,Abuja
2021-07-04,28.4,21.0,23.9,3.0,7.9,19.69,79,963.6,88,20.0,Abuja
2021-07-05,27.3,20.6,24.1,0.1,8.8,15.68,80,963.9,60,20.1,Abuja
2021-07-06,27.2,21.3,24.1,0.1,13.7,15.1,81,962.4,66,20.5,Abuja
2021-07-07,28.8,19.7,24.2,0.0,11.3,19.61,80,961.3,48,20.3,Abuja
2021-07-08,28.8,21.7,24.5,3.1,11.3,19.18,83,962.6,73,21.2,Abuja
2021-07-09,26.0,21.7,23.1,5.8,9.8,11.69,89,963.4,99,21.1,Abuja
2021-07-10,27.1,21.5,23.4,10.4,12.4,14.12,88,963.3,77,21.2,Abuja
2021-07-11,28.4,20.5,24.5,1.1,7.2,20.24,81,963.1,52,20.7,Abuja
2021-07-12,26.5,21.8,23.6,3.1,7.2,13.08,90,963.6,96,21.8,Abuja
2021-07-13,27.0,19.9,23.8,0.1,6.8,15.93,82,962.8,89,20.2,Abuja
2021-07-14,27.9,21.7,24.6,2.1,8.4,20.28,80,962.2,50,20.7,Abuja
2021-07-15,27.5,21.6,23.8,1.3,10.4,12.79,87,961.4,97,21.4,Abuja
2021-07-16,27.4,21.4,23.8,4.8,12.1,11.52,86,962.2,99,21.1,Abuja
2021-07-17,27.9,20.2,23.4,1.7,12.6,19.27,84,963.8,79,20.2,Abuja
2021-07-18,27.6,22.1,24.5,1.0,12.3,17.49,81,962.7,83,20.9,Abuja
2021-07-19,27.9,22.2,24.5,1.4,10.9,17.41,82,962.2,83,21.1,Abuja
2021-07-20,27.4,21.6,23.8,2.4,12.1,16.33,87,963.5,82,21.4,Abuja
2021-07-21,28.0,21.2,23.9,1.5,11.6,16.64,85,964.8,72,21.1,Abuja
2021-07-22,26.3,21.9,23.4,5.9,10.1,11.91,89,965.0,85,21.5,Abuja
2021-07-23,25.3,21.6,23.0,32.1,12.4,9.56,88,964.0,94,20.9,Abuja
2021-07-24,24.8,21.0,22.2,12.8,11.0,10.23,93,963.2,85,21.0,Abuja
2021-07-25,27.6,19.6,23.4,0.9,10.6,18.53,83,962.4,56,20.1,Abuja
2021-07-26,23.5,21.5,22.4,10.5,9.2,7.1,95,962.1,97,21.5,Abuja
2021-07-27,22.1,20.9,21.6,8.6,11.8,5.19,94,962.4,97,20.5,Abuja
2021-07-28,25.6,20.9,22.8,0.1,8.4,9.42,85,962.5,97,20.0,Abuja
2021-07-29,28.4,21.1,24.2,0.0,9.9,20.94,78,962.3,52,20.1,Abuja
2021-07-30,24.0,20.9,22.3,22.5,9.8,7.62,93,962.6,95,21.0,Abuja
2021-07-31,26.1,21.0,23.0,4.8,10.7,13.14,88,963.8,75,20.8,Abuja
2021-08-01,23.7,21.2,22.8,5.9,5.9,5.26,93,964.8,95,21.6,Abuja
2021-08-02,27.6,21.2,23.4,1.6,17.9,15.79,87,963.7,96,21.0,Abuja
2021-08-03,27.8,21.3,23.7,0.7,8.5,15.96,79,963.0,90,19.5,Abuja
2021-08-04,27.4,21.3,23.7,8.8,10.7,15.62,87,963.4,82,21.3,Abuja
2021-08-05,26.5,21.3,23.3,12.8,11.4,16.8,90,965.3,78,21.4,Abuja
2021-08-06,27.4,20.7,23.9,0.8,11.7,17.78,86,964.2,80,21.3,Abuja
2021-08-07,25.3,20.9,22.9,4.5,15.0,13.56,89,963.3,98,21.0,Abuja
2021-08-08,25.2,20.4,22.6,6.4,12.0,11.49,90,963.4,95,20.9,Abuja
2021-08-09,24.7,20.9,22.3,19.4,11.1,10.13,91,964.5,89,20.7,Abuja
2021-08-10,27.0,20.8,23.1,21.3,8.8,17.71,90,963.3,85,21.4,Abuja
2021-08-11,23.9,20.9,22.1,8.3,16.3,9.96,93,962.0,95,20.9,Abuja
2021-08-12,23.3,20.6,21.7,9.4,8.9,7.88,95,962.7,100,20.8,Abuja
2021-08-13,26.2,20.7,22.5,14.4,12.6,11.84,91,963.2,93,20.8,Abuja
2021-08-14,25.6,21.0,22.5,4.9,10.8,13.18,93,962.1,89,21.2,Abuja
2021-08-15,27.2,21.2,23.2,8.0,10.1,15.64,90,960.7,82,21.4,Abuja
2021-08-16,25.4,21.3,22.6,5.1,11.6,10.63,94,961.8,98,21.7,Abuja
2021-08-17,25.2,21.0,22.7,4.2,6.3,10.35,90,963.4,93,21.0,Abuja
2021-08-18,26.8,20.9,22.9,5.6,14.8,15.87,88,963.4,92,20.7,Abuja
2021-08-19,26.9,20.7,23.2,56.5,11.9,16.14,86,961.4,94,20.6,Abuja
2021-08-20,28.6,21.1,24.1,3.8,8.9,19.98,83,960.7,68,20.6,Abuja
2021-08-21,26.6,20.7,23.5,3.2,12.6,15.44,85,961.7,75,20.7,Abuja
2021-08-22,27.7,20.7,23.7,10.6,9.2,19.03,86,961.3,84,21.1,Abuja
2021-08-23,29.3,21.4,23.9,6.5,9.4,18.66,85,959.9,89,21.1,Abuja
2021-08-24,28.0,21.5,24.0,7.9,10.9,18.56,87,959.3,72,21.5,Abuja
2021-08-25,27.2,22.0,23.4,8.7,8.1,13.83,91,959.9,97,21.8,Abuja
2021-08-26,27.5,21.0,23.5,19.9,12.2,15.34,87,961.0,95,21.0,Abuja
2021-08-27,28.6,21.5,24.4,0.8,13.4,19.4,83,961.9,85,21.0,Abuja
2021-08-28,29.2,21.2,24.1,0.1,6.8,19.37,84,961.5,83,21.0,Abuja
2021-08-29,29.1,21.5,24.2,5.1,9.5,20.48,84,960.1,76,21.2,Abuja
2021-08-30,28.5,21.8,24.8,2.1,9.7,15.82,82,960.3,81,21.4,Abuja
2021-08-31,30.8,21.4,25.4,0.5,10.0,23.19,80,960.2,71,21.3,Abuja
2021-09-01,29.1,21.7,24.3,11.1,7.4,17.87,86,959.4,59,21.7,Abuja
2021-09-02,28.2,21.0,23.6,3.9,14.8,18.1,86,961.2,72,21.0,Abuja
2021-09-03,27.0,21.3,23.5,12.4,10.5,12.38,86,961.7,96,20.9,Abuja
2021-09-04,27.9,21.0,23.3,24.6,9.4,13.03,90,961.4,94,21.5,Abuja
2021-09-05,27.4,22.0,24.2,7.2,9.2,15.48,83,961.6,87,21.1,Abuja
2021-09-06,28.2,21.2,24.3,0.5,12.0,15.1,80,962.3,98,20.6,Abuja
2021-09-07,27.9,21.2,23.3,7.5,14.1,17.0,84,961.5,96,20.3,Abuja
2021-09-08,28.8,19.5,24.0,1.3,8.9,22.35,75,961.0,50,19.0,Abuja
2021-09-09,31.1,21.2,25.6,0.3,6.6,23.91,75,961.4,66,20.5,Abuja
2021-09-10,27.6,21.3,23.9,10.5,9.0,15.69,87,962.2,85,21.6,Abuja
2021-09-11,27.7,21.8,24.2,3.2,8.9,12.27,87,962.8,75,21.9,Abuja
2021-09-12,29.5,21.7,25.2,0.1,10.0,21.78,82,961.3,68,21.7,Abuja
2021-09-13,27.3,21.5,22.9,20.0,14.9,7.41,92,960.9,98,21.6,Abuja
2021-09-14,27.8,21.1,23.7,3.6,10.5,18.3,88,961.4,83,21.4,Abuja
2021-09-15,29.0,21.6,24.5,3.5,8.7,17.79,83,962.6,73,21.3,Abuja
2021-09-16,28.9,20.8,24.3,12.2,8.4,20.56,87,962.8,67,21.8,Abuja
2021-09-17,27.8,21.2,23.8,10.2,12.3,10.11,88,962.4,94,21.6,Abuja
2021-09-18,28.7,21.4,24.8,1.2,8.3,19.26,81,961.6,77,21.0,Abuja
2021-09-19,29.0,20.4,24.6,0.5,7.6,19.88,83,961.5,38,21.3,Abuja
2021-09-20,29.2,22.4,24.8,2.0,9.4,18.71,85,960.8,65,22.0,Abuja
2021-09-21,27.7,21.7,23.8,8.3,8.4,14.81,89,960.8,89,21.7,Abuja
2021-09-22,24.4,20.7,22.3,6.0,7.8,7.12,93,961.9,96,21.1,Abuja
2021-09-23,28.4,20.4,24.1,0.0,9.9,17.85,79,961.7,70,20.1,Abuja
2021-09-24,29.6,21.9,24.7,0.9,7.8,18.1,82,961.9,82,21.2,Abuja
2021-09-25,27.6,21.4,24.3,1.6,7.2,12.83,83,961.9,73,21.1,Abuja
2021-09-26,29.3,20.8,24.5,0.0,8.9,20.15,80,961.9,50,20.4,Abuja
2021-09-27,30.1,22.3,24.3,1.8,10.5,16.08,82,961.3,79,20.9,Abuja
2021-09-28,29.1,21.0,25.1,0.0,8.4,20.36,79,960.1,53,20.9,Abuja
2021-09-29,28.2,21.9,23.8,7.1,14.1,14.59,85,960.4,89,21.0,Abuja
2021-09-30,29.9,19.8,24.7,0.1,7.9,23.04,77,960.9,45,20.0,Abuja
2021-10-01,30.4,22.5,25.4,0.8,9.0,20.84,81,961.1,83,21.5,Abuja
2021-10-02,30.6,21.6,25.3,3.2,6.8,19.54,83,960.3,54,22.1,Abuja
2021-10-03,30.8,21.8,25.4,0.7,8.6,21.57,81,960.3,45,21.8,Abuja
2021-10-04,31.4,22.0,26.1,0.1,11.3,22.77,79,960.3,35,21.9,Abuja
2021-10-05,31.8,22.5,26.0,1.2,9.5,19.21,75,960.3,83,21.0,Abuja
2021-10-06,30.2,22.0,25.2,2.2,8.3,20.41,80,960.7,77,21.4,Abuja
2021-10-07,29.3,21.6,24.7,6.0,8.0,15.62,84,960.6,93,21.7,Abuja
2021-10-08,31.5,21.1,26.2,0.0,6.8,21.72,76,958.5,78,21.2,Abuja
2021-10-09,30.9,23.2,26.5,0.9,10.8,21.26,76,959.4,94,21.7,Abuja
2021-10-10,30.0,22.7,25.6,0.3,7.4,18.26,81,960.9,93,21.8,Abuja
2021-10-11,30.8,21.6,25.9,0.0,8.7,20.96,76,961.1,53,21.0,Abuja
2021-10-12,31.5,22.6,26.7,0.2,7.1,23.94,73,960.2,41,21.2,Abuja
2021-10-13,31.6,22.8,26.6,0.2,6.6,23.6,74,959.7,12,21.2,Abuja
2021-10-14,30.5,22.1,25.8,0.0,6.9,21.88,79,960.2,23,21.5,Abuja
2021-10-15,30.0,22.4,25.9,0.0,11.3,22.0,74,959.7,52,20.8,Abuja
2021-10-16,29.9,21.5,25.7,0.0,10.5,23.4,73,959.3,16,20.1,Abuja
2021-10-17,29.3,21.5,24.8,6.7,9.4,19.08,78,959.9,71,20.5,Abuja
2021-10-18,28.5,21.8,24.7,6.4,5.8,17.41,82,960.3,81,21.2,Abuja
2021-10-19,30.2,21.0,24.8,11.5,12.6,18.12,82,960.6,89,21.3,Abuja
2021-10-20,28.2,21.0,23.7,10.9,7.7,14.05,89,961.6,97,21.6,Abuja
2021-10-21,30.8,22.0,25.1,2.9,7.6,20.83,83,960.8,78,21.9,Abuja
2021-10-22,30.0,22.0,24.8,6.3,11.1,20.57,82,960.5,60,21.4,Abuja
2021-10-23,27.0,21.7,23.7,1.7,11.8,9.66,85,962.5,75,20.9,Abuja
2021-10-24,32.1,21.2,25.5,0.0,12.6,20.67,77,962.1,65,20.7,Abuja
2021-10-25,31.0,22.4,26.4,0.0,7.2,22.37,74,960.9,27,21.2,Abuja
2021-10-26,29.8,21.5,24.1,10.1,8.7,16.31,85,961.9,90,21.4,Abuja
2021-10-27,31.1,21.2,25.8,0.0,5.4,21.68,78,961.1,74,21.3,Abuja
2021-10-28,30.2,22.5,25.8,0.2,7.3,20.69,78,960.7,29,21.4,Abuja
2021-10-29,32.9,21.8,26.7,0.0,7.0,22.61,69,959.3,64,19.9,Abuja
2021-10-30,30.9,21.6,26.2,0.0,8.0,21.93,70,959.8,93,19.9,Abuja
2021-10-31,32.8,21.0,25.9,0.0,16.1,22.18,69,960.9,91,19.2,Abuja
2021-11-01,30.6,21.5,25.9,0.0,8.3,22.13,69,961.5,38,19.6,Abuja
2021-11-02,30.1,21.3,25.3,0.0,7.7,20.97,74,961.9,82,20.1,Abuja
2021-11-03,32.2,21.2,26.1,0.0,6.9,22.15,71,960.9,35,19.8,Abuja
2021-11-04,30.8,22.6,25.9,0.3,9.0,19.71,75,960.6,56,20.9,Abuja
2021-11-05,30.8,21.8,25.5,4.3,10.3,20.21,80,960.3,59,21.7,Abuja
2021-11-06,32.9,21.3,26.3,0.0,7.6,22.32,69,959.4,33,19.3,Abuja
2021-11-07,30.1,21.4,25.9,0.0,6.1,20.84,71,959.0,99,20.0,Abuja
2021-11-08,31.2,22.7,26.4,0.0,7.6,21.72,69,958.5,79,19.9,Abuja
2021-11-09,31.1,21.4,25.7,0.5,6.8,20.47,78,959.3,78,21.3,Abuja
2021-11-10,31.9,21.5,26.3,0.1,9.9,20.9,75,959.9,65,21.2,Abuja
2021-11-11,30.7,23.4,26.6,0.0,7.2,21.0,74,960.0,52,21.4,Abuja
2021-11-12,31.8,21.3,26.0,0.0,6.9,20.16,74,958.8,100,20.3,Abuja
2021-11-13,32.2,22.0,26.3,0.0,7.5,20.71,68,959.0,75,19.5,Abuja
2021-11-14,31.2,22.6,26.6,0.0,9.0,20.16,65,959.8,89,19.2,Abuja
2021-11-15,30.4,22.2,25.9,0.1,7.9,20.6,72,960.2,83,20.2,Abuja
2021-11-16,32.3,22.0,26.3,0.0,8.9,20.24,66,959.1,95,19.2,Abuja
2021-11-17,30.9,21.9,26.1,0.1,6.6,20.58,71,959.3,77,20.1,Abuja
2021-11-18,33.8,22.2,26.9,0.0,9.1,21.24,63,959.8,53,18.4,Abuja
2021-11-19,34.4,22.0,27.1,0.0,14.7,21.78,56,959.5,20,16.6,Abuja
2021-11-20,32.9,20.9,26.6,0.0,9.5,21.78,58,959.2,59,17.1,Abuja
2021-11-21,32.8,22.3,26.8,0.0,10.0,20.44,65,958.4,29,19.1,Abuja
2021-11-22,31.7,22.9,26.7,0.0,10.4,20.08,63,959.7,61,18.8,Abuja
2021-11-23,35.1,22.3,27.5,0.0,8.2,21.4,54,960.5,62,16.1,Abuja
2021-11-24,33.9,22.7,27.2,0.0,7.3,21.26,58,960.2,72,17.5,Abuja
2021-11-25,34.8,22.6,27.1,0.0,8.7,21.25,58,959.2,30,16.6,Abuja
2021-11-26,33.7,21.8,27.1,0.0,11.2,21.58,46,959.5,40,13.1,Abuja
2021-11-27,33.6,21.2,26.6,0.0,11.5,21.85,39,959.4,50,10.2,Abuja
2021-11-28,34.2,21.3,26.7,0.0,10.4,21.32,44,959.6,67,12.0,Abuja
2021-11-29,33.4,21.0,26.4,0.0,11.0,21.78,40,959.3,28,10.7,Abuja
2021-11-30,34.0,20.0,26.7,0.0,11.2,21.47,44,959.8,48,11.9,Abuja
2021-12-01,34.3,21.3,27.0,0.0,18.9,21.64,33,958.9,78,8.4,Abuja
2021-12-02,32.9,21.7,26.4,0.0,12.0,21.36,40,958.4,65,10.7,Abuja
2021-12-03,32.7,21.9,26.8,0.0,16.6,21.36,38,959.1,47,10.8,Abuja
2021-12-04,33.4,19.8,26.6,0.0,9.2,21.18,47,959.7,45,13.5,Abuja
2021-12-05,33.3,20.3,26.6,0.0,13.4,20.95,42,959.4,92,11.7,Abuja
2021-12-06,33.4,21.3,26.7,0.0,13.8,20.93,38,960.0,94,10.5,Abuja
2021-12-07,32.7,19.4,26.2,0.0,10.7,20.82,45,960.7,72,12.4,Abuja
2021-12-08,32.8,20.8,26.2,0.0,15.0,21.21,34,960.9,38,8.3,Abuja
2021-12-09,33.3,20.8,26.3,0.0,14.7,21.17,34,959.3,1,8.5,Abuja
2021-12-10,33.1,20.4,26.1,0.0,13.0,21.32,37,958.0,30,9.4,Abuja
2021-12-11,33.4,22.2,26.6,0.0,17.6,21.09,29,957.8,44,6.4,Abuja
2021-12-12,33.9,21.0,26.9,0.0,15.9,20.66,32,958.4,90,7.7,Abuja
2021-12-13,34.3,21.1,27.0,0.0,15.3,20.96,31,958.6,79,7.5,Abuja
2021-12-14,33.3,21.8,26.4,0.0,13.9,21.02,32,958.2,47,7.8,Abuja
2021-12-15,32.6,20.5,26.2,0.0,15.9,20.83,31,958.9,60,7.6,Abuja
2021-12-16,32.8,21.0,26.1,0.0,17.7,20.81,28,959.9,11,6.0,Abuja
2021-12-17,32.5,20.8,25.9,0.0,18.8,20.82,27,960.8,16,5.1,Abuja
2021-12-18,31.5,17.9,24.5,0.0,18.1,20.93,33,960.7,35,6.4,Abuja
2021-12-19,31.5,19.3,24.8,0.0,17.3,20.78,32,960.3,31,6.4,Abuja
2021-12-20,32.2,19.7,25.3,0.0,16.5,20.66,30,960.3,14,6.1,Abuja
2021-12-21,33.2,20.4,26.0,0.0,16.8,20.67,29,960.2,43,5.9,Abuja
2021-12-22,33.6,19.9,26.3,0.0,14.0,20.29,30,960.5,40,6.9,Abuja
2021-12-23,34.7,21.7,27.4,0.0,17.6,20.31,28,959.5,45,6.7,Abuja
2021-12-24,34.0,21.9,27.2,0.0,14.6,20.57,27,959.2,55,5.6,Abuja
2021-12-25,34.1,20.8,27.1,0.0,14.3,20.57,30,959.5,73,7.3,Abuja
2021-12-26,34.0,22.4,27.5,0.0,16.3,19.65,27,959.6,73,6.3,Abuja
2021-12-27,34.4,22.4,27.7,0.0,15.5,20.38,30,960.3,14,7.9,Abuja
2021-12-28,33.3,21.3,26.6,0.0,14.6,19.55,26,960.6,61,5.0,Abuja
2021-12-29,32.6,20.2,26.3,0.0,15.3,19.14,26,961.1,69,4.8,Abuja
2021-12-30,33.0,21.4,26.4,0.0,13.7,20.06,24,960.2,36,3.8,Abuja
2021-12-31,32.9,21.2,26.8,0.0,14.3,20.34,25,960.5,20,4.8,Abuja
2022-01-01,32.7,22.0,26.8,0.0,15.7,20.35,24,960.8,64,4.2,Abuja
2022-01-02,33.6,21.5,26.7,0.0,16.9,20.39,22,960.0,31,3.3,Abuja
2022-01-03,32.8,21.1,26.2,0.0,17.8,20.29,22,960.1,45,2.2,Abuja
2022-01-04,31.6,20.7,25.4,0.0,16.1,18.87,27,961.0,88,4.8,Abuja
2022-01-05,32.5,20.7,26.3,0.0,11.4,19.77,32,960.9,85,7.0,Abuja
2022-01-06,34.0,22.3,27.6,0.0,14.0,19.61,27,959.6,58,6.6,Abuja
2022-01-07,34.5,21.8,28.1,0.0,9.8,20.28,32,959.7,23,9.2,Abuja
2022-01-08,34.2,21.6,28.1,0.0,11.3,20.25,34,959.5,47,10.5,Abuja
2022-01-09,34.3,23.1,28.3,0.0,14.0,20.28,32,959.4,23,9.5,Abuja
2022-01-10,33.7,23.0,27.9,0.0,19.5,20.29,28,958.4,30,7.6,Abuja
2022-01-11,33.3,20.3,27.0,0.0,15.1,20.43,24,959.0,34,4.3,Abuja
2022-01-12,34.4,20.2,27.6,0.0,10.5,20.26,31,960.1,18,8.1,Abuja
2022-01-13,33.7,20.5,27.6,0.0,9.7,20.08,37,961.3,69,11.2,Abuja
2022-01-14,33.1,22.6,27.8,0.0,15.0,18.75,30,961.6,61,7.8,Abuja
2022-01-15,34.9,23.5,28.7,0.0,14.1,18.86,24,960.4,80,5.1,Abuja
2022-01-16,32.8,20.7,27.0,0.0,10.4,17.71,32,961.1,87,8.7,Abuja
2022-01-17,32.3,22.0,26.4,0.0,15.6,18.63,34,962.1,61,8.9,Abuja
2022-01-18,31.1,20.5,25.7,0.0,15.5,18.71,29,963.3,77,5.9,Abuja
2022-01-19,32.1,20.1,25.5,0.0,17.4,20.79,24,962.6,54,3.3,Abuja
2022-01-20,33.1,19.6,25.9,0.0,16.1,20.78,22,961.7,83,1.9,Abuja
2022-01-21,32.8,19.3,25.9,0.0,15.3,21.06,23,961.1,61,2.5,Abuja
2022-01-22,34.0,20.2,26.7,0.0,17.4,21.12,21,961.0,0,2.3,Abuja
2022-01-23,33.8,20.6,26.8,0.0,17.1,21.35,20,960.7,0,1.2,Abuja
2022-01-24,34.1,21.2,27.0,0.0,18.8,21.57,17,959.8,0,-0.1,Abuja
2022-01-25,34.5,20.5,26.7,0.0,18.2,21.6,17,959.6,14,-0.7,Abuja
2022-01-26,34.7,20.8,26.7,0.0,18.6,21.83,17,959.3,13,-1.0,Abuja
2022-01-27,33.7,19.1,26.0,0.0,14.2,21.79,20,959.9,19,0.7,Abuja
2022-01-28,33.8,20.0,26.5,0.0,17.6,21.91,20,960.4,44,1.3,Abuja
2022-01-29,35.2,20.2,26.7,0.0,19.9,21.82,18,960.6,75,-0.7,Abuja
2022-01-30,34.3,20.6,26.7,0.0,21.9,22.23,13,960.8,75,-3.9,Abuja
2022-01-31,33.3,20.6,26.1,0.0,22.4,22.53,14,960.0,17,-3.8,Abuja
2022-02-01,32.7,19.3,25.4,0.0,16.9,22.43,17,959.9,24,-1.9,Abuja
2022-02-02,33.7,20.1,26.4,0.0,15.8,22.22,18,960.2,26,-0.2,Abuja
2022-02-03,33.2,21.3,26.3,0.0,14.0,22.08,19,961.4,49,0.2,Abuja
2022-02-04,34.1,20.4,26.7,0.0,17.9,22.25,15,961.6,7,-2.3,Abuja
2022-02-05,34.8,20.9,27.2,0.0,18.1,22.32,14,960.9,3,-3.2,Abuja
2022-02-06,34.0,21.0,27.1,0.0,17.1,22.52,16,960.3,0,-1.7,Abuja
2022-02-07,35.0,18.8,27.1,0.0,13.0,22.62,22,960.1,40,1.8,Abuja
2022-02-08,35.8,21.8,28.1,0.0,15.1,22.61,19,959.7,26,1.4,Abuja
2022-02-09,35.5,22.0,28.6,0.0,21.9,22.74,18,959.6,31,1.3,Abuja
2022-02-10,36.2,24.3,29.4,0.0,20.1,23.05,11,959.2,34,-4.5,Abuja
2022-02-11,36.2,23.3,28.8,0.0,19.6,23.53,11,958.1,15,-5.1,Abuja
2022-02-12,35.9,22.5,28.5,0.0,18.3,23.09,14,958.9,61,-2.7,Abuja
2022-02-13,36.1,21.7,28.7,0.0,17.6,22.88,15,959.4,59,-0.9,Abuja
2022-02-14,37.8,23.8,29.9,0.0,18.4,23.18,11,959.1,52,-4.2,Abuja
2022-02-15,36.7,24.0,29.8,0.0,18.3,23.21,12,959.3,29,-3.0,Abuja
2022-02-16,34.4,22.8,28.7,0.0,16.3,21.95,25,959.4,21,5.8,Abuja
2022-02-17,36.9,22.1,29.4,0.0,12.2,22.7,26,957.9,32,7.0,Abuja
2022-02-18,36.6,23.8,29.8,0.0,17.5,23.26,18,957.8,33,2.3,Abuja
2022-02-19,36.6,24.4,29.6,0.0,20.4,23.39,14,959.0,68,-1.1,Abuja
2022-02-20,34.5,23.3,28.2,0.0,18.9,23.11,18,960.4,80,1.6,Abuja
2022-02-21,35.5,22.8,28.5,0.0,13.7,23.46,17,959.9,39,0.5,Abuja
2022-02-22,35.9,23.1,28.8,0.0,18.7,23.43,16,960.0,21,-0.0,Abuja
2022-02-23,36.0,22.5,28.7,0.0,14.0,23.33,20,960.4,4,2.5,Abuja
2022-02-24,35.3,23.3,29.0,0.0,16.3,23.21,21,960.1,25,3.9,Abuja
2022-02-25,37.2,24.5,30.2,0.0,20.2,23.47,13,959.5,2,-1.1,Abuja
2022-02-26,37.0,24.2,30.2,0.0,19.1,23.58,14,958.8,49,-0.9,Abuja
2022-02-27,35.4,23.5,29.2,0.0,10.7,23.36,19,959.3,17,2.6,Abuja
2022-02-28,37.1,24.7,30.4,0.0,15.5,23.29,18,958.7,38,2.5,Abuja
2022-03-01,35.3,22.6,29.2,0.0,13.9,22.73,31,958.5,32,10.1,Abuja
2022-03-02,35.0,25.1,29.9,0.0,8.8,21.56,44,958.3,74,16.0,Abuja
2022-03-03,35.3,24.3,29.9,0.0,10.2,21.18,46,958.6,32,16.6,Abuja
2022-03-04,34.7,23.8,28.8,0.0,13.9,18.6,55,958.2,100,18.2,Abuja
2022-03-05,35.1,23.9,29.2,0.0,10.2,19.88,54,957.8,74,18.3,Abuja
2022-03-06,33.1,24.1,27.9,3.1,13.4,18.79,64,957.7,99,20.1,Abuja
2022-03-07,34.7,23.7,28.7,0.0,10.8,20.93,61,957.5,89,19.7,Abuja
2022-03-08,35.9,23.8,29.7,0.0,9.4,21.46,53,956.5,57,18.2,Abuja
2022-03-09,36.6,24.2,30.1,0.0,13.3,21.21,48,956.3,94,17.1,Abuja
2022-03-10,36.8,24.4,30.4,0.0,9.4,21.79,43,957.0,90,15.1,Abuja
2022-03-11,36.2,24.8,29.8,0.1,11.6,21.55,50,957.6,78,17.8,Abuja
2022-03-12,33.6,22.7,28.6,0.0,10.8,18.77,49,958.3,79,15.3,Abuja
2022-03-13,32.8,24.0,28.1,0.0,8.1,19.54,59,958.4,74,19.0,Abuja
2022-03-14,36.1,25.8,30.0,0.0,14.5,22.78,30,957.9,82,8.8,Abuja
2022-03-15,36.1,25.6,30.1,0.0,18.6,23.23,20,958.8,81,3.5,Abuja
2022-03-16,34.2,23.6,28.8,0.0,8.7,21.92,46,959.4,90,15.6,Abuja
2022-03-17,35.6,25.2,29.8,0.0,12.7,22.76,31,958.2,86,9.8,Abuja
2022-03-18,36.4,25.1,30.1,0.0,8.9,23.31,34,958.0,99,11.0,Abuja
2022-03-19,35.9,24.0,29.5,0.0,8.6,23.24,37,958.3,80,12.7,Abuja
2022-03-20,35.1,23.3,29.4,0.0,8.0,21.74,45,958.6,35,15.5,Abuja
2022-03-21,34.8,23.1,29.0,0.0,9.8,21.95,51,958.6,90,17.3,Abuja
2022-03-22,35.2,24.3,29.4,0.0,10.7,21.74,55,958.0,88,19.0,Abuja
2022-03-23,34.8,24.8,29.7,0.0,10.0,21.3,53,958.7,84,18.5,Abuja
2022-03-24,35.6,24.8,29.8,0.0,11.9,21.77,55,958.5,82,18.7,Abuja
2022-03-25,35.9,24.2,30.1,0.0,13.7,23.75,36,957.9,74,11.5,Abuja
2022-03-26,37.3,25.9,31.1,0.0,16.4,24.27,16,957.7,46,1.5,Abuja
2022-03-27,36.1,24.2,30.6,0.0,20.4,24.43,18,959.4,85,2.4,Abuja
2022-03-28,37.6,26.0,30.8,0.0,19.3,24.9,14,959.5,45,-1.1,Abuja
2022-03-29,35.3,23.7,29.3,0.0,15.9,23.57,28,958.4,11,7.5,Abuja
2022-03-30,36.3,24.6,30.2,0.0,11.2,22.95,39,956.6,48,14.1,Abuja
2022-03-31,36.4,25.5,30.8,0.0,11.0,22.12,40,956.7,70,15.2,Abuja
2022-04-01,35.8,24.5,30.0,0.0,12.5,22.11,46,958.0,71,16.5,Abuja
2022-04-02,35.2,24.1,29.4,0.2,11.6,22.01,55,958.7,98,18.7,Abuja
2022-04-03,33.8,23.8,28.8,0.0,10.8,23.5,57,958.4,72,18.9,Abuja
2022-04-04,32.8,24.0,28.3,0.9,11.8,20.42,59,959.1,90,19.2,Abuja
2022-04-05,35.3,24.3,28.7,0.3,16.0,20.44,59,959.3,76,19.4,Abuja
2022-04-06,34.5,23.2,28.6,0.0,10.5,20.99,63,959.0,100,20.3,Abuja
2022-04-07,35.5,24.7,28.3,5.0,7.7,20.16,68,958.5,79,21.2,Abuja
2022-04-08,34.3,23.6,28.0,2.7,13.0,20.28,69,958.8,51,21.2,Abuja
2022-04-09,30.7,23.0,26.1,4.1,10.5,13.63,69,958.9,98,19.7,Abuja
2022-04-10,32.7,22.1,27.3,0.0,9.6,14.71,59,958.4,95,17.7,Abuja
2022-04-11,34.0,24.7,28.5,0.0,12.7,18.99,53,957.8,78,17.8,Abuja
2022-04-12,31.7,24.0,26.9,0.6,12.6,15.51,67,958.4,94,20.2,Abuja
2022-04-13,32.8,22.6,27.1,5.9,11.8,19.68,69,957.7,100,20.4,Abuja
2022-04-14,31.2,21.9,26.4,9.6,11.8,17.33,73,958.6,98,20.9,Abuja
2022-04-15,28.2,22.5,25.0,0.6,14.6,11.17,75,959.9,100,20.1,Abuja
2022-04-16,31.6,21.8,26.6,0.0,9.7,20.88,69,959.5,52,20.1,Abuja
2022-04-17,33.6,22.7,27.1,1.9,11.6,20.65,70,958.4,78,20.6,Abuja
2022-04-18,31.7,22.5,26.2,0.0,8.9,20.83,75,959.5,98,20.8,Abuja
2022-04-19,32.1,23.6,25.7,7.3,9.4,13.84,79,960.5,100,21.7,Abuja
2022-04-20,33.2,23.6,27.0,1.1,14.3,20.52,78,959.4,73,22.4,Abuja
2022-04-21,31.5,22.8,25.8,2.0,12.4,18.09,81,959.2,93,22.0,Abuja
2022-04-22,32.7,22.9,27.4,0.0,8.4,23.25,70,958.6,59,21.0,Abuja
2022-04-23,33.1,23.5,27.3,0.9,14.1,23.69,71,958.5,54,21.2,Abuja
2022-04-24,31.1,23.4,26.9,0.1,13.5,16.11,74,958.4,97,21.5,Abuja
2022-04-25,32.7,22.6,26.8,0.4,10.0,22.5,70,958.3,72,20.6,Abuja
2022-04-26,32.1,22.7,26.9,0.0,9.4,21.46,71,958.2,88,20.7,Abuja
2022-04-27,31.8,23.1,27.1,0.0,11.3,22.92,67,958.5,76,20.2,Abuja
2022-04-28,32.4,23.7,26.7,1.9,14.9,14.99,74,959.5,82,21.3,Abuja
2022-04-29,28.4,22.0,24.9,6.3,16.2,14.82,77,960.1,94,20.5,Abuja
2022-04-30,30.3,21.3,25.7,0.1,7.1,19.2,76,961.1,88,20.9,Abuja
2022-05-01,32.0,23.2,27.4,0.0,8.5,20.98,69,961.3,77,20.8,Abuja
2022-05-02,31.4,22.7,26.8,0.0,20.1,21.6,73,960.3,72,21.4,Abuja
2022-05-03,30.2,22.1,26.0,0.0,7.6,13.31,75,959.7,78,21.0,Abuja
2022-05-04,32.1,21.8,26.3,4.7,23.5,10.87,76,960.5,94,21.6,Abuja
2022-05-05,32.9,22.5,26.8,17.6,21.3,21.26,77,960.6,99,22.0,Abuja
2022-05-06,28.3,23.0,25.1,10.3,11.8,11.19,87,960.7,100,22.6,Abuja
2022-05-07,31.9,22.8,26.5,0.3,8.0,22.73,76,960.1,53,21.5,Abuja
2022-05-08,34.4,21.7,27.3,8.4,17.9,23.22,71,959.2,65,20.9,Abuja
2022-05-09,30.7,23.3,26.1,5.3,11.5,19.81,80,959.9,57,22.2,Abuja
2022-05-10,28.7,22.6,25.4,13.3,12.6,14.61,82,960.3,100,22.1,Abuja
2022-05-11,30.7,22.7,26.5,15.0,15.0,22.33,74,960.8,54,21.1,Abuja
2022-05-12,30.9,22.7,27.0,2.2,7.5,21.3,75,960.9,80,21.9,Abuja
2022-05-13,31.1,23.7,26.6,2.0,11.4,21.5,78,960.6,84,22.3,Abuja
2022-05-14,31.1,22.3,25.9,1.3,10.4,21.75,82,960.8,92,22.4,Abuja
2022-05-15,30.7,23.6,26.0,14.9,8.5,14.9,81,961.0,89,22.4,Abuja
2022-05-16,30.8,22.4,26.5,0.2,8.3,23.54,75,961.3,62,21.5,Abuja
2022-05-17,30.4,23.2,26.7,0.0,7.7,20.66,74,960.9,77,21.5,Abuja
2022-05-18,30.6,22.8,26.6,0.0,7.0,20.47,74,959.5,91,21.4,Abuja
2022-05-19,29.2,23.0,25.2,7.2,8.2,14.95,83,960.5,95,22.0,Abuja
2022-05-20,31.1,22.1,25.2,14.1,9.0,14.43,85,961.6,100,22.1,Abuja
2022-05-21,28.9,22.6,24.8,0.6,9.1,15.56,83,962.1,96,21.6,Abuja
2022-05-22,29.2,22.2,25.0,0.5,10.9,16.24,83,962.3,82,21.7,Abuja
2022-05-23,28.2,21.8,24.0,2.1,8.2,14.63,86,961.7,90,21.3,Abuja
2022-05-24,29.8,21.5,25.2,0.0,7.9,22.57,75,962.2,47,20.1,Abuja
2022-05-25,29.6,22.1,25.3,0.0,10.2,20.15,77,963.6,75,20.7,Abuja
2022-05-26,27.4,21.5,24.6,0.0,10.1,13.68,81,964.0,77,21.0,Abuja
2022-05-27,28.8,21.3,25.3,0.1,9.4,17.44,78,963.5,83,20.9,Abuja
2022-05-28,30.9,23.0,26.6,0.0,7.7,22.11,71,961.3,52,20.7,Abuja
2022-05-29,29.5,22.1,25.8,0.1,10.7,20.48,74,960.7,29,20.7,Abuja
2022-05-30,30.7,22.7,25.7,0.3,12.1,19.43,76,960.3,64,21.0,Abuja
2022-05-31,29.5,21.9,25.7,0.2,10.1,20.85,76,960.7,95,21.1,Abuja
2022-06-01,30.3,22.1,25.7,0.0,8.4,21.03,73,959.8,97,20.3,Abuja
2022-06-02,31.3,23.0,26.4,0.1,9.3,22.4,73,958.5,52,21.0,Abuja
2022-06-03,29.8,22.4,25.6,1.6,14.2,18.35,77,958.5,90,21.1,Abuja
2022-06-04,28.1,21.4,24.9,8.2,13.3,15.15,79,960.0,99,20.9,Abuja
2022-06-05,27.7,20.5,23.7,4.1,7.6,16.59,82,960.9,94,20.3,Abuja
2022-06-06,29.3,22.3,25.3,0.0,6.9,16.41,75,961.9,86,20.3,Abuja
2022-06-07,29.6,22.7,25.8,0.3,10.7,22.15,75,961.2,65,20.9,Abuja
2022-06-08,30.0,21.4,25.5,0.6,10.1,21.93,74,960.9,95,20.3,Abuja
2022-06-09,29.6,21.9,25.0,0.3,9.4,18.13,81,959.8,45,21.3,Abuja
2022-06-10,28.7,21.9,24.1,16.8,9.5,15.22,85,960.4,88,21.3,Abuja
2022-06-11,29.0,21.0,23.4,23.4,8.6,13.87,89,961.8,97,21.3,Abuja
2022-06-12,28.7,19.9,24.2,0.5,5.6,16.62,83,962.6,94,20.9,Abuja
2022-06-13,29.8,22.4,25.4,1.3,8.8,21.5,79,961.2,88,21.2,Abuja
2022-06-14,27.4,21.5,24.2,1.2,13.1,15.04,85,960.2,69,21.4,Abuja
2022-06-15,27.9,20.8,24.0,5.3,7.2,17.99,86,960.8,78,21.3,Abuja
2022-06-16,26.9,21.3,23.3,10.2,11.7,12.36,87,961.0,100,20.9,Abuja
2022-06-17,24.6,20.5,22.0,22.4,8.2,9.55,91,962.0,100,20.5,Abuja
2022-06-18,27.3,20.6,23.5,0.8,8.3,19.12,84,962.6,93,20.4,Abuja
2022-06-19,27.9,20.6,23.4,0.1,7.6,11.84,84,962.5,86,20.5,Abuja
2022-06-20,29.1,22.1,24.8,0.7,9.6,14.01,81,962.2,92,21.1,Abuja
2022-06-21,26.9,21.3,23.7,1.6,9.3,16.44,86,961.5,79,21.1,Abuja
2022-06-22,28.5,20.8,23.8,0.8,7.4,15.1,84,961.6,94,20.6,Abuja
2022-06-23,29.0,20.8,24.4,0.5,6.2,18.19,82,961.6,73,20.9,Abuja
2022-06-24,28.0,21.0,23.9,1.9,9.9,16.74,81,960.8,95,20.2,Abuja
2022-06-25,27.6,20.7,24.0,0.3,10.9,15.34,80,961.2,77,20.2,Abuja
2022-06-26,26.8,20.5,23.4,2.2,7.9,14.28,86,961.9,99,20.8,Abuja
2022-06-27,28.4,22.0,24.0,8.0,8.9,15.48,86,962.2,98,21.3,Abuja
2022-06-28,29.5,21.6,25.0,3.9,9.3,19.77,79,961.8,84,20.7,Abuja
2022-06-29,29.6,21.6,24.0,17.8,7.7,18.12,87,961.9,91,21.5,Abuja
2022-06-30,27.3,20.1,22.9,19.7,9.7,13.51,88,961.7,93,20.7,Abuja
2022-07-01,27.4,20.6,23.2,6.6,11.1,12.97,83,962.4,100,19.9,Abuja
2022-07-02,28.0,20.5,22.9,8.7,9.5,15.15,87,963.7,87,20.5,Abuja
2022-07-03,28.3,20.9,24.2,0.7,7.3,18.17,83,963.3,97,21.1,Abuja
2022-07-04,27.7,21.0,24.1,0.4,10.0,16.88,83,962.7,92,20.8,Abuja
2022-07-05,28.2,20.7,23.4,6.2,10.1,12.87,83,963.2,80,20.1,Abuja
2022-07-06,29.1,21.1,24.8,0.0,7.2,23.07,77,963.0,56,20.4,Abuja
2022-07-07,28.7,22.2,25.1,1.1,8.6,20.16,80,962.5,48,21.3,Abuja
2022-07-08,28.1,21.1,24.4,0.5,9.6,15.17,84,962.7,92,21.4,Abuja
2022-07-09,28.8,21.1,23.7,1.0,18.4,18.22,86,963.3,99,21.0,Abuja
2022-07-10,26.8,21.0,23.2,2.8,12.0,16.68,87,962.0,95,20.9,Abuja
2022-07-11,26.5,20.8,23.2,7.1,8.9,16.44,88,961.2,70,21.0,Abuja
2022-07-12,28.6,21.5,24.1,1.4,8.8,17.04,84,962.6,89,21.2,Abuja
2022-07-13,25.9,21.8,23.3,2.3,10.4,10.33,88,962.7,99,21.1,Abuja
2022-07-14,28.2,20.9,23.9,1.6,10.2,20.04,84,961.4,84,20.9,Abuja
2022-07-15,27.3,21.4,24.3,0.7,9.4,16.43,80,960.6,93,20.5,Abuja
2022-07-16,26.0,20.9,23.1,4.3,14.5,15.61,86,961.3,100,20.6,Abuja
2022-07-17,25.2,21.0,22.7,2.6,9.8,14.13,88,963.0,97,20.4,Abuja
2022-07-18,27.2,21.1,24.0,0.3,9.4,16.25,78,962.5,83,19.8,Abuja
2022-07-19,25.9,21.4,23.8,0.4,9.7,12.53,78,962.0,91,19.6,Abuja
2022-07-20,27.1,21.4,23.5,3.3,8.6,17.23,82,961.3,91,20.0,Abuja
2022-07-21,25.9,21.4,23.1,4.7,10.5,14.69,88,961.2,96,21.0,Abuja
2022-07-22,24.2,20.9,22.1,8.6,10.2,8.52,93,961.1,100,20.9,Abuja
2022-07-23,24.9,20.9,21.8,15.3,9.4,8.18,94,961.7,100,20.8,Abuja
2022-07-24,28.6,20.6,24.1,0.8,7.0,22.01,82,962.0,65,20.6,Abuja
2022-07-25,27.2,21.1,23.8,12.4,8.8,14.75,87,961.4,100,21.4,Abuja
2022-07-26,26.5,21.2,23.1,4.8,13.2,12.75,90,961.0,95,21.3,Abuja
2022-07-27,27.4,20.0,22.7,18.4,13.2,13.19,89,961.1,94,20.6,Abuja
2022-07-28,24.3,20.4,21.7,9.4,12.9,6.77,93,961.5,100,20.4,Abuja
2022-07-29,26.2,20.3,22.0,22.4,10.2,12.04,92,962.9,94,20.5,Abuja
2022-07-30,25.9,19.8,21.9,14.6,7.7,10.43,93,962.7,88,20.6,Abuja
2022-07-31,26.5,20.8,22.7,2.7,10.3,15.08,88,962.0,97,20.5,Abuja
2022-08-01,26.2,20.3,22.8,1.9,11.6,14.28,85,962.1,89,20.0,Abuja
2022-08-02,24.1,20.4,22.0,2.0,12.3,10.82,87,962.6,100,19.7,Abuja
2022-08-03,25.3,20.6,22.7,0.2,11.5,12.25,81,961.3,82,19.3,Abuja
2022-08-04,26.9,21.2,23.7,0.8,11.7,18.98,77,961.2,66,19.3,Abuja
2022-08-05,29.1,19.8,24.0,0.1,11.4,22.21,75,962.1,75,19.1,Abuja
2022-08-06,29.4,21.5,24.8,1.1,8.6,22.97,76,961.9,86,20.0,Abuja
2022-08-07,28.8,22.0,25.1,0.9,8.7,21.45,76,960.6,88,20.4,Abuja
2022-08-08,28.6,21.2,24.2,1.5,10.6,14.41,82,960.8,99,20.8,Abuja
2022-08-09,27.7,20.7,24.0,3.7,7.6,18.96,83,961.8,93,20.7,Abuja
2022-08-10,27.4,21.9,24.2,3.1,10.8,18.17,82,961.4,83,20.9,Abuja
2022-08-11,25.6,21.4,22.9,6.5,11.2,7.82,89,961.3,100,21.0,Abuja
2022-08-12,25.0,21.4,22.7,4.3,12.3,7.56,90,961.6,99,20.9,Abuja
2022-08-13,25.6,20.3,22.6,9.9,10.6,10.88,90,961.5,100,20.8,Abuja
2022-08-14,24.6,20.5,21.6,26.3,11.3,9.86,94,959.8,99,20.5,Abuja
2022-08-15,22.3,20.3,20.9,11.2,15.4,5.48,96,960.3,100,20.3,Abuja
2022-08-16,27.4,20.1,23.3,1.7,12.9,18.73,79,962.1,100,19.2,Abuja
2022-08-17,28.9,20.9,24.4,0.0,10.3,20.31,73,961.8,73,18.9,Abuja
2022-08-18,28.4,21.7,23.6,12.7,8.8,13.71,84,961.0,100,20.6,Abuja
2022-08-19,25.4,20.6,22.2,2.4,10.4,9.22,88,961.1,90,20.0,Abuja
2022-08-20,26.3,20.2,23.0,3.9,12.7,18.07,83,963.1,72,19.7,Abuja
2022-08-21,28.7,19.9,24.3,0.0,10.8,20.3,77,961.8,84,19.8,Abuja
2022-08-22,26.6,21.4,23.2,6.0,11.9,14.03,85,959.4,100,20.5,Abuja
2022-08-23,25.2,20.5,21.9,10.3,14.1,6.43,91,961.2,98,20.4,Abuja
2022-08-24,25.4,20.5,22.5,1.6,10.2,12.05,87,963.6,96,20.1,Abuja
2022-08-25,25.4,20.9,22.6,12.3,14.1,7.96,86,962.1,99,20.1,Abuja
2022-08-26,24.2,20.7,21.7,17.6,9.2,9.49,94,960.3,100,20.6,Abuja
2022-08-27,26.1,20.2,21.8,23.7,13.0,10.17,92,960.2,93,20.3,Abuja
2022-08-28,24.7,20.0,22.1,4.9,9.7,10.32,88,961.8,99,19.9,Abuja
2022-08-29,22.4,20.3,21.3,12.5,11.0,6.97,93,961.7,100,20.1,Abuja
2022-08-30,28.9,19.6,23.8,0.3,10.4,20.53,81,960.3,75,20.0,Abuja
2022-08-31,27.6,21.2,23.3,7.3,12.6,18.04,87,961.3,95,20.8,Abuja
2022-09-01,23.9,20.7,21.7,10.5,12.8,7.61,94,962.2,100,20.7,Abuja
2022-09-02,22.0,20.4,21.1,25.0,12.7,5.37,96,963.2,98,20.4,Abuja
2022-09-03,26.3,19.2,22.8,0.9,9.0,17.46,86,962.9,82,20.2,Abuja
2022-09-04,28.8,20.1,24.2,0.4,6.4,22.94,77,963.2,35,19.7,Abuja
2022-09-05,28.2,20.9,24.1,1.1,10.0,16.15,80,963.4,75,20.3,Abuja
2022-09-06,27.5,21.1,23.3,16.1,9.1,17.43,85,962.4,94,20.6,Abuja
2022-09-07,25.6,20.8,22.6,3.5,11.1,14.93,90,961.4,90,20.8,Abuja
2022-09-08,28.3,20.2,23.9,1.1,9.2,22.23,82,960.9,50,20.4,Abuja
2022-09-09,25.0,21.6,22.9,1.8,10.8,9.51,88,962.0,94,20.8,Abuja
2022-09-10,24.0,20.6,21.9,16.0,14.2,8.32,93,963.0,99,20.6,Abuja
2022-09-11,24.9,20.5,21.6,25.8,8.8,8.28,96,961.9,88,20.9,Abuja
2022-09-12,27.5,20.8,23.5,0.9,11.8,16.74,84,961.6,74,20.5,Abuja
2022-09-13,27.4,20.2,23.6,0.3,11.2,18.63,81,961.6,78,19.9,Abuja
2022-09-14,30.0,20.6,24.6,0.6,12.4,22.65,75,960.7,47,19.5,Abuja
2022-09-15,28.4,20.9,23.9,10.2,8.9,17.56,87,961.5,95,21.3,Abuja
2022-09-16,27.6,21.1,23.8,4.4,11.3,12.82,86,962.1,100,21.1,Abuja
2022-09-17,25.8,21.2,23.0,3.2,11.0,12.07,88,961.0,100,20.9,Abuja
2022-09-18,27.3,21.4,23.9,2.2,10.5,16.3,82,960.3,99,20.6,Abuja
2022-09-19,24.4,21.0,22.1,12.0,10.6,9.04,94,960.9,100,21.0,Abuja
2022-09-20,26.0,20.2,22.8,4.3,7.9,15.65,87,961.8,78,20.4,Abuja
2022-09-21,27.6,20.9,23.0,24.9,9.4,14.47,88,961.0,98,20.8,Abuja
2022-09-22,29.0,19.9,23.8,15.3,9.3,20.48,83,960.7,86,20.6,Abuja
2022-09-23,27.9,21.2,23.6,4.3,10.2,14.55,87,961.0,83,21.1,Abuja
2022-09-24,29.2,21.7,24.1,1.4,7.0,18.64,83,960.6,81,20.9,Abuja
2022-09-25,29.3,20.0,23.8,4.7,11.4,18.89,84,959.9,95,20.8,Abuja
2022-09-26,26.6,21.1,23.3,12.1,12.9,14.23,85,960.7,96,20.5,Abuja
2022-09-27,28.7,20.4,23.6,15.7,11.7,18.05,84,962.0,92,20.5,Abuja
2022-09-28,27.7,20.0,23.0,1.2,9.9,14.12,84,961.9,100,20.0,Abuja
2022-09-29,27.3,20.1,22.8,17.4,13.3,13.86,89,961.4,99,20.7,Abuja
2022-09-30,26.8,20.5,22.9,1.1,9.7,13.67,88,960.7,76,20.6,Abuja
2022-10-01,29.6,19.7,23.9,4.3,9.4,20.39,84,962.0,55,20.6,Abuja
2022-10-02,28.9,20.3,23.8,14.8,9.4,19.44,84,963.0,83,20.7,Abuja
2022-10-03,29.6,19.9,24.1,4.9,8.1,17.23,84,961.3,77,21.0,Abuja
2022-10-04,29.4,20.7,24.4,4.1,8.9,19.39,82,960.1,62,20.9,Abuja
2022-10-05,29.4,21.3,23.9,20.9,9.3,16.86,84,960.4,86,20.8,Abuja
2022-10-06,25.9,20.6,22.6,10.5,7.9,11.48,90,961.2,100,20.8,Abuja
2022-10-07,27.9,21.2,23.2,2.5,12.1,14.24,88,961.5,97,21.0,Abuja
2022-10-08,28.4,20.0,23.3,6.6,8.4,19.14,89,961.3,90,21.1,Abuja
2022-10-09,28.0,21.8,24.2,0.1,14.8,11.23,79,961.4,100,20.2,Abuja
2022-10-10,29.4,21.1,24.3,0.2,7.2,21.32,81,962.3,47,20.6,Abuja
2022-10-11,29.9,21.1,24.4,0.5,9.5,20.42,81,961.6,43,20.6,Abuja
2022-10-12,29.5,19.6,23.3,9.8,10.2,17.34,87,960.2,83,21.0,Abuja
2022-10-13,26.1,20.8,23.1,1.6,13.6,12.11,89,960.7,99,21.0,Abuja
2022-10-14,29.2,21.3,24.2,4.7,7.3,17.59,87,961.0,94,21.7,Abuja
2022-10-15,29.9,20.9,24.2,0.1,7.2,16.45,82,960.9,84,20.6,Abuja
2022-10-16,30.1,20.4,24.7,0.1,11.5,23.01,77,961.0,51,20.1,Abuja
2022-10-17,31.4,21.2,26.1,0.0,8.3,23.53,69,961.4,20,19.4,Abuja
2022-10-18,32.2,22.5,26.4,0.0,11.7,22.51,72,961.5,31,20.4,Abuja
2022-10-19,30.0,21.5,25.5,0.5,9.4,21.65,75,960.8,48,20.6,Abuja
2022-10-20,30.3,21.9,25.2,0.7,13.5,21.39,77,960.2,74,20.8,Abuja
2022-10-21,30.7,21.7,25.6,1.3,10.5,22.22,76,960.8,51,20.7,Abuja
2022-10-22,32.4,22.0,26.7,0.1,10.3,20.8,67,960.9,88,19.0,Abuja
2022-10-23,31.6,21.7,26.2,0.1,10.8,20.56,60,961.6,84,17.3,Abuja
2022-10-24,31.5,21.9,26.4,9.1,17.9,21.3,74,961.1,80,21.0,Abuja
2022-10-25,31.7,21.9,25.6,0.0,8.4,18.75,74,960.4,89,19.9,Abuja
2022-10-26,32.5,20.8,26.1,0.0,8.5,21.99,70,960.5,84,19.3,Abuja
2022-10-27,32.6,21.9,26.6,0.0,13.8,23.82,51,960.6,52,14.5,Abuja
2022-10-28,32.6,22.7,27.0,0.0,14.3,21.63,43,960.4,81,12.7,Abuja
2022-10-29,32.9,21.9,27.0,0.0,9.3,21.63,52,960.0,89,15.6,Abuja
2022-10-30,32.3,22.6,26.6,0.0,11.6,22.42,53,959.4,71,15.1,Abuja
2022-10-31,32.2,22.3,26.5,0.0,11.9,23.28,44,959.8,1,12.7,Abuja
2022-11-01,33.1,22.0,26.6,0.0,14.8,22.67,47,960.5,55,13.3,Abuja
2022-11-02,34.2,21.7,27.9,0.0,17.9,22.97,39,960.2,80,12.1,Abuja
2022-11-03,32.8,21.6,26.8,0.0,11.1,22.45,49,960.4,59,14.5,Abuja
2022-11-04,33.0,21.5,26.3,0.2,10.8,21.92,60,960.6,91,17.2,Abuja
2022-11-05,32.3,22.2,26.6,0.0,10.4,21.46,50,960.7,95,13.8,Abuja
2022-11-06,32.9,21.8,27.1,0.0,14.5,22.62,37,961.1,92,10.1,Abuja
2022-11-07,32.7,20.8,26.2,0.0,10.1,22.57,43,961.2,63,12.1,Abuja
2022-11-08,33.2,21.2,26.9,0.0,12.2,22.45,46,960.4,93,13.2,Abuja
2022-11-09,32.3,21.4,26.3,0.0,11.3,21.73,53,960.7,35,15.4,Abuja
2022-11-10,33.4,19.9,26.6,0.0,9.1,21.11,50,959.6,66,14.6,Abuja
2022-11-11,32.7,21.5,26.5,0.0,8.6,20.48,62,960.8,96,18.0,Abuja
2022-11-12,33.3,22.4,27.0,0.0,12.3,20.96,58,961.3,43,16.8,Abuja
2022-11-13,32.9,20.7,26.2,0.0,11.9,22.1,48,961.5,90,13.1,Abuja
2022-11-14,33.8,23.1,27.6,0.0,18.8,22.55,30,961.6,48,7.8,Abuja
2022-11-15,33.3,23.1,27.3,0.0,17.9,22.35,31,961.0,39,7.8,Abuja
2022-11-16,33.0,22.4,26.9,0.0,15.8,22.26,36,960.6,66,10.3,Abuja
2022-11-17,32.8,19.8,26.1,0.0,11.2,22.14,44,960.0,31,12.3,Abuja
2022-11-18,33.3,21.9,26.8,0.0,12.3,22.2,38,959.7,29,10.6,Abuja
2022-11-19,33.3,21.8,27.5,0.0,14.3,22.01,37,960.3,59,10.8,Abuja
2022-11-20,33.9,23.6,28.1,0.0,18.5,21.26,33,960.4,68,9.4,Abuja
2022-11-21,33.6,22.9,27.7,0.0,16.1,21.42,34,960.3,73,9.6,Abuja
2022-11-22,32.9,20.5,26.6,0.0,14.8,22.12,36,960.0,20,9.7,Abuja
2022-11-23,33.2,21.4,26.9,0.0,18.1,22.26,29,959.5,36,6.0,Abuja
2022-11-24,34.3,22.6,27.2,0.0,18.6,22.15,26,959.1,22,5.2,Abuja
2022-11-25,34.6,22.6,27.6,0.0,18.1,21.8,27,959.3,16,6.0,Abuja
2022-11-26,33.7,20.7,26.8,0.0,11.0,21.75,35,959.5,21,9.3,Abuja
2022-11-27,32.4,20.4,26.3,0.0,10.3,21.37,45,958.3,99,12.7,Abuja
2022-11-28,33.2,20.6,26.6,0.0,10.2,19.74,45,957.4,53,12.7,Abuja
2022-11-29,31.9,21.3,26.1,0.0,13.1,16.24,46,957.5,98,13.0,Abuja
2022-11-30,33.3,20.3,26.7,0.0,10.1,21.06,52,957.7,63,14.9,Abuja
2022-12-01,33.4,20.0,27.0,0.0,13.9,21.33,41,958.3,50,11.8,Abuja
2022-12-02,33.7,22.7,27.7,0.0,13.9,18.63,34,958.3,98,9.5,Abuja
2022-12-03,34.9,20.7,27.8,0.0,12.9,20.87,37,957.4,72,10.0,Abuja
2022-12-04,36.0,21.5,28.3,0.0,14.8,20.91,34,958.3,35,9.7,Abuja
2022-12-05,35.4,23.3,28.6,0.0,15.0,21.4,26,959.7,60,6.1,Abuja
2022-12-06,33.7,23.7,27.8,0.0,19.2,20.98,23,959.8,63,4.1,Abuja
2022-12-07,33.6,22.0,27.4,0.0,13.7,21.3,27,959.6,21,6.0,Abuja
2022-12-08,33.6,21.9,27.1,0.0,15.8,21.38,25,960.3,1,4.8,Abuja
2022-12-09,34.1,22.5,27.4,0.0,18.6,21.25,20,961.0,0,1.7,Abuja
2022-12-10,34.6,22.0,27.4,0.0,15.9,21.15,21,960.5,13,2.5,Abuja
2022-12-11,34.5,21.8,27.5,0.0,16.2,21.0,23,959.6,60,3.7,Abuja
2022-12-12,34.2,18.8,26.5,0.0,11.8,20.88,30,959.6,47,6.8,Abuja
2022-12-13,33.8,19.5,26.6,0.0,14.0,20.89,31,960.1,30,7.9,Abuja
2022-12-14,33.5,23.1,27.7,0.0,16.1,21.11,27,959.7,5,6.4,Abuja
2022-12-15,34.4,19.7,27.6,0.0,14.2,20.45,26,959.1,55,5.6,Abuja
2022-12-16,34.3,20.8,27.5,0.0,14.1,21.16,25,958.3,53,4.2,Abuja
2022-12-17,33.4,22.5,27.0,0.0,15.6,18.13,25,958.6,83,4.4,Abuja
2022-12-18,34.1,23.2,27.7,0.0,16.1,17.79,21,960.1,79,2.5,Abuja
2022-12-19,33.9,22.2,27.1,0.0,16.3,20.98,21,959.3,18,2.5,Abuja
2022-12-20,33.7,21.6,27.1,0.0,17.4,21.06,20,959.3,19,1.8,Abuja
2022-12-21,33.4,21.7,26.9,0.0,18.7,20.79,21,960.1,52,2.1,Abuja
2022-12-22,31.9,21.1,25.7,0.0,17.3,20.66,26,961.4,48,3.9,Abuja
2022-12-23,32.0,19.7,25.1,0.0,16.7,20.34,25,961.6,62,3.4,Abuja
2022-12-24,31.1,19.7,24.8,0.0,17.8,18.14,26,961.5,88,3.3,Abuja
2022-12-25,31.7,19.7,25.1,0.0,17.1,20.7,26,962.0,18,3.7,Abuja
2022-12-26,32.9,19.7,25.8,0.0,13.4,20.51,27,962.1,0,4.8,Abuja
2022-12-27,33.6,20.9,26.4,0.0,15.8,20.75,25,962.1,0,4.2,Abuja
2022-12-28,33.9,21.1,26.8,0.0,18.2,20.94,21,961.7,13,2.3,Abuja
2022-12-29,33.4,21.0,26.4,0.0,18.9,20.96,21,961.4,36,1.9,Abuja
2022-12-30,31.7,19.8,25.2,0.0,20.3,21.02,19,961.5,33,-0.5,Abuja
2022-12-31,32.1,17.1,24.7,0.0,16.4,20.81,24,961.6,66,2.1,Abuja
2023-01-01,32.4,20.6,25.7,0.0,18.5,20.71,23,960.7,0,2.5,Abuja
2023-01-02,33.1,20.0,26.0,0.0,16.9,20.51,27,960.4,39,4.8,Abuja
2023-01-03,33.3,17.9,25.6,0.0,13.5,20.52,30,960.9,3,5.7,Abuja
2023-01-04,33.5,21.0,26.7,0.0,14.5,20.69,26,960.9,34,5.0,Abuja
2023-01-05,33.3,21.6,26.7,0.0,15.6,19.77,27,961.1,60,5.7,Abuja
2023-01-06,33.1,20.5,26.6,0.0,17.7,19.04,28,961.9,61,6.3,Abuja
2023-01-07,34.8,22.2,27.6,0.0,17.1,20.7,25,961.3,18,5.0,Abuja
2023-01-08,35.0,22.8,28.0,0.0,16.6,20.99,17,961.3,44,-0.3,Abuja
2023-01-09,33.8,21.1,26.8,0.0,21.3,20.84,19,961.9,95,0.3,Abuja
2023-01-10,33.6,20.7,26.4,0.0,20.1,21.39,22,962.6,9,1.9,Abuja
2023-01-11,32.6,18.0,25.3,0.0,17.9,21.13,26,962.2,5,3.6,Abuja
2023-01-12,33.4,19.7,26.1,0.0,15.8,20.89,24,960.9,77,3.2,Abuja
2023-01-13,33.6,20.5,26.6,0.0,18.8,20.84,23,960.2,70,3.0,Abuja
2023-01-14,32.8,19.9,26.1,0.0,18.1,20.98,24,960.0,61,3.2,Abuja
2023-01-15,33.1,19.1,26.0,0.0,16.1,20.97,24,960.5,57,3.3,Abuja
2023-01-16,33.8,21.1,26.8,0.0,16.9,20.67,20,960.3,69,1.7,Abuja
2023-01-17,34.3,20.7,27.0,0.0,17.2,21.01,20,960.1,22,1.4,Abuja
2023-01-18,33.9,20.8,26.8,0.0,14.8,21.07,22,960.1,8,2.9,Abuja
2023-01-19,34.5,19.3,26.9,0.0,13.2,21.05,27,960.3,36,5.3,Abuja
2023-01-20,33.9,21.9,27.7,0.0,14.1,21.16,25,960.0,51,5.5,Abuja
2023-01-21,34.2,21.3,27.5,0.0,11.4,21.18,30,959.6,13,7.6,Abuja
2023-01-22,34.8,22.6,28.4,0.0,12.4,19.03,30,959.1,41,8.8,Abuja
2023-01-23,35.0,22.4,28.5,0.0,11.5,21.26,24,959.1,35,4.6,Abuja
2023-01-24,35.4,23.6,28.8,0.0,16.2,21.23,20,959.2,50,2.9,Abuja
2023-01-25,36.4,24.1,29.5,0.0,16.4,21.57,18,958.3,40,1.6,Abuja
2023-01-26,36.0,23.7,29.7,0.0,16.0,21.36,20,957.9,31,3.3,Abuja
2023-01-27,34.6,22.7,28.6,0.0,12.6,21.28,31,958.0,45,9.2,Abuja
2023-01-28,32.6,21.7,27.4,0.0,11.7,18.38,55,958.9,70,17.0,Abuja
2023-01-29,31.5,22.0,26.6,0.8,11.2,18.38,63,959.1,85,18.6,Abuja
2023-01-30,37.3,20.9,29.2,0.0,14.5,21.4,28,959.0,89,6.3,Abuja
2023-01-31,35.9,20.8,27.8,0.0,11.3,20.42,26,959.7,68,5.5,Abuja
2023-02-01,36.0,23.6,29.3,0.0,11.7,21.68,28,960.1,68,8.1,Abuja
2023-02-02,35.5,23.0,28.5,0.0,12.5,21.96,26,960.5,52,5.9,Abuja
2023-02-03,35.6,22.4,28.9,0.0,12.3,22.25,27,960.4,73,6.7,Abuja
2023-02-04,36.3,22.7,29.1,0.0,13.2,22.09,24,959.8,59,5.3,Abuja
2023-02-05,36.7,24.1,29.6,0.0,12.9,22.27,22,959.8,75,4.9,Abuja
2023-02-06,35.3,23.7,28.9,0.0,13.9,21.73,25,959.4,76,6.4,Abuja
2023-02-07,34.1,21.8,28.0,0.0,19.7,22.47,27,959.7,45,6.1,Abuja
2023-02-08,34.4,23.0,27.8,0.0,15.5,22.58,24,959.7,34,4.2,Abuja
2023-02-09,34.6,22.8,28.1,0.0,17.7,22.37,25,959.7,46,5.7,Abuja
2023-02-10,35.1,24.1,28.9,0.0,17.2,22.66,20,959.8,9,2.7,Abuja
2023-02-11,35.8,23.3,28.7,0.0,18.1,23.11,16,959.5,0,-0.4,Abuja
2023-02-12,36.1,23.7,29.0,0.0,20.9,23.13,15,959.3,0,-0.6,Abuja
2023-02-13,36.0,23.1,29.0,0.0,21.4,23.14,17,959.7,11,1.1,Abuja
2023-02-14,35.3,22.8,28.2,0.0,21.4,23.17,18,959.7,17,1.2,Abuja
2023-02-15,33.8,21.1,26.9,0.0,21.6,23.23,20,958.9,26,1.7,Abuja
2023-02-16,33.6,20.8,26.5,0.0,19.1,22.99,20,958.8,65,1.3,Abuja
2023-02-17,33.9,20.1,26.3,0.0,17.1,22.96,20,959.5,60,0.7,Abuja
2023-02-18,34.5,21.7,27.1,0.0,18.4,22.91,21,959.0,28,2.1,Abuja
2023-02-19,34.5,21.2,27.0,0.0,17.7,23.07,21,959.1,1,1.6,Abuja
2023-02-20,35.8,22.0,28.2,0.0,14.8,23.07,19,959.3,0,1.8,Abuja
2023-02-21,36.3,20.9,28.5,0.0,15.8,23.13,20,958.8,8,2.5,Abuja
2023-02-22,36.0,22.3,28.8,0.0,13.2,23.05,23,959.3,16,5.0,Abuja
2023-02-23,35.5,24.0,29.1,0.0,12.2,22.88,24,959.1,17,6.2,Abuja
2023-02-24,35.3,24.0,29.4,0.0,13.3,21.05,26,959.0,34,7.7,Abuja
2023-02-25,34.1,23.8,28.1,0.1,13.5,18.87,43,959.6,88,13.7,Abuja
2023-02-26,36.2,22.8,29.9,0.0,13.9,21.21,33,960.0,74,10.9,Abuja
2023-02-27,38.1,23.6,30.4,0.0,9.8,22.45,34,960.7,82,11.4,Abuja
2023-02-28,36.5,24.5,29.8,0.0,11.8,21.0,38,961.3,88,13.3,Abuja
2023-03-01,36.8,24.2,30.1,0.0,11.0,21.56,37,960.8,36,12.8,Abuja
2023-03-02,38.0,26.2,31.0,0.0,11.5,21.36,32,959.3,88,11.7,Abuja
2023-03-03,35.1,24.3,29.6,0.0,8.2,20.75,49,959.5,40,17.2,Abuja
2023-03-04,35.6,24.0,29.6,0.2,12.5,21.66,53,959.7,34,18.2,Abuja
2023-03-05,35.4,23.8,28.7,0.2,9.2,20.49,57,958.6,66,18.8,Abuja
2023-03-06,35.5,24.6,28.4,0.0,16.3,13.95,61,958.1,95,19.6,Abuja
2023-03-07,34.7,23.3,28.5,0.0,10.7,19.54,62,957.9,94,20.0,Abuja
2023-03-08,36.2,23.9,29.3,0.0,15.5,21.29,58,958.3,55,19.3,Abuja
2023-03-09,36.5,24.0,29.2,0.0,13.0,19.5,55,958.7,75,18.3,Abuja
2023-03-10,34.8,24.4,29.0,0.1,12.2,18.84,55,958.7,91,18.6,Abuja
2023-03-11,35.0,23.0,28.5,0.0,11.5,20.79,54,959.3,70,17.4,Abuja
2023-03-12,36.0,22.6,28.8,0.0,11.9,23.52,37,958.7,43,8.9,Abuja
2023-03-13,34.7,24.1,28.8,0.0,9.8,20.7,35,959.1,65,11.3,Abuja
2023-03-14,34.0,24.0,28.7,0.0,12.4,22.14,40,958.1,7,13.3,Abuja
2023-03-15,34.9,22.8,28.3,0.0,16.8,21.08,46,957.6,27,14.7,Abuja
2023-03-16,34.6,22.0,28.3,0.0,9.0,20.39,50,957.9,68,15.4,Abuja
2023-03-17,37.1,24.1,29.9,0.0,12.4,21.31,34,958.1,77,7.6,Abuja
2023-03-18,33.5,22.5,27.7,0.0,12.1,19.27,44,958.9,90,12.5,Abuja
2023-03-19,31.8,23.5,27.3,0.1,11.5,17.57,61,960.5,94,18.6,Abuja
2023-03-20,35.2,23.3,28.0,0.6,15.6,18.87,56,960.2,72,17.9,Abuja
2023-03-21,29.7,22.3,25.0,15.8,10.0,14.14,73,960.8,95,19.5,Abuja
2023-03-22,30.4,21.3,25.2,0.5,8.7,15.26,74,960.3,74,19.9,Abuja
2023-03-23,31.6,22.7,26.6,0.5,10.2,19.32,68,959.5,60,19.8,Abuja
2023-03-24,32.5,22.4,26.7,0.0,11.5,19.62,66,959.7,100,19.2,Abuja
2023-03-25,30.1,21.7,25.7,0.1,7.8,12.37,69,960.5,93,19.1,Abuja
2023-03-26,33.5,23.2,27.9,0.0,8.3,21.83,58,960.4,90,18.6,Abuja
2023-03-27,32.8,23.2,27.4,0.0,8.4,14.1,63,959.8,94,19.1,Abuja
2023-03-28,35.3,22.2,28.4,0.0,15.9,23.47,36,959.0,64,10.6,Abuja
2023-03-29,35.2,22.2,28.3,0.0,14.2,24.19,33,959.6,83,9.9,Abuja
2023-03-30,34.2,22.9,27.8,0.0,8.9,22.31,54,960.3,41,16.7,Abuja
2023-03-31,34.7,22.9,28.3,0.0,8.4,21.88,42,959.4,84,12.8,Abuja
2023-04-01,33.6,24.2,28.6,0.0,9.2,21.46,49,959.9,70,15.7,Abuja
2023-04-02,34.3,24.0,28.9,0.0,7.1,22.05,49,959.0,60,16.5,Abuja
2023-04-03,36.3,23.3,29.7,0.0,8.9,24.52,33,957.3,39,9.6,Abuja
2023-04-04,33.0,23.3,27.7,0.0,7.8,18.18,62,957.8,86,19.2,Abuja
2023-04-05,36.5,24.2,29.7,0.0,8.8,22.74,55,957.6,71,18.5,Abuja
2023-04-06,36.0,24.1,29.4,0.0,13.0,22.94,51,957.5,56,17.0,Abuja
2023-04-07,34.4,23.4,28.9,0.0,11.1,22.9,56,958.0,60,18.4,Abuja
2023-04-08,33.7,24.2,28.3,0.0,11.7,18.31,61,958.4,89,19.7,Abuja
2023-04-09,32.5,23.4,27.4,0.0,8.6,19.35,66,959.1,100,20.0,Abuja
2023-04-10,32.2,22.2,26.7,0.0,10.5,17.34,70,959.4,87,20.2,Abuja
2023-04-11,31.8,23.6,27.8,0.0,10.1,19.57,62,959.0,95,19.7,Abuja
2023-04-12,35.4,23.2,28.4,0.0,8.2,22.25,58,958.7,78,18.7,Abuja
2023-04-13,36.2,23.4,29.3,0.0,9.5,23.14,55,958.4,78,18.4,Abuja
2023-04-14,36.6,25.0,29.7,0.0,12.9,23.84,50,958.4,52,17.2,Abuja
2023-04-15,34.8,25.1,29.2,0.0,11.0,21.66,56,959.1,61,19.1,Abuja
2023-04-16,32.3,24.1,27.9,0.0,13.6,20.7,64,958.9,91,20.2,Abuja
2023-04-17,33.7,23.9,28.4,0.0,13.4,23.22,58,957.5,85,18.9,Abuja
2023-04-18,35.6,24.9,29.4,0.0,11.0,22.01,58,957.6,50,19.8,Abuja
2023-04-19,33.5,23.9,28.3,0.2,11.1,23.46,64,958.4,87,20.5,Abuja
2023-04-20,34.0,23.4,28.3,0.0,12.9,20.42,62,957.4,95,19.7,Abuja
2023-04-21,32.3,24.3,27.9,0.0,16.6,20.07,64,957.2,97,20.2,Abuja
2023-04-22,33.8,23.8,28.3,0.0,12.6,23.24,66,956.9,76,20.8,Abuja
2023-04-23,31.9,23.2,27.2,3.2,13.4,18.63,75,958.4,91,21.9,Abuja
2023-04-24,30.9,22.2,26.2,1.7,9.4,15.79,75,960.4,99,21.0,Abuja
2023-04-25,33.2,24.4,28.2,0.4,7.1,18.5,66,959.4,97,20.8,Abuja
2023-04-26,31.9,24.8,27.7,0.4,11.0,16.13,66,958.5,90,20.7,Abuja
2023-04-27,28.8,22.0,25.2,0.7,12.2,13.23,76,960.0,100,20.4,Abuja
2023-04-28,31.7,23.2,26.8,4.9,9.1,13.5,71,961.3,94,20.7,Abuja
2023-04-29,28.6,22.9,25.2,1.2,11.8,9.19,73,961.4,97,19.9,Abuja
2023-04-30,31.4,23.4,26.2,0.0,8.0,17.15,67,960.4,77,19.3,Abuja
2023-05-01,32.0,22.6,26.5,1.9,12.0,23.08,70,960.0,15,20.1,Abuja
2023-05-02,33.1,23.1,26.8,9.3,18.6,22.68,70,960.3,64,20.5,Abuja
2023-05-03,33.1,23.2,27.3,0.4,10.1,19.08,66,962.0,74,19.9,Abuja
2023-05-04,32.8,23.8,27.9,0.2,16.6,21.36,63,962.2,62,19.9,Abuja
2023-05-05,29.4,23.5,26.3,0.0,9.0,12.14,73,961.5,93,20.8,Abuja
2023-05-06,31.8,24.4,27.9,0.1,9.9,18.97,66,960.7,80,20.7,Abuja
2023-05-07,34.0,24.5,28.0,0.1,9.8,22.72,65,959.9,41,20.5,Abuja
2023-05-08,33.0,23.1,28.1,0.0,8.0,22.34,67,960.9,68,21.1,Abuja
2023-05-09,33.4,24.3,28.6,0.0,9.2,23.86,63,959.4,72,20.5,Abuja
2023-05-10,32.7,24.6,28.6,0.0,9.7,23.23,66,958.9,89,21.5,Abuja
2023-05-11,32.2,24.3,28.0,0.1,11.3,17.77,71,959.7,83,22.0,Abuja
2023-05-12,29.9,23.0,26.2,0.4,10.3,13.37,81,961.2,94,22.7,Abuja
2023-05-13,33.2,24.5,28.2,1.0,9.4,21.94,73,961.4,92,22.3,Abuja
2023-05-14,33.5,23.6,28.3,9.3,23.9,20.06,70,961.5,92,21.9,Abuja
2023-05-15,32.4,23.1,27.3,0.9,10.2,22.03,76,961.5,83,22.1,Abuja
2023-05-16,32.4,23.6,27.2,0.5,11.3,20.17,73,961.2,78,21.7,Abuja
2023-05-17,32.6,23.6,27.0,18.1,17.0,19.99,78,961.0,85,22.5,Abuja
2023-05-18,30.8,22.8,26.3,1.8,9.2,19.46,78,961.0,94,21.8,Abuja
2023-05-19,31.2,23.6,26.3,15.7,11.3,18.98,79,961.0,93,22.2,Abuja
2023-05-20,32.4,22.5,26.9,0.0,12.7,20.19,76,960.6,97,21.8,Abuja
2023-05-21,30.6,23.1,26.6,0.9,10.0,16.14,77,961.0,99,22.0,Abuja
2023-05-22,30.8,22.8,26.4,0.8,8.2,17.61,79,961.1,95,22.2,Abuja
2023-05-23,31.9,22.4,26.0,11.5,11.4,18.66,83,960.7,95,22.6,Abuja
2023-05-24,31.6,24.2,27.7,0.2,7.7,22.61,73,959.8,93,22.2,Abuja
2023-05-25,32.3,23.5,27.7,0.0,7.9,21.7,70,959.7,78,21.6,Abuja
2023-05-26,31.9,23.4,27.4,1.8,6.8,22.5,76,959.5,69,22.4,Abuja
2023-05-27,29.4,22.3,25.8,27.1,13.4,16.27,82,959.9,100,22.2,Abuja
2023-05-28,31.6,21.6,26.5,0.0,10.2,22.65,73,960.5,86,20.9,Abuja
2023-05-29,29.4,22.6,25.6,0.7,10.6,18.12,79,961.2,92,21.6,Abuja
2023-05-30,31.7,23.1,27.1,0.0,6.5,21.88,73,961.6,94,21.4,Abuja
2023-05-31,31.4,23.2,26.5,3.5,8.9,18.62,77,961.3,86,21.9,Abuja
2023-06-01,29.6,22.2,25.5,0.1,8.7,15.67,80,960.7,84,21.8,Abuja
2023-06-02,30.4,22.9,26.6,0.4,9.4,16.46,76,960.7,94,21.8,Abuja
2023-06-03,29.6,22.5,26.0,0.4,9.2,14.45,77,962.1,97,21.4,Abuja
2023-06-04,30.3,23.2,26.2,3.7,8.4,17.42,77,962.0,93,21.6,Abuja
2023-06-05,30.0,21.7,25.5,12.1,14.8,19.98,81,961.5,79,21.8,Abuja
2023-06-06,29.6,21.6,24.8,6.1,10.2,12.18,83,961.8,95,21.4,Abuja
2023-06-07,28.8,21.8,23.8,14.8,12.8,11.06,88,962.4,99,21.7,Abuja
2023-06-08,29.1,20.3,23.1,1.5,10.1,16.31,80,963.1,95,19.3,Abuja
2023-06-09,29.2,20.5,24.6,0.6,7.3,17.4,78,962.5,68,20.3,Abuja
2023-06-10,26.7,22.1,24.0,3.8,9.7,10.22,85,961.6,89,21.3,Abuja
2023-06-11,25.5,21.0,22.3,19.9,10.2,10.79,93,963.4,100,21.2,Abuja
2023-06-12,28.7,20.9,23.9,4.3,10.1,14.68,83,963.7,79,20.6,Abuja
2023-06-13,30.0,22.1,25.7,0.0,11.1,20.19,66,962.5,93,18.5,Abuja
2023-06-14,27.7,22.0,24.0,4.7,10.4,14.94,86,962.0,93,21.5,Abuja
2023-06-15,27.8,21.9,24.4,1.1,10.2,15.13,83,962.8,90,21.2,Abuja
2023-06-16,29.4,21.8,25.3,0.9,6.1,19.2,81,962.7,77,21.5,Abuja
2023-06-17,30.3,23.2,25.7,1.6,8.2,17.87,80,961.5,82,21.9,Abuja
2023-06-18,28.6,22.5,24.3,9.8,8.1,13.28,88,961.5,87,22.1,Abuja
2023-06-19,29.4,21.4,24.5,4.7,9.7,14.28,86,961.9,94,21.8,Abuja
2023-06-20,28.1,21.4,24.4,1.4,10.7,17.33,83,961.9,95,21.1,Abuja
2023-06-21,27.9,21.4,24.2,1.2,10.0,15.28,85,962.1,100,21.3,Abuja
2023-06-22,26.8,21.1,23.8,0.7,10.5,14.71,82,962.0,92,20.4,Abuja
2023-06-23,27.2,21.2,23.3,6.2,10.2,14.99,88,962.0,80,21.0,Abuja
2023-06-24,26.2,21.6,22.8,13.6,12.4,14.07,90,962.7,98,21.1,Abuja
2023-06-25,27.1,20.5,23.4,7.8,10.4,18.85,86,963.2,83,20.7,Abuja
2023-06-26,29.1,21.9,24.5,15.2,6.3,14.01,82,961.9,90,21.0,Abuja
2023-06-27,28.4,21.1,23.6,18.1,11.8,13.59,88,961.2,96,21.5,Abuja
2023-06-28,27.8,20.8,24.1,0.8,12.9,17.85,82,962.6,84,20.5,Abuja
2023-06-29,28.0,21.3,24.2,2.5,8.3,18.2,81,964.1,95,20.5,Abuja
2023-06-30,29.4,20.8,24.5,8.6,9.7,20.22,83,963.4,86,21.2,Abuja
2023-07-01,28.5,21.4,25.1,3.6,9.0,18.55,81,962.5,86,21.4,Abuja
2023-07-02,27.4,21.6,23.9,5.7,16.6,12.57,83,963.2,78,20.8,Abuja
2023-07-03,29.6,22.1,25.4,0.5,8.5,20.04,78,963.4,62,21.2,Abuja
2023-07-04,26.6,21.6,23.5,14.1,10.2,12.66,85,963.5,98,20.8,Abuja
2023-07-05,29.4,20.7,24.1,0.9,10.7,18.23,81,963.6,76,20.4,Abuja
2023-07-06,29.0,21.0,24.5,0.9,7.6,21.63,81,961.5,71,20.9,Abuja
2023-07-07,28.3,21.2,25.0,5.3,11.4,15.49,80,962.2,90,21.2,Abuja
2023-07-08,28.1,21.4,24.0,5.8,13.2,14.07,83,962.6,98,20.7,Abuja
2023-07-09,27.6,20.5,23.7,5.8,7.6,18.19,84,964.1,96,20.7,Abuja
2023-07-10,28.6,21.2,24.8,0.0,9.1,18.53,79,962.8,88,20.7,Abuja
2023-07-11,29.5,22.3,25.2,0.8,9.1,18.54,79,961.2,88,21.1,Abuja
2023-07-12,28.8,21.3,24.5,1.4,11.3,16.36,84,961.1,73,21.4,Abuja
2023-07-13,28.4,20.8,24.7,0.7,10.1,21.18,82,962.0,73,21.2,Abuja
2023-07-14,30.4,21.1,24.8,7.4,11.4,21.19,82,962.3,73,21.3,Abuja
2023-07-15,29.8,22.3,25.2,9.5,10.7,20.56,80,962.2,80,21.2,Abuja
2023-07-16,27.6,20.4,23.9,1.2,5.5,15.89,85,962.1,82,21.2,Abuja
2023-07-17,30.5,22.7,25.7,0.1,7.2,21.68,78,962.6,44,21.4,Abuja
2023-07-18,29.2,22.6,25.3,1.4,9.2,18.06,83,963.2,67,22.0,Abuja
2023-07-19,28.2,21.3,24.6,1.2,9.5,17.9,85,963.5,92,21.7,Abuja
2023-07-20,28.7,21.6,24.1,13.7,10.4,17.83,87,963.3,92,21.6,Abuja
2023-07-21,26.6,21.7,23.3,4.0,8.7,12.13,91,963.2,100,21.8,Abuja
2023-07-22,28.8,20.9,23.9,8.5,7.6,16.1,88,964.0,90,21.7,Abuja
2023-07-23,27.8,21.3,23.9,3.8,7.8,16.71,88,964.9,91,21.6,Abuja
2023-07-24,25.5,21.5,23.1,1.8,9.4,11.71,91,964.1,92,21.4,Abuja
2023-07-25,28.0,20.8,24.5,0.4,10.2,18.73,80,963.3,45,20.6,Abuja
2023-07-26,28.3,21.8,25.0,0.0,8.2,19.24,78,962.6,53,20.9,Abuja
2023-07-27,28.6,23.0,24.9,2.1,8.7,21.03,83,962.8,90,21.7,Abuja
2023-07-28,28.0,21.1,23.9,1.5,11.1,15.99,87,963.4,100,21.6,Abuja
2023-07-29,27.7,21.4,24.1,2.8,9.3,18.01,86,964.0,99,21.4,Abuja
2023-07-30,29.4,21.2,24.6,1.4,8.1,17.36,85,963.9,84,21.8,Abuja
2023-07-31,28.4,21.6,24.4,8.5,11.1,15.04,86,963.7,94,21.7,Abuja
2023-08-01,26.6,21.7,23.2,7.1,13.6,9.52,92,963.4,100,21.7,Abuja
2023-08-02,26.5,20.8,23.2,8.2,13.7,13.18,90,964.3,94,21.4,Abuja
2023-08-03,25.4,20.4,22.9,1.6,12.0,8.68,88,964.4,98,20.6,Abuja
2023-08-04,27.9,21.0,24.3,1.2,8.1,21.35,80,963.6,57,20.5,Abuja
2023-08-05,28.3,21.3,24.3,0.8,10.7,20.79,83,964.4,100,21.1,Abuja
2023-08-06,25.9,21.0,23.2,15.5,16.9,13.08,88,964.7,100,21.1,Abuja
2023-08-07,27.2,20.8,23.6,3.4,14.1,13.88,85,964.3,90,20.7,Abuja
2023-08-08,27.2,21.4,23.8,1.2,13.8,15.71,81,962.5,82,20.2,Abuja
2023-08-09,27.4,21.5,24.0,1.5,13.1,12.55,79,962.5,88,20.1,Abuja
2023-08-10,25.8,20.8,23.1,10.4,11.2,9.74,86,963.0,99,20.5,Abuja
2023-08-11,26.8,20.8,23.1,24.5,12.5,15.72,88,962.5,88,20.9,Abuja
2023-08-12,27.0,21.2,23.8,12.2,8.0,16.01,88,961.0,88,21.5,Abuja
2023-08-13,25.2,21.3,22.2,19.9,11.5,8.45,94,960.8,100,21.1,Abuja
2023-08-14,26.6,21.1,23.3,14.7,10.8,14.28,86,962.6,96,20.7,Abuja
2023-08-15,29.0,21.3,25.0,1.0,9.1,19.41,79,963.1,73,20.9,Abuja
2023-08-16,28.6,21.9,24.2,7.9,10.1,16.4,86,962.0,71,21.6,Abuja
2023-08-17,29.9,21.6,24.9,0.9,10.3,21.23,83,961.0,97,21.7,Abuja
2023-08-18,28.9,21.1,24.8,0.7,8.4,17.13,83,960.9,96,21.4,Abuja
2023-08-19,28.7,21.0,23.7,3.1,12.8,14.42,86,961.1,96,21.0,Abuja
2023-08-20,25.8,20.8,22.8,12.6,8.9,10.44,89,961.1,99,20.9,Abuja
2023-08-21,29.1,20.9,25.2,0.0,6.3,21.05,79,960.9,64,20.9,Abuja
2023-08-22,30.1,21.7,25.8,3.4,7.9,21.05,78,960.0,77,21.6,Abuja
2023-08-23,28.0,21.6,24.3,8.1,11.5,16.51,86,960.0,87,21.6,Abuja
2023-08-24,28.0,21.1,23.8,5.4,9.7,12.1,87,959.9,94,21.2,Abuja
2023-08-25,30.0,22.3,25.4,0.0,9.4,19.45,77,960.0,69,20.8,Abuja
2023-08-26,28.8,22.5,25.2,0.6,10.3,19.65,76,960.4,89,20.6,Abuja
2023-08-27,27.1,21.9,23.4,4.8,11.3,11.59,85,962.4,98,20.6,Abuja
2023-08-28,29.1,21.0,24.4,2.5,13.8,18.64,82,963.2,70,20.8,Abuja
2023-08-29,29.0,21.5,24.8,18.0,11.8,20.6,81,963.0,71,21.1,Abuja
2023-08-30,27.7,22.2,24.2,5.2,11.0,15.13,86,962.9,98,21.6,Abuja
2023-08-31,28.3,20.5,24.3,0.3,7.8,17.65,80,963.1,93,20.5,Abuja
2023-09-01,28.9,22.0,25.0,0.4,9.0,20.75,79,961.7,92,21.1,Abuja
2023-09-02,26.7,21.3,23.2,11.8,11.6,14.15,86,961.7,75,20.7,Abuja
2023-09-03,27.7,21.6,23.9,17.3,10.2,18.63,84,962.6,76,20.9,Abuja
2023-09-04,25.3,21.3,22.6,31.9,7.7,10.11,90,963.2,93,20.9,Abuja
2023-09-05,29.1,19.6,23.6,1.4,18.1,22.73,82,962.6,54,20.0,Abuja
2023-09-06,30.6,20.1,24.9,0.0,10.9,21.01,78,962.4,33,20.4,Abuja
2023-09-07,29.4,22.2,25.3,4.6,12.4,20.86,78,961.5,47,20.9,Abuja
2023-09-08,28.9,22.1,24.8,7.8,12.9,19.66,82,961.5,87,21.3,Abuja
2023-09-09,27.5,21.2,23.3,2.0,8.6,12.28,88,963.4,79,21.1,Abuja
2023-09-10,29.6,21.6,25.4,0.0,8.9,22.96,78,962.9,47,21.0,Abuja
2023-09-11,30.0,22.4,25.7,0.6,13.7,21.15,78,961.0,54,21.4,Abuja
2023-09-12,28.3,21.3,23.1,17.3,16.7,14.03,85,960.2,79,20.3,Abuja
2023-09-13,27.8,20.8,24.1,0.8,11.5,19.21,80,961.0,68,20.3,Abuja
2023-09-14,28.5,21.5,24.3,7.1,8.9,15.7,84,961.3,93,21.3,Abuja
2023-09-15,27.6,22.2,23.8,6.3,11.8,11.43,86,960.6,99,21.2,Abuja
2023-09-16,28.6,21.4,24.5,2.2,8.8,19.07,83,961.4,91,21.2,Abuja
2023-09-17,26.8,21.0,23.5,3.2,10.9,12.61,88,961.9,100,21.3,Abuja
2023-09-18,29.1,21.2,24.5,0.5,11.6,19.55,79,961.3,66,20.3,Abuja
2023-09-19,28.5,20.6,24.1,0.3,7.4,16.07,85,961.2,66,21.2,Abuja
2023-09-20,28.9,22.3,24.5,3.1,9.3,14.16,84,961.3,96,21.4,Abuja
2023-09-21,30.3,22.5,25.7,0.5,9.0,22.64,80,960.5,76,21.7,Abuja
2023-09-22,30.5,20.9,24.6,6.0,14.7,19.59,82,960.4,95,20.9,Abuja
2023-09-23,28.8,20.7,24.7,2.3,11.3,19.3,80,961.6,98,20.9,Abuja
2023-09-24,28.0,22.2,24.7,1.9,8.3,13.6,80,962.7,91,20.9,Abuja
2023-09-25,29.8,21.9,24.7,2.4,8.8,21.05,84,962.8,66,21.6,Abuja
2023-09-26,30.5,22.0,25.5,0.3,11.9,22.17,82,961.3,84,21.8,Abuja
2023-09-27,31.0,22.8,26.2,0.6,7.6,21.11,78,959.6,80,21.8,Abuja
2023-09-28,29.0,22.0,25.0,5.9,19.8,16.41,82,959.8,88,21.6,Abuja
2023-09-29,26.7,21.2,23.5,8.7,10.5,9.37,87,961.7,87,21.2,Abuja
2023-09-30,30.6,21.2,25.3,0.0,9.9,22.37,77,961.5,45,20.7,Abuja
2023-10-01,30.2,22.8,25.1,2.4,10.4,17.63,80,960.7,91,21.2,Abuja
2023-10-02,28.4,21.4,24.5,1.1,9.3,18.99,84,961.2,96,21.5,Abuja
2023-10-03,27.6,22.4,24.5,6.7,9.1,15.93,84,961.1,93,21.6,Abuja
2023-10-04,31.5,21.1,25.4,6.3,14.1,22.31,83,960.6,77,22.0,Abuja
2023-10-05,30.1,21.2,24.6,16.3,13.4,17.1,85,960.8,84,21.6,Abuja
2023-10-06,31.1,22.6,25.1,10.8,12.6,21.05,81,961.1,85,21.3,Abuja
2023-10-07,29.9,20.7,24.4,0.4,9.8,19.4,80,961.1,77,20.4,Abuja
2023-10-08,31.0,21.5,25.4,7.1,13.5,22.06,81,961.5,66,21.6,Abuja
2023-10-09,31.1,22.8,26.6,0.5,7.4,22.03,73,962.0,39,21.1,Abuja
2023-10-10,32.2,22.6,25.9,0.3,7.8,21.92,77,961.8,76,21.2,Abuja
2023-10-11,31.0,21.2,25.8,0.0,10.4,21.51,78,961.3,77,21.3,Abuja
2023-10-12,30.7,22.1,25.5,0.6,11.5,21.47,78,961.5,71,21.1,Abuja
2023-10-13,31.4,21.5,26.1,0.2,7.5,22.86,74,961.4,53,20.6,Abuja
2023-10-14,30.3,22.2,26.0,0.0,10.0,22.55,77,961.6,54,21.4,Abuja
2023-10-15,30.8,21.6,26.0,0.0,7.4,22.54,73,960.6,77,20.4,Abuja
2023-10-16,29.6,22.4,25.6,1.7,9.9,22.03,74,960.9,72,20.4,Abuja
2023-10-17,28.9,22.0,24.5,2.1,10.1,14.8,84,962.2,73,21.3,Abuja
2023-10-18,31.4,21.6,26.2,0.0,8.3,22.24,75,961.6,71,21.2,Abuja
2023-10-19,30.6,23.1,26.0,0.4,6.6,20.97,78,962.1,62,21.6,Abuja
2023-10-20,30.6,22.6,26.3,0.0,8.1,22.44,73,961.5,63,20.9,Abuja
2023-10-21,32.8,22.5,26.7,0.1,9.8,22.32,71,960.9,46,20.6,Abuja
2023-10-22,32.8,22.6,27.0,0.1,13.5,21.7,69,960.0,64,20.1,Abuja
2023-10-23,30.8,22.1,26.0,0.0,6.8,22.57,74,960.2,96,20.6,Abuja
2023-10-24,33.6,22.6,27.0,0.0,8.2,23.5,62,959.7,63,18.2,Abuja
2023-10-25,31.2,21.4,25.6,0.2,7.2,22.69,62,960.0,90,17.6,Abuja
2023-10-26,32.0,22.7,26.5,0.0,9.4,22.5,65,960.8,36,19.0,Abuja
2023-10-27,32.2,22.3,26.3,0.0,7.8,22.65,68,961.1,41,19.7,Abuja
2023-10-28,32.1,22.7,26.8,0.2,5.4,21.28,70,959.5,27,20.5,Abuja
2023-10-29,34.3,22.5,26.9,0.0,12.7,19.89,70,958.5,48,20.3,Abuja
2023-10-30,33.1,24.2,27.7,0.0,7.6,21.02,66,957.9,88,20.5,Abuja
2023-10-31,35.2,23.2,27.7,0.0,10.5,21.08,62,958.5,87,18.8,Abuja
2023-11-01,30.4,22.9,25.8,0.0,9.4,15.07,75,960.3,99,20.7,Abuja
2023-11-02,31.8,22.8,26.7,0.0,11.8,20.97,65,960.1,70,19.2,Abuja
2023-11-03,30.9,23.1,26.8,0.0,7.9,21.06,63,960.0,75,18.9,Abuja
2023-11-04,30.9,21.9,25.8,0.0,10.7,16.77,73,960.4,90,20.4,Abuja
2023-11-05,31.4,23.3,26.3,0.3,8.7,18.35,76,960.9,80,21.4,Abuja
2023-11-06,33.4,21.7,26.5,0.6,13.3,19.32,74,960.8,68,20.9,Abuja
2023-11-07,33.0,23.3,26.9,0.0,9.2,17.27,69,960.2,69,20.0,Abuja
2023-11-08,33.3,23.2,27.2,0.0,8.3,21.65,63,959.8,58,18.9,Abuja
2023-11-09,32.5,22.5,27.0,0.0,9.8,20.85,63,959.8,73,18.8,Abuja
2023-11-10,34.2,21.6,26.9,0.0,15.0,20.22,63,960.0,89,18.2,Abuja
2023-11-11,32.3,22.3,26.6,0.7,10.9,20.84,69,960.7,37,20.1,Abuja
2023-11-12,33.1,22.4,26.9,0.0,11.9,20.91,64,960.8,77,18.9,Abuja
2023-11-13,33.2,22.5,27.0,0.0,11.9,18.93,51,961.1,67,14.7,Abuja
2023-11-14,32.6,23.3,27.4,0.0,12.6,16.11,41,960.1,85,12.6,Abuja
2023-11-15,29.0,22.8,25.2,1.9,13.0,7.02,73,961.3,100,19.7,Abuja
2023-11-16,32.4,23.3,27.0,0.0,16.7,14.52,47,960.6,93,14.4,Abuja
2023-11-17,32.4,24.9,27.8,0.0,15.6,17.24,37,960.3,91,11.5,Abuja
2023-11-18,33.9,23.4,27.7,0.0,18.3,20.94,34,960.8,99,9.8,Abuja
2023-11-19,32.8,23.3,27.0,0.0,14.3,20.64,33,960.7,100,8.9,Abuja
2023-11-20,32.9,21.7,26.5,0.0,13.8,21.88,37,960.3,68,9.7,Abuja
2023-11-21,32.9,20.7,26.3,0.0,10.4,21.77,43,959.8,87,12.0,Abuja
2023-11-22,32.4,21.4,26.6,0.0,7.9,21.45,49,959.7,61,14.6,Abuja
2023-11-23,31.0,20.8,25.9,0.2,12.2,20.51,67,960.7,40,18.8,Abuja
2023-11-24,31.5,22.0,26.6,0.0,9.4,19.02,65,959.9,87,19.1,Abuja
2023-11-25,32.4,23.3,25.8,6.7,9.4,16.96,74,959.6,90,20.7,Abuja
2023-11-26,28.1,21.9,23.8,2.6,9.8,11.51,86,961.7,99,21.2,Abuja
2023-11-27,34.1,20.7,26.6,0.0,10.5,21.11,65,961.2,20,18.0,Abuja
2023-11-28,33.9,22.4,27.3,0.0,8.9,20.74,58,960.1,24,17.4,Abuja
2023-11-29,33.0,22.6,26.7,0.0,6.5,20.41,61,960.1,57,17.9,Abuja
2023-11-30,34.8,22.3,27.4,0.0,8.8,20.78,56,960.6,29,16.5,Abuja
2023-12-01,34.2,21.6,27.5,0.0,15.8,21.6,38,960.9,7,10.3,Abuja
2023-12-02,34.9,23.6,28.2,0.0,20.1,21.66,28,960.6,34,6.9,Abuja
2023-12-03,34.1,21.5,27.3,0.0,8.4,21.27,42,960.1,62,12.2,Abuja
2023-12-04,33.7,21.7,27.1,0.0,7.6,21.23,49,960.6,26,14.5,Abuja
2023-12-05,33.7,21.5,26.9,0.0,14.3,21.51,40,960.7,14,10.5,Abuja
2023-12-06,33.2,21.7,27.0,0.0,17.3,21.17,30,960.9,63,7.2,Abuja
2023-12-07,34.2,21.8,27.5,0.0,17.1,20.93,28,961.4,83,6.6,Abuja
2023-12-08,33.3,21.2,26.5,0.0,9.6,20.37,38,961.4,66,9.9,Abuja
2023-12-09,33.2,21.1,26.5,0.0,12.0,21.01,37,959.6,12,10.2,Abuja
2023-12-10,32.6,19.6,26.1,0.0,12.2,21.03,40,959.9,13,10.9,Abuja
2023-12-11,32.0,21.7,25.9,0.0,17.1,21.07,32,960.9,6,7.5,Abuja
2023-12-12,31.8,19.4,24.8,0.0,18.4,21.47,30,961.5,0,5.5,Abuja
2023-12-13,31.3,20.0,25.1,0.0,19.1,21.2,30,960.6,10,5.8,Abuja
2023-12-14,32.3,18.9,25.0,0.0,10.5,20.4,38,960.0,23,8.7,Abuja
2023-12-15,33.1,20.4,26.1,0.0,10.9,20.44,36,959.7,36,8.8,Abuja
2023-12-16,32.8,19.8,26.2,0.0,15.3,20.91,33,958.7,8,7.8,Abuja
2023-12-17,33.3,21.6,26.7,0.0,17.0,20.85,29,958.9,13,6.5,Abuja
2023-12-18,34.1,22.0,27.2,0.0,16.1,21.05,27,959.0,1,5.8,Abuja
2023-12-19,33.6,19.6,26.9,0.0,13.2,20.91,33,959.5,22,8.5,Abuja
2023-12-20,33.8,21.0,26.9,0.0,12.6,20.83,36,960.8,5,9.7,Abuja
2023-12-21,33.7,20.7,26.8,0.0,11.6,20.66,39,960.2,38,10.9,Abuja
2023-12-22,33.1,22.7,27.2,0.0,15.6,20.22,37,961.1,82,10.4,Abuja
2023-12-23,34.3,21.7,27.1,0.0,17.7,20.55,28,961.5,32,6.6,Abuja
2023-12-24,33.8,21.2,26.8,0.0,15.8,20.37,29,961.6,52,6.6,Abuja
2023-12-25,33.9,21.0,26.6,0.0,19.1,21.03,27,960.9,9,5.3,Abuja
2023-12-26,31.8,18.9,25.1,0.0,14.1,20.93,30,960.9,11,5.9,Abuja
2023-12-27,32.9,19.8,25.7,0.0,14.5,20.92,30,961.3,6,6.2,Abuja
2023-12-28,33.0,20.4,26.2,0.0,14.3,20.81,31,962.4,18,6.9,Abuja
2023-12-29,33.2,20.8,26.6,0.0,13.9,20.83,29,961.3,13,6.5,Abuja
2023-12-30,33.7,21.0,26.9,0.0,12.8,20.66,30,961.0,39,7.2,Abuja
2023-12-31,33.9,22.2,27.5,0.0,15.0,20.67,29,961.0,19,7.3,Abuja
2024-01-01,34.0,22.4,27.6,0.0,16.9,20.66,26,961.4,40,6.1,Abuja
2024-01-02,35.0,23.1,28.2,0.0,15.0,20.49,26,962.1,54,6.1,Abuja
2024-01-03,34.0,23.7,28.0,0.0,16.8,20.36,27,961.9,81,6.7,Abuja
2024-01-04,34.2,22.9,27.9,0.0,14.3,20.44,28,961.9,54,7.0,Abuja
2024-01-05,33.9,20.5,27.2,0.0,10.4,20.41,34,961.5,65,9.1,Abuja
2024-01-06,34.7,21.7,27.8,0.0,9.2,20.46,35,961.5,3,9.8,Abuja
2024-01-07,35.5,20.9,28.2,0.0,12.5,20.89,29,960.8,0,7.2,Abuja
2024-01-08,34.1,22.3,27.6,0.0,16.7,20.9,23,960.3,29,3.9,Abuja
2024-01-09,33.6,22.0,27.6,0.0,11.8,20.89,28,960.3,8,6.8,Abuja
2024-01-10,34.3,22.2,27.2,0.0,15.3,21.07,23,961.3,20,3.4,Abuja
2024-01-11,35.2,21.9,27.3,0.0,14.8,21.34,18,960.7,27,-0.4,Abuja
2024-01-12,34.3,20.6,27.0,0.0,15.6,21.12,22,960.4,33,2.2,Abuja
2024-01-13,33.3,20.8,26.7,0.0,16.3,21.24,21,961.2,1,1.4,Abuja
2024-01-14,33.9,19.5,26.2,0.0,18.1,21.14,21,961.6,4,1.4,Abuja
2024-01-15,33.9,20.7,26.6,0.0,19.5,21.36,17,962.9,12,-1.2,Abuja
2024-01-16,34.0,19.3,26.2,0.0,17.1,21.38,20,963.1,2,1.0,Abuja
2024-01-17,33.0,19.6,25.9,0.0,17.6,21.45,23,963.2,0,2.1,Abuja
2024-01-18,33.5,19.4,25.9,0.0,15.7,21.6,23,962.3,0,2.5,Abuja
2024-01-19,34.1,20.0,26.6,0.0,14.5,21.46,22,962.0,0,2.0,Abuja
2024-01-20,35.0,21.4,27.5,0.0,17.9,21.33,19,962.5,0,1.1,Abuja
2024-01-21,35.0,22.0,27.7,0.0,19.0,21.75,18,962.2,0,0.4,Abuja
2024-01-22,34.5,20.8,27.1,0.0,19.5,21.9,17,962.1,0,-0.5,Abuja
2024-01-23,33.8,18.8,26.7,0.0,10.4,21.56,26,962.7,17,4.8,Abuja
2024-01-24,34.3,22.6,27.6,0.0,17.9,21.23,26,963.2,14,5.2,Abuja
2024-01-25,33.7,21.2,26.7,0.0,21.3,21.08,22,963.2,26,2.9,Abuja
2024-01-26,33.4,20.7,26.2,0.0,19.3,21.35,23,962.9,1,3.0,Abuja
2024-01-27,33.0,20.6,26.2,0.0,18.4,21.25,22,962.4,16,2.3,Abuja
2024-01-28,33.6,19.6,26.4,0.0,15.6,21.38,24,961.8,8,3.2,Abuja
2024-01-29,34.4,19.6,26.9,0.0,11.2,21.41,29,961.9,0,5.6,Abuja
2024-01-30,35.6,21.7,28.3,0.0,15.5,21.39,23,961.6,0,4.3,Abuja
2024-01-31,35.5,21.7,28.5,0.0,16.6,21.24,23,962.2,39,4.9,Abuja
2024-02-01,35.0,22.2,27.9,0.0,17.5,21.26,23,963.2,15,4.4,Abuja
2024-02-02,34.7,21.0,27.6,0.0,17.3,21.67,24,962.1,13,4.5,Abuja
2024-02-03,34.2,20.6,27.1,0.0,18.2,21.96,21,960.8,10,2.5,Abuja
2024-02-04,34.7,21.3,27.6,0.0,19.6,22.05,16,961.7,49,-1.2,Abuja
2024-02-05,34.2,21.1,27.3,0.0,20.0,22.1,15,963.5,45,-2.1,Abuja
2024-02-06,33.4,22.2,27.0,0.0,20.6,19.21,15,963.6,89,-1.8,Abuja
2024-02-07,34.6,21.6,27.4,0.0,19.2,22.37,17,962.8,38,-0.1,Abuja
2024-02-08,35.0,20.3,27.5,0.0,17.8,22.48,19,961.7,7,1.3,Abuja
2024-02-09,34.8,21.3,27.9,0.0,12.0,22.49,22,961.7,17,3.3,Abuja
2024-02-10,35.9,22.0,28.9,0.0,10.5,22.35,25,961.4,73,6.3,Abuja
2024-02-11,37.0,23.8,30.1,0.0,11.8,22.38,24,960.5,27,6.6,Abuja
2024-02-12,38.1,24.0,30.5,0.0,13.6,22.47,24,960.2,0,6.7,Abuja
2024-02-13,38.3,26.5,31.7,0.0,18.4,22.84,14,960.4,0,0.8,Abuja
2024-02-14,36.7,25.8,30.8,0.0,19.3,22.82,17,961.0,16,2.0,Abuja
2024-02-15,36.6,24.9,29.9,0.0,19.7,22.99,16,961.1,3,1.5,Abuja
2024-02-16,36.2,23.2,29.1,0.0,19.5,22.96,17,960.8,76,1.0,Abuja
2024-02-17,35.2,24.0,29.2,0.0,16.5,22.73,19,961.0,87,3.0,Abuja
2024-02-18,36.2,24.5,30.1,0.0,12.5,21.83,20,960.8,69,4.3,Abuja
2024-02-19,36.9,23.8,30.4,0.0,11.8,21.54,21,959.8,15,5.4,Abuja
2024-02-20,36.6,24.3,30.5,0.0,8.9,22.29,28,958.3,15,9.2,Abuja
2024-02-21,35.6,25.4,30.5,0.0,9.2,21.18,35,957.6,54,12.9,Abuja
2024-02-22,33.7,24.6,28.7,0.2,13.6,14.53,47,958.1,88,15.8,Abuja
2024-02-23,32.9,23.4,27.8,0.1,21.7,17.7,30,960.1,98,8.3,Abuja
2024-02-24,33.3,24.5,28.3,0.0,11.4,11.22,31,961.2,98,9.2,Abuja
2024-02-25,34.1,25.5,29.2,0.0,13.8,11.51,30,961.7,98,9.6,Abuja
2024-02-26,35.6,25.0,30.1,0.0,16.8,21.85,32,960.0,53,10.8,Abuja
2024-02-27,36.6,23.3,30.2,0.0,11.1,22.54,36,959.2,1,12.8,Abuja
2024-02-28,36.9,23.8,30.7,0.0,9.4,22.47,40,958.2,16,14.7,Abuja
2024-02-29,35.8,25.0,30.6,0.0,12.2,21.76,45,957.9,91,17.1,Abuja
2024-03-01,34.8,24.7,29.5,0.1,11.5,18.7,57,958.8,89,19.6,Abuja
2024-03-02,36.6,25.4,30.6,0.2,12.6,21.0,49,959.8,72,17.7,Abuja
2024-03-03,36.3,24.4,29.7,0.0,10.6,21.87,52,960.4,85,17.6,Abuja
2024-03-04,36.9,24.9,30.5,0.0,10.2,22.33,43,959.4,58,15.2,Abuja
2024-03-05,35.8,24.8,30.4,0.0,8.9,18.86,45,959.3,81,16.9,Abuja
2024-03-06,36.2,25.1,30.4,0.0,9.8,21.38,48,959.7,98,17.7,Abuja
2024-03-07,34.6,24.3,29.7,0.0,14.3,20.12,54,960.6,74,18.9,Abuja
2024-03-08,34.5,24.4,28.5,9.0,15.1,20.47,66,960.7,71,21.0,Abuja
2024-03-09,33.1,23.4,27.5,0.7,10.0,18.4,73,960.3,82,21.5,Abuja
2024-03-10,36.2,24.4,29.5,0.0,9.8,20.35,60,959.6,81,20.3,Abuja
2024-03-11,37.4,26.1,30.4,0.1,10.7,21.68,59,960.1,98,21.0,Abuja
2024-03-12,36.5,24.0,29.5,0.0,12.8,21.03,61,960.7,99,20.4,Abuja
2024-03-13,36.2,24.4,29.7,0.0,8.4,20.84,60,960.6,93,20.3,Abuja
2024-03-14,35.2,24.6,29.5,0.0,12.0,22.02,59,960.7,77,20.2,Abuja
2024-03-15,35.4,24.3,29.5,0.0,10.2,20.78,61,960.4,60,20.5,Abuja
2024-03-16,38.3,26.5,31.8,0.0,8.2,21.3,51,958.8,34,19.3,Abuja
2024-03-17,37.4,24.7,30.5,0.0,9.3,20.96,53,958.6,41,19.1,Abuja
2024-03-18,35.7,25.5,30.2,0.0,15.5,23.39,37,958.2,29,12.1,Abuja
2024-03-19,37.0,24.2,30.2,0.0,14.3,23.15,20,957.5,61,4.3,Abuja
2024-03-20,36.8,23.4,30.1,0.0,10.4,23.52,24,957.5,50,6.1,Abuja
2024-03-21,38.3,25.0,31.1,0.0,16.4,23.07,20,958.0,47,4.3,Abuja
2024-03-22,36.8,25.3,30.7,0.0,11.3,22.65,37,957.6,74,13.6,Abuja
2024-03-23,36.1,25.5,30.4,0.1,10.2,21.55,47,958.0,72,17.5,Abuja
2024-03-24,37.0,26.0,30.7,0.0,12.1,22.85,48,958.7,38,17.3,Abuja
2024-03-25,35.9,25.7,30.1,4.5,12.3,21.18,51,959.3,80,18.2,Abuja
2024-03-26,36.4,23.9,29.9,0.0,8.6,21.43,52,960.0,80,17.7,Abuja
2024-03-27,37.6,26.3,31.6,0.0,14.1,21.93,39,959.2,90,15.0,Abuja
2024-03-28,39.0,25.7,32.3,0.0,11.0,22.28,35,958.9,80,14.1,Abuja
2024-03-29,36.8,25.5,31.1,0.0,10.0,22.46,43,958.8,78,16.7,Abuja
2024-03-30,35.4,24.2,29.7,0.0,11.9,21.68,58,959.2,82,19.8,Abuja
2024-03-31,36.2,25.2,30.7,0.0,11.6,20.36,51,959.5,77,18.8,Abuja
2024-04-01,32.8,25.0,28.9,0.0,13.0,15.87,60,960.3,100,20.2,Abuja
2024-04-02,38.3,26.2,31.4,0.0,14.0,21.84,45,958.6,66,16.7,Abuja
2024-04-03,35.3,24.7,29.3,0.0,12.3,18.31,58,957.8,67,19.7,Abuja
2024-04-04,35.7,25.0,30.1,0.0,17.9,22.19,53,958.3,80,19.0,Abuja
2024-04-05,35.2,25.4,28.4,0.3,12.6,18.62,65,959.5,76,20.9,Abuja
2024-04-06,34.7,24.0,29.0,0.0,9.2,22.0,62,960.2,62,20.2,Abuja
2024-04-07,35.5,24.5,30.1,0.0,10.8,21.88,52,959.7,83,18.6,Abuja
2024-04-08,34.4,25.1,29.3,0.0,9.8,18.65,60,958.9,94,20.1,Abuja
2024-04-09,33.8,24.8,28.7,0.0,13.5,19.14,58,959.5,79,19.0,Abuja
2024-04-10,37.2,26.5,30.7,0.0,9.7,21.35,45,958.3,57,16.7,Abuja
2024-04-11,36.8,25.4,30.8,0.0,11.2,22.71,47,958.2,81,17.5,Abuja
2024-04-12,32.1,24.6,28.1,0.0,9.7,13.82,65,959.8,91,20.6,Abuja
2024-04-13,34.6,25.4,29.4,0.0,9.8,21.82,59,959.0,68,20.2,Abuja
2024-04-14,33.4,24.7,28.4,1.1,17.2,17.11,64,960.3,98,20.6,Abuja
2024-04-15,36.0,26.2,30.7,0.0,11.7,20.41,52,959.9,81,19.2,Abuja
2024-04-16,35.9,25.1,30.3,0.0,10.4,23.45,54,958.7,77,19.2,Abuja
2024-04-17,35.4,23.8,29.6,0.0,12.5,22.35,56,958.2,97,19.1,Abuja
2024-04-18,36.3,24.6,30.1,0.0,9.1,21.64,53,959.1,75,18.7,Abuja
2024-04-19,34.7,24.9,29.9,0.0,12.4,22.35,57,959.5,88,20.0,Abuja
2024-04-20,36.9,25.9,30.9,0.0,9.4,23.72,54,957.8,78,19.8,Abuja
2024-04-21,34.7,25.7,28.8,0.1,17.4,19.43,66,957.9,96,21.5,Abuja
2024-04-22,34.7,24.4,28.4,0.4,14.9,19.84,67,959.1,94,21.2,Abuja
2024-04-23,33.0,23.9,27.5,0.0,11.2,16.2,72,959.2,91,21.6,Abuja
2024-04-24,34.4,23.6,28.9,0.2,9.9,23.75,61,959.1,47,20.3,Abuja
2024-04-25,33.4,24.1,28.7,0.0,11.5,21.76,64,958.7,63,20.8,Abuja
2024-04-26,35.0,24.8,28.6,1.5,13.6,21.21,67,957.9,63,21.4,Abuja
2024-04-27,34.8,23.9,29.3,0.0,10.4,23.47,65,957.6,95,21.6,Abuja
2024-04-28,36.0,25.8,30.3,0.3,10.9,21.83,60,957.6,88,21.2,Abuja
2024-04-29,34.5,24.8,29.5,0.0,9.4,22.89,66,958.7,78,21.9,Abuja
2024-04-30,35.5,25.1,30.3,0.0,9.7,23.0,60,957.3,89,21.3,Abuja
2024-05-01,34.6,25.5,28.9,0.0,11.5,17.11,66,957.2,82,21.7,Abuja
2024-05-02,33.5,23.3,28.4,0.0,11.7,22.28,68,958.5,100,21.3,Abuja
2024-05-03,32.2,24.3,27.9,0.0,14.2,15.88,67,960.4,100,20.9,Abuja
2024-05-04,33.6,24.7,28.8,0.0,10.1,23.57,61,960.0,49,20.1,Abuja
2024-05-05,34.6,25.1,28.9,0.4,9.7,20.54,65,958.9,52,21.3,Abuja
2024-05-06,33.5,24.3,28.4,0.3,8.9,20.12,70,958.1,68,22.1,Abuja
2024-05-07,33.2,24.6,28.0,0.0,10.1,16.91,67,959.1,54,21.1,Abuja
2024-05-08,34.6,24.5,28.9,0.2,10.8,22.54,64,958.7,59,21.0,Abuja
2024-05-09,34.1,24.5,29.1,0.0,11.5,24.19,65,958.3,63,21.5,Abuja
2024-05-10,34.3,25.1,29.1,0.9,8.7,21.79,67,958.6,82,22.2,Abuja
2024-05-11,34.1,25.5,29.3,0.1,8.9,21.59,67,959.0,62,22.1,Abuja
2024-05-12,33.0,24.5,28.3,0.1,9.2,17.6,65,960.2,97,20.7,Abuja
2024-05-13,33.1,23.1,27.4,1.0,12.4,17.21,69,960.5,93,20.9,Abuja
2024-05-14,33.8,25.6,28.6,0.0,8.4,17.05,65,960.2,87,21.0,Abuja
2024-05-15,33.4,25.1,28.8,0.3,7.7,20.05,68,960.0,91,21.9,Abuja
2024-05-16,33.6,24.5,28.1,0.0,10.8,19.28,72,960.6,97,22.1,Abuja
2024-05-17,32.4,24.0,27.2,0.0,9.8,19.41,69,961.6,79,20.7,Abuja
2024-05-18,34.4,22.8,28.2,0.0,10.1,22.51,66,960.2,81,20.4,Abuja
2024-05-19,34.6,23.9,28.3,0.0,14.0,24.02,67,959.5,28,21.1,Abuja
2024-05-20,34.2,24.1,28.8,0.0,8.9,23.84,66,960.1,42,21.4,Abuja
2024-05-21,35.1,25.2,28.8,1.9,10.2,22.82,67,961.1,43,21.8,Abuja
2024-05-22,32.6,24.2,27.8,0.0,12.2,21.04,68,961.5,87,21.1,Abuja
2024-05-23,33.3,23.3,27.6,0.0,10.5,22.4,66,960.9,54,20.2,Abuja
2024-05-24,33.3,23.6,27.1,17.6,9.4,20.01,72,960.9,69,21.3,Abuja
2024-05-25,31.8,22.7,26.2,0.5,13.2,20.56,76,962.0,73,21.3,Abuja
2024-05-26,32.9,23.6,27.8,0.4,8.7,22.5,66,962.1,44,20.4,Abuja
2024-05-27,33.7,24.4,28.4,0.4,7.3,23.2,67,961.8,80,21.3,Abuja
2024-05-28,33.3,24.2,28.2,4.4,10.4,23.66,72,961.9,88,22.2,Abuja
2024-05-29,33.0,23.8,27.9,0.0,9.5,20.96,70,961.8,72,21.6,Abuja
2024-05-30,32.5,24.5,27.0,0.0,9.0,15.97,70,961.8,94,21.0,Abuja
2024-05-31,31.2,24.0,27.2,0.8,13.0,20.18,71,962.2,45,21.3,Abuja
2024-06-01,33.3,23.4,27.6,0.1,8.4,19.42,71,962.9,61,21.4,Abuja
2024-06-02,30.7,22.1,25.7,6.6,21.3,19.84,74,962.3,92,20.4,Abuja
2024-06-03,31.6,23.0,26.9,0.0,8.4,22.91,68,962.6,43,20.1,Abuja
2024-06-04,31.3,22.8,26.9,0.0,10.7,20.08,72,961.8,68,21.3,Abuja
2024-06-05,30.8,22.5,26.3,0.4,10.1,18.35,76,961.9,62,21.5,Abuja
2024-06-06,28.8,21.9,25.1,1.8,12.4,12.09,77,962.6,99,20.5,Abuja
2024-06-07,29.5,22.0,25.4,0.4,12.0,13.01,78,964.2,77,21.0,Abuja
2024-06-08,31.4,22.7,26.5,0.0,11.1,17.2,74,963.3,83,21.2,Abuja
2024-06-09,30.7,23.1,26.5,0.4,8.3,18.26,76,962.1,48,21.5,Abuja
2024-06-10,30.2,21.9,25.3,2.4,13.4,18.72,79,962.9,83,21.1,Abuja
2024-06-11,29.3,22.8,24.8,0.4,8.0,12.74,81,963.7,81,21.2,Abuja
2024-06-12,31.0,21.8,26.0,0.2,5.2,22.09,70,962.3,48,19.7,Abuja
2024-06-13,32.4,23.6,27.5,0.3,6.9,21.85,70,961.5,48,21.2,Abuja
2024-06-14,31.6,23.4,26.6,1.6,14.3,21.72,76,961.2,85,21.7,Abuja
2024-06-15,27.7,22.6,24.2,0.9,10.4,12.06,87,961.7,100,21.8,Abuja
2024-06-16,27.2,21.7,23.8,4.4,6.8,12.91,87,962.0,98,21.4,Abuja
2024-06-17,30.2,21.8,25.6,0.0,7.4,21.23,77,962.0,58,21.0,Abuja
2024-06-18,32.0,22.9,27.1,0.0,5.5,22.58,70,961.1,70,20.9,Abuja
2024-06-19,31.4,22.5,26.7,0.0,8.3,22.23,72,960.3,53,20.9,Abuja
2024-06-20,31.4,22.3,26.2,2.9,9.7,22.15,76,961.0,60,21.3,Abuja
2024-06-21,27.4,21.5,24.4,1.0,8.1,11.19,84,962.1,96,21.4,Abuja
2024-06-22,31.7,22.1,25.6,4.4,7.4,21.16,79,961.7,75,21.4,Abuja
2024-06-23,30.9,22.7,26.4,0.1,8.7,19.32,73,961.3,90,21.0,Abuja
2024-06-24,26.3,22.0,23.8,1.9,12.3,8.31,89,961.2,98,21.9,Abuja
2024-06-25,30.6,21.3,24.9,3.0,11.2,19.9,79,961.6,72,20.6,Abuja
2024-06-26,29.2,20.6,23.9,1.3,6.8,14.53,87,961.1,95,21.4,Abuja
2024-06-27,30.2,22.3,25.8,0.3,9.8,15.93,79,960.8,84,21.5,Abuja
2024-06-28,29.7,22.5,25.1,3.0,11.2,16.72,81,961.3,87,21.4,Abuja
2024-06-29,29.3,21.7,24.7,4.9,8.8,20.2,84,961.4,94,21.5,Abuja
2024-06-30,28.7,21.6,24.3,8.0,10.4,17.54,85,961.7,74,21.4,Abuja
2024-07-01,29.3,22.7,25.4,0.6,9.9,17.55,79,962.3,72,21.4,Abuja
2024-07-02,29.1,21.3,24.4,11.9,10.9,16.45,84,961.8,91,21.3,Abuja
2024-07-03,28.4,21.1,24.1,10.2,8.9,19.7,84,961.8,73,21.0,Abuja
2024-07-04,29.6,21.2,24.1,6.6,11.1,20.16,86,962.7,81,21.3,Abuja
2024-07-05,28.3,21.5,23.8,23.9,9.7,12.0,86,962.6,96,21.1,Abuja
2024-07-06,29.2,21.1,24.4,14.9,10.3,17.92,84,962.2,85,21.3,Abuja
2024-07-07,29.2,20.9,24.6,2.4,7.4,20.18,83,961.8,96,21.3,Abuja
2024-07-08,27.5,21.7,24.2,1.3,9.7,15.7,85,962.0,88,21.3,Abuja
2024-07-09,28.7,20.9,24.6,0.2,9.4,18.58,78,961.2,87,20.3,Abuja
2024-07-10,29.3,21.8,24.0,4.9,8.7,14.7,85,961.7,83,21.2,Abuja
2024-07-11,26.2,21.6,23.4,4.0,8.5,13.04,88,962.5,100,21.1,Abuja
2024-07-12,28.7,21.4,23.8,8.4,12.9,18.15,87,962.8,78,21.3,Abuja
2024-07-13,27.8,21.2,23.7,2.9,9.7,16.52,88,963.3,97,21.5,Abuja
2024-07-14,28.8,20.9,24.4,3.0,8.5,19.91,85,963.3,83,21.5,Abuja
2024-07-15,25.6,22.1,23.8,4.2,8.4,12.95,90,963.7,100,21.9,Abuja
2024-07-16,27.0,21.9,23.6,15.8,10.4,12.16,89,963.2,100,21.7,Abuja
2024-07-17,28.1,21.0,23.7,3.0,9.8,14.7,87,962.9,82,21.2,Abuja
2024-07-18,28.5,21.4,24.2,1.3,9.7,17.96,86,962.9,78,21.5,Abuja
2024-07-19,23.7,21.2,22.2,18.8,10.6,6.81,96,962.9,99,21.4,Abuja
2024-07-20,25.2,20.9,22.2,8.4,10.4,7.93,94,962.1,100,21.1,Abuja
2024-07-21,27.1,20.8,23.0,5.2,13.5,14.15,88,963.5,92,20.9,Abuja
2024-07-22,26.0,21.2,23.2,2.3,9.1,9.67,88,964.1,99,21.1,Abuja
2024-07-23,26.9,21.2,23.7,3.4,10.7,14.89,87,964.9,97,21.3,Abuja
2024-07-24,27.0,22.1,24.0,1.9,11.0,11.91,84,964.4,100,21.0,Abuja
2024-07-25,27.4,20.3,23.2,5.9,12.4,16.16,88,963.2,75,21.0,Abuja
2024-07-26,27.6,20.8,24.1,1.9,11.5,16.98,83,962.8,86,20.8,Abuja
2024-07-27,28.5,20.9,23.8,4.4,11.4,18.17,85,962.8,83,21.1,Abuja
2024-07-28,23.2,20.6,22.1,6.2,14.2,6.62,93,963.0,100,20.9,Abuja
2024-07-29,26.0,21.0,22.8,6.7,10.6,12.0,90,962.9,93,21.0,Abuja
2024-07-30,28.1,20.3,23.6,0.8,11.9,18.95,85,962.0,76,20.7,Abuja
2024-07-31,27.7,20.9,23.4,4.1,12.8,14.84,87,961.5,96,21.0,Abuja
2024-08-01,26.9,21.1,23.4,2.1,10.0,11.76,87,962.2,100,20.9,Abuja
2024-08-02,27.8,21.1,23.8,1.2,12.5,19.07,84,962.5,79,20.7,Abuja
2024-08-03,27.5,20.5,24.0,3.0,12.6,17.19,83,962.5,80,20.7,Abuja
2024-08-04,27.5,21.8,24.6,0.8,11.9,18.54,77,963.6,83,20.2,Abuja
2024-08-05,27.8,21.0,24.4,0.4,12.9,18.6,76,963.0,63,19.8,Abuja
2024-08-06,28.2,21.2,24.5,0.9,12.4,19.27,76,961.5,95,19.9,Abuja
2024-08-07,27.1,21.7,24.1,2.4,14.4,17.0,79,960.8,87,20.3,Abuja
2024-08-08,27.1,20.8,23.8,0.8,13.0,15.55,81,961.4,92,20.2,Abuja
2024-08-09,28.2,21.9,24.7,0.0,10.4,16.86,77,961.7,100,20.2,Abuja
2024-08-10,28.9,22.1,24.5,2.3,13.4,20.33,82,961.2,87,21.1,Abuja
2024-08-11,28.3,21.6,24.6,1.0,11.0,20.38,80,961.3,65,20.8,Abuja
2024-08-12,26.6,22.4,24.2,1.8,11.5,12.2,80,961.2,100,20.4,Abuja
2024-08-13,25.3,21.4,23.5,7.0,12.3,11.29,84,962.1,92,20.5,Abuja
2024-08-14,28.2,21.4,24.5,1.0,12.7,20.79,76,963.1,53,19.7,Abuja
2024-08-15,28.6,21.2,24.6,0.8,11.5,18.33,75,962.3,97,19.9,Abuja
2024-08-16,22.9,21.2,21.9,13.5,13.4,5.23,94,961.6,100,20.8,Abuja
2024-08-17,28.7,21.0,24.5,1.7,12.1,23.03,79,962.6,48,20.4,Abuja
2024-08-18,25.4,21.6,23.3,4.2,9.3,8.95,85,963.5,97,20.7,Abuja
2024-08-19,25.6,20.5,22.3,13.1,12.6,10.24,92,962.5,100,20.9,Abuja
2024-08-20,26.9,20.6,23.0,4.9,12.1,18.14,87,962.6,84,20.5,Abuja
2024-08-21,28.2,20.8,24.2,1.6,11.8,21.87,80,963.2,58,20.3,Abuja
2024-08-22,28.0,21.3,23.5,16.7,13.1,15.03,85,961.3,97,20.8,Abuja
2024-08-23,24.4,21.1,22.0,26.7,10.9,7.33,95,961.1,100,21.2,Abuja
2024-08-24,27.6,21.1,23.1,3.7,10.8,14.23,89,963.6,88,21.0,Abuja
2024-08-25,26.1,20.9,23.3,5.5,14.7,12.12,89,962.4,100,21.4,Abuja
2024-08-26,25.8,20.7,22.1,12.7,11.0,7.06,95,960.5,98,21.2,Abuja
2024-08-27,27.9,21.1,23.7,3.8,14.3,17.7,85,961.7,70,20.8,Abuja
2024-08-28,26.7,21.5,23.4,5.6,12.2,12.42,87,963.3,100,21.1,Abuja
2024-08-29,28.6,21.8,23.7,7.0,13.0,16.86,86,962.2,96,21.1,Abuja
2024-08-30,24.9,21.1,22.0,15.7,13.2,9.23,94,961.1,100,21.0,Abuja
2024-08-31,25.6,20.8,22.9,7.1,16.4,13.5,89,961.8,74,20.8,Abuja
2024-09-01,27.9,20.2,23.8,0.7,9.5,18.01,81,962.6,44,20.1,Abuja
2024-09-02,28.4,21.5,24.6,1.0,10.9,20.37,78,962.2,95,20.4,Abuja
2024-09-03,28.1,21.1,24.5,0.2,12.7,18.64,77,961.5,95,20.0,Abuja
2024-09-04,28.7,21.2,24.8,0.4,11.0,23.18,77,961.9,75,20.4,Abuja
2024-09-05,29.2,21.6,24.9,1.8,10.3,22.89,75,962.2,77,20.1,Abuja
2024-09-06,26.8,21.0,22.8,20.9,13.1,10.7,90,961.6,100,21.0,Abuja
2024-09-07,25.3,20.8,22.4,10.0,7.3,9.59,90,962.6,84,20.6,Abuja
2024-09-08,28.6,20.4,24.4,0.2,8.5,20.57,82,963.0,61,20.8,Abuja
2024-09-09,30.5,22.5,25.4,9.6,7.2,21.16,79,962.4,81,21.3,Abuja
2024-09-10,28.8,21.0,23.9,1.7,6.8,17.53,88,961.2,86,21.7,Abuja
2024-09-11,28.8,21.7,24.5,6.5,10.1,21.35,84,961.4,79,21.4,Abuja
2024-09-12,28.8,21.4,24.6,1.0,8.1,17.26,84,962.5,97,21.5,Abuja
2024-09-13,27.1,22.2,23.8,18.7,10.3,15.59,89,962.3,97,21.8,Abuja
2024-09-14,27.1,21.4,23.8,3.0,7.0,15.54,88,962.5,93,21.7,Abuja
2024-09-15,28.5,21.1,23.9,0.1,6.1,14.49,89,962.5,83,21.9,Abuja
2024-09-16,29.7,21.8,24.5,1.0,11.0,17.09,85,962.3,71,21.7,Abuja
2024-09-17,27.9,20.9,24.2,12.9,10.5,13.61,88,961.5,87,21.8,Abuja
2024-09-18,27.3,21.2,22.6,19.5,9.7,12.1,92,962.0,94,21.1,Abuja
2024-09-19,28.2,20.6,23.5,4.5,6.9,15.73,87,961.7,90,21.2,Abuja
2024-09-20,28.1,21.6,23.9,1.7,8.0,16.88,88,961.0,86,21.6,Abuja
2024-09-21,29.0,21.7,23.4,5.1,6.6,12.16,91,960.1,88,21.6,Abuja
2024-09-22,28.3,21.1,23.7,8.3,11.6,17.24,87,960.5,76,21.3,Abuja
2024-09-23,27.8,21.1,23.6,7.6,10.1,14.11,89,961.5,94,21.6,Abuja
2024-09-24,27.3,21.1,23.8,0.2,9.7,15.03,85,961.4,89,21.0,Abuja
2024-09-25,29.6,20.6,24.8,0.2,9.6,21.6,79,961.6,53,20.6,Abuja
2024-09-26,30.2,22.1,24.7,5.1,11.0,21.36,81,961.7,53,21.2,Abuja
2024-09-27,27.7,21.5,23.5,3.5,9.0,13.57,89,961.3,78,21.4,Abuja
2024-09-28,26.7,21.5,23.4,4.1,7.9,10.36,88,961.8,98,21.2,Abuja
2024-09-29,29.9,20.6,24.2,2.2,7.4,18.16,85,961.7,88,21.3,Abuja
2024-09-30,29.6,20.7,24.7,2.5,10.2,19.48,83,960.2,60,21.4,Abuja
2024-10-01,27.6,21.3,24.3,1.0,8.4,12.79,85,959.7,53,21.6,Abuja
2024-10-02,28.3,21.5,23.9,4.9,8.9,14.67,87,959.1,94,21.4,Abuja
2024-10-03,29.0,20.9,23.6,14.4,9.7,16.25,87,959.6,94,21.2,Abuja
2024-10-04,25.0,21.0,22.7,29.2,11.6,7.82,93,961.3,93,21.4,Abuja
2024-10-05,24.5,21.0,22.3,14.3,8.8,6.86,94,962.9,98,21.3,Abuja
2024-10-06,27.9,19.9,23.2,2.7,9.2,15.52,88,962.9,99,20.9,Abuja
2024-10-07,28.6,20.3,24.0,3.6,8.8,14.94,84,962.6,68,21.0,Abuja
2024-10-08,30.5,21.2,24.7,1.1,8.7,17.0,81,962.9,71,20.9,Abuja
2024-10-09,30.2,22.1,24.8,1.3,9.7,21.48,81,962.9,46,21.2,Abuja
2024-10-10,30.0,21.5,25.3,0.0,11.7,22.18,78,961.8,35,20.9,Abuja
2024-10-11,30.2,22.4,24.8,3.7,7.1,18.19,84,961.2,60,21.7,Abuja
2024-10-12,28.8,21.0,24.0,1.4,8.7,14.3,88,961.6,100,21.9,Abuja
2024-10-13,28.6,21.1,24.0,2.2,7.7,15.05,84,962.5,95,21.0,Abuja
2024-10-14,27.5,20.6,23.3,2.8,8.0,13.6,87,963.3,91,20.9,Abuja
2024-10-15,26.3,20.9,23.1,0.9,10.0,7.8,86,962.6,99,20.5,Abuja
2024-10-16,29.8,20.4,24.5,0.0,9.9,22.59,81,962.4,54,20.8,Abuja
2024-10-17,27.9,21.2,24.2,0.0,11.5,15.99,82,963.0,86,20.7,Abuja
2024-10-18,29.9,21.1,24.8,0.6,12.6,21.84,82,962.1,63,21.3,Abuja
2024-10-19,30.1,22.3,25.4,1.9,6.0,19.54,80,961.1,67,21.5,Abuja
2024-10-20,29.8,22.0,25.1,1.6,8.1,19.34,80,961.2,36,21.2,Abuja
2024-10-21,29.8,22.6,25.0,0.7,8.9,19.89,82,961.6,75,21.5,Abuja
2024-10-22,30.2,22.8,25.4,0.5,7.9,18.69,82,961.4,97,21.9,Abuja
2024-10-23,32.3,21.6,26.1,0.1,6.4,22.58,76,960.8,46,21.0,Abuja
2024-10-24,31.5,21.7,26.5,0.0,8.0,22.83,70,960.8,80,20.3,Abuja
2024-10-25,32.0,22.0,26.1,0.0,7.6,20.96,74,961.2,87,20.7,Abuja
2024-10-26,32.0,21.6,25.9,0.5,8.2,22.09,76,961.3,63,20.9,Abuja
2024-10-27,31.9,22.9,26.7,0.0,9.6,22.5,68,960.6,24,19.7,Abuja
2024-10-28,32.2,22.8,26.8,0.0,10.2,22.96,58,960.0,36,17.4,Abuja
2024-10-29,32.3,21.9,26.5,0.0,11.3,22.61,62,960.5,70,18.2,Abuja
2024-10-30,33.3,22.1,26.8,0.0,9.8,22.32,65,960.5,55,18.9,Abuja
2024-10-31,32.8,22.2,26.8,0.0,10.6,23.07,59,960.7,65,17.5,Abuja
2024-11-01,31.8,22.9,26.8,0.1,11.1,22.41,61,960.4,39,18.2,Abuja
2024-11-02,30.8,21.3,26.0,0.0,12.7,22.33,53,959.9,70,15.3,Abuja
2024-11-03,32.3,20.4,25.9,0.0,14.6,22.85,51,961.7,49,14.4,Abuja
2024-11-04,32.9,22.5,26.8,0.0,15.3,23.23,39,961.2,27,11.4,Abuja
2024-11-05,32.7,22.0,26.5,0.0,14.4,23.05,42,959.7,15,12.0,Abuja
2024-11-06,32.3,20.4,26.0,0.0,11.2,22.78,46,958.7,2,13.0,Abuja
2024-11-07,33.5,21.6,27.1,0.0,17.6,21.48,46,959.7,49,14.0,Abuja
2024-11-08,33.9,24.3,28.3,0.0,17.8,22.37,38,960.4,49,12.3,Abuja
2024-11-09,33.0,22.9,27.1,0.0,17.9,22.23,39,960.9,72,11.3,Abuja
2024-11-10,31.9,21.7,26.2,0.0,12.9,22.47,41,961.1,47,11.6,Abuja
2024-11-11,33.2,20.7,26.6,0.0,11.8,22.58,43,959.9,29,12.1,Abuja
2024-11-12,33.8,23.3,27.6,0.0,15.8,22.26,37,958.9,28,11.3,Abuja
2024-11-13,34.9,23.9,28.8,0.0,18.2,22.07,39,959.3,45,13.0,Abuja
2024-11-14,35.7,24.5,29.2,0.0,18.9,22.01,34,959.3,5,10.9,Abuja
2024-11-15,34.2,22.4,28.2,0.0,19.7,22.46,27,959.9,31,6.9,Abuja
2024-11-16,33.9,23.8,27.9,0.0,19.8,22.58,23,959.9,7,4.3,Abuja
2024-11-17,33.0,21.6,26.8,0.0,16.2,22.43,29,959.6,17,6.8,Abuja
2024-11-18,33.5,22.8,27.4,0.0,18.9,22.33,29,960.4,47,7.4,Abuja
2024-11-19,34.7,23.6,28.4,0.0,19.6,21.72,28,960.7,69,7.8,Abuja
2024-11-20,34.6,24.1,28.6,0.0,24.5,21.69,26,961.4,76,6.7,Abuja
2024-11-21,34.0,23.7,28.1,0.0,20.8,21.97,28,960.7,53,7.3,Abuja
2024-11-22,32.4,21.2,26.9,0.0,13.8,21.78,37,961.3,42,10.4,Abuja
2024-11-23,34.5,23.6,28.2,0.0,17.4,22.16,26,961.5,5,6.1,Abuja
2024-11-24,34.5,23.3,28.0,0.0,21.5,22.36,21,961.4,0,3.4,Abuja
2024-11-25,34.2,23.3,28.1,0.0,20.1,22.22,22,961.4,5,4.1,Abuja
2024-11-26,33.3,22.9,27.6,0.0,17.1,21.94,25,961.7,28,5.6,Abuja
2024-11-27,32.7,22.3,27.2,0.0,19.9,21.81,26,962.0,7,6.0,Abuja
2024-11-28,32.3,21.7,26.7,0.0,20.3,21.8,28,962.1,2,6.5,Abuja
2024-11-29,32.8,20.8,26.7,0.0,20.9,21.43,28,962.7,25,6.3,Abuja
2024-11-30,34.0,22.2,27.9,0.0,14.8,20.98,29,962.3,31,7.9,Abuja
2024-12-01,34.3,21.9,28.1,0.0,15.3,21.05,28,960.6,35,7.6,Abuja
2024-12-02,34.2,21.2,27.7,0.0,17.3,21.16,28,960.2,49,7.0,Abuja
2024-12-03,33.1,21.8,27.4,0.0,17.9,21.22,28,960.3,8,7.0,Abuja
2024-12-04,34.1,21.6,27.3,0.0,20.9,21.63,24,960.7,1,4.6,Abuja
2024-12-05,33.5,20.9,27.1,0.0,20.8,21.43,25,960.8,0,4.8,Abuja
2024-12-06,33.2,22.2,27.5,0.0,18.5,21.3,25,960.3,37,5.7,Abuja
2024-12-07,34.2,22.7,28.2,0.0,23.3,21.03,22,960.8,42,4.0,Abuja
2024-12-08,34.3,21.2,27.5,0.0,19.6,20.95,22,960.3,30,3.7,Abuja
2024-12-09,34.6,22.5,28.3,0.0,18.1,20.84,23,960.4,76,4.3,Abuja
2024-12-10,35.5,24.0,29.3,0.0,19.7,19.55,25,959.9,66,6.7,Abuja
2024-12-11,36.6,26.1,30.6,0.0,22.8,20.05,21,959.8,87,5.5,Abuja
2024-12-12,36.0,25.0,29.7,0.0,24.8,21.26,19,959.8,59,3.4,Abuja
2024-12-13,35.4,23.6,28.9,0.0,22.3,21.56,15,960.0,62,-0.7,Abuja
2024-12-14,35.4,23.1,28.7,0.0,24.4,21.39,13,960.1,75,-3.0,Abuja
2024-12-15,34.5,21.4,28.0,0.0,18.2,21.01,17,960.2,84,-0.1,Abuja
2024-12-16,35.5,23.5,28.9,0.0,18.1,20.66,20,961.0,72,3.2,Abuja
2024-12-17,33.9,23.4,28.4,0.0,18.9,18.73,21,961.4,80,3.5,Abuja
2024-12-18,34.6,23.1,28.0,0.0,23.6,20.97,14,962.0,30,-1.7,Abuja
2024-12-19,33.0,19.9,26.1,0.0,26.3,21.04,18,962.1,15,-0.5,Abuja
2024-12-20,33.2,19.7,26.2,0.0,21.3,20.85,21,962.1,21,1.6,Abuja
2024-12-21,33.4,20.4,26.8,0.0,16.3,20.58,24,961.0,19,4.2,Abuja
2024-12-22,34.3,20.3,27.6,0.0,16.3,20.56,23,960.9,11,4.1,Abuja
2024-12-23,35.0,22.1,28.3,0.0,19.4,20.68,24,960.5,15,5.1,Abuja
2024-12-24,35.5,22.3,28.8,0.0,19.5,20.76,23,960.2,43,5.0,Abuja
2024-12-25,34.3,22.5,28.3,0.0,16.0,20.76,23,960.6,9,4.8,Abuja
2024-12-26,35.3,23.1,28.9,0.0,19.2,20.69,18,960.5,9,2.0,Abuja
2024-12-27,34.9,23.2,28.5,0.0,17.0,20.8,17,960.6,66,1.0,Abuja
2024-12-28,34.3,22.0,27.9,0.0,16.2,20.96,19,960.6,52,1.5,Abuja
2024-12-29,35.9,21.9,28.7,0.0,15.6,20.67,20,960.9,47,2.6,Abuja
2024-12-30,36.1,23.8,29.6,0.0,14.5,20.44,19,960.7,49,3.2,Abuja
2024-12-31,36.5,24.5,29.9,0.0,17.1,20.67,17,960.1,24,1.7,Abuja
2025-01-01,35.5,24.1,29.5,0.0,15.5,20.82,19,959.3,28,2.5,Abuja
2025-01-02,35.8,23.6,29.6,0.0,15.6,20.93,19,959.2,43,3.1,Abuja
2025-01-03,35.3,22.4,29.0,0.0,14.7,20.59,22,959.9,46,4.1,Abuja
2025-01-04,35.1,24.2,29.8,0.0,13.5,20.47,24,960.0,23,6.5,Abuja
2025-01-05,35.9,24.4,29.7,0.0,18.9,20.61,18,959.8,31,2.9,Abuja
2025-01-06,34.7,22.4,28.6,0.0,18.7,20.62,18,960.0,32,1.8,Abuja
2025-01-07,34.9,22.2,28.6,0.0,20.7,20.46,18,960.5,57,1.0,Abuja
2025-01-08,35.5,22.3,28.8,0.0,21.1,20.96,17,960.3,30,0.8,Abuja
2025-01-09,34.6,22.1,28.1,0.0,23.3,20.98,17,960.0,2,0.6,Abuja
2025-01-10,34.2,20.7,27.3,0.0,21.4,20.91,18,960.4,1,0.4,Abuja
2025-01-11,34.4,21.9,27.7,0.0,24.4,20.86,17,960.5,13,-0.2,Abuja
2025-01-12,34.0,20.6,27.4,0.0,18.8,20.86,17,960.5,62,-0.1,Abuja
2025-01-13,34.7,21.4,28.0,0.0,15.1,20.67,19,959.3,92,1.7,Abuja
2025-01-14,34.8,21.5,28.2,0.0,12.6,20.83,21,958.3,28,3.1,Abuja
2025-01-15,35.2,22.5,28.8,0.0,11.1,20.66,23,958.6,64,5.3,Abuja
2025-01-16,36.9,25.0,30.4,0.0,14.7,20.91,20,958.8,62,4.0,Abuja
2025-01-17,37.5,23.9,30.3,0.0,15.6,20.93,21,958.8,75,3.8,Abuja
2025-01-18,34.8,24.7,29.4,0.0,17.6,20.83,22,960.1,63,5.0,Abuja
2025-01-19,33.5,21.9,28.2,0.0,11.5,19.84,43,960.5,64,14.0,Abuja
2025-01-20,33.2,22.0,27.9,0.0,10.5,19.4,53,961.0,67,16.4,Abuja
2025-01-21,35.1,23.7,29.0,0.0,8.9,19.01,40,961.0,27,13.3,Abuja
2025-01-22,35.8,25.6,30.2,0.0,20.0,21.14,20,960.6,8,4.1,Abuja
2025-01-23,35.9,24.4,29.8,0.0,25.7,21.3,18,960.3,6,2.6,Abuja
2025-01-24,36.7,24.6,30.4,0.0,19.9,21.08,17,960.3,47,1.7,Abuja
2025-01-25,35.1,23.6,29.1,0.0,19.7,21.59,18,960.9,29,2.2,Abuja
2025-01-26,34.5,23.3,28.7,0.0,22.4,21.56,18,961.0,82,1.9,Abuja
2025-01-27,34.5,24.0,29.0,0.0,21.0,21.15,18,961.0,87,1.9,Abuja
2025-01-28,34.6,23.2,28.6,0.0,22.3,21.67,18,960.9,32,1.6,Abuja
2025-01-29,34.0,23.3,28.4,0.0,22.7,21.88,16,961.2,19,-0.2,Abuja
2025-01-30,34.2,23.2,28.5,0.0,22.0,21.41,16,960.9,52,0.3,Abuja
2025-01-31,35.4,23.0,29.1,0.0,19.5,22.0,17,959.7,40,1.5,Abuja
2025-02-01,35.4,23.7,29.4,0.0,16.1,21.94,19,959.3,62,2.5,Abuja
2025-02-02,35.3,24.0,29.2,0.0,13.1,21.83,23,959.2,21,5.4,Abuja
2025-02-03,35.8,25.6,30.6,0.0,17.0,21.64,20,958.1,4,4.5,Abuja
2025-02-04,37.2,25.2,30.9,0.0,21.6,22.27,14,957.8,35,-0.2,Abuja
2025-02-05,35.5,23.8,29.7,0.0,16.3,21.97,17,958.6,37,1.5,Abuja
2025-02-06,36.1,25.9,30.5,0.0,19.6,21.75,20,957.9,5,4.0,Abuja
2025-02-07,35.6,26.1,30.5,0.0,18.3,21.81,19,958.2,70,3.4,Abuja
2025-02-08,36.3,25.4,30.7,0.0,17.4,21.93,21,958.8,56,5.8,Abuja
2025-02-09,36.7,25.1,30.7,0.0,16.8,21.99,20,959.0,39,4.8,Abuja
2025-02-10,36.7,25.8,31.2,0.0,21.0,21.95,15,957.1,72,1.6,Abuja
2025-02-11,36.6,26.4,31.0,0.0,25.0,22.53,13,957.5,46,-1.0,Abuja
2025-02-12,36.0,24.4,30.1,0.0,24.0,22.59,16,958.6,60,1.1,Abuja
2025-02-13,35.6,24.2,29.5,0.0,24.5,22.82,16,959.7,38,0.6,Abuja
2025-02-14,35.4,22.3,29.1,0.0,17.0,22.88,16,960.0,26,0.3,Abuja
2025-02-15,36.4,23.5,29.6,0.0,17.0,22.88,14,959.6,60,-0.8,Abuja
2025-02-16,36.1,24.1,30.0,0.0,19.9,23.22,11,958.9,62,-3.8,Abuja
2025-02-17,36.1,25.6,30.5,0.0,20.3,23.1,13,958.5,26,-1.8,Abuja
2025-02-18,36.4,25.1,30.7,0.0,17.2,21.22,14,958.8,79,0.2,Abuja
2025-02-19,34.9,25.3,30.0,0.0,15.4,20.78,22,959.8,81,5.4,Abuja
2025-02-20,36.4,25.8,31.3,0.0,13.5,22.07,24,959.5,47,7.3,Abuja
2025-02-21,36.3,24.5,30.6,0.0,14.9,21.47,32,958.6,42,11.6,Abuja
2025-02-22,35.2,26.1,29.9,0.0,19.3,19.75,46,958.7,93,16.9,Abuja
2025-02-23,35.0,25.3,30.1,0.0,12.2,19.47,46,959.3,87,16.2,Abuja
2025-02-24,36.0,25.4,30.8,0.0,11.6,19.73,40,959.6,94,14.9,Abuja
2025-02-25,35.9,24.9,30.5,0.0,8.3,22.33,31,959.9,53,10.8,Abuja
2025-02-26,35.3,24.3,30.4,0.0,11.7,20.24,40,960.6,100,14.0,Abuja
2025-02-27,35.3,25.8,30.9,0.1,13.3,20.81,36,960.8,85,13.7,Abuja
2025-02-28,37.6,26.1,31.5,0.0,16.5,22.78,18,959.6,44,3.9,Abuja
2025-03-01,37.8,26.5,31.6,0.0,18.2,23.04,16,958.6,55,2.6,Abuja
2025-03-02,39.2,25.7,31.8,0.0,17.6,23.0,21,958.0,69,5.7,Abuja
2025-03-03,38.9,28.4,32.9,0.0,21.6,22.46,20,957.3,71,6.4,Abuja
2025-03-04,38.6,26.1,32.3,0.0,10.6,22.72,30,956.8,33,11.6,Abuja
2025-03-05,37.7,25.8,31.7,0.0,9.3,20.97,38,957.2,71,13.8,Abuja
2025-03-06,36.2,25.1,30.7,0.0,13.5,20.79,46,958.8,71,16.6,Abuja
2025-03-07,35.1,25.3,30.4,0.1,10.8,20.56,54,959.5,59,19.5,Abuja
2025-03-08,38.4,26.8,32.2,0.0,12.7,22.29,32,958.2,97,12.6,Abuja
2025-03-09,38.8,25.3,31.8,0.0,10.5,21.48,42,957.9,76,15.4,Abuja
2025-03-10,34.6,26.2,30.3,0.6,16.4,18.7,54,959.1,86,19.6,Abuja
2025-03-11,35.2,25.4,30.3,0.7,14.7,19.63,55,959.0,45,19.5,Abuja
2025-03-12,37.0,25.6,30.5,0.0,18.4,19.83,53,958.6,74,18.9,Abuja
2025-03-13,37.9,25.4,31.3,0.0,12.1,20.53,45,958.1,100,16.5,Abuja
2025-03-14,35.4,25.0,30.3,0.0,12.7,20.69,54,959.5,68,18.8,Abuja
2025-03-15,37.2,25.6,31.1,0.0,10.5,20.62,46,960.5,93,16.8,Abuja
2025-03-16,38.7,26.0,31.8,0.0,12.4,22.08,37,960.1,70,13.1,Abuja
2025-03-17,36.7,24.7,30.5,0.0,12.2,20.56,44,959.5,76,15.6,Abuja
2025-03-18,36.2,24.8,30.2,0.0,17.2,20.86,48,959.1,90,16.6,Abuja
2025-03-19,35.2,24.7,30.2,0.0,11.9,20.24,48,960.1,67,16.9,Abuja
2025-03-20,35.0,24.7,29.9,0.1,11.8,20.9,53,961.5,73,18.5,Abuja
2025-03-21,36.8,24.7,30.2,0.1,18.1,21.24,52,961.3,68,18.3,Abuja
2025-03-22,37.7,25.5,30.6,0.0,16.0,16.02,47,960.6,99,16.3,Abuja
2025-03-23,37.7,25.1,30.9,0.0,11.4,22.36,42,959.9,61,14.3,Abuja
2025-03-24,36.0,24.9,30.3,0.0,12.1,22.28,45,960.7,34,15.8,Abuja
2025-03-25,37.0,26.0,31.4,0.0,16.6,22.18,41,960.0,23,15.9,Abuja
2025-03-26,36.4,26.0,30.5,0.0,19.9,22.12,51,958.8,97,18.0,Abuja
2025-03-27,34.5,24.4,29.4,0.0,12.1,19.09,57,958.5,100,19.0,Abuja
2025-03-28,35.2,25.1,30.5,0.0,12.3,21.18,50,958.2,43,17.9,Abuja
2025-03-29,36.4,25.4,31.2,0.1,8.6,21.98,48,957.5,33,18.0,Abuja
2025-03-30,34.7,25.0,29.9,0.2,20.4,21.72,59,957.9,67,20.2,Abuja
2025-03-31,35.5,24.4,30.1,0.0,15.5,21.1,59,958.0,90,20.3,Abuja
2025-04-01,34.0,24.8,28.7,3.6,13.3,18.83,65,958.3,81,21.0,Abuja
2025-04-02,34.1,24.8,27.6,7.1,12.6,15.9,70,958.7,99,21.3,Abuja
2025-04-03,34.1,23.3,28.2,0.0,12.9,22.83,67,959.6,64,20.5,Abuja
2025-04-04,36.3,24.9,30.3,0.0,7.4,23.55,51,959.8,53,17.8,Abuja
2025-04-05,35.5,24.7,30.3,0.0,9.7,22.88,52,959.6,58,18.7,Abuja
2025-04-06,35.7,24.8,30.2,0.0,11.7,20.88,54,959.2,91,18.6,Abuja
2025-04-07,37.4,25.5,31.2,0.0,11.2,22.38,49,958.9,77,17.9,Abuja
2025-04-08,36.0,25.9,30.3,0.3,19.5,22.56,56,960.9,80,19.9,Abuja
2025-04-09,33.6,23.4,28.3,2.6,15.2,19.03,66,961.5,93,20.7,Abuja
2025-04-10,33.6,25.0,28.4,0.1,11.7,18.3,65,960.0,97,20.9,Abuja
2025-04-11,34.1,24.2,27.4,13.0,11.6,18.87,71,959.5,76,21.3,Abuja
2025-04-12,32.2,23.8,27.7,0.0,12.0,21.91,69,959.8,89,21.1,Abuja
2025-04-13,33.9,23.5,28.8,0.0,8.2,23.99,56,959.5,40,18.4,Abuja
2025-04-14,34.0,24.4,29.3,0.0,6.6,22.87,61,959.6,82,20.4,Abuja
2025-04-15,34.1,24.2,29.2,0.0,10.0,21.99,61,959.9,74,20.0,Abuja
2025-04-16,35.3,24.4,28.8,0.5,15.3,22.14,64,960.5,61,20.5,Abuja
2025-04-17,32.8,23.6,27.9,0.3,12.5,18.89,69,960.9,75,21.1,Abuja
2025-04-18,35.3,24.6,29.7,0.0,8.9,21.29,58,959.3,82,19.8,Abuja
2025-04-19,34.0,25.0,28.8,0.0,15.0,21.0,65,958.8,24,21.0,Abuja
2025-04-20,34.6,24.3,29.5,0.0,9.8,22.12,60,958.2,46,20.2,Abuja
2025-04-21,36.2,24.9,30.3,0.0,13.9,22.8,54,957.4,41,18.9,Abuja
2025-04-22,33.9,25.2,28.7,2.7,14.7,18.54,64,958.4,93,21.0,Abuja
2025-04-23,33.6,23.5,28.1,0.4,14.9,21.86,66,959.0,83,20.7,Abuja
2025-04-24,35.2,24.8,29.6,0.0,10.1,21.6,62,958.6,93,20.6,Abuja
2025-04-25,35.1,25.7,30.0,0.0,11.5,20.37,58,957.5,100,20.4,Abuja
2025-04-26,33.6,25.2,27.5,2.8,14.5,14.93,75,959.1,96,22.4,Abuja
2025-04-27,33.9,24.3,28.0,0.5,15.1,21.99,70,958.8,79,21.4,Abuja
2025-04-28,31.6,23.8,27.5,2.7,14.5,19.94,73,959.0,91,21.9,Abuja
2025-04-29,30.1,22.7,25.7,16.1,16.3,9.85,79,958.3,93,21.4,Abuja
2025-04-30,32.9,23.8,27.7,0.1,9.4,23.22,69,957.7,70,21.1,Abuja
2025-05-01,30.6,22.9,26.7,0.0,11.4,18.53,73,959.4,98,21.2,Abuja
2025-05-02,29.8,23.8,26.0,7.4,11.1,13.94,79,960.5,99,21.8,Abuja
2025-05-03,31.4,22.6,26.9,0.0,7.6,21.43,74,960.9,100,21.5,Abuja
2025-05-04,32.7,23.9,27.8,0.1,7.2,22.29,67,960.3,65,20.8,Abuja
2025-05-05,34.5,25.0,29.0,0.0,7.4,22.87,62,960.2,8,20.2,Abuja
2025-05-06,34.6,24.8,29.1,0.0,9.0,22.92,63,960.5,58,20.7,Abuja
2025-05-07,34.5,24.5,29.2,0.8,21.2,22.15,63,960.5,41,20.9,Abuja
2025-05-08,34.4,24.0,29.1,0.0,12.4,23.21,59,959.8,56,19.7,Abuja
2025-05-09,34.1,24.4,29.0,0.2,14.0,22.17,62,959.8,46,20.4,Abuja
2025-05-10,32.9,23.8,28.1,0.0,12.2,22.5,66,962.0,83,20.6,Abuja
2025-05-11,32.9,24.6,28.2,0.5,13.2,22.93,67,962.8,41,21.2,Abuja
2025-05-12,34.1,25.3,28.1,9.0,9.4,21.37,70,961.3,65,21.7,Abuja
2025-05-13,31.1,24.3,27.4,0.5,12.7,18.53,74,960.2,36,22.2,Abuja
2025-05-14,32.6,23.5,27.4,0.1,10.6,22.37,72,960.1,66,21.5,Abuja
2025-05-15,31.7,23.3,26.8,0.0,6.9,19.22,74,960.3,77,21.7,Abuja
2025-05-16,31.1,23.9,26.8,1.9,8.6,17.7,76,959.5,82,22.1,Abuja
2025-05-17,29.4,22.9,25.4,18.0,20.2,12.28,82,960.3,100,21.9,Abuja
2025-05-18,29.3,22.9,25.0,0.1,13.0,10.83,81,960.9,90,21.4,Abuja
2025-05-19,31.4,21.4,26.4,0.8,11.9,20.31,75,960.7,63,21.3,Abuja
2025-05-20,27.0,21.2,23.8,15.1,17.5,10.84,83,961.6,88,20.6,Abuja
2025-05-21,31.0,21.2,25.8,0.0,8.5,23.94,77,961.5,24,21.1,Abuja
2025-05-22,32.2,22.8,27.2,0.0,9.2,22.34,72,962.0,39,21.4,Abuja
2025-05-23,32.5,24.6,27.9,0.6,10.3,21.88,70,961.0,28,21.6,Abuja
2025-05-24,29.3,22.4,25.7,10.3,14.7,16.32,81,962.2,91,22.1,Abuja
2025-05-25,30.5,22.3,26.3,0.0,11.1,21.84,76,962.8,93,21.4,Abuja
2025-05-26,30.8,23.2,26.8,0.0,13.6,20.19,74,962.6,58,21.5,Abuja
2025-05-27,29.4,21.8,25.5,6.2,22.2,11.34,80,962.2,85,21.6,Abuja
2025-05-28,31.3,23.1,26.2,2.5,10.7,20.99,79,963.1,63,22.2,Abuja
2025-05-29,27.8,21.8,24.6,1.9,9.0,12.51,85,964.1,85,21.9,Abuja
2025-05-30,30.6,22.5,25.7,1.3,11.8,19.55,82,963.6,79,22.2,Abuja
2025-05-31,31.0,23.4,27.1,0.1,9.4,22.63,75,962.3,56,22.2,Abuja
2025-06-01,30.9,23.3,26.8,0.1,12.9,18.38,76,962.3,70,22.1,Abuja
2025-06-02,30.7,22.1,26.4,0.7,8.1,23.44,76,962.8,38,21.6,Abuja
2025-06-03,26.2,21.7,24.2,3.8,9.6,10.74,83,963.2,93,21.1,Abuja
2025-06-04,28.9,21.5,24.8,1.1,11.2,18.74,79,963.5,97,20.8,Abuja
2025-06-05,30.5,23.0,25.3,7.6,10.9,21.14,82,963.3,70,21.8,Abuja
2025-06-06,29.4,22.4,25.5,5.7,9.7,18.77,81,963.0,58,21.8,Abuja
2025-06-07,28.5,21.2,24.3,0.4,8.5,16.3,84,962.8,66,21.2,Abuja
2025-06-08,30.0,23.0,26.1,0.1,10.5,22.15,75,962.7,57,21.1,Abuja
2025-06-09,30.1,23.0,26.2,0.2,9.8,22.62,77,962.1,65,21.7,Abuja
2025-06-10,30.6,23.4,26.4,1.7,9.9,19.21,80,961.5,89,22.4,Abuja
2025-06-11,29.9,22.8,25.5,0.0,9.4,17.61,79,960.9,69,21.4,Abuja
2025-06-12,30.7,22.2,26.0,0.2,7.8,22.38,77,961.1,83,21.4,Abuja
2025-06-13,30.4,23.9,26.3,0.0,7.5,18.04,78,961.4,73,22.0,Abuja
2025-06-14,27.1,22.3,24.3,2.8,10.7,11.61,86,963.1,99,21.7,Abuja
2025-06-15,29.1,21.1,25.2,0.1,10.7,21.2,78,963.7,85,20.9,Abuja
2025-06-16,29.1,22.3,25.1,10.7,13.0,16.89,81,963.3,93,21.5,Abuja
2025-06-17,28.8,21.6,24.6,4.6,9.6,17.69,82,964.0,96,21.1,Abuja
2025-06-18,27.7,21.5,24.6,1.9,8.2,14.9,79,964.1,90,20.5,Abuja
2025-06-19,28.4,22.5,25.2,0.0,10.1,14.42,79,963.7,62,21.3,Abuja
2025-06-20,29.0,21.8,24.5,14.2,13.7,15.79,84,963.6,83,21.4,Abuja
2025-06-21,29.2,21.9,24.6,24.1,11.1,17.21,83,963.0,91,21.3,Abuja
2025-06-22,28.6,21.5,24.9,0.6,10.2,19.63,84,962.6,61,21.9,Abuja
2025-06-23,27.9,21.2,24.6,6.6,13.2,15.7,82,962.1,83,21.3,Abuja
2025-06-24,29.5,22.9,25.1,2.2,10.1,16.47,82,961.4,95,21.6,Abuja
2025-06-25,30.5,23.1,26.1,0.3,6.4,21.55,80,961.9,68,22.1,Abuja
2025-06-26,27.4,23.3,24.7,0.6,8.3,9.95,83,962.2,100,21.6,Abuja
2025-06-27,28.6,21.6,25.0,0.0,9.7,18.57,79,963.0,95,21.0,Abuja
2025-06-28,29.0,22.6,25.7,0.2,11.2,18.57,76,962.4,54,20.9,Abuja
2025-06-29,28.4,22.4,25.1,1.1,13.4,17.16,81,961.9,99,21.4,Abuja
2025-06-30,27.6,21.9,24.2,3.4,14.0,14.59,85,961.8,95,21.4,Abuja
2025-07-01,25.9,20.7,22.6,13.9,11.1,11.57,91,963.2,98,20.9,Abuja
2025-07-02,27.3,20.7,23.5,14.0,11.6,17.93,88,963.2,93,21.1,Abuja
2025-07-03,27.4,21.0,23.3,14.0,9.6,16.32,89,963.3,95,21.2,Abuja
2025-07-04,26.1,21.4,23.2,3.1,11.8,12.29,87,963.7,98,20.8,Abuja
2025-07-05,27.4,21.2,23.5,6.7,8.7,18.89,87,963.5,94,21.0,Abuja
2025-07-06,26.0,20.9,23.0,8.7,12.4,14.26,90,963.2,82,21.1,Abuja
2025-07-07,26.9,20.9,23.1,4.1,8.9,14.91,89,963.5,99,21.1,Abuja
2025-07-08,27.1,21.3,23.2,16.1,8.7,16.4,89,963.8,95,21.2,Abuja
2025-07-09,28.0,21.1,23.5,2.8,15.4,19.21,87,964.6,87,20.9,Abuja
2025-07-10,27.5,20.9,23.4,2.9,12.9,18.07,88,964.1,74,21.1,Abuja
2025-07-11,27.2,21.2,23.1,1.8,13.4,13.56,88,962.8,95,20.9,Abuja
2025-07-12,25.7,20.1,22.3,18.2,16.5,12.81,91,962.8,95,20.6,Abuja
2025-07-13,24.6,20.3,22.2,5.4,13.8,13.32,89,965.4,98,20.3,Abuja
2025-07-14,27.7,21.5,24.2,0.9,9.8,17.72,81,965.6,85,20.4,Abuja
2025-07-15,27.7,21.3,24.2,4.1,16.2,20.95,82,963.9,75,20.7,Abuja
2025-07-16,27.5,20.6,23.5,4.2,15.5,16.69,86,963.1,84,20.9,Abuja
2025-07-17,26.0,21.1,22.8,3.6,13.9,14.86,87,964.5,81,20.5,Abuja
2025-07-18,27.9,20.7,23.7,2.0,10.2,18.75,84,964.9,78,20.6,Abuja
2025-07-19,28.0,22.2,24.4,7.0,9.9,17.29,82,963.6,98,20.9,Abuja
2025-07-20,28.2,21.4,23.8,3.9,15.5,16.39,87,962.2,77,21.4,Abuja
2025-07-21,25.7,21.3,22.7,8.8,12.8,9.66,92,962.2,98,21.3,Abuja
2025-07-22,23.8,20.4,21.9,19.4,11.6,8.69,94,962.7,100,20.9,Abuja
2025-07-23,26.3,20.8,22.9,2.2,11.2,15.71,91,962.6,89,21.2,Abuja
2025-07-24,26.5,21.0,22.9,5.9,12.8,12.35,89,963.2,91,20.9,Abuja
2025-07-25,27.6,20.4,22.9,7.9,11.3,14.31,89,963.1,100,20.8,Abuja
2025-07-26,24.1,21.0,22.1,12.7,12.6,8.2,94,963.2,84,21.1,Abuja
2025-07-27,24.7,20.6,22.5,6.8,13.3,10.16,91,964.0,97,21.0,Abuja
2025-07-28,25.5,20.5,22.8,9.2,9.1,12.99,89,963.7,84,20.9,Abuja
2025-07-29,27.7,21.2,23.8,1.5,10.1,19.6,88,963.5,93,21.5,Abuja
2025-07-30,27.9,21.2,23.9,6.3,10.2,18.32,89,963.7,100,21.8,Abuja
2025-07-31,24.2,20.8,21.9,26.9,10.9,6.49,95,964.5,99,21.1,Abuja
2025-08-01,24.1,20.8,22.0,11.8,13.1,8.88,93,965.0,96,20.8,Abuja
2025-08-02,27.5,21.0,23.4,5.6,12.2,12.91,89,963.7,99,21.4,Abuja
2025-08-03,25.9,20.3,22.5,12.3,12.0,14.49,91,962.9,93,20.8,Abuja
2025-08-04,26.8,20.5,22.7,3.3,16.6,18.01,89,963.6,86,20.7,Abuja
2025-08-05,24.7,20.6,22.1,12.4,15.8,11.06,92,964.8,96,20.7,Abuja
2025-08-06,24.7,20.9,21.9,11.1,13.0,9.65,95,962.8,100,21.0,Abuja
2025-08-07,25.9,20.9,22.8,11.3,10.4,12.58,91,961.1,100,21.2,Abuja
2025-08-08,24.4,20.1,22.2,6.9,11.4,11.71,91,961.7,95,20.6,Abuja
2025-08-09,25.2,20.9,22.5,14.5,12.6,12.96,91,962.7,99,20.9,Abuja
2025-08-10,26.9,20.1,23.1,18.9,11.6,16.42,87,962.1,88,20.8,Abuja
2025-08-11,25.9,21.8,23.5,4.7,9.5,14.62,87,961.8,99,21.3,Abuja
2025-08-12,25.4,20.3,22.3,10.1,13.1,13.71,91,962.4,97,20.7,Abuja
2025-08-13,25.3,21.0,23.0,2.6,13.0,15.0,90,963.2,99,21.2,Abuja
2025-08-14,25.3,21.0,22.1,9.7,13.7,8.46,92,963.9,97,20.7,Abuja
2025-08-15,23.9,20.5,21.4,11.9,11.7,8.95,95,964.2,100,20.4,Abuja
2025-08-16,26.1,20.1,22.6,3.7,14.6,18.09,87,962.6,91,20.3,Abuja
2025-08-17,25.1,20.8,22.4,4.9,11.7,11.39,89,962.3,100,20.5,Abuja
2025-08-18,26.7,20.5,22.7,3.6,13.1,15.36,86,963.4,68,20.1,Abuja
2025-08-19,28.0,20.7,24.0,0.5,10.9,22.09,81,963.2,46,20.4,Abuja
2025-08-20,26.8,21.2,22.9,12.2,9.8,15.55,89,963.0,83,21.0,Abuja
2025-08-21,25.3,21.1,23.0,4.4,11.1,13.91,89,962.4,95,21.1,Abuja
2025-08-22,26.0,20.9,22.8,11.1,13.8,13.84,90,962.4,95,21.0,Abuja
2025-08-23,26.0,21.2,23.2,4.9,12.9,16.86,88,961.8,91,21.0,Abuja
2025-08-24,25.2,20.6,22.5,2.4,12.4,9.95,90,962.7,100,20.7,Abuja
2025-08-25,26.4,21.1,23.3,1.2,9.0,12.6,88,963.5,100,21.1,Abuja
2025-08-26,22.8,20.3,21.5,23.4,12.7,5.45,95,963.4,100,20.7,Abuja
2025-08-27,26.5,20.6,23.1,3.1,12.0,17.7,87,964.6,74,20.6,Abuja
2025-08-28,27.8,21.4,24.0,3.3,13.1,22.19,84,963.0,66,21.1,Abuja
2025-08-29,25.6,20.8,22.5,14.6,13.0,13.34,92,962.1,97,21.1,Abuja
2025-08-30,24.9,20.6,22.0,8.7,18.1,12.69,93,963.1,89,20.8,Abuja
2025-08-31,27.3,20.4,23.5,1.7,11.3,21.42,84,964.1,51,20.4,Abuja
2025-09-01,27.9,20.9,24.2,0.8,9.7,22.49,82,963.0,47,20.8,Abuja
2025-09-02,27.1,22.1,24.0,2.4,11.8,16.34,84,961.9,96,21.2,Abuja
2025-09-03,25.5,21.1,22.8,4.5,12.0,11.56,90,962.2,94,20.9,Abuja
2025-09-04,25.0,20.6,22.8,1.4,9.4,10.11,90,962.4,98,21.0,Abuja
2025-09-05,25.9,20.9,22.8,7.5,11.7,9.29,88,962.4,94,20.7,Abuja
2025-09-06,27.6,20.7,24.1,0.7,8.7,22.42,84,962.6,62,21.1,Abuja
2025-09-07,29.4,22.6,25.2,0.6,10.5,21.61,80,962.7,81,21.4,Abuja
2025-09-08,26.2,21.1,23.5,3.8,12.8,10.81,88,962.6,96,21.4,Abuja
2025-09-09,25.8,20.8,22.9,7.7,10.7,13.47,88,963.2,92,20.7,Abuja
2025-09-10,28.3,21.9,24.3,1.5,8.0,18.24,83,963.7,98,21.1,Abuja
2025-09-11,26.0,21.9,23.6,2.6,10.0,14.07,87,963.6,98,21.2,Abuja
2025-09-12,28.1,21.2,23.6,2.1,12.7,20.73,88,962.6,81,21.3,Abuja
2025-09-13,26.9,20.9,23.5,2.8,7.4,17.13,86,963.5,89,20.9,Abuja
2025-09-14,27.9,21.4,23.7,3.1,9.4,15.61,85,962.6,72,20.9,Abuja
2025-09-15,27.4,21.1,23.4,3.6,9.1,14.35,86,961.4,88,20.9,Abuja
2025-09-16,28.1,20.7,23.8,10.3,9.9,20.25,87,962.1,92,21.5,Abuja
2025-09-17,29.4,21.9,25.0,1.3,8.0,22.39,82,961.6,93,21.6,Abuja
2025-09-18,29.1,21.0,24.4,8.1,6.8,18.82,84,961.4,66,21.3,Abuja
2025-09-19,28.4,21.2,24.1,2.2,9.6,18.48,85,962.0,96,21.3,Abuja
2025-09-20,26.3,21.7,23.8,0.2,9.3,9.96,85,962.2,92,21.1,Abuja
2025-09-21,28.9,22.2,24.3,8.3,12.1,17.46,84,961.9,96,21.2,Abuja
2025-09-22,28.9,21.5,24.1,10.1,11.2,16.58,87,962.0,98,21.7,Abuja
2025-09-23,26.8,22.0,23.5,2.6,10.4,11.21,90,962.9,100,21.6,Abuja
2025-09-24,26.6,21.7,23.3,3.1,11.6,16.59,88,964.1,88,21.2,Abuja
2025-09-25,27.1,20.4,23.4,9.4,12.2,19.35,86,963.5,82,20.7,Abuja
2025-09-26,28.5,20.7,24.4,1.8,7.1,19.89,83,962.0,76,21.0,Abuja
2025-09-27,29.6,21.9,25.2,1.7,6.5,20.18,82,961.7,78,21.7,Abuja
2025-09-28,28.7,21.4,24.0,5.7,8.2,13.94,88,962.1,99,21.8,Abuja
2025-09-29,28.4,21.2,24.2,1.3,5.6,16.93,85,962.3,80,21.4,Abuja
2025-09-30,29.8,21.6,25.0,1.2,9.6,19.76,83,962.0,83,21.7,Abuja
2025-10-01,29.2,21.0,23.9,7.5,10.6,20.51,86,962.2,91,21.2,Abuja
2025-10-02,25.4,20.4,22.9,6.2,11.2,10.17,89,963.0,89,20.9,Abuja
2025-10-03,29.5,22.2,24.8,2.3,14.2,20.4,83,962.1,57,21.5,Abuja
2025-10-04,29.7,22.1,25.5,3.1,9.9,21.2,80,961.2,41,21.6,Abuja
2025-10-05,27.8,20.7,23.4,13.7,15.5,14.14,88,961.7,80,21.1,Abuja
2025-10-06,28.5,20.6,23.4,24.9,14.2,17.77,86,962.1,86,20.7,Abuja
2025-10-07,27.3,21.0,23.2,9.5,16.6,14.73,87,961.9,70,20.8,Abuja
2025-10-08,28.7,21.0,24.4,0.1,12.1,19.77,81,961.9,42,20.6,Abuja
2025-10-09,28.9,21.4,25.1,0.3,8.5,20.54,78,961.9,82,20.8,Abuja
2025-10-10,28.3,22.0,24.3,2.2,13.6,11.82,83,961.8,98,21.1,Abuja
2025-10-11,29.8,21.6,24.4,5.7,12.4,19.83,85,960.7,88,21.5,Abuja
2025-10-12,27.8,20.8,23.1,3.0,15.2,13.16,86,960.6,98,20.5,Abuja
2025-10-13,29.2,21.8,24.1,6.5,10.9,19.7,85,960.3,75,21.2,Abuja
2025-10-14,29.0,21.5,24.6,0.1,11.7,16.88,80,961.4,85,20.6,Abuja
2025-10-15,28.6,22.1,23.9,20.8,15.4,15.75,84,961.2,89,21.1,Abuja
2025-10-16,28.5,21.7,24.5,1.0,8.3,19.4,81,960.7,74,20.9,Abuja
2025-10-17,30.8,21.6,25.0,12.2,5.8,21.16,82,960.7,52,21.4,Abuja
2025-10-18,32.1,21.8,26.1,0.2,8.8,21.95,77,961.2,62,21.3,Abuja
2025-10-19,32.7,22.3,27.0,0.0,7.8,22.59,72,961.4,37,20.7,Abuja
2025-10-20,29.5,21.2,25.4,1.0,11.7,19.02,78,961.4,94,21.1,Abuja
2025-10-21,32.5,21.8,26.5,0.0,12.0,22.49,74,960.6,32,21.0,Abuja
2025-10-22,32.0,23.2,27.0,0.1,6.5,22.08,72,960.9,28,20.9,Abuja
2025-10-23,31.1,21.8,26.4,0.1,6.4,19.98,73,961.4,91,20.8,Abuja
2025-10-24,30.8,21.4,25.7,0.4,9.5,19.98,78,962.1,46,21.2,Abuja
2025-10-25,31.6,22.3,26.4,0.1,11.6,21.33,73,962.0,55,20.6,Abuja
2025-10-26,32.5,22.5,26.8,0.3,12.8,21.82,72,961.1,14,20.9,Abuja
2025-10-27,33.9,22.6,27.3,0.0,14.3,22.6,68,960.5,25,20.2,Abuja
2025-10-28,31.0,22.5,26.2,1.0,10.8,15.69,74,960.8,88,21.1,Abuja
2025-10-29,32.5,22.0,27.0,0.0,12.6,21.37,69,961.6,66,20.1,Abuja
2025-10-30,33.3,22.7,27.2,0.0,5.7,19.9,69,961.4,82,19.9,Abuja
2025-10-31,33.2,22.9,27.4,0.0,12.3,21.49,64,961.8,61,18.8,Abuja
2025-11-01,33.3,22.5,27.1,1.3,6.7,21.66,65,961.9,59,18.7,Abuja
2025-11-02,32.5,22.3,27.1,0.0,6.4,22.38,61,961.3,10,17.9,Abuja
2025-11-03,32.1,22.6,27.1,0.0,8.6,20.91,65,961.7,80,19.5,Abuja
2025-11-04,33.5,22.5,26.9,0.1,11.3,20.38,70,962.3,82,20.0,Abuja
2025-11-05,33.4,25.1,28.2,0.2,9.9,20.02,66,961.9,86,20.4,Abuja
2025-11-06,33.3,22.9,27.4,0.0,9.6,20.95,66,960.8,85,19.4,Abuja
2025-11-07,32.7,22.7,27.1,0.0,7.9,21.05,71,960.7,89,20.4,Abuja
2025-11-08,33.0,23.1,27.5,0.0,9.6,21.28,64,961.1,51,19.2,Abuja
2025-11-09,32.7,23.0,27.2,0.0,11.5,21.59,56,961.4,59,17.3,Abuja
2025-11-10,33.5,23.2,27.7,0.0,11.5,21.33,61,961.1,53,18.7,Abuja
2025-11-11,33.7,23.1,27.9,0.0,12.6,22.08,56,960.1,59,16.9,Abuja
2025-11-12,33.3,22.5,27.4,0.0,10.9,21.75,58,960.3,83,16.9,Abuja
2025-11-13,32.1,21.8,26.5,0.0,6.4,20.17,64,962.3,95,18.5,Abuja
2025-11-14,33.9,22.8,27.6,0.0,7.4,21.36,56,962.4,41,16.9,Abuja
2025-11-15,33.7,22.4,27.7,0.0,17.1,22.35,49,961.3,27,14.8,Abuja
2025-11-16,32.5,23.4,27.2,0.0,16.7,22.33,41,961.2,32,12.4,Abuja
2025-11-17,32.6,21.4,26.7,0.0,11.2,22.24,41,961.7,14,11.6,Abuja
2025-11-18,33.3,22.3,27.4,0.0,11.4,21.79,43,960.6,43,13.0,Abuja
2025-11-19,34.0,22.1,27.8,0.0,10.6,21.8,44,960.1,24,13.7,Abuja
2025-11-20,34.9,22.6,28.4,0.0,11.2,21.78,47,960.1,25,15.2,Abuja
2025-11-21,34.0,24.1,27.9,0.0,8.3,19.87,53,960.6,83,16.7,Abuja
2025-11-22,34.4,23.7,28.1,0.0,10.0,19.81,50,960.9,85,15.6,Abuja
2025-11-23,34.5,23.1,28.1,0.0,11.5,21.28,49,961.3,91,15.1,Abuja
2025-11-24,33.9,23.0,28.2,0.0,13.1,21.47,33,961.0,52,9.6,Abuja
2025-11-25,35.0,23.0,28.6,0.0,13.0,21.79,36,959.9,0,10.3,Abuja
2025-11-26,35.4,22.5,28.6,0.0,13.2,21.57,34,959.4,0,10.3,Abuja
2025-11-27,36.4,23.9,29.3,0.0,12.7,21.01,40,959.5,14,13.4,Abuja
2025-11-28,35.9,23.9,29.6,0.0,15.6,20.84,43,959.8,47,14.5,Abuja
2025-11-29,34.7,23.1,28.3,0.0,15.6,20.0,52,958.3,15,16.5,Abuja
2025-11-30,35.7,23.6,29.2,0.0,13.2,21.37,38,957.8,29,12.3,Abuja
2025-12-01,35.0,23.1,29.1,0.0,12.0,21.35,32,957.6,2,10.0,Abuja
2025-12-02,34.4,23.7,28.5,0.0,12.0,19.48,46,957.7,21,15.3,Abuja
2025-12-03,36.9,23.1,29.2,0.0,12.3,19.02,40,958.1,18,13.6,Abuja
2025-12-04,33.8,22.6,28.5,0.0,13.9,19.04,54,959.5,63,17.7,Abuja
2025-12-05,33.7,23.1,28.4,0.0,10.6,18.36,56,960.0,38,18.1,Abuja
2025-12-06,34.7,22.2,28.8,0.0,10.0,19.97,47,959.8,56,15.6,Abuja
2025-12-07,34.1,24.6,29.0,0.0,14.9,20.41,42,960.0,95,13.9,Abuja
2025-12-08,33.9,23.0,28.6,0.0,15.7,20.75,36,961.0,61,11.1,Abuja
2025-12-09,33.5,23.7,28.3,0.0,16.8,20.52,30,961.9,94,8.9,Abuja
2025-12-10,33.3,22.3,27.7,0.0,14.5,20.02,35,961.3,83,10.7,Abuja
2025-12-11,33.1,23.4,28.0,0.0,13.3,20.46,35,960.7,92,10.9,Abuja
2025-12-12,34.5,23.6,28.8,0.0,14.0,20.7,32,959.9,43,10.0,Abuja
2025-12-13,35.3,24.0,29.4,0.0,12.4,20.53,35,959.2,47,11.4,Abuja
2025-12-14,35.3,24.2,29.6,0.0,15.7,20.58,28,959.2,39,8.5,Abuja
2025-12-15,35.0,23.9,29.7,0.0,19.6,20.79,23,959.6,63,6.0,Abuja
2025-12-16,33.6,23.3,27.9,0.0,17.4,20.87,26,959.7,49,6.3,Abuja
2025-12-17,33.7,22.5,28.0,0.0,19.5,20.98,25,959.5,60,5.7,Abuja
2025-12-18,32.8,20.8,27.5,0.0,13.5,20.78,28,960.8,62,6.6,Abuja
2025-12-19,35.2,23.5,28.9,0.0,9.9,20.46,28,960.4,24,8.1,Abuja
2025-12-20,35.0,23.8,29.4,0.0,14.3,20.55,25,959.1,21,6.8,Abuja
2025-12-21,34.9,24.4,29.5,0.0,14.5,20.47,26,958.1,61,7.5,Abuja
2025-12-22,33.3,23.6,28.4,0.0,9.1,18.6,43,958.6,52,14.4,Abuja
2025-12-23,35.0,23.6,29.3,0.0,8.6,19.9,39,959.1,63,13.4,Abuja
2025-12-24,33.4,24.0,29.0,0.0,9.3,18.32,44,959.8,66,15.0,Abuja
2025-12-25,35.6,23.3,29.0,0.0,9.8,18.18,52,959.9,42,17.1,Abuja
2025-12-26,36.1,24.0,29.7,0.0,8.8,19.36,43,960.1,58,14.4,Abuja
2025-12-27,35.7,23.1,29.4,0.0,9.8,20.07,34,960.0,98,11.2,Abuja
2025-12-28,36.6,22.7,29.3,0.0,14.2,20.23,33,960.3,84,10.5,Abuja
2025-12-29,36.1,23.9,29.6,0.0,10.7,19.32,38,961.5,9,13.0,Abuja
2025-12-30,36.2,23.1,29.4,0.0,14.2,19.29,46,962.0,17,15.2,Abuja
2025-12-31,37.0,24.4,30.5,0.0,12.5,18.99,38,961.2,21,12.0,Abuja
2026-01-01,37.0,24.1,30.3,0.0,12.1,20.42,25,959.4,58,6.8,Abuja
2026-01-02,36.7,23.8,29.8,0.0,15.6,20.4,31,960.1,63,9.7,Abuja
2026-01-03,35.3,22.9,28.6,0.0,8.5,19.01,42,961.2,49,13.1,Abuja
2026-01-04,36.0,24.7,30.1,0.0,16.8,20.6,22,961.1,29,5.4,Abuja
2026-01-05,36.8,25.4,30.5,0.0,19.1,20.78,15,960.5,27,0.8,Abuja
2026-01-06,35.8,23.9,29.1,0.0,20.5,20.83,20,959.7,37,3.4,Abuja
2026-01-07,34.1,21.4,28.2,0.0,9.1,20.42,34,960.3,60,10.5,Abuja
2026-01-08,35.6,23.1,29.1,0.0,6.9,18.97,41,961.6,47,13.8,Abuja
2026-01-09,35.7,25.5,29.8,0.0,23.2,20.79,18,961.3,36,2.6,Abuja
2026-01-10,34.2,23.2,28.5,0.0,20.3,21.24,18,960.4,5,1.2,Abuja
2026-01-11,34.1,22.6,28.3,0.0,20.2,20.84,22,960.4,70,4.2,Abuja
2026-01-12,34.8,22.0,28.4,0.0,19.6,21.04,21,960.2,16,3.7,Abuja
2026-01-13,35.3,23.7,29.1,0.0,21.2,20.77,18,959.5,51,2.2,Abuja
2026-01-14,35.2,23.6,29.2,0.0,17.8,20.35,19,959.5,87,2.6,Abuja
2026-01-15,34.5,21.7,28.3,0.0,15.1,20.61,25,960.1,62,5.6,Abuja
2026-01-16,35.8,23.2,29.2,0.0,11.8,20.84,25,960.2,47,5.9,Abuja
2026-01-17,35.7,23.3,29.2,0.0,10.7,20.78,24,958.9,44,5.7,Abuja
2026-01-18,34.6,24.0,29.0,0.0,10.2,20.21,34,958.4,51,11.5,Abuja
2026-01-19,34.4,22.9,29.2,0.0,9.8,19.74,40,958.2,47,13.7,Abuja
2026-01-20,35.5,23.8,29.9,0.0,11.3,20.36,36,958.3,21,12.1,Abuja
2026-01-21,36.6,23.6,30.0,0.0,14.2,20.78,24,958.6,69,5.9,Abuja
2026-01-22,35.5,23.2,29.4,0.0,18.1,20.36,24,959.7,74,6.5,Abuja
2026-01-23,35.8,25.9,30.6,0.0,18.0,20.48,22,960.3,60,6.5,Abuja
2026-01-24,35.2,24.7,29.6,0.0,12.9,20.8,24,960.9,46,6.5,Abuja
2026-01-25,37.3,22.5,29.8,0.0,16.4,21.1,25,961.0,20,6.8,Abuja
2026-01-26,36.7,26.3,30.9,0.0,19.2,21.07,18,960.6,15,3.9,Abuja
2026-01-27,35.7,24.3,29.8,0.0,19.6,20.76,16,961.2,62,0.5,Abuja
2026-01-28,35.6,23.4,29.5,0.0,19.5,21.62,14,961.4,46,-1.4,Abuja
2026-01-29,35.7,23.5,29.4,0.0,17.1,21.56,20,961.1,36,3.7,Abuja
2026-01-30,34.8,23.7,29.1,0.0,13.4,21.02,27,961.2,86,7.9,Abuja
2026-01-31,34.9,23.5,29.3,0.0,11.3,20.08,34,961.1,29,11.4,Abuja
2026-02-01,35.0,24.4,29.4,0.0,12.0,19.21,43,960.7,44,15.1,Abuja
2026-02-02,36.5,25.5,30.9,0.0,13.4,20.84,29,959.6,17,10.4,Abuja
2026-02-03,32.3,24.1,28.6,0.0,8.7,11.58,48,960.0,68,16.0,Abuja
2026-02-04,38.4,22.4,29.8,0.0,17.8,20.14,38,960.0,67,9.6,Abuja
2026-02-05,38.1,23.8,30.2,0.0,11.8,21.32,39,959.5,61,12.8,Abuja
2026-02-06,33.4,24.1,29.0,0.0,11.3,19.74,53,961.8,43,17.9,Abuja
2026-02-07,33.4,23.9,28.9,0.0,10.0,19.19,52,962.4,27,17.1,Abuja
2026-02-08,36.5,22.9,29.3,0.0,12.0,21.45,42,960.5,68,13.9,Abuja
2026-02-09,34.0,24.0,29.3,0.0,12.3,19.52,48,960.0,97,16.6,Abuja
2026-02-10,34.0,24.6,29.3,0.0,10.5,17.61,53,960.6,100,17.9,Abuja
2026-02-11,35.6,24.1,30.0,0.0,8.7,20.28,50,961.3,80,17.1,Abuja
2026-02-12,34.6,24.2,29.3,0.3,11.0,18.22,46,962.2,84,15.9,Abuja
2026-02-13,34.7,23.5,28.9,0.0,15.2,14.98,44,960.7,57,14.9,Abuja
2026-02-14,33.6,24.6,29.5,0.0,16.1,14.15,36,959.8,94,11.7,Abuja
2026-02-15,37.1,23.1,30.0,0.0,12.2,21.37,40,960.1,39,13.6,Abuja
2026-02-16,38.4,24.6,31.4,0.0,20.6,22.74,22,960.8,64,3.6,Abuja
2026-02-17,33.5,23.5,29.3,0.0,21.8,21.01,25,960.7,33,6.5,Abuja
2026-02-18,34.9,23.8,29.2,0.0,14.5,22.27,17,960.4,76,1.3,Abuja
2026-02-19,35.2,23.5,29.4,0.0,19.0,22.94,15,960.0,58,-0.6,Abuja
2026-02-20,35.6,24.3,29.6,0.0,19.0,23.12,15,960.9,22,0.2,Abuja
2026-02-21,36.3,24.7,30.1,0.0,16.7,23.06,20,960.7,27,3.6,Abuja
2026-02-22,36.9,25.8,31.0,0.0,17.4,22.81,19,960.0,52,4.2,Abuja
2026-02-23,35.8,26.1,30.5,0.0,23.3,22.27,20,958.7,29,4.6,Abuja
2026-02-24,36.0,25.1,30.4,0.0,20.1,23.01,15,958.8,59,0.3,Abuja
2026-02-25,36.7,24.7,30.2,0.0,21.3,23.21,14,959.2,49,-0.0,Abuja
2026-02-26,35.2,23.1,29.0,0.0,18.7,23.46,21,959.9,48,3.5,Abuja
2026-02-27,35.5,23.4,29.3,0.0,15.7,23.21,16,960.1,83,0.5,Abuja
2026-02-28,35.7,24.0,29.5,0.0,22.5,23.37,14,958.9,64,-1.2,Abuja
2026-03-01,35.0,23.8,29.2,0.0,22.7,23.55,12,958.4,62,-4.1,Abuja
2026-03-02,35.0,23.6,29.0,0.0,13.1,23.72,14,958.9,50,-1.5,Abuja
2026-03-03,35.7,24.6,29.8,0.0,17.3,23.46,15,959.9,65,-0.1,Abuja
2026-03-04,35.3,23.8,29.4,0.0,15.3,23.15,21,960.5,79,4.3,Abuja
2026-03-05,36.4,24.1,30.2,0.0,16.8,23.06,21,960.3,30,4.6,Abuja
2026-03-06,36.4,26.2,31.4,0.0,15.6,23.17,17,958.7,18,3.3,Abuja
2026-03-07,37.6,25.9,31.4,0.0,15.7,23.45,16,957.9,70,2.0,Abuja
2026-03-08,37.8,27.0,31.8,0.0,18.0,23.58,15,957.9,37,1.1,Abuja
2026-03-09,38.0,25.8,31.0,0.0,11.7,22.91,25,958.3,91,7.7,Abuja
2026-03-10,36.2,25.3,31.1,0.0,11.0,21.02,39,958.6,93,15.0,Abuja
2026-03-11,34.7,24.2,29.8,0.0,12.1,20.58,52,959.1,69,18.1,Abuja
2026-03-12,34.7,25.2,29.2,0.4,16.0,20.45,59,959.1,63,19.9,Abuja
2026-03-13,36.6,25.0,30.4,0.0,16.9,20.91,47,957.9,50,16.7,Abuja
2026-03-14,36.4,25.1,30.8,0.0,12.3,21.48,43,957.2,88,15.4,Abuja
2026-03-15,35.9,24.4,30.0,0.0,10.7,22.15,49,958.0,52,16.7,Abuja
2026-03-16,35.1,24.9,29.9,0.0,11.9,21.55,45,958.9,63,15.7,Abuja
2026-03-17,34.6,24.0,29.4,0.0,17.1,21.06,48,959.3,50,16.1,Abuja
2026-03-18,35.0,24.2,29.7,0.0,12.1,21.85,45,959.1,18,15.0,Abuja
2026-03-19,37.0,23.9,30.4,0.0,9.9,22.45,33,958.7,34,10.7,Abuja
2026-03-20,36.8,26.1,31.4,0.0,13.5,21.42,31,957.8,38,11.6,Abuja
2026-03-21,36.9,26.1,31.4,0.0,19.0,22.58,25,957.2,60,8.3,Abuja
2026-03-22,36.0,25.0,30.4,0.0,13.8,22.36,34,957.2,66,12.0,Abuja
2026-03-23,36.1,24.8,30.5,0.0,9.5,21.47,43,957.9,93,15.2,Abuja
2026-03-24,36.3,24.6,30.1,0.0,14.7,21.58,48,958.6,74,16.7,Abuja
2026-03-25,34.8,24.1,29.4,0.1,11.4,21.86,56,958.5,69,18.9,Abuja
2026-03-26,33.4,24.2,28.9,0.0,11.6,20.84,60,958.7,90,19.9,Abuja
2026-03-27,35.8,25.6,30.1,0.0,19.1,20.64,55,958.3,85,19.4,Abuja
2026-03-28,36.6,25.2,30.5,0.2,11.8,21.82,50,958.4,81,18.1,Abuja
2026-03-29,33.3,23.7,28.3,0.0,16.3,18.61,58,958.9,77,18.6,Abuja
2026-03-30,35.2,24.1,28.9,4.7,20.8,22.27,54,958.2,77,17.9,Abuja
2026-03-31,29.5,21.3,24.9,21.5,16.8,10.8,76,959.5,100,20.0,Abuja
2026-04-01,33.3,23.4,27.9,0.0,8.4,19.44,60,958.2,68,18.9,Abuja
2026-04-02,28.9,22.4,25.4,0.7,22.0,14.95,70,960.4,95,19.4,Abuja
2026-04-03,33.2,22.3,27.0,0.0,16.6,19.62,66,961.3,77,19.1,Abuja
2026-04-04,33.0,24.2,27.5,0.8,10.4,19.37,66,962.1,78,20.2,Abuja
2026-04-05,35.3,24.6,29.1,0.6,13.6,20.4,58,960.8,78,19.1,Abuja
2026-04-06,35.3,25.2,29.9,0.4,10.6,22.65,53,960.5,54,18.9,Abuja
2026-04-07,35.0,25.6,30.0,0.2,12.8,19.65,57,960.2,82,20.2,Abuja
2026-04-08,31.8,24.1,27.6,0.6,10.2,14.58,63,960.3,89,19.5,Abuja
2026-04-09,33.8,24.4,28.4,0.2,14.2,19.52,59,960.2,98,18.9,Abuja
2026-04-10,36.6,24.5,29.5,0.0,12.1,23.14,51,959.8,72,16.4,Abuja
2026-04-11,33.9,24.4,29.4,0.0,9.5,22.14,54,959.7,79,18.7,Abuja
2026-04-12,34.1,24.7,29.6,0.0,11.7,22.63,58,958.9,50,20.1,Abuja
2026-04-13,32.3,24.5,28.7,0.0,13.1,14.63,60,957.8,71,19.9,Abuja
2026-04-14,34.2,23.9,29.3,0.0,10.6,22.93,60,958.2,75,20.2,Abuja
2026-04-15,33.8,26.3,29.8,0.4,12.7,22.07,58,958.5,85,20.4,Abuja
2026-04-16,33.0,24.4,28.6,0.0,13.6,21.28,65,957.5,100,20.9,Abuja
2026-04-17,34.5,25.4,29.6,0.0,9.1,21.59,61,956.5,82,20.8,Abuja
2026-04-18,34.3,25.4,29.5,0.0,13.5,20.56,61,956.5,98,20.9,Abuja
2026-04-19,32.3,23.5,27.8,0.0,7.5,19.13,68,957.2,98,21.2,Abuja
2026-04-20,36.8,24.6,29.5,0.0,12.4,22.54,55,956.6,100,18.1,Abuja
2026-04-21,34.2,24.4,28.8,0.0,15.8,23.76,52,957.0,96,17.7,Abuja
2026-04-22,34.0,24.1,29.2,0.0,9.7,22.46,60,957.5,76,20.2,Abuja
2026-04-23,35.7,24.5,29.6,0.0,20.4,22.4,58,956.9,75,19.8,Abuja
2026-04-24,32.7,24.1,28.3,0.9,15.5,22.17,68,958.1,62,21.5,Abuja
2026-04-25,32.5,24.0,27.4,1.5,13.7,20.9,70,959.0,94,21.1,Abuja
2026-04-26,30.6,23.0,26.3,0.8,14.6,16.77,75,960.6,100,21.2,Abuja
2026-04-27,32.5,23.7,27.2,1.0,17.0,19.41,70,960.7,96,20.8,Abuja
2026-04-28,33.7,23.5,27.9,0.3,15.2,21.61,69,959.1,63,21.3,Abuja
2026-04-29,32.4,23.2,27.8,0.0,12.1,22.83,68,959.8,89,20.9,Abuja
2026-04-30,32.0,25.1,27.7,1.3,11.9,20.18,67,961.3,87,20.9,Abuja
2026-05-01,34.9,23.5,28.5,0.0,10.6,23.26,68,959.5,65,21.5,Abuja
2026-05-02,32.8,24.2,28.7,0.0,11.1,23.67,66,959.1,24,21.4,Abuja
2026-05-03,32.9,24.7,28.6,0.3,11.2,22.54,70,959.9,82,22.3,Abuja
2026-05-04,31.7,23.8,27.8,0.0,9.9,19.69,73,960.3,83,22.2,Abuja
2026-05-05,33.2,24.6,28.8,0.0,9.1,23.47,70,959.4,44,22.4,Abuja
2026-05-06,31.7,23.9,27.8,0.2,9.8,21.86,70,958.8,86,21.7,Abuja
2026-05-07,31.5,24.2,27.6,0.7,13.2,19.36,74,959.6,88,22.3,Abuja
2026-05-08,31.6,24.7,27.9,0.0,8.3,21.24,70,959.3,86,21.7,Abuja
2026-05-09,31.4,23.0,27.3,0.3,11.9,20.66,72,960.4,55,21.6,Abuja
2026-05-10,32.0,23.0,27.4,0.0,8.7,22.95,72,960.7,57,21.6,Abuja
2026-05-11,31.7,23.0,27.3,0.8,13.1,21.39,73,960.7,23,21.8,Abuja
2026-05-12,31.6,23.1,27.6,0.6,11.3,21.52,69,961.4,30,21.2,Abuja
2026-05-13,32.7,23.9,28.2,0.6,10.4,23.16,68,960.5,67,21.4,Abuja
2026-05-14,32.7,24.5,28.0,1.4,12.2,21.56,71,959.7,95,22.0,Abuja
2026-05-15,30.2,22.5,25.5,9.2,13.6,19.25,83,960.9,88,22.1,Abuja
2026-05-16,31.7,23.1,27.1,0.0,9.4,20.11,73,960.6,69,21.6,Abuja
2026-05-17,31.4,23.3,26.6,6.5,17.7,21.01,77,961.0,74,22.0,Abuja
2026-05-18,30.8,22.0,25.5,12.1,11.6,13.37,81,961.6,88,21.7,Abuja
2026-05-19,29.9,22.6,26.0,1.6,13.1,15.3,76,962.7,75,21.1,Abuja
2026-05-20,31.2,23.0,26.7,3.4,17.2,20.06,74,962.2,59,21.3,Abuja
2026-05-21,30.4,23.6,27.2,0.9,12.7,20.29,70,961.6,54,21.2,Abuja
2026-05-22,28.5,22.0,24.9,1.5,10.5,12.87,84,962.5,91,21.8,Abuja
2026-05-23,31.3,23.2,26.9,0.4,6.5,22.72,78,962.2,56,22.3,Abuja
2026-05-24,29.6,25.4,26.8,2.1,9.4,19.58,80,961.1,61,23.0,Abuja
2026-05-25,29.1,23.2,25.5,15.8,9.6,13.99,88,962.1,99,23.3,Abuja
2026-05-26,29.8,22.3,25.6,3.2,9.6,18.66,84,962.4,95,22.5,Abuja
2026-05-27,30.5,23.0,25.7,14.3,17.0,20.19,83,961.8,66,22.4,Abuja
2026-05-28,31.0,22.5,26.5,0.0,11.3,23.44,77,961.6,78,21.9,Abuja
2026-05-29,30.7,24.3,27.1,1.2,9.6,21.1,79,961.9,65,23.1,Abuja
2026-05-30,29.1,22.0,25.7,12.8,19.1,12.65,83,961.6,73,22.6,Abuja
2026-05-31,31.4,23.6,27.1,3.4,11.1,21.09,78,960.8,85,22.7,Abuja
2026-06-01,30.0,22.9,26.5,2.1,10.9,18.66,78,961.2,89,22.1,Abuja
2026-06-02,31.9,24.1,27.6,0.6,6.2,23.08,73,961.9,70,22.1,Abuja
2026-06-03,30.2,23.0,25.9,11.2,17.3,18.08,84,962.6,95,22.7,Abuja
2026-06-04,29.8,22.8,26.0,0.0,8.3,18.12,80,962.2,78,22.0,Abuja
2026-06-05,28.7,22.1,24.5,9.5,12.8,16.27,86,961.8,84,21.9,Abuja
2026-06-06,28.2,21.5,24.4,3.6,14.7,16.13,81,962.4,90,20.7,Abuja
2026-06-07,30.3,22.1,25.5,2.4,10.3,16.14,80,964.3,84,21.7,Abuja
2026-06-08,29.3,22.5,25.3,10.9,11.0,16.28,87,963.2,92,22.9,Abuja
2026-06-09,28.3,22.1,24.8,8.1,12.6,12.19,88,962.2,85,22.5,Abuja
2026-06-10,28.6,22.3,25.5,4.5,8.7,17.11,82,962.1,75,22.1,Abuja
2026-06-11,30.4,23.1,26.5,0.1,9.7,23.77,76,961.5,59,21.8,Abuja
2026-06-12,30.4,22.4,25.6,21.8,10.9,18.27,85,962.5,93,22.6,Abuja
2026-06-13,28.1,21.8,24.7,10.3,12.5,14.78,85,963.5,99,21.9,Abuja
2026-06-14,28.6,21.4,24.7,4.0,10.2,17.93,85,963.7,99,21.7,Abuja
2026-06-15,29.1,21.9,25.3,0.2,9.4,17.4,82,963.0,79,21.8,Abuja
2026-06-16,30.3,22.4,26.1,1.6,8.8,21.48,79,963.5,53,21.9,Abuja
2026-06-17,28.3,22.1,25.2,0.0,7.8,13.36,79,963.8,62,21.2,Abuja
2026-06-18,30.2,22.7,26.2,0.8,7.8,21.26,75,962.6,66,21.3,Abuja
2026-06-19,30.4,22.5,25.6,9.2,11.1,22.25,83,960.2,65,22.3,Abuja
2026-06-20,28.1,22.4,24.5,8.4,16.2,20.73,86,960.1,84,22.0,Abuja
2026-06-21,28.2,21.6,24.8,0.9,12.6,17.76,82,962.8,95,21.3,Abuja
2026-06-22,28.2,21.5,24.5,8.4,13.0,17.68,85,963.8,98,21.8,Abuja
2026-06-23,28.2,21.5,24.8,0.2,9.4,15.07,84,963.0,69,21.7,Abuja
2026-06-24,28.8,21.8,25.2,5.0,9.8,19.93,83,963.2,41,21.9,Abuja
2026-06-25,27.4,22.9,24.8,4.9,14.2,14.3,84,964.1,93,21.8,Abuja
2026-06-26,29.0,22.3,25.3,0.0,10.7,16.12,77,963.7,83,20.8,Abuja
2026-06-27,30.1,22.0,26.0,0.6,10.4,19.28,77,963.0,67,21.4,Abuja
2026-06-28,29.7,22.3,25.4,1.8,9.5,17.68,83,962.1,95,22.0,Abuja
2026-06-29,29.2,22.0,24.7,4.0,11.8,17.8,86,962.0,85,22.1,Abuja
2026-06-30,27.8,21.8,24.3,12.8,7.6,16.53,88,963.1,77,22.1,Abuja
